s,rho,L,cyc0,cyc1,cyc2,cyc3,cov1,cov2,cov3,krms,kmax,dq10,dq25,dq50,dq75,dq90
0.000000000000000000e+00,-1.671138957942589487e-01,1.034215694928354168e+01,5.369116309203841864e-02,4.689859350585099534e-02,7.995595872955806038e-02,6.186983324200669154e-02,5.530818688244221182e-01,4.048648380462410157e-01,4.205329312933660246e-02,3.040855414670656565e+00,2.476073242093856308e+01,3.993672142290370930e-01,8.237705908500928542e-01,1.284000245788940564e+00,1.755226256235231874e+00,2.131386643490372101e+00
1.000000000000000021e-02,-9.152258127229158380e-02,1.040790448259138756e+01,6.270099859545338883e-02,5.356794731645958541e-02,5.316014817278073151e-02,3.503588332362286839e-02,5.238976797115941775e-01,4.439879065511279643e-01,3.211441373727782350e-02,2.327842384970702394e+00,1.049694705400778361e+01,4.395752695397627807e-01,8.405514343521263143e-01,1.291034864268379323e+00,1.748097500360953127e+00,2.109565542163163165e+00
2.000000000000000042e-02,-9.049273403922664105e-02,1.041183710458088818e+01,6.159717551122109724e-02,5.347798002632887793e-02,5.257206685439090588e-02,3.471395180282826204e-02,5.234209309814685795e-01,4.444107313730282227e-01,3.216833764550331570e-02,2.322894654183091490e+00,1.043514883502191459e+01,4.395930586918147531e-01,8.432737206630634974e-01,1.290847022627298335e+00,1.749242423148161363e+00,2.109113569202378358e+00
2.999999999999999889e-02,-8.949573837031622736e-02,1.042019928182967448e+01,6.050818292736584447e-02,5.342548499630306313e-02,5.196640526007521854e-02,3.476310321924395985e-02,5.232585202519990375e-01,4.444957922592665533e-01,3.224568748873415935e-02,2.320958439438162380e+00,1.041122637075664237e+01,4.400045040578537958e-01,8.425596920886930796e-01,1.290668870275057944e+00,1.749686919737637458e+00,2.106815769003969052e+00
4.000000000000000083e-02,-8.849457407709919454e-02,1.042920701840217035e+01,5.941344667578164762e-02,5.336973930663753418e-02,5.136623972281001427e-02,3.480239031206390499e-02,5.231351592926906102e-01,4.445377110951359567e-01,3.232712961217396042e-02,2.319624506401401831e+00,1.038421761074275196e+01,4.407640932624169450e-01,8.422575537167160675e-01,1.289829926291858664e+00,1.750755371710470465e+00,2.106244116597133953e+00
5.000000000000000278e-02,-8.749299918925988739e-02,1.043865663309912328e+01,5.831763834592545298e-02,5.330666661113245275e-02,5.076719904565561714e-02,3.479450192334648112e-02,5.230320349347152842e-01,4.445572381470903611e-01,3.241072691819419510e-02,2.318777847760276511e+00,1.035215094871700003e+01,4.414911294258254681e-01,8.408662869414057495e-01,1.288563101841800673e+00,1.752109129501162155e+00,2.106964363197250112e+00
5.999999999999999778e-02,-8.649201549487733898e-02,1.044850337107098071e+01,5.722567996260752993e-02,5.323599969431971890e-02,5.017000902005484125e-02,3.473236308550563256e-02,5.229469672513306078e-01,4.445574671334593941e-01,3.249556561521024789e-02,2.318403240100551432e+00,1.031447298249897138e+01,4.431503009490110889e-01,8.405758866210528701e-01,1.285705826342406155e+00,1.751906696336678948e+00,2.108146855879688975e+00
7.000000000000000666e-02,-8.549249339414195792e-02,1.045872869394580640e+01,5.614248429527150808e-02,5.315772888832761417e-02,4.957554596371121364e-02,3.461625328007579550e-02,5.228790669054147466e-01,4.445397724109279025e-01,3.258116068365759371e-02,2.318496742959751167e+00,1.027094199119598450e+01,4.434032728474990304e-01,8.399510028110767079e-01,1.286247325490038174e+00,1.752702000738860066e+00,2.107403113782849502e+00
8.000000000000000167e-02,-8.449544688235741119e-02,1.046931902560605998e+01,5.507287719555347544e-02,5.307185713167141689e-02,4.898464358651830053e-02,3.444850908464017897e-02,5.228274845338348742e-01,4.445053387312992710e-01,3.266717673486589646e-02,2.319055986010789105e+00,1.022136834866680033e+01,4.449328628852028400e-01,8.420543806254559005e-01,1.286098309740627332e+00,1.752993227606417959e+00,2.106266008833915571e+00
8.999999999999999667e-02,-8.350197972223112608e-02,1.048026175408601901e+01,5.402156629825981271e-02,5.297840060665900963e-02,4.839812460214110157e-02,3.423217576561841252e-02,5.227913790364043800e-01,4.444552703413005568e-01,3.275335062229509792e-02,2.320078389778169381e+00,1.016554950496050758e+01,4.444505523928017343e-01,8.419654660616519015e-01,1.286820874612930821e+00,1.753762141816248787e+00,2.105022609133777145e+00
1.000000000000000056e-01,-8.251319435322460039e-02,1.049154461563927754e+01,5.299310741610283038e-02,5.287739637355919065e-02,4.781679778444178353e-02,3.397059485422258829e-02,5.227699814923518762e-01,4.443905462623131686e-01,3.283947224533463605e-02,2.321560608572127649e+00,1.010324909601597909e+01,4.457312315240924971e-01,8.425978506789568723e-01,1.285915373078974966e+00,1.754219827903944928e+00,2.105193224602073698e+00
1.100000000000000006e-01,-8.153010161233109621e-02,1.050315578664149818e+01,5.199183357888693957e-02,5.276890375880990969e-02,4.724144054611899290e-02,3.366722214626410858e-02,5.227626521876321819e-01,4.443119697569907767e-01,3.292537805537678469e-02,2.323498315876486586e+00,1.003418612696719059e+01,4.463204739599311299e-01,8.421407989532821992e-01,1.283759946813169517e+00,1.754423588891405927e+00,2.105380470266211557e+00
1.199999999999999956e-01,-8.055354202291122034e-02,1.051508409031916003e+01,5.102173430374642299e-02,5.265300134818760164e-02,4.667278150422973781e-02,3.332551624187812117e-02,5.227689207926351500e-01,4.442201333132916319e-01,3.301094589407325974e-02,2.325886174186686528e+00,9.958027329670603223e+00,4.470284373656531196e-01,8.411472867758820193e-01,1.284096444262963210e+00,1.753754573071944822e+00,2.106687441614603973e+00
1.300000000000000044e-01,-7.958412570676798303e-02,1.052731917905178172e+01,5.008628724970637380e-02,5.252978126666463937e-02,4.611148781218937093e-02,3.294886472936951055e-02,5.227885090844495153e-01,4.441154017686126942e-01,3.309608914693766557e-02,2.328717936740841932e+00,9.874382239969731856e+00,4.483681418977618627e-01,8.399387532485197427e-01,1.283970080334209563e+00,1.755377830296508401e+00,2.107661580724045081e+00
1.400000000000000133e-01,-7.862219531965872199e-02,1.053985166648867455e+01,4.918825548979152695e-02,5.239934186424922979e-02,4.555815794420691595e-02,3.254054251846821150e-02,5.228213376972510318e-01,4.439979117538054854e-01,3.318075054894312897e-02,2.331986642917400765e+00,9.782802008350984124e+00,4.503258316061086730e-01,8.399536600026720201e-01,1.282143331700260180e+00,1.754919772669981448e+00,2.107166058106353823e+00
1.499999999999999944e-01,-7.766781348521957506e-02,1.055267321865191654e+01,4.832947229963083929e-02,5.226177957675202934e-02,4.501331886754857126e-02,3.210370088381753195e-02,5.228675195548233567e-01,4.438675840048105226e-01,3.326489644036632193e-02,2.335684871722655043e+00,9.682783134220015242e+00,4.507025786699337955e-01,8.413201682571496143e-01,1.281213590929620061e+00,1.755975344493724055e+00,2.106660874076952794e+00
1.600000000000000033e-01,-7.672077341186385457e-02,1.056577662732813572e+01,4.751064097128195052e-02,5.211718047634698175e-02,4.447742578003922864e-02,3.164138465072284523e-02,5.229273432935394039e-01,4.437241445301797205e-01,3.334851217627999437e-02,2.339805022763910891e+00,9.573777084534803805e+00,4.519136528603179825e-01,8.418444715059640870e-01,1.281327761698271672e+00,1.756309153060058748e+00,2.106377607922875317e+00
1.700000000000000122e-01,-7.578062901327224654e-02,1.057915589501180698e+01,4.673117896457486958e-02,5.196561184556337115e-02,4.395086243047559987e-02,3.115657299505995848e-02,5.230012501819919502e-01,4.435671507105908296e-01,3.343159910741710233e-02,2.344339602400970168e+00,9.455206353379113082e+00,4.529947063639062077e-01,8.393469935597538401e-01,1.280596443891899305e+00,1.757474884952327843e+00,2.105958720656013305e+00
1.799999999999999933e-01,-7.484673905386528270e-02,1.059280636083920513e+01,4.598913333413733040e-02,5.180711400919872645e-02,4.343394032864075077e-02,3.065223758219797617e-02,5.230898078806571760e-01,4.433960189151479048e-01,3.351417320419486368e-02,2.349281502178907743e+00,9.326487021900261354e+00,4.545585537078555838e-01,8.398007070514288408e-01,1.281856950752138680e+00,1.757952284901419748e+00,2.106431497329945834e+00
1.900000000000000022e-01,-7.391831866384908356e-02,1.060672489170733179e+01,4.528118796600777429e-02,5.164169264217664118e-02,4.292689576689000946e-02,3.013141044079234096e-02,5.231936839719125709e-01,4.432100509668490673e-01,3.359626506123784134e-02,2.354624264392664479e+00,9.187057338032504461e+00,4.535228472433775471e-01,8.390762857649810558e-01,1.282285083538045045e+00,1.759752187854783045e+00,2.106251855936001505e+00
2.000000000000000111e-01,-7.299449102962621283e-02,1.062091015249788661e+01,4.460277345733199006e-02,5.146931182295107210e-02,4.242988437934916424e-02,2.959725302653502810e-02,5.233136216355723791e-01,4.430084576178781042e-01,3.367792074654953061e-02,2.360362333539067770e+00,9.036411298538110870e+00,4.542905874213277184e-01,8.396503657770638673e-01,1.281938785525299496e+00,1.760902158635371473e+00,2.106033956898909487e+00
2.099999999999999922e-01,-7.207433215742536925e-02,1.063536295510659890e+01,4.394827879544924154e-02,5.128988818950194761e-02,4.194297379714041762e-02,2.905311729391897926e-02,5.234504192314103355e-01,4.427903779859663769e-01,3.375920278262337787e-02,2.366491291405735886e+00,8.950669924640305197e+00,4.550962384109570880e-01,8.403171475523099065e-01,1.282262476608758917e+00,1.761869011295616794e+00,2.106029189634866405e+00
2.200000000000000011e-01,-7.115690229831997393e-02,1.065008666979358409e+01,4.331135211726726275e-02,5.110328663575466890e-02,4.146613565221762138e-02,2.850258920579057040e-02,5.236049149421021509e-01,4.425548945718774663e-01,3.384019048602016771e-02,2.373008068086548406e+00,8.999353148967600191e+00,4.557540695097308525e-01,8.408933050297484613e-01,1.282487692530803081e+00,1.761562713912616873e+00,2.106180615165448078e+00
2.300000000000000100e-01,-7.024125882481398186e-02,1.066508766705134903e+01,4.268526767298960051e-02,5.090931801369946719e-02,4.099923858347754441e-02,2.794950500226489956e-02,5.237779770738406615e-01,4.423010439753454204e-01,3.392097895081403608e-02,2.379911113313149862e+00,9.051447204699959670e+00,4.550199236017580251e-01,8.410194520837581678e-01,1.283449043785566790e+00,1.760273480575396121e+00,2.105671510596595297e+00
2.399999999999999911e-01,-6.932644692471663650e-02,1.068037574710223225e+01,4.206332925251718424e-02,5.070773923821116774e-02,4.054204388917868884e-02,2.739793088433575136e-02,5.239705001347427782e-01,4.420278237368669427e-01,3.400167612838984194e-02,2.387200505396411820e+00,9.107077228930492652e+00,4.565469981104524066e-01,8.417716341031291627e-01,1.282937154797527679e+00,1.757466513238196359e+00,2.105100714356330283e+00
2.500000000000000000e-01,-6.841146627591190854e-02,1.069596451055116404e+01,4.143927749729765103e-02,5.049825600312424917e-02,4.009420500344296895e-02,2.685209786549435165e-02,5.241834064255246339e-01,4.417341958663640877e-01,3.408239770811141711e-02,2.394877972543135058e+00,9.166357846524791242e+00,4.557934051915549234e-01,8.397892602209647839e-01,1.281269813212431607e+00,1.757346132656203208e+00,2.104029643037856001e+00
2.600000000000000089e-01,-6.749521380537595872e-02,1.071187162988668895e+01,4.080766936241425613e-02,5.028052801688238926e-02,3.965527111151580242e-02,2.631628588245113476e-02,5.244176525817638712e-01,4.414190876078774028e-01,3.416325981035885778e-02,2.402946806423439163e+00,9.229393219258714254e+00,4.552065352056923198e-01,8.399110551315726036e-01,1.280739939261578808e+00,1.757718098236498605e+00,2.103764786884875448e+00
2.700000000000000178e-01,-6.657640479100115916e-02,1.072811899762748133e+01,4.016420124963147181e-02,5.005417630772859144e-02,3.922469414601061771e-02,2.579465537229432004e-02,5.246742402895012702e-01,4.410813898778812026e-01,3.424436983261736067e-02,2.411411661403560114e+00,9.296276419019227077e+00,4.559201035353223630e-01,8.398976497839221178e-01,1.280210777094488828e+00,1.755342078441331166e+00,2.105355364015491393e+00
2.800000000000000266e-01,-6.565347716190741978e-02,1.074473275007961526e+01,3.950595146979370836e-02,4.981879183306659603e-02,3.880183743338886521e-02,2.529103078703161950e-02,5.249542302348400025e-01,4.407199536605257983e-01,3.432581610463442123e-02,2.420278251726520669e+00,9.367087934322274378e+00,4.568014289392662297e-01,8.377582160204576356e-01,1.280726571131814095e+00,1.755386945600176718e+00,2.106732117722800446e+00
2.899999999999999800e-01,-6.472448710373664149e-02,1.076174318942501529e+01,3.883152176136443062e-02,4.957394448686439775e-02,3.838598376370922632e-02,2.480864873083961364e-02,5.252587582222164597e-01,4.403335845127359094e-01,3.440765726504778355e-02,2.429552975326877196e+00,9.441893091537794547e+00,4.579521475296123856e-01,8.376591894914339198e-01,1.280218122267656522e+00,1.754341957930316998e+00,2.107987787797387824e+00
2.999999999999999889e-01,-6.378700784456312056e-02,1.077918464160438639e+01,3.814106179836710547e-02,4.931919175215501022e-02,3.797634097148325921e-02,2.434989235316437767e-02,5.255890522943850174e-01,4.399210352971295035e-01,3.448991240848556239e-02,2.439242495704441183e+00,9.520738200301343213e+00,4.591370134224851407e-01,8.376255895584491240e-01,1.278346025424790700e+00,1.754175130330910326e+00,2.108320678939489046e+00
3.099999999999999978e-01,-6.283804695786195105e-02,1.079709528273292385e+01,3.743616618438639493e-02,4.905408673628233046e-02,3.757204437314105860e-02,2.391604085079184622e-02,5.259464496183728910e-01,4.394809973854613139e-01,3.457255299616565636e-02,2.449353292267574922e+00,9.603645327833488565e+00,4.596605615281243451e-01,8.391614184140379074e-01,1.277047289254956697e+00,1.753348832381204314e+00,2.106425605869446382e+00
3.200000000000000067e-01,-6.187399907054422915e-02,1.081551693588911789e+01,3.671964164108892231e-02,4.877818605843636107e-02,3.717215737561924138e-02,2.350706512044157745e-02,5.263324118902666937e-01,4.390120908963736079e-01,3.465549721335937916e-02,2.459891143330805718e+00,9.690605751071489138e+00,4.615466662765235761e-01,8.368450120339721021e-01,1.276760504499225846e+00,1.751704646560501066e+00,2.106045062868652451e+00
3.300000000000000155e-01,-6.089064851526169303e-02,1.083449478656861764e+01,3.599515316511281426e-02,4.849105877023546923e-02,3.677567357845585444e-02,2.312149483280268036e-02,5.267485380772302106e-01,4.385128550373087464e-01,3.473860688546133446e-02,2.470860449178402085e+00,9.781572272460282491e+00,4.626470280818445469e-01,8.345231216475877956e-01,1.276288992272357925e+00,1.751051133068851406e+00,2.104619069027822587e+00
3.400000000000000244e-01,-5.988322861092172655e-02,1.085407690850145457e+01,3.526677060894068544e-02,4.819229780098878424e-02,3.638152472374994034e-02,2.275636757749482583e-02,5.271965734418346816e-01,4.379817402485175482e-01,3.482168630964781880e-02,2.482263267727886635e+00,9.989005163309343516e+00,4.636297100314682451e-01,8.359474554552049907e-01,1.274017550167014567e+00,1.752697504515342342e+00,2.102795706068430803e+00
3.500000000000000333e-01,-5.884653055099895586e-02,1.087431346774358154e+01,3.453844990553416733e-02,4.788153497266744302e-02,3.598859788460338771e-02,2.240724954210747064e-02,5.276784139126317053e-01,4.374171045076119535e-01,3.490448157975670901e-02,2.494097962051733841e+00,1.022970591778030069e+01,4.642301711216534343e-01,8.383300946962639610e-01,1.271804132898112671e+00,1.753566258880852935e+00,2.103333253073147890e+00
3.599999999999999867e-01,-5.777503718648224762e-02,1.089525552152164245e+01,3.381349622493566576e-02,4.755845931252866698e-02,3.559576189271358021e-02,2.206829461044555740e-02,5.281961048697317862e-01,4.368172167795864036e-01,3.498667835068185877e-02,2.506357468441796410e+00,1.047669928072553880e+01,4.629033458030967219e-01,8.387845970582125110e-01,1.271441082915304444e+00,1.754304457423615737e+00,2.102440780606952497e+00
3.699999999999999956e-01,-5.666304084088615023e-02,1.091695346076356365e+01,3.309407254969781026e-02,4.722283660798315408e-02,3.520189818298026518e-02,2.173229114317096894e-02,5.287518331989660147e-01,4.361802712003710614e-01,3.506789560066339573e-02,2.519027350850290503e+00,1.072790944969320215e+01,4.640508591150686035e-01,8.394271906270756034e-01,1.271227463781752220e+00,1.753298671856605484e+00,2.102348497328438537e+00
3.800000000000000044e-01,-5.550470070997324396e-02,1.093945529591633914e+01,3.238083919761258755e-02,4.687452706521185591e-02,3.480592827956448948e-02,2.139063860039773154e-02,5.293479109423140372e-01,4.355044162689860054e-01,3.514767278869986716e-02,2.532083889809316979e+00,1.098032295676704706e+01,4.661896701190658132e-01,8.406676938768447016e-01,1.269753532660555129e+00,1.755173773261311965e+00,2.101871944703304074e+00
3.900000000000000133e-01,-5.429401988751340891e-02,1.096280497207752980e+01,3.167283374558108044e-02,4.651349943791245611e-02,3.440683480638864755e-02,2.103320383168153646e-02,5.299867478652162678e-01,4.347878042659662490e-01,3.522544786881748324e-02,2.545492267906263262e+00,1.122961173230967802e+01,4.666702125406457236e-01,8.414353691201132968e-01,1.269195197354954452e+00,1.757081816553641263e+00,2.100025402004964015e+00
4.000000000000000222e-01,-5.302478492427074169e-02,1.098704046070260176e+01,3.096770863639565149e-02,4.613984589235010231e-02,3.400369108193529444e-02,2.064803485576063163e-02,5.306708083552771349e-01,4.340286673464768263e-01,3.530052429824633020e-02,2.559204324282247089e+00,1.146960016767773638e+01,4.671480083077675372e-01,8.421148272126971479e-01,1.269461090395207714e+00,1.759525441518992928e+00,2.102345839393640503e+00
4.100000000000000311e-01,-5.169059831129285687e-02,1.101219036557042585e+01,3.026239884986239512e-02,4.575381202462910912e-02,3.359574613341935467e-02,2.022097287388518322e-02,5.314025445561281202e-01,4.332254276165545814e-01,3.537202782731723588e-02,2.573154541848607924e+00,1.169153746999483268e+01,4.681534948280777764e-01,8.443634600816840585e-01,1.268406154468004310e+00,1.761343840690926754e+00,2.103181933355526390e+00
4.199999999999999845e-01,-5.028519651343253682e-02,1.103826649066649424e+01,2.955413762316534340e-02,4.535586655866814809e-02,3.318264388071388848e-02,1.973533696957493686e-02,5.321842920230258622e-01,4.323768466295969115e-01,3.543886134737712912e-02,2.587252663937313013e+00,1.188321746822870573e+01,4.686633579087639556e-01,8.427760678103315417e-01,1.268360506568364965e+00,1.761997702070062566e+00,2.103942524760602062e+00
4.299999999999999933e-01,-4.880321513570139158e-02,1.106524921507499215e+01,2.884141103141670340e-02,4.494683616397538578e-02,3.276485676382200757e-02,1.917211761177914711e-02,5.330181076695466036e-01,4.314822100351788925e-01,3.549968229527465657e-02,2.601372885708911120e+00,1.202820785201361709e+01,4.695084481352056471e-01,8.425742162690394998e-01,1.267070894540146542e+00,1.760844206812273827e+00,2.105399041930488213e+00
4.400000000000000022e-01,-4.724140133740589720e-02,1.109306422177506057e+01,2.812396664451373082e-02,4.452811008263362486e-02,3.234434274772608753e-02,1.851151447260611718e-02,5.339055278029911644e-01,4.305415186107124925e-01,3.555295358629659286e-02,2.615343963184417309e+00,1.210583568195699122e+01,4.701838730645354625e-01,8.432938679237945712e-01,1.265474048510459637e+00,1.757581337521889830e+00,2.105161055583589125e+00
4.500000000000000111e-01,-4.560003270548252524e-02,1.112155505490220087e+01,2.740074075161511372e-02,4.410186507222257912e-02,3.192525286591144096e-02,1.773693400644558993e-02,5.348472382366883382e-01,4.295556161051122257e-01,3.559714565819953325e-02,2.628950809525002708e+00,1.209294400083250487e+01,4.687894385168688838e-01,8.442983531342753700e-01,1.262339157976726023e+00,1.758938415634753172e+00,2.105886975965918229e+00
4.600000000000000200e-01,-4.388414002920570933e-02,1.115046695104250141e+01,2.666545486180389030e-02,4.367117516766987062e-02,3.151424043404709580e-02,1.684193230608294414e-02,5.358426927893641389e-01,4.285261489554523795e-01,3.563115825518325258e-02,2.641960642035943163e+00,1.196817752170944793e+01,4.673719156382284412e-01,8.455785994972475628e-01,1.261336196098989504e+00,1.759240408158962321e+00,2.104357185308360467e+00
4.700000000000000289e-01,-4.210415630691856370e-02,1.117946856847329329e+01,2.590222876080049141e-02,4.323980094315368200e-02,3.111972936097261166e-02,1.583818183210256719e-02,5.368897912073313794e-01,4.274552810089238264e-01,3.565492778374539096e-02,2.654176750131920670e+00,1.171792726525132800e+01,4.655563783121485222e-01,8.469107213992274064e-01,1.259564394887914940e+00,1.759006568474872800e+00,2.106630007345580591e+00
4.799999999999999822e-01,-4.027561743451252285e-02,1.120823364496590457e+01,2.508582465169961404e-02,4.281151863998464147e-02,3.074977430445295298e-02,1.475951609893785821e-02,5.379847973967866182e-01,4.263452249591824228e-01,3.566997764403107701e-02,2.665501191107579881e+00,1.134070126883290541e+01,4.645697441976416320e-01,8.488068608884717925e-01,1.256576486486093103e+00,1.760086047481510763e+00,2.104333471757382501e+00
4.899999999999999911e-01,-3.841753033285892627e-02,1.123656760492605500e+01,2.418883051038679330e-02,4.238914334156083236e-02,3.040912299611171071e-02,1.365782226505162823e-02,5.391226738900968263e-01,4.251978156048327739e-01,3.567951050507076755e-02,2.675975905128384902e+00,1.137442715792229109e+01,4.618355485059421062e-01,8.508612816580634064e-01,1.255447343423561568e+00,1.759616813528476209e+00,2.102938695669612112e+00
5.000000000000000000e-01,-3.654995486776748542e-02,1.126451380208960273e+01,2.319173368909488442e-02,4.197375040798313056e-02,3.009712799243621784e-02,1.259287519872091983e-02,5.402978671106745123e-01,4.240143316154502684e-01,3.568780127387579520e-02,2.685787476669236451e+00,1.139936991257179066e+01,4.628383658233249376e-01,8.526224402188401497e-01,1.252959772140783468e+00,1.759626281016376526e+00,2.103869825404925287e+00
5.100000000000000089e-01,-3.469238067230471373e-02,1.129237062162041028e+01,2.208921196159459310e-02,4.156459333521949490e-02,2.980797061409025395e-02,1.162306658713965074e-02,5.415053262281578350e-01,4.227955542021565871e-01,3.569911956968608441e-02,2.695242938973014368e+00,1.139355834543779267e+01,4.663103941692302579e-01,8.518405203477679155e-01,1.253165534119877744e+00,1.756990779699707295e+00,2.105483881891395459e+00
5.200000000000000178e-01,-3.286103753908171943e-02,1.132061517496449987e+01,2.089029665299360281e-02,4.115974245372679835e-02,2.953307477342523996e-02,1.080027029966471909e-02,5.427413745235767362e-01,4.215418972115338447e-01,3.571672826488966196e-02,2.704725331568798907e+00,1.135354254638174609e+01,4.641762042289501733e-01,8.518907157110036099e-01,1.255146409928209916e+00,1.757044270306286737e+00,2.105735598132166153e+00
5.300000000000000266e-01,-3.105600469518894277e-02,1.134979673684252965e+01,1.961461603803042048e-02,4.075695117776631515e-02,2.926402677678027059e-02,1.016472461894076668e-02,5.440042589881343149e-01,4.202534197370735303e-01,3.574232127479220339e-02,2.714630208371636044e+00,1.127714396073580438e+01,4.593265568929508214e-01,8.484796748366405517e-01,1.257631144279688806e+00,1.759448428088275174e+00,2.106529758445393252e+00
5.400000000000000355e-01,-2.923370336324624535e-02,1.138046911164605390e+01,1.828695865377644170e-02,4.035409800313106282e-02,2.899394658457020088e-02,9.734950148644885490e-03,5.452947372256021774e-01,4.189294068776676094e-01,3.577585589672983152e-02,2.725295620262437879e+00,1.116321560372223409e+01,4.580064237895507540e-01,8.481995406536753102e-01,1.259697126402052003e+00,1.756726799128460748e+00,2.104727333237386588e+00
5.500000000000000444e-01,-2.728951715148890747e-02,1.141318347748235063e+01,1.693159690541917034e-02,3.994886790366491969e-02,2.871631799067748264e-02,9.496204744751410992e-03,5.466172315059663056e-01,4.175671601472322747e-01,3.581560834680174582e-02,2.736961272101519960e+00,1.101164795053453815e+01,4.609629665846100011e-01,8.482788858692513756e-01,1.259681299354250550e+00,1.759272472023412526e+00,2.105882830252992388e+00
5.600000000000000533e-01,-2.509461457145641464e-02,1.144850576041718249e+01,1.557019194056473259e-02,3.953813109436110640e-02,2.842277808708934539e-02,9.399039749640854258e-03,5.479812286118350695e-01,4.161602969897603699e-01,3.585847439840417206e-02,2.749761643371311237e+00,1.096679444304735718e+01,4.661951162212978339e-01,8.500211591151463075e-01,1.257613915048935826e+00,1.758188776555173138e+00,2.105807799313366591e+00
5.700000000000000622e-01,-2.259973963267601291e-02,1.148695761974597751e+01,1.422600017308683212e-02,3.911836679687683005e-02,2.810417313962953328e-02,9.374932525389137461e-03,5.494014679040775118e-01,4.146978945781204517e-01,3.590063751780155771e-02,2.763651738537304947e+00,1.146025194580717077e+01,4.689447495876877259e-01,8.489739165059791981e-01,1.256984706338789781e+00,1.758128532025179158e+00,2.105865103971290786e+00
5.799999999999999600e-01,-1.994821102331230042e-02,1.152867537588476310e+01,1.292196560558225675e-02,3.868859851495007329e-02,2.775977639956503026e-02,9.368271842361625829e-03,5.508954037506210710e-01,4.131659250423909691e-01,3.593867120698807788e-02,2.778172049593545800e+00,1.188879037493275170e+01,4.687138552654642187e-01,8.518836950616365256e-01,1.256444816800782904e+00,1.756058363003345280e+00,2.106372382886087635e+00
5.899999999999999689e-01,-1.737962629260289549e-02,1.157278700677059113e+01,1.164858155126589218e-02,3.825412936232461952e-02,2.741021507082610012e-02,9.377202076731854657e-03,5.524781851538151933e-01,4.115508319306716012e-01,3.597098291551387161e-02,2.792352780933827550e+00,1.219452900815173813e+01,4.682002472853373787e-01,8.532697673841675989e-01,1.253685554994090623e+00,1.753761654703654971e+00,2.106464548828725025e+00
5.999999999999999778e-01,-1.484237720740907464e-02,1.161759962394575574e+01,1.032680862209069649e-02,3.782224307420729154e-02,2.708716430704159045e-02,9.446478253600938332e-03,5.541596684998688627e-01,4.098420594982969956e-01,3.599827200183429443e-02,2.805314397369453872e+00,1.234660954318754023e+01,4.657431969936216554e-01,8.512414555644181036e-01,1.252915891459876141e+00,1.755628366433368281e+00,2.107000684228772069e+00
6.099999999999999867e-01,-1.200345585653912923e-02,1.166230225002533594e+01,8.835560402169474054e-03,3.738984780860679646e-02,2.679623798151797159e-02,9.581772291858357479e-03,5.559466799714813945e-01,4.080319603891027769e-01,3.602135963941581476e-02,2.816895553032965349e+00,1.233246187452808584e+01,4.627371782479310358e-01,8.503621701325408955e-01,1.252656201375665024e+00,1.755610903884022855e+00,2.111740176913765588e+00
6.199999999999999956e-01,-8.662283471531001533e-03,1.170775153156480997e+01,7.078662206333261563e-03,3.694217679932483567e-02,2.650810958356815406e-02,9.743375485027834168e-03,5.578428346201815824e-01,4.061182635837579658e-01,3.603890179606052818e-02,2.827325721066678899e+00,1.210583066080379844e+01,4.584055942900140956e-01,8.489814244095349460e-01,1.251295603043356630e+00,1.754685881644478807e+00,2.109958351834393842e+00
6.300000000000000044e-01,-4.943019553703039901e-03,1.175514541486891851e+01,5.070685494523324323e-03,3.646439382762145520e-02,2.618838862945689280e-02,9.970725470335525462e-03,5.598412192526689424e-01,4.041103021490171643e-01,3.604847859831417090e-02,2.836712136997483924e+00,1.158982883334768843e+01,4.609143371028891489e-01,8.470220673777735243e-01,1.249024023902185254e+00,1.759036006824778564e+00,2.107694767117281209e+00
6.400000000000000133e-01,-1.524030010086357967e-03,1.180379358512815813e+01,3.046830940774943562e-03,3.595519439986503973e-02,2.584312711167832330e-02,1.050952527248313201e-02,5.619163112604776966e-01,4.020323030870504022e-01,3.605138565247181098e-02,2.845102506817712484e+00,1.077134183352955255e+01,4.597524988243983368e-01,8.480921941623036364e-01,1.249382157888201395e+00,1.758590999352370066e+00,2.104311871522305921e+00
6.500000000000000222e-01,7.721529318381367257e-04,1.185012385114638001e+01,1.327419576329159781e-03,3.542889069490833681e-02,2.554190347548302917e-02,1.163994694658125779e-02,5.640229853156262241e-01,3.999189434062079829e-01,3.605807127816553631e-02,2.852669501550948450e+00,9.953568762070636566e+00,4.614330905493683188e-01,8.515002429630260661e-01,1.248499543946074208e+00,1.759093073553283704e+00,2.106278744178204487e+00
6.600000000000000311e-01,2.345623989918298180e-03,1.189263384755460784e+01,-8.043872359447202451e-05,3.488634287527552641e-02,2.532129808123038950e-02,1.324937307904853687e-02,5.661182587616619966e-01,3.978002101544777513e-01,3.608153108386035618e-02,2.859736333831527144e+00,1.033005132211809496e+01,4.632509694621244623e-01,8.547695212925251473e-01,1.247680544055645990e+00,1.756596081692380684e+00,2.106608238380426990e+00
6.700000000000000400e-01,4.436095157458330371e-03,1.193509004933981466e+01,-1.433144860309500199e-03,3.430478813797815940e-02,2.512101714021148374e-02,1.509528769303607014e-02,5.681989136956363540e-01,3.956791014193108968e-01,3.612198488505280469e-02,2.867485002519149617e+00,1.071353951083946043e+01,4.651760448089009015e-01,8.525467426975025242e-01,1.247181680126206116e+00,1.754369513216186505e+00,2.110262359395618681e+00
6.800000000000000488e-01,8.616318789283433296e-03,1.198289990605886324e+01,-3.084075862134987023e-03,3.365783286860084267e-02,2.485131131740195981e-02,1.716844738650340207e-02,5.703038277338483564e-01,3.935280138004621509e-01,3.616815846568893766e-02,2.877943237576527036e+00,1.108967765117261273e+01,4.671602812716503239e-01,8.513953755603693718e-01,1.246339992312254008e+00,1.755303048573068514e+00,2.111152816467191773e+00
6.900000000000000577e-01,1.568019669093278015e-02,1.204247873616107967e+01,-5.435560052505465992e-03,3.291826847332519207e-02,2.440497586224944435e-02,1.950011889581384009e-02,5.724955315435249492e-01,3.913000829607637399e-01,3.620438549571146358e-02,2.892625049542369986e+00,1.144660218277391195e+01,4.696273343624653429e-01,8.469641578776587743e-01,1.246656144203956318e+00,1.748042700508056546e+00,2.112972081036898153e+00
7.000000000000000666e-01,2.023725188423988394e-02,1.211282748326689429e+01,-8.047068964514909883e-03,3.207704381035483832e-02,2.388607286036987035e-02,2.202944588310897997e-02,5.748667814406767107e-01,3.889073538828923815e-01,3.622586467643125474e-02,2.907946164781656240e+00,1.180150546451971572e+01,4.725230164748716044e-01,8.493892492665325866e-01,1.246791583322027552e+00,1.749444616128411845e+00,2.110604217849100461e+00
7.099999999999999645e-01,2.439234712933886079e-02,1.217958619258246777e+01,-9.744221552085388649e-03,3.107352418497993235e-02,2.363161245108044012e-02,2.521728363945291082e-02,5.775777212526882476e-01,3.861664109463551764e-01,3.625586780095583356e-02,2.921537260890309629e+00,1.217690038779767470e+01,4.752988179025815496e-01,8.491552865482685508e-01,1.246929335578439879e+00,1.752478987622894557e+00,2.114412474346877069e+00
7.199999999999999734e-01,3.120744797164331022e-02,1.224407943114980846e+01,-1.078975555836957610e-02,2.970672948857883480e-02,2.358723711605181794e-02,2.867770888602660245e-02,5.807312956711679908e-01,3.829704893741351923e-01,3.629821495469730958e-02,2.935369840573775591e+00,1.248986949678992531e+01,4.780610544973082909e-01,8.444645621370430177e-01,1.242919026196045662e+00,1.753677302717887354e+00,2.116778026939539536e+00
7.299999999999999822e-01,3.927746554625194397e-02,1.232088464059381572e+01,-1.201867200125970002e-02,2.785600178063871515e-02,2.338467462832421670e-02,3.227012341103524529e-02,5.841421326752249676e-01,3.795132683623655412e-01,3.634459896240872789e-02,2.946884455170248884e+00,1.265791920910210244e+01,4.786103852161334160e-01,8.428255133774287255e-01,1.240807142363152593e+00,1.746430596465645690e+00,2.115305228673834304e+00
7.399999999999999911e-01,3.540045650562886198e-02,1.241216182762014419e+01,-1.408427728346922474e-02,2.569775229344154269e-02,2.280483562397326094e-02,3.767065620757673733e-02,5.874196054762255148e-01,3.761915186834521307e-01,3.638887584032208383e-02,2.956362205986628577e+00,1.274570897824087012e+01,4.810054514572394413e-01,8.396497581359880780e-01,1.243299973042638840e+00,1.750061700554764510e+00,2.117022264393201070e+00
7.500000000000000000e-01,3.005140501840726161e-02,1.247144378434179046e+01,-1.520654968804172752e-02,2.309645827116705782e-02,2.280753670480486356e-02,4.278323165564942160e-02,5.904503924338099230e-01,3.730804633774276180e-01,3.646914418876271574e-02,2.964424947646855824e+00,1.270067550982843230e+01,4.796625766598137663e-01,8.397939749146878796e-01,1.245963386801693495e+00,1.752060603788464066e+00,2.114709045628837547e+00
7.600000000000000089e-01,3.124399678588912765e-02,1.253464234145014800e+01,-1.569049084834223118e-02,2.051755233431548642e-02,2.258043413093762525e-02,4.719624209213196114e-02,5.931291312729881637e-01,3.703168402323533392e-01,3.655402849465839293e-02,2.971364621851086962e+00,1.260950404540249714e+01,4.805001142208022991e-01,8.376322020916358024e-01,1.247072641780575086e+00,1.756784376608483189e+00,2.114200152528892040e+00
7.700000000000000178e-01,4.923902060748844289e-02,1.262000938764726676e+01,-1.656479316087591108e-02,1.812456847010206901e-02,2.181934173905177715e-02,5.124525941902462189e-02,5.956381997098685321e-01,3.677286385429597848e-01,3.663316174717174550e-02,2.981099830872249612e+00,1.252718317310900709e+01,4.802553678784030056e-01,8.335455061501717555e-01,1.249449378887228956e+00,1.752341475409210592e+00,2.117870045171228455e+00
7.800000000000000266e-01,4.194755028404523189e-02,1.272312756467595385e+01,-1.994081728072785720e-02,1.554824031086562454e-02,2.095440681929934545e-02,5.608315640486727371e-02,5.981225961846117212e-01,3.651498642780934278e-01,3.672753953729395587e-02,2.987382101104845589e+00,1.234408431185093846e+01,4.811893989991400389e-01,8.378240880466094609e-01,1.244645167753292370e+00,1.751465378815981300e+00,2.121256560546996628e+00
7.900000000000000355e-01,4.891157228421864900e-02,1.280090252483391211e+01,-2.101708435280250087e-02,1.197060042483770459e-02,2.076422415327823859e-02,6.275548836640433559e-02,6.011576736162100865e-01,3.619880794306715721e-01,3.685424695311835530e-02,2.992370152171099917e+00,1.180317870279317916e+01,4.831338817978450551e-01,8.345321055066156068e-01,1.241041077257680536e+00,1.748794489448297407e+00,2.118322915824172092e+00
8.000000000000000444e-01,8.025144854136220807e-02,1.289351820558885997e+01,-2.021657797678978394e-02,7.691377962837414074e-03,2.048256083853826348e-02,6.625157019810630488e-02,6.048114514691872445e-01,3.582105235948153110e-01,3.697802493599724322e-02,2.998756888835607981e+00,1.085065530296036407e+01,4.850571251024196617e-01,8.343816844133996602e-01,1.244535926068536025e+00,1.749970377601128835e+00,2.120438045041822317e+00
8.100000000000000533e-01,7.917257400867885875e-02,1.303190881199031281e+01,-2.220671759694094194e-02,3.148392160133075494e-03,1.967162031537886963e-02,6.658661832022705340e-02,6.092268270582641421e-01,3.536210605990452449e-01,3.715211234269026608e-02,3.012677985603246178e+00,9.768101342007790677e+00,4.822173260120022897e-01,8.360727385930273314e-01,1.242708609544818543e+00,1.748008397069994224e+00,2.124563702545750665e+00
8.200000000000000622e-01,6.420924590010436417e-02,1.308890109415635195e+01,-2.326486997938724544e-02,-2.564775117629329929e-03,2.034104285334310119e-02,6.614763583599844732e-02,6.141700463590038517e-01,3.485092036425095352e-01,3.732074999848704333e-02,3.025703747379712816e+00,9.219829551021053504e+00,4.814718148583670976e-01,8.359062918197324166e-01,1.241557557730818218e+00,1.743492518148314963e+00,2.124357340764357449e+00
8.300000000000000711e-01,5.918200001776265790e-02,1.316577023008131064e+01,-2.375500137512355156e-02,-5.582384688530686589e-03,2.018851288830949761e-02,6.474361079115545370e-02,6.175466805783672575e-01,3.449189710432399858e-01,3.753434837839256938e-02,3.033398807280044185e+00,9.771063705389968490e+00,4.817877054997175001e-01,8.330303056176637799e-01,1.242315237439008735e+00,1.747535110239680112e+00,2.124505994157149136e+00
8.399999999999999689e-01,7.108293358453407484e-02,1.332520815684526205e+01,-2.680956813146969167e-02,-7.428571736620027260e-03,1.875902754447657597e-02,5.457074758440638718e-02,6.199424928201051621e-01,3.422154926511353223e-01,3.784201452875969596e-02,3.035380836337924659e+00,1.027589975886710150e+01,4.787979079346088573e-01,8.338302916833770784e-01,1.238319345495317192e+00,1.748725956870300191e+00,2.123881225677034745e+00
8.499999999999999778e-01,4.337876936656061971e-02,1.342075811484454384e+01,-2.825019751936248477e-02,-9.079865147807779369e-03,1.868293462676550235e-02,5.290467324597932647e-02,6.230070312060036475e-01,3.387852202996118889e-01,3.820774849438408893e-02,3.035881245396005124e+00,9.962520338432391043e+00,4.755015295347108650e-01,8.316898680742891292e-01,1.238472449973927025e+00,1.748103994424947683e+00,2.125559529383806545e+00
8.599999999999999867e-01,5.030728510110974577e-02,1.351872506061379298e+01,-2.747567164173149099e-02,-9.667953995073462828e-03,1.839661726855099100e-02,4.919795105037071126e-02,6.256255292891176323e-01,3.358182962148065775e-01,3.855617449607556813e-02,3.038437615432344696e+00,9.733489093756746868e+00,4.756163468922355309e-01,8.277060960640912901e-01,1.238474949756076082e+00,1.751434441597698566e+00,2.126547871335741746e+00
8.699999999999999956e-01,5.108248082285367364e-02,1.371253843098720537e+01,-3.045685037326525957e-02,-1.083292442726173886e-02,1.733502001129564457e-02,4.071970302310146811e-02,6.274270849311230913e-01,3.335304462020011740e-01,3.904246886687572776e-02,3.031961321748214200e+00,9.678544290004793993e+00,4.730956004715346497e-01,8.246709966271774661e-01,1.239893897001581813e+00,1.745098900842669165e+00,2.124432935169364711e+00
8.800000000000000044e-01,3.998347930400519834e-02,1.379658364821523797e+01,-3.105085159486922070e-02,-8.749267054270778651e-03,1.745697631171904199e-02,2.980803489380491611e-02,6.300617162128054893e-01,3.304276308217505842e-01,3.951065296544417627e-02,3.033898930938754734e+00,1.007902450332900557e+01,4.738761550891490426e-01,8.221080727572689373e-01,1.238609692948749119e+00,1.744934649908322699e+00,2.122623213931997377e+00
8.900000000000000133e-01,6.080116506505530566e-02,1.390081632644065657e+01,-3.075119816164343864e-02,-3.077312530184131423e-03,1.759229770069413099e-02,2.338040558280521375e-02,6.331520411432822737e-01,3.269129741339044104e-01,3.993498472281362122e-02,3.040696919923860264e+00,1.058088118763016361e+01,4.737252012146574431e-01,8.201477246982057379e-01,1.240060865325044892e+00,1.740986137910827569e+00,2.123094594376397914e+00
9.000000000000000222e-01,9.036249630765229301e-02,1.411019195600173681e+01,-3.496384277906931098e-02,1.114942208600756650e-02,1.786003675214732980e-02,1.056183817859825992e-02,6.372996607533493174e-01,3.222743979513466583e-01,4.042594129530410751e-02,3.042290790835620928e+00,1.090470077499454327e+01,4.651682482318488243e-01,8.097871342087770152e-01,1.244927867049186565e+00,1.745903654648904624e+00,2.121136789163188929e+00
9.100000000000000311e-01,5.578575045117599440e-02,1.424977777211583074e+01,-3.463757821782785518e-02,6.697492646801431193e-02,1.850900938758439848e-02,2.330485102100677934e-03,6.434587791080078611e-01,3.155768245471286537e-01,4.096439634486386677e-02,3.043745355418014942e+00,9.918818306666530304e+00,4.569842190643829127e-01,8.013916873950175379e-01,1.247304207359406281e+00,1.741456245504173328e+00,2.120513724445653558e+00
9.200000000000000400e-01,5.762271481082355262e-02,1.436182559958435689e+01,-3.436746447468598531e-02,7.874202065919308491e-02,1.840836558064380332e-02,-2.751096260021532701e-03,6.451370405907084216e-01,3.132706837271718725e-01,4.159227568211980308e-02,3.035887122741814714e+00,9.740202607000503221e+00,4.639705187092447725e-01,7.991702549900318031e-01,1.248301207125684265e+00,1.745398105483624507e+00,2.115488132023798151e+00
9.300000000000000488e-01,9.214086892484948943e-02,1.455072020171952474e+01,-3.860619900637336094e-02,8.205645526240522292e-02,1.773318859034111669e-02,-1.409965366394837910e-02,6.462699016818770348e-01,3.114075136511558761e-01,4.232258466696670052e-02,3.017658131784199060e+00,9.901948126787889493e+00,4.608997058178446737e-01,7.922765445391788397e-01,1.246529276932168084e+00,1.742275408039400730e+00,2.111102958998422707e+00
9.400000000000000577e-01,4.837500559015599916e-02,1.469570519122732399e+01,-3.724085520091063861e-02,1.038518125300591510e-01,1.688624082863445647e-02,-3.678965709377935572e-02,6.480930899352552732e-01,3.086315928795465569e-01,4.327531718519819770e-02,3.003336289669846337e+00,9.779461929381852769e+00,4.692306075942340171e-01,7.910186121120508229e-01,1.244714991626036493e+00,1.745855159105378362e+00,2.111264035329178945e+00
9.500000000000000666e-01,5.688822147123059197e-02,1.481335830369556561e+01,-3.684392873992761025e-02,1.190249433535944257e-01,1.603123177473104663e-02,-5.125876394113811768e-02,6.501599989534101454e-01,3.058387016526867286e-01,4.400129939390334116e-02,2.996328948254452840e+00,9.485468763396536218e+00,4.714704257829512857e-01,7.884932241490723026e-01,1.247545293669733990e+00,1.751380867964724253e+00,2.112450100430575795e+00
9.599999999999999645e-01,1.167819502263556242e-01,1.499914499887863073e+01,-3.362459535205605810e-02,1.288847001873876241e-01,1.507539587991126549e-02,-7.935901258895615429e-02,6.511715724220590307e-01,3.039129600711722445e-01,4.491546750676862765e-02,2.978930318798684862e+00,9.582000860524400920e+00,4.685124758460060823e-01,7.922854237484784345e-01,1.248757617097324246e+00,1.746107512360677072e+00,2.113736235000415409e+00
9.699999999999999734e-01,5.296522278339053924e-02,1.518114183848618381e+01,-2.073039594881451869e-02,1.381389879242489738e-01,1.563487025579158099e-02,-9.958752038448624722e-02,6.519058301876471395e-01,3.018722379102314890e-01,4.622193190212074004e-02,2.953408687383121567e+00,9.382236929590661134e+00,4.711836280166373792e-01,7.902737665506102127e-01,1.250642470026624764e+00,1.743729778012370613e+00,2.115793965897486917e+00
9.799999999999999822e-01,5.695261968807000669e-02,1.530276237429197117e+01,-1.381729733171812094e-02,1.411848404290597381e-01,1.640169521216135531e-02,-1.047036903432345956e-01,6.537138146760810287e-01,2.992177067286543868e-01,4.706847859526466782e-02,2.941747474872336454e+00,8.872822806762917125e+00,4.705245035036640933e-01,7.903330721811552273e-01,1.248001019965968572e+00,1.742822229271016932e+00,2.117601820865308682e+00
9.899999999999999911e-01,1.412189788105028820e-01,1.545808442625973633e+01,-8.219012128349459032e-03,1.464207229450399939e-01,1.766905372204473704e-02,-9.726155220750465347e-02,6.553897515452907774e-01,2.966963345706212229e-01,4.791391388408767354e-02,2.925555930594757381e+00,8.275765518520739050e+00,4.701124297439733812e-01,7.880751453708365606e-01,1.251678977458454023e+00,1.740196147899703227e+00,2.113118323057214809e+00
1.000000000000000000e+00,5.126076927551881379e-02,1.565633505935511494e+01,-7.130844570823850759e-03,1.587989202845392911e-01,1.800847214397302554e-02,-6.207313807154545698e-02,6.565635141532242258e-01,2.942273638157814064e-01,4.920912203099468002e-02,2.904451052099213282e+00,8.304765235553464464e+00,4.799307845958553642e-01,7.840143875723630806e-01,1.252780738737851118e+00,1.738718483583922447e+00,2.118077197239028653e+00
1.010000000000000009e+00,-2.934058278229029031e-03,1.578420726255794371e+01,-7.608818744623644693e-03,2.828712204580679512e-01,1.777513497444292018e-02,-3.871449634525124528e-02,6.618604936877064970e-01,2.883735874904376772e-01,4.976591882185567306e-02,2.914336270298674147e+00,8.682824797464252953e+00,4.773822785237042954e-01,7.794793211774562192e-01,1.250714702008559387e+00,1.738532091771136212e+00,2.112891287862332490e+00
1.020000000000000018e+00,8.736563209522217599e-02,1.593258987403222626e+01,-8.857498126719888162e-03,2.892847341642512671e-01,1.618125761505626731e-02,-7.713849390722039628e-04,6.625566350065832388e-01,2.865458818310230860e-01,5.089748316239303683e-02,2.901087757735109740e+00,9.287315405569474436e+00,4.812009991045134161e-01,7.768836285396065744e-01,1.249096863520529954e+00,1.738922322648417618e+00,2.115861101660954091e+00
1.030000000000000027e+00,1.615677912856362808e-01,1.613332885157615237e+01,-1.070315566715644533e-02,2.988077188615945734e-01,1.360731216145640021e-02,7.229760758328133974e-02,6.628399946367449225e-01,2.849169937476931369e-01,5.224301161556201001e-02,2.878322119202229690e+00,9.622784559177368635e+00,4.765397881144822212e-01,7.807521889167465812e-01,1.254270978438694062e+00,1.735958472395899843e+00,2.109267327721644492e+00
1.040000000000000036e+00,8.186496576435238481e-02,1.632190908844309263e+01,-1.209939993761455918e-02,3.162732182437044126e-01,1.188661497623305294e-02,6.195997432984137743e-02,6.626449277220720635e-01,2.835002161830640355e-01,5.385485609486386632e-02,2.849685038480227028e+00,9.273930102469449821e+00,4.803266268016287976e-01,7.853132592802569700e-01,1.258017328716952488e+00,1.739442334860628048e+00,2.109504771276561996e+00
1.050000000000000044e+00,7.899093929429787386e-02,1.645124828740943812e+01,-1.351374889923542127e-02,3.322032494253390200e-01,1.084125590137784145e-02,7.086823996405390569e-02,6.634824618492924930e-01,2.815797731552902583e-01,5.493776499541721398e-02,2.835860621774064061e+00,9.560901392709055813e+00,4.809603089501511830e-01,7.869941893745464601e-01,1.255331461109443492e+00,1.739612240615898919e+00,2.110046647009214293e+00
1.060000000000000053e+00,1.342338557796018128e-01,1.658862843049479352e+01,-1.490968255024546947e-02,3.557605834521079258e-01,9.905324733186523720e-03,1.347471376119296627e-01,6.639958889856407698e-01,2.799853700545983370e-01,5.601874095976042134e-02,2.819975612384840957e+00,9.769709459906598781e+00,4.817389736024551006e-01,7.921606436675554530e-01,1.254671493008921113e+00,1.740447144418459935e+00,2.111148044924374023e+00
1.070000000000000062e+00,8.622896841583707617e-02,1.683233971074973567e+01,-1.659595453093737696e-02,3.602682699053628146e-01,8.261405666936396178e-03,1.741641463215613528e-01,6.623676673392412395e-01,2.794415392092803319e-01,5.819079345147829679e-02,2.795437651980636762e+00,9.626417883568786138e+00,4.842926768058206655e-01,7.941791765465595621e-01,1.252745655147962989e+00,1.736977995120973173e+00,2.107964989662074018e+00
1.080000000000000071e+00,8.055876092908106911e-02,1.695349245611105005e+01,-1.725934873507177503e-02,3.975579167171447992e-01,7.719006523221380763e-03,1.725589556967614957e-01,6.623962684087416619e-01,2.783120343903602301e-01,5.929169720089860762e-02,2.777239391003640812e+00,9.995182184164718819e+00,4.924088516397093218e-01,7.998708621131166430e-01,1.253153568838965670e+00,1.737236212515568479e+00,2.100484066161640850e+00
1.090000000000000080e+00,6.721587077462051751e-02,1.710234860595653927e+01,-1.826682573195296394e-02,3.287255341249700202e-01,7.156746846550492321e-03,2.042077862045447445e-01,6.637631063114196595e-01,2.761263504191117657e-01,6.011054326946863036e-02,2.767553787172367663e+00,1.016843058210473494e+01,4.870504730578634756e-01,8.060091894630158071e-01,1.256218082124316293e+00,1.735581031747095437e+00,2.104898770997425395e+00
1.100000000000000089e+00,4.017233562027895666e-02,1.728174198922711469e+01,-1.854064498267822894e-02,9.099864672773504137e-02,7.445610381434817834e-03,2.888389330400600308e-01,6.677675749715921150e-01,2.718218796921451075e-01,6.041054533626305512e-02,2.763170948368139701e+00,1.031338988854558458e+01,4.806036860231884256e-01,8.071371321122493558e-01,1.254290560989820502e+00,1.729978066249192370e+00,2.107723353894774831e+00
1.110000000000000098e+00,-2.912177169694690759e-02,1.753804918146665415e+01,-1.967568718296893240e-02,-5.927612755064045474e-02,5.989250233727014955e-03,3.287974231834303596e-01,6.641329834952285349e-01,2.731878263452825473e-01,6.267919015948890393e-02,2.717741918254470868e+00,8.913116298512935742e+00,4.868057911453195774e-01,8.067971557403115224e-01,1.248807943239230722e+00,1.734042464951098150e+00,2.103610202730358480e+00
1.120000000000000107e+00,8.175212022370108300e-02,1.764158719642756168e+01,-2.005764993793389753e-02,2.164146820839082108e-01,5.424942071966821697e-03,3.267377920974374184e-01,6.635249458173659853e-01,2.728418204718527362e-01,6.363323371078143109e-02,2.702018905192669518e+00,8.565420881395336750e+00,4.846523548255144420e-01,8.131200729191215837e-01,1.250492600721955450e+00,1.735329343357369991e+00,2.103363057672347214e+00
1.130000000000000115e+00,9.486677249028181713e-02,1.774943186086193947e+01,-2.098107386696784760e-02,2.410252282038225224e-01,4.870157103545369286e-03,4.089205109975639352e-01,6.635099034307859744e-01,2.716386206898171451e-01,6.485147587939686653e-02,2.688278673112810768e+00,7.770646833684783594e+00,4.866053804506451641e-01,8.177905282627322414e-01,1.251343721839746514e+00,1.734149498024408986e+00,2.099127814231767530e+00
1.140000000000000124e+00,3.036214269784479058e-01,1.790869258056554969e+01,-2.211157601432968065e-02,2.330796872497658268e-01,4.380992282276189621e-03,1.989833309955506557e+00,6.627949480592625342e-01,2.707856642022175575e-01,6.641938773851982503e-02,2.673760346069237848e+00,7.797041195660885826e+00,4.882793729699665408e-01,8.222785572407314003e-01,1.250807117875758712e+00,1.734882718387179779e+00,2.103258141120754487e+00
1.150000000000000133e+00,8.609443266318991816e-02,1.808618677050052170e+01,-2.192105975708645224e-02,2.400664349025611044e-01,4.278163334004251965e-03,4.153864867523712756e-01,6.601092986562058229e-01,2.721008333616442565e-01,6.778986798215046183e-02,2.660947772425611646e+00,1.000934323796419001e+01,4.957135948487551014e-01,8.288910296676561540e-01,1.248013227625147215e+00,1.728222460378829650e+00,2.104910934931983668e+00
1.159999999999999920e+00,8.305142357326440739e-02,1.821897740142095756e+01,-2.233247585081702888e-02,2.534914554520856234e-01,3.575827738983250199e-03,5.357368974211761392e-01,6.605683328793409137e-01,2.710137054023915026e-01,6.841796171826712569e-02,2.651982244009945422e+00,1.071197158256217996e+01,4.975330687216416581e-01,8.287456111612900855e-01,1.243849318750692490e+00,1.727541617875935298e+00,2.103913743790843061e+00
1.169999999999999929e+00,2.182972697225374625e-01,1.843968684627523658e+01,-2.365499068512134581e-02,2.227643247453706121e-01,3.124078979778626905e-03,1.370049735746323716e+00,6.596055966601437337e-01,2.702756366670436283e-01,7.011876667281224940e-02,2.627483949736931113e+00,9.529146410796618838e+00,5.016254882038511109e-01,8.275361701074600562e-01,1.236611098886828852e+00,1.733320139977152285e+00,2.096768109537326730e+00
1.179999999999999938e+00,1.073953016695275153e-01,1.857696172093018916e+01,-2.348680746244083406e-02,2.687719703842271768e-01,3.014070561923694845e-03,6.061544166470271833e-01,6.575490571279049012e-01,2.713768922140900042e-01,7.107405065800506683e-02,2.607063166559619116e+00,8.736019059845052226e+00,5.055788814723971569e-01,8.339591373659889229e-01,1.235958504223423571e+00,1.736460750629345462e+00,2.099229446242875774e+00
1.189999999999999947e+00,8.324961133318269091e-02,1.868731645778474970e+01,-2.320402447596556575e-02,3.125510701670106140e-01,2.725101760721223166e-03,5.054512614957730188e-01,6.569203859769646714e-01,2.710833898491122884e-01,7.199622417392273488e-02,2.593854226424045173e+00,8.094233763248375624e+00,5.053701488403393727e-01,8.344285971571560045e-01,1.236618338653581173e+00,1.734642416410457022e+00,2.096116019794142638e+00
1.199999999999999956e+00,6.595659844120817239e-02,1.879916317583541030e+01,-2.284625699539652791e-02,3.577782602097063225e-01,2.385063225205008922e-03,6.157158933194352146e-01,6.565746250376016668e-01,2.705845456891587397e-01,7.284082927323977386e-02,2.581192342671650763e+00,7.367461784657947987e+00,5.062545632615705893e-01,8.334805152401569828e-01,1.237183533968178040e+00,1.732842158996245274e+00,2.095515539491432655e+00
1.209999999999999964e+00,2.368605382487166955e-01,1.897653754126447012e+01,-2.229774747283504166e-02,3.275701149787443311e-01,1.874948469629934746e-03,1.494824666018640391e+00,6.567923525198053891e-01,2.702409654798174632e-01,7.296668200037670360e-02,2.589990500098426018e+00,8.646543824466389694e+00,5.108804522772800727e-01,8.364166801951504748e-01,1.232581396889070202e+00,1.734702342446283518e+00,2.103758283327294087e+00
1.219999999999999973e+00,1.427084889417071234e-01,1.909694625929527234e+01,-2.280588913299656448e-02,3.952328485718318296e-01,1.663237650692263011e-03,8.505554810385265174e-01,6.550565429978389975e-01,2.723203050921128021e-01,7.262315191004801995e-02,2.571774333564728288e+00,9.711790328735531830e+00,5.131796627774382058e-01,8.339554743727113362e-01,1.228439315971198376e+00,1.731866906465330036e+00,2.094618353975326919e+00
1.229999999999999982e+00,1.053943930565324483e-01,1.923950658261837887e+01,-2.294268143383233760e-02,4.483507062956506584e-01,1.556419008477394859e-03,5.740432684679094288e-01,6.544552464903898858e-01,2.723916347610111366e-01,7.315311874859865837e-02,2.563646165724363435e+00,1.019563401240130318e+01,5.160942466814434360e-01,8.312360760702067752e-01,1.227670623988230014e+00,1.736053127063160062e+00,2.096013410259887966e+00
1.239999999999999991e+00,1.442219226161125245e-01,1.938052974802633699e+01,-2.289013237531366263e-02,5.196200691659595972e-01,1.520961544374382522e-03,6.445770036444729012e-01,6.543032976532133782e-01,2.715788306271437746e-01,7.411787171964273613e-02,2.558606684869970671e+00,1.046969992624588386e+01,5.193720884092437595e-01,8.365785245122094871e-01,1.227083902447520192e+00,1.733240010381614127e+00,2.099454350848784401e+00
1.250000000000000000e+00,3.315539337950620391e-01,1.956417446475369104e+01,-2.217703867292605130e-02,5.169558806137677376e-01,1.429251282526556059e-03,1.812065099219564157e+00,6.534086371436255147e-01,2.700574883474101129e-01,7.653387450896477484e-02,2.551076665272131727e+00,9.425437198435803410e+00,5.253369469104697265e-01,8.447568092467269141e-01,1.220639027981986757e+00,1.733702511785959022e+00,2.097166803372123578e+00
1.260000000000000009e+00,2.863054522796117385e-01,1.965429482502455727e+01,-2.028523667467994548e-02,6.622293017578663177e-01,1.424804623989253064e-03,1.316512246246904549e+00,6.517516395527541695e-01,2.712095046470587301e-01,7.703885580018694779e-02,2.534847824896438340e+00,8.879868245908468793e+00,5.254045431715779202e-01,8.472355749446792705e-01,1.218864399941272492e+00,1.733251820172325708e+00,2.099213752249721843e+00
1.270000000000000018e+00,4.280986734343351086e-01,1.971641736771272235e+01,-1.925982806223591401e-02,9.836628124682218477e-01,1.413294753070248140e-03,8.996334241653164421e-01,6.510665510342448226e-01,2.710379286886506200e-01,7.789552027710477944e-02,2.519318718290656900e+00,8.816810443325815427e+00,5.258309514106589422e-01,8.511268349233179764e-01,1.214476337465705713e+00,1.726987068224645316e+00,2.103213552622745564e+00
1.280000000000000027e+00,1.182393621687511942e-01,1.976828020761592342e+01,-1.854202491430879951e-02,4.050023139634238989e-01,2.269063388226604493e-03,1.012247913113209385e+00,6.548703030723005414e-01,2.672735934828198712e-01,7.785610344487992052e-02,2.526729167493275696e+00,9.165190603300754191e+00,5.318989428134809350e-01,8.503713506478276507e-01,1.216698000203756846e+00,1.731688481327338547e+00,2.096901267182183393e+00
1.290000000000000036e+00,9.666963236124238856e-02,1.988820254566821788e+01,-1.756314219706666541e-02,3.383576433062972511e-01,1.779835000026238354e-03,5.735365788262664077e-01,6.515070276247935110e-01,2.694936402887216920e-01,7.899933208648507454e-02,2.503646418474456681e+00,8.201842327782026487e+00,5.351868683490893508e-01,8.525488422872912198e-01,1.218586947903588236e+00,1.732596414750749325e+00,2.104060294299259670e+00
1.300000000000000044e+00,1.007022196099356393e-01,1.998255952833882176e+01,-1.738793515822624480e-02,3.766994177587588699e-01,1.615612325695283671e-03,5.318388914736327244e-01,6.498201880261026409e-01,2.705133255650885582e-01,7.966648640880871768e-02,2.491242958012742204e+00,8.315520211498922620e+00,5.339802881917690147e-01,8.521818690637991134e-01,1.215063492145696866e+00,1.728086284355526470e+00,2.103543133487731254e+00
1.310000000000000053e+00,1.107787201316885184e-01,2.008226854986527954e+01,-1.741708393432418386e-02,4.120941859142597807e-01,1.510462491593560089e-03,5.761535178460800433e-01,6.487345130711709151e-01,2.711012017753132719e-01,8.016428515351600725e-02,2.483612294826397449e+00,8.436239477681619192e+00,5.350567212195993516e-01,8.572936696718850280e-01,1.214821352796821241e+00,1.732034607275596105e+00,2.098879380756299984e+00
1.320000000000000062e+00,1.605017800561988062e-01,2.019852755360854957e+01,-1.745469141143616079e-02,4.345394276814294465e-01,1.377120807624141732e-03,8.982619943089358294e-01,6.477922393753913211e-01,2.715255972091772940e-01,8.068216341543109349e-02,2.478393873097458844e+00,8.537152094093301002e+00,5.369509232172674507e-01,8.579417342933066681e-01,1.214698177324658568e+00,1.729006935931508337e+00,2.097158922033761197e+00
1.330000000000000071e+00,2.290501679972867799e-01,2.034748985485903106e+01,-1.616099163184047879e-02,4.102658454410328948e-01,1.104811355187136678e-03,1.494473001468806350e+00,6.468052524289493732e-01,2.717480801213923991e-01,8.144666744965839422e-02,2.474831563287814173e+00,8.571100371809491136e+00,5.447288783900524622e-01,8.532160287852380565e-01,1.217609150739073609e+00,1.723939448173056110e+00,2.101000490305589885e+00
1.340000000000000080e+00,1.789536432958450385e-01,2.043398757872087046e+01,-1.558478323906018620e-02,4.722525908980321763e-01,7.906299409795947489e-04,9.364779963689731090e-01,6.454488618144734735e-01,2.730399708372097112e-01,8.151116734831724553e-02,2.457403379933712273e+00,8.869306861925277730e+00,5.442167355904179438e-01,8.534933262881320148e-01,1.218544159454281628e+00,1.725636264318711754e+00,2.102499231449717509e+00
1.350000000000000089e+00,4.513671294089027231e-01,2.050131558700984513e+01,-1.556484299760982348e-02,5.988287072187019611e-01,6.437299755252348134e-04,8.066504542273111866e-01,6.450189429315715817e-01,2.731775961652349038e-01,8.180346090319347285e-02,2.445698450027406157e+00,9.336564052481453047e+00,5.447526862587309671e-01,8.541252013592655068e-01,1.221249683464806335e+00,1.726637564389272628e+00,2.106169265667879209e+00
1.360000000000000098e+00,9.267791165087090749e-03,2.052397662716702698e+01,-1.553169446251215918e-02,1.504332333817931799e-01,3.325326015134847128e-04,5.529332177220168676e-01,6.457073635692117675e-01,2.717019340908748415e-01,8.259070233991293308e-02,2.441226421089481402e+00,1.141381725931259616e+01,5.448031639591123243e-01,8.572895204457677831e-01,1.218177135086004004e+00,1.723119499810069843e+00,2.113106021251357713e+00
1.370000000000000107e+00,-6.758723874260946958e-03,2.052184353915976800e+01,-1.549952149093553402e-02,-6.159386314661025735e-02,1.112320049780256363e-04,5.309553792435623976e-01,6.431902772902251542e-01,2.736149382743793823e-01,8.319478443539557455e-02,2.448009892219606076e+00,1.334990328787047353e+01,5.460563502200611596e-01,8.603677858163381043e-01,1.221293385469149229e+00,1.722238873196232145e+00,2.098498906016581067e+00
1.380000000000000115e+00,1.432280717653299784e-01,2.058665011805127065e+01,-1.492366139162081863e-02,3.239245133963495893e-01,2.411626001689396175e-04,5.141350937837915192e-01,6.424898977033781655e-01,2.734895441670426863e-01,8.402055812957882897e-02,2.447305527180287932e+00,1.385785206605935116e+01,5.457127489601839576e-01,8.648949915957389045e-01,1.223971953427544168e+00,1.719938737716263599e+00,2.101034873639736844e+00
1.390000000000000124e+00,2.340744429198830245e-01,2.066024029658847283e+01,-1.408925630301459744e-02,3.733923299599729018e-01,3.612155524024557719e-04,5.170583459677788873e-01,6.431133856050017528e-01,2.723770840363356482e-01,8.450953035866252960e-02,2.441193122167372387e+00,1.357684706405834874e+01,5.460096077455636188e-01,8.664747487460613407e-01,1.226329152196147021e+00,1.716872881460272726e+00,2.113430094509637591e+00
1.400000000000000133e+00,1.338233120711862512e-01,2.073716615470078395e+01,-1.314382956966148736e-02,4.468655398694665881e-01,4.781606958073738927e-04,5.479913900357414880e-01,6.438423749440947974e-01,2.711538337856409520e-01,8.500379127026466697e-02,2.433336138124169157e+00,1.286793877069418812e+01,5.480348402344235037e-01,8.631088594263158775e-01,1.229092056701218239e+00,1.714397514187629312e+00,2.115837518617500468e+00
1.409999999999999920e+00,1.147407946076830082e-01,2.083069478563394483e+01,-1.224377309011559500e-02,5.071361923575667952e-01,5.176351140167122092e-04,5.876670597342555924e-01,6.427650152142364570e-01,2.711087335895716599e-01,8.612625119619236880e-02,2.423327859336157353e+00,1.151402118756587178e+01,5.509460361196675260e-01,8.663259853879288208e-01,1.230974304244951689e+00,1.713743969435714831e+00,2.111401449090382965e+00
1.419999999999999929e+00,1.239141820109834757e-01,2.094100510369038659e+01,-1.118156759825165297e-02,5.404808485547615282e-01,5.616784910109673705e-04,6.754842067810372663e-01,6.409503801525014977e-01,2.713204297662783482e-01,8.772919008122080642e-02,2.414590121809432777e+00,1.017580189576706751e+01,5.527450319889420927e-01,8.685381877271670659e-01,1.233646975402339141e+00,1.716093873811912474e+00,2.111690433491502983e+00
1.429999999999999938e+00,1.640515214321809911e-01,2.105728947366782933e+01,-1.001498551452847940e-02,5.322671930230367110e-01,4.859322495829697516e-04,9.346377214621077734e-01,6.383977031174243866e-01,2.719116902605879793e-01,8.969060662198705125e-02,2.406551006898254741e+00,8.540063589977519243e+00,5.580922167859170280e-01,8.690032182323919052e-01,1.234793252800539420e+00,1.713766865042697152e+00,2.111863151700938968e+00
1.439999999999999947e+00,2.645890742433187337e-01,2.116906641405030953e+01,-9.154609178036185804e-03,5.262211771090600232e-01,1.538232300606606339e-04,1.564393831410006097e+00,6.356537055086338706e-01,2.726630489562472115e-01,9.168324553511907060e-02,2.407221117972266455e+00,1.040503973235176360e+01,5.589416647108981229e-01,8.713699047335726755e-01,1.242175630715368850e+00,1.713326918156708789e+00,2.104284710626343369e+00
1.449999999999999956e+00,1.349771578928233295e-01,2.123017184897240384e+01,-1.100909336942555196e-02,4.490709238509787982e-01,4.803813364844103156e-05,3.888817052396807417e-01,6.346466357394464630e-01,2.732588747351269443e-01,9.209448952542642619e-02,2.415917690998075074e+00,1.185412264966866580e+01,5.597521602604381696e-01,8.719168837673666461e-01,1.241294289929115724e+00,1.703699222905649346e+00,2.106137834015182175e+00
1.459999999999999964e+00,3.242878323925665329e-01,2.122995470101568216e+01,-1.197267892582099674e-02,4.112946516714625633e-01,-1.578460067471294727e-04,1.048420759646081946e+00,6.340724456681919863e-01,2.748057489149495769e-01,9.112180541685876989e-02,2.399840111880383819e+00,1.079636927254331269e+01,5.539666775588381054e-01,8.671465130561490930e-01,1.248217184300678184e+00,1.703980891904684158e+00,2.106138449334498119e+00
1.469999999999999973e+00,1.430804393181747958e-01,2.128343982032270176e+01,-1.078402041550585895e-02,4.117848794958374192e-01,6.868541631823823546e-05,3.918540739560826269e-01,6.337673833059085382e-01,2.739184405472176453e-01,9.231417614687385809e-02,2.390660434659306777e+00,1.012114898830095377e+01,5.584079954939183965e-01,8.664635386617010049e-01,1.248478953198362440e+00,1.708078903314157015e+00,2.110458380553153823e+00
1.479999999999999982e+00,2.346254529564214819e-01,2.134416339689425612e+01,-8.824049446647289074e-03,4.015766179178962836e-01,2.555952453117994738e-04,8.424175418662217529e-01,6.301260982581081693e-01,2.757823090013010736e-01,9.409159274059102074e-02,2.410812926186580274e+00,1.394301249214706928e+01,5.587386434602867880e-01,8.743778635726429105e-01,1.251375681310437304e+00,1.703677839822969275e+00,2.111628483401553069e+00
1.489999999999999991e+00,4.147232046738967282e-01,2.141680943604892207e+01,-8.894116878946627808e-03,3.823266533538153822e-01,7.059775246495613105e-04,4.075112274063565354e-01,6.277363121155340453e-01,2.779121379205634623e-01,9.435154996390315851e-02,2.410076266697653402e+00,1.463413090559611796e+01,5.617134450379752675e-01,8.728752631896854464e-01,1.254193683871241749e+00,1.705092093991075641e+00,2.104002805400878806e+00
1.500000000000000000e+00,2.063851671245294228e-01,2.155555276553405974e+01,-7.742027856781539229e-03,3.764598573012823968e-01,-3.421975491226373115e-04,6.594721188113037424e-01,6.220100505292269766e-01,2.794725647267985447e-01,9.851738474397418732e-02,2.363248274962545636e+00,1.098097403207293254e+01,5.666905282645409159e-01,8.752202742962309490e-01,1.256853256530084062e+00,1.700786631135374094e+00,2.109156506580844859e+00
1.510000000000000009e+00,1.845752195974140475e-01,2.165517640046507708e+01,-6.652512238877140473e-03,3.786098931040283166e-01,-1.544052784519896388e-04,7.158583941159549768e-01,6.182211113634701327e-01,2.811884684641584586e-01,1.005904201723707980e-01,2.357118716147376336e+00,1.104245023739000331e+01,5.676190538151136833e-01,8.778639548308115881e-01,1.259431408695999899e+00,1.701170942828931665e+00,2.102513163860048273e+00
1.520000000000000018e+00,1.790661948966846551e-01,2.176716757409215930e+01,-5.504611558247920512e-03,3.838386637621624131e-01,-2.173251693504291984e-04,7.445221014984347851e-01,6.144959457651546497e-01,2.832571380551883178e-01,1.022469161796574211e-01,2.350563048418718992e+00,1.113212245664214528e+01,5.719683586375405859e-01,8.764138582261551402e-01,1.262467506748450763e+00,1.702329211999630498e+00,2.099299781412462096e+00
1.530000000000000027e+00,1.819941461884636014e-01,2.189217156846306622e+01,-4.363129834852956176e-03,3.931336441723236597e-01,-4.938336097717933339e-04,7.617574906792810019e-01,6.108781395482919541e-01,2.853077221625003324e-01,1.038141382892074915e-01,2.331153251440872598e+00,9.785967378183871190e+00,5.706435148248709677e-01,8.787571961557887334e-01,1.264858361424899380e+00,1.702711131703597225e+00,2.097244078603195838e+00
1.540000000000000036e+00,3.271588881149063432e-01,2.197913806242920387e+01,-3.680799800571156466e-03,4.389542451732054151e-01,-1.220916077281139012e-03,9.891220790076412639e-01,6.079756564303611110e-01,2.863611753058625808e-01,1.056631682637763081e-01,2.306562932507567165e+00,6.933337753356367372e+00,5.740409806250637015e-01,8.804871246381731353e-01,1.270284438161243035e+00,1.704631082948809384e+00,2.088314144561500107e+00
1.550000000000000044e+00,7.412187124855794673e-01,2.190875793269085392e+01,-2.743918145099453424e-03,1.607524224417283154e+00,-1.533163424281686104e-03,4.492515985665418432e-01,6.080063514198705832e-01,2.863600177039117844e-01,1.056336308762182846e-01,2.325244081116179196e+00,1.072020385825592115e+01,5.764258007338770584e-01,8.833312733412609363e-01,1.273595963890978400e+00,1.701692659831096632e+00,2.089132808283543419e+00
1.560000000000000053e+00,5.297142624031482283e-01,2.192302727441477117e+01,-2.699050366597528523e-03,9.669549427457716506e-01,-5.652667524526570723e-04,7.260393202809535262e-01,6.080331488775412296e-01,2.881530080948805361e-01,1.038138430275786367e-01,2.299275347454127871e+00,7.833583490927172654e+00,5.779381596089430140e-01,8.851571394385603364e-01,1.272601363010802622e+00,1.703836669454356301e+00,2.092289940644929125e+00
1.570000000000000062e+00,2.585775057385714670e-01,2.195657548958701710e+01,-6.261064885112894432e-04,5.068356957406308094e-01,-1.399037951310251550e-04,7.332691542872832313e-01,6.099350432100200115e-01,2.860950486564938222e-01,1.039699081334859998e-01,2.296174527927663078e+00,6.943025052545709563e+00,5.761073501734743640e-01,8.811764344024696216e-01,1.276827363908672464e+00,1.695621489603092114e+00,2.098913186424697042e+00
1.580000000000000071e+00,2.104878225716932949e-01,2.199034844679971101e+01,8.181797893898692681e-06,4.338997872665865119e-01,-1.318830848926041608e-04,6.493508967870460502e-01,6.066213531332651510e-01,2.882565685081973084e-01,1.051220783585371799e-01,2.296207091670216638e+00,7.169298110684084513e+00,5.735037173391233090e-01,8.841772448249329841e-01,1.278107910969317640e+00,1.699704087719694057e+00,2.097876293145272353e+00
1.590000000000000080e+00,1.649159128837885124e-01,2.206431047198677931e+01,1.144128945185602210e-03,3.749538622000637700e-01,-8.361688904496902887e-06,6.236524547548609743e-01,6.040995329943502634e-01,2.893605010653318987e-01,1.065399659403178934e-01,2.293880419392833936e+00,7.041094485187082697e+00,5.706597732101131859e-01,8.852854096710423004e-01,1.277055011562204356e+00,1.703112068818910529e+00,2.104105644048015478e+00
1.600000000000000089e+00,1.485466917328620573e-01,2.214673630255461845e+01,2.564360986969602737e-03,3.816166712650116422e-01,-1.529659314545197871e-05,5.988799954455577002e-01,6.020722683664641028e-01,2.897355840052605047e-01,1.081921476282752814e-01,2.291620962446183629e+00,6.827669651689387997e+00,5.698792052827862387e-01,8.862065977791566684e-01,1.280518599065955332e+00,1.705328281628005982e+00,2.098311478805537256e+00
1.610000000000000098e+00,1.623466900236523180e-01,2.223266372103143240e+01,4.231206020810780559e-03,4.271858673689380992e-01,-1.006774067356699503e-04,6.561744173134995695e-01,6.003353337733753348e-01,2.894738517540471068e-01,1.101908144725769617e-01,2.290732015566697477e+00,6.946306195468599398e+00,5.730825920851514432e-01,8.820533228374075607e-01,1.284453826595510550e+00,1.705489825010826355e+00,2.100400319948845240e+00
1.620000000000000107e+00,2.292866176451305582e-01,2.233067703043795404e+01,6.217414848270898069e-03,4.568718448390952647e-01,-3.555574651670099975e-04,9.820712509808370294e-01,5.990114260495811305e-01,2.884118381534318543e-01,1.125767357969878202e-01,2.290376652860696804e+00,7.033082842442211380e+00,5.748378183788757090e-01,8.836259195178046699e-01,1.282969956171545300e+00,1.704282410804528691e+00,2.094270842520483011e+00
1.630000000000000115e+00,1.496409388747423075e-01,2.243821762040336054e+01,8.335385910060505096e-03,4.070023106211111963e-01,-1.122611349603775755e-03,1.424070074572656441e+00,5.990201287254530715e-01,2.861900441127698258e-01,1.147898271617767973e-01,2.290925096096609881e+00,7.037600461793381612e+00,5.748600326687035578e-01,8.848773306435691044e-01,1.286800794173618367e+00,1.701890586202727373e+00,2.096972040841449392e+00
1.640000000000000124e+00,1.429827254859360186e-01,2.251458388155495882e+01,9.709405711915542955e-03,5.179623438802897217e-01,-6.457745420470439694e-04,1.030943963619201265e+00,5.993938762818904475e-01,2.855933085930264514e-01,1.150128151250834341e-01,2.297463131837102157e+00,7.192180537522928852e+00,5.700103387893705742e-01,8.861439073700116964e-01,1.288204151373203654e+00,1.701497979510192105e+00,2.090823371585825097e+00
1.650000000000000133e+00,1.169178069815936805e-01,2.263433248739095305e+01,1.097596886784100480e-02,6.243296296299266634e-01,-7.067416185124160768e-04,7.959166973692983760e-01,5.987929906373530287e-01,2.853116239784945218e-01,1.158953853841529491e-01,2.299402502147767535e+00,7.282438788097294058e+00,5.670315297030954493e-01,8.867850266673631410e-01,1.289283002096080377e+00,1.700938781414659040e+00,2.089842912268335517e+00
1.660000000000000142e+00,1.655642275089962701e-01,2.276429264523097373e+01,1.220177380161943659e-02,7.586642942091170738e-01,-3.913976848448785404e-04,6.908488163745285515e-01,5.974484728175797343e-01,2.853755440422994782e-01,1.171759831401211205e-01,2.300819876850328072e+00,7.650024368026280719e+00,5.715695551027933918e-01,8.932743456200188392e-01,1.292545102981247584e+00,1.699331231343391480e+00,2.085605252807625654e+00
1.669999999999999929e+00,1.381145135892652698e-01,2.290419794801972131e+01,1.334331504980243270e-02,8.607464332739199753e-01,2.577618488175269752e-05,6.699804058580285382e-01,5.951195103375905848e-01,2.856637231393543419e-01,1.192167665230552259e-01,2.300137485858276154e+00,7.719687536574471487e+00,5.722985863099881998e-01,8.925890604053887678e-01,1.293004901566772613e+00,1.698113527693863034e+00,2.080520590047431728e+00
1.679999999999999938e+00,1.638830419855599740e-01,2.299874421121632651e+01,1.421281387999253146e-02,3.867382660845614661e-01,1.038054055854424878e-03,6.528654221112614175e-01,5.947096606342836544e-01,2.855306830372182914e-01,1.197596563284976934e-01,2.300247165257027326e+00,7.648133581698014716e+00,5.724872258641734435e-01,8.988814492003541767e-01,1.291358999675811692e+00,1.699185779851716926e+00,2.081034282643714484e+00
1.689999999999999947e+00,1.657219814441864558e-01,2.309706153479677937e+01,1.449402497385603346e-02,7.221486144336198842e-01,1.009248224174728393e-04,8.721289053256462420e-01,5.902736790817797452e-01,2.891767421842767471e-01,1.205495787339433134e-01,2.285215945999752307e+00,7.444351029345300574e+00,5.772919180937186034e-01,8.913077937752954538e-01,1.296855913283550432e+00,1.696486663102816150e+00,2.088973096887410286e+00
1.699999999999999956e+00,1.219843289757416294e-01,2.322403218936004166e+01,1.489227868773712604e-02,5.596129126563448297e-01,2.705493362998891149e-04,9.468573907078421392e-01,5.886626002326502682e-01,2.901593059511248240e-01,1.211780938162248522e-01,2.276611862855933310e+00,7.532845630708888685e+00,5.726418056480172547e-01,8.922019475162443758e-01,1.299854541521043849e+00,1.694916103906512150e+00,2.084389386175124592e+00
1.709999999999999964e+00,7.571705747666053476e-02,2.335293854964331928e+01,1.535248116287511559e-02,4.826070098037552047e-01,5.461641717176944502e-04,9.152947122284110781e-01,5.877492558969317216e-01,2.904746772771497065e-01,1.217760668259183776e-01,2.271632681344876836e+00,7.437077828719828254e+00,5.729113865098393044e-01,8.901443349693719531e-01,1.295047957899133184e+00,1.697001726300430891e+00,2.088051649595226600e+00
1.719999999999999973e+00,-4.097940751696767248e-02,2.345944871130927112e+01,1.595650596780285105e-02,4.376354818737434593e-01,7.017941139001383950e-04,8.588307095028486771e-01,5.876218525482322930e-01,2.908002381929032931e-01,1.215779092588643862e-01,2.268144265426433215e+00,7.214204475956659479e+00,5.748100552979664712e-01,8.927699338038476151e-01,1.295709009810258161e+00,1.698958296157350834e+00,2.086347141866569554e+00
1.729999999999999982e+00,-1.736033604035954261e-02,2.353721147387700796e+01,1.727934860295400263e-02,4.153213210109899522e-01,6.207235527403731114e-04,8.192910014555719878e-01,5.889120221223349549e-01,2.906400822554920382e-01,1.204478956221724795e-01,2.265468969678543498e+00,6.899864283747237259e+00,5.758011235266673467e-01,8.941978361724345348e-01,1.292670535875059201e+00,1.695312899794453543e+00,2.089410007803255365e+00
1.739999999999999991e+00,4.723417011626680762e-02,2.363490480517927850e+01,1.927182182797931853e-02,4.277028394476150575e-01,-6.538803637137966234e-04,7.728760749319859569e-01,5.898090328148298811e-01,2.899434900515356905e-01,1.202474771336339981e-01,2.264838955529504094e+00,6.879365027899087437e+00,5.818715970220295075e-01,8.963014883230764340e-01,1.292662167506420268e+00,1.693340438483012189e+00,2.091582918924231205e+00
1.750000000000000000e+00,8.824393668591834494e-02,2.372378596683040897e+01,2.090382224283976464e-02,4.138854414081387101e-01,-9.143680828824580695e-05,7.379098223033735415e-01,5.901293011776526098e-01,2.896127446336624334e-01,1.202579541886852205e-01,2.264072878517072951e+00,6.754116601803212383e+00,5.821363128523284747e-01,8.934010979478690384e-01,1.289438397760756860e+00,1.694634217397003706e+00,2.082258004450558975e+00
1.760000000000000009e+00,8.091790428795206380e-02,2.384082517046190119e+01,2.228183491998281945e-02,4.052318038324428384e-01,-1.492017770394675838e-04,7.734590270634070786e-01,5.889470140689092581e-01,2.910176527129527679e-01,1.200353332181382238e-01,2.261156676558011558e+00,6.521117042764967842e+00,5.902338497242652915e-01,8.967943887176310636e-01,1.291191057330344449e+00,1.691472286919095014e+00,2.084260476740844137e+00
1.770000000000000018e+00,6.453708127975654740e-02,2.397734202974224971e+01,2.360330961219440221e-02,4.019617524721572077e-01,-6.857914979516613980e-04,8.404940351361384065e-01,5.876561533131332560e-01,2.924083690393382562e-01,1.199354776475283907e-01,2.256584949729175005e+00,6.387857823971182292e+00,5.933173993769044197e-01,8.965165336501658144e-01,1.289796495499331286e+00,1.690653794869265258e+00,2.081135835779114096e+00
1.780000000000000027e+00,3.883621207201304326e-02,2.412566285423261547e+01,2.472061772506787408e-02,4.018011268797078706e-01,-1.909642746633201686e-03,9.405443865838185591e-01,5.863100348271681472e-01,2.938406246847138359e-01,1.198493404881176838e-01,2.251261294388272827e+00,6.386536975021804174e+00,5.952139924067049170e-01,8.977433366258340541e-01,1.290660177914230378e+00,1.689592152075948039e+00,2.080125869661311189e+00
1.790000000000000036e+00,3.855059820179498192e-02,2.427049731926978282e+01,2.526742283329437913e-02,4.106454762182142337e-01,-3.499521425746423154e-03,9.357555341539107729e-01,5.854860900644346389e-01,2.950450223704432218e-01,1.194688875651212651e-01,2.249545076714809078e+00,6.546666987599588872e+00,5.938390936796178465e-01,8.958466548746633062e-01,1.289614412250700504e+00,1.687044925899689574e+00,2.080974505698402588e+00
1.800000000000000044e+00,6.288786481422281582e-02,2.438517825879321421e+01,2.455804687220968993e-02,4.028547665790256915e-01,-4.356307428050515407e-03,6.707294352867280152e-01,5.857979222218027138e-01,2.954462857525257946e-01,1.187557920256715610e-01,2.245351388794780689e+00,6.575637201423856659e+00,5.958824097971481271e-01,8.921518552757881082e-01,1.289478489645870418e+00,1.688213797086862256e+00,2.083386346849630311e+00
1.810000000000000053e+00,6.785514394622349510e-02,2.448674736231504667e+01,2.411579908382151943e-02,4.015430511535835745e-01,-5.720443959207619118e-03,5.886190406758644578e-01,5.855256087265556797e-01,2.955561310598158187e-01,1.189182602136282380e-01,2.243130242506094607e+00,6.634476411368741111e+00,5.937923075628549485e-01,8.883365532347340388e-01,1.285944751517128282e+00,1.690059664928800887e+00,2.084030516300714009e+00
1.820000000000000062e+00,7.673079004548959137e-02,2.458040520643857363e+01,2.417197567993383325e-02,3.985192298213964257e-01,-7.190660394542190345e-03,5.801816331918219216e-01,5.852719709230578271e-01,2.957249616303966877e-01,1.190030674465452493e-01,2.242520373441884818e+00,6.664596713644641568e+00,5.943924205956684359e-01,8.883112798196535209e-01,1.288449072337565227e+00,1.689243377871536334e+00,2.078756465474057791e+00
1.830000000000000071e+00,1.010650405631888099e-01,2.466702634953629669e+01,2.472865164810258629e-02,3.957340319575502474e-01,-8.920981024473743914e-03,5.338867824959785402e-01,5.852917655639250372e-01,2.959696634912639124e-01,1.187385709448107313e-01,2.244721018047892258e+00,6.589489416550687650e+00,5.942745064096334184e-01,8.859812592999036784e-01,1.287734346226055315e+00,1.693021508339773051e+00,2.072695673707892094e+00
1.840000000000000080e+00,7.818275681267575217e-02,2.471516576538929755e+01,2.579464520651568102e-02,4.064702998324854488e-01,-1.096132946571697075e-02,4.576043180240395580e-01,5.859735204583665924e-01,2.960295576282321872e-01,1.179969219134012759e-01,2.250203151667707235e+00,7.024742746848575692e+00,5.846978922865707640e-01,8.878288354248143888e-01,1.288900616143658695e+00,1.690043418041148326e+00,2.078996971946454497e+00
1.850000000000000089e+00,4.321356787604475891e-02,2.471238626842718134e+01,2.734022348285538098e-02,4.696500525078571853e-01,-1.256219460878729537e-02,4.013653359257037812e-01,5.871171106814414564e-01,2.961113196118075330e-01,1.167715697067512881e-01,2.260763083314301536e+00,8.352946557907806380e+00,5.899001408158468518e-01,8.943999510285496335e-01,1.292319220439482885e+00,1.688714385931488149e+00,2.083256764390198690e+00
1.860000000000000098e+00,4.215003304679905416e-02,2.468492884805930032e+01,2.853441038862230064e-02,7.586170328255741335e-01,-1.259815373662076521e-02,2.114858674673864014e-01,5.876034345546405913e-01,2.973158571048660770e-01,1.150807083404932485e-01,2.273556033414171118e+00,1.028931509171224334e+01,5.912052427555793965e-01,8.909866549021230320e-01,1.289037454121067183e+00,1.696949055637188009e+00,2.080464724085335337e+00
1.870000000000000107e+00,1.275249744985893774e-01,2.467044215385963568e+01,2.900006326125834782e-02,9.512018976669942560e-01,-1.196282385846541597e-02,2.478747015619600647e-01,5.866915523619951056e-01,3.000367775475460963e-01,1.132716700904593948e-01,2.284546826354471261e+00,1.191671794152861530e+01,5.920165602470481847e-01,8.937163365233495860e-01,1.290280323772046822e+00,1.702260258717290364e+00,2.087889201696275343e+00
1.880000000000000115e+00,1.020305663550485215e-01,2.465152754747774111e+01,2.866568337326579410e-02,4.731273281747645498e-01,-1.236088557615475439e-02,1.118246408322094015e-01,5.856657616805186484e-01,3.024889282148259251e-01,1.118453101046551906e-01,2.298104839636986085e+00,1.336292954127914889e+01,5.918306516864851874e-01,8.967236647349270395e-01,1.291248877639743942e+00,1.698127096312801454e+00,2.079905757665429178e+00
1.890000000000000124e+00,-9.718328049998246898e-02,2.461385707920397081e+01,2.786301631668548079e-02,3.892321540071339014e-01,-1.164410776805340463e-02,1.055224783340821537e-01,5.853398655794688210e-01,3.044815908536292470e-01,1.101785435669018348e-01,2.312503935573496872e+00,1.403559490131175203e+01,5.959555975050434551e-01,8.983963184206263941e-01,1.296612537046376357e+00,1.697539514728644727e+00,2.083312341304142112e+00
1.900000000000000133e+00,-8.158874390230885787e-02,2.451188298870883031e+01,2.757342686404966672e-02,4.185672211828027067e-01,-9.978941618529258914e-03,3.562778003727853915e-01,5.817021992660688090e-01,3.091175299363605466e-01,1.091802707975703668e-01,2.330228954643150274e+00,1.482560961831367941e+01,5.967921665912588880e-01,9.027451854883808968e-01,1.302939834785205697e+00,1.704123970293719426e+00,2.083940907214180793e+00
1.910000000000000142e+00,-6.698547698898257852e-02,2.441339801392273756e+01,2.841950833533738591e-02,1.949341189714176026e-01,-1.030201456825146494e-02,6.119735821612853899e-01,5.762630897742728742e-01,3.145961818215474715e-01,1.091407284041799181e-01,2.421663538316041198e+00,2.342517798055167333e+01,6.016177549234262845e-01,9.034302857140839027e-01,1.298809816089100178e+00,1.704654507014276676e+00,2.066175051281620600e+00
1.919999999999999929e+00,-1.465673629969215519e-01,2.437193239614308027e+01,2.919530854077920928e-02,-2.190823866829043898e-01,-9.165583479505263337e-03,6.473191181328421528e-01,5.746234741905449361e-01,3.154836013030253850e-01,1.098929245064297067e-01,2.469477365845892169e+00,2.260951633530562788e+01,6.110811388795707177e-01,9.008404020608602458e-01,1.297728317756540406e+00,1.702640702749648849e+00,2.074323993312289005e+00
1.929999999999999938e+00,4.777567921710767357e-02,2.443484941287449175e+01,2.961237981002044425e-02,5.545878926072351778e-01,-8.029420578447897874e-03,6.498050855086402455e-01,5.744892443321859554e-01,3.143306218146122988e-01,1.111801338532014960e-01,2.454502987080173337e+00,2.154532737494639960e+01,6.017114510192401733e-01,8.996165953887621525e-01,1.300209363237553983e+00,1.701195798509787638e+00,2.072128769609229426e+00
1.939999999999999947e+00,5.215276238349721843e-02,2.453868287676951709e+01,3.030676017503357300e-02,6.383550547922970386e-01,-7.801361488528490810e-03,6.683183267168475439e-01,5.717168801803765854e-01,3.156748354361775255e-01,1.126082843834462499e-01,2.451450582334201655e+00,2.375224941054370476e+01,6.070121239169982141e-01,8.986729402159023827e-01,1.299301890065755805e+00,1.702052387778500320e+00,2.067821794756036002e+00
1.949999999999999956e+00,6.055271353901250236e-02,2.462834193748883393e+01,3.091290941853483756e-02,5.873875977218384614e-01,-7.585099042700989974e-03,6.949870123097593444e-01,5.702140060035993940e-01,3.163198289006299846e-01,1.134661650957704548e-01,2.461567106511788339e+00,2.571452464580702113e+01,6.039238742676625860e-01,8.992900680117150713e-01,1.299029626910651825e+00,1.701673205224681018e+00,2.064301980345552678e+00
1.959999999999999964e+00,8.821540519282655701e-02,2.471685402975938572e+01,3.136148540713949023e-02,4.882585091347244055e-01,-7.445844962904771616e-03,7.380149903484327645e-01,5.691421580798283753e-01,3.166922867138696196e-01,1.141655552063016443e-01,2.429483252092663914e+00,2.285708019632216903e+01,6.010273352308653783e-01,9.035139687383991758e-01,1.299293356083456530e+00,1.703242003969679841e+00,2.059862337786702025e+00
1.969999999999999973e+00,1.015706013561586268e-01,2.480418904289117776e+01,3.164379678159141146e-02,4.500879003366768938e-01,-7.339852832244370649e-03,7.890957652222745367e-01,5.684663446225637351e-01,3.170956233559242277e-01,1.144380320215120928e-01,2.389982995082264861e+00,1.866318668752066046e+01,6.041609586435359169e-01,9.089001307806348073e-01,1.298679491474339365e+00,1.701065747487985114e+00,2.061291869323737203e+00
1.979999999999999982e+00,1.085229412523397718e-01,2.489185837216768604e+01,3.206201153667798814e-02,4.415757995342429187e-01,-7.234725462174366496e-03,8.488288073664103095e-01,5.681259919274113113e-01,3.174765293522152088e-01,1.143974787203739657e-01,2.356195468021444306e+00,1.526735379495277378e+01,6.021810303087818950e-01,9.090530933816843850e-01,1.302066980802329965e+00,1.704976059567214763e+00,2.055074211219650060e+00
1.989999999999999991e+00,1.145541008460520815e-01,2.498114728746826074e+01,3.292781647813205342e-02,4.390195239640530822e-01,-7.080476958789736451e-03,9.143738510394855412e-01,5.680309311517597326e-01,3.178466536217634530e-01,1.141224152264770642e-01,2.328948749882290503e+00,1.290284393740629554e+01,5.975575367359636791e-01,9.067231685124451657e-01,1.300120474431702977e+00,1.706672918322723165e+00,2.058344087374472497e+00
2.000000000000000000e+00,1.097169447067240788e-01,2.507410011442663844e+01,3.425885782215047637e-02,4.316476001822487363e-01,-6.840569589579401262e-03,9.180966436828423838e-01,5.680831292574822777e-01,3.182760025555889660e-01,1.136408681869285481e-01,2.308601802456494934e+00,1.172083724185018561e+01,5.942558795959922424e-01,9.059439921218737091e-01,1.293827887485413664e+00,1.702419407751973424e+00,2.056720714428869723e+00
2.010000000000000231e+00,9.219633536221642778e-02,2.516094321406920642e+01,3.495312594908366738e-02,4.186884344753369902e-01,-6.588366056131078098e-03,7.816799109181783445e-01,5.682352624105645456e-01,3.187350989787445243e-01,1.130296386106909717e-01,2.296493598159464078e+00,1.205004509663148404e+01,5.956381058319180077e-01,9.076626315728562044e-01,1.294695796301064572e+00,1.699300341803838155e+00,2.056856787815216858e+00
2.020000000000000018e+00,8.246721614696685132e-02,2.524003057535910344e+01,3.478792451713838552e-02,4.006198621216437439e-01,-6.311206683802854378e-03,6.665108235780060619e-01,5.684600415071355828e-01,3.188914284846095515e-01,1.126485300082549212e-01,2.284146718705469592e+00,1.188509583151247817e+01,5.956312458149999323e-01,9.053002474924400911e-01,1.294981612146849148e+00,1.706168247561461015e+00,2.059177491652316672e+00
2.030000000000000249e+00,8.892046731644416557e-02,2.531831445504705158e+01,3.478793409182404789e-02,4.165242839488783599e-01,-5.743644985383292330e-03,6.178878275165450296e-01,5.685343317116374751e-01,3.188409769311751907e-01,1.126246913571874175e-01,2.272646841884628621e+00,1.148745337582177939e+01,5.954922367722399468e-01,9.064177466460858756e-01,1.295759270877490765e+00,1.706233084887703644e+00,2.061011202209264148e+00
2.040000000000000036e+00,1.090392546242381355e-01,2.540401200270154547e+01,3.506593700933659241e-02,4.924702330340131606e-01,-4.892389836789350945e-03,5.942428530279134646e-01,5.680943409007771505e-01,3.189651642798287945e-01,1.129404948193943325e-01,2.261428877784028568e+00,1.101389232934012341e+01,5.963929641726154474e-01,8.999221231274857624e-01,1.295388818031010914e+00,1.706866267363447598e+00,2.056118885729831369e+00
2.049999999999999822e+00,1.241607657332041426e-01,2.550019410994083913e+01,3.486978000187021531e-02,5.713915406458907054e-01,-3.894994149913101611e-03,5.783449162145917199e-01,5.669324569763711796e-01,3.195943504217935716e-01,1.134731926018351933e-01,2.250983386743383274e+00,1.048916931552165366e+01,5.952171811970524695e-01,9.000914893137474948e-01,1.297500491151819979e+00,1.708799728998700918e+00,2.051806456114646515e+00
2.060000000000000053e+00,1.190596620394511751e-01,2.559572858632531123e+01,3.305901937688174308e-02,5.832660809815546354e-01,-2.843265687737070620e-03,5.733310916696944259e-01,5.656460728219147027e-01,3.203573650282065532e-01,1.139965621498781750e-01,2.242615925717434067e+00,9.987426570100241818e+00,5.990140910530803442e-01,9.017417067276471965e-01,1.296977495835467842e+00,1.706501866448252969e+00,2.052797110669468683e+00
2.069999999999999840e+00,1.033996989780525400e-01,2.568164385752839962e+01,3.054253083723374243e-02,5.576769112400006279e-01,-1.878184513921876382e-03,5.698123068463530894e-01,5.647311356254203218e-01,3.208251306195272767e-01,1.144437337550529149e-01,2.234487581454684957e+00,9.360934688820194083e+00,5.997785086670547328e-01,8.959830563097737066e-01,1.296864339839880920e+00,1.703323798887167451e+00,2.052136799886624896e+00
2.080000000000000071e+00,8.086532651882979983e-02,2.576166370562027552e+01,2.885660299076549598e-02,5.019676290770734850e-01,-1.149926765009664240e-03,5.584639583456437739e-01,5.638952970687780564e-01,3.212620358434712386e-01,1.148426670877503025e-01,2.225609902932696116e+00,8.550978025708152686e+00,6.001897076349400617e-01,8.955124660436710737e-01,1.296181762124583692e+00,1.699803989874342669e+00,2.046577142433242180e+00
2.089999999999999858e+00,6.179339172829586418e-02,2.584022123732809106e+01,2.794563226849159504e-02,4.199838613299726742e-01,-6.538611659760493579e-04,5.411963028730285563e-01,5.630577765647273303e-01,3.218255628821343195e-01,1.151166605531381282e-01,2.218679765853110553e+00,7.862060379696502288e+00,6.008585004946001007e-01,8.975551091384779134e-01,1.294466305361958947e+00,1.697481229812927594e+00,2.045266819635575217e+00
2.100000000000000089e+00,6.552267383125312539e-02,2.591769344124811525e+01,2.719743318195635279e-02,3.807066120609400306e-01,-4.908173639315242939e-04,5.165268074962078293e-01,5.624264878571327841e-01,3.223691736920299422e-01,1.152043384508373430e-01,2.214313960804886960e+00,7.429381919521472533e+00,5.962240591085552488e-01,9.008272474543493891e-01,1.292113551049634879e+00,1.703043029495879823e+00,2.044568167425939276e+00
2.109999999999999876e+00,8.670263450409761152e-02,2.599456731416880828e+01,2.596554307737538453e-02,4.140640917076462979e-01,-7.586548779345720370e-04,4.896978869101786813e-01,5.620246430250821490e-01,3.228504409418108123e-01,1.151249160331071775e-01,2.210810789943581600e+00,7.123531893032759577e+00,5.924625175468030136e-01,8.980334315979021653e-01,1.292063995586123948e+00,1.703451942790759954e+00,2.043046670031275713e+00
2.120000000000000107e+00,9.179778336467103728e-02,2.607862454271729291e+01,2.418574354759582545e-02,4.192329211883958351e-01,-1.341405872886210736e-03,4.741989907992666398e-01,5.618136345300654977e-01,3.231926701053291495e-01,1.149936953646054222e-01,2.207817550276888419e+00,6.908428320066087203e+00,5.929795814512659469e-01,8.958019493991309368e-01,1.291256567898644958e+00,1.703774307346445527e+00,2.045573710712209614e+00
2.129999999999999893e+00,9.019977759057813682e-02,2.617439617395979568e+01,2.236975307580078495e-02,4.167597135364622951e-01,-2.109738602986827461e-03,4.652513444496103046e-01,5.617822699816373833e-01,3.232914098232334554e-01,1.149263201951287172e-01,2.204944854099035734e+00,6.766250599309956648e+00,5.942260281633057195e-01,8.970042814314200808e-01,1.290421639831663470e+00,1.704275711536545224e+00,2.049927998204947865e+00
2.140000000000000124e+00,7.944347666129540630e-02,2.627806149137949987e+01,2.072785065035165700e-02,4.201885176566172442e-01,-2.932080005161949096e-03,4.494935893617472145e-01,5.618538217149883218e-01,3.231565139792970665e-01,1.149896643057148060e-01,2.201962784119945393e+00,6.691624600655941890e+00,5.938846852347428040e-01,8.943597580288340509e-01,1.288843685478867407e+00,1.702501839625931712e+00,2.053460373219295754e+00
2.149999999999999911e+00,5.527458351300092165e-02,2.638307845276021268e+01,1.903632608862996720e-02,4.195377758330252060e-01,-3.650422686224386731e-03,4.291681290467967980e-01,5.617834028264204749e-01,3.229992793585104716e-01,1.152173178150690813e-01,2.198646642608944379e+00,6.758755491535175075e+00,5.967396116393764993e-01,8.921716461469350046e-01,1.288534184059999532e+00,1.702284209330663156e+00,2.054785914067019714e+00
2.160000000000000142e+00,4.603447667301319157e-02,2.647834249432741061e+01,1.681896159962850690e-02,3.921109780436555781e-01,-4.389827996346356773e-03,4.561235867873006944e-01,5.615362696202360615e-01,3.230366239323254063e-01,1.154271064474383657e-01,2.192556392612288185e+00,6.628650606066702977e+00,5.924112894314718103e-01,8.935766011279749899e-01,1.289256675991919288e+00,1.701710544330871766e+00,2.059244045341126039e+00
2.169999999999999929e+00,6.553848693029623584e-02,2.655749528581134911e+01,1.431103458364478900e-02,3.716658557785691985e-01,-5.837701575613620832e-03,5.641560069399099708e-01,5.612516390766093544e-01,3.234230263197018229e-01,1.153253346036888921e-01,2.183118380894606414e+00,6.035143239886626709e+00,5.932001991682763764e-01,9.005071929802302977e-01,1.286904157797624126e+00,1.701884089958686008e+00,2.052036064422954276e+00
2.180000000000000160e+00,-3.782749027055910818e-02,2.663444887117450577e+01,1.280495202521209248e-02,3.899298353961020425e-01,-7.210118189138341876e-03,-1.650866808987389717e-02,5.609090039711934761e-01,3.242356827953139509e-01,1.148553132334927118e-01,2.174930638679889228e+00,5.811767673846157223e+00,6.008754871950990895e-01,9.010821601027069194e-01,1.289209546099323145e+00,1.704276412857091527e+00,2.041971710912421578e+00
2.189999999999999947e+00,9.250940261985698965e-02,2.672919879013673849e+01,1.180796386348593498e-02,3.898202561353796280e-01,-9.913107149756076458e-03,5.886432021580096929e-01,5.616295387891268032e-01,3.238694761494322893e-01,1.145009850614409075e-01,2.166602047709591083e+00,5.933550439098292273e+00,6.033917166564566337e-01,9.035698567645726875e-01,1.288449144687325409e+00,1.701879203797314055e+00,2.043773981500089043e+00
2.200000000000000178e+00,8.758199323222116972e-02,2.678066256065812922e+01,1.176930405886923367e-02,4.332971764574380935e-01,-6.757853807457715571e-03,4.846669724594054873e-01,5.629492739757817610e-01,3.232843955677155434e-01,1.137663304565025152e-01,2.165059239111966960e+00,6.157126375797691509e+00,6.043326149976421258e-01,8.988887795134289371e-01,1.286376008796374482e+00,1.700357299741456218e+00,2.052326881574687345e+00
2.209999999999999964e+00,2.918153901577535871e-03,2.680994535193363149e+01,1.254003085206294686e-02,4.453150305085120109e-01,-2.023578599446253755e-03,2.986557544005415954e-01,5.648537176900900736e-01,3.226126991752085171e-01,1.125335831347013121e-01,2.165526588047237855e+00,6.216708617080380250e+00,5.990635987885524205e-01,8.987962690186490633e-01,1.283451005319152571e+00,1.695901205321597605e+00,2.046479581644878198e+00
2.220000000000000195e+00,1.864210210576177501e-02,2.680538464292036593e+01,1.279298143009282088e-02,4.760088143402214089e-01,-3.034054638682358741e-03,3.697963076744384958e-01,5.668615742186421391e-01,3.222411604261650186e-01,1.108972653551930782e-01,2.166715333864754456e+00,6.272075721216100241e+00,5.935661430225270818e-01,8.972835842888253755e-01,1.280828933171711093e+00,1.702276818280984871e+00,2.049551418640201295e+00
2.229999999999999982e+00,5.427038184963282885e-02,2.685048248637271229e+01,1.399774095840751811e-02,6.748692448706360425e-01,-6.376262593611314346e-03,3.968620266349753845e-01,5.657690811851292523e-01,3.236272332041938427e-01,1.106036856106767802e-01,2.160259114642065992e+00,6.732488367417645669e+00,5.995966538368702192e-01,8.968124494963924942e-01,1.284015299217094341e+00,1.705428242406690442e+00,2.055026448886071666e+00
2.240000000000000213e+00,7.362261234627577589e-02,2.697628295087307038e+01,1.834840091228150116e-02,7.635729273871348921e-01,-4.445632563136018428e-03,2.802156202616540859e-01,5.641923415079784787e-01,3.250472488268231208e-01,1.107604096651980397e-01,2.149749380657031139e+00,6.907364565160922787e+00,6.096362949429063871e-01,8.915483484171282669e-01,1.282560566035821470e+00,1.707885569066574627e+00,2.061855841028093383e+00
2.250000000000000000e+00,7.187116481184130379e-02,2.711482977177334774e+01,2.640887963179879699e-02,6.502288965743743265e-01,-2.022365999234875759e-03,2.897162559967128015e-01,5.611234657579534657e-01,3.269181129441794953e-01,1.119584212978669835e-01,2.144114039632374347e+00,6.974521363521767547e+00,6.034065149270745332e-01,8.910103149927283139e-01,1.287583828700297417e+00,1.706205866994199738e+00,2.052289259704284774e+00
2.260000000000000231e+00,5.322651334441563797e-02,2.724786785736374739e+01,3.061603566101266105e-02,5.526566261222367604e-01,-7.954685392540065958e-04,2.577252959528578691e-01,5.586664743811539102e-01,3.281852665295691418e-01,1.131482590892765455e-01,2.138411747504855853e+00,6.934264785976530732e+00,5.975704171918461149e-01,8.931315335824643320e-01,1.286947581426452381e+00,1.702607811890014755e+00,2.048980611255537099e+00
2.270000000000000018e+00,4.477063678949520786e-02,2.736376052243574364e+01,3.201722624997795780e-02,4.939484265882841396e-01,-5.099719555518063144e-04,2.163652555731344629e-01,5.565466344877396665e-01,3.291023670561837311e-01,1.143509984560767134e-01,2.133266981732077738e+00,6.984992020915666622e+00,5.953753509034831470e-01,8.929674018760254128e-01,1.289672221057712287e+00,1.700818296663504370e+00,2.043228264100485525e+00
2.280000000000000249e+00,4.718184061402171808e-02,2.746172173598106525e+01,3.110209378969627791e-02,4.635755105566503609e-01,-3.329218941621096091e-04,1.882471666913189401e-01,5.545908151413641018e-01,3.299872710973472123e-01,1.154219137612886303e-01,2.128720615296322727e+00,7.069502454222346799e+00,5.995734636930218908e-01,8.956761713981058470e-01,1.290192387777028493e+00,1.698545370681115552e+00,2.035966270663675193e+00
2.290000000000000036e+00,9.288965677189404968e-02,2.753937372513770399e+01,2.787237328328833613e-02,4.573220191238827059e-01,-1.483624756362255282e-04,2.948226851192973230e-01,5.526695266789970473e-01,3.310656073035490032e-01,1.162648660174538523e-01,2.124476139692975885e+00,7.176963704320383997e+00,5.954129788867282835e-01,8.978040009135915822e-01,1.293268425989973824e+00,1.698025876670798073e+00,2.029970419030935336e+00
2.300000000000000266e+00,1.801544012491095581e-01,2.759780408987582945e+01,2.364030183005072505e-02,4.647196777933583767e-01,-6.244359052337636069e-04,5.728486668945869109e-01,5.510409639049336228e-01,3.321807680528333639e-01,1.167782680422328745e-01,2.120692507062333920e+00,7.233186467000392916e+00,6.041973598223912001e-01,9.039360552965871598e-01,1.290836523514858225e+00,1.696977640839996804e+00,2.026958001512088270e+00
2.310000000000000053e+00,2.197057413801457026e-01,2.762623275507247556e+01,1.715138730693273328e-02,4.660287863441974765e-01,-2.815167672108531086e-03,8.287160233463548575e-01,5.506434713643384438e-01,3.326404151132420495e-01,1.167161135224196455e-01,2.115888524157605310e+00,7.242244149339131631e+00,6.003539968158728701e-01,9.008063442188115610e-01,1.291487902526560205e+00,1.692304022386863949e+00,2.029255964157348213e+00
2.319999999999999840e+00,1.935292451957720261e-01,2.758597378851190740e+01,1.347353190184809660e-02,4.802637338832391189e-01,-5.691834214621801016e-03,7.092627292324661381e-01,5.517854159892409127e-01,3.326674535118371301e-01,1.155471304989221099e-01,2.115021189730379891e+00,7.268802416448161274e+00,5.995622060245415774e-01,9.032635602993233093e-01,1.293147382029156356e+00,1.691376910391631405e+00,2.028950559666018894e+00
2.330000000000000071e+00,2.441359532645123454e-01,2.749857104987484036e+01,1.063863981522292224e-02,4.963089765515127927e-01,-4.795614410561863279e-03,6.767756226108577744e-01,5.508312920725301209e-01,3.352688484986846573e-01,1.138998594287855270e-01,2.123187558319865165e+00,6.683016388721088497e+00,6.053764740181912796e-01,9.048413991276513801e-01,1.290452174310362299e+00,1.687146867265995720e+00,2.024955787492023873e+00
2.339999999999999858e+00,1.938942432908352109e-01,2.757148435440938883e+01,1.564063242934792160e-03,5.263777606712380930e-01,-4.883975533238992493e-03,6.377035652117877262e-01,5.470877158589616540e-01,3.397886131236397267e-01,1.131236710173987581e-01,2.114147179469324289e+00,6.689910680904765705e+00,5.971746932850799938e-01,9.035129638486572023e-01,1.289099034532882548e+00,1.691297403969024060e+00,2.028239064071866160e+00
2.350000000000000089e+00,1.773967548766473001e-01,2.760969697978200088e+01,-1.388916993210468536e-03,4.940223357437662499e-01,-8.237775903338975803e-03,6.678436140558419165e-01,5.467478420097833247e-01,3.416191298340088833e-01,1.116330281562077226e-01,2.110665874852326596e+00,6.754720070598758674e+00,5.954507692638315586e-01,9.024940715461607921e-01,1.290513117174934887e+00,1.688754519743193017e+00,2.036215707982215850e+00
2.359999999999999876e+00,1.791044597913279135e-01,2.764375320777461198e+01,-1.242817180146051515e-03,5.197167401907137885e-01,-1.086011654099263563e-02,6.980098965137225830e-01,5.475569258104969750e-01,3.412961669124616182e-01,1.111469072770408795e-01,2.109621328057127876e+00,6.633426135694962866e+00,5.900639906498345022e-01,9.050697914564765911e-01,1.287672152725380492e+00,1.690252005458610096e+00,2.029818235525012060e+00
2.370000000000000107e+00,1.492264696995905804e-01,2.771974370158909196e+01,-2.598528170923184583e-03,5.421523773826495418e-01,-1.206282134643023481e-02,5.556720799867854721e-01,5.487601351161376373e-01,3.397290487280469340e-01,1.115108161558156508e-01,2.110765012633240012e+00,6.494087955571928639e+00,5.953001553449128735e-01,9.027505212617237262e-01,1.288710110396140696e+00,1.687674804701755793e+00,2.029439139711420204e+00
2.379999999999999893e+00,1.217313355018943832e-01,2.782011286544103612e+01,-5.304393814107900146e-03,5.649067848083459964e-01,-1.190342296789851338e-02,4.443949697084204065e-01,5.489328086019535924e-01,3.389491524302367664e-01,1.121180389678092804e-01,2.113258287534264923e+00,6.336629566383180645e+00,5.936317300223992177e-01,8.992403295678590425e-01,1.285563907198830513e+00,1.684808872894328236e+00,2.022677966493312773e+00
2.390000000000000124e+00,1.122777492091140694e-01,2.792168019773760435e+01,-7.514155744908384768e-03,5.781703667104761690e-01,-1.170380577937401266e-02,3.907141794952937452e-01,5.484239595921017729e-01,3.387477758412330564e-01,1.128282645666651984e-01,2.113235704786144975e+00,6.238195144537984405e+00,5.940518214180097178e-01,9.005645598161201582e-01,1.282663915688170064e+00,1.683916647998561444e+00,2.023959919814525943e+00
2.399999999999999911e+00,1.009253046054596759e-01,2.802196940744047993e+01,-8.509874605092200908e-03,5.670491902619537727e-01,-1.090504086553704781e-02,3.552062885818867977e-01,5.476395517613104058e-01,3.387087043747290527e-01,1.136517438639607636e-01,2.111463387068874820e+00,6.287685767392436453e+00,5.943029208721419820e-01,9.022821034414130192e-01,1.285469414698210855e+00,1.685774982442601155e+00,2.024761958774796700e+00
2.410000000000000142e+00,7.934978791216827643e-02,2.811705541527649288e+01,-7.497338962492194545e-03,5.247213322185934059e-01,-9.841473015644476921e-03,3.259160839120581743e-01,5.466710845476648872e-01,3.388099857602701048e-01,1.145189296920646055e-01,2.108936963799911801e+00,6.537073785906892809e+00,5.962808567785728986e-01,9.011726569298911249e-01,1.286892534055112947e+00,1.685827843954281757e+00,2.025843867621282879e+00
2.419999999999999929e+00,3.554720966613848787e-02,2.820358184599489704e+01,-4.327792255607526041e-03,4.735908982419339552e-01,-8.765074077735112920e-03,2.976293637484381249e-01,5.455739462980392362e-01,3.391193779712385337e-01,1.153066757307221607e-01,2.106364036203626888e+00,6.805463498919073650e+00,5.959271313046127228e-01,8.949584152559709738e-01,1.289311963606262657e+00,1.686936280894531404e+00,2.024988072980648646e+00
2.430000000000000160e+00,-8.979571374251714422e-02,2.828231572358097168e+01,6.467869874333164251e-04,4.347700264898692324e-01,-7.656869244693566799e-03,3.257396472601946091e-01,5.442002893375532668e-01,3.398072082002762673e-01,1.159925024621709377e-01,2.103885655153304057e+00,7.040761496505352213e+00,5.984886011339909384e-01,8.929753917659759566e-01,1.292660743261127010e+00,1.692373204115589669e+00,2.030948361613522213e+00
2.439999999999999947e+00,1.369865848156559540e-01,2.834753467516290115e+01,5.676873747876814980e-03,4.227140842195341031e-01,-8.262085279906327892e-03,4.207414442404767141e-01,5.418273766681516168e-01,3.418973251567332117e-01,1.162752981751156434e-01,2.100314705918294944e+00,7.255739626781084084e+00,5.945542632244756875e-01,8.938009361942462760e-01,1.291147873003364088e+00,1.692624983259982230e+00,2.023780209341336178e+00
2.450000000000000178e+00,1.691697818468192727e-01,2.835200356941302502e+01,1.661543959436842868e-02,4.119844354963494437e-01,-5.500324282260315827e-03,3.918843427663941115e-01,5.407091206358679569e-01,3.436459416232245379e-01,1.156449377409077967e-01,2.098062684001825939e+00,7.345764470909201371e+00,5.945170165100674975e-01,8.958918685445493857e-01,1.288157383341241857e+00,1.691346889358781747e+00,2.022888268430339309e+00
2.459999999999999964e+00,1.846386801351079243e-01,2.836163159977818893e+01,2.774548577274541308e-02,4.207752194047514327e-01,-4.026610648030886676e-03,3.642606395637438266e-01,5.390570960163935110e-01,3.453905659505284165e-01,1.155523380330779337e-01,2.095426745693122594e+00,7.333413184606669688e+00,5.953600368033733492e-01,8.928692078502380447e-01,1.286000614631387151e+00,1.687700704068788582e+00,2.020026303090719733e+00
2.470000000000000195e+00,1.899361061146556673e-01,2.838242013721751178e+01,3.356733013282450079e-02,4.234658942765692768e-01,-3.530903612769684986e-03,3.443896167042870826e-01,5.373854011108208928e-01,3.469380530341292790e-01,1.156765458550496201e-01,2.092905414204101255e+00,7.340579983770026296e+00,5.953034215594279477e-01,8.941695134171703252e-01,1.287830912336180633e+00,1.685299646796502460e+00,2.018849659674898156e+00
2.479999999999999982e+00,1.902038028769123812e-01,2.841142382129056188e+01,3.416113665005707928e-02,4.178096196424754827e-01,-3.806343805781621775e-03,3.303925336976407667e-01,5.359837871792189068e-01,3.482177584265641057e-01,1.157984543942171957e-01,2.090499334099398254e+00,7.361146688701906804e+00,5.920483054937895062e-01,8.914001374799499500e-01,1.288388898155211848e+00,1.681152148938469981e+00,2.020947170027394435e+00
2.490000000000000213e+00,1.888632472954837604e-01,2.844310205427547444e+01,3.171353748568883635e-02,3.983075917841181202e-01,-4.564449872162370907e-03,3.268331658658398808e-01,5.348091631499478638e-01,3.493242474453092661e-01,1.158665894047427453e-01,2.088063015526931743e+00,7.367662063819135021e+00,5.957217067387644560e-01,8.932581474594118998e-01,1.287518692092102901e+00,1.679843967314210262e+00,2.025962088419189566e+00
2.500000000000000000e+00,1.880855846435002809e-01,2.847159094941405044e+01,2.825168766883855501e-02,3.510381180377903365e-01,-5.541676968232112262e-03,3.403504283472666980e-01,5.337631968460077037e-01,3.503703006276707166e-01,1.158665025263214826e-01,2.085490357171591036e+00,7.341077393322575695e+00,5.934699423233985582e-01,8.921653640061077972e-01,1.284934492976012477e+00,1.678792444422182228e+00,2.022203768844899496e+00
2.510000000000000231e+00,1.902724396828172349e-01,2.848906037818372639e+01,2.512950365213754630e-02,2.390047445112255808e-01,-6.535819471337312933e-03,3.824706080113788320e-01,5.327638568725471258e-01,3.514781945298575683e-01,1.157579485975956529e-01,2.082782917336143846e+00,7.256207350232931397e+00,5.915368902434516851e-01,8.905529529563217528e-01,1.283827578731898456e+00,1.679915018790434367e+00,2.028126038686880239e+00
2.520000000000000018e+00,2.020108856984618451e-01,2.848144777519447857e+01,2.350876232692695328e-02,-5.573276464193639528e-03,-7.353041613498804974e-03,4.663940099107652393e-01,5.317656730998214787e-01,3.527739614497196197e-01,1.154603654504586657e-01,2.080104906766579997e+00,7.074118275405221645e+00,5.889812709742642260e-01,8.888436281744342971e-01,1.285427469545986412e+00,1.682229079944254746e+00,2.030554441084100770e+00
2.530000000000000249e+00,2.294316203518544928e-01,2.843181334793452564e+01,2.520523874275569509e-02,-2.587486558624205180e-01,-7.978962863537893135e-03,5.603103258881859672e-01,5.307883959741854785e-01,3.542271430653302078e-01,1.149844609604845636e-01,2.078240824811009357e+00,6.810052801245311649e+00,5.850887942915825590e-01,8.904278557070663958e-01,1.286500890456883095e+00,1.679843031463321479e+00,2.036671451381561582e+00
2.540000000000000036e+00,2.414929507767856198e-01,2.837556696705026127e+01,2.978205488137621731e-02,-9.885228363735776291e-02,-8.920795083551043281e-03,5.843213059560479206e-01,5.295986392976852475e-01,3.556340641013273074e-01,1.147672966009877088e-01,2.076605126200913087e+00,6.796846974456935975e+00,5.849223584421103794e-01,8.945400532646488045e-01,1.289909508347243161e+00,1.676644120936259474e+00,2.033545665186500262e+00
2.550000000000000266e+00,2.280094939169389490e-01,2.838566285907776532e+01,3.664397080254816474e-02,2.228572115945233745e-01,-1.012653384589390880e-02,6.169298800772272662e-01,5.274333955691254960e-01,3.573783859532075891e-01,1.151882184776668872e-01,2.070665827716239082e+00,6.766138170935864338e+00,5.858889564143412443e-01,8.961386882020700995e-01,1.292517463095296915e+00,1.676265925125922207e+00,2.031128974152145883e+00
2.560000000000000053e+00,2.146687524730060415e-01,2.844060917617803241e+01,4.987784876916146609e-02,3.576967014394420996e-01,-1.084274891436988637e-02,6.397376949534531176e-01,5.247537189755682174e-01,3.594728179707841198e-01,1.157734630536475101e-01,2.063538770738718942e+00,6.687414446786631217e+00,5.837572975931467623e-01,8.930161623687102868e-01,1.292724231660566492e+00,1.672745247094485022e+00,2.029378395321169481e+00
2.569999999999999840e+00,2.097319866531068000e-01,2.850098369460966197e+01,7.166713521543245646e-02,3.807947303736713973e-01,-1.106170700083652578e-02,6.322476693888233745e-01,5.224142420752986293e-01,3.613556136997962964e-01,1.162301442249051575e-01,2.058460106442794757e+00,6.621296164932025441e+00,5.887099685932875026e-01,8.945854567022483161e-01,1.291589638361564152e+00,1.673557623597753841e+00,2.030419992027546527e+00
2.580000000000000071e+00,2.098213434764872320e-01,2.856547857461512763e+01,1.022747158767182696e-01,3.626006277245570342e-01,-1.120576070872281518e-02,6.160254474961666116e-01,5.202744194893103025e-01,3.630657390419414488e-01,1.166598414687482349e-01,2.055599356890102314e+00,6.590887755711638540e+00,5.911383385502725352e-01,8.940311443542267034e-01,1.292250687684443733e+00,1.677404617076547755e+00,2.024949255265954484e+00
2.589999999999999858e+00,2.082622265501760661e-01,2.863910182841410190e+01,1.385191779007203250e-01,3.218991018963492934e-01,-1.148546825586487137e-02,6.000121438701159216e-01,5.179536291126650704e-01,3.648160158711711842e-01,1.172303550161640923e-01,2.055868439508303780e+00,6.588838188988772160e+00,5.886198951565746462e-01,8.929319828572090945e-01,1.294491857412156222e+00,1.679291022247820120e+00,2.024802178719843582e+00
2.600000000000000089e+00,1.817787302901454072e-01,2.871889779071274518e+01,1.767758840492190953e-01,1.684878777542664074e-01,-1.069773595084765050e-02,5.791998322822158318e-01,5.148294082278292993e-01,3.670050278486066686e-01,1.181655639235636712e-01,2.064754339033142205e+00,7.022300296279267329e+00,5.888376734839424476e-01,8.951860772094167862e-01,1.295390394156582081e+00,1.681001848576320512e+00,2.024365173688674524e+00
2.609999999999999876e+00,1.645025053756365707e-01,2.875165859459511708e+01,2.275079689247190839e-01,1.658642929578918457e-01,-7.741017044455962776e-04,5.599645657344027860e-01,5.114545184730603378e-01,3.699135354879101167e-01,1.186319460390293651e-01,2.099996788667769732e+00,1.111600929834703422e+01,5.856200785132492648e-01,8.918293447497857018e-01,1.295119553915850652e+00,1.688207834512733818e+00,2.029001991656749215e+00
2.620000000000000107e+00,1.686751317507160230e-01,2.893630057882513285e+01,4.927791629204825857e-02,2.177704262053997419e-01,-8.617212486179185956e-05,7.739717181731916584e-01,5.114059101611238001e-01,3.689354987977129241e-01,1.196585910411633868e-01,2.046151331589195266e+00,7.004988754647823335e+00,5.879513945225004479e-01,8.956275669369087034e-01,1.293088630977010878e+00,1.691251318180135854e+00,2.033020723947043251e+00
2.629999999999999893e+00,2.294897126187553371e-01,2.871790403948533310e+01,4.933741680060954593e-02,6.604636119337554678e-01,-2.044507810873508885e-02,7.423450017992190286e-01,5.104561797289144387e-01,3.700279036662516008e-01,1.195159166048340160e-01,2.028506231746046939e+00,5.046874860046196787e+00,5.913606611903849952e-01,8.951580404193797413e-01,1.290328727634417305e+00,1.686582314164892349e+00,2.037300123239080829e+00
2.640000000000000124e+00,1.987663001758029901e-01,2.852491487948749693e+01,2.515351248005908910e-02,4.808365344040526623e-01,-1.898299233411636150e-03,6.056633579639587595e-01,5.065274471133084377e-01,3.732009114470353217e-01,1.202716414396562128e-01,2.032649667258196402e+00,5.424500780123440613e+00,6.015923606415050084e-01,8.921633862810838256e-01,1.291338289648759741e+00,1.687247097885804736e+00,2.030817569451153215e+00
2.649999999999999911e+00,1.667567370271816340e-01,2.860517131584776607e+01,1.240823373889372340e-02,2.385811733312998839e-01,-1.706298041565539611e-03,5.231949083735015771e-01,5.037766677316649622e-01,3.743505358179478049e-01,1.218727964503868721e-01,2.026363240142032396e+00,5.492720523196871873e+00,6.027427472591614377e-01,8.921244606680063249e-01,1.299805813443305258e+00,1.692101502163724680e+00,2.033568535585587700e+00
2.660000000000000142e+00,2.762400987564947452e-01,2.867261292629774161e+01,5.138282370226535285e-03,1.904083369611400400e-01,-2.405225588960677174e-02,6.336747121563934826e-01,5.016123588157604951e-01,3.751340887030136240e-01,1.232535524812253813e-01,2.023127707079516835e+00,5.426201334593738324e+00,6.004974273765163462e-01,8.940646606711133426e-01,1.305234907718543447e+00,1.693312936702897398e+00,2.027430442551745760e+00
2.669999999999999929e+00,4.146684827317576594e-01,2.869675466469046299e+01,3.269191197468173608e-03,2.210610971561516036e-01,-6.559663810750214485e-02,6.829372693477550049e-01,4.998215113049434000e-01,3.764237621541420276e-01,1.237547265409144892e-01,2.024091356956627674e+00,5.361389826633613964e+00,5.902153953356215066e-01,8.952438145877630316e-01,1.300917642703162569e+00,1.689832835417599322e+00,2.026397613512387785e+00
2.680000000000000160e+00,1.794397941646488359e-01,2.866817811653825743e+01,4.020165931607279190e-03,1.474993065615712307e-01,-6.905973172547692773e-02,5.549336077244987342e-01,4.999028904957459885e-01,3.767320574469304462e-01,1.233650520573235654e-01,2.033159610258734151e+00,5.419253883221918144e+00,5.867298911915724835e-01,8.895713283948624150e-01,1.303340463300421970e+00,1.690990032842516033e+00,2.027876682711134748e+00
2.689999999999999947e+00,1.979711904500653652e-01,2.860510942842335425e+01,-2.668748883459289532e-03,2.510585164200994090e-01,6.919502279139050534e-03,3.727221432842648952e-01,5.009400379651540725e-01,3.749863378127280544e-01,1.240736242221185115e-01,2.044004655677127413e+00,6.141800823606579307e+00,5.840920627953036792e-01,8.924550437281814075e-01,1.305534415096335721e+00,1.693527991720151116e+00,2.025564512622277658e+00
2.700000000000000178e+00,1.981118408744577675e-01,2.860651164951164915e+01,-5.546368376729620894e-03,2.833568903319089727e-01,1.363146495058723505e-02,3.232828150557057745e-01,5.009398546051834211e-01,3.742466233148079024e-01,1.248135220800083989e-01,2.047795333436459142e+00,6.246334281719279957e+00,5.856263996622115275e-01,8.897145610741636901e-01,1.304999658756288428e+00,1.690213736811923440e+00,2.027132034983586628e+00
2.709999999999999964e+00,1.998211279211797309e-01,2.862124057006088407e+01,-7.007037812479635468e-03,3.080038052957784211e-01,2.494451203317333762e-02,2.937385078957116535e-01,5.013711316053970357e-01,3.732284574608428773e-01,1.254004109337600315e-01,2.049726038391951999e+00,6.324351363617485511e+00,5.880977692609384855e-01,8.877034754080234125e-01,1.303638650501023122e+00,1.691187859875370458e+00,2.025870756414509977e+00
2.720000000000000195e+00,2.081518690238806091e-01,2.864267416571739844e+01,-7.725549747741035714e-03,3.322249286258036616e-01,3.643421673901164892e-02,4.357843960300039066e-01,5.019754140964993727e-01,3.720814391205225502e-01,1.259431467829779661e-01,2.049977367128074768e+00,6.352185446336275909e+00,5.909685998570671783e-01,8.887527341454493079e-01,1.304591392259980331e+00,1.691537957786969582e+00,2.026879557152855504e+00
2.729999999999999982e+00,1.976572906817208319e-01,2.867370124732902070e+01,-1.216534514309657380e-02,3.473862465402329791e-01,4.760754640367938911e-02,7.943006501339449077e-01,5.023238958887960015e-01,3.711387871193906340e-01,1.265373169918137530e-01,2.051191162843530424e+00,6.362697182270629526e+00,5.925508680413833495e-01,8.894178477074349276e-01,1.301913877340008519e+00,1.694299680595892532e+00,2.026832573619542277e+00
2.740000000000000213e+00,1.954411421268634208e-01,2.871084792310833933e+01,-1.543709318553536380e-02,3.713507336032496609e-01,4.637225328769224025e-02,7.069016736441586790e-01,5.018845243723460969e-01,3.711177423281115662e-01,1.269977332995427810e-01,2.053896659455721529e+00,6.305470021788472046e+00,5.984394262232396455e-01,8.931102526918609508e-01,1.303581127201122403e+00,1.693969411415905846e+00,2.026284276658204764e+00
2.750000000000000000e+00,1.981452881378701625e-01,2.876041641300571072e+01,-1.539959676571672938e-02,4.043545675028487052e-01,4.786135402452294102e-02,5.782862218187319048e-01,5.010856000622583295e-01,3.716013379989329124e-01,1.273130619388090912e-01,2.053958909882507733e+00,6.207981745505909643e+00,5.970134522583394610e-01,8.953299550546237606e-01,1.306831564958455205e+00,1.693625756647760383e+00,2.024153308993807521e+00
2.760000000000000231e+00,2.003929078932107921e-01,2.881735298861573469e+01,-1.470288168688596228e-02,4.325008306042213979e-01,4.685858576485321669e-02,5.307660666771106817e-01,5.003242373912961671e-01,3.720189971860161093e-01,1.276567654226875015e-01,2.052024463064939130e+00,6.100204406926001077e+00,5.927619662130010347e-01,8.961804193627486148e-01,1.303814125568551585e+00,1.694814294299219704e+00,2.025141854156291554e+00
2.770000000000000018e+00,1.909754319336978978e-01,2.887747516250190571e+01,-1.386441689932222353e-02,4.597120742605324550e-01,4.413975553054751144e-02,5.094723001078845792e-01,4.994544625860928289e-01,3.724599383002299979e-01,1.280855991136771177e-01,2.049179716108175953e+00,5.971561369946899234e+00,5.937848108273523495e-01,8.972509424914667520e-01,1.302920751963377866e+00,1.695069679320511336e+00,2.022943180980155020e+00
2.780000000000000249e+00,1.411012907129192140e-01,2.894244858189075487e+01,-1.311178506812943866e-02,4.668899058153157533e-01,3.523481979370554629e-02,4.583574327402546444e-01,4.982678924100559792e-01,3.731119691903936331e-01,1.286201383995505820e-01,2.046108476753559113e+00,5.830250121842409428e+00,5.927809313194557506e-01,8.967204761445708439e-01,1.302169338125398923e+00,1.695877000836272019e+00,2.025353214934162871e+00
2.790000000000000036e+00,6.384220691071246234e-02,2.901255252788156724e+01,-1.289800852798975508e-02,4.311165791132096636e-01,1.529678447674474341e-02,1.690031722928223845e-01,4.966405067740642387e-01,3.741091119804188514e-01,1.292503812455170487e-01,2.043367357987960986e+00,5.691670343128105714e+00,5.869042694292981865e-01,8.943530582859242628e-01,1.301941626034410326e+00,1.701246633248379103e+00,2.028077668066565309e+00
2.800000000000000266e+00,1.922160184113479997e-01,2.906775868261623330e+01,-1.176193539710374686e-02,4.614580265902032408e-01,9.010670749485465147e-03,6.097067722374911042e-02,4.953266792637686100e-01,3.748044730587493101e-01,1.298688476774820799e-01,2.039708791617282024e+00,5.477318542722414030e+00,5.860829217025642635e-01,8.932344682184464313e-01,1.305416145506758330e+00,1.702308333122322992e+00,2.027497349251671466e+00
2.810000000000000053e+00,2.540417773652583477e-01,2.909673785537659541e+01,-1.029928386694952021e-02,5.825674932308715359e-01,1.351066705761923802e-02,1.008664681021353288e-01,4.942155639922440336e-01,3.752571084234064824e-01,1.305273275843490399e-01,2.033864582557517675e+00,5.513966620802715823e+00,5.863771072312662369e-01,8.929226473273856879e-01,1.303284222356027922e+00,1.700991918295972960e+00,2.032102880571958092e+00
2.819999999999999840e+00,2.809347029268461360e-01,2.912281890410601548e+01,-1.039674562797563394e-02,7.892822213629324679e-01,1.708782525100384017e-02,1.326900018270628367e-01,4.927989141997579647e-01,3.758505271763856181e-01,1.313505586238563061e-01,2.024997649265021682e+00,5.558210286333475025e+00,5.817324848180891461e-01,8.912558134787103015e-01,1.302178561436208470e+00,1.700066009561580049e+00,2.034078392191337681e+00
2.830000000000000071e+00,4.008936999261896728e-01,2.916155774112844767e+01,-8.813610223916251360e-03,1.551990156908306773e+00,2.491541595463744874e-02,1.494962621234647848e-01,4.919873757333873554e-01,3.759344026947205042e-01,1.320782215718918906e-01,2.014812365251111181e+00,5.532466038929186425e+00,5.779342896197381396e-01,8.962388919408648125e-01,1.304259747403431646e+00,1.699531373513656130e+00,2.044494580787238558e+00
2.839999999999999858e+00,2.304944319446096124e-01,2.918523472778004546e+01,-3.585153146980284058e-03,5.425251332939211579e-01,4.401876515729759298e-02,2.010752912140955362e-01,4.955272224901565714e-01,3.733006230856498742e-01,1.311721544241930826e-01,2.003515960866435464e+00,5.534495030540282023e+00,5.813175023022294496e-01,8.963741293550731015e-01,1.303777746189612063e+00,1.691329809712342591e+00,2.033964065784769293e+00
2.850000000000000089e+00,2.010951705089320529e-01,2.916412416648430650e+01,-3.014582046488494069e-03,6.016261768636665952e-01,-2.518980923830086305e-03,2.404850929242290380e-01,4.932125847726886447e-01,3.747586565201533881e-01,1.320287587071585222e-01,1.999535569975667171e+00,5.431634488690304075e+00,5.831698993219731619e-01,8.912404906557159778e-01,1.299840853153687359e+00,1.686293946544558331e+00,2.038821802044749720e+00
2.859999999999999876e+00,1.733038624225209101e-01,2.920265069456414153e+01,1.077621045391762705e-02,6.023000826572916244e-01,-8.983958738852257375e-03,2.758470397980314348e-01,4.906748987956944807e-01,3.754682767588182757e-01,1.338568244454870770e-01,1.997959182474805973e+00,5.387187353646995192e+00,5.862753383741073909e-01,8.906058413616508851e-01,1.299694328116103303e+00,1.691685767338419355e+00,2.036110334619149143e+00
2.870000000000000107e+00,1.486345816739443326e-01,2.927461292638758650e+01,2.073866852831141028e-02,4.476512145180662761e-01,-1.103426307266306035e-02,3.018311072021232500e-01,4.888739369476891028e-01,3.755039748029992963e-01,1.356220882493111846e-01,1.997264273841190096e+00,5.306350454812975848e+00,5.892375327333501112e-01,8.927980641190681466e-01,1.299968931560419261e+00,1.689974337497045509e+00,2.035218123105657639e+00
2.879999999999999893e+00,1.420651121453800902e-01,2.934129507420859539e+01,2.690148879363577980e-02,3.406966711873823384e-01,-1.231645229557923847e-02,3.255041031940912322e-01,4.879395434291122768e-01,3.751675569255247811e-01,1.368928996453624980e-01,1.998097162939393101e+00,5.212416862195969003e+00,5.896314741143021676e-01,8.913206944820083466e-01,1.300208490071389278e+00,1.694019076652490963e+00,2.034441871708886129e+00
2.890000000000000124e+00,1.470947777781631272e-01,2.940069819032682119e+01,3.047797374253627747e-02,2.776118778763413952e-01,-1.480977892701997034e-02,3.453346129122225605e-01,4.875113664394842283e-01,3.746923331706010218e-01,1.377963003899144723e-01,1.999544206789830136e+00,5.070927384225847767e+00,5.909833611240905560e-01,8.962232202280276949e-01,1.300494974505206125e+00,1.694979403329476941e+00,2.031324070965237816e+00
2.899999999999999911e+00,2.000822368300806675e-01,2.945841411321161019e+01,3.114480395138927507e-02,2.431430784309290549e-01,-1.889421399477877322e-02,3.804089738254812780e-01,4.870876162857186165e-01,3.744737401421326939e-01,1.384386435721485509e-01,2.000991878068096863e+00,4.839553132093956656e+00,5.909549658413234541e-01,8.948837805377608534e-01,1.304740658089470262e+00,1.696114728989863263e+00,2.032663904288390277e+00
2.910000000000000142e+00,2.525475286563272914e-01,2.953142092957673626e+01,1.110409502495191512e-02,2.541580234964437857e-01,-3.041592432002483692e-02,6.603483517289405746e-01,4.835180694018165193e-01,3.781718685556836879e-01,1.383100620424993488e-01,1.996753958898644710e+00,4.769091357912206952e+00,5.879269344953408361e-01,8.949650405790995356e-01,1.300197973837751153e+00,1.692168973446507518e+00,2.034096961646213675e+00
2.919999999999999929e+00,2.069308726075692328e-01,2.937186861625634293e+01,-1.106017954907740145e-02,4.701192364758166597e-01,9.123011553743752555e-02,4.529975152901425939e-01,4.790956890530144174e-01,3.821349700090880819e-01,1.387693409378974729e-01,1.997282363843186248e+00,4.969251429391338348e+00,5.888336353797520850e-01,8.883086689808146197e-01,1.304715290103286129e+00,1.699448109531612738e+00,2.028789214943416130e+00
2.930000000000000160e+00,1.716124892083460696e-01,2.928606400168994739e+01,-2.638872556448658702e-01,6.030729810701799254e-01,7.825426820806405392e-03,4.236779669629641698e-01,4.734327173595888061e-01,3.855741002288405328e-01,1.409931824115707999e-01,1.986024174596234371e+00,5.506968796135736532e+00,5.970467317618233238e-01,8.845410452002135937e-01,1.303009454771426601e+00,1.701487588222520664e+00,2.034197420214050034e+00
2.939999999999999947e+00,1.739579858959416081e-01,2.928458461458641793e+01,-1.639858019341060638e-02,6.370687841631494930e-01,-1.392734508245352908e-02,4.167822416008777342e-01,4.711182203725755580e-01,3.888768709654694122e-01,1.400049086619545857e-01,1.975697027335760136e+00,4.540203104947372559e+00,5.943813745273682780e-01,8.843739110279071891e-01,1.301892190036010089e+00,1.703113885217265810e+00,2.040055629409187610e+00
2.950000000000000178e+00,1.206666149866800486e-01,2.925966519727955983e+01,-7.159215926327123780e-01,6.186577581739577392e-01,5.820211536432357349e-03,3.179302785501746942e-01,4.716278668648761774e-01,3.881395731561003148e-01,1.402325599790237576e-01,1.978714692072159664e+00,5.271350321986387755e+00,5.969417555018590171e-01,8.846203027138912489e-01,1.303586891083387655e+00,1.708446413214116166e+00,2.038781837679733311e+00
2.959999999999999964e+00,1.747002214253123020e-01,2.915191726103466507e+01,-6.683576824932639660e-02,4.423225142032216062e-01,2.547533974979731761e-02,3.875852497850882927e-01,4.704895127352836659e-01,3.881216730931810188e-01,1.413888141715351765e-01,1.977785976555523462e+00,6.060743304790550567e+00,5.937188423321805297e-01,8.914813899874384218e-01,1.305390469125641939e+00,1.703723096773365864e+00,2.039272305245205530e+00
2.970000000000000195e+00,1.576586878934499170e-01,2.917360513341337125e+01,-1.073234708465407167e-01,4.339810296895308395e-01,3.179363840595148677e-02,4.164456754698295238e-01,4.677449086929899025e-01,3.899886956920091130e-01,1.422663956150010123e-01,1.970882283771727028e+00,6.061189389024403518e+00,5.817222863346095396e-01,8.886396643574150378e-01,1.308085201477910076e+00,1.707815950913143199e+00,2.037967975962839073e+00
2.979999999999999982e+00,1.762149715855129695e-01,2.922704622840569755e+01,-6.351285384339759588e-02,4.951810330938751226e-01,2.423718183735752013e-02,4.405426134941941019e-01,4.670425013110344192e-01,3.901127468289702360e-01,1.428447518599954280e-01,1.966593410516665585e+00,6.058103781546608779e+00,5.820568773764498438e-01,8.856935811244190937e-01,1.307588201216489221e+00,1.706391609845205437e+00,2.038907201703156868e+00
2.990000000000000213e+00,1.759429473852786585e-01,2.930435890427405710e+01,-4.604941095102390441e-02,6.558066207352239996e-01,-2.778763707958643511e-02,4.939814208096865444e-01,4.676160430138056601e-01,3.892522500239679051e-01,1.431317069622266014e-01,1.963072639458518287e+00,6.013526271766626685e+00,5.859838206834607766e-01,8.875341329514021549e-01,1.308031863714448129e+00,1.705515590279845339e+00,2.042157904243563138e+00
3.000000000000000000e+00,-5.441957210850727200e-02,2.938586836311795736e+01,-3.358757565568142728e-02,2.119443846348042504e-01,-1.753793121875282246e-01,4.434215965528029435e-01,4.697523621568726604e-01,3.876996800246821362e-01,1.425479578184454810e-01,1.961331004786373233e+00,5.804549621099966750e+00,5.873374743363886097e-01,8.889139584293255236e-01,1.307586924405073958e+00,1.705105046372813238e+00,2.044880641701508406e+00
3.010000000000000231e+00,2.850245652935699536e-01,2.942260665335570735e+01,-2.558571164675304752e-02,5.033806427838936060e-01,-3.691903548263882062e-02,2.640205162515859572e-01,4.727660231052243645e-01,3.856135196465735882e-01,1.416204572482018254e-01,1.958237391019876705e+00,5.284856785333455598e+00,5.916806186106962073e-01,8.828068354377289761e-01,1.296730193545359455e+00,1.701477666673201217e+00,2.043802533593789938e+00
3.020000000000000018e+00,1.430145757131534856e-01,2.938435447289332458e+01,-2.619678353946608071e-02,4.123585635749458800e-01,-1.137774899902646297e-01,2.844614654846535640e-01,4.738349511359447597e-01,3.848706862217249336e-01,1.412943626423301124e-01,1.960930528161386466e+00,5.570569256137211767e+00,5.950454349786022945e-01,8.863175386967139247e-01,1.301089894401415314e+00,1.701397130545343916e+00,2.047003449592331492e+00
3.030000000000000249e+00,1.481997560538617642e-01,2.942683452911014186e+01,-1.921901749344769386e-02,4.135308711125599279e-01,-8.378525268841265083e-02,2.599540769723956424e-01,4.751827898532067218e-01,3.832548286657415648e-01,1.415623814810522407e-01,1.959164639824828580e+00,5.481460685797486576e+00,5.951503831889941587e-01,8.835832497773690175e-01,1.301141337254460684e+00,1.706029898836577630e+00,2.045472758325184159e+00
3.040000000000000036e+00,1.349070139576564187e-01,2.948149946154586942e+01,-1.394881338523162873e-02,3.743622378270399231e-01,-4.598076995306950299e-02,2.413745231167525596e-01,4.760168340373575613e-01,3.820366356347886794e-01,1.419465303278537038e-01,1.956500944350653137e+00,5.334708707308276843e+00,5.955043685414451726e-01,8.826038924016154086e-01,1.297785606243982315e+00,1.702097301305587562e+00,2.046527518849818872e+00
3.050000000000000266e+00,1.283330332037694865e-01,2.953563958513111842e+01,-9.827425316084697354e-03,3.402992790702923376e-01,-2.299256809186874667e-02,2.406894754395190739e-01,4.768572267270263509e-01,3.807953942408830450e-01,1.423473790320903543e-01,1.953498721434054453e+00,5.204651726576956960e+00,5.967741818628748973e-01,8.774452786132616033e-01,1.293926967130697436e+00,1.700589192131509497e+00,2.049854510538323460e+00
3.060000000000000053e+00,1.416494489382969235e-01,2.959607485466715815e+01,-6.242754275180470089e-03,3.231967894564723442e-01,-8.055002391248384727e-03,2.501072830046787709e-01,4.778063883133769618e-01,3.793920835181539553e-01,1.428015281684690829e-01,1.950003838053305127e+00,5.096032933898523964e+00,5.987395743063325115e-01,8.776238769311808241e-01,1.292980618389485414e+00,1.700090987539974119e+00,2.049641278663475230e+00
3.070000000000000284e+00,1.697030351055189290e-01,2.967056545947485091e+01,-2.792568703838835351e-03,3.168445453936055700e-01,5.052083230955246862e-03,2.631938559222524177e-01,4.787102099810890410e-01,3.779725382476257223e-01,1.433172517712850424e-01,1.945933268899215252e+00,4.975123697897466002e+00,5.986124637868415199e-01,8.805594339811494420e-01,1.297171451069165649e+00,1.698061146868266924e+00,2.051613564952288193e+00
3.080000000000000071e+00,1.960121070386968145e-01,2.975189752405859522e+01,-1.061681278550563361e-05,3.133843607985080659e-01,1.601364578847580891e-02,2.783735926394685367e-01,4.794079712774534374e-01,3.767217370152620703e-01,1.438702917072846033e-01,1.942086278947727118e+00,4.958491965824509684e+00,5.948979282267939928e-01,8.829385977047899958e-01,1.301206117802824469e+00,1.696892661242948463e+00,2.052742509446368491e+00
3.089999999999999858e+00,2.039376710201701859e-01,2.982108427158210162e+01,1.059715039047955543e-03,3.106900122085436422e-01,1.885575095629399983e-02,2.923127518254757251e-01,4.798979697643580566e-01,3.756459130251652012e-01,1.444561172104767421e-01,1.939747026073386893e+00,4.960301820178569798e+00,5.914027715459160284e-01,8.849587799224745144e-01,1.299086988903127349e+00,1.698829989188288980e+00,2.049512117885470719e+00
3.100000000000000089e+00,2.034347237509037121e-01,2.987486141278539975e+01,5.653177425476432413e-04,3.098706066702578421e-01,1.315139374018987894e-02,2.937994779224811226e-01,4.802545559250536167e-01,3.746302832622381285e-01,1.451151608127080606e-01,1.938606083953337222e+00,4.953741872994442019e+00,5.921852396876780000e-01,8.823112429262918166e-01,1.299534816981585905e+00,1.700655352465001879e+00,2.052720166036483995e+00
3.109999999999999876e+00,2.060494901817764846e-01,2.991845273607843936e+01,-8.651545086302591444e-04,3.142279780914324361e-01,5.248810941128127273e-03,2.833217037670033300e-01,4.804809165690121509e-01,3.736453664604721947e-01,1.458737169705154879e-01,1.937765411770194790e+00,4.978937732597600530e+00,5.928330145661089290e-01,8.816049787374929947e-01,1.296336250454590111e+00,1.702634151161144249e+00,2.059114939214871320e+00
3.120000000000000107e+00,2.170011318990682503e-01,2.995389834126117279e+01,-2.687580962521527936e-03,3.305725246341317813e-01,1.376716393230636038e-03,2.639471551376619818e-01,4.805934551378254205e-01,3.726754293627164705e-01,1.467311154994578870e-01,1.936937469089670127e+00,5.083359205354813781e+00,5.911996096051883587e-01,8.802640850324333632e-01,1.294976605466917841e+00,1.698030256720429954e+00,2.056434660252313584e+00
3.129999999999999893e+00,2.401314285283476513e-01,2.998239023293023919e+01,-4.520899616628530453e-03,3.677160982365542674e-01,5.354053700680331575e-03,2.397150115242254464e-01,4.806120637385180028e-01,3.716776681051605635e-01,1.477102681563214892e-01,1.936141704647610151e+00,5.179905105652983011e+00,5.832527543907305434e-01,8.778654149080320490e-01,1.294473623474995172e+00,1.697508963210660138e+00,2.050112778013186254e+00
3.140000000000000124e+00,2.773757783118245834e-01,3.001068194670881084e+01,-6.199320671751059643e-03,4.258378485282877102e-01,1.783473207604599486e-02,2.312165700924629363e-01,4.805132655277001286e-01,3.706385876175111727e-01,1.488481468547884767e-01,1.935170433295005932e+00,5.260992025061988819e+00,5.827271588372632261e-01,8.841709694283531595e-01,1.292474455435761893e+00,1.701569411301091073e+00,2.050377302988767969e+00
3.149999999999999911e+00,3.278494230261604914e-01,3.005283213197944647e+01,-7.846626818939834991e-03,4.742495119644797308e-01,3.611722328677424709e-02,2.976394578975126159e-01,4.803086670923977786e-01,3.696266608046170354e-01,1.500646721029851027e-01,1.933471871467472125e+00,5.308554987573471884e+00,5.793795894478929176e-01,8.823324540995097776e-01,1.293051232597598688e+00,1.704690735793126688e+00,2.053945487553156202e+00
3.160000000000000142e+00,3.883219869567097193e-01,3.011290921935023945e+01,-9.544416443455791196e-03,4.721076312520140483e-01,6.587105287582598057e-02,4.551981286276506888e-01,4.803341868242544388e-01,3.686273184374677658e-01,1.510384947382776843e-01,1.931257556128645581e+00,5.298610804734892987e+00,5.887587930595067354e-01,8.848011240256311583e-01,1.292269196998728553e+00,1.703553905111583333e+00,2.053668352680597664e+00
3.169999999999999929e+00,3.805975764010000040e-01,3.017776473970804574e+01,-1.057736672787491609e-02,4.407630556218750661e-01,1.001488500383529850e-01,3.677975934059826701e-01,4.806208792610666691e-01,3.677497154492929687e-01,1.516294052896402511e-01,1.929026259476638527e+00,5.270834391002566122e+00,5.894272783349638889e-01,8.843030064906221011e-01,1.290658496291085644e+00,1.701973889922771432e+00,2.057012337029880289e+00
3.180000000000000160e+00,3.487442670955149815e-01,3.023996948552271036e+01,-1.035557012161662620e-02,4.358595092272369298e-01,1.061428462924695476e-01,2.976994363656741416e-01,4.800742840973108438e-01,3.675792920515392193e-01,1.523464238511499369e-01,1.925061320342103865e+00,5.321705657415099822e+00,5.906096706891269532e-01,8.869861095439406373e-01,1.292124666823009305e+00,1.703703191137721396e+00,2.052382278788956516e+00
3.189999999999999947e+00,3.265741715822952917e-01,3.030143956601003907e+01,-9.024131204821914110e-03,4.493413191834044196e-01,1.052376064015617257e-01,2.686802976623304251e-01,4.794018604509079351e-01,3.674052073375444483e-01,1.531929322115478942e-01,1.920080056833902038e+00,5.307509470109665450e+00,5.917208532306997837e-01,8.920882058665309255e-01,1.289829405165880516e+00,1.705140575571119532e+00,2.054750782658870012e+00
3.200000000000000178e+00,3.102224298100845212e-01,3.035829040406572332e+01,-7.012270314538338219e-03,4.769692729015257981e-01,1.011760939825954719e-01,2.508492153585507034e-01,4.787567937834888987e-01,3.670708138027202194e-01,1.541723924137912427e-01,1.914820770170680087e+00,5.309721833509381206e+00,5.964085863857248038e-01,8.922534762376719275e-01,1.290389238336615563e+00,1.701780088553439096e+00,2.057254650535329521e+00
3.209999999999999964e+00,2.937488962043804941e-01,3.041355693884616684e+01,-4.661908020603041172e-03,5.005175672303391332e-01,9.298195877178472291e-02,2.495193806364535694e-01,4.780478849673643338e-01,3.667449159642303114e-01,1.552071990684052993e-01,1.909488299882562190e+00,5.335464335599415797e+00,6.018074427591323383e-01,8.917113050267539975e-01,1.292643876292616678e+00,1.702907705436609742e+00,2.056627673445546201e+00
3.220000000000000195e+00,2.740284586294685631e-01,3.046758579090542796e+01,-2.231984426152310279e-03,5.152727515680445292e-01,8.153897550078184620e-02,2.603974665240401110e-01,4.772751047698188809e-01,3.665121082362109428e-01,1.562127869939700098e-01,1.904453349821476404e+00,5.379191533893614263e+00,6.033137435414036576e-01,8.910615017516609893e-01,1.294377871772331989e+00,1.704743984308038307e+00,2.059474346518739729e+00
3.229999999999999982e+00,2.515759088413356825e-01,3.051805732005107430e+01,1.611373103855620863e-04,5.311187186199614052e-01,7.033461079605926591e-02,2.768508529775151605e-01,4.765907831063586064e-01,3.662599138503175311e-01,1.571493030433238069e-01,1.899985799774973616e+00,5.437893812270765181e+00,6.017355751685373733e-01,8.935972209714481140e-01,1.295426245727633097e+00,1.708820127749307805e+00,2.060005190498418681e+00
3.240000000000000213e+00,2.062380682239727814e-01,3.056665779864897914e+01,2.504363485073432712e-03,5.782308465227371519e-01,6.145325376437049680e-02,2.931304357596014043e-01,4.762381920873551278e-01,3.657794765901973277e-01,1.579823313224477388e-01,1.895653549452041453e+00,5.504340813206812122e+00,6.052372602805754509e-01,8.975775479200718276e-01,1.294420100909077220e+00,1.709454226346297512e+00,2.060383226066159423e+00
3.250000000000000000e+00,1.267526360499449112e-01,3.064082828109311762e+01,4.704718731976550647e-03,6.895071694539474105e-01,6.300156144997655361e-02,2.950994481180351792e-01,4.766436364945207949e-01,3.647899079685839596e-01,1.585664555368947459e-01,1.890267734391403387e+00,5.546481046609232912e+00,5.968838209523139593e-01,8.946276848876218990e-01,1.290773268692894771e+00,1.710238646370529025e+00,2.062138805047250667e+00
3.260000000000000231e+00,3.141743937693816102e-01,3.073830165563236960e+01,5.922245873357732948e-03,9.628405492240236230e-01,1.086313016923579344e-01,2.885376557788718044e-01,4.779464978715396994e-01,3.639168533121326932e-01,1.581366488163273576e-01,1.884402762112638019e+00,5.546339838102501751e+00,5.944494072856476574e-01,8.937377176041179094e-01,1.294842443208278793e+00,1.703506230367692442e+00,2.070476075745540268e+00
3.270000000000000018e+00,2.486067305337726907e-01,3.084071688225385444e+01,5.794149839045998653e-03,4.910141286552853757e-01,1.719152462455552366e-01,3.020704310128985992e-01,4.788346488098748077e-01,3.638124424288751713e-01,1.573529087612495492e-01,1.884728768553737277e+00,5.477444396626506062e+00,5.978807922217951321e-01,8.972937519689417885e-01,1.297170891195042586e+00,1.702813267895160187e+00,2.067549651285523371e+00
3.280000000000000249e+00,2.869452204715446375e-01,3.086374423577476378e+01,8.793490824172174244e-03,3.286415412451824669e-01,1.477953512766413957e-01,3.865390846911959666e-01,4.804790110128382974e-01,3.624591430314081375e-01,1.570618459557539537e-01,1.880155472786000814e+00,5.595794740590425143e+00,5.925974947194517783e-01,8.955153567636946477e-01,1.288876371544467325e+00,1.698651738353439633e+00,2.061178041352681678e+00
3.290000000000000036e+00,3.134159299320370407e-01,3.088381138872793130e+01,1.260426655874902734e-02,3.516674212238083963e-01,1.322942093555113385e-01,4.328243222885410635e-01,4.808639124726271641e-01,3.615896209952701446e-01,1.575464665321032742e-01,1.878281030891030490e+00,5.687524716777708100e+00,5.883713260970395709e-01,8.945786076386359476e-01,1.288905886360899533e+00,1.696167461847936098e+00,2.057875953007914482e+00
3.300000000000000266e+00,3.326868409213187827e-01,3.092375244716195226e+01,1.595877318854178537e-02,3.829579764589391977e-01,1.115622120142129303e-01,4.756962297286603247e-01,4.812510788054500943e-01,3.608508340833537775e-01,1.578980871111964335e-01,1.876007700037245707e+00,5.726373625204469242e+00,5.871972385072705691e-01,8.930271513002545625e-01,1.288611808028762518e+00,1.695353518625042577e+00,2.061121328477246717e+00
3.310000000000000053e+00,3.429135270200903696e-01,3.097480988110568489e+01,2.018117804967055687e-02,4.186391724899916622e-01,9.447435950386955106e-02,4.914650116333214025e-01,4.817722147812905087e-01,3.600573372911097247e-01,1.581704479275999331e-01,1.873355016742987988e+00,5.708908441068107464e+00,5.904458669509824453e-01,8.895422478079861861e-01,1.289600866811129842e+00,1.697138233581701350e+00,2.066217674782398372e+00
3.320000000000000284e+00,3.459607332449713413e-01,3.103731361282732593e+01,2.577944904867920245e-02,4.577492850374210720e-01,7.887098950979101741e-02,4.865890695833606228e-01,4.824286002888126257e-01,3.591617007775343429e-01,1.584096989336529204e-01,1.870485201780968332e+00,5.631787477988838830e+00,5.871648418709899397e-01,8.894341153762621577e-01,1.291836277743820593e+00,1.696609111425166461e+00,2.068137607665997191e+00
3.330000000000000071e+00,3.468298063869083014e-01,3.111480075876120210e+01,3.320006322706210711e-02,4.963463958405820442e-01,6.783745112469929950e-02,4.741387689066561273e-01,4.832344170042348064e-01,3.581918441262292863e-01,1.585737388695364347e-01,1.867453588467910652e+00,5.498158002363006780e+00,5.889550869583954906e-01,8.939696011162752143e-01,1.292095158656147991e+00,1.693594468034075984e+00,2.067256970507583613e+00
3.339999999999999858e+00,3.434791574298495798e-01,3.120831838516983936e+01,4.234389230394835363e-02,5.249307548116901589e-01,6.246117664308022122e-02,4.501094956100065159e-01,4.841979092077144942e-01,3.572070451640004807e-01,1.585950456282849974e-01,1.864489882320338632e+00,5.517928124493508335e+00,5.880062812855290089e-01,8.910112452779864745e-01,1.291703541920396603e+00,1.694713305309876183e+00,2.066563219124592621e+00
3.350000000000000089e+00,3.340719144295426490e-01,3.131635095126540591e+01,5.195283939922230171e-02,5.135490820849550886e-01,6.249271600192406184e-02,4.084849271042275132e-01,4.852066632634144394e-01,3.563021785161317179e-01,1.584911582204539815e-01,1.861953512422053203e+00,5.551982352919907271e+00,5.846931408565603228e-01,8.895020119216295873e-01,1.291889279682984615e+00,1.694311584225648648e+00,2.066436639224461302e+00
3.359999999999999876e+00,3.250497036208747637e-01,3.143451839507816103e+01,6.157572067985365993e-02,4.317096496500673619e-01,7.239263697440855017e-02,3.682656300601269139e-01,4.860231820860327900e-01,3.556234892560949934e-01,1.583533286578724386e-01,1.859933654678210369e+00,5.554633410036090346e+00,5.878958944851909729e-01,8.930393053800464997e-01,1.288908493679719935e+00,1.695281481225733522e+00,2.067103856772872561e+00
3.370000000000000107e+00,3.340847689239553331e-01,3.155657102692862637e+01,7.419209980871308008e-02,3.543184123417145726e-01,1.003962393271348175e-01,3.624586359394459389e-01,4.865487484086708503e-01,3.552286112723352374e-01,1.582226403189940789e-01,1.857487379484466850e+00,5.476455288640066144e+00,5.963370795721594231e-01,8.940743971815756641e-01,1.289382977630360472e+00,1.693120306105585504e+00,2.067457402004333034e+00
3.379999999999999893e+00,3.605494990598319682e-01,3.167570252033701550e+01,9.250696722030325725e-02,3.383364205086381027e-01,1.323497221824408709e-01,3.866102046092006472e-01,4.869142823980808776e-01,3.548789805888287185e-01,1.582067370130905426e-01,1.854691206603500397e+00,5.407570739662224568e+00,5.936787872112621045e-01,8.902085089043958455e-01,1.287474977052742720e+00,1.695897429005584600e+00,2.072378117358165905e+00
3.390000000000000124e+00,3.802955454249674072e-01,3.177058812890247097e+01,1.122455532310373677e-01,4.241799164033355218e-01,7.900446847177343412e-02,4.428635015195756530e-01,4.872707201900228213e-01,3.543657699263115246e-01,1.583635098836658484e-01,1.853323308539124081e+00,5.541565668508074083e+00,5.899456262291478126e-01,8.912180469137942485e-01,1.287115074204727705e+00,1.701028164419269961e+00,2.075268339218513169e+00
3.399999999999999911e+00,3.432024149199727203e-01,3.184148221134274692e+01,1.233973755714987686e-01,5.414044287889899776e-01,4.355599426859078221e-02,3.893108996310616354e-01,4.873316794729414259e-01,3.540217480814004669e-01,1.586465724456575521e-01,1.852379799586331366e+00,5.651197550013557169e+00,5.879063261425865328e-01,8.972138434027756571e-01,1.290618757194451405e+00,1.695827494865270069e+00,2.070739195023377999e+00
3.410000000000000142e+00,3.164883078305231190e-01,3.188187296030406870e+01,1.381949757621643571e-01,5.838124693225353878e-01,4.407454271270627028e-02,3.238753642232173324e-01,4.868687829064968220e-01,3.538806992578904520e-01,1.592505178356124762e-01,1.852293069386818924e+00,5.693826938552008166e+00,5.808077012952463924e-01,9.005726693271849381e-01,1.289401441313547503e+00,1.693843665167842349e+00,2.061601327680005813e+00
3.419999999999999929e+00,3.256627859611672671e-01,3.191338945549041028e+01,1.654092657075833528e-01,5.827473566321904608e-01,4.655814849273742784e-02,3.048079259704510324e-01,4.864778818734021293e-01,3.536437681941034250e-01,1.598783499324941404e-01,1.852389827212509221e+00,5.726687164117944207e+00,5.803888821998792746e-01,8.984473295356670830e-01,1.287983438868315123e+00,1.692731181353308134e+00,2.065396753576433486e+00
3.430000000000000160e+00,3.392650778924618526e-01,3.193742361362070525e+01,1.816123126784078279e-01,5.470384116509908745e-01,5.070327781374606851e-02,2.678394530054977740e-01,4.863345523157763250e-01,3.532859538952783374e-01,1.603794937889455874e-01,1.852643131079082517e+00,5.745326814669241777e+00,5.782694355723142499e-01,8.964090015816728041e-01,1.284837273720241146e+00,1.691660992489420146e+00,2.070963888000855402e+00
3.439999999999999947e+00,3.357370024347735016e-01,3.193888780740788036e+01,1.573715805813445667e-01,5.074580432086617243e-01,6.077000551648217841e-02,1.891769895252271849e-01,4.863237652490283169e-01,3.529621413499239302e-01,1.607140934010476974e-01,1.853442220900965554e+00,5.789106758933631802e+00,5.835265925002141030e-01,8.966604639779598429e-01,1.278725125195757872e+00,1.691368621748152279e+00,2.069000668268326404e+00
3.450000000000000178e+00,3.133006234574094440e-01,3.192438329870542546e+01,1.154734827350329812e-01,4.886773204323884290e-01,7.580079008780213345e-02,1.304239582014695975e-01,4.864156916334034242e-01,3.525103534734684851e-01,1.610739548931282294e-01,1.854290071989542765e+00,5.866262538983265884e+00,5.823092485537174623e-01,8.986622755796739304e-01,1.276278654112413591e+00,1.691637598216824578e+00,2.070495761582106908e+00
3.459999999999999964e+00,2.822337908467592582e-01,3.192577537594433323e+01,8.580478819324520445e-02,5.171505178184222506e-01,8.895130551387626927e-02,1.461125704360466959e-01,4.866624721508262530e-01,3.516487264890940101e-01,1.616888013600793761e-01,1.853691434989983788e+00,5.884128735865910009e+00,5.834495178001515292e-01,8.995359175525367013e-01,1.276284154572718599e+00,1.690650255751945163e+00,2.071117982625704013e+00
3.470000000000000195e+00,2.410296649689989967e-01,3.196190799982541009e+01,6.786966531319212070e-02,5.314402914439024794e-01,1.001299093467851176e-01,1.731055938744170963e-01,4.873650149456671410e-01,3.501512366033788792e-01,1.624837484509541186e-01,1.850328716413682351e+00,5.716656426449301165e+00,5.803990853886881185e-01,8.977103528153356216e-01,1.274356557468351303e+00,1.691693717804281238e+00,2.073335312854902135e+00
3.479999999999999982e+00,2.277178125991923818e-01,3.200046695161280752e+01,5.575592276700972599e-02,2.564539593113890348e-01,8.387020821768455259e-02,1.072446907637664842e-01,4.887182620389824983e-01,3.477443827687007882e-01,1.635373551923167412e-01,1.842445550112195907e+00,5.046676937211581837e+00,5.896241221473415006e-01,8.981228714036373351e-01,1.274934370042356990e+00,1.688948619269514007e+00,2.068506310102061541e+00
3.490000000000000213e+00,2.088756712216643385e-01,3.196048930222522699e+01,4.135767435033507050e-02,3.920768062715769275e-01,8.978523592949694265e-02,-3.866902909244293585e-02,4.873921666080804904e-01,3.466094293285276740e-01,1.659984040633918356e-01,1.840591542170846528e+00,5.324601502565717404e+00,5.859931497305790327e-01,8.992430791169122584e-01,1.275912372632986180e+00,1.692900889863617087e+00,2.075799333730386387e+00
3.500000000000000000e+00,1.861323113166758469e-01,3.188660222424351076e+01,2.035491538541915613e-02,4.117708985866586069e-01,1.283670549972277530e-01,4.443095021051096834e-03,4.847947544639750195e-01,3.477662578328178933e-01,1.674389877032070040e-01,1.838065420216276280e+00,5.665451159052536489e+00,5.904022421488798189e-01,9.020765556876551017e-01,1.283818766053509863e+00,1.694382962829081407e+00,2.070874621765769863e+00
3.510000000000000231e+00,1.861279825861034409e-01,3.185485379955757068e+01,1.831592424786195050e-02,4.638805488142349609e-01,1.336285183181154523e-01,7.512969669664767980e-02,4.832658651487965473e-01,3.492895283951817920e-01,1.674446064560215219e-01,1.839144909519203175e+00,5.900108367427629119e+00,5.861520316660483454e-01,8.942681430749934712e-01,1.281456538914594434e+00,1.685252614866922238e+00,2.063111437022430827e+00
3.520000000000000018e+00,1.796701844931233583e-01,3.188697817909881849e+01,1.917096443704863207e-02,4.420394153704104157e-01,1.551311148317040534e-01,5.513621789452922278e-02,4.814815848119764485e-01,3.508523961886035325e-01,1.676660189994200745e-01,1.838755565029879913e+00,5.963301011874198032e+00,5.864200427480628086e-01,8.992997253652543765e-01,1.281949164701522204e+00,1.681174766317452107e+00,2.060100771513144746e+00
3.530000000000000249e+00,1.614877284890750553e-01,3.194575406274424623e+01,1.828801962446775439e-02,3.783715118285567169e-01,1.375987350107287788e-01,3.319629497539321183e-02,4.800144134493615211e-01,3.522024968917733534e-01,1.677830896588652088e-01,1.838117041428090515e+00,5.922171483837604278e+00,5.894040335345016590e-01,8.998203801011992464e-01,1.284113657148107990e+00,1.686099059720159721e+00,2.064255783685915890e+00
3.540000000000000036e+00,1.441706728496679468e-01,3.200442477586201306e+01,1.858858432584193851e-02,3.097616724600331661e-01,1.109696232377944680e-01,4.143360947645348402e-02,4.787956556601698499e-01,3.535284356850417198e-01,1.676759086547885969e-01,1.838345502309216339e+00,5.890376202756303137e+00,5.915739532592798611e-01,8.992389407595838824e-01,1.280998006560763125e+00,1.693399476306331142e+00,2.074432649168282072e+00
3.550000000000000266e+00,1.332919546118132847e-01,3.206492485724189123e+01,2.025044060032964166e-02,2.728549602496743165e-01,9.475081625479080116e-02,6.098378679623736587e-02,4.776321420315594590e-01,3.548607912276598997e-01,1.675070667407808633e-01,1.838890902786783244e+00,5.889238423945565515e+00,5.952182261995734303e-01,8.973165404187309901e-01,1.282174861942264377e+00,1.692007774906628015e+00,2.075338931731863124e+00
3.560000000000000053e+00,1.274669323696488443e-01,3.212706929030917991e+01,2.195154613317660749e-02,2.540999989632874434e-01,8.495131917239973074e-02,8.004684285227393892e-02,4.764689134003320947e-01,3.561549713195523714e-01,1.673761152801151453e-01,1.839459054790141934e+00,5.904926909578210648e+00,5.928187611237482058e-01,8.983280901227186366e-01,1.282182896986502785e+00,1.694534971433987458e+00,2.069472688412741679e+00
3.570000000000000284e+00,1.248634524112958860e-01,3.219084381673464179e+01,2.327205189945213276e-02,2.433777709145619195e-01,7.825179726865898189e-02,9.681628605382157360e-02,4.753548653832853077e-01,3.573868543341008897e-01,1.672582802826135251e-01,1.839971225054384929e+00,5.925507669813272038e+00,5.916743826261329220e-01,8.997481130112874315e-01,1.282755711735147353e+00,1.695274866595912977e+00,2.064756490862989402e+00
3.580000000000000071e+00,1.244223722910901275e-01,3.225697713463854654e+01,2.436559929892162177e-02,2.360709578048701962e-01,7.307610584527284014e-02,1.111072245012011683e-01,4.743224689509388803e-01,3.585534810271484574e-01,1.671240500219126623e-01,1.840351765580374721e+00,5.941805642411063459e+00,5.920827461868419794e-01,8.999141716693901394e-01,1.282959681661753226e+00,1.694895697164708226e+00,2.059483173713238635e+00
3.589999999999999858e+00,1.251552312446206072e-01,3.232429767161728762e+01,2.550326329723751409e-02,2.291421074658108736e-01,6.924177651890499330e-02,1.234355446562768743e-01,4.733859501659255509e-01,3.596467263556704652e-01,1.669673234784042615e-01,1.840548783310383518e+00,5.950839617019092032e+00,5.881176401902796780e-01,9.003429540622641669e-01,1.283399086405764056e+00,1.697941718625900043e+00,2.058627051720305356e+00
3.600000000000000089e+00,1.263057525787931179e-01,3.238856255575534959e+01,2.691472474952194202e-02,2.222603916627498288e-01,6.761031199992488527e-02,1.341532319152028419e-01,4.725413499636988424e-01,3.606352298827826264e-01,1.668234201535185035e-01,1.840503509684688677e+00,5.955488916882251793e+00,5.896108050301019921e-01,9.014886803998891640e-01,1.284715212868309031e+00,1.693655971190016984e+00,2.060527762638587834e+00
3.609999999999999876e+00,1.277389337162799232e-01,3.244375335297379337e+01,2.874260200080145169e-02,2.200658658113190946e-01,6.934595752710673300e-02,1.441024546627494018e-01,4.717503320662593258e-01,3.614787816390510611e-01,1.667708862946896409e-01,1.840100169376809980e+00,5.961473240563778475e+00,5.924780086282330771e-01,9.018581411840949080e-01,1.284207587778394721e+00,1.694641315372300117e+00,2.058930061107706599e+00
3.620000000000000107e+00,1.297570642601076629e-01,3.248650878658222041e+01,3.090851830720185017e-02,2.293730702975935731e-01,7.494041798789649600e-02,1.554747026702321122e-01,4.709347746375402988e-01,3.621770203975913649e-01,1.668882049648687804e-01,1.839224097925130863e+00,5.973449406374918169e+00,5.890128846344908631e-01,9.022071866660168471e-01,1.284587267134798649e+00,1.693074146736026853e+00,2.057165839707426169e+00
3.629999999999999893e+00,1.336261573989573903e-01,3.251952621199000504e+01,3.313511039651403228e-02,2.509534591801798054e-01,8.415789571229574662e-02,1.678556618412048729e-01,4.700290799629025518e-01,3.627699881788231107e-01,1.672009318582741433e-01,1.837944498505080348e+00,5.991055128417928088e+00,5.875046375504360263e-01,9.003496353366717830e-01,1.284484206457177979e+00,1.694453684525712323e+00,2.054826409827838152e+00
3.640000000000000124e+00,1.422660348179753953e-01,3.254985470207174103e+01,3.512448946225714408e-02,2.826318980587013141e-01,9.726929550552157466e-02,1.761620984254478883e-01,4.690515612034762416e-01,3.632608695942993182e-01,1.676875692022243847e-01,1.836411773747028020e+00,6.007651913390636977e+00,5.850279226892016737e-01,9.016984972379077368e-01,1.284213385417448450e+00,1.691648242467822527e+00,2.053783885250604513e+00
3.649999999999999911e+00,1.586419238799501863e-01,3.258368829733220906e+01,3.655300898959579908e-02,3.281271994745811882e-01,1.155992234126363982e-01,1.785488191766122223e-01,4.680587633611607012e-01,3.636198728329917418e-01,1.683213638058474182e-01,1.834678767917507392e+00,6.015603694636018517e+00,5.869478692326667302e-01,9.018768780564487830e-01,1.284541065262256865e+00,1.693160754709727822e+00,2.052044160051781141e+00
3.660000000000000142e+00,1.850546204148137142e-01,3.262402467474166912e+01,3.704585084052179622e-02,3.953487927700160554e-01,1.397154867208795226e-01,1.784711966538515548e-01,4.670623052290099886e-01,3.638190479300550950e-01,1.691186468409349164e-01,1.832792235313340123e+00,6.008326313626216830e+00,5.835572063304284018e-01,9.032709887708861851e-01,1.283942946839288890e+00,1.693355454699135620e+00,2.052959483378774763e+00
3.669999999999999929e+00,2.216830837463244497e-01,3.267156250278423357e+01,3.627461209472340048e-02,4.892368000545894158e-01,1.657816765099241751e-01,1.802582486900544123e-01,4.660150227234667875e-01,3.638215123953656427e-01,1.701634648811678752e-01,1.830958360846367761e+00,5.978383190737452502e+00,5.832094005204924159e-01,9.049157709804696026e-01,1.282443418317013251e+00,1.693415976916610610e+00,2.056900001290741908e+00
3.680000000000000160e+00,2.600420807104213416e-01,3.272408876615660489e+01,3.418619282829023914e-02,5.872969272312789091e-01,1.826893702054598334e-01,1.860843807873363009e-01,4.648431291557603151e-01,3.635985225333637771e-01,1.715583483108762408e-01,1.829748385212787820e+00,5.920838683954633197e+00,5.795805945743417453e-01,9.086135403349742123e-01,1.282161026220830280e+00,1.696332422477883517e+00,2.057042630165593522e+00
3.689999999999999947e+00,2.829000914722928361e-01,3.277484518359418075e+01,3.116378752095489216e-02,6.295847488188113239e-01,1.742337810304709911e-01,1.937791553687476798e-01,4.635548695266652475e-01,3.632561269561929151e-01,1.731890035171416709e-01,1.830003968727698993e+00,5.842096997016731130e+00,5.822444057504111425e-01,9.121701053256363600e-01,1.284133200261366126e+00,1.695866503947859760e+00,2.056271852984417059e+00
3.700000000000000178e+00,2.736637399462037434e-01,3.281262816098238488e+01,2.787851755615075242e-02,5.905488998062081718e-01,1.225407663636479544e-01,2.099201333616022569e-01,4.622935171615694117e-01,3.632293038679053621e-01,1.744771789705250042e-01,1.831781142068977353e+00,5.750538481958243686e+00,5.902517205952150237e-01,9.128565112664599468e-01,1.287722798402325397e+00,1.697118118361773842e+00,2.057202738819967180e+00
3.709999999999999964e+00,2.524239439823680042e-01,3.283433586631502266e+01,2.479157454303500610e-02,5.452662394153591219e-01,8.049012827602529396e-02,2.469565784576921164e-01,4.611310531973433768e-01,3.640156204033133114e-01,1.748533263993432840e-01,1.833793125087046727e+00,5.591422400567763518e+00,5.907216728554418594e-01,9.108948979739277529e-01,1.287217486472608474e+00,1.695487530334745196e+00,2.059005201410479380e+00
3.720000000000000195e+00,2.528568228164195797e-01,3.285805320813336294e+01,2.180193356349938508e-02,5.412685293563921363e-01,7.014576126451038673e-02,3.179090288865906722e-01,4.599757080224228800e-01,3.653149471839993168e-01,1.747093447935784138e-01,1.835220161771774938e+00,5.355240222044622023e+00,5.883954528126796868e-01,9.100051806687176059e-01,1.286329606667329095e+00,1.693349886356136258e+00,2.068572921794460395e+00
3.729999999999999982e+00,2.627032657722133679e-01,3.289478988868373932e+01,1.889448453051532570e-02,5.678763214937567749e-01,7.339791050437197151e-02,5.092884315000483220e-01,4.588265495116741199e-01,3.666645821047639919e-01,1.745088683835620547e-01,1.836378267472004833e+00,5.130485896530082357e+00,5.882599936701169430e-01,9.129652046649844310e-01,1.286173086311102498e+00,1.693215960386523555e+00,2.065691684844371601e+00
3.740000000000000213e+00,3.164569223214455107e-01,3.297101305320440190e+01,1.599028639402367419e-02,6.077383980706366762e-01,7.162676487641748968e-02,1.441442234336412498e-01,4.568045536293100506e-01,3.684510458678134648e-01,1.747444005028765124e-01,1.834136034145996685e+00,4.975732687024427392e+00,5.869234461634832423e-01,9.145917118431230453e-01,1.285862923531111868e+00,1.689952240218954849e+00,2.065842344052187585e+00
3.750000000000000000e+00,1.868940617888775746e-01,3.295703478602471392e+01,2.204501220208874082e-02,4.908751396162234770e-01,3.627277485830886217e-02,-4.383795507088176779e-01,4.547384246760309834e-01,3.701721629228156840e-01,1.750894124011533881e-01,1.830443567009447658e+00,4.940710112873278881e+00,5.873983311839996446e-01,9.133961290618033413e-01,1.284286016336209091e+00,1.693308153424885498e+00,2.067058730820812595e+00
3.760000000000000231e+00,1.487656440003752301e-01,3.287704861031306791e+01,2.339124213818850190e-02,4.145459270206585112e-01,3.043358476885850428e-02,5.333401408529328536e-02,4.532054226824210330e-01,3.723080088133582377e-01,1.744865685042204795e-01,1.830193365049996412e+00,4.728406447043575156e+00,5.909662593433837596e-01,9.083153514446423715e-01,1.282370294300769320e+00,1.691522617391126637e+00,2.066860493739205662e+00
3.770000000000000018e+00,1.651224584477224977e-01,3.283125407270861729e+01,2.340157509141658349e-02,3.883398914637310462e-01,2.894907756516443970e-02,2.913409709578553275e-01,4.526262398181530311e-01,3.738140834063735651e-01,1.735596767754735703e-01,1.831454514037741621e+00,4.407187438065911067e+00,5.903611066552892916e-01,9.063198482348073792e-01,1.279020543802701804e+00,1.692729616279575744e+00,2.070994289084161721e+00
3.780000000000000249e+00,1.534820839811125159e-01,3.280900216312449658e+01,2.572470965702102277e-02,3.665374070228853420e-01,3.070195761659989808e-02,4.357613774987902366e-01,4.519478679081764816e-01,3.752483223766706621e-01,1.728038097151524677e-01,1.833760497634227438e+00,4.560963038316189433e+00,5.938064944954337676e-01,9.053563119800565051e-01,1.276297993212754722e+00,1.694171197041301147e+00,2.065099604942050249e+00
3.790000000000000036e+00,1.514455192011462947e-01,3.281834978764395316e+01,2.741580032703254052e-02,3.533255889260343841e-01,4.816747141526041970e-02,4.657162907198384993e-01,4.509591154275763847e-01,3.767162307852471859e-01,1.723246537871765682e-01,1.835308579575622323e+00,4.794954168387232762e+00,5.925521526837620456e-01,9.040306143420020479e-01,1.277688640612874238e+00,1.692677537209209770e+00,2.070123703138166071e+00
3.800000000000000266e+00,1.589130176896293989e-01,3.286282912633395625e+01,2.778048220920092959e-02,3.509296218689280100e-01,5.681718461696110001e-02,4.389773114680412536e-01,4.500427910123748210e-01,3.778672991838222806e-01,1.720899098038028985e-01,1.836132834138401337e+00,5.063890724142486199e+00,5.909461967668314664e-01,9.035500252660795262e-01,1.276693628979710837e+00,1.693907246426614499e+00,2.075054717817126804e+00
3.810000000000000053e+00,1.605129625248988001e-01,3.291910387307996899e+01,2.824371026801009849e-02,3.549432667710182288e-01,6.361805193712498363e-02,4.131660721578110373e-01,4.493413976681503996e-01,3.789000835030578163e-01,1.717585188287917286e-01,1.837348179245385182e+00,5.393135666460374011e+00,5.823868345673165470e-01,9.021278972329044299e-01,1.280534863629031239e+00,1.692187876297700955e+00,2.077609047102281448e+00
3.820000000000000284e+00,1.617283295754831929e-01,3.297721886700531257e+01,2.919048419506144534e-02,3.541063060339096347e-01,7.140600035483868346e-02,3.870100176638501810e-01,4.486546365573835793e-01,3.801219920744504654e-01,1.712233713681658998e-01,1.839131679130904473e+00,5.791612191874271787e+00,5.845080323290482438e-01,8.981393628987659472e-01,1.282489151523302784e+00,1.691131445358696306e+00,2.073891360884492663e+00
3.830000000000000071e+00,1.738439538190141020e-01,3.302946867001359976e+01,3.108859593225299714e-02,3.354288626501551462e-01,7.944397316969611933e-02,3.376394843206619867e-01,4.477372563375919823e-01,3.816025361813083494e-01,1.706602074810997793e-01,1.840361677713264310e+00,6.115472301554745194e+00,5.800568334352473876e-01,9.001960859946122051e-01,1.283075497978717783e+00,1.693921428854612499e+00,2.073871762604999169e+00
3.839999999999999858e+00,1.874432779550184724e-01,3.306038344387506100e+01,3.385411475605223236e-02,3.261150289567795180e-01,7.970463042874675885e-02,3.016094816932461953e-01,4.464741568857042986e-01,3.829423119360552130e-01,1.705835311782407382e-01,1.840501572707054612e+00,6.223582295914732221e+00,5.799510201820170519e-01,9.007311071841530570e-01,1.284394692590802078e+00,1.693685860989732950e+00,2.076860142748773619e+00
3.850000000000000089e+00,1.905094484625500240e-01,3.309562981860066344e+01,3.764316416312120384e-02,3.402476064924894184e-01,7.640537240457222212e-02,2.471061720778059689e-01,4.450488243284396739e-01,3.840304943409240668e-01,1.709206813306363149e-01,1.841335411129213728e+00,6.449075231785161400e+00,5.785367231520555098e-01,9.002675070711092520e-01,1.288901423343867148e+00,1.692726227649262061e+00,2.080725835591946460e+00
3.859999999999999876e+00,1.961301708199554295e-01,3.312735657546231494e+01,4.294439184578413560e-02,3.854978244795784215e-01,5.529799791865386283e-02,1.582793375993778173e-01,4.431811029370305577e-01,3.855618777064049874e-01,1.712570193565645382e-01,1.844140488454349747e+00,6.891609528358984882e+00,5.925149316041696812e-01,9.033891328112804153e-01,1.286645183574933071e+00,1.692314682302821005e+00,2.080614742975423592e+00
3.870000000000000107e+00,2.414280525201570882e-01,3.309890096376309998e+01,4.634110741159221808e-02,5.142316113295739566e-01,2.328261081246413289e-02,1.309689829797474336e-01,4.398675992634550336e-01,3.879665961676354580e-01,1.721658045689098970e-01,1.847419873453485684e+00,7.067150870249230721e+00,5.898097118613314649e-01,9.107974335398962840e-01,1.292139030563191238e+00,1.690346409237661218e+00,2.073189683826163421e+00
3.879999999999999893e+00,2.460536579680916436e-01,3.307398535209839707e+01,4.912232855005547322e-02,4.989542676987792080e-01,1.618318219158828078e-02,1.253720788317816692e-01,4.363021136865425920e-01,3.904547565381198959e-01,1.732431297753377342e-01,1.849803584189490646e+00,7.113778514501650108e+00,5.873856581449279357e-01,9.117551515402022577e-01,1.287470553657031225e+00,1.696303730717583447e+00,2.070013621215229360e+00
3.890000000000000124e+00,2.224922643819243484e-01,3.305935201960637926e+01,5.476457106677289077e-02,4.255639328843598967e-01,-2.119164324214314020e-03,1.005728181952968564e-01,4.332027378203664458e-01,3.931475605328960121e-01,1.736497016467373200e-01,1.853427491278802908e+00,7.498461367304974701e+00,5.794371991164454228e-01,9.089738468313932618e-01,1.285482730580796762e+00,1.699063877049155291e+00,2.060390108162144962e+00
3.899999999999999911e+00,1.984237043067359207e-01,3.304688843066220727e+01,5.721722789092009015e-02,3.282179739489758941e-01,-1.256038981269279320e-02,1.025378188175909561e-01,4.309788530119657568e-01,3.952338006191025155e-01,1.737873463689316444e-01,1.855221008953990891e+00,7.617821038015549995e+00,5.771954360110156390e-01,9.063339241312287076e-01,1.284776558068275509e+00,1.698743793581125594e+00,2.057838864113167521e+00
3.910000000000000142e+00,2.069219499062686651e-01,3.304841747095895954e+01,5.780847830343022881e-02,2.867878616166699701e-01,9.252707738171697671e-02,1.017093271115073055e-01,4.303305718420976644e-01,3.957142002584495555e-01,1.739552278994530854e-01,1.856086473570208284e+00,7.632478450631212219e+00,5.796975157097428166e-01,9.051713281223100482e-01,1.281022057736296738e+00,1.696056882176775860e+00,2.054402432712620907e+00
3.919999999999999929e+00,2.298264327668267382e-01,3.308214469708423877e+01,5.569287949279187050e-02,2.167800447134939357e-01,4.360654088950245699e-02,1.248069114647939043e-01,4.311292000139566039e-01,3.946993896850546357e-01,1.741714103009886494e-01,1.855233575581688887e+00,7.365932477074825790e+00,5.828139256747589814e-01,9.051870177786059957e-01,1.284824138114869729e+00,1.692499275779113299e+00,2.059958434550060336e+00
3.930000000000000160e+00,1.456673220247817202e-01,3.294198163151848746e+01,5.246781481316246942e-02,2.444856847651238618e-01,-2.070469049498237235e-02,-4.284793463095727672e-02,4.339562952693253872e-01,3.921583081593091880e-01,1.738853965713654803e-01,1.839742163721261869e+00,5.255128724451782141e+00,5.791898628698913809e-01,9.068159061792560038e-01,1.283253994435295642e+00,1.699275995620480817e+00,2.063708159943296039e+00
3.939999999999999947e+00,1.287220064589444934e-01,3.268697666002005064e+01,5.216242021327618245e-02,2.837013760358094161e-01,-4.299079982041587727e-02,-7.998164055338888301e-02,4.367915201593438046e-01,3.914361157471329400e-01,1.717723640935234497e-01,1.830783219005929219e+00,4.325015630037060355e+00,5.698190073526951949e-01,8.978543707213595404e-01,1.283339863962265959e+00,1.692870069882918660e+00,2.063663556509689023e+00
3.950000000000000178e+00,1.727776570893573838e-01,3.244944580079017982e+01,5.187211152795585117e-02,4.072943250569682205e-01,-5.660120262978150102e-02,-1.153579702981882144e-02,4.376410414853053044e-01,3.933258006298393505e-01,1.690331578848554839e-01,1.830311307142490573e+00,4.228242149259587634e+00,5.748999247981484428e-01,8.938603121862529477e-01,1.283712517232244110e+00,1.692115964528037253e+00,2.063902472410263922e+00
3.959999999999999964e+00,1.566396068700023625e-01,3.235646888897491635e+01,5.461868871649117052e-02,3.959117370225171406e-01,-6.104158053017449265e-02,-2.495946170398655531e-02,4.374944897728139104e-01,3.952365790879359131e-01,1.672689311392501765e-01,1.831937886281878036e+00,5.094664515710388031e+00,5.714864446160103917e-01,8.948610469907810616e-01,1.283225520383305618e+00,1.690877325213925531e+00,2.062964763515396704e+00
3.970000000000000195e+00,1.736474628130648401e-01,3.233329748864307618e+01,5.634855005801087113e-02,4.096428198666626219e-01,-5.408592779272595324e-02,-3.684987609637658396e-02,4.376352602284890314e-01,3.960609108213829499e-01,1.663038289501278799e-01,1.834356680254471961e+00,5.581955935425731319e+00,5.657081791203201204e-01,8.938310328710445951e-01,1.281782460929135947e+00,1.690792826728457765e+00,2.057760303598902496e+00
3.979999999999999982e+00,2.404034716610948530e-01,3.233437569432120284e+01,5.682969023245095647e-02,4.127940149339206499e-01,-4.939578745319846836e-02,-4.873072436672114954e-02,4.379794625626496907e-01,3.961711492713466121e-01,1.658493881660036418e-01,1.836982665452878472e+00,5.778737937204054376e+00,5.658780979243345222e-01,8.911963965700580026e-01,1.280572181887740690e+00,1.691196324005897367e+00,2.057174014240862103e+00
3.990000000000000213e+00,3.371099269254907438e-01,3.232368774489327734e+01,5.534334114452888614e-02,5.031952024948735946e-01,-4.876087827200312891e-02,-6.058075539842594504e-02,4.383247617220512593e-01,3.960632911964360181e-01,1.656119470815131667e-01,1.840834533579124299e+00,5.729505735817823187e+00,5.684050187843953106e-01,8.925845798884884941e-01,1.279259726006079401e+00,1.694295386074962995e+00,2.059887620164580380e+00
4.000000000000000000e+00,4.302096455770232919e-01,3.228810982681321917e+01,5.056094660048706529e-02,6.312221667753206145e-01,-4.761856045027389878e-02,-8.643127912682296854e-02,4.382183703890378812e-01,3.960997915758937560e-01,1.656818380350681963e-01,1.845114753419243359e+00,5.433654940201340544e+00,5.579830534917489260e-01,8.972334491010853785e-01,1.279865690692307822e+00,1.696860265947601532e+00,2.062331077291060133e+00
4.009999999999999787e+00,3.281049404594884034e-01,3.221600597126850829e+01,4.263969120634964610e-02,4.968089911665110048e-01,-4.653077547400376324e-02,-1.030545769267167677e-01,4.378747158472859335e-01,3.960233523996073979e-01,1.661019317531064743e-01,1.849580774021826635e+00,5.010756170101068996e+00,5.607179898900991333e-01,9.005704570500563388e-01,1.284730609189997041e+00,1.698823893665043938e+00,2.071053815257732467e+00
4.020000000000000462e+00,2.478990621635674407e-01,3.214353637969034594e+01,3.771377216478300626e-02,4.186020251573813189e-01,-4.688429875972289357e-02,-2.716050660971621247e-02,4.374804264948778387e-01,3.954458529166386405e-01,1.670737205884837151e-01,1.856426917609557803e+00,5.116519202293204671e+00,5.660684776032148813e-01,9.055803043735252134e-01,1.286343358803426540e+00,1.699652435272785755e+00,2.067474173267573434e+00
4.030000000000000249e+00,2.663146902373857428e-01,3.207771341706968826e+01,3.594359799838535430e-02,4.371358648231316035e-01,-5.485684999893771646e-02,5.369229204787494270e-02,4.375903503897851654e-01,3.944285854596954466e-01,1.679810641505193602e-01,1.861609188771802037e+00,5.474227017025586228e+00,5.724604306922367325e-01,9.076844802088431807e-01,1.289887565984809026e+00,1.703511731313998023e+00,2.066995636982137174e+00
4.040000000000000036e+00,2.925066716157208035e-01,3.203735418919391975e+01,3.623190161177382990e-02,4.442626427844497128e-01,-6.034089447153133390e-02,1.200807300978044834e-01,4.383495746381979030e-01,3.928641862249981909e-01,1.687862391368039616e-01,1.865630936955936736e+00,5.860982269768729047e+00,5.733821135226050414e-01,9.065914515773876303e-01,1.289314146338073730e+00,1.704372602256760683e+00,2.060050459782257981e+00
4.049999999999999822e+00,3.000749945478609071e-01,3.202378079386254939e+01,3.725619406659005234e-02,4.470147655312358137e-01,-6.282324959907339967e-02,1.421720331256847991e-01,4.395153812545435357e-01,3.910266682582746456e-01,1.694579504871814857e-01,1.867814075678463803e+00,6.135382799617132399e+00,5.752779803421900207e-01,9.087169167772085610e-01,1.294211061851846534e+00,1.705798867123173412e+00,2.063053631720284553e+00
4.060000000000000497e+00,2.899425212732423818e-01,3.200891257799531076e+01,3.917398610660868807e-02,4.456412198493420740e-01,-6.470658681379112820e-02,1.459656057296368770e-01,4.410631605435443303e-01,3.889653128100438728e-01,1.699715266464120744e-01,1.869683588790950646e+00,6.417531220236901923e+00,5.737055052656581111e-01,9.076755373086620171e-01,1.291254511009368944e+00,1.701791032795186176e+00,2.060253208368983735e+00
4.070000000000000284e+00,2.729057986801374791e-01,3.199018376060742597e+01,4.225929666112502453e-02,4.247357318166504747e-01,-6.416959754271284178e-02,1.452246035411678127e-01,4.429391620488059012e-01,3.866754189244967499e-01,1.703854190266973767e-01,1.871853130435927826e+00,6.715121752088888840e+00,5.675451532826684131e-01,9.024505311092075877e-01,1.292481504971859874e+00,1.700418947069251674e+00,2.060834100423372117e+00
4.080000000000000071e+00,2.521752923592061602e-01,3.197055798122758929e+01,4.648943597506694642e-02,3.864187714717028377e-01,-5.975520827902804782e-02,1.462642961157651078e-01,4.450532878019661798e-01,3.842216636287005826e-01,1.707250485693328768e-01,1.874378354265224589e+00,7.009112202869122399e+00,5.740645611822098315e-01,9.017507171635589236e-01,1.292083352094867799e+00,1.704462641187732386e+00,2.064199242471612905e+00
4.089999999999999858e+00,2.351570722441086170e-01,3.195014728275271665e+01,5.007505049301606143e-02,3.457837109090757810e-01,-4.950349956863368123e-02,1.565434545619153739e-01,4.474281710637296738e-01,3.815893370889628100e-01,1.709824918473077660e-01,1.877181104805795364e+00,7.270341661282643919e+00,5.747798803693832115e-01,8.953996414712352969e-01,1.291174082027081615e+00,1.702690592788867363e+00,2.066564393606662442e+00
4.099999999999999645e+00,2.274023010014665780e-01,3.192336207897487554e+01,5.034094299826206292e-02,3.186249715270315086e-01,-2.818400303432411561e-02,1.873944048123223904e-01,4.502363492546199719e-01,3.786369079379362512e-01,1.711267428074436381e-01,1.880026983929228512e+00,7.451368123002247046e+00,5.743217939595286481e-01,8.932094041472210533e-01,1.288993028846280087e+00,1.699419149925973205e+00,2.072660369207293574e+00
4.110000000000000320e+00,1.630422474524641507e-01,3.188136439399886513e+01,5.390653515626575576e-02,2.942795181514560876e-01,1.535887409573942312e-02,2.280734438098007688e-01,4.532545087885436197e-01,3.754737999335812648e-01,1.712716912778748379e-01,1.883411608238001911e+00,7.546130150513250534e+00,5.658948381022493868e-01,8.919430206918953496e-01,1.288721589425882774e+00,1.699826764978859428e+00,2.071549701965677226e+00
4.120000000000000107e+00,9.404028538193309750e-02,3.186951430957435605e+01,5.519956371547496410e-02,2.881506430561384668e-01,1.622369889580101143e-01,2.430687877203452363e-01,4.543807806337534227e-01,3.739316931727308946e-01,1.716875261935157659e-01,1.887196074127700518e+00,7.525930023640167832e+00,5.614211537594426815e-01,8.901892159580655495e-01,1.290018065472672726e+00,1.701178301996654429e+00,2.069906535506099932e+00
4.129999999999999893e+00,1.924293672582267356e-01,3.188582981615071787e+01,6.327088572669574418e-02,3.181589508875367622e-01,-2.099882363488946024e-01,2.976303917509838248e-01,4.564983911671120498e-01,3.712674535029126255e-01,1.722341553299754358e-01,1.885538818928436999e+00,7.257113984405574314e+00,5.563737166624860286e-01,8.910980756864127494e-01,1.293661628552416731e+00,1.699258595686330864e+00,2.067715485964740196e+00
4.139999999999999680e+00,2.010106001512230178e-01,3.181107450265974279e+01,9.294353882296278735e-02,2.636777594161730520e-01,-1.793248142861241790e-01,2.891136955750077675e-01,4.580676570786487156e-01,3.692159564452529574e-01,1.727163864760980216e-01,1.893135142446843666e+00,7.754750680681712360e+00,5.581671522084710180e-01,8.949316804257578806e-01,1.291130923487258997e+00,1.697269739983356063e+00,2.069574499131900502e+00
4.150000000000000355e+00,1.802591131193195806e-01,3.178079048262488726e+01,1.109920847853458625e-01,2.593153626975510662e-01,-1.010093887869773360e-01,2.802591360498778994e-01,4.583585957403877864e-01,3.683721070009804976e-01,1.732692972586313274e-01,1.901020331815154396e+00,7.796506494147199540e+00,5.471000362341407186e-01,8.925887750537111476e-01,1.292533797691721720e+00,1.696386255424469081e+00,2.070597732965042681e+00
4.160000000000000142e+00,1.970603427917547168e-01,3.176185981638516864e+01,1.151802459806943596e-01,2.650053989757762962e-01,-7.215661442306302298e-02,2.832503752018437071e-01,4.590792167769097709e-01,3.671846900066721431e-01,1.737360932164177807e-01,1.908560122793555136e+00,7.977100014246741644e+00,5.512784550784273208e-01,8.918768557012047848e-01,1.293399460922673772e+00,1.697094194930250044e+00,2.069496977843509722e+00
4.169999999999999929e+00,3.488480403176926758e-01,3.175325699955498848e+01,9.760283664396485204e-02,3.464994002912935023e-01,-5.113699202080856238e-02,6.113444127679893425e-01,4.608437298673836446e-01,3.652310843977834010e-01,1.739251857348331209e-01,1.914168324647737229e+00,8.287694038499676452e+00,5.534988793026688336e-01,8.936886497919047656e-01,1.296554196316826779e+00,1.697462644351137806e+00,2.072374104415948715e+00
4.179999999999999716e+00,1.040698511654515601e-01,3.170033937715847117e+01,1.287124473552229142e-01,2.679892311746571165e-01,-6.217402876509669357e-02,-1.666915055548169877e-01,4.592269751037364456e-01,3.660446439186619272e-01,1.747283809776020436e-01,1.920502051652197784e+00,9.184618788401362366e+00,5.497437443524760825e-01,8.900954892008405839e-01,1.291178956944692535e+00,1.698568273460946187e+00,2.072628714862354116e+00
4.190000000000000391e+00,4.444466697682819545e-02,3.158286947705682834e+01,7.027646472701497282e-02,2.964527966037154849e-01,-6.730073605267687664e-02,-1.313207195700449859e-01,4.593647426472022843e-01,3.659144308962151149e-01,1.747208264565823510e-01,1.922046159984728941e+00,1.019458573051455197e+01,5.481844312322777801e-01,8.880189737898521729e-01,1.288335023374796329e+00,1.700574007875907068e+00,2.069811639235836331e+00
4.200000000000000178e+00,2.128090879044947370e-01,3.143884245415467760e+01,4.094533992729191413e-02,6.205930074616009540e-01,-6.183238935786895818e-02,3.509762322356951153e-02,4.606783079747235332e-01,3.648868355322253398e-01,1.744348564930510992e-01,1.923826750327193968e+00,1.046052853533531035e+01,5.485679057778112266e-01,8.861754345961903034e-01,1.291673835465425579e+00,1.699272436168065337e+00,2.067027016623261382e+00
4.209999999999999964e+00,2.564605173152203488e-01,3.128871822714310014e+01,6.962792039186950499e-02,5.350612829236890411e-01,-5.840148301215129789e-02,2.111581638666452931e-01,4.626416555289250554e-01,3.635978846372698303e-01,1.737604598338050865e-01,1.926329946555315198e+00,1.161842822648037021e+01,5.558202871694386538e-01,8.877209025007276599e-01,1.290471204359415980e+00,1.695844045066996708e+00,2.065321362082556345e+00
4.219999999999999751e+00,1.555691304406089936e-01,3.117819394180246917e+01,9.416988732385334071e-02,2.396668604847504158e-01,-5.520264916270159472e-02,1.871477582272993434e-01,4.674230456090411878e-01,3.608474926511526792e-01,1.717294617398064660e-01,1.884149434142145640e+00,7.550344741244808588e+00,5.569087976168610732e-01,8.810153524161794536e-01,1.291716342897101022e+00,1.705778519718688990e+00,2.066732505605037407e+00
4.230000000000000426e+00,2.803428547548614258e-01,3.060549843898942868e+01,3.350451997846571467e-02,3.568934633835941783e-01,-4.576544624909930498e-02,3.171787453740930185e-01,4.710895582249972069e-01,3.613053136204016358e-01,1.676051281546006577e-01,2.040159902629372635e+00,2.832457760343585562e+01,5.485025299408752275e-01,8.801972632078354231e-01,1.291190038442139532e+00,1.701789201184401357e+00,2.061712152544137755e+00
4.240000000000000213e+00,1.930778635370312135e-01,3.005677744376002281e+01,-2.627047029147803331e-02,2.591021650594165782e-01,-1.156702140613615273e-02,1.137023095345396917e-01,4.741351432619239636e-01,3.588272108522432835e-01,1.670376458858323920e-01,1.860783092345058565e+00,6.736041552171294633e+00,5.588656380052323680e-01,8.799731314814138727e-01,1.301554895007580148e+00,1.710031589637333926e+00,2.059016322184972214e+00
4.250000000000000000e+00,3.097136487181037512e-01,2.955843011873202641e+01,3.552562440751099674e-03,2.515168074108353746e-01,4.126937035559588053e-03,3.606836890425088038e-01,4.777992016776508866e-01,3.556036135220376759e-01,1.665971848003116595e-01,1.874937411212850957e+00,8.732831409363646102e+00,5.424325039817313732e-01,8.693376218389980981e-01,1.298765269778613396e+00,1.705644834244187891e+00,2.053704608299811163e+00
4.259999999999999787e+00,3.074571202056712860e-01,2.950999625668865178e+01,1.219325586460131249e-02,3.333315467461606674e-01,8.014744213714238008e-03,3.634795416282469160e-01,4.775936565129628164e-01,3.569747025014586850e-01,1.654316409855783876e-01,1.868753845301546868e+00,8.207016604298773998e+00,5.374599315286857637e-01,8.718987587140671902e-01,1.297355027339058164e+00,1.707602823745772103e+00,2.060836731487181606e+00
4.270000000000000462e+00,2.934370035254133535e-01,2.953951090824421755e+01,-1.432374654396902482e-03,3.213043162880334647e-01,9.387963586194954593e-03,3.806414358177611645e-01,4.784221230764327815e-01,3.569246053014606401e-01,1.646532716221067449e-01,1.872654142585805870e+00,8.431442056288204867e+00,5.366170660122221436e-01,8.714267912630857538e-01,1.295015985626231103e+00,1.709450608637811175e+00,2.059003182286291533e+00
4.280000000000000249e+00,2.761981319632288434e-01,2.956756887614600871e+01,-2.559194627943238085e-02,2.628413766974267984e-01,9.089607350995591514e-03,4.063836217624095526e-01,4.788262677224367492e-01,3.570722822242266004e-01,1.641014500533365672e-01,1.876990590134886894e+00,8.573426049787114422e+00,5.470395300254886628e-01,8.729072108159533494e-01,1.294963705013286281e+00,1.713321552217715649e+00,2.057758156054395826e+00
4.290000000000000036e+00,2.870765365436001026e-01,2.958446875189663672e+01,-5.899123463182608801e-02,2.497985958984314803e-01,5.698440625034228296e-03,4.643831927903640522e-01,4.787885913373847169e-01,3.573605013033404609e-01,1.638509073592747944e-01,1.882850107956682395e+00,8.690947385287854488e+00,5.373430884264484009e-01,8.714614276339479604e-01,1.294386209973387381e+00,1.709330180440672198e+00,2.061235318308217046e+00
4.299999999999999822e+00,3.303644949774270922e-01,2.960301186231392734e+01,-8.713555802100879377e-02,2.673131139708796455e-01,6.509108127580098607e-04,6.271606891225971481e-01,4.783691196840331727e-01,3.576175184372892280e-01,1.640133618786771830e-01,1.890110690478334021e+00,8.786641453010446412e+00,5.396541085224128009e-01,8.735381953775916974e-01,1.296728974360068509e+00,1.711843591832278744e+00,2.062201854707545134e+00
4.310000000000000497e+00,3.571021253045658095e-01,2.964581835068447901e+01,-1.693686162886850338e-02,3.032070055965219724e-01,-3.448522795935121503e-03,5.492025652133296632e-01,4.770781928263042593e-01,3.579769815216601314e-01,1.649448256520353040e-01,1.892033643346397564e+00,8.426275031609982591e+00,5.405550690653831980e-01,8.728463993933726073e-01,1.299426947133804244e+00,1.709555151776573911e+00,2.058543030743790414e+00
4.320000000000000284e+00,2.956219490178294551e-01,2.970594084217312769e+01,2.325722694772329111e-02,2.915810824482874541e-01,-3.999090501038224214e-03,3.027864126172417070e-01,4.755876482132098682e-01,3.575840690789660603e-01,1.668282827078241271e-01,1.880696337775723315e+00,6.935980333756150529e+00,5.478527468541437573e-01,8.785025884886155101e-01,1.301200635038470166e+00,1.704949761948503673e+00,2.060676708708351956e+00
4.330000000000000071e+00,2.418007286175887782e-01,2.971131632085787544e+01,3.667907682040250777e-02,2.472571234955320274e-01,5.325866632761798967e-03,2.761444711856761436e-01,4.753131681351915327e-01,3.562383908031965252e-01,1.684484410616119143e-01,1.873627526789741093e+00,6.004901128803579624e+00,5.487602314663621028e-01,8.780370449698446933e-01,1.297531379924250938e+00,1.712361234736856641e+00,2.061286652821868515e+00
4.339999999999999858e+00,2.288653003996457547e-01,2.968376397411934420e+01,4.389551962591229511e-02,2.511699168858431697e-01,1.303419821727754696e-02,2.946987264853017097e-01,4.761132977566122637e-01,3.550583094190655764e-01,1.688283928243221599e-01,1.874355914968861780e+00,5.876120967206984957e+00,5.435722888393554886e-01,8.753156401661671415e-01,1.295983495843209266e+00,1.711482302057434790e+00,2.059895093997484050e+00
4.350000000000000533e+00,2.235037946012707333e-01,2.966779339897087908e+01,5.396888952802406797e-02,2.632975083059602150e-01,1.842136512599008499e-02,3.065363043634409812e-01,4.768370385793763155e-01,3.543644992706790342e-01,1.687984621499447058e-01,1.876008413338032588e+00,5.655075144338754356e+00,5.466543195200171956e-01,8.721777846966070058e-01,1.294969330316523060e+00,1.712685207305465696e+00,2.060204075736190799e+00
4.360000000000000320e+00,2.115589727671902120e-01,2.966593196112817665e+01,6.559781157002611551e-02,2.737703156725277420e-01,2.299279369574692977e-02,3.204816858222160891e-01,4.774151460438326722e-01,3.538561318287135604e-01,1.687287221274539895e-01,1.877876514021111998e+00,5.403325841863053647e+00,5.500481501600873457e-01,8.722689707241202406e-01,1.294309230018334755e+00,1.711360016196850742e+00,2.059714671336836389e+00
4.370000000000000107e+00,1.646934587405804451e-01,2.968100794192865166e+01,8.125724188979291385e-02,2.722800854618153688e-01,2.396107275900427949e-02,3.260668653063778510e-01,4.778847558512872018e-01,3.534508414700885948e-01,1.686644026786240924e-01,1.880157029801099000e+00,5.260712409812058787e+00,5.488556317658093153e-01,8.718124793013040108e-01,1.293362440943687686e+00,1.710422029783740028e+00,2.061303421934611357e+00
4.379999999999999893e+00,2.657494454421992502e-01,2.970140613421983034e+01,1.168269790770322530e-01,2.568107544198828807e-01,1.877459304155283323e-02,3.226914227255757717e-01,4.781119828718114473e-01,3.531718341295820851e-01,1.687161829986067729e-01,1.885143375401834742e+00,5.347632664413304759e+00,5.414553316521090176e-01,8.707382640324153877e-01,1.293724269971532781e+00,1.710573094421422136e+00,2.064925962806904103e+00
4.389999999999999680e+00,1.522926140713268262e-01,2.978945824665280995e+01,2.147412268212812447e-01,2.542435062082665231e-01,5.643186185351070118e-03,2.960258222941843376e-01,4.786171000285904809e-01,3.526991462188402426e-01,1.686837537525693043e-01,1.886866585099131299e+00,6.019651937124720575e+00,5.325868629126112586e-01,8.641328724013298546e-01,1.296930538734723193e+00,1.710441478216350397e+00,2.074934156434603771e+00
4.400000000000000355e+00,3.377372467067479844e-01,2.988960689431843321e+01,8.688192123823576529e-02,2.782911627611586169e-01,3.280529954110306297e-04,5.883497266218693511e-01,4.797425807796950048e-01,3.509410658189827115e-01,1.693163534013223115e-01,1.883992101834057076e+00,6.266346477048550412e+00,5.329198039923231933e-01,8.651576097279783939e-01,1.299211096493022577e+00,1.714849231955360098e+00,2.076702159488978960e+00
4.410000000000000142e+00,2.906435728590852641e-01,2.989867298337446400e+01,1.287176443983792384e-01,3.798237881093827761e-01,7.130815297490634107e-03,2.226968124354007650e-01,4.809302383905054712e-01,3.482698572563058814e-01,1.707999043531889249e-01,1.876051101977437741e+00,5.792534461871023943e+00,5.376601090136590155e-01,8.696772122037894626e-01,1.290680707553759188e+00,1.714536957287310148e+00,2.072831558714272937e+00
4.419999999999999929e+00,2.990054774927961012e-01,2.990568129070302206e+01,1.223326200583506190e-01,4.629164957392487012e-01,-1.152439647289334526e-02,2.220202450840261521e-01,4.830316020822346124e-01,3.464917627776202824e-01,1.704766351401450220e-01,1.879476716318060125e+00,5.519342988987825827e+00,5.368212075814566830e-01,8.643355840933150125e-01,1.291918981983404047e+00,1.719696387850900843e+00,2.073968521595760173e+00
4.429999999999999716e+00,4.028093918393175765e-01,2.991697199041712096e+01,1.188608020105430124e-01,7.029430538109545656e-01,-5.544511000474103973e-02,2.664800434038671617e-01,4.847797753809137133e-01,3.446920495132196893e-01,1.705281751058663198e-01,1.881814423363971089e+00,5.356385062455501611e+00,5.427645355414568717e-01,8.684232346269364911e-01,1.294633597077428311e+00,1.720339792369601994e+00,2.069492139757862503e+00
4.440000000000000391e+00,4.231997463440698160e-01,2.983331113293051828e+01,8.315417204708701326e-02,4.208621968410465874e-01,-8.320157992218708831e-02,3.955049737021045231e-01,4.868587135576545322e-01,3.420008260762516517e-01,1.711404603660940105e-01,1.890817741597916823e+00,5.562260992512539026e+00,5.320300033108481541e-01,8.657599163987218516e-01,1.301787048419543069e+00,1.722884540361379724e+00,2.061671997531289158e+00
4.450000000000000178e+00,2.942685985246741853e-01,2.973421483723221570e+01,5.490155203861046135e-02,3.884246894934656469e-01,-7.273580164176149387e-02,3.765226083626312392e-01,4.860366655694192684e-01,3.410995453558138824e-01,1.728637890747663775e-01,1.895893535818088171e+00,6.023966761227234734e+00,5.335492631705743838e-01,8.717341173261640153e-01,1.295932211154060987e+00,1.723857291437803196e+00,2.063719857061900420e+00
4.459999999999999964e+00,1.797137417205394161e-01,2.973726541564813175e+01,1.813075414898821305e-02,2.825520957936530908e-01,2.193775363336441520e-01,2.505318384576107893e-01,4.866907253957757917e-01,3.378482449992997183e-01,1.754610296049246287e-01,1.899832826957618570e+00,6.136322323879154439e+00,5.309025828285870441e-01,8.743280476844867977e-01,1.294519135206561478e+00,1.719828976696989420e+00,2.065245851287373480e+00
4.469999999999999751e+00,1.416468729480883926e-01,2.977507755483960494e+01,5.463584939164970247e-03,2.330353436017451596e-01,2.185350516075984795e-01,2.091738088007645824e-01,4.862366356700544845e-01,3.371614294859283656e-01,1.766019348440169834e-01,1.901347174981186328e+00,6.194181690373063986e+00,5.331005040021503660e-01,8.778373749693796357e-01,1.296568899773104189e+00,1.721568210500545204e+00,2.068655241510705789e+00
4.480000000000000426e+00,3.702433887320499828e-03,2.982482632169331183e+01,-7.613174534335629025e-03,2.007422809381737838e-01,2.980214584904992692e-01,4.804720686903208304e-01,4.855533510181230250e-01,3.371545027074268619e-01,1.772921462744500298e-01,1.904547612734297957e+00,6.261953408024202083e+00,5.363012158143247721e-01,8.759043297388428018e-01,1.300896864284670773e+00,1.719793499784733060e+00,2.067919140517756382e+00
4.490000000000000213e+00,1.567449044354879972e-01,2.989516049864828773e+01,1.354847117084107119e-03,1.789113404833350407e-01,-2.089184365721684089e-01,3.680831222471878106e-01,4.853049748947269038e-01,3.359365554829223943e-01,1.787584696223504244e-01,1.902339669250044052e+00,6.264469671125450390e+00,5.379358878960631696e-01,8.791313011573834713e-01,1.303849615553823948e+00,1.723385632099032838e+00,2.061293996102839365e+00
4.500000000000000000e+00,1.657854673759068809e-01,2.994965173451529594e+01,-6.204819973001875558e-03,1.627296658075478020e-01,-1.129021657052372979e-01,3.567399037224209812e-01,4.846999506288409698e-01,3.359200303869063209e-01,1.793800189842522930e-01,1.904145475324854786e+00,6.357296523526438037e+00,5.342165507320146833e-01,8.813918726608103160e-01,1.301306612912767502e+00,1.724796300056623322e+00,2.063426995815413445e+00
4.509999999999999787e+00,1.760919810205214819e-01,3.000496548415056708e+01,-1.190026837854021337e-02,1.721449483668004987e-01,-7.088873217711694208e-02,3.471144484661319307e-01,4.841849948953086957e-01,3.358342792992138892e-01,1.799807258054775816e-01,1.906230094600953162e+00,6.445681213228421136e+00,5.332777497942664535e-01,8.797037295755032460e-01,1.295678991974025474e+00,1.729509110692663665e+00,2.059505242970361305e+00
4.520000000000000462e+00,1.864228903542166083e-01,3.004840626119206348e+01,-3.244527501963703070e-02,1.783040744921940424e-01,-5.732298711013988912e-02,3.176058352412112762e-01,4.836578085902268898e-01,3.357230327575434492e-01,1.806191586522296333e-01,1.910406070967607173e+00,6.500462175758850769e+00,5.313202511958070584e-01,8.800316358471388378e-01,1.292340790403364359e+00,1.720094052978257793e+00,2.062065283954896966e+00
4.530000000000000249e+00,2.147274074687512968e-01,3.006298218575405912e+01,-1.061068111028027200e-01,1.983499751788622145e-01,-6.479961146724748378e-02,4.008874881380173893e-01,4.825508221214502846e-01,3.357448886017356804e-01,1.817042892768138129e-01,1.919798652525437355e+00,6.518360687508198303e+00,5.374322522523020673e-01,8.784871719511777588e-01,1.293888822772948588e+00,1.714847804942113196e+00,2.066945921485239701e+00
4.540000000000000036e+00,3.127774371293219891e-01,3.003725445473911293e+01,-3.181433464502236852e-02,3.075090892423630318e-01,-8.877773938807788368e-02,4.658853621877282469e-01,4.793778496536682532e-01,3.349353138216544234e-01,1.856868365246772956e-01,1.919961142341326754e+00,6.478584155418054991e+00,5.303773098873918457e-01,8.830226900506182863e-01,1.302562920418044001e+00,1.729926573132463563e+00,2.057846880586436278e+00
4.549999999999999822e+00,3.210112623865071235e-01,2.961389350073216775e+01,3.775910351795763731e-02,1.792340527549387830e-01,-6.054115240624296373e-02,4.521123184991727162e-01,4.855556007663671125e-01,3.268622025684126409e-01,1.875821966652201356e-01,1.937526280877132301e+00,7.718648254968719868e+00,5.458590161709743205e-01,8.786493482157006207e-01,1.292616933746083108e+00,1.727487576239785216e+00,2.052759386865610214e+00
4.560000000000000497e+00,3.816655762409330022e-01,2.961830250177619916e+01,3.075632231131460170e-02,2.188455006941434355e-01,-4.105676143704299341e-01,5.007659712973653310e-01,4.882978210944214914e-01,3.238423582671344780e-01,1.878598206384440583e-01,1.919494644271569461e+00,6.693626894262140858e+00,5.328196942480317722e-01,8.751730299273590141e-01,1.293952445098500270e+00,1.731767879098889740e+00,2.064293281375753519e+00
4.570000000000000284e+00,4.416323583575160749e-01,2.966853025902847207e+01,9.756603174534080741e-03,2.331746833018525922e-01,-9.588937677574926877e-02,4.930334302948166103e-01,4.872884742148992920e-01,3.244946599749508054e-01,1.882168658101499858e-01,1.919920296242888069e+00,6.662390460715957197e+00,5.337476177988799142e-01,8.726617793810422796e-01,1.296858270450083506e+00,1.732911308212519597e+00,2.065353446899675038e+00
4.580000000000000071e+00,2.891884208204394402e-01,2.967752329177228532e+01,1.198026191756796643e-01,2.227625575565804761e-01,-1.304889923097731115e-02,4.482769456878816783e-01,4.850379939559519848e-01,3.259927343665879884e-01,1.889692716774596382e-01,1.919223595937456617e+00,6.104550815049195833e+00,5.340253682422445580e-01,8.735261672961578405e-01,1.299182814770776240e+00,1.730454627813447832e+00,2.060324946571108207e+00
4.589999999999999858e+00,3.029449816647619143e-01,2.946324153489416986e+01,4.899288102237909365e-02,3.286404706020121802e-01,-3.235196183258751829e-02,2.804423096213342070e-01,4.847091855960656281e-01,3.232254340620498989e-01,1.920653803418846672e-01,1.937015254520586316e+00,7.932152255437539878e+00,5.417370222847628369e-01,8.710640998679238800e-01,1.292932192864051810e+00,1.728030944116027534e+00,2.057983257071391847e+00
4.600000000000000533e+00,2.882011143985274693e-01,2.908114057934636776e+01,5.491781843517754697e-02,3.182013477958417491e-01,-4.528063304701456654e-02,2.407508414640216199e-01,4.890122865115337225e-01,3.189640049648658771e-01,1.920237085236003727e-01,1.945879162420898201e+00,8.528500173401464934e+00,5.400617482387111146e-01,8.738756194048190595e-01,1.303308846390009990e+00,1.730827472018846791e+00,2.064906978563050277e+00
4.610000000000000320e+00,2.148456858998680497e-01,2.900983467808153904e+01,7.985041001781666148e-02,-1.095817103600310732e-01,-9.653696462941725731e-02,2.013986560472870446e-01,4.912342207425061114e-01,3.160713738734290956e-01,1.926944053840645987e-01,1.958669432304612990e+00,9.108727240207056042e+00,5.344806684470431168e-01,8.713882382433710827e-01,1.298515315590353492e+00,1.731583732403208842e+00,2.062216261157653108e+00
4.620000000000000107e+00,2.305425887711264055e-01,2.902486946054188266e+01,5.712821608907908688e-02,2.117145422731100679e-01,-5.689107569062406417e-02,1.724391787906396634e-01,4.921053344444075717e-01,3.141729843012142087e-01,1.937216812543785249e-01,1.970112854610040598e+00,9.943611006425735255e+00,5.377524733905884036e-01,8.714239068752175355e-01,1.299811829808364294e+00,1.730158275334563456e+00,2.063459322549098474e+00
4.629999999999999893e+00,2.655624366204306641e-01,2.903721794570657977e+01,8.698352921876031929e-02,3.212341135705809037e-01,-3.941860751237916127e-02,1.804730388310339939e-01,4.937188802648282970e-01,3.120843648324909680e-01,1.941967549026808459e-01,1.976337476502245449e+00,1.017191850884598736e+01,5.371225514380713051e-01,8.704105092518207298e-01,1.301102266782747208e+00,1.730053722616220924e+00,2.061230665287834274e+00
4.639999999999999680e+00,2.931553480814295676e-01,2.904337228684701699e+01,1.715183862147990901e-01,3.124396322728733577e-01,-5.294464343618905666e-02,2.785146152937090780e-01,4.967534402441859953e-01,3.091014085823128310e-01,1.941451511735016178e-01,1.980285791916174265e+00,9.943121862527897648e+00,5.399039194186661117e-01,8.731858683489953643e-01,1.305047129847388021e+00,1.731011315196994582e+00,2.054821493712314595e+00
4.650000000000000355e+00,3.315263497515710256e-01,2.906976565066581841e+01,3.088257098997079231e-01,2.596651205977262844e-01,-8.788137990614965089e-02,4.445242207231854814e-01,5.007003780723899844e-01,3.056017145323797757e-01,1.936979073952303232e-01,1.980587216976622544e+00,9.322264595926657904e+00,5.322763027678020231e-01,8.707372753969413459e-01,1.306909841097587233e+00,1.730535039348038762e+00,2.053301101141523866e+00
4.660000000000000142e+00,3.562049792154862171e-01,2.913317743189697495e+01,3.415847733332206260e-01,1.967432311444160531e-01,-1.249106627625086174e-01,5.798884264410023581e-01,5.042248680608979461e-01,3.024939155154991455e-01,1.932812164236026864e-01,1.977447805750189191e+00,8.831602972242635019e+00,5.354617059459985118e-01,8.672645589531338128e-01,1.308765290264555681e+00,1.727269819123691930e+00,2.063746995883315893e+00
4.669999999999999929e+00,3.943783778402913387e-01,2.918856478874644012e+01,3.026696208964023693e-01,1.464716941353629565e-01,-1.709331081304044930e-01,6.131882167252241667e-01,5.071683791189439683e-01,3.002352094803865112e-01,1.925964114006697148e-01,1.973553022942359458e+00,8.404992229338125398e+00,5.346040786703024628e-01,8.683812388835289164e-01,1.307071171643382490e+00,1.723122741614820042e+00,2.073347413390469907e+00
4.679999999999999716e+00,3.048683733216662750e-01,2.920177392907966407e+01,2.765430696529952992e-01,1.107638117006983919e-01,-2.258202503548168705e-01,3.897194442255872970e-01,5.092528140641821022e-01,2.990414885918713517e-01,1.917056973439465184e-01,1.970690478051311700e+00,7.893860958002308692e+00,5.312674197033679935e-01,8.710011722541330936e-01,1.304423252247051135e+00,1.717387265432134269e+00,2.078256973421166887e+00
4.690000000000000391e+00,2.675070223857746177e-01,2.922037628340134674e+01,3.063181218016092222e-01,1.120323922577601411e-01,-2.264827162550260009e-01,2.653671052950418163e-01,5.115355784515734916e-01,2.972105815766354353e-01,1.912538399717906845e-01,1.964413941344872017e+00,6.838534365021136097e+00,5.325469034180759786e-01,8.658786449798120399e-01,1.297349489071311535e+00,1.717780470810512661e+00,2.077510714455677032e+00
4.700000000000000178e+00,2.793922443833143920e-01,2.927224899478649789e+01,2.527160300787204550e-01,1.439779848160462616e-01,-6.758772792300385412e-02,2.743233370256271675e-01,5.137725164478292861e-01,2.953456023151083687e-01,1.908818812370626783e-01,1.955184966880408659e+00,5.870206993045754551e+00,5.346537318556133789e-01,8.582464273822322243e-01,1.296910905166072103e+00,1.716339888509461176e+00,2.077758725737301138e+00
4.709999999999999964e+00,3.298491336103736016e-01,2.933321100212211263e+01,1.569021575206217267e-01,1.535220742098282742e-01,3.762557622927273915e-01,4.092143786898171376e-01,5.163569245127764828e-01,2.929417488134097303e-01,1.907013266738137314e-01,1.949714034945603469e+00,5.473783338540134658e+00,5.364163289255273748e-01,8.614519243175452479e-01,1.294781596123227629e+00,1.711962171998625104e+00,2.079792515266648323e+00
4.719999999999999751e+00,4.717177781971250150e-01,2.936494748463732662e+01,5.654011080078712864e-02,2.217702243617455105e-01,1.602453492710720906e-01,5.189454414115959313e-01,5.202242900746116838e-01,2.900285235094171021e-01,1.897471864159711308e-01,1.949533347150363305e+00,5.719874233459973922e+00,5.322507913325640327e-01,8.600880241423916051e-01,1.296070201555728829e+00,1.714262748095572775e+00,2.086425727611588066e+00
4.730000000000000426e+00,4.203795916840425417e-01,2.931514211274248538e+01,1.327735486591661088e-02,1.839783624447629828e-01,5.291480602365342123e-02,2.247340630476717116e-01,5.254760532833578912e-01,2.862731145404893152e-01,1.882508321761529324e-01,1.949385121943113086e+00,5.120017568708428612e+00,5.349701624112513931e-01,8.583404609519161843e-01,1.300527781779369896e+00,1.706421281426821590e+00,2.081696084816052394e+00
4.740000000000000213e+00,3.832149469084302207e-01,2.927472465808143198e+01,9.920560423347917628e-03,1.613573549416488229e-01,3.745361310237050462e-02,1.852760669647034175e-01,5.278615793330652117e-01,2.840698395212121752e-01,1.880685811457226408e-01,1.951185507817831954e+00,5.134253577902683219e+00,5.317882499934372120e-01,8.577773964902329906e-01,1.304225296671666534e+00,1.708036933701638560e+00,2.076071570771704344e+00
4.750000000000000000e+00,4.240424638687212422e-01,2.924236239259233727e+01,-1.062178778411339720e-03,1.403319655487388073e-01,5.789124768026705781e-02,2.404748447069059991e-01,5.276613108246221984e-01,2.838020429420143320e-01,1.885366462333634141e-01,1.951670499517002444e+00,5.227985560135085308e+00,5.329418505642369297e-01,8.584132950980691845e-01,1.301830473546699007e+00,1.709579379789166520e+00,2.074680129097083547e+00
4.759999999999999787e+00,4.628488808461416748e-01,2.922082670638756241e+01,-7.201096728863124949e-03,1.429947809907492484e-01,7.175962663844774603e-02,2.578709984383000253e-01,5.271362070759751939e-01,2.838177973733045367e-01,1.890459955507203527e-01,1.953264583963460144e+00,5.323884156324277583e+00,5.302718753900896864e-01,8.561319076674660522e-01,1.298548775548409751e+00,1.706552514230863515e+00,2.074273021937321548e+00
4.770000000000000462e+00,4.973205043923608071e-01,2.919948539783586838e+01,-1.372983322549417920e-02,1.500907441729597003e-01,7.202821405209926253e-02,2.583028020202840502e-01,5.264983743488174106e-01,2.838444322618053350e-01,1.896571933893771988e-01,1.955184129979969487e+00,5.413595154002529775e+00,5.299364411896755334e-01,8.579855477162983135e-01,1.298036649812182031e+00,1.705444538149621714e+00,2.075672009477000035e+00
4.780000000000000249e+00,5.154485287318455455e-01,2.917215404322811168e+01,-2.090913703975326096e-02,1.575982901193624386e-01,6.707685300337613843e-02,2.508046272775334429e-01,5.258394984035595909e-01,2.838121567115424182e-01,1.903483448848977966e-01,1.957351348305791383e+00,5.487429343302546947e+00,5.288149394634001910e-01,8.538665354623509174e-01,1.295738821203979096e+00,1.708004816186137198e+00,2.079055304070913657e+00
4.790000000000000036e+00,5.134578997849537085e-01,2.913749309018195532e+01,-2.850996754796482346e-02,1.665776802638881671e-01,6.037654739855912583e-02,2.412700013973629320e-01,5.252230543726658096e-01,2.837150041799755829e-01,1.910619414473590794e-01,1.959845083330427506e+00,5.534629824939860221e+00,5.301897120712911748e-01,8.564103217603711293e-01,1.294944058761241745e+00,1.709953089053910968e+00,2.079362263941156641e+00
4.799999999999999822e+00,4.988918495713713375e-01,2.909896002392172321e+01,-3.537372687172624791e-02,1.807652861333060024e-01,5.315179439390995547e-02,2.367338506955021238e-01,5.246860646658022542e-01,2.835264488712607722e-01,1.917874864629366682e-01,1.962650210149077923e+00,5.544239604853346215e+00,5.338536876086588112e-01,8.587328015914046375e-01,1.298413149625173180e+00,1.706341544617425710e+00,2.066506174090659176e+00
4.810000000000000497e+00,4.802583675543394826e-01,2.906010503188477401e+01,-3.531533356383441402e-02,2.039894754377654662e-01,4.544115192243690371e-02,2.408998098964065804e-01,5.242146317804882161e-01,2.832466443726546212e-01,1.925387238468571904e-01,1.965526136668306778e+00,5.509635400762456392e+00,5.360997313853831381e-01,8.598044561979745204e-01,1.300641569335971415e+00,1.707453223974120249e+00,2.065693454795452411e+00
4.820000000000000284e+00,4.647010686730349005e-01,2.902200079371556285e+01,-1.758866106109518990e-02,2.353968480037352262e-01,3.620412715114501578e-02,2.489602240472932049e-01,5.237658340274613522e-01,2.829249797909489939e-01,1.933091861815895429e-01,1.967973543680212156e+00,5.430498050368030682e+00,5.333243419366171523e-01,8.594105076148228495e-01,1.302021318150085261e+00,1.708051707830889665e+00,2.061479954319598296e+00
4.830000000000000071e+00,4.606003298000961865e-01,2.898735747087020798e+01,1.319767395582873912e-02,2.530224381041110693e-01,2.666624896352295243e-02,2.501907017125432064e-01,5.232187162787678147e-01,2.827080466906069511e-01,1.940732370306254562e-01,1.969754318236662360e+00,5.302194806201118382e+00,5.313358284161481260e-01,8.600406564541664967e-01,1.302862832874720267e+00,1.713024648165716979e+00,2.055777058074999442e+00
4.839999999999999858e+00,4.679416870555430097e-01,2.895415138687188161e+01,4.129991356782287959e-02,2.293910331542064474e-01,1.949275285135719168e-02,2.472060392841610998e-01,5.225046574330262095e-01,2.827185413851246443e-01,1.947768011818489242e-01,1.971509633968179465e+00,5.355093187533210397e+00,5.333998977404033059e-01,8.600865065383876962e-01,1.304439049664470218e+00,1.710998629991077546e+00,2.053830955230501853e+00
4.850000000000000533e+00,4.709114608418122350e-01,2.891668961828553464e+01,6.576303226693752668e-02,1.900337476671900283e-01,1.735082386346379138e-02,2.403917404584884898e-01,5.216899171210458430e-01,2.829741669589956876e-01,1.953359159199581363e-01,1.975040291350238508e+00,5.825460319375853402e+00,5.297351492927352412e-01,8.555001917296094494e-01,1.304672193776224898e+00,1.708375666375088642e+00,2.051280644937184316e+00
4.860000000000000320e+00,5.070559637999580982e-01,2.886411449316790723e+01,1.030509527074246201e-01,2.211993401370954127e-01,1.589525617588310666e-02,3.167678764195344110e-01,5.217241890910526703e-01,2.826432558078497692e-01,1.956325551010975883e-01,1.981216447752782717e+00,6.599316173033792587e+00,5.255092103177965157e-01,8.506798980173958524e-01,1.301037380199788096e+00,1.714561335386719954e+00,2.052267480570404423e+00
4.870000000000000107e+00,4.453501939166993329e-01,2.875076942690963122e+01,1.371143676069339901e-01,1.181060422639292895e-01,-1.062840920813785473e-03,5.160269773817606209e-01,5.236056441510844595e-01,2.810767805815148068e-01,1.953175752674006782e-01,1.983455096642082083e+00,7.765106490555097274e+00,5.384203122304902500e-01,8.564154668077419430e-01,1.303260615283611257e+00,1.719016564987321694e+00,2.056483539361286361e+00
4.879999999999999893e+00,4.558292097832228329e-01,2.857866887103916653e+01,1.810625034044687498e-01,1.785673149824207051e-01,-1.489928311472302029e-02,4.183272312184672659e-01,5.245500727339371672e-01,2.792660671308191400e-01,1.961838601352434153e-01,1.989378454588890843e+00,8.809138528143648728e+00,5.356551775569706741e-01,8.553377737644058953e-01,1.300923042754158265e+00,1.718606552005131460e+00,2.050665301575378408e+00
4.889999999999999680e+00,4.067987047839207726e-01,2.855690409224888171e+01,2.170057881341947714e-01,1.902108781388648917e-01,-1.563395887911398635e-02,5.242998671385715737e-01,5.210007675822397877e-01,2.822506528625984834e-01,1.967485795551618677e-01,1.993046680805410809e+00,9.443373652033818288e+00,5.275530433151680576e-01,8.580621477859334822e-01,1.301104391769316804e+00,1.719684745207667342e+00,2.047865247663129384e+00
4.900000000000000355e+00,3.064725352170487582e-01,2.850950043661491762e+01,1.268174375911640395e-01,1.597101900184711432e-01,-1.206270326561116081e-02,1.014659472940677709e+00,5.179963944767487227e-01,2.852395528603463570e-01,1.967640526629047260e-01,1.997429430917194049e+00,9.868844107406246735e+00,5.298549894775447244e-01,8.611962407643398709e-01,1.301382729563758334e+00,1.721752461324044248e+00,2.050981144978649695e+00
4.910000000000000142e+00,4.891375963529278614e-01,2.850810113633099974e+01,6.547663842368596498e-02,1.655305282992163007e-01,-5.076616617636411574e-03,1.003059740055918914e+00,5.151961350174273369e-01,2.879587827666704736e-01,1.968450822159024671e-01,1.997914008095103444e+00,9.125138425633755546e+00,5.350176430591124799e-01,8.630288692060600342e-01,1.303236566129928553e+00,1.717636917199482749e+00,2.055516454384533453e+00
4.919999999999999929e+00,4.179510506635012446e-01,2.851475534542750623e+01,7.367936216446088760e-02,4.988527554357671812e-02,1.019070061905214333e-02,2.292583956821412361e-01,5.087470622095172645e-01,2.939538204468993277e-01,1.972991173435837409e-01,1.977117446351815744e+00,8.163514947451538717e+00,5.397121129330345601e-01,8.597434704707586084e-01,1.301079357815841941e+00,1.718472211346633749e+00,2.050075738992370500e+00
4.929999999999999716e+00,8.640156001443982658e-02,2.815804743998302584e+01,1.387134842838442725e-02,-2.621673392890567111e+00,2.909375272710418292e-02,2.450408875632224814e-01,5.066365676482127434e-01,2.973224047444679163e-01,1.960410276073197289e-01,1.934190568992142145e+00,7.584893442959480758e+00,5.385881370301056625e-01,8.555562997340279141e-01,1.303011772464154783e+00,1.717004166374872298e+00,2.035933013489548138e+00
4.940000000000000391e+00,2.269820154544654467e-01,2.780219826931314131e+01,1.019688559034080157e-02,-8.640646800650106929e-01,3.477007213135126923e-02,7.060133557911907332e-01,5.070245367753181132e-01,3.009800715934045079e-01,1.919953916312773512e-01,1.947803712378898489e+00,8.054790260521254908e+00,5.321484771046014473e-01,8.595482586236892208e-01,1.309093053488734171e+00,1.719224461946100346e+00,2.048600669632308247e+00
4.950000000000000178e+00,3.794537542778512740e-01,2.756957302388382658e+01,2.382135604289097389e-02,-1.017067718132073750e+00,-1.983075935508823162e-01,4.055798299432325504e-01,5.065339151367216353e-01,3.045777758744806496e-01,1.888883089887979372e-01,1.962743640737266260e+00,8.175151988850553053e+00,5.266257442536488309e-01,8.622187622595893775e-01,1.304005083223427341e+00,1.711868136851052880e+00,2.048992568235866507e+00
4.959999999999999964e+00,4.721002463533931492e-01,2.767005878474079950e+01,-2.241074969464207367e-02,3.302156860758596046e-01,2.471082536484402875e-02,4.670135232433040295e-01,5.071275729816032696e-01,3.044235820587479768e-01,1.884488449596487258e-01,1.969818434104356752e+00,8.573186493102200600e+00,5.250149323426278603e-01,8.540595057595685713e-01,1.305878082007994490e+00,1.713158412481017967e+00,2.047160517193129969e+00
4.969999999999999751e+00,3.100619661593868592e-01,2.793664610611531174e+01,-5.332808462519158521e-01,1.734354432420342762e-01,7.254731217767253215e-02,7.343501203060349702e-01,5.052725524628520759e-01,3.044344903436638217e-01,1.902929571934843800e-01,1.965187378299081189e+00,8.889238784095969237e+00,5.111828851645836558e-01,8.542607433349220791e-01,1.307896841958435807e+00,1.718382416800802615e+00,2.050962803487238251e+00
4.980000000000000426e+00,4.029503248174101659e-01,2.811068311613327708e+01,-6.366514023199473793e-02,1.394787255627256972e-01,5.792364357370737710e-02,5.020211731573365199e-01,5.034026391512372856e-01,3.064507691959291735e-01,1.901465916528336242e-01,1.958463640974557718e+00,8.999550387684775998e+00,5.222921828384397003e-01,8.521528864083035559e-01,1.307863184048944305e+00,1.723207301089712873e+00,2.051864736443541393e+00
4.990000000000000213e+00,7.267690078282542654e-01,2.797077109269073247e+01,-4.606054115800820720e-02,8.896551118205759945e-01,-7.478217321246764977e-03,6.782796158272510478e-01,5.050776168701233138e-01,3.052401634914963524e-01,1.896822196383803061e-01,1.951751820850763153e+00,8.955707161878539324e+00,5.217186347176021588e-01,8.501511489998061499e-01,1.300938548382410076e+00,1.718849152321398455e+00,2.048016329357908116e+00
5.000000000000000000e+00,6.502175701580894529e-01,2.790566784546413714e+01,-1.247222177249599114e-02,8.508720131952984822e-01,1.180359334855379284e-02,6.975388145660001982e-01,4.996552157737771394e-01,3.108838355995635627e-01,1.894609486266592979e-01,1.950713671951311845e+00,9.152792863632413400e+00,5.157766551550014844e-01,8.456371874000301325e-01,1.299443116377096752e+00,1.722099241119027679e+00,2.047144022413685871e+00
