m,q,time_ratio_q2_over_m,stage_energy_ratio_m2q,L3_or_Gamma_ratio_m,relative_core_ratio_m_minus_half,finite_budget_window
2.000000000000000000e+00,5.000000000000000104e-03,1.250000000000000060e-05,2.000000000000000042e-02,2.000000000000000000e+00,7.071067811865475727e-01,1.000000000000000000e+00
2.000000000000000000e+00,5.085593496859515568e-03,1.293163060764989847e-05,2.034237398743806227e-02,2.000000000000000000e+00,7.071067811865475727e-01,1.000000000000000000e+00
2.000000000000000000e+00,5.172652243059954781e-03,1.337816561381659034e-05,2.069060897223981912e-02,2.000000000000000000e+00,7.071067811865475727e-01,1.000000000000000000e+00
2.000000000000000000e+00,5.261201321764298437e-03,1.384011967406720006e-05,2.104480528705719375e-02,2.000000000000000000e+00,7.071067811865475727e-01,1.000000000000000000e+00
2.000000000000000000e+00,5.351266245526636704e-03,1.431802521525637364e-05,2.140506498210654682e-02,2.000000000000000000e+00,7.071067811865475727e-01,1.000000000000000000e+00
2.000000000000000000e+00,5.442872963642820562e-03,1.481243304917699068e-05,2.177149185457128225e-02,2.000000000000000000e+00,7.071067811865475727e-01,1.000000000000000000e+00
2.000000000000000000e+00,5.536047869626881460e-03,1.532391300740016738e-05,2.214419147850752584e-02,2.000000000000000000e+00,7.071067811865475727e-01,1.000000000000000000e+00
2.000000000000000000e+00,5.630817808815483973e-03,1.585305459803680416e-05,2.252327123526193589e-02,2.000000000000000000e+00,7.071067811865475727e-01,1.000000000000000000e+00
2.000000000000000000e+00,5.727210086102555581e-03,1.640046768517742240e-05,2.290884034441022232e-02,2.000000000000000000e+00,7.071067811865475727e-01,1.000000000000000000e+00
2.000000000000000000e+00,5.825252473806271508e-03,1.696678319179304183e-05,2.330100989522508603e-02,2.000000000000000000e+00,7.071067811865475727e-01,1.000000000000000000e+00
2.000000000000000000e+00,5.924973219670796355e-03,1.755265382690806135e-05,2.369989287868318542e-02,2.000000000000000000e+00,7.071067811865475727e-01,1.000000000000000000e+00
2.000000000000000000e+00,6.026401055004918829e-03,1.815875483788220013e-05,2.410560422001967532e-02,2.000000000000000000e+00,7.071067811865475727e-01,1.000000000000000000e+00
2.000000000000000000e+00,6.129565202960061965e-03,1.878578478866941445e-05,2.451826081184024786e-02,2.000000000000000000e+00,7.071067811865475727e-01,1.000000000000000000e+00
2.000000000000000000e+00,6.234495386950014185e-03,1.943446636495050351e-05,2.493798154780005674e-02,2.000000000000000000e+00,7.071067811865475727e-01,1.000000000000000000e+00
2.000000000000000000e+00,6.341221839214723072e-03,2.010554720706687819e-05,2.536488735685889229e-02,2.000000000000000000e+00,7.071067811865475727e-01,1.000000000000000000e+00
2.000000000000000000e+00,6.449775309530786892e-03,2.079980077171647874e-05,2.579910123812314757e-02,2.000000000000000000e+00,7.071067811865475727e-01,1.000000000000000000e+00
2.000000000000000000e+00,6.560187074070968419e-03,2.151802722340390663e-05,2.624074829628387368e-02,2.000000000000000000e+00,7.071067811865475727e-01,1.000000000000000000e+00
2.000000000000000000e+00,6.672488944415428530e-03,2.226105435667305853e-05,2.668995577766171412e-02,2.000000000000000000e+00,7.071067811865475727e-01,1.000000000000000000e+00
2.000000000000000000e+00,6.786713276717224429e-03,2.302973855018492275e-05,2.714685310686889771e-02,2.000000000000000000e+00,7.071067811865475727e-01,1.000000000000000000e+00
2.000000000000000000e+00,6.902892981024643347e-03,2.382496575373964476e-05,2.761157192409857339e-02,2.000000000000000000e+00,7.071067811865475727e-01,1.000000000000000000e+00
2.000000000000000000e+00,7.021061530763225353e-03,2.464765250938162299e-05,2.808424612305290141e-02,2.000000000000000000e+00,7.071067811865475727e-01,1.000000000000000000e+00
2.000000000000000000e+00,7.141252972379995810e-03,2.549874700776306262e-05,2.856501188951998324e-02,2.000000000000000000e+00,7.071067811865475727e-01,1.000000000000000000e+00
2.000000000000000000e+00,7.263501935152872138e-03,2.637923018098475923e-05,2.905400774061148855e-02,2.000000000000000000e+00,7.071067811865475727e-01,1.000000000000000000e+00
2.000000000000000000e+00,7.387843641167991804e-03,2.729011683317316594e-05,2.955137456467196722e-02,2.000000000000000000e+00,7.071067811865475727e-01,1.000000000000000000e+00
2.000000000000000000e+00,7.514313915467765725e-03,2.823245681009625357e-05,3.005725566187106290e-02,2.000000000000000000e+00,7.071067811865475727e-01,1.000000000000000000e+00
2.000000000000000000e+00,7.642949196372768317e-03,2.920733620916757215e-05,3.057179678549107327e-02,2.000000000000000000e+00,7.071067811865475727e-01,1.000000000000000000e+00
2.000000000000000000e+00,7.773786545980202432e-03,3.021587863123140170e-05,3.109514618392080973e-02,2.000000000000000000e+00,7.071067811865475727e-01,1.000000000000000000e+00
2.000000000000000000e+00,7.906863660842176206e-03,3.125924647557326829e-05,3.162745464336870482e-02,2.000000000000000000e+00,7.071067811865475727e-01,1.000000000000000000e+00
2.000000000000000000e+00,8.042218882826759896e-03,3.233864227964764691e-05,3.216887553130703958e-02,2.000000000000000000e+00,7.071067811865475727e-01,1.000000000000000000e+00
2.000000000000000000e+00,8.179891210164914883e-03,3.345531010506661598e-05,3.271956484065965953e-02,2.000000000000000000e+00,7.071067811865475727e-01,1.000000000000000000e+00
2.000000000000000000e+00,8.319920308686593394e-03,3.461053697144781153e-05,3.327968123474637357e-02,2.000000000000000000e+00,7.071067811865475727e-01,1.000000000000000000e+00
2.000000000000000000e+00,8.462346523249191302e-03,3.580565433977383886e-05,3.384938609299676521e-02,2.000000000000000000e+00,7.071067811865475727e-01,1.000000000000000000e+00
2.000000000000000000e+00,8.607210889361555442e-03,3.704203964697206817e-05,3.442884355744622177e-02,2.000000000000000000e+00,7.071067811865475727e-01,1.000000000000000000e+00
2.000000000000000000e+00,8.754555145007107686e-03,3.832111789348521114e-05,3.501822058002843074e-02,2.000000000000000000e+00,7.071067811865475727e-01,1.000000000000000000e+00
2.000000000000000000e+00,8.904421742669234308e-03,3.964436328566030450e-05,3.561768697067693723e-02,2.000000000000000000e+00,7.071067811865475727e-01,1.000000000000000000e+00
2.000000000000000000e+00,9.056853861562618249e-03,4.101330093485085242e-05,3.622741544625047300e-02,2.000000000000000000e+00,7.071067811865475727e-01,1.000000000000000000e+00
2.000000000000000000e+00,9.211895420073969859e-03,4.242950861518989176e-05,3.684758168029587944e-02,2.000000000000000000e+00,7.071067811865475727e-01,1.000000000000000000e+00
2.000000000000000000e+00,9.369591088415618607e-03,4.389461858205868721e-05,3.747836435366247443e-02,2.000000000000000000e+00,7.071067811865475727e-01,1.000000000000000000e+00
2.000000000000000000e+00,9.529986301495868908e-03,4.541031945334945502e-05,3.811994520598347563e-02,2.000000000000000000e+00,7.071067811865475727e-01,1.000000000000000000e+00
2.000000000000000000e+00,9.693127272009533987e-03,4.697835815568749746e-05,3.877250908803813595e-02,2.000000000000000000e+00,7.071067811865475727e-01,1.000000000000000000e+00
2.000000000000000000e+00,9.859061003752651528e-03,4.860054193785811715e-05,3.943624401501060611e-02,2.000000000000000000e+00,7.071067811865475727e-01,1.000000000000000000e+00
2.000000000000000000e+00,1.002783530516514719e-02,5.027874045375828712e-05,4.011134122066058877e-02,2.000000000000000000e+00,7.071067811865475727e-01,1.000000000000000000e+00
2.000000000000000000e+00,1.019949880310522250e-02,5.201488791727243622e-05,4.079799521242089000e-02,2.000000000000000000e+00,7.071067811865475727e-01,1.000000000000000000e+00
2.000000000000000000e+00,1.037410095685966163e-02,5.381098533155827658e-05,4.149640382743864653e-02,2.000000000000000000e+00,7.071067811865475727e-01,1.000000000000000000e+00
2.000000000000000000e+00,1.055169207239391171e-02,5.566910279531026012e-05,4.220676828957564686e-02,2.000000000000000000e+00,7.071067811865475727e-01,1.000000000000000000e+00
2.000000000000000000e+00,1.073232331684611206e-02,5.759138188865936525e-05,4.292929326738444823e-02,2.000000000000000000e+00,7.071067811865475727e-01,1.000000000000000000e+00
2.000000000000000000e+00,1.091604673326926865e-02,5.958003814145933306e-05,4.366418693307707460e-02,2.000000000000000000e+00,7.071067811865475727e-01,1.000000000000000000e+00
2.000000000000000000e+00,1.110291525562574592e-02,6.163736358680346609e-05,4.441166102250298370e-02,2.000000000000000000e+00,7.071067811865475727e-01,1.000000000000000000e+00
2.000000000000000000e+00,1.129298272403851493e-02,6.376572940271617459e-05,4.517193089615405971e-02,2.000000000000000000e+00,7.071067811865475727e-01,1.000000000000000000e+00
2.000000000000000000e+00,1.148630390030342188e-02,6.596758864506280186e-05,4.594521560121368753e-02,2.000000000000000000e+00,7.071067811865475727e-01,1.000000000000000000e+00
2.000000000000000000e+00,1.168293448366702902e-02,6.824547907482810178e-05,4.673173793466811610e-02,2.000000000000000000e+00,7.071067811865475727e-01,1.000000000000000000e+00
2.000000000000000000e+00,1.188293112687456750e-02,7.060202608302224307e-05,4.753172450749826999e-02,2.000000000000000000e+00,7.071067811865475727e-01,1.000000000000000000e+00
2.000000000000000000e+00,1.208635145249255770e-02,7.303994571658447427e-05,4.834540580997023079e-02,2.000000000000000000e+00,7.071067811865475727e-01,1.000000000000000000e+00
2.000000000000000000e+00,1.229325406951093866e-02,7.556204780877362893e-05,4.917301627804375463e-02,2.000000000000000000e+00,7.071067811865475727e-01,1.000000000000000000e+00
2.000000000000000000e+00,1.250369859022932260e-02,7.817123921765137837e-05,5.001479436091729042e-02,2.000000000000000000e+00,7.071067811865475727e-01,1.000000000000000000e+00
2.000000000000000000e+00,1.271774564743233596e-02,8.087052717639206154e-05,5.087098258972934384e-02,2.000000000000000000e+00,7.071067811865475727e-01,1.000000000000000000e+00
2.000000000000000000e+00,1.293545691185906017e-02,8.366302275928116938e-05,5.174182764743624069e-02,2.000000000000000000e+00,7.071067811865475727e-01,1.000000000000000000e+00
2.000000000000000000e+00,1.315689510997137754e-02,8.655194446739436682e-05,5.262758043988551016e-02,2.000000000000000000e+00,7.071067811865475727e-01,1.000000000000000000e+00
2.000000000000000000e+00,1.338212404202663436e-02,8.954062193809363623e-05,5.352849616810653743e-02,2.000000000000000000e+00,7.071067811865475727e-01,1.000000000000000000e+00
2.000000000000000000e+00,1.361120860045960702e-02,9.263249978261278662e-05,5.444483440183842810e-02,2.000000000000000000e+00,7.071067811865475727e-01,1.000000000000000000e+00
2.000000000000000000e+00,1.384421478857913133e-02,9.583114155615656481e-05,5.537685915431652534e-02,2.000000000000000000e+00,7.071067811865475727e-01,1.000000000000000000e+00
2.000000000000000000e+00,1.408120973958486809e-02,9.914023386508988062e-05,5.632483895833947235e-02,2.000000000000000000e+00,7.071067811865475727e-01,1.000000000000000000e+00
2.000000000000000000e+00,1.432226173590952882e-02,1.025635906159491195e-04,5.728904694363811528e-02,2.000000000000000000e+00,7.071067811865475727e-01,1.000000000000000000e+00
2.000000000000000000e+00,1.456744022889227066e-02,1.061051574111744421e-04,5.826976091556908266e-02,2.000000000000000000e+00,7.071067811865475727e-01,1.000000000000000000e+00
2.000000000000000000e+00,1.481681585878884613e-02,1.097690160966283287e-04,5.926726343515538453e-02,2.000000000000000000e+00,7.071067811865475727e-01,1.000000000000000000e+00
2.000000000000000000e+00,1.507046047512429314e-02,1.135593894661417658e-04,6.028184190049717256e-02,2.000000000000000000e+00,7.071067811865475727e-01,1.000000000000000000e+00
2.000000000000000000e+00,1.532844715739408933e-02,1.174806461285114734e-04,6.131378862957635734e-02,2.000000000000000000e+00,7.071067811865475727e-01,1.000000000000000000e+00
2.000000000000000000e+00,1.559085023611961503e-02,1.215373055425555292e-04,6.236340094447846011e-02,2.000000000000000000e+00,7.071067811865475727e-01,1.000000000000000000e+00
2.000000000000000000e+00,1.585774531426410727e-02,1.257340432260326294e-04,6.343098125705642909e-02,2.000000000000000000e+00,7.071067811865475727e-01,1.000000000000000000e+00
2.000000000000000000e+00,1.612920928901519918e-02,1.300756961444271011e-04,6.451683715606079672e-02,2.000000000000000000e+00,7.071067811865475727e-01,1.000000000000000000e+00
2.000000000000000000e+00,1.640532037394035192e-02,1.345672682858111975e-04,6.562128149576140768e-02,2.000000000000000000e+00,7.071067811865475727e-01,1.000000000000000000e+00
2.000000000000000000e+00,1.668615812152158748e-02,1.392139364282104293e-04,6.674463248608634991e-02,2.000000000000000000e+00,7.071067811865475727e-01,1.000000000000000000e+00
2.000000000000000000e+00,1.697180344607595107e-02,1.440210561061177534e-04,6.788721378430380426e-02,2.000000000000000000e+00,7.071067811865475727e-01,1.000000000000000000e+00
2.000000000000000000e+00,1.726233864706834542e-02,1.489941677830347025e-04,6.904935458827338168e-02,2.000000000000000000e+00,7.071067811865475727e-01,1.000000000000000000e+00
2.000000000000000000e+00,1.755784743282349722e-02,1.541390032371533255e-04,7.023138973129398888e-02,2.000000000000000000e+00,7.071067811865475727e-01,1.000000000000000000e+00
2.000000000000000000e+00,1.785841494464373430e-02,1.594614921675373395e-04,7.143365977857493720e-02,2.000000000000000000e+00,7.071067811865475727e-01,1.000000000000000000e+00
2.000000000000000000e+00,1.816412778133978667e-02,1.649677690284199322e-04,7.265651112535914669e-02,2.000000000000000000e+00,7.071067811865475727e-01,1.000000000000000000e+00
2.000000000000000000e+00,1.847507402418136976e-02,1.706641800994905826e-04,7.390029609672547906e-02,2.000000000000000000e+00,7.071067811865475727e-01,1.000000000000000000e+00
2.000000000000000000e+00,1.879134326227497806e-02,1.765572908003236105e-04,7.516537304909991224e-02,2.000000000000000000e+00,7.071067811865475727e-01,1.000000000000000000e+00
2.000000000000000000e+00,1.911302661837610550e-02,1.826538932573767721e-04,7.645210647350442201e-02,2.000000000000000000e+00,7.071067811865475727e-01,1.000000000000000000e+00
2.000000000000000000e+00,1.944021677514325835e-02,1.889610141322806819e-04,7.776086710057303342e-02,2.000000000000000000e+00,7.071067811865475727e-01,1.000000000000000000e+00
2.000000000000000000e+00,1.977300800184155632e-02,1.954859227204450980e-04,7.909203200736622530e-02,2.000000000000000000e+00,7.071067811865475727e-01,1.000000000000000000e+00
2.000000000000000000e+00,2.011149618150331886e-02,2.022361393293112784e-04,8.044598472601327543e-02,2.000000000000000000e+00,7.071067811865475727e-01,1.000000000000000000e+00
2.000000000000000000e+00,2.045577883855363363e-02,2.092194439459093213e-04,8.182311535421453452e-02,2.000000000000000000e+00,7.071067811865475727e-01,1.000000000000000000e+00
2.000000000000000000e+00,2.080595516690897373e-02,2.164438852037131199e-04,8.322382066763589492e-02,2.000000000000000000e+00,7.071067811865475727e-01,1.000000000000000000e+00
2.000000000000000000e+00,2.116212605855657611e-02,2.239177896591196325e-04,8.464850423422630443e-02,2.000000000000000000e+00,7.071067811865475727e-01,1.000000000000000000e+00
2.000000000000000000e+00,2.152439413262331389e-02,2.316497713882544648e-04,8.609757653049325554e-02,2.000000000000000000e+00,7.071067811865475727e-01,1.000000000000000000e+00
2.000000000000000000e+00,2.189286376494205266e-02,2.396487419151563652e-04,8.757145505976821065e-02,2.000000000000000000e+00,7.071067811865475727e-01,1.000000000000000000e+00
2.000000000000000000e+00,2.226764111812410546e-02,2.479239204827856876e-04,8.907056447249642184e-02,2.000000000000000000e+00,7.071067811865475727e-01,1.000000000000000000e+00
2.000000000000000000e+00,2.264883417214670278e-02,2.564848446787001057e-04,9.059533668858681110e-02,2.000000000000000000e+00,7.071067811865475727e-01,1.000000000000000000e+00
2.000000000000000000e+00,2.303655275546375933e-02,2.653413814276324727e-04,9.214621102185503732e-02,2.000000000000000000e+00,7.071067811865475727e-01,1.000000000000000000e+00
2.000000000000000000e+00,2.343090857664952009e-02,2.745037383636540155e-04,9.372363430659808037e-02,2.000000000000000000e+00,7.071067811865475727e-01,1.000000000000000000e+00
2.000000000000000000e+00,2.383201525658373496e-02,2.839824755950199698e-04,9.532806102633493983e-02,2.000000000000000000e+00,7.071067811865475727e-01,1.000000000000000000e+00
2.000000000000000000e+00,2.423998836118777811e-02,2.937885178752594538e-04,9.695995344475111244e-02,2.000000000000000000e+00,7.071067811865475727e-01,1.000000000000000000e+00
2.000000000000000000e+00,2.465494543472138492e-02,3.039331671945444424e-04,9.861978173888553967e-02,2.000000000000000000e+00,7.071067811865475727e-01,1.000000000000000000e+00
2.000000000000000000e+00,2.507700603364904773e-02,3.144281158058353587e-04,1.003080241345961909e-01,2.000000000000000000e+00,7.071067811865475727e-01,1.000000000000000000e+00
2.000000000000000000e+00,2.550629176108647547e-02,3.252854597008339043e-04,1.020251670443459019e-01,2.000000000000000000e+00,7.071067811865475727e-01,1.000000000000000000e+00
2.000000000000000000e+00,2.594292630183656773e-02,3.365177125512617998e-04,1.037717052073462709e-01,2.000000000000000000e+00,7.071067811865475727e-01,1.000000000000000000e+00
2.000000000000000000e+00,2.638703545802512096e-02,3.481378201315374885e-04,1.055481418321004838e-01,2.000000000000000000e+00,7.071067811865475727e-01,1.000000000000000000e+00
2.000000000000000000e+00,2.683874718534680695e-02,3.601591752394805654e-04,1.073549887413872278e-01,2.000000000000000000e+00,7.071067811865475727e-01,1.000000000000000000e+00
2.000000000000000000e+00,2.729819162993125936e-02,3.725956331322245242e-04,1.091927665197250374e-01,2.000000000000000000e+00,7.071067811865475727e-01,1.000000000000000000e+00
2.000000000000000000e+00,2.776550116584064129e-02,3.854615274951489891e-04,1.110620046633625652e-01,2.000000000000000000e+00,7.071067811865475727e-01,1.000000000000000000e+00
2.000000000000000000e+00,2.824081043320889745e-02,3.987716869622202572e-04,1.129632417328355898e-01,2.000000000000000000e+00,7.071067811865475727e-01,1.000000000000000000e+00
2.000000000000000000e+00,2.872425637703387991e-02,4.125414522067857360e-04,1.148970255081355196e-01,2.000000000000000000e+00,7.071067811865475727e-01,1.000000000000000000e+00
2.000000000000000000e+00,2.921597828663379665e-02,4.267866936225287334e-04,1.168639131465351866e-01,2.000000000000000000e+00,7.071067811865475727e-01,1.000000000000000000e+00
2.000000000000000000e+00,2.971611783577872076e-02,4.415238296149430757e-04,1.188644713431148831e-01,2.000000000000000000e+00,7.071067811865475727e-01,1.000000000000000000e+00
2.000000000000000000e+00,3.022481912350945266e-02,4.567698455244313845e-04,1.208992764940378106e-01,2.000000000000000000e+00,7.071067811865475727e-01,1.000000000000000000e+00
2.000000000000000000e+00,3.074222871565496229e-02,4.725423132028202904e-04,1.229689148626198492e-01,2.000000000000000000e+00,7.071067811865475727e-01,1.000000000000000000e+00
2.000000000000000000e+00,3.126849568706053378e-02,4.888594112658615522e-04,1.250739827482421351e-01,2.000000000000000000e+00,7.071067811865475727e-01,1.000000000000000000e+00
2.000000000000000000e+00,3.180377166453896010e-02,5.057399460450655868e-04,1.272150866581558404e-01,2.000000000000000000e+00,7.071067811865475727e-01,1.000000000000000000e+00
2.000000000000000000e+00,3.234821087055684413e-02,5.232033732630059783e-04,1.293928434822273765e-01,2.000000000000000000e+00,7.071067811865475727e-01,1.000000000000000000e+00
2.000000000000000000e+00,3.290197016766881893e-02,5.412698204570844714e-04,1.316078806706752757e-01,2.000000000000000000e+00,7.071067811865475727e-01,1.000000000000000000e+00
2.000000000000000000e+00,3.346520910371247187e-02,5.599601101776000879e-04,1.338608364148498875e-01,2.000000000000000000e+00,7.071067811865475727e-01,1.000000000000000000e+00
2.000000000000000000e+00,3.403808995777678897e-02,5.792957839868525041e-04,1.361523598311071559e-01,2.000000000000000000e+00,7.071067811865475727e-01,1.000000000000000000e+00
2.000000000000000000e+00,3.462077778695774738e-02,5.992991272869535157e-04,1.384831111478309895e-01,2.000000000000000000e+00,7.071067811865475727e-01,1.000000000000000000e+00
2.000000000000000000e+00,3.521344047391414961e-02,6.199931950049476261e-04,1.408537618956565984e-01,2.000000000000000000e+00,7.071067811865475727e-01,1.000000000000000000e+00
2.000000000000000000e+00,3.581624877523745948e-02,6.414018381648493687e-04,1.432649951009498379e-01,2.000000000000000000e+00,7.071067811865475727e-01,1.000000000000000000e+00
2.000000000000000000e+00,3.642937637065004480e-02,6.635497313772378922e-04,1.457175054826001792e-01,2.000000000000000000e+00,7.071067811865475727e-01,1.000000000000000000e+00
2.000000000000000000e+00,3.705299991304510099e-02,6.864624012780601390e-04,1.482119996521804040e-01,2.000000000000000000e+00,7.071067811865475727e-01,1.000000000000000000e+00
2.000000000000000000e+00,3.768729907938365292e-02,7.101662559494559962e-04,1.507491963175346117e-01,2.000000000000000000e+00,7.071067811865475727e-01,1.000000000000000000e+00
2.000000000000000000e+00,3.833245662246263091e-02,7.346886153564895564e-04,1.533298264898505237e-01,2.000000000000000000e+00,7.071067811865475727e-01,1.000000000000000000e+00
2.000000000000000000e+00,3.898865842356905032e-02,7.600577428348709438e-04,1.559546336942762013e-01,2.000000000000000000e+00,7.071067811865475727e-01,1.000000000000000000e+00
2.000000000000000000e+00,3.965609354603595593e-02,7.863028776659773374e-04,1.586243741841438237e-01,2.000000000000000000e+00,7.071067811865475727e-01,1.000000000000000000e+00
2.000000000000000000e+00,4.033495428971459185e-02,8.134542687766827896e-04,1.613398171588583674e-01,2.000000000000000000e+00,7.071067811865475727e-01,1.000000000000000000e+00
2.000000000000000000e+00,4.102543624637965819e-02,8.415432096028808854e-04,1.641017449855186328e-01,2.000000000000000000e+00,7.071067811865475727e-01,1.000000000000000000e+00
2.000000000000000000e+00,4.172773835608261511e-02,8.706020741568441280e-04,1.669109534243304604e-01,2.000000000000000000e+00,7.071067811865475727e-01,1.000000000000000000e+00
2.000000000000000000e+00,4.244206296446978444e-02,9.006643543400088539e-04,1.697682518578791377e-01,2.000000000000000000e+00,7.071067811865475727e-01,1.000000000000000000e+00
2.000000000000000000e+00,4.316861588108193010e-02,9.317646985441995541e-04,1.726744635243277204e-01,2.000000000000000000e+00,7.071067811865475727e-01,1.000000000000000000e+00
2.000000000000000000e+00,4.390760643865131846e-02,9.639389515857473868e-04,1.756304257546052738e-01,2.000000000000000000e+00,7.071067811865475727e-01,1.000000000000000000e+00
2.000000000000000000e+00,4.465924755341441066e-02,9.972241960185756170e-04,1.786369902136576426e-01,2.000000000000000000e+00,7.071067811865475727e-01,1.000000000000000000e+00
2.000000000000000000e+00,4.542375578645671541e-02,1.031658794873829919e-03,1.816950231458268616e-01,2.000000000000000000e+00,7.071067811865475727e-01,1.000000000000000000e+00
2.000000000000000000e+00,4.620135140610777402e-02,1.067282435875328362e-03,1.848054056244310961e-01,2.000000000000000000e+00,7.071067811865475727e-01,1.000000000000000000e+00
2.000000000000000000e+00,4.699225845140458935e-02,1.104136177181803003e-03,1.879690338056183574e-01,2.000000000000000000e+00,7.071067811865475727e-01,1.000000000000000000e+00
2.000000000000000000e+00,4.779670479664094307e-02,1.142262494708619564e-03,1.911868191865637723e-01,2.000000000000000000e+00,7.071067811865475727e-01,1.000000000000000000e+00
2.000000000000000000e+00,4.861492221702221755e-02,1.181705331083560215e-03,1.944596888680888702e-01,2.000000000000000000e+00,7.071067811865475727e-01,1.000000000000000000e+00
2.000000000000000000e+00,4.944714645544388137e-02,1.222510146293058183e-03,1.977885858217755255e-01,2.000000000000000000e+00,7.071067811865475727e-01,1.000000000000000000e+00
2.000000000000000000e+00,5.029361729041307433e-02,1.264723970077268446e-03,2.011744691616522973e-01,2.000000000000000000e+00,7.071067811865475727e-01,1.000000000000000000e+00
2.000000000000000000e+00,5.115457860513318578e-02,1.308395456134375020e-03,2.046183144205327431e-01,2.000000000000000000e+00,7.071067811865475727e-01,1.000000000000000000e+00
2.000000000000000000e+00,5.203027845777082744e-02,1.353574938196585491e-03,2.081211138310833098e-01,2.000000000000000000e+00,7.071067811865475727e-01,1.000000000000000000e+00
2.000000000000000000e+00,5.292096915292578835e-02,1.400314488042461421e-03,2.116838766117031534e-01,2.000000000000000000e+00,7.071067811865475727e-01,1.000000000000000000e+00
2.000000000000000000e+00,5.382690731432449027e-02,1.448667975512439761e-03,2.153076292572979611e-01,2.000000000000000000e+00,7.071067811865475727e-01,1.000000000000000000e+00
2.000000000000000000e+00,5.474835395875768396e-02,1.498691130596709140e-03,2.189934158350307358e-01,2.000000000000000000e+00,7.071067811865475727e-01,1.000000000000000000e+00
2.000000000000000000e+00,5.568557457128418126e-02,1.550441607667025698e-03,2.227422982851367250e-01,2.000000000000000000e+00,7.071067811865475727e-01,1.000000000000000000e+00
2.000000000000000000e+00,5.663883918172166188e-02,1.603979051926464382e-03,2.265553567268866475e-01,2.000000000000000000e+00,7.071067811865475727e-01,1.000000000000000000e+00
2.000000000000000000e+00,5.760842244244710614e-02,1.659365168153721735e-03,2.304336897697884246e-01,2.000000000000000000e+00,7.071067811865475727e-01,1.000000000000000000e+00
2.000000000000000000e+00,5.859460370752896108e-02,1.716663791821183274e-03,2.343784148301158443e-01,2.000000000000000000e+00,7.071067811865475727e-01,1.000000000000000000e+00
2.000000000000000000e+00,5.959766711321392435e-02,1.775940962668730262e-03,2.383906684528556974e-01,2.000000000000000000e+00,7.071067811865475727e-01,1.000000000000000000e+00
2.000000000000000000e+00,6.061790165979176470e-02,1.837265000818092591e-03,2.424716066391670588e-01,2.000000000000000000e+00,7.071067811865475727e-01,1.000000000000000000e+00
2.000000000000000000e+00,6.165560129486130636e-02,1.900706585515451498e-03,2.466224051794452254e-01,2.000000000000000000e+00,7.071067811865475727e-01,1.000000000000000000e+00
2.000000000000000000e+00,6.271106499802193979e-02,1.966338836593066290e-03,2.508442599920877591e-01,2.000000000000000000e+00,7.071067811865475727e-01,1.000000000000000000e+00
2.000000000000000000e+00,6.378459686701495879e-02,2.034237398743807441e-03,2.551383874680598352e-01,2.000000000000000000e+00,7.071067811865475727e-01,1.000000000000000000e+00
2.000000000000000000e+00,6.487650620533939871e-02,2.104480528705720849e-03,2.595060248213575949e-01,2.000000000000000000e+00,7.071067811865475727e-01,1.000000000000000000e+00
2.000000000000000000e+00,6.598710761136797331e-02,2.177149185457128572e-03,2.639484304454718933e-01,2.000000000000000000e+00,7.071067811865475727e-01,1.000000000000000000e+00
2.000000000000000000e+00,6.711672106898838863e-02,2.252327123526195064e-03,2.684668842759535545e-01,2.000000000000000000e+00,7.071067811865475727e-01,1.000000000000000000e+00
2.000000000000000000e+00,6.826567203979624909e-02,2.330100989522509818e-03,2.730626881591849964e-01,2.000000000000000000e+00,7.071067811865475727e-01,1.000000000000000000e+00
2.000000000000000000e+00,6.943429155686645093e-02,2.410560422001968052e-03,2.777371662274658037e-01,2.000000000000000000e+00,7.071067811865475727e-01,1.000000000000000000e+00
2.000000000000000000e+00,7.062291632012950016e-02,2.493798154780006715e-03,2.824916652805180006e-01,2.000000000000000000e+00,7.071067811865475727e-01,1.000000000000000000e+00
2.000000000000000000e+00,7.183188879338084365e-02,2.579910123812316231e-03,2.873275551735233746e-01,2.000000000000000000e+00,7.071067811865475727e-01,1.000000000000000000e+00
2.000000000000000000e+00,7.306155730295067763e-02,2.668995577766172540e-03,2.922462292118027105e-01,2.000000000000000000e+00,7.071067811865475727e-01,1.000000000000000000e+00
2.000000000000000000e+00,7.431227613806296040e-02,2.761157192409860808e-03,2.972491045522518416e-01,2.000000000000000000e+00,7.071067811865475727e-01,1.000000000000000000e+00
2.000000000000000000e+00,7.558440565291228708e-02,2.856501188951999452e-03,3.023376226116491483e-01,2.000000000000000000e+00,7.071067811865475727e-01,1.000000000000000000e+00
2.000000000000000000e+00,7.687831237048843580e-02,2.955137456467197415e-03,3.075132494819537432e-01,2.000000000000000000e+00,7.071067811865475727e-01,1.000000000000000000e+00
2.000000000000000000e+00,7.819436908817806176e-02,3.057179678549108541e-03,3.127774763527122470e-01,2.000000000000000000e+00,7.071067811865475727e-01,1.000000000000000000e+00
2.000000000000000000e+00,7.953295498517418127e-02,3.162745464336871263e-03,3.181318199406967251e-01,2.000000000000000000e+00,7.071067811865475727e-01,1.000000000000000000e+00
2.000000000000000000e+00,8.089445573172449055e-02,3.271956484065966474e-03,3.235778229268979622e-01,2.000000000000000000e+00,7.071067811865475727e-01,1.000000000000000000e+00
2.000000000000000000e+00,8.227926360024957753e-02,3.384938609299677648e-03,3.291170544009983101e-01,2.000000000000000000e+00,7.071067811865475727e-01,1.000000000000000000e+00
2.000000000000000000e+00,8.368777757836379227e-02,3.501822058002844636e-03,3.347511103134551691e-01,2.000000000000000000e+00,7.071067811865475727e-01,1.000000000000000000e+00
2.000000000000000000e+00,8.512040348383045907e-02,3.622741544625048254e-03,3.404816139353218363e-01,2.000000000000000000e+00,7.071067811865475727e-01,1.000000000000000000e+00
2.000000000000000000e+00,8.657755408148522236e-02,3.747836435366249178e-03,3.463102163259408894e-01,2.000000000000000000e+00,7.071067811865475727e-01,1.000000000000000000e+00
2.000000000000000000e+00,8.805964920216086123e-02,3.877250908803814809e-03,3.522385968086434449e-01,2.000000000000000000e+00,7.071067811865475727e-01,1.000000000000000000e+00
2.000000000000000000e+00,8.956711586364786426e-02,4.011134122066060785e-03,3.582684634545914570e-01,2.000000000000000000e+00,7.071067811865475727e-01,1.000000000000000000e+00
2.000000000000000000e+00,9.110038839372602837e-02,4.149640382743865694e-03,3.644015535749041135e-01,2.000000000000000000e+00,7.071067811865475727e-01,1.000000000000000000e+00
2.000000000000000000e+00,9.265990855530180370e-02,4.292929326738446211e-03,3.706396342212072148e-01,2.000000000000000000e+00,7.071067811865475727e-01,1.000000000000000000e+00
2.000000000000000000e+00,9.424612567368800820e-02,4.441166102250296635e-03,3.769845026947520328e-01,2.000000000000000000e+00,7.071067811865475727e-01,1.000000000000000000e+00
2.000000000000000000e+00,9.585949676606249359e-02,4.594521560121372743e-03,3.834379870642499744e-01,2.000000000000000000e+00,7.071067811865475727e-01,1.000000000000000000e+00
2.000000000000000000e+00,9.750048667314259454e-02,4.753172450749828040e-03,3.900019466925703782e-01,2.000000000000000000e+00,7.071067811865475727e-01,1.000000000000000000e+00
2.000000000000000000e+00,9.916956819311432969e-02,4.917301627804376851e-03,3.966782727724573188e-01,2.000000000000000000e+00,7.071067811865475727e-01,1.000000000000000000e+00
2.000000000000000000e+00,1.008672222178536720e-01,5.087098258972936812e-03,4.034688888714146882e-01,2.000000000000000000e+00,7.071067811865475727e-01,1.000000000000000000e+00
2.000000000000000000e+00,1.025939378714800648e-01,5.262758043988556046e-03,4.103757514859202593e-01,2.000000000000000000e+00,7.071067811865475727e-01,1.000000000000000000e+00
2.000000000000000000e+00,1.043502126512815958e-01,5.444483440183845065e-03,4.174008506051263834e-01,2.000000000000000000e+00,7.071067811865475727e-01,1.000000000000000000e+00
2.000000000000000000e+00,1.061365525710530056e-01,5.632483895833949317e-03,4.245462102842120222e-01,2.000000000000000000e+00,7.071067811865475727e-01,1.000000000000000000e+00
2.000000000000000000e+00,1.079534723068870106e-01,5.826976091556910695e-03,4.318138892275480423e-01,2.000000000000000000e+00,7.071067811865475727e-01,1.000000000000000000e+00
2.000000000000000000e+00,1.098014953454616444e-01,6.028184190049717950e-03,4.392059813818465774e-01,2.000000000000000000e+00,7.071067811865475727e-01,1.000000000000000000e+00
2.000000000000000000e+00,1.116811541348660258e-01,6.236340094447851388e-03,4.467246165394641033e-01,2.000000000000000000e+00,7.071067811865475727e-01,1.000000000000000000e+00
2.000000000000000000e+00,1.135929902380079376e-01,6.451683715606083662e-03,4.543719609520317504e-01,2.000000000000000000e+00,7.071067811865475727e-01,1.000000000000000000e+00
2.000000000000000000e+00,1.155375544886478728e-01,6.674463248608638287e-03,4.621502179545914912e-01,2.000000000000000000e+00,7.071067811865475727e-01,1.000000000000000000e+00
2.000000000000000000e+00,1.175154071501038622e-01,6.904935458827340770e-03,4.700616286004154487e-01,2.000000000000000000e+00,7.071067811865475727e-01,1.000000000000000000e+00
2.000000000000000000e+00,1.195271180766732388e-01,7.143365977857493374e-03,4.781084723066929554e-01,2.000000000000000000e+00,7.071067811865475727e-01,1.000000000000000000e+00
2.000000000000000000e+00,1.215732668778177900e-01,7.390029609672553977e-03,4.862930675112711598e-01,2.000000000000000000e+00,7.071067811865475727e-01,1.000000000000000000e+00
2.000000000000000000e+00,1.236544430851592574e-01,7.645210647350445324e-03,4.946177723406370297e-01,2.000000000000000000e+00,7.071067811865475727e-01,1.000000000000000000e+00
2.000000000000000000e+00,1.257712463223341626e-01,7.909203200736627040e-03,5.030849852893366503e-01,2.000000000000000000e+00,7.071067811865475727e-01,1.000000000000000000e+00
2.000000000000000000e+00,1.279242864777557220e-01,8.182311535421458309e-03,5.116971459110228881e-01,2.000000000000000000e+00,7.071067811865475727e-01,1.000000000000000000e+00
2.000000000000000000e+00,1.301141838803335782e-01,8.464850423422629749e-03,5.204567355213343127e-01,2.000000000000000000e+00,7.071067811865475727e-01,1.000000000000000000e+00
2.000000000000000000e+00,1.323415694782015539e-01,8.757145505976823840e-03,5.293662779128062157e-01,2.000000000000000000e+00,7.071067811865475727e-01,1.000000000000000000e+00
2.000000000000000000e+00,1.346070850205046687e-01,9.059533668858687008e-03,5.384283400820186749e-01,2.000000000000000000e+00,7.071067811865475727e-01,1.000000000000000000e+00
2.000000000000000000e+00,1.369113832422988175e-01,9.372363430659811506e-03,5.476455329691952700e-01,2.000000000000000000e+00,7.071067811865475727e-01,1.000000000000000000e+00
2.000000000000000000e+00,1.392551280526151125e-01,9.695995344475115754e-03,5.570205122104604500e-01,2.000000000000000000e+00,7.071067811865475727e-01,1.000000000000000000e+00
2.000000000000000000e+00,1.416389947257437054e-01,1.003080241345962603e-02,5.665559789029748217e-01,2.000000000000000000e+00,7.071067811865475727e-01,1.000000000000000000e+00
2.000000000000000000e+00,1.440636700957922400e-01,1.037717052073463229e-02,5.762546803831689601e-01,2.000000000000000000e+00,7.071067811865475727e-01,1.000000000000000000e+00
2.000000000000000000e+00,1.465298527545750851e-01,1.073549887413872798e-02,5.861194110183003403e-01,2.000000000000000000e+00,7.071067811865475727e-01,1.000000000000000000e+00
2.000000000000000000e+00,1.490382532528898296e-01,1.110620046633626311e-02,5.961530130115593185e-01,2.000000000000000000e+00,7.071067811865475727e-01,1.000000000000000000e+00
2.000000000000000000e+00,1.515895943052395500e-01,1.148970255081355717e-02,6.063583772209582001e-01,2.000000000000000000e+00,7.071067811865475727e-01,1.000000000000000000e+00
2.000000000000000000e+00,1.541846109980597179e-01,1.188644713431149906e-02,6.167384439922388717e-01,2.000000000000000000e+00,7.071067811865475727e-01,1.000000000000000000e+00
2.000000000000000000e+00,1.568240510015092570e-01,1.229689148626198804e-02,6.272962040060370281e-01,2.000000000000000000e+00,7.071067811865475727e-01,1.000000000000000000e+00
2.000000000000000000e+00,1.595086747848880604e-01,1.272150866581559132e-02,6.380346991395522416e-01,2.000000000000000000e+00,7.071067811865475727e-01,1.000000000000000000e+00
2.000000000000000000e+00,1.622392558357411418e-01,1.316078806706753347e-02,6.489570233429645674e-01,2.000000000000000000e+00,7.071067811865475727e-01,1.000000000000000000e+00
2.000000000000000000e+00,1.650165808827144254e-01,1.361523598311071594e-02,6.600663235308577015e-01,2.000000000000000000e+00,7.071067811865475727e-01,1.000000000000000000e+00
2.000000000000000000e+00,1.678414501222249555e-01,1.408537618956566366e-02,6.713658004888998221e-01,2.000000000000000000e+00,7.071067811865475727e-01,1.000000000000000000e+00
2.000000000000000000e+00,1.707146774490115315e-01,1.457175054826002382e-02,6.828587097960461261e-01,2.000000000000000000e+00,7.071067811865475727e-01,1.000000000000000000e+00
2.000000000000000000e+00,1.736370906906325173e-01,1.507491963175347158e-02,6.945483627625300693e-01,2.000000000000000000e+00,7.071067811865475727e-01,1.000000000000000000e+00
2.000000000000000000e+00,1.766095318459772467e-01,1.559546336942762602e-02,7.064381273839089870e-01,2.000000000000000000e+00,7.071067811865475727e-01,1.000000000000000000e+00
2.000000000000000000e+00,1.796328573278611063e-01,1.613398171588585270e-02,7.185314293114444251e-01,2.000000000000000000e+00,7.071067811865475727e-01,1.000000000000000000e+00
2.000000000000000000e+00,1.827079382097726579e-01,1.669109534243305021e-02,7.308317528390906315e-01,2.000000000000000000e+00,7.071067811865475727e-01,1.000000000000000000e+00
2.000000000000000000e+00,1.858356604768459375e-01,1.726744635243277967e-02,7.433426419073837499e-01,2.000000000000000000e+00,7.071067811865475727e-01,1.000000000000000000e+00
2.000000000000000000e+00,1.890169252811280398e-01,1.786369902136577051e-02,7.560677011245121593e-01,2.000000000000000000e+00,7.071067811865475727e-01,1.000000000000000000e+00
2.000000000000000000e+00,1.922526492012170685e-01,1.848054056244311655e-02,7.690105968048682739e-01,2.000000000000000000e+00,7.071067811865475727e-01,1.000000000000000000e+00
2.000000000000000000e+00,1.955437645063446972e-01,1.911868191865639596e-02,7.821750580253787888e-01,2.000000000000000000e+00,7.071067811865475727e-01,1.000000000000000000e+00
2.000000000000000000e+00,1.988912194249789489e-01,1.977885858217756296e-02,7.955648776999157956e-01,2.000000000000000000e+00,7.071067811865475727e-01,1.000000000000000000e+00
2.000000000000000000e+00,2.022959784180262954e-01,2.046183144205327917e-02,8.091839136721051817e-01,2.000000000000000000e+00,7.071067811865475727e-01,1.000000000000000000e+00
2.000000000000000000e+00,2.057590224567094062e-01,2.116838766117032367e-02,8.230360898268376246e-01,2.000000000000000000e+00,7.071067811865475727e-01,1.000000000000000000e+00
2.000000000000000000e+00,2.092813493052023965e-01,2.189934158350307150e-02,8.371253972208095862e-01,2.000000000000000000e+00,7.071067811865475727e-01,1.000000000000000000e+00
2.000000000000000000e+00,2.128639738081044286e-01,2.265553567268868349e-02,8.514558952324177143e-01,2.000000000000000000e+00,7.071067811865475727e-01,1.000000000000000000e+00
2.000000000000000000e+00,2.165079281828339586e-01,2.343784148301159345e-02,8.660317127313358343e-01,2.000000000000000000e+00,7.071067811865475727e-01,1.000000000000000000e+00
2.000000000000000000e+00,2.202142623170293967e-01,2.424716066391671698e-02,8.808570492681175867e-01,2.000000000000000000e+00,7.071067811865475727e-01,1.000000000000000000e+00
2.000000000000000000e+00,2.239840440710399450e-01,2.508442599920878216e-02,8.959361762841597798e-01,2.000000000000000000e+00,7.071067811865475727e-01,1.000000000000000000e+00
2.000000000000000000e+00,2.278183595855950982e-01,2.595060248213575463e-02,9.112734383423803930e-01,2.000000000000000000e+00,7.071067811865475727e-01,1.000000000000000000e+00
2.000000000000000000e+00,2.317183135947410433e-01,2.684668842759537627e-02,9.268732543789641731e-01,2.000000000000000000e+00,7.071067811865475727e-01,1.000000000000000000e+00
2.000000000000000000e+00,2.356850297441337172e-01,2.777371662274659772e-02,9.427401189765348688e-01,2.000000000000000000e+00,7.071067811865475727e-01,1.000000000000000000e+00
2.000000000000000000e+00,2.397196509147814791e-01,2.873275551735234717e-02,9.588786036591259165e-01,2.000000000000000000e+00,7.071067811865475727e-01,1.000000000000000000e+00
2.000000000000000000e+00,2.438233395523290992e-01,2.972491045522518416e-02,9.752933582093163967e-01,2.000000000000000000e+00,7.071067811865475727e-01,1.000000000000000000e+00
2.000000000000000000e+00,2.479972780019789047e-01,3.075132494819540416e-02,9.919891120079156188e-01,2.000000000000000000e+00,7.071067811865475727e-01,1.000000000000000000e+00
2.000000000000000000e+00,2.522426688491449798e-01,3.181318199406970443e-02,1.008970675396579919e+00,2.000000000000000000e+00,7.071067811865475727e-01,0.000000000000000000e+00
2.000000000000000000e+00,2.565607352659398654e-01,3.291170544009983795e-02,1.026242941063759462e+00,2.000000000000000000e+00,7.071067811865475727e-01,0.000000000000000000e+00
2.000000000000000000e+00,2.609527213635918219e-01,3.404816139353219334e-02,1.043810885454367288e+00,2.000000000000000000e+00,7.071067811865475727e-01,0.000000000000000000e+00
2.000000000000000000e+00,2.654198925508950424e-01,3.522385968086433339e-02,1.061679570203580170e+00,2.000000000000000000e+00,7.071067811865475727e-01,0.000000000000000000e+00
2.000000000000000000e+00,2.699635358987966804e-01,3.644015535749044188e-02,1.079854143595186722e+00,2.000000000000000000e+00,7.071067811865475727e-01,0.000000000000000000e+00
2.000000000000000000e+00,2.745849605112240521e-01,3.769845026947523520e-02,1.098339842044896209e+00,2.000000000000000000e+00,7.071067811865475727e-01,0.000000000000000000e+00
2.000000000000000000e+00,2.792854979022614814e-01,3.900019466925705447e-02,1.117141991609045926e+00,2.000000000000000000e+00,7.071067811865475727e-01,0.000000000000000000e+00
2.000000000000000000e+00,2.840665023797824817e-01,4.034688888714148269e-02,1.136266009519129927e+00,2.000000000000000000e+00,7.071067811865475727e-01,0.000000000000000000e+00
2.000000000000000000e+00,2.889293514356498505e-01,4.174008506051262585e-02,1.155717405742599402e+00,2.000000000000000000e+00,7.071067811865475727e-01,0.000000000000000000e+00
2.000000000000000000e+00,2.938754461425957532e-01,4.318138892275484586e-02,1.175501784570383013e+00,2.000000000000000000e+00,7.071067811865475727e-01,0.000000000000000000e+00
2.000000000000000000e+00,2.989062115578946521e-01,4.467246165394643531e-02,1.195624846231578609e+00,2.000000000000000000e+00,7.071067811865475727e-01,0.000000000000000000e+00
2.000000000000000000e+00,3.040230971339485944e-01,4.621502179545917272e-02,1.216092388535794377e+00,2.000000000000000000e+00,7.071067811865475727e-01,0.000000000000000000e+00
2.000000000000000000e+00,3.092275771358994341e-01,4.781084723066932052e-02,1.236910308543597736e+00,2.000000000000000000e+00,7.071067811865475727e-01,0.000000000000000000e+00
2.000000000000000000e+00,3.145211510663907251e-01,4.946177723406369048e-02,1.258084604265562900e+00,2.000000000000000000e+00,7.071067811865475727e-01,0.000000000000000000e+00
2.000000000000000000e+00,3.199053440976012408e-01,5.116971459110232490e-02,1.279621376390404963e+00,2.000000000000000000e+00,7.071067811865475727e-01,0.000000000000000000e+00
2.000000000000000000e+00,3.253817075106731904e-01,5.293662779128063822e-02,1.301526830042692762e+00,2.000000000000000000e+00,7.071067811865475727e-01,0.000000000000000000e+00
2.000000000000000000e+00,3.309518191426648048e-01,5.476455329691955892e-02,1.323807276570659219e+00,2.000000000000000000e+00,7.071067811865475727e-01,0.000000000000000000e+00
2.000000000000000000e+00,3.366172838411524149e-01,5.665559789029748355e-02,1.346469135364609659e+00,2.000000000000000000e+00,7.071067811865475727e-01,0.000000000000000000e+00
2.000000000000000000e+00,3.423797339266156925e-01,5.861194110183007983e-02,1.369518935706462770e+00,2.000000000000000000e+00,7.071067811865475727e-01,0.000000000000000000e+00
2.000000000000000000e+00,3.482408296627375055e-01,6.063583772209588107e-02,1.392963318650950022e+00,2.000000000000000000e+00,7.071067811865475727e-01,0.000000000000000000e+00
2.000000000000000000e+00,3.542022597347558865e-01,6.272962040060373057e-02,1.416809038939023546e+00,2.000000000000000000e+00,7.071067811865475727e-01,0.000000000000000000e+00
2.000000000000000000e+00,3.602657417360037861e-01,6.489570233429649282e-02,1.441062966944015145e+00,2.000000000000000000e+00,7.071067811865475727e-01,0.000000000000000000e+00
2.000000000000000000e+00,3.664330226627779408e-01,6.713658004888996278e-02,1.465732090651111763e+00,2.000000000000000000e+00,7.071067811865475727e-01,0.000000000000000000e+00
2.000000000000000000e+00,3.727058794176798528e-01,6.945483627625305412e-02,1.490823517670719411e+00,2.000000000000000000e+00,7.071067811865475727e-01,0.000000000000000000e+00
2.000000000000000000e+00,3.790861193215717684e-01,7.185314293114447581e-02,1.516344477286287074e+00,2.000000000000000000e+00,7.071067811865475727e-01,0.000000000000000000e+00
2.000000000000000000e+00,3.855755806342989755e-01,7.433426419073839442e-02,1.542302322537195902e+00,2.000000000000000000e+00,7.071067811865475727e-01,0.000000000000000000e+00
2.000000000000000000e+00,3.921761330843244187e-01,7.690105968048686902e-02,1.568704532337297675e+00,2.000000000000000000e+00,7.071067811865475727e-01,0.000000000000000000e+00
2.000000000000000000e+00,3.988896784074302815e-01,7.955648776999157956e-02,1.595558713629721126e+00,2.000000000000000000e+00,7.071067811865475727e-01,0.000000000000000000e+00
2.000000000000000000e+00,4.057181508946422488e-01,8.230360898268385128e-02,1.622872603578568995e+00,2.000000000000000000e+00,7.071067811865475727e-01,0.000000000000000000e+00
2.000000000000000000e+00,4.126635179495318773e-01,8.514558952324180474e-02,1.650654071798127509e+00,2.000000000000000000e+00,7.071067811865475727e-01,0.000000000000000000e+00
2.000000000000000000e+00,4.197277806550617218e-01,8.808570492681180863e-02,1.678911122620246887e+00,2.000000000000000000e+00,7.071067811865475727e-01,0.000000000000000000e+00
2.000000000000000000e+00,4.269129743501316465e-01,9.112734383423808093e-02,1.707651897400526586e+00,2.000000000000000000e+00,7.071067811865475727e-01,0.000000000000000000e+00
2.000000000000000000e+00,4.342211692159963499e-01,9.427401189765347023e-02,1.736884676863985399e+00,2.000000000000000000e+00,7.071067811865475727e-01,0.000000000000000000e+00
2.000000000000000000e+00,4.416544708727213053e-01,9.752933582093172016e-02,1.766617883490885221e+00,2.000000000000000000e+00,7.071067811865475727e-01,0.000000000000000000e+00
2.000000000000000000e+00,4.492150209858482013e-01,1.008970675396580197e-01,1.796860083943392805e+00,2.000000000000000000e+00,7.071067811865475727e-01,0.000000000000000000e+00
2.000000000000000000e+00,4.569049978834479053e-01,1.043810885454367621e-01,1.827619991533791621e+00,2.000000000000000000e+00,7.071067811865475727e-01,0.000000000000000000e+00
2.000000000000000000e+00,4.647266171837345361e-01,1.079854143595186805e-01,1.858906468734938144e+00,2.000000000000000000e+00,7.071067811865475727e-01,0.000000000000000000e+00
2.000000000000000000e+00,4.726821324334244401e-01,1.117141991609047064e-01,1.890728529733697760e+00,2.000000000000000000e+00,7.071067811865475727e-01,0.000000000000000000e+00
2.000000000000000000e+00,4.807738357570221499e-01,1.155717405742600484e-01,1.923095343028088600e+00,2.000000000000000000e+00,7.071067811865475727e-01,0.000000000000000000e+00
2.000000000000000000e+00,4.890040585172231169e-01,1.195624846231578831e-01,1.956016234068892468e+00,2.000000000000000000e+00,7.071067811865475727e-01,0.000000000000000000e+00
2.000000000000000000e+00,4.973751719866197907e-01,1.236910308543598125e-01,1.989500687946479163e+00,2.000000000000000000e+00,7.071067811865475727e-01,0.000000000000000000e+00
2.000000000000000000e+00,5.058895880309074444e-01,1.279621376390406295e-01,2.023558352123629778e+00,2.000000000000000000e+00,7.071067811865475727e-01,0.000000000000000000e+00
2.000000000000000000e+00,5.145497598037840348e-01,1.323807276570659330e-01,2.058199039215136139e+00,2.000000000000000000e+00,7.071067811865475727e-01,0.000000000000000000e+00
2.000000000000000000e+00,5.233581824537499871e-01,1.369518935706463270e-01,2.093432729814999949e+00,2.000000000000000000e+00,7.071067811865475727e-01,0.000000000000000000e+00
2.000000000000000000e+00,5.323173938430014740e-01,1.416809038939025600e-01,2.129269575372005896e+00,2.000000000000000000e+00,7.071067811865475727e-01,0.000000000000000000e+00
2.000000000000000000e+00,5.414299752786342346e-01,1.465732090651112318e-01,2.165719901114536938e+00,2.000000000000000000e+00,7.071067811865475727e-01,0.000000000000000000e+00
2.000000000000000000e+00,5.506985522563662139e-01,1.516344477286288572e-01,2.202794209025464856e+00,2.000000000000000000e+00,7.071067811865475727e-01,0.000000000000000000e+00
2.000000000000000000e+00,5.601257952169846899e-01,1.568704532337297231e-01,2.240503180867938759e+00,2.000000000000000000e+00,7.071067811865475727e-01,0.000000000000000000e+00
2.000000000000000000e+00,5.697144203157524789e-01,1.622872603578569273e-01,2.278857681263009916e+00,2.000000000000000000e+00,7.071067811865475727e-01,0.000000000000000000e+00
2.000000000000000000e+00,5.794671902049759460e-01,1.678911122620248830e-01,2.317868760819903784e+00,2.000000000000000000e+00,7.071067811865475727e-01,0.000000000000000000e+00
2.000000000000000000e+00,5.893869148299758498e-01,1.736884676863985899e-01,2.357547659319903399e+00,2.000000000000000000e+00,7.071067811865475727e-01,0.000000000000000000e+00
2.000000000000000000e+00,5.994764522386837324e-01,1.796860083943394304e-01,2.397905808954734930e+00,2.000000000000000000e+00,7.071067811865475727e-01,0.000000000000000000e+00
2.000000000000000000e+00,6.097387094050923384e-01,1.858906468734938255e-01,2.438954837620369354e+00,2.000000000000000000e+00,7.071067811865475727e-01,0.000000000000000000e+00
2.000000000000000000e+00,6.201766430668103069e-01,1.923095343028089210e-01,2.480706572267241228e+00,2.000000000000000000e+00,7.071067811865475727e-01,0.000000000000000000e+00
2.000000000000000000e+00,6.307932605769471790e-01,1.989500687946481883e-01,2.523173042307788716e+00,2.000000000000000000e+00,7.071067811865475727e-01,0.000000000000000000e+00
2.000000000000000000e+00,6.415916207705859575e-01,2.058199039215136972e-01,2.566366483082343830e+00,2.000000000000000000e+00,7.071067811865475727e-01,0.000000000000000000e+00
2.000000000000000000e+00,6.525748348460898018e-01,2.129269575372007006e-01,2.610299339384359207e+00,2.000000000000000000e+00,7.071067811865475727e-01,0.000000000000000000e+00
2.000000000000000000e+00,6.637460672614886592e-01,2.202794209025463190e-01,2.654984269045954637e+00,2.000000000000000000e+00,7.071067811865475727e-01,0.000000000000000000e+00
2.000000000000000000e+00,6.751085366462211690e-01,2.278857681263010693e-01,2.700434146584884676e+00,2.000000000000000000e+00,7.071067811865475727e-01,0.000000000000000000e+00
2.000000000000000000e+00,6.866655167284734240e-01,2.357547659319907118e-01,2.746662066913893696e+00,2.000000000000000000e+00,7.071067811865475727e-01,0.000000000000000000e+00
2.000000000000000000e+00,6.984203372784000274e-01,2.438954837620370131e-01,2.793681349113600110e+00,2.000000000000000000e+00,7.071067811865475727e-01,0.000000000000000000e+00
2.000000000000000000e+00,7.103763850674922331e-01,2.523173042307790270e-01,2.841505540269968932e+00,2.000000000000000000e+00,7.071067811865475727e-01,0.000000000000000000e+00
2.000000000000000000e+00,7.225371048443612887e-01,2.610299339384357653e-01,2.890148419377445155e+00,2.000000000000000000e+00,7.071067811865475727e-01,0.000000000000000000e+00
2.000000000000000000e+00,7.349060003272371855e-01,2.700434146584885786e-01,2.939624001308948742e+00,2.000000000000000000e+00,7.071067811865475727e-01,0.000000000000000000e+00
2.000000000000000000e+00,7.474866352134470482e-01,2.793681349113604218e-01,2.989946540853788193e+00,2.000000000000000000e+00,7.071067811865475727e-01,0.000000000000000000e+00
2.000000000000000000e+00,7.602826342061806963e-01,2.890148419377445710e-01,3.041130536824722785e+00,2.000000000000000000e+00,7.071067811865475727e-01,0.000000000000000000e+00
2.000000000000000000e+00,7.732976840588350331e-01,2.989946540853788970e-01,3.093190736235340133e+00,2.000000000000000000e+00,7.071067811865475727e-01,0.000000000000000000e+00
2.000000000000000000e+00,7.865355346372264744e-01,3.093190736235338356e-01,3.146142138548905898e+00,2.000000000000000000e+00,7.071067811865475727e-01,0.000000000000000000e+00
2.000000000000000000e+00,8.000000000000000444e-01,3.200000000000000622e-01,3.200000000000000178e+00,2.000000000000000000e+00,7.071067811865475727e-01,0.000000000000000000e+00
3.000000000000000000e+00,5.000000000000000104e-03,8.333333333333333733e-06,4.499999999999999833e-02,3.000000000000000000e+00,5.773502691896257311e-01,1.000000000000000000e+00
3.000000000000000000e+00,5.085593496859515568e-03,8.621087071766598417e-06,4.577034147173564271e-02,3.000000000000000000e+00,5.773502691896257311e-01,1.000000000000000000e+00
3.000000000000000000e+00,5.172652243059954781e-03,8.918777075877726892e-06,4.655387018753959216e-02,3.000000000000000000e+00,5.773502691896257311e-01,1.000000000000000000e+00
3.000000000000000000e+00,5.261201321764298437e-03,9.226746449378132807e-06,4.735081189587868333e-02,3.000000000000000000e+00,5.773502691896257311e-01,1.000000000000000000e+00
3.000000000000000000e+00,5.351266245526636704e-03,9.545350143504249092e-06,4.816139620973972774e-02,3.000000000000000000e+00,5.773502691896257311e-01,1.000000000000000000e+00
3.000000000000000000e+00,5.442872963642820562e-03,9.874955366117993790e-06,4.898585667278538419e-02,3.000000000000000000e+00,5.773502691896257311e-01,1.000000000000000000e+00
3.000000000000000000e+00,5.536047869626881460e-03,1.021594200493344492e-05,4.982443082664193140e-02,3.000000000000000000e+00,5.773502691896257311e-01,1.000000000000000000e+00
3.000000000000000000e+00,5.630817808815483973e-03,1.056870306535786944e-05,5.067736027933935489e-02,3.000000000000000000e+00,5.773502691896257311e-01,1.000000000000000000e+00
3.000000000000000000e+00,5.727210086102555581e-03,1.093364512345161437e-05,5.154489077492299676e-02,3.000000000000000000e+00,5.773502691896257311e-01,1.000000000000000000e+00
3.000000000000000000e+00,5.825252473806271508e-03,1.131118879452869512e-05,5.242727226425644704e-02,3.000000000000000000e+00,5.773502691896257311e-01,1.000000000000000000e+00
3.000000000000000000e+00,5.924973219670796355e-03,1.170176921793870813e-05,5.332475897703716633e-02,3.000000000000000000e+00,5.773502691896257311e-01,1.000000000000000000e+00
3.000000000000000000e+00,6.026401055004918829e-03,1.210583655858813399e-05,5.423760949504426859e-02,3.000000000000000000e+00,5.773502691896257311e-01,1.000000000000000000e+00
3.000000000000000000e+00,6.129565202960061965e-03,1.252385652577961020e-05,5.516608682664055768e-02,3.000000000000000000e+00,5.773502691896257311e-01,1.000000000000000000e+00
3.000000000000000000e+00,6.234495386950014185e-03,1.295631090996700290e-05,5.611045848255012680e-02,3.000000000000000000e+00,5.773502691896257311e-01,1.000000000000000000e+00
3.000000000000000000e+00,6.341221839214723072e-03,1.340369813804458603e-05,5.707099655293250418e-02,3.000000000000000000e+00,5.773502691896257311e-01,1.000000000000000000e+00
3.000000000000000000e+00,6.449775309530786892e-03,1.386653384781098639e-05,5.804797778577708289e-02,3.000000000000000000e+00,5.773502691896257311e-01,1.000000000000000000e+00
3.000000000000000000e+00,6.560187074070968419e-03,1.434535148226927165e-05,5.904168366663871403e-02,3.000000000000000000e+00,5.773502691896257311e-01,1.000000000000000000e+00
3.000000000000000000e+00,6.672488944415428530e-03,1.484070290444870512e-05,6.005240049973885330e-02,3.000000000000000000e+00,5.773502691896257311e-01,1.000000000000000000e+00
3.000000000000000000e+00,6.786713276717224429e-03,1.535315903345661404e-05,6.108041949045502073e-02,3.000000000000000000e+00,5.773502691896257311e-01,1.000000000000000000e+00
3.000000000000000000e+00,6.902892981024643347e-03,1.588331050249309538e-05,6.212603682922179099e-02,3.000000000000000000e+00,5.773502691896257311e-01,1.000000000000000000e+00
3.000000000000000000e+00,7.021061530763225353e-03,1.643176833958774979e-05,6.318955377686902297e-02,3.000000000000000000e+00,5.773502691896257311e-01,1.000000000000000000e+00
3.000000000000000000e+00,7.141252972379995810e-03,1.699916467184204062e-05,6.427127675141995622e-02,3.000000000000000000e+00,5.773502691896257311e-01,1.000000000000000000e+00
3.000000000000000000e+00,7.263501935152872138e-03,1.758615345398983836e-05,6.537151741637585445e-02,3.000000000000000000e+00,5.773502691896257311e-01,1.000000000000000000e+00
3.000000000000000000e+00,7.387843641167991804e-03,1.819341122211544509e-05,6.649059277051191930e-02,3.000000000000000000e+00,5.773502691896257311e-01,1.000000000000000000e+00
3.000000000000000000e+00,7.514313915467765725e-03,1.882163787339750238e-05,6.762882523920989153e-02,3.000000000000000000e+00,5.773502691896257311e-01,1.000000000000000000e+00
3.000000000000000000e+00,7.642949196372768317e-03,1.947155747277838257e-05,6.878654276735490791e-02,3.000000000000000000e+00,5.773502691896257311e-01,1.000000000000000000e+00
3.000000000000000000e+00,7.773786545980202432e-03,2.014391908748760113e-05,6.996407891382182276e-02,3.000000000000000000e+00,5.773502691896257311e-01,1.000000000000000000e+00
3.000000000000000000e+00,7.906863660842176206e-03,2.083949765038217773e-05,7.116177294757958238e-02,3.000000000000000000e+00,5.773502691896257311e-01,1.000000000000000000e+00
3.000000000000000000e+00,8.042218882826759896e-03,2.155909485309843014e-05,7.237996994544083906e-02,3.000000000000000000e+00,5.773502691896257311e-01,1.000000000000000000e+00
3.000000000000000000e+00,8.179891210164914883e-03,2.230354007004441066e-05,7.361902089148422701e-02,3.000000000000000000e+00,5.773502691896257311e-01,1.000000000000000000e+00
3.000000000000000000e+00,8.319920308686593394e-03,2.307369131429854215e-05,7.487928277817934575e-02,3.000000000000000000e+00,5.773502691896257311e-01,1.000000000000000000e+00
3.000000000000000000e+00,8.462346523249191302e-03,2.387043622651589144e-05,7.616111870924271998e-02,3.000000000000000000e+00,5.773502691896257311e-01,1.000000000000000000e+00
3.000000000000000000e+00,8.607210889361555442e-03,2.469469309798137991e-05,7.746489800425400418e-02,3.000000000000000000e+00,5.773502691896257311e-01,1.000000000000000000e+00
3.000000000000000000e+00,8.754555145007107686e-03,2.554741192899013963e-05,7.879099630506397611e-02,3.000000000000000000e+00,5.773502691896257311e-01,1.000000000000000000e+00
3.000000000000000000e+00,8.904421742669234308e-03,2.642957552377353633e-05,8.013979568402310183e-02,3.000000000000000000e+00,5.773502691896257311e-01,1.000000000000000000e+00
3.000000000000000000e+00,9.056853861562618249e-03,2.734220062323390048e-05,8.151168475406356251e-02,3.000000000000000000e+00,5.773502691896257311e-01,1.000000000000000000e+00
3.000000000000000000e+00,9.211895420073969859e-03,2.828633907679326117e-05,8.290705878066573220e-02,3.000000000000000000e+00,5.773502691896257311e-01,1.000000000000000000e+00
3.000000000000000000e+00,9.369591088415618607e-03,2.926307905470579260e-05,8.432631979574056746e-02,3.000000000000000000e+00,5.773502691896257311e-01,1.000000000000000000e+00
3.000000000000000000e+00,9.529986301495868908e-03,3.027354630223297002e-05,8.576987671346282538e-02,3.000000000000000000e+00,5.773502691896257311e-01,1.000000000000000000e+00
3.000000000000000000e+00,9.693127272009533987e-03,3.131890543712499605e-05,8.723814544808580762e-02,3.000000000000000000e+00,5.773502691896257311e-01,1.000000000000000000e+00
3.000000000000000000e+00,9.859061003752651528e-03,3.240036129190541144e-05,8.873154903377386549e-02,3.000000000000000000e+00,5.773502691896257311e-01,1.000000000000000000e+00
3.000000000000000000e+00,1.002783530516514719e-02,3.351916030250552475e-05,9.025051774648631953e-02,3.000000000000000000e+00,5.773502691896257311e-01,1.000000000000000000e+00
3.000000000000000000e+00,1.019949880310522250e-02,3.467659194484829307e-05,9.179548922794700250e-02,3.000000000000000000e+00,5.773502691896257311e-01,1.000000000000000000e+00
3.000000000000000000e+00,1.037410095685966163e-02,3.587399022103885331e-05,9.336690861173695122e-02,3.000000000000000000e+00,5.773502691896257311e-01,1.000000000000000000e+00
3.000000000000000000e+00,1.055169207239391171e-02,3.711273519687350675e-05,9.496522865154520543e-02,3.000000000000000000e+00,5.773502691896257311e-01,1.000000000000000000e+00
3.000000000000000000e+00,1.073232331684611206e-02,3.839425459243957684e-05,9.659090985161500331e-02,3.000000000000000000e+00,5.773502691896257311e-01,1.000000000000000000e+00
3.000000000000000000e+00,1.091604673326926865e-02,3.972002542763955311e-05,9.824442059942341265e-02,3.000000000000000000e+00,5.773502691896257311e-01,1.000000000000000000e+00
3.000000000000000000e+00,1.110291525562574592e-02,4.109157572453564180e-05,9.992623730063171505e-02,3.000000000000000000e+00,5.773502691896257311e-01,1.000000000000000000e+00
3.000000000000000000e+00,1.129298272403851493e-02,4.251048626847744747e-05,1.016368445163466361e-01,3.000000000000000000e+00,5.773502691896257311e-01,1.000000000000000000e+00
3.000000000000000000e+00,1.148630390030342188e-02,4.397839243004187016e-05,1.033767351027307935e-01,3.000000000000000000e+00,5.773502691896257311e-01,1.000000000000000000e+00
3.000000000000000000e+00,1.168293448366702902e-02,4.549698604988539893e-05,1.051464103530032612e-01,3.000000000000000000e+00,5.773502691896257311e-01,1.000000000000000000e+00
3.000000000000000000e+00,1.188293112687456750e-02,4.706801738868149538e-05,1.069463801418711058e-01,3.000000000000000000e+00,5.773502691896257311e-01,1.000000000000000000e+00
3.000000000000000000e+00,1.208635145249255770e-02,4.869329714438964951e-05,1.087771630724330141e-01,3.000000000000000000e+00,5.773502691896257311e-01,1.000000000000000000e+00
3.000000000000000000e+00,1.229325406951093866e-02,5.037469853918241929e-05,1.106392866255984514e-01,3.000000000000000000e+00,5.773502691896257311e-01,1.000000000000000000e+00
3.000000000000000000e+00,1.250369859022932260e-02,5.211415947843425225e-05,1.125332873120638982e-01,3.000000000000000000e+00,5.773502691896257311e-01,1.000000000000000000e+00
3.000000000000000000e+00,1.271774564743233596e-02,5.391368478426137662e-05,1.144597108268910202e-01,3.000000000000000000e+00,5.773502691896257311e-01,1.000000000000000000e+00
3.000000000000000000e+00,1.293545691185906017e-02,5.577534850618744399e-05,1.164191122067315398e-01,3.000000000000000000e+00,5.773502691896257311e-01,1.000000000000000000e+00
3.000000000000000000e+00,1.315689510997137754e-02,5.770129631159624681e-05,1.184120559897424013e-01,3.000000000000000000e+00,5.773502691896257311e-01,1.000000000000000000e+00
3.000000000000000000e+00,1.338212404202663436e-02,5.969374795872909082e-05,1.204391163782397023e-01,3.000000000000000000e+00,5.773502691896257311e-01,1.000000000000000000e+00
3.000000000000000000e+00,1.361120860045960702e-02,6.175499985507519108e-05,1.225008774041364684e-01,3.000000000000000000e+00,5.773502691896257311e-01,1.000000000000000000e+00
3.000000000000000000e+00,1.384421478857913133e-02,6.388742770410437203e-05,1.245979330972121768e-01,3.000000000000000000e+00,5.773502691896257311e-01,1.000000000000000000e+00
3.000000000000000000e+00,1.408120973958486809e-02,6.609348924339325374e-05,1.267308876562638076e-01,3.000000000000000000e+00,5.773502691896257311e-01,1.000000000000000000e+00
3.000000000000000000e+00,1.432226173590952882e-02,6.837572707729941749e-05,1.289003556231857472e-01,3.000000000000000000e+00,5.773502691896257311e-01,1.000000000000000000e+00
3.000000000000000000e+00,1.456744022889227066e-02,7.073677160744962808e-05,1.311069620600304464e-01,3.000000000000000000e+00,5.773502691896257311e-01,1.000000000000000000e+00
3.000000000000000000e+00,1.481681585878884613e-02,7.317934406441888126e-05,1.333513427290996256e-01,3.000000000000000000e+00,5.773502691896257311e-01,1.000000000000000000e+00
3.000000000000000000e+00,1.507046047512429314e-02,7.570625964409451051e-05,1.356341442761186400e-01,3.000000000000000000e+00,5.773502691896257311e-01,1.000000000000000000e+00
3.000000000000000000e+00,1.532844715739408933e-02,7.832043075234097773e-05,1.379560244165468075e-01,3.000000000000000000e+00,5.773502691896257311e-01,1.000000000000000000e+00
3.000000000000000000e+00,1.559085023611961503e-02,8.102487036170369068e-05,1.403176521250765474e-01,3.000000000000000000e+00,5.773502691896257311e-01,1.000000000000000000e+00
3.000000000000000000e+00,1.585774531426410727e-02,8.382269548402175748e-05,1.427197078283769516e-01,3.000000000000000000e+00,5.773502691896257311e-01,1.000000000000000000e+00
3.000000000000000000e+00,1.612920928901519918e-02,8.671713076295140075e-05,1.451628836011367996e-01,3.000000000000000000e+00,5.773502691896257311e-01,1.000000000000000000e+00
3.000000000000000000e+00,1.640532037394035192e-02,8.971151219054080285e-05,1.476478833654631673e-01,3.000000000000000000e+00,5.773502691896257311e-01,1.000000000000000000e+00
3.000000000000000000e+00,1.668615812152158748e-02,9.280929095214028167e-05,1.501754230936942769e-01,3.000000000000000000e+00,5.773502691896257311e-01,1.000000000000000000e+00
3.000000000000000000e+00,1.697180344607595107e-02,9.601403740407849776e-05,1.527462310146835700e-01,3.000000000000000000e+00,5.773502691896257311e-01,1.000000000000000000e+00
3.000000000000000000e+00,1.726233864706834542e-02,9.932944518868979712e-05,1.553610478236150949e-01,3.000000000000000000e+00,5.773502691896257311e-01,1.000000000000000000e+00
3.000000000000000000e+00,1.755784743282349722e-02,1.027593354914355458e-04,1.580206268954114646e-01,3.000000000000000000e+00,5.773502691896257311e-01,1.000000000000000000e+00
3.000000000000000000e+00,1.785841494464373430e-02,1.063076614450248885e-04,1.607257345017936156e-01,3.000000000000000000e+00,5.773502691896257311e-01,1.000000000000000000e+00
3.000000000000000000e+00,1.816412778133978667e-02,1.099785126856132927e-04,1.634771500320580939e-01,3.000000000000000000e+00,5.773502691896257311e-01,1.000000000000000000e+00
3.000000000000000000e+00,1.847507402418136976e-02,1.137761200663270551e-04,1.662756662176323175e-01,3.000000000000000000e+00,5.773502691896257311e-01,1.000000000000000000e+00
3.000000000000000000e+00,1.879134326227497806e-02,1.177048605335490782e-04,1.691220893604747921e-01,3.000000000000000000e+00,5.773502691896257311e-01,1.000000000000000000e+00
3.000000000000000000e+00,1.911302661837610550e-02,1.217692621715845102e-04,1.720172395653849495e-01,3.000000000000000000e+00,5.773502691896257311e-01,1.000000000000000000e+00
3.000000000000000000e+00,1.944021677514325835e-02,1.259740094215204456e-04,1.749619509762893321e-01,3.000000000000000000e+00,5.773502691896257311e-01,1.000000000000000000e+00
3.000000000000000000e+00,1.977300800184155632e-02,1.303239484802967230e-04,1.779570720165740139e-01,3.000000000000000000e+00,5.773502691896257311e-01,1.000000000000000000e+00
3.000000000000000000e+00,2.011149618150331886e-02,1.348240928862075099e-04,1.810034656335298697e-01,3.000000000000000000e+00,5.773502691896257311e-01,1.000000000000000000e+00
3.000000000000000000e+00,2.045577883855363363e-02,1.394796292972728718e-04,1.841020095469826923e-01,3.000000000000000000e+00,5.773502691896257311e-01,1.000000000000000000e+00
3.000000000000000000e+00,2.080595516690897373e-02,1.442959234691420709e-04,1.872535965021807636e-01,3.000000000000000000e+00,5.773502691896257311e-01,1.000000000000000000e+00
3.000000000000000000e+00,2.116212605855657611e-02,1.492785264394130883e-04,1.904591345270091884e-01,3.000000000000000000e+00,5.773502691896257311e-01,1.000000000000000000e+00
3.000000000000000000e+00,2.152439413262331389e-02,1.544331809255029765e-04,1.937195471936098146e-01,3.000000000000000000e+00,5.773502691896257311e-01,1.000000000000000000e+00
3.000000000000000000e+00,2.189286376494205266e-02,1.597658279434375768e-04,1.970357738844784601e-01,3.000000000000000000e+00,5.773502691896257311e-01,1.000000000000000000e+00
3.000000000000000000e+00,2.226764111812410546e-02,1.652826136551904584e-04,2.004087700631169422e-01,3.000000000000000000e+00,5.773502691896257311e-01,1.000000000000000000e+00
3.000000000000000000e+00,2.264883417214670278e-02,1.709898964524667281e-04,2.038395075493203146e-01,3.000000000000000000e+00,5.773502691896257311e-01,1.000000000000000000e+00
3.000000000000000000e+00,2.303655275546375933e-02,1.768942542850883242e-04,2.073289747991738374e-01,3.000000000000000000e+00,5.773502691896257311e-01,1.000000000000000000e+00
3.000000000000000000e+00,2.343090857664952009e-02,1.830024922424360013e-04,2.108781771898456947e-01,3.000000000000000000e+00,5.773502691896257311e-01,1.000000000000000000e+00
3.000000000000000000e+00,2.383201525658373496e-02,1.893216503966799798e-04,2.144881373092536181e-01,3.000000000000000000e+00,5.773502691896257311e-01,1.000000000000000000e+00
3.000000000000000000e+00,2.423998836118777811e-02,1.958590119168396359e-04,2.181598952506900169e-01,3.000000000000000000e+00,5.773502691896257311e-01,1.000000000000000000e+00
3.000000000000000000e+00,2.465494543472138492e-02,2.026221114630296282e-04,2.218945089124924608e-01,3.000000000000000000e+00,5.773502691896257311e-01,1.000000000000000000e+00
3.000000000000000000e+00,2.507700603364904773e-02,2.096187438705569058e-04,2.256930543028414227e-01,3.000000000000000000e+00,5.773502691896257311e-01,1.000000000000000000e+00
3.000000000000000000e+00,2.550629176108647547e-02,2.168569731338892785e-04,2.295566258497782897e-01,3.000000000000000000e+00,5.773502691896257311e-01,1.000000000000000000e+00
3.000000000000000000e+00,2.594292630183656773e-02,2.243451417008411998e-04,2.334863367165291026e-01,3.000000000000000000e+00,5.773502691896257311e-01,1.000000000000000000e+00
3.000000000000000000e+00,2.638703545802512096e-02,2.320918800876916590e-04,2.374833191222260886e-01,3.000000000000000000e+00,5.773502691896257311e-01,1.000000000000000000e+00
3.000000000000000000e+00,2.683874718534680695e-02,2.401061168263203679e-04,2.415487246681212730e-01,3.000000000000000000e+00,5.773502691896257311e-01,1.000000000000000000e+00
3.000000000000000000e+00,2.729819162993125936e-02,2.483970887548163494e-04,2.456837246693813204e-01,3.000000000000000000e+00,5.773502691896257311e-01,1.000000000000000000e+00
3.000000000000000000e+00,2.776550116584064129e-02,2.569743516634326774e-04,2.498895104925657751e-01,3.000000000000000000e+00,5.773502691896257311e-01,1.000000000000000000e+00
3.000000000000000000e+00,2.824081043320889745e-02,2.658477913081468201e-04,2.541672938988800978e-01,3.000000000000000000e+00,5.773502691896257311e-01,1.000000000000000000e+00
3.000000000000000000e+00,2.872425637703387991e-02,2.750276348045238421e-04,2.585183073933049469e-01,3.000000000000000000e+00,5.773502691896257311e-01,1.000000000000000000e+00
3.000000000000000000e+00,2.921597828663379665e-02,2.845244624150191737e-04,2.629438045797041767e-01,3.000000000000000000e+00,5.773502691896257311e-01,1.000000000000000000e+00
3.000000000000000000e+00,2.971611783577872076e-02,2.943492197432954018e-04,2.674450605220085042e-01,3.000000000000000000e+00,5.773502691896257311e-01,1.000000000000000000e+00
3.000000000000000000e+00,3.022481912350945266e-02,3.045132303496209049e-04,2.720233721115850600e-01,3.000000000000000000e+00,5.773502691896257311e-01,1.000000000000000000e+00
3.000000000000000000e+00,3.074222871565496229e-02,3.150282088018802116e-04,2.766800584408946606e-01,3.000000000000000000e+00,5.773502691896257311e-01,1.000000000000000000e+00
3.000000000000000000e+00,3.126849568706053378e-02,3.259062741772410167e-04,2.814164611835447971e-01,3.000000000000000000e+00,5.773502691896257311e-01,1.000000000000000000e+00
3.000000000000000000e+00,3.180377166453896010e-02,3.371599640300437426e-04,2.862339449808506409e-01,3.000000000000000000e+00,5.773502691896257311e-01,1.000000000000000000e+00
3.000000000000000000e+00,3.234821087055684413e-02,3.488022488420039675e-04,2.911338978350115902e-01,3.000000000000000000e+00,5.773502691896257311e-01,1.000000000000000000e+00
3.000000000000000000e+00,3.290197016766881893e-02,3.608465469713896295e-04,2.961177315090193773e-01,3.000000000000000000e+00,5.773502691896257311e-01,1.000000000000000000e+00
3.000000000000000000e+00,3.346520910371247187e-02,3.733067401184000586e-04,3.011868819334122538e-01,3.000000000000000000e+00,5.773502691896257311e-01,1.000000000000000000e+00
3.000000000000000000e+00,3.403808995777678897e-02,3.861971893245683542e-04,3.063428096199911077e-01,3.000000000000000000e+00,5.773502691896257311e-01,1.000000000000000000e+00
3.000000000000000000e+00,3.462077778695774738e-02,3.995327515246356771e-04,3.115870000826197472e-01,3.000000000000000000e+00,5.773502691896257311e-01,1.000000000000000000e+00
3.000000000000000000e+00,3.521344047391414961e-02,4.133287966699651021e-04,3.169209642652273673e-01,3.000000000000000000e+00,5.773502691896257311e-01,1.000000000000000000e+00
3.000000000000000000e+00,3.581624877523745948e-02,4.276012254432329305e-04,3.223462389771371561e-01,3.000000000000000000e+00,5.773502691896257311e-01,1.000000000000000000e+00
3.000000000000000000e+00,3.642937637065004480e-02,4.423664875848252434e-04,3.278643873358503824e-01,3.000000000000000000e+00,5.773502691896257311e-01,1.000000000000000000e+00
3.000000000000000000e+00,3.705299991304510099e-02,4.576416008520401107e-04,3.334769992174059228e-01,3.000000000000000000e+00,5.773502691896257311e-01,1.000000000000000000e+00
3.000000000000000000e+00,3.768729907938365292e-02,4.734441706329706461e-04,3.391856917144528971e-01,3.000000000000000000e+00,5.773502691896257311e-01,1.000000000000000000e+00
3.000000000000000000e+00,3.833245662246263091e-02,4.897924102376596681e-04,3.449921096021636990e-01,3.000000000000000000e+00,5.773502691896257311e-01,1.000000000000000000e+00
3.000000000000000000e+00,3.898865842356905032e-02,5.067051618899139987e-04,3.508979258121214251e-01,3.000000000000000000e+00,5.773502691896257311e-01,1.000000000000000000e+00
3.000000000000000000e+00,3.965609354603595593e-02,5.242019184439848916e-04,3.569048419143235895e-01,3.000000000000000000e+00,5.773502691896257311e-01,1.000000000000000000e+00
3.000000000000000000e+00,4.033495428971459185e-02,5.423028458511218236e-04,3.630145886074312989e-01,3.000000000000000000e+00,5.773502691896257311e-01,1.000000000000000000e+00
3.000000000000000000e+00,4.102543624637965819e-02,5.610288064019205902e-04,3.692289262174169306e-01,3.000000000000000000e+00,5.773502691896257311e-01,1.000000000000000000e+00
3.000000000000000000e+00,4.172773835608261511e-02,5.804013827712294548e-04,3.755496452047435429e-01,3.000000000000000000e+00,5.773502691896257311e-01,1.000000000000000000e+00
3.000000000000000000e+00,4.244206296446978444e-02,6.004429028933392721e-04,3.819785666802280599e-01,3.000000000000000000e+00,5.773502691896257311e-01,1.000000000000000000e+00
3.000000000000000000e+00,4.316861588108193010e-02,6.211764656961329999e-04,3.885175429297373917e-01,3.000000000000000000e+00,5.773502691896257311e-01,1.000000000000000000e+00
3.000000000000000000e+00,4.390760643865131846e-02,6.426259677238315912e-04,3.951684579478618731e-01,3.000000000000000000e+00,5.773502691896257311e-01,1.000000000000000000e+00
3.000000000000000000e+00,4.465924755341441066e-02,6.648161306790504113e-04,4.019332279807297237e-01,3.000000000000000000e+00,5.773502691896257311e-01,1.000000000000000000e+00
3.000000000000000000e+00,4.542375578645671541e-02,6.877725299158865763e-04,4.088138020781104665e-01,3.000000000000000000e+00,5.773502691896257311e-01,1.000000000000000000e+00
3.000000000000000000e+00,4.620135140610777402e-02,7.115216239168856106e-04,4.158121626549699523e-01,3.000000000000000000e+00,5.773502691896257311e-01,1.000000000000000000e+00
3.000000000000000000e+00,4.699225845140458935e-02,7.360907847878687049e-04,4.229303260626413041e-01,3.000000000000000000e+00,5.773502691896257311e-01,1.000000000000000000e+00
3.000000000000000000e+00,4.779670479664094307e-02,7.615083298057463397e-04,4.301703431697684876e-01,3.000000000000000000e+00,5.773502691896257311e-01,1.000000000000000000e+00
3.000000000000000000e+00,4.861492221702221755e-02,7.878035540557068103e-04,4.375342999531999788e-01,3.000000000000000000e+00,5.773502691896257311e-01,1.000000000000000000e+00
3.000000000000000000e+00,4.944714645544388137e-02,8.150067641953720856e-04,4.450243180989949532e-01,3.000000000000000000e+00,5.773502691896257311e-01,1.000000000000000000e+00
3.000000000000000000e+00,5.029361729041307433e-02,8.431493133848455947e-04,4.526425556137176898e-01,3.000000000000000000e+00,5.773502691896257311e-01,1.000000000000000000e+00
3.000000000000000000e+00,5.115457860513318578e-02,8.722636374229167161e-04,4.603912074461986581e-01,3.000000000000000000e+00,5.773502691896257311e-01,1.000000000000000000e+00
3.000000000000000000e+00,5.203027845777082744e-02,9.023832921310569579e-04,4.682725061199374261e-01,3.000000000000000000e+00,5.773502691896257311e-01,1.000000000000000000e+00
3.000000000000000000e+00,5.292096915292578835e-02,9.335429920283075779e-04,4.762887223763320743e-01,3.000000000000000000e+00,5.773502691896257311e-01,1.000000000000000000e+00
3.000000000000000000e+00,5.382690731432449027e-02,9.657786503416265073e-04,4.844421658289204125e-01,3.000000000000000000e+00,5.773502691896257311e-01,1.000000000000000000e+00
3.000000000000000000e+00,5.474835395875768396e-02,9.991274203978060212e-04,4.927351856288191279e-01,3.000000000000000000e+00,5.773502691896257311e-01,1.000000000000000000e+00
3.000000000000000000e+00,5.568557457128418126e-02,1.033627738444683726e-03,5.011701711415575966e-01,3.000000000000000000e+00,5.773502691896257311e-01,1.000000000000000000e+00
3.000000000000000000e+00,5.663883918172166188e-02,1.069319367950976327e-03,5.097495526354949291e-01,3.000000000000000000e+00,5.773502691896257311e-01,1.000000000000000000e+00
3.000000000000000000e+00,5.760842244244710614e-02,1.106243445435814562e-03,5.184758019820239205e-01,3.000000000000000000e+00,5.773502691896257311e-01,1.000000000000000000e+00
3.000000000000000000e+00,5.859460370752896108e-02,1.144442527880788849e-03,5.273514333677606913e-01,3.000000000000000000e+00,5.773502691896257311e-01,1.000000000000000000e+00
3.000000000000000000e+00,5.959766711321392435e-02,1.183960641779153436e-03,5.363790040189253538e-01,3.000000000000000000e+00,5.773502691896257311e-01,1.000000000000000000e+00
3.000000000000000000e+00,6.061790165979176470e-02,1.224843333878728466e-03,5.455611149381258684e-01,3.000000000000000000e+00,5.773502691896257311e-01,1.000000000000000000e+00
3.000000000000000000e+00,6.165560129486130636e-02,1.267137723676967738e-03,5.549004116537517017e-01,3.000000000000000000e+00,5.773502691896257311e-01,1.000000000000000000e+00
3.000000000000000000e+00,6.271106499802193979e-02,1.310892557728710788e-03,5.643995849821974442e-01,3.000000000000000000e+00,5.773502691896257311e-01,1.000000000000000000e+00
3.000000000000000000e+00,6.378459686701495879e-02,1.356158265829204889e-03,5.740613718031346568e-01,3.000000000000000000e+00,5.773502691896257311e-01,1.000000000000000000e+00
3.000000000000000000e+00,6.487650620533939871e-02,1.402987019137147233e-03,5.838885558480545468e-01,3.000000000000000000e+00,5.773502691896257311e-01,1.000000000000000000e+00
3.000000000000000000e+00,6.598710761136797331e-02,1.451432790304752309e-03,5.938839685023117321e-01,3.000000000000000000e+00,5.773502691896257311e-01,1.000000000000000000e+00
3.000000000000000000e+00,6.711672106898838863e-02,1.501551415684129970e-03,6.040504896208954699e-01,3.000000000000000000e+00,5.773502691896257311e-01,1.000000000000000000e+00
3.000000000000000000e+00,6.826567203979624909e-02,1.553400659681673139e-03,6.143910483581662696e-01,3.000000000000000000e+00,5.773502691896257311e-01,1.000000000000000000e+00
3.000000000000000000e+00,6.943429155686645093e-02,1.607040281334645368e-03,6.249086240117980307e-01,3.000000000000000000e+00,5.773502691896257311e-01,1.000000000000000000e+00
3.000000000000000000e+00,7.062291632012950016e-02,1.662532103186671216e-03,6.356062468811655153e-01,3.000000000000000000e+00,5.773502691896257311e-01,1.000000000000000000e+00
3.000000000000000000e+00,7.183188879338084365e-02,1.719940082541544226e-03,6.464869991404276206e-01,3.000000000000000000e+00,5.773502691896257311e-01,1.000000000000000000e+00
3.000000000000000000e+00,7.306155730295067763e-02,1.779330385177448287e-03,6.575540157265561403e-01,3.000000000000000000e+00,5.773502691896257311e-01,1.000000000000000000e+00
3.000000000000000000e+00,7.431227613806296040e-02,1.840771461606573872e-03,6.688104852425666991e-01,3.000000000000000000e+00,5.773502691896257311e-01,1.000000000000000000e+00
3.000000000000000000e+00,7.558440565291228708e-02,1.904334125967999634e-03,6.802596508762105421e-01,3.000000000000000000e+00,5.773502691896257311e-01,1.000000000000000000e+00
3.000000000000000000e+00,7.687831237048843580e-02,1.970091637644798277e-03,6.919048113343959638e-01,3.000000000000000000e+00,5.773502691896257311e-01,1.000000000000000000e+00
3.000000000000000000e+00,7.819436908817806176e-02,2.038119785699405839e-03,7.037493217936026113e-01,3.000000000000000000e+00,5.773502691896257311e-01,1.000000000000000000e+00
3.000000000000000000e+00,7.953295498517418127e-02,2.108496976224580842e-03,7.157965948665676592e-01,3.000000000000000000e+00,5.773502691896257311e-01,1.000000000000000000e+00
3.000000000000000000e+00,8.089445573172449055e-02,2.181304322710644460e-03,7.280501015855204150e-01,3.000000000000000000e+00,5.773502691896257311e-01,1.000000000000000000e+00
3.000000000000000000e+00,8.227926360024957753e-02,2.256625739533118288e-03,7.405133724022462394e-01,3.000000000000000000e+00,5.773502691896257311e-01,1.000000000000000000e+00
3.000000000000000000e+00,8.368777757836379227e-02,2.334548038668563235e-03,7.531899982052741027e-01,3.000000000000000000e+00,5.773502691896257311e-01,1.000000000000000000e+00
3.000000000000000000e+00,8.512040348383045907e-02,2.415161029750032169e-03,7.660836313544741039e-01,3.000000000000000000e+00,5.773502691896257311e-01,1.000000000000000000e+00
3.000000000000000000e+00,8.657755408148522236e-02,2.498557623577499307e-03,7.791979867333670429e-01,3.000000000000000000e+00,5.773502691896257311e-01,1.000000000000000000e+00
3.000000000000000000e+00,8.805964920216086123e-02,2.584833939202543351e-03,7.925368428194476955e-01,3.000000000000000000e+00,5.773502691896257311e-01,1.000000000000000000e+00
3.000000000000000000e+00,8.956711586364786426e-02,2.674089414710707335e-03,8.061040427728307645e-01,3.000000000000000000e+00,5.773502691896257311e-01,1.000000000000000000e+00
3.000000000000000000e+00,9.110038839372602837e-02,2.766426921829243796e-03,8.199034955435342553e-01,3.000000000000000000e+00,5.773502691896257311e-01,1.000000000000000000e+00
3.000000000000000000e+00,9.265990855530180370e-02,2.861952884492297618e-03,8.339391769977162472e-01,3.000000000000000000e+00,5.773502691896257311e-01,1.000000000000000000e+00
3.000000000000000000e+00,9.424612567368800820e-02,2.960777401500197612e-03,8.482151310631920182e-01,3.000000000000000000e+00,5.773502691896257311e-01,1.000000000000000000e+00
3.000000000000000000e+00,9.585949676606249359e-02,3.063014373414248495e-03,8.627354708945624839e-01,3.000000000000000000e+00,5.773502691896257311e-01,1.000000000000000000e+00
3.000000000000000000e+00,9.750048667314259454e-02,3.168781633833218838e-03,8.775043800582833509e-01,3.000000000000000000e+00,5.773502691896257311e-01,1.000000000000000000e+00
3.000000000000000000e+00,9.916956819311432969e-02,3.278201085202917756e-03,8.925261137380289256e-01,3.000000000000000000e+00,5.773502691896257311e-01,1.000000000000000000e+00
3.000000000000000000e+00,1.008672222178536720e-01,3.391398839315291208e-03,9.078049999606830900e-01,3.000000000000000000e+00,5.773502691896257311e-01,1.000000000000000000e+00
3.000000000000000000e+00,1.025939378714800648e-01,3.508505362659037220e-03,9.233454408433205973e-01,3.000000000000000000e+00,5.773502691896257311e-01,1.000000000000000000e+00
3.000000000000000000e+00,1.043502126512815958e-01,3.629655626789230188e-03,9.391519138615344042e-01,3.000000000000000000e+00,5.773502691896257311e-01,1.000000000000000000e+00
3.000000000000000000e+00,1.061365525710530056e-01,3.754989263889299544e-03,9.552289731394770778e-01,3.000000000000000000e+00,5.773502691896257311e-01,1.000000000000000000e+00
3.000000000000000000e+00,1.079534723068870106e-01,3.884650727704606985e-03,9.715812507619830951e-01,3.000000000000000000e+00,5.773502691896257311e-01,1.000000000000000000e+00
3.000000000000000000e+00,1.098014953454616444e-01,4.018789460033145300e-03,9.882134581091548409e-01,3.000000000000000000e+00,5.773502691896257311e-01,1.000000000000000000e+00
3.000000000000000000e+00,1.116811541348660258e-01,4.157560062965233970e-03,1.005130387213794219e+00,3.000000000000000000e+00,5.773502691896257311e-01,0.000000000000000000e+00
3.000000000000000000e+00,1.135929902380079376e-01,4.301122477070722441e-03,1.022336912142071341e+00,3.000000000000000000e+00,5.773502691896257311e-01,0.000000000000000000e+00
3.000000000000000000e+00,1.155375544886478728e-01,4.449642165739091902e-03,1.039837990397830758e+00,3.000000000000000000e+00,5.773502691896257311e-01,0.000000000000000000e+00
3.000000000000000000e+00,1.175154071501038622e-01,4.603290305884894136e-03,1.057638664350934787e+00,3.000000000000000000e+00,5.773502691896257311e-01,0.000000000000000000e+00
3.000000000000000000e+00,1.195271180766732388e-01,4.762243985238328627e-03,1.075744062690059177e+00,3.000000000000000000e+00,5.773502691896257311e-01,0.000000000000000000e+00
3.000000000000000000e+00,1.215732668778177900e-01,4.926686406448369318e-03,1.094159401900360207e+00,3.000000000000000000e+00,5.773502691896257311e-01,0.000000000000000000e+00
3.000000000000000000e+00,1.236544430851592574e-01,5.096807098233630505e-03,1.112889987766433331e+00,3.000000000000000000e+00,5.773502691896257311e-01,0.000000000000000000e+00
3.000000000000000000e+00,1.257712463223341626e-01,5.272802133824417738e-03,1.131941216901007463e+00,3.000000000000000000e+00,5.773502691896257311e-01,0.000000000000000000e+00
3.000000000000000000e+00,1.279242864777557220e-01,5.454874356947639162e-03,1.151318578299801443e+00,3.000000000000000000e+00,5.773502691896257311e-01,0.000000000000000000e+00
3.000000000000000000e+00,1.301141838803335782e-01,5.643233615615086789e-03,1.171027654923002093e+00,3.000000000000000000e+00,5.773502691896257311e-01,0.000000000000000000e+00
3.000000000000000000e+00,1.323415694782015539e-01,5.838097003984549227e-03,1.191074125303813958e+00,3.000000000000000000e+00,5.773502691896257311e-01,0.000000000000000000e+00
3.000000000000000000e+00,1.346070850205046687e-01,6.039689112572458295e-03,1.211463765184542130e+00,3.000000000000000000e+00,5.773502691896257311e-01,0.000000000000000000e+00
3.000000000000000000e+00,1.369113832422988175e-01,6.248242287106541004e-03,1.232202449180689330e+00,3.000000000000000000e+00,5.773502691896257311e-01,0.000000000000000000e+00
3.000000000000000000e+00,1.392551280526151125e-01,6.463996896316743547e-03,1.253296152473535985e+00,3.000000000000000000e+00,5.773502691896257311e-01,0.000000000000000000e+00
3.000000000000000000e+00,1.416389947257437054e-01,6.687201608973084022e-03,1.274750952531693349e+00,3.000000000000000000e+00,5.773502691896257311e-01,0.000000000000000000e+00
3.000000000000000000e+00,1.440636700957922400e-01,6.918113680489754863e-03,1.296573030862130160e+00,3.000000000000000000e+00,5.773502691896257311e-01,0.000000000000000000e+00
3.000000000000000000e+00,1.465298527545750851e-01,7.156999249425818367e-03,1.318768674791175766e+00,3.000000000000000000e+00,5.773502691896257311e-01,0.000000000000000000e+00
3.000000000000000000e+00,1.490382532528898296e-01,7.404133644224175116e-03,1.341344279276008411e+00,3.000000000000000000e+00,5.773502691896257311e-01,0.000000000000000000e+00
3.000000000000000000e+00,1.515895943052395500e-01,7.659801700542371444e-03,1.364306348747156061e+00,3.000000000000000000e+00,5.773502691896257311e-01,0.000000000000000000e+00
3.000000000000000000e+00,1.541846109980597179e-01,7.924298089540999374e-03,1.387661498982537545e+00,3.000000000000000000e+00,5.773502691896257311e-01,0.000000000000000000e+00
3.000000000000000000e+00,1.568240510015092570e-01,8.197927657507991447e-03,1.411416459013583369e+00,3.000000000000000000e+00,5.773502691896257311e-01,0.000000000000000000e+00
3.000000000000000000e+00,1.595086747848880604e-01,8.481005777210394794e-03,1.435578073063992655e+00,3.000000000000000000e+00,5.773502691896257311e-01,0.000000000000000000e+00
3.000000000000000000e+00,1.622392558357411418e-01,8.773858711378356226e-03,1.460153302521670193e+00,3.000000000000000000e+00,5.773502691896257311e-01,0.000000000000000000e+00
3.000000000000000000e+00,1.650165808827144254e-01,9.076823988740477869e-03,1.485149227944429828e+00,3.000000000000000000e+00,5.773502691896257311e-01,0.000000000000000000e+00
3.000000000000000000e+00,1.678414501222249555e-01,9.390250793043775773e-03,1.510573051100024600e+00,3.000000000000000000e+00,5.773502691896257311e-01,0.000000000000000000e+00
3.000000000000000000e+00,1.707146774490115315e-01,9.714500365506683124e-03,1.536432097041103839e+00,3.000000000000000000e+00,5.773502691896257311e-01,0.000000000000000000e+00
3.000000000000000000e+00,1.736370906906325173e-01,1.004994642116898047e-02,1.562733816215692739e+00,3.000000000000000000e+00,5.773502691896257311e-01,0.000000000000000000e+00
3.000000000000000000e+00,1.766095318459772467e-01,1.039697557961841677e-02,1.589485786613795248e+00,3.000000000000000000e+00,5.773502691896257311e-01,0.000000000000000000e+00
3.000000000000000000e+00,1.796328573278611063e-01,1.075598781059056847e-02,1.616695715950750012e+00,3.000000000000000000e+00,5.773502691896257311e-01,0.000000000000000000e+00
3.000000000000000000e+00,1.827079382097726579e-01,1.112739689495536623e-02,1.644371443887953976e+00,3.000000000000000000e+00,5.773502691896257311e-01,0.000000000000000000e+00
3.000000000000000000e+00,1.858356604768459375e-01,1.151163090162185369e-02,1.672520944291613354e+00,3.000000000000000000e+00,5.773502691896257311e-01,0.000000000000000000e+00
3.000000000000000000e+00,1.890169252811280398e-01,1.190913268091051309e-02,1.701152327530152331e+00,3.000000000000000000e+00,5.773502691896257311e-01,0.000000000000000000e+00
3.000000000000000000e+00,1.922526492012170685e-01,1.232036037496207770e-02,1.730273842810953644e+00,3.000000000000000000e+00,5.773502691896257311e-01,0.000000000000000000e+00
3.000000000000000000e+00,1.955437645063446972e-01,1.274578794577093006e-02,1.759893880557102275e+00,3.000000000000000000e+00,5.773502691896257311e-01,0.000000000000000000e+00
3.000000000000000000e+00,1.988912194249789489e-01,1.318590572145170864e-02,1.790020974824810596e+00,3.000000000000000000e+00,5.773502691896257311e-01,0.000000000000000000e+00
3.000000000000000000e+00,2.022959784180262954e-01,1.364122096136885336e-02,1.820663805762236631e+00,3.000000000000000000e+00,5.773502691896257311e-01,0.000000000000000000e+00
3.000000000000000000e+00,2.057590224567094062e-01,1.411225844078021520e-02,1.851831202110384655e+00,3.000000000000000000e+00,5.773502691896257311e-01,0.000000000000000000e+00
3.000000000000000000e+00,2.092813493052023965e-01,1.459956105566871491e-02,1.883532143746821541e+00,3.000000000000000000e+00,5.773502691896257311e-01,0.000000000000000000e+00
3.000000000000000000e+00,2.128639738081044286e-01,1.510369044845912175e-02,1.915775764272939830e+00,3.000000000000000000e+00,5.773502691896257311e-01,0.000000000000000000e+00
3.000000000000000000e+00,2.165079281828339586e-01,1.562522765534106114e-02,1.948571353645505599e+00,3.000000000000000000e+00,5.773502691896257311e-01,0.000000000000000000e+00
3.000000000000000000e+00,2.202142623170293967e-01,1.616477377594447914e-02,1.981928360853264515e+00,3.000000000000000000e+00,5.773502691896257311e-01,0.000000000000000000e+00
3.000000000000000000e+00,2.239840440710399450e-01,1.672295066613918926e-02,2.015856396639359449e+00,3.000000000000000000e+00,5.773502691896257311e-01,0.000000000000000000e+00
3.000000000000000000e+00,2.278183595855950982e-01,1.730040165475716860e-02,2.050365236270355940e+00,3.000000000000000000e+00,5.773502691896257311e-01,0.000000000000000000e+00
3.000000000000000000e+00,2.317183135947410433e-01,1.789779228506358302e-02,2.085464822352669501e+00,3.000000000000000000e+00,5.773502691896257311e-01,0.000000000000000000e+00
3.000000000000000000e+00,2.356850297441337172e-01,1.851581108183106630e-02,2.121165267697203483e+00,3.000000000000000000e+00,5.773502691896257311e-01,0.000000000000000000e+00
3.000000000000000000e+00,2.397196509147814791e-01,1.915517034490156478e-02,2.157476858233033479e+00,3.000000000000000000e+00,5.773502691896257311e-01,0.000000000000000000e+00
3.000000000000000000e+00,2.438233395523290992e-01,1.981660697015012393e-02,2.194410055970962059e+00,3.000000000000000000e+00,5.773502691896257311e-01,0.000000000000000000e+00
3.000000000000000000e+00,2.479972780019789047e-01,2.050088329879693611e-02,2.231975502017810253e+00,3.000000000000000000e+00,5.773502691896257311e-01,0.000000000000000000e+00
3.000000000000000000e+00,2.522426688491449798e-01,2.120878799604647078e-02,2.270184019642304651e+00,3.000000000000000000e+00,5.773502691896257311e-01,0.000000000000000000e+00
3.000000000000000000e+00,2.565607352659398654e-01,2.194113696006655748e-02,2.309046617393458956e+00,3.000000000000000000e+00,5.773502691896257311e-01,0.000000000000000000e+00
3.000000000000000000e+00,2.609527213635918219e-01,2.269877426235479556e-02,2.348574492272326175e+00,3.000000000000000000e+00,5.773502691896257311e-01,0.000000000000000000e+00
3.000000000000000000e+00,2.654198925508950424e-01,2.348257312057622226e-02,2.388779032958055382e+00,3.000000000000000000e+00,5.773502691896257311e-01,0.000000000000000000e+00
3.000000000000000000e+00,2.699635358987966804e-01,2.429343690499362676e-02,2.429671823089170068e+00,3.000000000000000000e+00,5.773502691896257311e-01,0.000000000000000000e+00
3.000000000000000000e+00,2.745849605112240521e-01,2.513230017965015564e-02,2.471264644601016691e+00,3.000000000000000000e+00,5.773502691896257311e-01,0.000000000000000000e+00
3.000000000000000000e+00,2.792854979022614814e-01,2.600012977950470414e-02,2.513569481120353277e+00,3.000000000000000000e+00,5.773502691896257311e-01,0.000000000000000000e+00
3.000000000000000000e+00,2.840665023797824817e-01,2.689792592476098962e-02,2.556598521418042225e+00,3.000000000000000000e+00,5.773502691896257311e-01,0.000000000000000000e+00
3.000000000000000000e+00,2.889293514356498505e-01,2.782672337367508505e-02,2.600364162920848710e+00,3.000000000000000000e+00,5.773502691896257311e-01,0.000000000000000000e+00
3.000000000000000000e+00,2.938754461425957532e-01,2.878759261516989840e-02,2.644879015283361667e+00,3.000000000000000000e+00,5.773502691896257311e-01,0.000000000000000000e+00
3.000000000000000000e+00,2.989062115578946521e-01,2.978164110263095687e-02,2.690155904021051647e+00,3.000000000000000000e+00,5.773502691896257311e-01,0.000000000000000000e+00
3.000000000000000000e+00,3.040230971339485944e-01,3.081001453030611514e-02,2.736207874205537571e+00,3.000000000000000000e+00,5.773502691896257311e-01,0.000000000000000000e+00
3.000000000000000000e+00,3.092275771358994341e-01,3.187389815377954932e-02,2.783048194223094907e+00,3.000000000000000000e+00,5.773502691896257311e-01,0.000000000000000000e+00
3.000000000000000000e+00,3.145211510663907251e-01,3.297451815604245801e-02,2.830690359597516359e+00,3.000000000000000000e+00,5.773502691896257311e-01,0.000000000000000000e+00
3.000000000000000000e+00,3.199053440976012408e-01,3.411314306073488095e-02,2.879148096878411334e+00,3.000000000000000000e+00,5.773502691896257311e-01,0.000000000000000000e+00
3.000000000000000000e+00,3.253817075106731904e-01,3.529108519418708984e-02,2.928435367596058825e+00,3.000000000000000000e+00,5.773502691896257311e-01,0.000000000000000000e+00
3.000000000000000000e+00,3.309518191426648048e-01,3.650970219794637261e-02,2.978566372283983021e+00,3.000000000000000000e+00,5.773502691896257311e-01,0.000000000000000000e+00
3.000000000000000000e+00,3.366172838411524149e-01,3.777039859353165802e-02,3.029555554570371623e+00,3.000000000000000000e+00,5.773502691896257311e-01,0.000000000000000000e+00
3.000000000000000000e+00,3.423797339266156925e-01,3.907462740122005090e-02,3.081417605339541232e+00,3.000000000000000000e+00,5.773502691896257311e-01,0.000000000000000000e+00
3.000000000000000000e+00,3.482408296627375055e-01,4.042389181473058507e-02,3.134167466964637327e+00,3.000000000000000000e+00,5.773502691896257311e-01,0.000000000000000000e+00
3.000000000000000000e+00,3.542022597347558865e-01,4.181974693373582269e-02,3.187820337612802923e+00,3.000000000000000000e+00,5.773502691896257311e-01,0.000000000000000000e+00
3.000000000000000000e+00,3.602657417360037861e-01,4.326380155619766188e-02,3.242391675624034075e+00,3.000000000000000000e+00,5.773502691896257311e-01,0.000000000000000000e+00
3.000000000000000000e+00,3.664330226627779408e-01,4.475772003259331083e-02,3.297897203965001633e+00,3.000000000000000000e+00,5.773502691896257311e-01,0.000000000000000000e+00
3.000000000000000000e+00,3.727058794176798528e-01,4.630322418416870506e-02,3.354352914759118676e+00,3.000000000000000000e+00,5.773502691896257311e-01,0.000000000000000000e+00
3.000000000000000000e+00,3.790861193215717684e-01,4.790209528742964823e-02,3.411775073894145915e+00,3.000000000000000000e+00,5.773502691896257311e-01,0.000000000000000000e+00
3.000000000000000000e+00,3.855755806342989755e-01,4.955617612715892961e-02,3.470180225708690891e+00,3.000000000000000000e+00,5.773502691896257311e-01,0.000000000000000000e+00
3.000000000000000000e+00,3.921761330843244187e-01,5.126737312032458166e-02,3.529585197758919879e+00,3.000000000000000000e+00,5.773502691896257311e-01,0.000000000000000000e+00
3.000000000000000000e+00,3.988896784074302815e-01,5.303765851332772202e-02,3.590007105666872533e+00,3.000000000000000000e+00,5.773502691896257311e-01,0.000000000000000000e+00
3.000000000000000000e+00,4.057181508946422488e-01,5.486907265512256521e-02,3.651463358051780350e+00,3.000000000000000000e+00,5.773502691896257311e-01,0.000000000000000000e+00
3.000000000000000000e+00,4.126635179495318773e-01,5.676372634882786983e-02,3.713971661545786951e+00,3.000000000000000000e+00,5.773502691896257311e-01,0.000000000000000000e+00
3.000000000000000000e+00,4.197277806550617218e-01,5.872380328454120807e-02,3.777550025895555663e+00,3.000000000000000000e+00,5.773502691896257311e-01,0.000000000000000000e+00
3.000000000000000000e+00,4.269129743501316465e-01,6.075156255615871831e-02,3.842216769151185041e+00,3.000000000000000000e+00,5.773502691896257311e-01,0.000000000000000000e+00
3.000000000000000000e+00,4.342211692159963499e-01,6.284934126510231811e-02,3.907990522943967093e+00,3.000000000000000000e+00,5.773502691896257311e-01,0.000000000000000000e+00
3.000000000000000000e+00,4.416544708727213053e-01,6.501955721395448473e-02,3.974890237854491915e+00,3.000000000000000000e+00,5.773502691896257311e-01,0.000000000000000000e+00
3.000000000000000000e+00,4.492150209858482013e-01,6.726471169310534182e-02,4.042935188872633923e+00,3.000000000000000000e+00,5.773502691896257311e-01,0.000000000000000000e+00
3.000000000000000000e+00,4.569049978834479053e-01,6.958739236362450342e-02,4.112144980951031314e+00,3.000000000000000000e+00,5.773502691896257311e-01,0.000000000000000000e+00
3.000000000000000000e+00,4.647266171837345361e-01,7.199027623967911571e-02,4.182539554653610381e+00,3.000000000000000000e+00,5.773502691896257311e-01,0.000000000000000000e+00
3.000000000000000000e+00,4.726821324334244401e-01,7.447613277393647091e-02,4.254139191900820016e+00,3.000000000000000000e+00,5.773502691896257311e-01,0.000000000000000000e+00
3.000000000000000000e+00,4.807738357570221499e-01,7.704782704950670358e-02,4.326964521813199127e+00,3.000000000000000000e+00,5.773502691896257311e-01,0.000000000000000000e+00
3.000000000000000000e+00,4.890040585172231169e-01,7.970832308210525075e-02,4.401036526655007997e+00,3.000000000000000000e+00,5.773502691896257311e-01,0.000000000000000000e+00
3.000000000000000000e+00,4.973751719866197907e-01,8.246068723623987962e-02,4.476376547879578283e+00,3.000000000000000000e+00,5.773502691896257311e-01,0.000000000000000000e+00
3.000000000000000000e+00,5.058895880309074444e-01,8.530809175936042432e-02,4.553006292278166889e+00,3.000000000000000000e+00,5.773502691896257311e-01,0.000000000000000000e+00
3.000000000000000000e+00,5.145497598037840348e-01,8.825381843804395998e-02,4.630947838234056313e+00,3.000000000000000000e+00,5.773502691896257311e-01,0.000000000000000000e+00
3.000000000000000000e+00,5.233581824537499871e-01,9.130126238043088926e-02,4.710223642083749773e+00,3.000000000000000000e+00,5.773502691896257311e-01,0.000000000000000000e+00
3.000000000000000000e+00,5.323173938430014740e-01,9.445393592926837334e-02,4.790856544587013488e+00,3.000000000000000000e+00,5.773502691896257311e-01,0.000000000000000000e+00
3.000000000000000000e+00,5.414299752786342346e-01,9.771547271007414992e-02,4.872869777507707667e+00,3.000000000000000000e+00,5.773502691896257311e-01,0.000000000000000000e+00
3.000000000000000000e+00,5.506985522563662139e-01,1.010896318190859094e-01,4.956286970307296258e+00,3.000000000000000000e+00,5.773502691896257311e-01,0.000000000000000000e+00
3.000000000000000000e+00,5.601257952169846899e-01,1.045803021558198154e-01,5.041132156952862431e+00,3.000000000000000000e+00,5.773502691896257311e-01,0.000000000000000000e+00
3.000000000000000000e+00,5.697144203157524789e-01,1.081915069052379469e-01,5.127429782841772088e+00,3.000000000000000000e+00,5.773502691896257311e-01,0.000000000000000000e+00
3.000000000000000000e+00,5.794671902049759460e-01,1.119274081746832600e-01,5.215204711844783958e+00,3.000000000000000000e+00,5.773502691896257311e-01,0.000000000000000000e+00
3.000000000000000000e+00,5.893869148299758498e-01,1.157923117909323979e-01,5.304482233469782315e+00,3.000000000000000000e+00,5.773502691896257311e-01,0.000000000000000000e+00
3.000000000000000000e+00,5.994764522386837324e-01,1.197906722628929582e-01,5.395288070148153814e+00,3.000000000000000000e+00,5.773502691896257311e-01,0.000000000000000000e+00
3.000000000000000000e+00,6.097387094050923384e-01,1.239270979156625457e-01,5.487648384645830824e+00,3.000000000000000000e+00,5.773502691896257311e-01,0.000000000000000000e+00
3.000000000000000000e+00,6.201766430668103069e-01,1.282063562018726233e-01,5.581589787601292763e+00,3.000000000000000000e+00,5.773502691896257311e-01,0.000000000000000000e+00
3.000000000000000000e+00,6.307932605769471790e-01,1.326333791964321163e-01,5.677139345192524722e+00,3.000000000000000000e+00,5.773502691896257311e-01,0.000000000000000000e+00
3.000000000000000000e+00,6.415916207705859575e-01,1.372132692810091315e-01,5.774324586935273729e+00,3.000000000000000000e+00,5.773502691896257311e-01,0.000000000000000000e+00
3.000000000000000000e+00,6.525748348460898018e-01,1.419513050248004671e-01,5.873173513614807995e+00,3.000000000000000000e+00,5.773502691896257311e-01,0.000000000000000000e+00
3.000000000000000000e+00,6.637460672614886592e-01,1.468529472683642034e-01,5.973714605353397822e+00,3.000000000000000000e+00,5.773502691896257311e-01,0.000000000000000000e+00
3.000000000000000000e+00,6.751085366462211690e-01,1.519238454175340369e-01,6.075976829815990854e+00,3.000000000000000000e+00,5.773502691896257311e-01,0.000000000000000000e+00
3.000000000000000000e+00,6.866655167284734240e-01,1.571698439546604653e-01,6.179989650556260372e+00,3.000000000000000000e+00,5.773502691896257311e-01,0.000000000000000000e+00
3.000000000000000000e+00,6.984203372784000274e-01,1.625969891746913421e-01,6.285783035505600580e+00,3.000000000000000000e+00,5.773502691896257311e-01,0.000000000000000000e+00
3.000000000000000000e+00,7.103763850674922331e-01,1.682115361538526754e-01,6.393387465607430542e+00,3.000000000000000000e+00,5.773502691896257311e-01,0.000000000000000000e+00
3.000000000000000000e+00,7.225371048443612887e-01,1.740199559589571676e-01,6.502833943599251931e+00,3.000000000000000000e+00,5.773502691896257311e-01,0.000000000000000000e+00
3.000000000000000000e+00,7.349060003272371855e-01,1.800289431056590617e-01,6.614154002945134891e+00,3.000000000000000000e+00,5.773502691896257311e-01,0.000000000000000000e+00
3.000000000000000000e+00,7.474866352134470482e-01,1.862454232742402904e-01,6.727379716921022990e+00,3.000000000000000000e+00,5.773502691896257311e-01,0.000000000000000000e+00
3.000000000000000000e+00,7.602826342061806963e-01,1.926765612918297232e-01,6.842543707855626600e+00,3.000000000000000000e+00,5.773502691896257311e-01,0.000000000000000000e+00
3.000000000000000000e+00,7.732976840588350331e-01,1.993297693902525980e-01,6.959679156529515076e+00,3.000000000000000000e+00,5.773502691896257311e-01,0.000000000000000000e+00
3.000000000000000000e+00,7.865355346372264744e-01,2.062127157490225571e-01,7.078819811735038492e+00,3.000000000000000000e+00,5.773502691896257311e-01,0.000000000000000000e+00
3.000000000000000000e+00,8.000000000000000444e-01,2.133333333333333748e-01,7.200000000000000178e+00,3.000000000000000000e+00,5.773502691896257311e-01,0.000000000000000000e+00
4.000000000000000000e+00,5.000000000000000104e-03,6.250000000000000300e-06,8.000000000000000167e-02,4.000000000000000000e+00,5.000000000000000000e-01,1.000000000000000000e+00
4.000000000000000000e+00,5.085593496859515568e-03,6.465815303824949236e-06,8.136949594975224909e-02,4.000000000000000000e+00,5.000000000000000000e-01,1.000000000000000000e+00
4.000000000000000000e+00,5.172652243059954781e-03,6.689082806908295169e-06,8.276243588895927650e-02,4.000000000000000000e+00,5.000000000000000000e-01,1.000000000000000000e+00
4.000000000000000000e+00,5.261201321764298437e-03,6.920059837033600029e-06,8.417922114822877500e-02,4.000000000000000000e+00,5.000000000000000000e-01,1.000000000000000000e+00
4.000000000000000000e+00,5.351266245526636704e-03,7.159012607628186819e-06,8.562025992842618727e-02,4.000000000000000000e+00,5.000000000000000000e-01,1.000000000000000000e+00
4.000000000000000000e+00,5.442872963642820562e-03,7.406216524588495342e-06,8.708596741828512899e-02,4.000000000000000000e+00,5.000000000000000000e-01,1.000000000000000000e+00
4.000000000000000000e+00,5.536047869626881460e-03,7.661956503700083690e-06,8.857676591403010335e-02,4.000000000000000000e+00,5.000000000000000000e-01,1.000000000000000000e+00
4.000000000000000000e+00,5.630817808815483973e-03,7.926527299018402078e-06,9.009308494104774356e-02,4.000000000000000000e+00,5.000000000000000000e-01,1.000000000000000000e+00
4.000000000000000000e+00,5.727210086102555581e-03,8.200233842588711201e-06,9.163536137764088929e-02,4.000000000000000000e+00,5.000000000000000000e-01,1.000000000000000000e+00
4.000000000000000000e+00,5.825252473806271508e-03,8.483391595896520914e-06,9.320403958090034413e-02,4.000000000000000000e+00,5.000000000000000000e-01,1.000000000000000000e+00
4.000000000000000000e+00,5.924973219670796355e-03,8.776326913454030675e-06,9.479957151473274168e-02,4.000000000000000000e+00,5.000000000000000000e-01,1.000000000000000000e+00
4.000000000000000000e+00,6.026401055004918829e-03,9.079377418941100066e-06,9.642241688007870126e-02,4.000000000000000000e+00,5.000000000000000000e-01,1.000000000000000000e+00
4.000000000000000000e+00,6.129565202960061965e-03,9.392892394334707225e-06,9.807304324736099144e-02,4.000000000000000000e+00,5.000000000000000000e-01,1.000000000000000000e+00
4.000000000000000000e+00,6.234495386950014185e-03,9.717233182475251753e-06,9.975192619120022697e-02,4.000000000000000000e+00,5.000000000000000000e-01,1.000000000000000000e+00
4.000000000000000000e+00,6.341221839214723072e-03,1.005277360353343910e-05,1.014595494274355691e-01,4.000000000000000000e+00,5.000000000000000000e-01,1.000000000000000000e+00
4.000000000000000000e+00,6.449775309530786892e-03,1.039990038585823937e-05,1.031964049524925903e-01,4.000000000000000000e+00,5.000000000000000000e-01,1.000000000000000000e+00
4.000000000000000000e+00,6.560187074070968419e-03,1.075901361170195331e-05,1.049629931851354947e-01,4.000000000000000000e+00,5.000000000000000000e-01,1.000000000000000000e+00
4.000000000000000000e+00,6.672488944415428530e-03,1.113052717833652926e-05,1.067598231106468565e-01,4.000000000000000000e+00,5.000000000000000000e-01,1.000000000000000000e+00
4.000000000000000000e+00,6.786713276717224429e-03,1.151486927509246138e-05,1.085874124274755909e-01,4.000000000000000000e+00,5.000000000000000000e-01,1.000000000000000000e+00
4.000000000000000000e+00,6.902892981024643347e-03,1.191248287686982238e-05,1.104462876963942936e-01,4.000000000000000000e+00,5.000000000000000000e-01,1.000000000000000000e+00
4.000000000000000000e+00,7.021061530763225353e-03,1.232382625469081150e-05,1.123369844922116056e-01,4.000000000000000000e+00,5.000000000000000000e-01,1.000000000000000000e+00
4.000000000000000000e+00,7.141252972379995810e-03,1.274937350388153131e-05,1.142600475580799330e-01,4.000000000000000000e+00,5.000000000000000000e-01,1.000000000000000000e+00
4.000000000000000000e+00,7.263501935152872138e-03,1.318961509049237961e-05,1.162160309624459542e-01,4.000000000000000000e+00,5.000000000000000000e-01,1.000000000000000000e+00
4.000000000000000000e+00,7.387843641167991804e-03,1.364505841658658297e-05,1.182054982586878689e-01,4.000000000000000000e+00,5.000000000000000000e-01,1.000000000000000000e+00
4.000000000000000000e+00,7.514313915467765725e-03,1.411622840504812679e-05,1.202290226474842516e-01,4.000000000000000000e+00,5.000000000000000000e-01,1.000000000000000000e+00
4.000000000000000000e+00,7.642949196372768317e-03,1.460366810458378608e-05,1.222871871419642931e-01,4.000000000000000000e+00,5.000000000000000000e-01,1.000000000000000000e+00
4.000000000000000000e+00,7.773786545980202432e-03,1.510793931561570085e-05,1.243805847356832389e-01,4.000000000000000000e+00,5.000000000000000000e-01,1.000000000000000000e+00
4.000000000000000000e+00,7.906863660842176206e-03,1.562962323778663415e-05,1.265098185734748193e-01,4.000000000000000000e+00,5.000000000000000000e-01,1.000000000000000000e+00
4.000000000000000000e+00,8.042218882826759896e-03,1.616932113982382345e-05,1.286755021252281583e-01,4.000000000000000000e+00,5.000000000000000000e-01,1.000000000000000000e+00
4.000000000000000000e+00,8.179891210164914883e-03,1.672765505253330799e-05,1.308782593626386381e-01,4.000000000000000000e+00,5.000000000000000000e-01,1.000000000000000000e+00
4.000000000000000000e+00,8.319920308686593394e-03,1.730526848572390576e-05,1.331187249389854943e-01,4.000000000000000000e+00,5.000000000000000000e-01,1.000000000000000000e+00
4.000000000000000000e+00,8.462346523249191302e-03,1.790282716988691943e-05,1.353975443719870608e-01,4.000000000000000000e+00,5.000000000000000000e-01,1.000000000000000000e+00
4.000000000000000000e+00,8.607210889361555442e-03,1.852101982348603408e-05,1.377153742297848871e-01,4.000000000000000000e+00,5.000000000000000000e-01,1.000000000000000000e+00
4.000000000000000000e+00,8.754555145007107686e-03,1.916055894674260557e-05,1.400728823201137230e-01,4.000000000000000000e+00,5.000000000000000000e-01,1.000000000000000000e+00
4.000000000000000000e+00,8.904421742669234308e-03,1.982218164283015225e-05,1.424707478827077489e-01,4.000000000000000000e+00,5.000000000000000000e-01,1.000000000000000000e+00
4.000000000000000000e+00,9.056853861562618249e-03,2.050665046742542621e-05,1.449096617850018920e-01,4.000000000000000000e+00,5.000000000000000000e-01,1.000000000000000000e+00
4.000000000000000000e+00,9.211895420073969859e-03,2.121475430759494588e-05,1.473903267211835177e-01,4.000000000000000000e+00,5.000000000000000000e-01,1.000000000000000000e+00
4.000000000000000000e+00,9.369591088415618607e-03,2.194730929102934361e-05,1.499134574146498977e-01,4.000000000000000000e+00,5.000000000000000000e-01,1.000000000000000000e+00
4.000000000000000000e+00,9.529986301495868908e-03,2.270515972667472751e-05,1.524797808239339025e-01,4.000000000000000000e+00,5.000000000000000000e-01,1.000000000000000000e+00
4.000000000000000000e+00,9.693127272009533987e-03,2.348917907784374873e-05,1.550900363521525438e-01,4.000000000000000000e+00,5.000000000000000000e-01,1.000000000000000000e+00
4.000000000000000000e+00,9.859061003752651528e-03,2.430027096892905858e-05,1.577449760600424244e-01,4.000000000000000000e+00,5.000000000000000000e-01,1.000000000000000000e+00
4.000000000000000000e+00,1.002783530516514719e-02,2.513937022687914356e-05,1.604453648826423551e-01,4.000000000000000000e+00,5.000000000000000000e-01,1.000000000000000000e+00
4.000000000000000000e+00,1.019949880310522250e-02,2.600744395863621811e-05,1.631919808496835600e-01,4.000000000000000000e+00,5.000000000000000000e-01,1.000000000000000000e+00
4.000000000000000000e+00,1.037410095685966163e-02,2.690549266577913829e-05,1.659856153097545861e-01,4.000000000000000000e+00,5.000000000000000000e-01,1.000000000000000000e+00
4.000000000000000000e+00,1.055169207239391171e-02,2.783455139765513006e-05,1.688270731583025874e-01,4.000000000000000000e+00,5.000000000000000000e-01,1.000000000000000000e+00
4.000000000000000000e+00,1.073232331684611206e-02,2.879569094432968263e-05,1.717171730695377929e-01,4.000000000000000000e+00,5.000000000000000000e-01,1.000000000000000000e+00
4.000000000000000000e+00,1.091604673326926865e-02,2.979001907072966653e-05,1.746567477323082984e-01,4.000000000000000000e+00,5.000000000000000000e-01,1.000000000000000000e+00
4.000000000000000000e+00,1.110291525562574592e-02,3.081868179340173304e-05,1.776466440900119348e-01,4.000000000000000000e+00,5.000000000000000000e-01,1.000000000000000000e+00
4.000000000000000000e+00,1.129298272403851493e-02,3.188286470135808729e-05,1.806877235846162388e-01,4.000000000000000000e+00,5.000000000000000000e-01,1.000000000000000000e+00
4.000000000000000000e+00,1.148630390030342188e-02,3.298379432253140093e-05,1.837808624048547501e-01,4.000000000000000000e+00,5.000000000000000000e-01,1.000000000000000000e+00
4.000000000000000000e+00,1.168293448366702902e-02,3.412273953741405089e-05,1.869269517386724644e-01,4.000000000000000000e+00,5.000000000000000000e-01,1.000000000000000000e+00
4.000000000000000000e+00,1.188293112687456750e-02,3.530101304151112154e-05,1.901268980299930800e-01,4.000000000000000000e+00,5.000000000000000000e-01,1.000000000000000000e+00
4.000000000000000000e+00,1.208635145249255770e-02,3.651997285829223713e-05,1.933816232398809232e-01,4.000000000000000000e+00,5.000000000000000000e-01,1.000000000000000000e+00
4.000000000000000000e+00,1.229325406951093866e-02,3.778102390438681447e-05,1.966920651121750185e-01,4.000000000000000000e+00,5.000000000000000000e-01,1.000000000000000000e+00
4.000000000000000000e+00,1.250369859022932260e-02,3.908561960882568918e-05,2.000591774436691617e-01,4.000000000000000000e+00,5.000000000000000000e-01,1.000000000000000000e+00
4.000000000000000000e+00,1.271774564743233596e-02,4.043526358819603077e-05,2.034839303589173753e-01,4.000000000000000000e+00,5.000000000000000000e-01,1.000000000000000000e+00
4.000000000000000000e+00,1.293545691185906017e-02,4.183151137964058469e-05,2.069673105897449628e-01,4.000000000000000000e+00,5.000000000000000000e-01,1.000000000000000000e+00
4.000000000000000000e+00,1.315689510997137754e-02,4.327597223369718341e-05,2.105103217595420406e-01,4.000000000000000000e+00,5.000000000000000000e-01,1.000000000000000000e+00
4.000000000000000000e+00,1.338212404202663436e-02,4.477031096904681811e-05,2.141139846724261497e-01,4.000000000000000000e+00,5.000000000000000000e-01,1.000000000000000000e+00
4.000000000000000000e+00,1.361120860045960702e-02,4.631624989130639331e-05,2.177793376073537124e-01,4.000000000000000000e+00,5.000000000000000000e-01,1.000000000000000000e+00
4.000000000000000000e+00,1.384421478857913133e-02,4.791557077807828241e-05,2.215074366172661013e-01,4.000000000000000000e+00,5.000000000000000000e-01,1.000000000000000000e+00
4.000000000000000000e+00,1.408120973958486809e-02,4.957011693254494031e-05,2.252993558333578894e-01,4.000000000000000000e+00,5.000000000000000000e-01,1.000000000000000000e+00
4.000000000000000000e+00,1.432226173590952882e-02,5.128179530797455973e-05,2.291561877745524611e-01,4.000000000000000000e+00,5.000000000000000000e-01,1.000000000000000000e+00
4.000000000000000000e+00,1.456744022889227066e-02,5.305257870558722106e-05,2.330790436622763306e-01,4.000000000000000000e+00,5.000000000000000000e-01,1.000000000000000000e+00
4.000000000000000000e+00,1.481681585878884613e-02,5.488450804831416434e-05,2.370690537406215381e-01,4.000000000000000000e+00,5.000000000000000000e-01,1.000000000000000000e+00
4.000000000000000000e+00,1.507046047512429314e-02,5.677969473307088288e-05,2.411273676019886902e-01,4.000000000000000000e+00,5.000000000000000000e-01,1.000000000000000000e+00
4.000000000000000000e+00,1.532844715739408933e-02,5.874032306425573668e-05,2.452551545183054293e-01,4.000000000000000000e+00,5.000000000000000000e-01,1.000000000000000000e+00
4.000000000000000000e+00,1.559085023611961503e-02,6.076865277127776462e-05,2.494536037779138404e-01,4.000000000000000000e+00,5.000000000000000000e-01,1.000000000000000000e+00
4.000000000000000000e+00,1.585774531426410727e-02,6.286702161301631472e-05,2.537239250282257164e-01,4.000000000000000000e+00,5.000000000000000000e-01,1.000000000000000000e+00
4.000000000000000000e+00,1.612920928901519918e-02,6.503784807221355056e-05,2.580673486242431869e-01,4.000000000000000000e+00,5.000000000000000000e-01,1.000000000000000000e+00
4.000000000000000000e+00,1.640532037394035192e-02,6.728363414290559875e-05,2.624851259830456307e-01,4.000000000000000000e+00,5.000000000000000000e-01,1.000000000000000000e+00
4.000000000000000000e+00,1.668615812152158748e-02,6.960696821410521464e-05,2.669785299443453996e-01,4.000000000000000000e+00,5.000000000000000000e-01,1.000000000000000000e+00
4.000000000000000000e+00,1.697180344607595107e-02,7.201052805305887671e-05,2.715488551372152171e-01,4.000000000000000000e+00,5.000000000000000000e-01,1.000000000000000000e+00
4.000000000000000000e+00,1.726233864706834542e-02,7.449708389151735123e-05,2.761974183530935267e-01,4.000000000000000000e+00,5.000000000000000000e-01,1.000000000000000000e+00
4.000000000000000000e+00,1.755784743282349722e-02,7.706950161857666277e-05,2.809255589251759555e-01,4.000000000000000000e+00,5.000000000000000000e-01,1.000000000000000000e+00
4.000000000000000000e+00,1.785841494464373430e-02,7.973074608376866975e-05,2.857346391142997488e-01,4.000000000000000000e+00,5.000000000000000000e-01,1.000000000000000000e+00
4.000000000000000000e+00,1.816412778133978667e-02,8.248388451420996610e-05,2.906260445014365867e-01,4.000000000000000000e+00,5.000000000000000000e-01,1.000000000000000000e+00
4.000000000000000000e+00,1.847507402418136976e-02,8.533209004974529131e-05,2.956011843869019162e-01,4.000000000000000000e+00,5.000000000000000000e-01,1.000000000000000000e+00
4.000000000000000000e+00,1.879134326227497806e-02,8.827864540016180526e-05,3.006614921963996490e-01,4.000000000000000000e+00,5.000000000000000000e-01,1.000000000000000000e+00
4.000000000000000000e+00,1.911302661837610550e-02,9.132694662868838607e-05,3.058084258940176881e-01,4.000000000000000000e+00,5.000000000000000000e-01,1.000000000000000000e+00
4.000000000000000000e+00,1.944021677514325835e-02,9.448050706614034096e-05,3.110434684022921337e-01,4.000000000000000000e+00,5.000000000000000000e-01,1.000000000000000000e+00
4.000000000000000000e+00,1.977300800184155632e-02,9.774296136022254900e-05,3.163681280294649012e-01,4.000000000000000000e+00,5.000000000000000000e-01,1.000000000000000000e+00
4.000000000000000000e+00,2.011149618150331886e-02,1.011180696646556392e-04,3.217839389040531017e-01,4.000000000000000000e+00,5.000000000000000000e-01,1.000000000000000000e+00
4.000000000000000000e+00,2.045577883855363363e-02,1.046097219729546607e-04,3.272924614168581381e-01,4.000000000000000000e+00,5.000000000000000000e-01,1.000000000000000000e+00
4.000000000000000000e+00,2.080595516690897373e-02,1.082219426018565599e-04,3.328952826705435797e-01,4.000000000000000000e+00,5.000000000000000000e-01,1.000000000000000000e+00
4.000000000000000000e+00,2.116212605855657611e-02,1.119588948295598162e-04,3.385940169369052177e-01,4.000000000000000000e+00,5.000000000000000000e-01,1.000000000000000000e+00
4.000000000000000000e+00,2.152439413262331389e-02,1.158248856941272324e-04,3.443903061219730222e-01,4.000000000000000000e+00,5.000000000000000000e-01,1.000000000000000000e+00
4.000000000000000000e+00,2.189286376494205266e-02,1.198243709575781826e-04,3.502858202390728426e-01,4.000000000000000000e+00,5.000000000000000000e-01,1.000000000000000000e+00
4.000000000000000000e+00,2.226764111812410546e-02,1.239619602413928438e-04,3.562822578899856873e-01,4.000000000000000000e+00,5.000000000000000000e-01,1.000000000000000000e+00
4.000000000000000000e+00,2.264883417214670278e-02,1.282424223393500528e-04,3.623813467543472444e-01,4.000000000000000000e+00,5.000000000000000000e-01,1.000000000000000000e+00
4.000000000000000000e+00,2.303655275546375933e-02,1.326706907138162363e-04,3.685848440874201493e-01,4.000000000000000000e+00,5.000000000000000000e-01,1.000000000000000000e+00
4.000000000000000000e+00,2.343090857664952009e-02,1.372518691818270077e-04,3.748945372263923215e-01,4.000000000000000000e+00,5.000000000000000000e-01,1.000000000000000000e+00
4.000000000000000000e+00,2.383201525658373496e-02,1.419912377975099849e-04,3.813122441053397593e-01,4.000000000000000000e+00,5.000000000000000000e-01,1.000000000000000000e+00
4.000000000000000000e+00,2.423998836118777811e-02,1.468942589376297269e-04,3.878398137790044498e-01,4.000000000000000000e+00,5.000000000000000000e-01,1.000000000000000000e+00
4.000000000000000000e+00,2.465494543472138492e-02,1.519665835972722212e-04,3.944791269555421587e-01,4.000000000000000000e+00,5.000000000000000000e-01,1.000000000000000000e+00
4.000000000000000000e+00,2.507700603364904773e-02,1.572140579029176794e-04,4.012320965383847637e-01,4.000000000000000000e+00,5.000000000000000000e-01,1.000000000000000000e+00
4.000000000000000000e+00,2.550629176108647547e-02,1.626427298504169521e-04,4.081006681773836076e-01,4.000000000000000000e+00,5.000000000000000000e-01,1.000000000000000000e+00
4.000000000000000000e+00,2.594292630183656773e-02,1.682588562756308999e-04,4.150868208293850836e-01,4.000000000000000000e+00,5.000000000000000000e-01,1.000000000000000000e+00
4.000000000000000000e+00,2.638703545802512096e-02,1.740689100657687443e-04,4.221925673284019354e-01,4.000000000000000000e+00,5.000000000000000000e-01,1.000000000000000000e+00
4.000000000000000000e+00,2.683874718534680695e-02,1.800795876197402827e-04,4.294199549655489112e-01,4.000000000000000000e+00,5.000000000000000000e-01,1.000000000000000000e+00
4.000000000000000000e+00,2.729819162993125936e-02,1.862978165661122621e-04,4.367710660789001498e-01,4.000000000000000000e+00,5.000000000000000000e-01,1.000000000000000000e+00
4.000000000000000000e+00,2.776550116584064129e-02,1.927307637475744945e-04,4.442480186534502606e-01,4.000000000000000000e+00,5.000000000000000000e-01,1.000000000000000000e+00
4.000000000000000000e+00,2.824081043320889745e-02,1.993858434811101286e-04,4.518529669313423591e-01,4.000000000000000000e+00,5.000000000000000000e-01,1.000000000000000000e+00
4.000000000000000000e+00,2.872425637703387991e-02,2.062707261033928680e-04,4.595881020325420785e-01,4.000000000000000000e+00,5.000000000000000000e-01,1.000000000000000000e+00
4.000000000000000000e+00,2.921597828663379665e-02,2.133933468112643667e-04,4.674556525861407463e-01,4.000000000000000000e+00,5.000000000000000000e-01,1.000000000000000000e+00
4.000000000000000000e+00,2.971611783577872076e-02,2.207619148074715378e-04,4.754578853724595322e-01,4.000000000000000000e+00,5.000000000000000000e-01,1.000000000000000000e+00
4.000000000000000000e+00,3.022481912350945266e-02,2.283849227622156922e-04,4.835971059761512425e-01,4.000000000000000000e+00,5.000000000000000000e-01,1.000000000000000000e+00
4.000000000000000000e+00,3.074222871565496229e-02,2.362711566014101452e-04,4.918756594504793966e-01,4.000000000000000000e+00,5.000000000000000000e-01,1.000000000000000000e+00
4.000000000000000000e+00,3.126849568706053378e-02,2.444297056329307761e-04,5.002959309929685405e-01,4.000000000000000000e+00,5.000000000000000000e-01,1.000000000000000000e+00
4.000000000000000000e+00,3.180377166453896010e-02,2.528699730225327934e-04,5.088603466326233615e-01,4.000000000000000000e+00,5.000000000000000000e-01,1.000000000000000000e+00
4.000000000000000000e+00,3.234821087055684413e-02,2.616016866315029892e-04,5.175713739289095061e-01,4.000000000000000000e+00,5.000000000000000000e-01,1.000000000000000000e+00
4.000000000000000000e+00,3.290197016766881893e-02,2.706349102285422357e-04,5.264315226827011029e-01,4.000000000000000000e+00,5.000000000000000000e-01,1.000000000000000000e+00
4.000000000000000000e+00,3.346520910371247187e-02,2.799800550888000440e-04,5.354433456593995500e-01,4.000000000000000000e+00,5.000000000000000000e-01,1.000000000000000000e+00
4.000000000000000000e+00,3.403808995777678897e-02,2.896478919934262521e-04,5.446094393244286236e-01,4.000000000000000000e+00,5.000000000000000000e-01,1.000000000000000000e+00
4.000000000000000000e+00,3.462077778695774738e-02,2.996495636434767578e-04,5.539324445913239581e-01,4.000000000000000000e+00,5.000000000000000000e-01,1.000000000000000000e+00
4.000000000000000000e+00,3.521344047391414961e-02,3.099965975024738130e-04,5.634150475826263937e-01,4.000000000000000000e+00,5.000000000000000000e-01,1.000000000000000000e+00
4.000000000000000000e+00,3.581624877523745948e-02,3.207009190824246844e-04,5.730599804037993517e-01,4.000000000000000000e+00,5.000000000000000000e-01,1.000000000000000000e+00
4.000000000000000000e+00,3.642937637065004480e-02,3.317748656886189461e-04,5.828700219304007168e-01,4.000000000000000000e+00,5.000000000000000000e-01,1.000000000000000000e+00
4.000000000000000000e+00,3.705299991304510099e-02,3.432312006390300695e-04,5.928479986087216158e-01,4.000000000000000000e+00,5.000000000000000000e-01,1.000000000000000000e+00
4.000000000000000000e+00,3.768729907938365292e-02,3.550831279747279981e-04,6.029967852701384468e-01,4.000000000000000000e+00,5.000000000000000000e-01,1.000000000000000000e+00
4.000000000000000000e+00,3.833245662246263091e-02,3.673443076782447782e-04,6.133193059594020946e-01,4.000000000000000000e+00,5.000000000000000000e-01,1.000000000000000000e+00
4.000000000000000000e+00,3.898865842356905032e-02,3.800288714174354719e-04,6.238185347771048050e-01,4.000000000000000000e+00,5.000000000000000000e-01,1.000000000000000000e+00
4.000000000000000000e+00,3.965609354603595593e-02,3.931514388329886687e-04,6.344974967365752949e-01,4.000000000000000000e+00,5.000000000000000000e-01,1.000000000000000000e+00
4.000000000000000000e+00,4.033495428971459185e-02,4.067271343883413948e-04,6.453592686354334695e-01,4.000000000000000000e+00,5.000000000000000000e-01,1.000000000000000000e+00
4.000000000000000000e+00,4.102543624637965819e-02,4.207716048014404427e-04,6.564069799420745310e-01,4.000000000000000000e+00,5.000000000000000000e-01,1.000000000000000000e+00
4.000000000000000000e+00,4.172773835608261511e-02,4.353010370784220640e-04,6.676438136973218418e-01,4.000000000000000000e+00,5.000000000000000000e-01,1.000000000000000000e+00
4.000000000000000000e+00,4.244206296446978444e-02,4.503321771700044269e-04,6.790730074315165510e-01,4.000000000000000000e+00,5.000000000000000000e-01,1.000000000000000000e+00
4.000000000000000000e+00,4.316861588108193010e-02,4.658823492720997770e-04,6.906978540973108815e-01,4.000000000000000000e+00,5.000000000000000000e-01,1.000000000000000000e+00
4.000000000000000000e+00,4.390760643865131846e-02,4.819694757928736934e-04,7.025217030184210953e-01,4.000000000000000000e+00,5.000000000000000000e-01,1.000000000000000000e+00
4.000000000000000000e+00,4.465924755341441066e-02,4.986120980092878085e-04,7.145479608546305705e-01,4.000000000000000000e+00,5.000000000000000000e-01,1.000000000000000000e+00
4.000000000000000000e+00,4.542375578645671541e-02,5.158293974369149593e-04,7.267800925833074466e-01,4.000000000000000000e+00,5.000000000000000000e-01,1.000000000000000000e+00
4.000000000000000000e+00,4.620135140610777402e-02,5.336412179376641808e-04,7.392216224977243844e-01,4.000000000000000000e+00,5.000000000000000000e-01,1.000000000000000000e+00
4.000000000000000000e+00,4.699225845140458935e-02,5.520680885909015016e-04,7.518761352224734296e-01,4.000000000000000000e+00,5.000000000000000000e-01,1.000000000000000000e+00
4.000000000000000000e+00,4.779670479664094307e-02,5.711312473543097819e-04,7.647472767462550891e-01,4.000000000000000000e+00,5.000000000000000000e-01,1.000000000000000000e+00
4.000000000000000000e+00,4.861492221702221755e-02,5.908526655417801077e-04,7.778387554723554809e-01,4.000000000000000000e+00,5.000000000000000000e-01,1.000000000000000000e+00
4.000000000000000000e+00,4.944714645544388137e-02,6.112550731465290913e-04,7.911543432871021020e-01,4.000000000000000000e+00,5.000000000000000000e-01,1.000000000000000000e+00
4.000000000000000000e+00,5.029361729041307433e-02,6.323619850386342231e-04,8.046978766466091892e-01,4.000000000000000000e+00,5.000000000000000000e-01,1.000000000000000000e+00
4.000000000000000000e+00,5.115457860513318578e-02,6.541977280671875099e-04,8.184732576821309724e-01,4.000000000000000000e+00,5.000000000000000000e-01,1.000000000000000000e+00
4.000000000000000000e+00,5.203027845777082744e-02,6.767874690982927455e-04,8.324844553243332390e-01,4.000000000000000000e+00,5.000000000000000000e-01,1.000000000000000000e+00
4.000000000000000000e+00,5.292096915292578835e-02,7.001572440212307106e-04,8.467355064468126136e-01,4.000000000000000000e+00,5.000000000000000000e-01,1.000000000000000000e+00
4.000000000000000000e+00,5.382690731432449027e-02,7.243339877562198804e-04,8.612305170291918444e-01,4.000000000000000000e+00,5.000000000000000000e-01,1.000000000000000000e+00
4.000000000000000000e+00,5.474835395875768396e-02,7.493455652983545701e-04,8.759736633401229433e-01,4.000000000000000000e+00,5.000000000000000000e-01,1.000000000000000000e+00
4.000000000000000000e+00,5.568557457128418126e-02,7.752208038335128490e-04,8.909691931405469001e-01,4.000000000000000000e+00,5.000000000000000000e-01,1.000000000000000000e+00
4.000000000000000000e+00,5.663883918172166188e-02,8.019895259632321910e-04,9.062214269075465900e-01,4.000000000000000000e+00,5.000000000000000000e-01,1.000000000000000000e+00
4.000000000000000000e+00,5.760842244244710614e-02,8.296825840768608674e-04,9.217347590791536982e-01,4.000000000000000000e+00,5.000000000000000000e-01,1.000000000000000000e+00
4.000000000000000000e+00,5.859460370752896108e-02,8.583318959105916369e-04,9.375136593204633773e-01,4.000000000000000000e+00,5.000000000000000000e-01,1.000000000000000000e+00
4.000000000000000000e+00,5.959766711321392435e-02,8.879704813343651309e-04,9.535626738114227896e-01,4.000000000000000000e+00,5.000000000000000000e-01,1.000000000000000000e+00
4.000000000000000000e+00,6.061790165979176470e-02,9.186325004090462954e-04,9.698864265566682352e-01,4.000000000000000000e+00,5.000000000000000000e-01,1.000000000000000000e+00
4.000000000000000000e+00,6.165560129486130636e-02,9.503532927577257490e-04,9.864896207177809018e-01,4.000000000000000000e+00,5.000000000000000000e-01,1.000000000000000000e+00
4.000000000000000000e+00,6.271106499802193979e-02,9.831694182965331451e-04,1.003377039968351037e+00,4.000000000000000000e+00,5.000000000000000000e-01,0.000000000000000000e+00
4.000000000000000000e+00,6.378459686701495879e-02,1.017118699371903721e-03,1.020553549872239341e+00,4.000000000000000000e+00,5.000000000000000000e-01,0.000000000000000000e+00
4.000000000000000000e+00,6.487650620533939871e-02,1.052240264352860425e-03,1.038024099285430379e+00,4.000000000000000000e+00,5.000000000000000000e-01,0.000000000000000000e+00
4.000000000000000000e+00,6.598710761136797331e-02,1.088574592728564286e-03,1.055793721781887573e+00,4.000000000000000000e+00,5.000000000000000000e-01,0.000000000000000000e+00
4.000000000000000000e+00,6.711672106898838863e-02,1.126163561763097532e-03,1.073867537103814218e+00,4.000000000000000000e+00,5.000000000000000000e-01,0.000000000000000000e+00
4.000000000000000000e+00,6.826567203979624909e-02,1.165050494761254909e-03,1.092250752636739985e+00,4.000000000000000000e+00,5.000000000000000000e-01,0.000000000000000000e+00
4.000000000000000000e+00,6.943429155686645093e-02,1.205280211000984026e-03,1.110948664909863215e+00,4.000000000000000000e+00,5.000000000000000000e-01,0.000000000000000000e+00
4.000000000000000000e+00,7.062291632012950016e-02,1.246899077390003358e-03,1.129966661122072002e+00,4.000000000000000000e+00,5.000000000000000000e-01,0.000000000000000000e+00
4.000000000000000000e+00,7.183188879338084365e-02,1.289955061906158116e-03,1.149310220694093498e+00,4.000000000000000000e+00,5.000000000000000000e-01,0.000000000000000000e+00
4.000000000000000000e+00,7.306155730295067763e-02,1.334497788883086270e-03,1.168984916847210842e+00,4.000000000000000000e+00,5.000000000000000000e-01,0.000000000000000000e+00
4.000000000000000000e+00,7.431227613806296040e-02,1.380578596204930404e-03,1.188996418209007366e+00,4.000000000000000000e+00,5.000000000000000000e-01,0.000000000000000000e+00
4.000000000000000000e+00,7.558440565291228708e-02,1.428250594475999726e-03,1.209350490446596593e+00,4.000000000000000000e+00,5.000000000000000000e-01,0.000000000000000000e+00
4.000000000000000000e+00,7.687831237048843580e-02,1.477568728233598708e-03,1.230052997927814973e+00,4.000000000000000000e+00,5.000000000000000000e-01,0.000000000000000000e+00
4.000000000000000000e+00,7.819436908817806176e-02,1.528589839274554271e-03,1.251109905410848988e+00,4.000000000000000000e+00,5.000000000000000000e-01,0.000000000000000000e+00
4.000000000000000000e+00,7.953295498517418127e-02,1.581372732168435631e-03,1.272527279762786900e+00,4.000000000000000000e+00,5.000000000000000000e-01,0.000000000000000000e+00
4.000000000000000000e+00,8.089445573172449055e-02,1.635978242032983237e-03,1.294311291707591849e+00,4.000000000000000000e+00,5.000000000000000000e-01,0.000000000000000000e+00
4.000000000000000000e+00,8.227926360024957753e-02,1.692469304649838824e-03,1.316468217603993240e+00,4.000000000000000000e+00,5.000000000000000000e-01,0.000000000000000000e+00
4.000000000000000000e+00,8.368777757836379227e-02,1.750911029001422318e-03,1.339004441253820676e+00,4.000000000000000000e+00,5.000000000000000000e-01,0.000000000000000000e+00
4.000000000000000000e+00,8.512040348383045907e-02,1.811370772312524127e-03,1.361926455741287345e+00,4.000000000000000000e+00,5.000000000000000000e-01,0.000000000000000000e+00
4.000000000000000000e+00,8.657755408148522236e-02,1.873918217683124589e-03,1.385240865303763558e+00,4.000000000000000000e+00,5.000000000000000000e-01,0.000000000000000000e+00
4.000000000000000000e+00,8.805964920216086123e-02,1.938625454401907405e-03,1.408954387234573780e+00,4.000000000000000000e+00,5.000000000000000000e-01,0.000000000000000000e+00
4.000000000000000000e+00,8.956711586364786426e-02,2.005567061033030393e-03,1.433073853818365828e+00,4.000000000000000000e+00,5.000000000000000000e-01,0.000000000000000000e+00
4.000000000000000000e+00,9.110038839372602837e-02,2.074820191371932847e-03,1.457606214299616454e+00,4.000000000000000000e+00,5.000000000000000000e-01,0.000000000000000000e+00
4.000000000000000000e+00,9.265990855530180370e-02,2.146464663369223105e-03,1.482558536884828859e+00,4.000000000000000000e+00,5.000000000000000000e-01,0.000000000000000000e+00
4.000000000000000000e+00,9.424612567368800820e-02,2.220583051125148318e-03,1.507938010779008131e+00,4.000000000000000000e+00,5.000000000000000000e-01,0.000000000000000000e+00
4.000000000000000000e+00,9.585949676606249359e-02,2.297260780060686371e-03,1.533751948256999897e+00,4.000000000000000000e+00,5.000000000000000000e-01,0.000000000000000000e+00
4.000000000000000000e+00,9.750048667314259454e-02,2.376586225374914020e-03,1.560007786770281513e+00,4.000000000000000000e+00,5.000000000000000000e-01,0.000000000000000000e+00
4.000000000000000000e+00,9.916956819311432969e-02,2.458650813902188426e-03,1.586713091089829275e+00,4.000000000000000000e+00,5.000000000000000000e-01,0.000000000000000000e+00
4.000000000000000000e+00,1.008672222178536720e-01,2.543549129486468406e-03,1.613875555485658753e+00,4.000000000000000000e+00,5.000000000000000000e-01,0.000000000000000000e+00
4.000000000000000000e+00,1.025939378714800648e-01,2.631379021994278023e-03,1.641503005943681037e+00,4.000000000000000000e+00,5.000000000000000000e-01,0.000000000000000000e+00
4.000000000000000000e+00,1.043502126512815958e-01,2.722241720091922532e-03,1.669603402420505533e+00,4.000000000000000000e+00,5.000000000000000000e-01,0.000000000000000000e+00
4.000000000000000000e+00,1.061365525710530056e-01,2.816241947916974658e-03,1.698184841136848089e+00,4.000000000000000000e+00,5.000000000000000000e-01,0.000000000000000000e+00
4.000000000000000000e+00,1.079534723068870106e-01,2.913488045778455347e-03,1.727255556910192169e+00,4.000000000000000000e+00,5.000000000000000000e-01,0.000000000000000000e+00
4.000000000000000000e+00,1.098014953454616444e-01,3.014092095024858975e-03,1.756823925527386310e+00,4.000000000000000000e+00,5.000000000000000000e-01,0.000000000000000000e+00
4.000000000000000000e+00,1.116811541348660258e-01,3.118170047223925694e-03,1.786898466157856413e+00,4.000000000000000000e+00,5.000000000000000000e-01,0.000000000000000000e+00
4.000000000000000000e+00,1.135929902380079376e-01,3.225841857803041831e-03,1.817487843808127002e+00,4.000000000000000000e+00,5.000000000000000000e-01,0.000000000000000000e+00
4.000000000000000000e+00,1.155375544886478728e-01,3.337231624304319143e-03,1.848600871818365965e+00,4.000000000000000000e+00,5.000000000000000000e-01,0.000000000000000000e+00
4.000000000000000000e+00,1.175154071501038622e-01,3.452467729413670385e-03,1.880246514401661795e+00,4.000000000000000000e+00,5.000000000000000000e-01,0.000000000000000000e+00
4.000000000000000000e+00,1.195271180766732388e-01,3.571682988928746687e-03,1.912433889226771822e+00,4.000000000000000000e+00,5.000000000000000000e-01,0.000000000000000000e+00
4.000000000000000000e+00,1.215732668778177900e-01,3.695014804836276989e-03,1.945172270045084639e+00,4.000000000000000000e+00,5.000000000000000000e-01,0.000000000000000000e+00
4.000000000000000000e+00,1.236544430851592574e-01,3.822605323675222662e-03,1.978471089362548119e+00,4.000000000000000000e+00,5.000000000000000000e-01,0.000000000000000000e+00
4.000000000000000000e+00,1.257712463223341626e-01,3.954601600368313520e-03,2.012339941157346601e+00,4.000000000000000000e+00,5.000000000000000000e-01,0.000000000000000000e+00
4.000000000000000000e+00,1.279242864777557220e-01,4.091155767710729155e-03,2.046788583644091553e+00,4.000000000000000000e+00,5.000000000000000000e-01,0.000000000000000000e+00
4.000000000000000000e+00,1.301141838803335782e-01,4.232425211711314875e-03,2.081826942085337251e+00,4.000000000000000000e+00,5.000000000000000000e-01,0.000000000000000000e+00
4.000000000000000000e+00,1.323415694782015539e-01,4.378572752988411920e-03,2.117465111651224863e+00,4.000000000000000000e+00,5.000000000000000000e-01,0.000000000000000000e+00
4.000000000000000000e+00,1.346070850205046687e-01,4.529766834429343504e-03,2.153713360328074700e+00,4.000000000000000000e+00,5.000000000000000000e-01,0.000000000000000000e+00
4.000000000000000000e+00,1.369113832422988175e-01,4.686181715329905753e-03,2.190582131876781080e+00,4.000000000000000000e+00,5.000000000000000000e-01,0.000000000000000000e+00
4.000000000000000000e+00,1.392551280526151125e-01,4.847997672237557877e-03,2.228082048841841800e+00,4.000000000000000000e+00,5.000000000000000000e-01,0.000000000000000000e+00
4.000000000000000000e+00,1.416389947257437054e-01,5.015401206729813016e-03,2.266223915611899287e+00,4.000000000000000000e+00,5.000000000000000000e-01,0.000000000000000000e+00
4.000000000000000000e+00,1.440636700957922400e-01,5.188585260367316147e-03,2.305018721532675841e+00,4.000000000000000000e+00,5.000000000000000000e-01,0.000000000000000000e+00
4.000000000000000000e+00,1.465298527545750851e-01,5.367749437069363992e-03,2.344477644073201361e+00,4.000000000000000000e+00,5.000000000000000000e-01,0.000000000000000000e+00
4.000000000000000000e+00,1.490382532528898296e-01,5.553100233168131554e-03,2.384612052046237274e+00,4.000000000000000000e+00,5.000000000000000000e-01,0.000000000000000000e+00
4.000000000000000000e+00,1.515895943052395500e-01,5.744851275406778583e-03,2.425433508883832801e+00,4.000000000000000000e+00,5.000000000000000000e-01,0.000000000000000000e+00
4.000000000000000000e+00,1.541846109980597179e-01,5.943223567155749530e-03,2.466953775968955487e+00,4.000000000000000000e+00,5.000000000000000000e-01,0.000000000000000000e+00
4.000000000000000000e+00,1.568240510015092570e-01,6.148445743130994019e-03,2.509184816024148112e+00,4.000000000000000000e+00,5.000000000000000000e-01,0.000000000000000000e+00
4.000000000000000000e+00,1.595086747848880604e-01,6.360754332907795662e-03,2.552138796558208966e+00,4.000000000000000000e+00,5.000000000000000000e-01,0.000000000000000000e+00
4.000000000000000000e+00,1.622392558357411418e-01,6.580394033533766736e-03,2.595828093371858269e+00,4.000000000000000000e+00,5.000000000000000000e-01,0.000000000000000000e+00
4.000000000000000000e+00,1.650165808827144254e-01,6.807617991555357968e-03,2.640265294123430806e+00,4.000000000000000000e+00,5.000000000000000000e-01,0.000000000000000000e+00
4.000000000000000000e+00,1.678414501222249555e-01,7.042688094782831830e-03,2.685463201955599288e+00,4.000000000000000000e+00,5.000000000000000000e-01,0.000000000000000000e+00
4.000000000000000000e+00,1.707146774490115315e-01,7.285875274130011910e-03,2.731434839184184504e+00,4.000000000000000000e+00,5.000000000000000000e-01,0.000000000000000000e+00
4.000000000000000000e+00,1.736370906906325173e-01,7.537459815876735789e-03,2.778193451050120277e+00,4.000000000000000000e+00,5.000000000000000000e-01,0.000000000000000000e+00
4.000000000000000000e+00,1.766095318459772467e-01,7.797731684713813012e-03,2.825752509535635948e+00,4.000000000000000000e+00,5.000000000000000000e-01,0.000000000000000000e+00
4.000000000000000000e+00,1.796328573278611063e-01,8.066990857942926349e-03,2.874125717245777700e+00,4.000000000000000000e+00,5.000000000000000000e-01,0.000000000000000000e+00
4.000000000000000000e+00,1.827079382097726579e-01,8.345547671216525104e-03,2.923327011356362526e+00,4.000000000000000000e+00,5.000000000000000000e-01,0.000000000000000000e+00
4.000000000000000000e+00,1.858356604768459375e-01,8.633723176216389836e-03,2.973370567629535000e+00,4.000000000000000000e+00,5.000000000000000000e-01,0.000000000000000000e+00
4.000000000000000000e+00,1.890169252811280398e-01,8.931849510682885254e-03,3.024270804498048637e+00,4.000000000000000000e+00,5.000000000000000000e-01,0.000000000000000000e+00
4.000000000000000000e+00,1.922526492012170685e-01,9.240270281221558274e-03,3.076042387219473095e+00,4.000000000000000000e+00,5.000000000000000000e-01,0.000000000000000000e+00
4.000000000000000000e+00,1.955437645063446972e-01,9.559340959328197981e-03,3.128700232101515155e+00,4.000000000000000000e+00,5.000000000000000000e-01,0.000000000000000000e+00
4.000000000000000000e+00,1.988912194249789489e-01,9.889429291088781479e-03,3.182259510799663182e+00,4.000000000000000000e+00,5.000000000000000000e-01,0.000000000000000000e+00
4.000000000000000000e+00,2.022959784180262954e-01,1.023091572102663958e-02,3.236735654688420727e+00,4.000000000000000000e+00,5.000000000000000000e-01,0.000000000000000000e+00
4.000000000000000000e+00,2.057590224567094062e-01,1.058419383058516183e-02,3.292144359307350499e+00,4.000000000000000000e+00,5.000000000000000000e-01,0.000000000000000000e+00
4.000000000000000000e+00,2.092813493052023965e-01,1.094967079175153575e-02,3.348501588883238345e+00,4.000000000000000000e+00,5.000000000000000000e-01,0.000000000000000000e+00
4.000000000000000000e+00,2.128639738081044286e-01,1.132776783634434174e-02,3.405823580929670857e+00,4.000000000000000000e+00,5.000000000000000000e-01,0.000000000000000000e+00
4.000000000000000000e+00,2.165079281828339586e-01,1.171892074150579673e-02,3.464126850925343337e+00,4.000000000000000000e+00,5.000000000000000000e-01,0.000000000000000000e+00
4.000000000000000000e+00,2.202142623170293967e-01,1.212358033195835849e-02,3.523428197072470347e+00,4.000000000000000000e+00,5.000000000000000000e-01,0.000000000000000000e+00
4.000000000000000000e+00,2.239840440710399450e-01,1.254221299960439108e-02,3.583744705136639119e+00,4.000000000000000000e+00,5.000000000000000000e-01,0.000000000000000000e+00
4.000000000000000000e+00,2.278183595855950982e-01,1.297530124106787731e-02,3.645093753369521572e+00,4.000000000000000000e+00,5.000000000000000000e-01,0.000000000000000000e+00
4.000000000000000000e+00,2.317183135947410433e-01,1.342334421379768813e-02,3.707493017515856693e+00,4.000000000000000000e+00,5.000000000000000000e-01,0.000000000000000000e+00
4.000000000000000000e+00,2.356850297441337172e-01,1.388685831137329886e-02,3.770960475906139475e+00,4.000000000000000000e+00,5.000000000000000000e-01,0.000000000000000000e+00
4.000000000000000000e+00,2.397196509147814791e-01,1.436637775867617359e-02,3.835514414636503666e+00,4.000000000000000000e+00,5.000000000000000000e-01,0.000000000000000000e+00
4.000000000000000000e+00,2.438233395523290992e-01,1.486245522761259208e-02,3.901173432837265587e+00,4.000000000000000000e+00,5.000000000000000000e-01,0.000000000000000000e+00
4.000000000000000000e+00,2.479972780019789047e-01,1.537566247409770208e-02,3.967956448031662475e+00,4.000000000000000000e+00,5.000000000000000000e-01,0.000000000000000000e+00
4.000000000000000000e+00,2.522426688491449798e-01,1.590659099703485221e-02,4.035882701586319676e+00,4.000000000000000000e+00,5.000000000000000000e-01,0.000000000000000000e+00
4.000000000000000000e+00,2.565607352659398654e-01,1.645585272004991897e-02,4.104971764255037847e+00,4.000000000000000000e+00,5.000000000000000000e-01,0.000000000000000000e+00
4.000000000000000000e+00,2.609527213635918219e-01,1.702408069676609667e-02,4.175243541817469151e+00,4.000000000000000000e+00,5.000000000000000000e-01,0.000000000000000000e+00
4.000000000000000000e+00,2.654198925508950424e-01,1.761192984043216669e-02,4.246718280814320678e+00,4.000000000000000000e+00,5.000000000000000000e-01,0.000000000000000000e+00
4.000000000000000000e+00,2.699635358987966804e-01,1.822007767874522094e-02,4.319416574380746887e+00,4.000000000000000000e+00,5.000000000000000000e-01,0.000000000000000000e+00
4.000000000000000000e+00,2.745849605112240521e-01,1.884922513473761760e-02,4.393359368179584834e+00,4.000000000000000000e+00,5.000000000000000000e-01,0.000000000000000000e+00
4.000000000000000000e+00,2.792854979022614814e-01,1.950009733462852723e-02,4.468567966436183703e+00,4.000000000000000000e+00,5.000000000000000000e-01,0.000000000000000000e+00
4.000000000000000000e+00,2.840665023797824817e-01,2.017344444357074135e-02,4.545064038076519708e+00,4.000000000000000000e+00,5.000000000000000000e-01,0.000000000000000000e+00
4.000000000000000000e+00,2.889293514356498505e-01,2.087004253025631292e-02,4.622869622970397607e+00,4.000000000000000000e+00,5.000000000000000000e-01,0.000000000000000000e+00
4.000000000000000000e+00,2.938754461425957532e-01,2.159069446137742293e-02,4.702007138281532050e+00,4.000000000000000000e+00,5.000000000000000000e-01,0.000000000000000000e+00
4.000000000000000000e+00,2.989062115578946521e-01,2.233623082697321766e-02,4.782499384926314434e+00,4.000000000000000000e+00,5.000000000000000000e-01,0.000000000000000000e+00
4.000000000000000000e+00,3.040230971339485944e-01,2.310751089772958636e-02,4.864369554143177510e+00,4.000000000000000000e+00,5.000000000000000000e-01,0.000000000000000000e+00
4.000000000000000000e+00,3.092275771358994341e-01,2.390542361533466026e-02,4.947641234174390945e+00,4.000000000000000000e+00,5.000000000000000000e-01,0.000000000000000000e+00
4.000000000000000000e+00,3.145211510663907251e-01,2.473088861703184524e-02,5.032338417062251601e+00,4.000000000000000000e+00,5.000000000000000000e-01,0.000000000000000000e+00
4.000000000000000000e+00,3.199053440976012408e-01,2.558485729555116245e-02,5.118485505561619853e+00,4.000000000000000000e+00,5.000000000000000000e-01,0.000000000000000000e+00
4.000000000000000000e+00,3.253817075106731904e-01,2.646831389564031911e-02,5.206107320170771047e+00,4.000000000000000000e+00,5.000000000000000000e-01,0.000000000000000000e+00
4.000000000000000000e+00,3.309518191426648048e-01,2.738227664845977946e-02,5.295229106282636877e+00,4.000000000000000000e+00,5.000000000000000000e-01,0.000000000000000000e+00
4.000000000000000000e+00,3.366172838411524149e-01,2.832779894514874178e-02,5.385876541458438638e+00,4.000000000000000000e+00,5.000000000000000000e-01,0.000000000000000000e+00
4.000000000000000000e+00,3.423797339266156925e-01,2.930597055091503991e-02,5.478075742825851080e+00,4.000000000000000000e+00,5.000000000000000000e-01,0.000000000000000000e+00
4.000000000000000000e+00,3.482408296627375055e-01,3.031791886104794054e-02,5.571853274603800088e+00,4.000000000000000000e+00,5.000000000000000000e-01,0.000000000000000000e+00
4.000000000000000000e+00,3.542022597347558865e-01,3.136481020030186528e-02,5.667236155756094185e+00,4.000000000000000000e+00,5.000000000000000000e-01,0.000000000000000000e+00
4.000000000000000000e+00,3.602657417360037861e-01,3.244785116714824641e-02,5.764251867776060578e+00,4.000000000000000000e+00,5.000000000000000000e-01,0.000000000000000000e+00
4.000000000000000000e+00,3.664330226627779408e-01,3.356829002444498139e-02,5.862928362604447052e+00,4.000000000000000000e+00,5.000000000000000000e-01,0.000000000000000000e+00
4.000000000000000000e+00,3.727058794176798528e-01,3.472741813812652706e-02,5.963294070682877646e+00,4.000000000000000000e+00,5.000000000000000000e-01,0.000000000000000000e+00
4.000000000000000000e+00,3.790861193215717684e-01,3.592657146557223791e-02,6.065377909145148294e+00,4.000000000000000000e+00,5.000000000000000000e-01,0.000000000000000000e+00
4.000000000000000000e+00,3.855755806342989755e-01,3.716713209536919721e-02,6.169209290148783609e+00,4.000000000000000000e+00,5.000000000000000000e-01,0.000000000000000000e+00
4.000000000000000000e+00,3.921761330843244187e-01,3.845052984024343451e-02,6.274818129349190698e+00,4.000000000000000000e+00,5.000000000000000000e-01,0.000000000000000000e+00
4.000000000000000000e+00,3.988896784074302815e-01,3.977824388499578978e-02,6.382234854518884504e+00,4.000000000000000000e+00,5.000000000000000000e-01,0.000000000000000000e+00
4.000000000000000000e+00,4.057181508946422488e-01,4.115180449134192564e-02,6.491490414314275981e+00,4.000000000000000000e+00,5.000000000000000000e-01,0.000000000000000000e+00
4.000000000000000000e+00,4.126635179495318773e-01,4.257279476162090237e-02,6.602616287192510036e+00,4.000000000000000000e+00,5.000000000000000000e-01,0.000000000000000000e+00
4.000000000000000000e+00,4.197277806550617218e-01,4.404285246340590432e-02,6.715644490480987550e+00,4.000000000000000000e+00,5.000000000000000000e-01,0.000000000000000000e+00
4.000000000000000000e+00,4.269129743501316465e-01,4.556367191711904047e-02,6.830607589602106344e+00,4.000000000000000000e+00,5.000000000000000000e-01,0.000000000000000000e+00
4.000000000000000000e+00,4.342211692159963499e-01,4.713700594882673511e-02,6.947538707455941598e+00,4.000000000000000000e+00,5.000000000000000000e-01,0.000000000000000000e+00
4.000000000000000000e+00,4.416544708727213053e-01,4.876466791046586008e-02,7.066471533963540885e+00,4.000000000000000000e+00,5.000000000000000000e-01,0.000000000000000000e+00
4.000000000000000000e+00,4.492150209858482013e-01,5.044853376982900983e-02,7.187440335773571221e+00,4.000000000000000000e+00,5.000000000000000000e-01,0.000000000000000000e+00
4.000000000000000000e+00,4.569049978834479053e-01,5.219054427271838104e-02,7.310479966135166485e+00,4.000000000000000000e+00,5.000000000000000000e-01,0.000000000000000000e+00
4.000000000000000000e+00,4.647266171837345361e-01,5.399270717975934025e-02,7.435625874939752578e+00,4.000000000000000000e+00,5.000000000000000000e-01,0.000000000000000000e+00
4.000000000000000000e+00,4.726821324334244401e-01,5.585709958045235318e-02,7.562914118934791041e+00,4.000000000000000000e+00,5.000000000000000000e-01,0.000000000000000000e+00
4.000000000000000000e+00,4.807738357570221499e-01,5.778587028713002421e-02,7.692381372112354398e+00,4.000000000000000000e+00,5.000000000000000000e-01,0.000000000000000000e+00
4.000000000000000000e+00,4.890040585172231169e-01,5.978124231157894153e-02,7.824064936275569870e+00,4.000000000000000000e+00,5.000000000000000000e-01,0.000000000000000000e+00
4.000000000000000000e+00,4.973751719866197907e-01,6.184551542717990624e-02,7.958002751785916651e+00,4.000000000000000000e+00,5.000000000000000000e-01,0.000000000000000000e+00
4.000000000000000000e+00,5.058895880309074444e-01,6.398106881952031477e-02,8.094233408494519111e+00,4.000000000000000000e+00,5.000000000000000000e-01,0.000000000000000000e+00
4.000000000000000000e+00,5.145497598037840348e-01,6.619036382853296652e-02,8.232796156860544556e+00,4.000000000000000000e+00,5.000000000000000000e-01,0.000000000000000000e+00
4.000000000000000000e+00,5.233581824537499871e-01,6.847594678532316348e-02,8.373730919259999794e+00,4.000000000000000000e+00,5.000000000000000000e-01,0.000000000000000000e+00
4.000000000000000000e+00,5.323173938430014740e-01,7.084045194695128000e-02,8.517078301488023584e+00,4.000000000000000000e+00,5.000000000000000000e-01,0.000000000000000000e+00
4.000000000000000000e+00,5.414299752786342346e-01,7.328660453255561591e-02,8.662879604458147753e+00,4.000000000000000000e+00,5.000000000000000000e-01,0.000000000000000000e+00
4.000000000000000000e+00,5.506985522563662139e-01,7.581722386431442862e-02,8.811176836101859422e+00,4.000000000000000000e+00,5.000000000000000000e-01,0.000000000000000000e+00
4.000000000000000000e+00,5.601257952169846899e-01,7.843522661686486153e-02,8.962012723471755038e+00,4.000000000000000000e+00,5.000000000000000000e-01,0.000000000000000000e+00
4.000000000000000000e+00,5.697144203157524789e-01,8.114363017892846364e-02,9.115430725052039662e+00,4.000000000000000000e+00,5.000000000000000000e-01,0.000000000000000000e+00
4.000000000000000000e+00,5.794671902049759460e-01,8.394555613101244151e-02,9.271475043279615136e+00,4.000000000000000000e+00,5.000000000000000000e-01,0.000000000000000000e+00
4.000000000000000000e+00,5.893869148299758498e-01,8.684423384319929495e-02,9.430190637279613597e+00,4.000000000000000000e+00,5.000000000000000000e-01,0.000000000000000000e+00
4.000000000000000000e+00,5.994764522386837324e-01,8.984300419716971520e-02,9.591623235818939719e+00,4.000000000000000000e+00,5.000000000000000000e-01,0.000000000000000000e+00
4.000000000000000000e+00,6.097387094050923384e-01,9.294532343674691277e-02,9.755819350481477414e+00,4.000000000000000000e+00,5.000000000000000000e-01,0.000000000000000000e+00
4.000000000000000000e+00,6.201766430668103069e-01,9.615476715140446051e-02,9.922826289068964911e+00,4.000000000000000000e+00,5.000000000000000000e-01,0.000000000000000000e+00
4.000000000000000000e+00,6.307932605769471790e-01,9.947503439732409414e-02,1.009269216923115486e+01,4.000000000000000000e+00,5.000000000000000000e-01,0.000000000000000000e+00
4.000000000000000000e+00,6.415916207705859575e-01,1.029099519607568486e-01,1.026546593232937532e+01,4.000000000000000000e+00,5.000000000000000000e-01,0.000000000000000000e+00
4.000000000000000000e+00,6.525748348460898018e-01,1.064634787686003503e-01,1.044119735753743683e+01,4.000000000000000000e+00,5.000000000000000000e-01,0.000000000000000000e+00
4.000000000000000000e+00,6.637460672614886592e-01,1.101397104512731595e-01,1.061993707618381855e+01,4.000000000000000000e+00,5.000000000000000000e-01,0.000000000000000000e+00
4.000000000000000000e+00,6.751085366462211690e-01,1.139428840631505346e-01,1.080173658633953870e+01,4.000000000000000000e+00,5.000000000000000000e-01,0.000000000000000000e+00
4.000000000000000000e+00,6.866655167284734240e-01,1.178773829659953559e-01,1.098664826765557478e+01,4.000000000000000000e+00,5.000000000000000000e-01,0.000000000000000000e+00
4.000000000000000000e+00,6.984203372784000274e-01,1.219477418810185065e-01,1.117472539645440044e+01,4.000000000000000000e+00,5.000000000000000000e-01,0.000000000000000000e+00
4.000000000000000000e+00,7.103763850674922331e-01,1.261586521153895135e-01,1.136602216107987573e+01,4.000000000000000000e+00,5.000000000000000000e-01,0.000000000000000000e+00
4.000000000000000000e+00,7.225371048443612887e-01,1.305149669692178827e-01,1.156059367750978062e+01,4.000000000000000000e+00,5.000000000000000000e-01,0.000000000000000000e+00
4.000000000000000000e+00,7.349060003272371855e-01,1.350217073292442893e-01,1.175849600523579497e+01,4.000000000000000000e+00,5.000000000000000000e-01,0.000000000000000000e+00
4.000000000000000000e+00,7.474866352134470482e-01,1.396840674556802109e-01,1.195978616341515277e+01,4.000000000000000000e+00,5.000000000000000000e-01,0.000000000000000000e+00
4.000000000000000000e+00,7.602826342061806963e-01,1.445074209688722855e-01,1.216452214729889114e+01,4.000000000000000000e+00,5.000000000000000000e-01,0.000000000000000000e+00
4.000000000000000000e+00,7.732976840588350331e-01,1.494973270426894485e-01,1.237276294494136053e+01,4.000000000000000000e+00,5.000000000000000000e-01,0.000000000000000000e+00
4.000000000000000000e+00,7.865355346372264744e-01,1.546595368117669178e-01,1.258456855419562359e+01,4.000000000000000000e+00,5.000000000000000000e-01,0.000000000000000000e+00
4.000000000000000000e+00,8.000000000000000444e-01,1.600000000000000311e-01,1.280000000000000071e+01,4.000000000000000000e+00,5.000000000000000000e-01,0.000000000000000000e+00
5.000000000000000000e+00,5.000000000000000104e-03,5.000000000000000409e-06,1.250000000000000000e-01,5.000000000000000000e+00,4.472135954999579277e-01,1.000000000000000000e+00
5.000000000000000000e+00,5.085593496859515568e-03,5.172652243059959050e-06,1.271398374214878779e-01,5.000000000000000000e+00,4.472135954999579277e-01,1.000000000000000000e+00
5.000000000000000000e+00,5.172652243059954781e-03,5.351266245526636135e-06,1.293163060764988825e-01,5.000000000000000000e+00,4.472135954999579277e-01,1.000000000000000000e+00
5.000000000000000000e+00,5.261201321764298437e-03,5.536047869626879684e-06,1.315300330441074583e-01,5.000000000000000000e+00,4.472135954999579277e-01,1.000000000000000000e+00
5.000000000000000000e+00,5.351266245526636704e-03,5.727210086102549794e-06,1.337816561381659219e-01,5.000000000000000000e+00,4.472135954999579277e-01,1.000000000000000000e+00
5.000000000000000000e+00,5.442872963642820562e-03,5.924973219670796274e-06,1.360718240910705201e-01,5.000000000000000000e+00,4.472135954999579277e-01,1.000000000000000000e+00
5.000000000000000000e+00,5.536047869626881460e-03,6.129565202960067291e-06,1.384011967406720278e-01,5.000000000000000000e+00,4.472135954999579277e-01,1.000000000000000000e+00
5.000000000000000000e+00,5.630817808815483973e-03,6.341221839214721662e-06,1.407704452203870915e-01,5.000000000000000000e+00,4.472135954999579277e-01,1.000000000000000000e+00
5.000000000000000000e+00,5.727210086102555581e-03,6.560187074070969300e-06,1.431802521525638860e-01,5.000000000000000000e+00,4.472135954999579277e-01,1.000000000000000000e+00
5.000000000000000000e+00,5.825252473806271508e-03,6.786713276717216731e-06,1.456313118451567912e-01,5.000000000000000000e+00,4.472135954999579277e-01,1.000000000000000000e+00
5.000000000000000000e+00,5.924973219670796355e-03,7.021061530763224540e-06,1.481243304917699011e-01,5.000000000000000000e+00,4.472135954999579277e-01,1.000000000000000000e+00
5.000000000000000000e+00,6.026401055004918829e-03,7.263501935152880053e-06,1.506600263751229629e-01,5.000000000000000000e+00,4.472135954999579277e-01,1.000000000000000000e+00
5.000000000000000000e+00,6.129565202960061965e-03,7.514313915467765441e-06,1.532391300740015561e-01,5.000000000000000000e+00,4.472135954999579277e-01,1.000000000000000000e+00
5.000000000000000000e+00,6.234495386950014185e-03,7.773786545980200725e-06,1.558623846737503538e-01,5.000000000000000000e+00,4.472135954999579277e-01,1.000000000000000000e+00
5.000000000000000000e+00,6.341221839214723072e-03,8.042218882826751954e-06,1.585305459803680872e-01,5.000000000000000000e+00,4.472135954999579277e-01,1.000000000000000000e+00
5.000000000000000000e+00,6.449775309530786892e-03,8.319920308686591496e-06,1.612443827382696593e-01,5.000000000000000000e+00,4.472135954999579277e-01,1.000000000000000000e+00
5.000000000000000000e+00,6.560187074070968419e-03,8.607210889361562313e-06,1.640046768517742226e-01,5.000000000000000000e+00,4.472135954999579277e-01,1.000000000000000000e+00
5.000000000000000000e+00,6.672488944415428530e-03,8.904421742669223073e-06,1.668122236103857237e-01,5.000000000000000000e+00,4.472135954999579277e-01,1.000000000000000000e+00
5.000000000000000000e+00,6.786713276717224429e-03,9.211895420073969439e-06,1.696678319179306116e-01,5.000000000000000000e+00,4.472135954999579277e-01,1.000000000000000000e+00
5.000000000000000000e+00,6.902892981024643347e-03,9.529986301495858581e-06,1.725723245256160776e-01,5.000000000000000000e+00,4.472135954999579277e-01,1.000000000000000000e+00
5.000000000000000000e+00,7.021061530763225353e-03,9.859061003752649197e-06,1.755265382690806286e-01,5.000000000000000000e+00,4.472135954999579277e-01,1.000000000000000000e+00
5.000000000000000000e+00,7.141252972379995810e-03,1.019949880310522471e-05,1.785313243094998892e-01,5.000000000000000000e+00,4.472135954999579277e-01,1.000000000000000000e+00
5.000000000000000000e+00,7.263501935152872138e-03,1.055169207239390437e-05,1.815875483788217948e-01,5.000000000000000000e+00,4.472135954999579277e-01,1.000000000000000000e+00
5.000000000000000000e+00,7.387843641167991804e-03,1.091604673326926604e-05,1.846960910291997882e-01,5.000000000000000000e+00,4.472135954999579277e-01,1.000000000000000000e+00
5.000000000000000000e+00,7.514313915467765725e-03,1.129298272403850075e-05,1.878578478866941293e-01,5.000000000000000000e+00,4.472135954999579277e-01,1.000000000000000000e+00
5.000000000000000000e+00,7.642949196372768317e-03,1.168293448366702852e-05,1.910737299093192010e-01,5.000000000000000000e+00,4.472135954999579277e-01,1.000000000000000000e+00
5.000000000000000000e+00,7.773786545980202432e-03,1.208635145249256034e-05,1.943446636495050617e-01,5.000000000000000000e+00,4.472135954999579277e-01,1.000000000000000000e+00
5.000000000000000000e+00,7.906863660842176206e-03,1.250369859022930664e-05,1.976715915210544017e-01,5.000000000000000000e+00,4.472135954999579277e-01,1.000000000000000000e+00
5.000000000000000000e+00,8.042218882826759896e-03,1.293545691185905842e-05,2.010554720706689835e-01,5.000000000000000000e+00,4.472135954999579277e-01,1.000000000000000000e+00
5.000000000000000000e+00,8.179891210164914883e-03,1.338212404202664673e-05,2.044972802541228651e-01,5.000000000000000000e+00,4.472135954999579277e-01,1.000000000000000000e+00
5.000000000000000000e+00,8.319920308686593394e-03,1.384421478857912427e-05,2.079980077171648400e-01,5.000000000000000000e+00,4.472135954999579277e-01,1.000000000000000000e+00
5.000000000000000000e+00,8.462346523249191302e-03,1.432226173590953622e-05,2.115586630812297808e-01,5.000000000000000000e+00,4.472135954999579277e-01,1.000000000000000000e+00
5.000000000000000000e+00,8.607210889361555442e-03,1.481681585878882727e-05,2.151802722340388774e-01,5.000000000000000000e+00,4.472135954999579277e-01,1.000000000000000000e+00
5.000000000000000000e+00,8.754555145007107686e-03,1.532844715739408581e-05,2.188638786251776991e-01,5.000000000000000000e+00,4.472135954999579277e-01,1.000000000000000000e+00
5.000000000000000000e+00,8.904421742669234308e-03,1.585774531426412316e-05,2.226105435667308508e-01,5.000000000000000000e+00,4.472135954999579277e-01,1.000000000000000000e+00
5.000000000000000000e+00,9.056853861562618249e-03,1.640532037394034165e-05,2.264213465390654545e-01,5.000000000000000000e+00,4.472135954999579277e-01,1.000000000000000000e+00
5.000000000000000000e+00,9.211895420073969859e-03,1.697180344607595670e-05,2.302973855018492499e-01,5.000000000000000000e+00,4.472135954999579277e-01,1.000000000000000000e+00
5.000000000000000000e+00,9.369591088415618607e-03,1.755784743282347353e-05,2.342397772103904652e-01,5.000000000000000000e+00,4.472135954999579277e-01,1.000000000000000000e+00
5.000000000000000000e+00,9.529986301495868908e-03,1.816412778133978065e-05,2.382496575373967140e-01,5.000000000000000000e+00,4.472135954999579277e-01,1.000000000000000000e+00
5.000000000000000000e+00,9.693127272009533987e-03,1.879134326227499898e-05,2.423281818002383514e-01,5.000000000000000000e+00,4.472135954999579277e-01,1.000000000000000000e+00
5.000000000000000000e+00,9.859061003752651528e-03,1.944021677514324618e-05,2.464765250938162899e-01,5.000000000000000000e+00,4.472135954999579277e-01,1.000000000000000000e+00
5.000000000000000000e+00,1.002783530516514719e-02,2.011149618150331552e-05,2.506958826291286746e-01,5.000000000000000000e+00,4.472135954999579277e-01,1.000000000000000000e+00
5.000000000000000000e+00,1.019949880310522250e-02,2.080595516690897449e-05,2.549874700776305625e-01,5.000000000000000000e+00,4.472135954999579277e-01,1.000000000000000000e+00
5.000000000000000000e+00,1.037410095685966163e-02,2.152439413262330996e-05,2.593525239214915512e-01,5.000000000000000000e+00,4.472135954999579277e-01,1.000000000000000000e+00
5.000000000000000000e+00,1.055169207239391171e-02,2.226764111812410337e-05,2.637923018098478067e-01,5.000000000000000000e+00,4.472135954999579277e-01,1.000000000000000000e+00
5.000000000000000000e+00,1.073232331684611206e-02,2.303655275546374678e-05,2.683080829211528240e-01,5.000000000000000000e+00,4.472135954999579277e-01,1.000000000000000000e+00
5.000000000000000000e+00,1.091604673326926865e-02,2.383201525658373458e-05,2.729011683317317249e-01,5.000000000000000000e+00,4.472135954999579277e-01,1.000000000000000000e+00
5.000000000000000000e+00,1.110291525562574592e-02,2.465494543472138779e-05,2.775728813906436221e-01,5.000000000000000000e+00,4.472135954999579277e-01,1.000000000000000000e+00
5.000000000000000000e+00,1.129298272403851493e-02,2.550629176108647119e-05,2.823245681009628472e-01,5.000000000000000000e+00,4.472135954999579277e-01,1.000000000000000000e+00
5.000000000000000000e+00,1.148630390030342188e-02,2.638703545802512007e-05,2.871575975075855713e-01,5.000000000000000000e+00,4.472135954999579277e-01,1.000000000000000000e+00
5.000000000000000000e+00,1.168293448366702902e-02,2.729819162993124139e-05,2.920733620916757256e-01,5.000000000000000000e+00,4.472135954999579277e-01,1.000000000000000000e+00
5.000000000000000000e+00,1.188293112687456750e-02,2.824081043320889858e-05,2.970732781718641857e-01,5.000000000000000000e+00,4.472135954999579277e-01,1.000000000000000000e+00
5.000000000000000000e+00,1.208635145249255770e-02,2.921597828663379038e-05,3.021587863123139650e-01,5.000000000000000000e+00,4.472135954999579277e-01,1.000000000000000000e+00
5.000000000000000000e+00,1.229325406951093866e-02,3.022481912350945293e-05,3.073313517377734838e-01,5.000000000000000000e+00,4.472135954999579277e-01,1.000000000000000000e+00
5.000000000000000000e+00,1.250369859022932260e-02,3.126849568706054999e-05,3.125924647557330460e-01,5.000000000000000000e+00,4.472135954999579277e-01,1.000000000000000000e+00
5.000000000000000000e+00,1.271774564743233596e-02,3.234821087055682462e-05,3.179436411858084233e-01,5.000000000000000000e+00,4.472135954999579277e-01,1.000000000000000000e+00
5.000000000000000000e+00,1.293545691185906017e-02,3.346520910371246640e-05,3.233864227964765026e-01,5.000000000000000000e+00,4.472135954999579277e-01,1.000000000000000000e+00
5.000000000000000000e+00,1.315689510997137754e-02,3.462077778695774808e-05,3.289223777492844558e-01,5.000000000000000000e+00,4.472135954999579277e-01,1.000000000000000000e+00
5.000000000000000000e+00,1.338212404202663436e-02,3.581624877523745449e-05,3.345531010506658798e-01,5.000000000000000000e+00,4.472135954999579277e-01,1.000000000000000000e+00
5.000000000000000000e+00,1.361120860045960702e-02,3.705299991304511465e-05,3.402802150114901947e-01,5.000000000000000000e+00,4.472135954999579277e-01,1.000000000000000000e+00
5.000000000000000000e+00,1.384421478857913133e-02,3.833245662246262457e-05,3.461053697144783059e-01,5.000000000000000000e+00,4.472135954999579277e-01,1.000000000000000000e+00
5.000000000000000000e+00,1.408120973958486809e-02,3.965609354603594954e-05,3.520302434896216970e-01,5.000000000000000000e+00,4.472135954999579277e-01,1.000000000000000000e+00
5.000000000000000000e+00,1.432226173590952882e-02,4.102543624637964507e-05,3.580565433977382361e-01,5.000000000000000000e+00,4.472135954999579277e-01,1.000000000000000000e+00
5.000000000000000000e+00,1.456744022889227066e-02,4.244206296446977685e-05,3.641860057223067493e-01,5.000000000000000000e+00,4.472135954999579277e-01,1.000000000000000000e+00
5.000000000000000000e+00,1.481681585878884613e-02,4.390760643865132876e-05,3.704203964697211360e-01,5.000000000000000000e+00,4.472135954999579277e-01,1.000000000000000000e+00
5.000000000000000000e+00,1.507046047512429314e-02,4.542375578645670901e-05,3.767615118781073025e-01,5.000000000000000000e+00,4.472135954999579277e-01,1.000000000000000000e+00
5.000000000000000000e+00,1.532844715739408933e-02,4.699225845140459206e-05,3.832111789348522368e-01,5.000000000000000000e+00,4.472135954999579277e-01,1.000000000000000000e+00
5.000000000000000000e+00,1.559085023611961503e-02,4.861492221702220899e-05,3.897712559029903878e-01,5.000000000000000000e+00,4.472135954999579277e-01,1.000000000000000000e+00
5.000000000000000000e+00,1.585774531426410727e-02,5.029361729041305449e-05,3.964436328566026679e-01,5.000000000000000000e+00,4.472135954999579277e-01,1.000000000000000000e+00
5.000000000000000000e+00,1.612920928901519918e-02,5.203027845777084045e-05,4.032302322253799587e-01,5.000000000000000000e+00,4.472135954999579277e-01,1.000000000000000000e+00
5.000000000000000000e+00,1.640532037394035192e-02,5.382690731432447764e-05,4.101330093485088257e-01,5.000000000000000000e+00,4.472135954999579277e-01,1.000000000000000000e+00
5.000000000000000000e+00,1.668615812152158748e-02,5.568557457128417307e-05,4.171539530380397043e-01,5.000000000000000000e+00,4.472135954999579277e-01,1.000000000000000000e+00
5.000000000000000000e+00,1.697180344607595107e-02,5.760842244244710001e-05,4.242950861518987593e-01,5.000000000000000000e+00,4.472135954999579277e-01,1.000000000000000000e+00
5.000000000000000000e+00,1.726233864706834542e-02,5.959766711321387827e-05,4.315584661767086216e-01,5.000000000000000000e+00,4.472135954999579277e-01,1.000000000000000000e+00
5.000000000000000000e+00,1.755784743282349722e-02,6.165560129486133292e-05,4.389461858205874201e-01,5.000000000000000000e+00,4.472135954999579277e-01,1.000000000000000000e+00
5.000000000000000000e+00,1.785841494464373430e-02,6.378459686701493038e-05,4.464603736160933645e-01,5.000000000000000000e+00,4.472135954999579277e-01,1.000000000000000000e+00
5.000000000000000000e+00,1.816412778133978667e-02,6.598710761136796746e-05,4.541031945334946807e-01,5.000000000000000000e+00,4.472135954999579277e-01,1.000000000000000000e+00
5.000000000000000000e+00,1.847507402418136976e-02,6.826567203979623305e-05,4.618768506045342614e-01,5.000000000000000000e+00,4.472135954999579277e-01,1.000000000000000000e+00
5.000000000000000000e+00,1.879134326227497806e-02,7.062291632012944963e-05,4.697835815568744411e-01,5.000000000000000000e+00,4.472135954999579277e-01,1.000000000000000000e+00
5.000000000000000000e+00,1.911302661837610550e-02,7.306155730295070614e-05,4.778256654594026376e-01,5.000000000000000000e+00,4.472135954999579277e-01,1.000000000000000000e+00
5.000000000000000000e+00,1.944021677514325835e-02,7.558440565291227548e-05,4.860054193785814380e-01,5.000000000000000000e+00,4.472135954999579277e-01,1.000000000000000000e+00
5.000000000000000000e+00,1.977300800184155632e-02,7.819436908817803378e-05,4.943252000460389151e-01,5.000000000000000000e+00,4.472135954999579277e-01,1.000000000000000000e+00
5.000000000000000000e+00,2.011149618150331886e-02,8.089445573172450866e-05,5.027874045375829715e-01,5.000000000000000000e+00,4.472135954999579277e-01,1.000000000000000000e+00
5.000000000000000000e+00,2.045577883855363363e-02,8.368777757836373123e-05,5.113944709638408304e-01,5.000000000000000000e+00,4.472135954999579277e-01,1.000000000000000000e+00
5.000000000000000000e+00,2.080595516690897373e-02,8.657755408148525066e-05,5.201488791727243433e-01,5.000000000000000000e+00,4.472135954999579277e-01,1.000000000000000000e+00
5.000000000000000000e+00,2.116212605855657611e-02,8.956711586364785027e-05,5.290531514639144062e-01,5.000000000000000000e+00,4.472135954999579277e-01,1.000000000000000000e+00
5.000000000000000000e+00,2.152439413262331389e-02,9.265990855530178863e-05,5.381098533155828090e-01,5.000000000000000000e+00,4.472135954999579277e-01,1.000000000000000000e+00
5.000000000000000000e+00,2.189286376494205266e-02,9.585949676606254877e-05,5.473215941235513027e-01,5.000000000000000000e+00,4.472135954999579277e-01,1.000000000000000000e+00
5.000000000000000000e+00,2.226764111812410546e-02,9.916956819311427505e-05,5.566910279531026573e-01,5.000000000000000000e+00,4.472135954999579277e-01,1.000000000000000000e+00
5.000000000000000000e+00,2.264883417214670278e-02,1.025939378714800477e-04,5.662208543036675312e-01,5.000000000000000000e+00,4.472135954999579277e-01,1.000000000000000000e+00
5.000000000000000000e+00,2.303655275546375933e-02,1.061365525710529891e-04,5.759138188865939867e-01,5.000000000000000000e+00,4.472135954999579277e-01,1.000000000000000000e+00
5.000000000000000000e+00,2.343090857664952009e-02,1.098014953454616035e-04,5.857727144162380162e-01,5.000000000000000000e+00,4.472135954999579277e-01,1.000000000000000000e+00
5.000000000000000000e+00,2.383201525658373496e-02,1.135929902380079852e-04,5.958003814145933497e-01,5.000000000000000000e+00,4.472135954999579277e-01,1.000000000000000000e+00
5.000000000000000000e+00,2.423998836118777811e-02,1.175154071501037815e-04,6.059997090296944666e-01,5.000000000000000000e+00,4.472135954999579277e-01,1.000000000000000000e+00
5.000000000000000000e+00,2.465494543472138492e-02,1.215732668778177742e-04,6.163736358680346195e-01,5.000000000000000000e+00,4.472135954999579277e-01,1.000000000000000000e+00
5.000000000000000000e+00,2.507700603364904773e-02,1.257712463223341381e-04,6.269251508412262419e-01,5.000000000000000000e+00,4.472135954999579277e-01,1.000000000000000000e+00
5.000000000000000000e+00,2.550629176108647547e-02,1.301141838803335617e-04,6.376572940271618695e-01,5.000000000000000000e+00,4.472135954999579277e-01,1.000000000000000000e+00
5.000000000000000000e+00,2.594292630183656773e-02,1.346070850205047091e-04,6.485731575459141585e-01,5.000000000000000000e+00,4.472135954999579277e-01,1.000000000000000000e+00
5.000000000000000000e+00,2.638703545802512096e-02,1.392551280526150008e-04,6.596758864506280240e-01,5.000000000000000000e+00,4.472135954999579277e-01,1.000000000000000000e+00
5.000000000000000000e+00,2.683874718534680695e-02,1.440636700957922153e-04,6.709686796336701287e-01,5.000000000000000000e+00,4.472135954999579277e-01,1.000000000000000000e+00
5.000000000000000000e+00,2.729819162993125936e-02,1.490382532528898151e-04,6.824547907482815257e-01,5.000000000000000000e+00,4.472135954999579277e-01,1.000000000000000000e+00
5.000000000000000000e+00,2.776550116584064129e-02,1.541846109980596010e-04,6.941375291460160080e-01,5.000000000000000000e+00,4.472135954999579277e-01,1.000000000000000000e+00
5.000000000000000000e+00,2.824081043320889745e-02,1.595086747848881137e-04,7.060202608302224014e-01,5.000000000000000000e+00,4.472135954999579277e-01,1.000000000000000000e+00
5.000000000000000000e+00,2.872425637703387991e-02,1.650165808827143052e-04,7.181064094258470254e-01,5.000000000000000000e+00,4.472135954999579277e-01,1.000000000000000000e+00
5.000000000000000000e+00,2.921597828663379665e-02,1.707146774490114988e-04,7.303994571658448676e-01,5.000000000000000000e+00,4.472135954999579277e-01,1.000000000000000000e+00
5.000000000000000000e+00,2.971611783577872076e-02,1.766095318459772411e-04,7.429029458944680364e-01,5.000000000000000000e+00,4.472135954999579277e-01,1.000000000000000000e+00
5.000000000000000000e+00,3.022481912350945266e-02,1.827079382097725646e-04,7.556204780877363580e-01,5.000000000000000000e+00,4.472135954999579277e-01,1.000000000000000000e+00
5.000000000000000000e+00,3.074222871565496229e-02,1.890169252811281053e-04,7.685557178913740017e-01,5.000000000000000000e+00,4.472135954999579277e-01,1.000000000000000000e+00
5.000000000000000000e+00,3.126849568706053378e-02,1.955437645063446317e-04,7.817123921765133376e-01,5.000000000000000000e+00,4.472135954999579277e-01,1.000000000000000000e+00
5.000000000000000000e+00,3.180377166453896010e-02,2.022959784180262456e-04,7.950942916134740024e-01,5.000000000000000000e+00,4.472135954999579277e-01,1.000000000000000000e+00
5.000000000000000000e+00,3.234821087055684413e-02,2.092813493052024022e-04,8.087052717639211519e-01,5.000000000000000000e+00,4.472135954999579277e-01,1.000000000000000000e+00
5.000000000000000000e+00,3.290197016766881893e-02,2.165079281828337940e-04,8.225492541917204248e-01,5.000000000000000000e+00,4.472135954999579277e-01,1.000000000000000000e+00
5.000000000000000000e+00,3.346520910371247187e-02,2.239840440710400460e-04,8.366302275928118037e-01,5.000000000000000000e+00,4.472135954999579277e-01,1.000000000000000000e+00
5.000000000000000000e+00,3.403808995777678897e-02,2.317183135947410016e-04,8.509522489444196758e-01,5.000000000000000000e+00,4.472135954999579277e-01,1.000000000000000000e+00
5.000000000000000000e+00,3.462077778695774738e-02,2.397196509147814117e-04,8.655194446739437053e-01,5.000000000000000000e+00,4.472135954999579277e-01,1.000000000000000000e+00
5.000000000000000000e+00,3.521344047391414961e-02,2.479972780019790396e-04,8.803360118478537055e-01,5.000000000000000000e+00,4.472135954999579277e-01,1.000000000000000000e+00
5.000000000000000000e+00,3.581624877523745948e-02,2.565607352659397366e-04,8.954062193809364523e-01,5.000000000000000000e+00,4.472135954999579277e-01,1.000000000000000000e+00
5.000000000000000000e+00,3.642937637065004480e-02,2.654198925508951461e-04,9.107344092662511548e-01,5.000000000000000000e+00,4.472135954999579277e-01,1.000000000000000000e+00
5.000000000000000000e+00,3.705299991304510099e-02,2.745849605112240773e-04,9.263249978261275386e-01,5.000000000000000000e+00,4.472135954999579277e-01,1.000000000000000000e+00
5.000000000000000000e+00,3.768729907938365292e-02,2.840665023797823876e-04,9.421824769845913439e-01,5.000000000000000000e+00,4.472135954999579277e-01,1.000000000000000000e+00
5.000000000000000000e+00,3.833245662246263091e-02,2.938754461425958225e-04,9.583114155615657381e-01,5.000000000000000000e+00,4.472135954999579277e-01,1.000000000000000000e+00
5.000000000000000000e+00,3.898865842356905032e-02,3.040230971339483992e-04,9.747164605892262301e-01,5.000000000000000000e+00,4.472135954999579277e-01,1.000000000000000000e+00
5.000000000000000000e+00,3.965609354603595593e-02,3.145211510663909566e-04,9.914023386508988844e-01,5.000000000000000000e+00,4.472135954999579277e-01,1.000000000000000000e+00
5.000000000000000000e+00,4.033495428971459185e-02,3.253817075106731158e-04,1.008373857242864879e+00,5.000000000000000000e+00,4.472135954999579277e-01,0.000000000000000000e+00
5.000000000000000000e+00,4.102543624637965819e-02,3.366172838411523433e-04,1.025635906159491517e+00,5.000000000000000000e+00,4.472135954999579277e-01,0.000000000000000000e+00
5.000000000000000000e+00,4.172773835608261511e-02,3.482408296627376404e-04,1.043193458902065274e+00,5.000000000000000000e+00,4.472135954999579277e-01,0.000000000000000000e+00
5.000000000000000000e+00,4.244206296446978444e-02,3.602657417360035307e-04,1.061051574111744555e+00,5.000000000000000000e+00,4.472135954999579277e-01,0.000000000000000000e+00
5.000000000000000000e+00,4.316861588108193010e-02,3.727058794176798216e-04,1.079215397027048162e+00,5.000000000000000000e+00,4.472135954999579277e-01,0.000000000000000000e+00
5.000000000000000000e+00,4.390760643865131846e-02,3.855755806342989764e-04,1.097690160966283024e+00,5.000000000000000000e+00,4.472135954999579277e-01,0.000000000000000000e+00
5.000000000000000000e+00,4.465924755341441066e-02,3.988896784074302576e-04,1.116481188835360294e+00,5.000000000000000000e+00,4.472135954999579277e-01,0.000000000000000000e+00
5.000000000000000000e+00,4.542375578645671541e-02,4.126635179495319675e-04,1.135593894661417913e+00,5.000000000000000000e+00,4.472135954999579277e-01,0.000000000000000000e+00
5.000000000000000000e+00,4.620135140610777402e-02,4.269129743501313338e-04,1.155033785152694392e+00,5.000000000000000000e+00,4.472135954999579277e-01,0.000000000000000000e+00
5.000000000000000000e+00,4.699225845140458935e-02,4.416544708727212229e-04,1.174806461285114789e+00,5.000000000000000000e+00,4.472135954999579277e-01,0.000000000000000000e+00
5.000000000000000000e+00,4.779670479664094307e-02,4.569049978834478038e-04,1.194917619916023632e+00,5.000000000000000000e+00,4.472135954999579277e-01,0.000000000000000000e+00
5.000000000000000000e+00,4.861492221702221755e-02,4.726821324334240754e-04,1.215373055425555515e+00,5.000000000000000000e+00,4.472135954999579277e-01,0.000000000000000000e+00
5.000000000000000000e+00,4.944714645544388137e-02,4.890040585172233164e-04,1.236178661386097000e+00,5.000000000000000000e+00,4.472135954999579277e-01,0.000000000000000000e+00
5.000000000000000000e+00,5.029361729041307433e-02,5.058895880309074219e-04,1.257340432260326768e+00,5.000000000000000000e+00,4.472135954999579277e-01,0.000000000000000000e+00
5.000000000000000000e+00,5.115457860513318578e-02,5.233581824537500513e-04,1.278864465128329631e+00,5.000000000000000000e+00,4.472135954999579277e-01,0.000000000000000000e+00
5.000000000000000000e+00,5.203027845777082744e-02,5.414299752786341747e-04,1.300756961444270665e+00,5.000000000000000000e+00,4.472135954999579277e-01,0.000000000000000000e+00
5.000000000000000000e+00,5.292096915292578835e-02,5.601257952169845684e-04,1.323024228823144632e+00,5.000000000000000000e+00,4.472135954999579277e-01,0.000000000000000000e+00
5.000000000000000000e+00,5.382690731432449027e-02,5.794671902049758610e-04,1.345672682858112257e+00,5.000000000000000000e+00,4.472135954999579277e-01,0.000000000000000000e+00
5.000000000000000000e+00,5.474835395875768396e-02,5.994764522386836127e-04,1.368708848968942071e+00,5.000000000000000000e+00,4.472135954999579277e-01,0.000000000000000000e+00
5.000000000000000000e+00,5.568557457128418126e-02,6.201766430668102575e-04,1.392139364282104497e+00,5.000000000000000000e+00,4.472135954999579277e-01,0.000000000000000000e+00
5.000000000000000000e+00,5.663883918172166188e-02,6.415916207705857095e-04,1.415970979543041519e+00,5.000000000000000000e+00,4.472135954999579277e-01,0.000000000000000000e+00
5.000000000000000000e+00,5.760842244244710614e-02,6.637460672614886939e-04,1.440210561061177730e+00,5.000000000000000000e+00,4.472135954999579277e-01,0.000000000000000000e+00
5.000000000000000000e+00,5.859460370752896108e-02,6.866655167284733095e-04,1.464865092688224069e+00,5.000000000000000000e+00,4.472135954999579277e-01,0.000000000000000000e+00
5.000000000000000000e+00,5.959766711321392435e-02,7.103763850674920831e-04,1.489941677830348032e+00,5.000000000000000000e+00,4.472135954999579277e-01,0.000000000000000000e+00
5.000000000000000000e+00,6.061790165979176470e-02,7.349060003272370580e-04,1.515447541494794104e+00,5.000000000000000000e+00,4.472135954999579277e-01,0.000000000000000000e+00
5.000000000000000000e+00,6.165560129486130636e-02,7.602826342061805558e-04,1.541390032371532604e+00,5.000000000000000000e+00,4.472135954999579277e-01,0.000000000000000000e+00
5.000000000000000000e+00,6.271106499802193979e-02,7.865355346372265161e-04,1.567776624950548481e+00,5.000000000000000000e+00,4.472135954999579277e-01,0.000000000000000000e+00
5.000000000000000000e+00,6.378459686701495879e-02,8.136949594975229983e-04,1.594614921675373997e+00,5.000000000000000000e+00,4.472135954999579277e-01,0.000000000000000000e+00
5.000000000000000000e+00,6.487650620533939871e-02,8.417922114822883398e-04,1.621912655133485037e+00,5.000000000000000000e+00,4.472135954999579277e-01,0.000000000000000000e+00
5.000000000000000000e+00,6.598710761136797331e-02,8.708596741828514504e-04,1.649677690284199416e+00,5.000000000000000000e+00,4.472135954999579277e-01,0.000000000000000000e+00
5.000000000000000000e+00,6.711672106898838863e-02,9.009308494104780254e-04,1.677918026724709799e+00,5.000000000000000000e+00,4.472135954999579277e-01,0.000000000000000000e+00
5.000000000000000000e+00,6.826567203979624909e-02,9.320403958090039270e-04,1.706641800994906255e+00,5.000000000000000000e+00,4.472135954999579277e-01,0.000000000000000000e+00
5.000000000000000000e+00,6.943429155686645093e-02,9.642241688007872208e-04,1.735857288921661246e+00,5.000000000000000000e+00,4.472135954999579277e-01,0.000000000000000000e+00
5.000000000000000000e+00,7.062291632012950016e-02,9.975192619120025993e-04,1.765572908003237407e+00,5.000000000000000000e+00,4.472135954999579277e-01,0.000000000000000000e+00
5.000000000000000000e+00,7.183188879338084365e-02,1.031964049524926492e-03,1.795797219834521119e+00,5.000000000000000000e+00,4.472135954999579277e-01,0.000000000000000000e+00
5.000000000000000000e+00,7.306155730295067763e-02,1.067598231106468929e-03,1.826538932573766871e+00,5.000000000000000000e+00,4.472135954999579277e-01,0.000000000000000000e+00
5.000000000000000000e+00,7.431227613806296040e-02,1.104462876963944237e-03,1.857806903451574065e+00,5.000000000000000000e+00,4.472135954999579277e-01,0.000000000000000000e+00
5.000000000000000000e+00,7.558440565291228708e-02,1.142600475580799694e-03,1.889610141322807246e+00,5.000000000000000000e+00,4.472135954999579277e-01,0.000000000000000000e+00
5.000000000000000000e+00,7.687831237048843580e-02,1.182054982586878923e-03,1.921957809262210937e+00,5.000000000000000000e+00,4.472135954999579277e-01,0.000000000000000000e+00
5.000000000000000000e+00,7.819436908817806176e-02,1.222871871419643416e-03,1.954859227204451599e+00,5.000000000000000000e+00,4.472135954999579277e-01,0.000000000000000000e+00
5.000000000000000000e+00,7.953295498517418127e-02,1.265098185734748418e-03,1.988323874629354560e+00,5.000000000000000000e+00,4.472135954999579277e-01,0.000000000000000000e+00
5.000000000000000000e+00,8.089445573172449055e-02,1.308782593626386633e-03,2.022361393293112375e+00,5.000000000000000000e+00,4.472135954999579277e-01,0.000000000000000000e+00
5.000000000000000000e+00,8.227926360024957753e-02,1.353975443719871059e-03,2.056981590006239369e+00,5.000000000000000000e+00,4.472135954999579277e-01,0.000000000000000000e+00
5.000000000000000000e+00,8.368777757836379227e-02,1.400728823201137854e-03,2.092194439459095001e+00,5.000000000000000000e+00,4.472135954999579277e-01,0.000000000000000000e+00
5.000000000000000000e+00,8.512040348383045907e-02,1.449096617850019388e-03,2.128010087095761449e+00,5.000000000000000000e+00,4.472135954999579277e-01,0.000000000000000000e+00
5.000000000000000000e+00,8.657755408148522236e-02,1.499134574146499714e-03,2.164438852037130712e+00,5.000000000000000000e+00,4.472135954999579277e-01,0.000000000000000000e+00
5.000000000000000000e+00,8.805964920216086123e-02,1.550900363521525837e-03,2.201491230054021475e+00,5.000000000000000000e+00,4.472135954999579277e-01,0.000000000000000000e+00
5.000000000000000000e+00,8.956711586364786426e-02,1.604453648826424271e-03,2.239177896591196593e+00,5.000000000000000000e+00,4.472135954999579277e-01,0.000000000000000000e+00
5.000000000000000000e+00,9.110038839372602837e-02,1.659856153097546277e-03,2.277509709843150709e+00,5.000000000000000000e+00,4.472135954999579277e-01,0.000000000000000000e+00
5.000000000000000000e+00,9.265990855530180370e-02,1.717171730695378528e-03,2.316497713882545106e+00,5.000000000000000000e+00,4.472135954999579277e-01,0.000000000000000000e+00
5.000000000000000000e+00,9.424612567368800820e-02,1.776466440900118697e-03,2.356153141842200149e+00,5.000000000000000000e+00,4.472135954999579277e-01,0.000000000000000000e+00
5.000000000000000000e+00,9.585949676606249359e-02,1.837808624048549184e-03,2.396487419151562381e+00,5.000000000000000000e+00,4.472135954999579277e-01,0.000000000000000000e+00
5.000000000000000000e+00,9.750048667314259454e-02,1.901268980299931303e-03,2.437512166828565086e+00,5.000000000000000000e+00,4.472135954999579277e-01,0.000000000000000000e+00
5.000000000000000000e+00,9.916956819311432969e-02,1.966920651121750740e-03,2.479239204827858423e+00,5.000000000000000000e+00,4.472135954999579277e-01,0.000000000000000000e+00
5.000000000000000000e+00,1.008672222178536720e-01,2.034839303589174725e-03,2.521680555446341732e+00,5.000000000000000000e+00,4.472135954999579277e-01,0.000000000000000000e+00
5.000000000000000000e+00,1.025939378714800648e-01,2.105103217595422245e-03,2.564848446787001635e+00,5.000000000000000000e+00,4.472135954999579277e-01,0.000000000000000000e+00
5.000000000000000000e+00,1.043502126512815958e-01,2.177793376073538113e-03,2.608755316282040049e+00,5.000000000000000000e+00,4.472135954999579277e-01,0.000000000000000000e+00
5.000000000000000000e+00,1.061365525710530056e-01,2.252993558333579900e-03,2.653413814276325056e+00,5.000000000000000000e+00,4.472135954999579277e-01,0.000000000000000000e+00
5.000000000000000000e+00,1.079534723068870106e-01,2.330790436622764104e-03,2.698836807672175375e+00,5.000000000000000000e+00,4.472135954999579277e-01,0.000000000000000000e+00
5.000000000000000000e+00,1.098014953454616444e-01,2.411273676019887006e-03,2.745037383636541151e+00,5.000000000000000000e+00,4.472135954999579277e-01,0.000000000000000000e+00
5.000000000000000000e+00,1.116811541348660258e-01,2.494536037779140382e-03,2.792028853371650854e+00,5.000000000000000000e+00,4.472135954999579277e-01,0.000000000000000000e+00
5.000000000000000000e+00,1.135929902380079376e-01,2.580673486242433378e-03,2.839824755950198565e+00,5.000000000000000000e+00,4.472135954999579277e-01,0.000000000000000000e+00
5.000000000000000000e+00,1.155375544886478728e-01,2.669785299443455315e-03,2.888438862216196945e+00,5.000000000000000000e+00,4.472135954999579277e-01,0.000000000000000000e+00
5.000000000000000000e+00,1.175154071501038622e-01,2.761974183530936482e-03,2.937885178752596360e+00,5.000000000000000000e+00,4.472135954999579277e-01,0.000000000000000000e+00
5.000000000000000000e+00,1.195271180766732388e-01,2.857346391142997523e-03,2.988177951916830999e+00,5.000000000000000000e+00,4.472135954999579277e-01,0.000000000000000000e+00
5.000000000000000000e+00,1.215732668778177900e-01,2.956011843869021678e-03,3.039331671945444846e+00,5.000000000000000000e+00,4.472135954999579277e-01,0.000000000000000000e+00
5.000000000000000000e+00,1.236544430851592574e-01,3.058084258940178303e-03,3.091361077128981449e+00,5.000000000000000000e+00,4.472135954999579277e-01,0.000000000000000000e+00
5.000000000000000000e+00,1.257712463223341626e-01,3.163681280294650990e-03,3.144281158058354286e+00,5.000000000000000000e+00,4.472135954999579277e-01,0.000000000000000000e+00
5.000000000000000000e+00,1.279242864777557220e-01,3.272924614168583150e-03,3.198107161943893217e+00,5.000000000000000000e+00,4.472135954999579277e-01,0.000000000000000000e+00
5.000000000000000000e+00,1.301141838803335782e-01,3.385940169369051813e-03,3.252854597008339343e+00,5.000000000000000000e+00,4.472135954999579277e-01,0.000000000000000000e+00
5.000000000000000000e+00,1.323415694782015539e-01,3.502858202390729363e-03,3.308539236955038820e+00,5.000000000000000000e+00,4.472135954999579277e-01,0.000000000000000000e+00
5.000000000000000000e+00,1.346070850205046687e-01,3.623813467543474890e-03,3.365177125512616829e+00,5.000000000000000000e+00,4.472135954999579277e-01,0.000000000000000000e+00
5.000000000000000000e+00,1.369113832422988175e-01,3.748945372263924602e-03,3.422784581057470632e+00,5.000000000000000000e+00,4.472135954999579277e-01,0.000000000000000000e+00
5.000000000000000000e+00,1.392551280526151125e-01,3.878398137790046215e-03,3.481378201315378007e+00,5.000000000000000000e+00,4.472135954999579277e-01,0.000000000000000000e+00
5.000000000000000000e+00,1.416389947257437054e-01,4.012320965383850760e-03,3.540974868143592857e+00,5.000000000000000000e+00,4.472135954999579277e-01,0.000000000000000000e+00
5.000000000000000000e+00,1.440636700957922400e-01,4.150868208293852918e-03,3.601591752394806001e+00,5.000000000000000000e+00,4.472135954999579277e-01,0.000000000000000000e+00
5.000000000000000000e+00,1.465298527545750851e-01,4.294199549655491541e-03,3.663246318864377127e+00,5.000000000000000000e+00,4.472135954999579277e-01,0.000000000000000000e+00
5.000000000000000000e+00,1.490382532528898296e-01,4.442480186534505243e-03,3.725956331322245685e+00,5.000000000000000000e+00,4.472135954999579277e-01,0.000000000000000000e+00
5.000000000000000000e+00,1.515895943052395500e-01,4.595881020325423214e-03,3.789739857630988862e+00,5.000000000000000000e+00,4.472135954999579277e-01,0.000000000000000000e+00
5.000000000000000000e+00,1.541846109980597179e-01,4.754578853724599451e-03,3.854615274951493031e+00,5.000000000000000000e+00,4.472135954999579277e-01,0.000000000000000000e+00
5.000000000000000000e+00,1.568240510015092570e-01,4.918756594504795042e-03,3.920601275037731259e+00,5.000000000000000000e+00,4.472135954999579277e-01,0.000000000000000000e+00
5.000000000000000000e+00,1.595086747848880604e-01,5.088603466326236877e-03,3.987716869622201621e+00,5.000000000000000000e+00,4.472135954999579277e-01,0.000000000000000000e+00
5.000000000000000000e+00,1.622392558357411418e-01,5.264315226827013215e-03,4.055981395893528685e+00,5.000000000000000000e+00,4.472135954999579277e-01,0.000000000000000000e+00
5.000000000000000000e+00,1.650165808827144254e-01,5.446094393244286375e-03,4.125414522067860190e+00,5.000000000000000000e+00,4.472135954999579277e-01,0.000000000000000000e+00
5.000000000000000000e+00,1.678414501222249555e-01,5.634150475826265637e-03,4.196036253055623888e+00,5.000000000000000000e+00,4.472135954999579277e-01,0.000000000000000000e+00
5.000000000000000000e+00,1.707146774490115315e-01,5.828700219304009875e-03,4.267866936225288121e+00,5.000000000000000000e+00,4.472135954999579277e-01,0.000000000000000000e+00
5.000000000000000000e+00,1.736370906906325173e-01,6.029967852701388457e-03,4.340927267265812795e+00,5.000000000000000000e+00,4.472135954999579277e-01,0.000000000000000000e+00
5.000000000000000000e+00,1.766095318459772467e-01,6.238185347771050063e-03,4.415238296149430752e+00,5.000000000000000000e+00,4.472135954999579277e-01,0.000000000000000000e+00
5.000000000000000000e+00,1.796328573278611063e-01,6.453592686354340732e-03,4.490821433196527934e+00,5.000000000000000000e+00,4.472135954999579277e-01,0.000000000000000000e+00
5.000000000000000000e+00,1.827079382097726579e-01,6.676438136973219910e-03,4.567698455244316058e+00,5.000000000000000000e+00,4.472135954999579277e-01,0.000000000000000000e+00
5.000000000000000000e+00,1.858356604768459375e-01,6.906978540973112042e-03,4.645891511921148798e+00,5.000000000000000000e+00,4.472135954999579277e-01,0.000000000000000000e+00
5.000000000000000000e+00,1.890169252811280398e-01,7.145479608546308550e-03,4.725423132028200968e+00,5.000000000000000000e+00,4.472135954999579277e-01,0.000000000000000000e+00
5.000000000000000000e+00,1.922526492012170685e-01,7.392216224977246966e-03,4.806316230030426517e+00,5.000000000000000000e+00,4.472135954999579277e-01,0.000000000000000000e+00
5.000000000000000000e+00,1.955437645063446972e-01,7.647472767462558559e-03,4.888594112658617874e+00,5.000000000000000000e+00,4.472135954999579277e-01,0.000000000000000000e+00
5.000000000000000000e+00,1.988912194249789489e-01,7.911543432871025530e-03,4.972280485624473556e+00,5.000000000000000000e+00,4.472135954999579277e-01,0.000000000000000000e+00
5.000000000000000000e+00,2.022959784180262954e-01,8.184732576821311320e-03,5.057399460450657358e+00,5.000000000000000000e+00,4.472135954999579277e-01,0.000000000000000000e+00
5.000000000000000000e+00,2.057590224567094062e-01,8.467355064468129813e-03,5.143975561417734710e+00,5.000000000000000000e+00,4.472135954999579277e-01,0.000000000000000000e+00
5.000000000000000000e+00,2.092813493052023965e-01,8.759736633401227907e-03,5.232033732630060108e+00,5.000000000000000000e+00,4.472135954999579277e-01,0.000000000000000000e+00
5.000000000000000000e+00,2.128639738081044286e-01,9.062214269075472700e-03,5.321599345202610465e+00,5.000000000000000000e+00,4.472135954999579277e-01,0.000000000000000000e+00
5.000000000000000000e+00,2.165079281828339586e-01,9.375136593204637381e-03,5.412698204570848937e+00,5.000000000000000000e+00,4.472135954999579277e-01,0.000000000000000000e+00
5.000000000000000000e+00,2.202142623170293967e-01,9.698864265566686446e-03,5.505356557925734862e+00,5.000000000000000000e+00,4.472135954999579277e-01,0.000000000000000000e+00
5.000000000000000000e+00,2.239840440710399450e-01,1.003377039968351286e-02,5.599601101775999012e+00,5.000000000000000000e+00,4.472135954999579277e-01,0.000000000000000000e+00
5.000000000000000000e+00,2.278183595855950982e-01,1.038024099285430116e-02,5.695458989639877068e+00,5.000000000000000000e+00,4.472135954999579277e-01,0.000000000000000000e+00
5.000000000000000000e+00,2.317183135947410433e-01,1.073867537103815120e-02,5.792957839868526193e+00,5.000000000000000000e+00,4.472135954999579277e-01,0.000000000000000000e+00
5.000000000000000000e+00,2.356850297441337172e-01,1.110948664909863944e-02,5.892125743603342514e+00,5.000000000000000000e+00,4.472135954999579277e-01,0.000000000000000000e+00
5.000000000000000000e+00,2.397196509147814791e-01,1.149310220694093818e-02,5.992991272869536701e+00,5.000000000000000000e+00,4.472135954999579277e-01,0.000000000000000000e+00
5.000000000000000000e+00,2.438233395523290992e-01,1.188996418209007332e-02,6.095583488808227202e+00,5.000000000000000000e+00,4.472135954999579277e-01,0.000000000000000000e+00
5.000000000000000000e+00,2.479972780019789047e-01,1.230052997927816132e-02,6.199931950049472285e+00,5.000000000000000000e+00,4.472135954999579277e-01,0.000000000000000000e+00
5.000000000000000000e+00,2.522426688491449798e-01,1.272527279762788142e-02,6.306066721228624772e+00,5.000000000000000000e+00,4.472135954999579277e-01,0.000000000000000000e+00
5.000000000000000000e+00,2.565607352659398654e-01,1.316468217603993483e-02,6.414018381648496359e+00,5.000000000000000000e+00,4.472135954999579277e-01,0.000000000000000000e+00
5.000000000000000000e+00,2.609527213635918219e-01,1.361926455741287699e-02,6.523818034089795326e+00,5.000000000000000000e+00,4.472135954999579277e-01,0.000000000000000000e+00
5.000000000000000000e+00,2.654198925508950424e-01,1.408954387234573336e-02,6.635497313772376060e+00,5.000000000000000000e+00,4.472135954999579277e-01,0.000000000000000000e+00
5.000000000000000000e+00,2.699635358987966804e-01,1.457606214299617640e-02,6.749088397469916956e+00,5.000000000000000000e+00,4.472135954999579277e-01,0.000000000000000000e+00
5.000000000000000000e+00,2.745849605112240521e-01,1.507938010779009443e-02,6.864624012780601525e+00,5.000000000000000000e+00,4.472135954999579277e-01,0.000000000000000000e+00
5.000000000000000000e+00,2.792854979022614814e-01,1.560007786770282144e-02,6.982137447556537424e+00,5.000000000000000000e+00,4.472135954999579277e-01,0.000000000000000000e+00
5.000000000000000000e+00,2.840665023797824817e-01,1.613875555485659238e-02,7.101662559494561933e+00,5.000000000000000000e+00,4.472135954999579277e-01,0.000000000000000000e+00
5.000000000000000000e+00,2.889293514356498505e-01,1.669603402420504965e-02,7.223233785891245873e+00,5.000000000000000000e+00,4.472135954999579277e-01,0.000000000000000000e+00
5.000000000000000000e+00,2.938754461425957532e-01,1.727255556910193765e-02,7.346886153564893718e+00,5.000000000000000000e+00,4.472135954999579277e-01,0.000000000000000000e+00
5.000000000000000000e+00,2.989062115578946521e-01,1.786898466157857412e-02,7.472655288947366081e+00,5.000000000000000000e+00,4.472135954999579277e-01,0.000000000000000000e+00
5.000000000000000000e+00,3.040230971339485944e-01,1.848600871818367047e-02,7.600577428348715081e+00,5.000000000000000000e+00,4.472135954999579277e-01,0.000000000000000000e+00
5.000000000000000000e+00,3.092275771358994341e-01,1.912433889226772959e-02,7.730689428397486296e+00,5.000000000000000000e+00,4.472135954999579277e-01,0.000000000000000000e+00
5.000000000000000000e+00,3.145211510663907251e-01,1.978471089362547619e-02,7.863028776659768404e+00,5.000000000000000000e+00,4.472135954999579277e-01,0.000000000000000000e+00
5.000000000000000000e+00,3.199053440976012408e-01,2.046788583644092857e-02,7.997633602440030742e+00,5.000000000000000000e+00,4.472135954999579277e-01,0.000000000000000000e+00
5.000000000000000000e+00,3.253817075106731904e-01,2.117465111651225390e-02,8.134542687766829872e+00,5.000000000000000000e+00,4.472135954999579277e-01,0.000000000000000000e+00
5.000000000000000000e+00,3.309518191426648048e-01,2.190582131876782357e-02,8.273795478566620787e+00,5.000000000000000000e+00,4.472135954999579277e-01,0.000000000000000000e+00
5.000000000000000000e+00,3.366172838411524149e-01,2.266223915611899342e-02,8.415432096028810705e+00,5.000000000000000000e+00,4.472135954999579277e-01,0.000000000000000000e+00
5.000000000000000000e+00,3.423797339266156925e-01,2.344477644073203124e-02,8.559493348165393201e+00,5.000000000000000000e+00,4.472135954999579277e-01,0.000000000000000000e+00
5.000000000000000000e+00,3.482408296627375055e-01,2.425433508883835174e-02,8.706020741568437415e+00,5.000000000000000000e+00,4.472135954999579277e-01,0.000000000000000000e+00
5.000000000000000000e+00,3.542022597347558865e-01,2.509184816024149361e-02,8.855056493368897108e+00,5.000000000000000000e+00,4.472135954999579277e-01,0.000000000000000000e+00
5.000000000000000000e+00,3.602657417360037861e-01,2.595828093371859574e-02,9.006643543400095098e+00,5.000000000000000000e+00,4.472135954999579277e-01,0.000000000000000000e+00
5.000000000000000000e+00,3.664330226627779408e-01,2.685463201955598511e-02,9.160825566569448242e+00,5.000000000000000000e+00,4.472135954999579277e-01,0.000000000000000000e+00
5.000000000000000000e+00,3.727058794176798528e-01,2.778193451050122234e-02,9.317646985441996321e+00,5.000000000000000000e+00,4.472135954999579277e-01,0.000000000000000000e+00
5.000000000000000000e+00,3.790861193215717684e-01,2.874125717245779033e-02,9.477152983039294654e+00,5.000000000000000000e+00,4.472135954999579277e-01,0.000000000000000000e+00
5.000000000000000000e+00,3.855755806342989755e-01,2.973370567629535915e-02,9.639389515857473612e+00,5.000000000000000000e+00,4.472135954999579277e-01,0.000000000000000000e+00
5.000000000000000000e+00,3.921761330843244187e-01,3.076042387219474900e-02,9.804403327108110133e+00,5.000000000000000000e+00,4.472135954999579277e-01,0.000000000000000000e+00
5.000000000000000000e+00,3.988896784074302815e-01,3.182259510799663460e-02,9.972241960185757037e+00,5.000000000000000000e+00,4.472135954999579277e-01,0.000000000000000000e+00
5.000000000000000000e+00,4.057181508946422488e-01,3.292144359307354329e-02,1.014295377236605589e+01,5.000000000000000000e+00,4.472135954999579277e-01,0.000000000000000000e+00
5.000000000000000000e+00,4.126635179495318773e-01,3.405823580929671912e-02,1.031658794873829699e+01,5.000000000000000000e+00,4.472135954999579277e-01,0.000000000000000000e+00
5.000000000000000000e+00,4.197277806550617218e-01,3.523428197072472207e-02,1.049319451637654232e+01,5.000000000000000000e+00,4.472135954999579277e-01,0.000000000000000000e+00
5.000000000000000000e+00,4.269129743501316465e-01,3.645093753369522960e-02,1.067282435875329050e+01,5.000000000000000000e+00,4.472135954999579277e-01,0.000000000000000000e+00
5.000000000000000000e+00,4.342211692159963499e-01,3.770960475906139087e-02,1.085552923039990958e+01,5.000000000000000000e+00,4.472135954999579277e-01,0.000000000000000000e+00
5.000000000000000000e+00,4.416544708727213053e-01,3.901173432837268945e-02,1.104136177181803191e+01,5.000000000000000000e+00,4.472135954999579277e-01,0.000000000000000000e+00
5.000000000000000000e+00,4.492150209858482013e-01,4.035882701586320648e-02,1.123037552464620425e+01,5.000000000000000000e+00,4.472135954999579277e-01,0.000000000000000000e+00
5.000000000000000000e+00,4.569049978834479053e-01,4.175243541817470760e-02,1.142262494708619691e+01,5.000000000000000000e+00,4.472135954999579277e-01,0.000000000000000000e+00
5.000000000000000000e+00,4.647266171837345361e-01,4.319416574380747359e-02,1.161816542959336296e+01,5.000000000000000000e+00,4.472135954999579277e-01,0.000000000000000000e+00
5.000000000000000000e+00,4.726821324334244401e-01,4.468567966436188393e-02,1.181705331083561106e+01,5.000000000000000000e+00,4.472135954999579277e-01,0.000000000000000000e+00
5.000000000000000000e+00,4.807738357570221499e-01,4.622869622970401937e-02,1.201934589392555353e+01,5.000000000000000000e+00,4.472135954999579277e-01,0.000000000000000000e+00
5.000000000000000000e+00,4.890040585172231169e-01,4.782499384926315600e-02,1.222510146293057787e+01,5.000000000000000000e+00,4.472135954999579277e-01,0.000000000000000000e+00
5.000000000000000000e+00,4.973751719866197907e-01,4.947641234174392222e-02,1.243437929966549405e+01,5.000000000000000000e+00,4.472135954999579277e-01,0.000000000000000000e+00
5.000000000000000000e+00,5.058895880309074444e-01,5.118485505561624904e-02,1.264723970077268689e+01,5.000000000000000000e+00,4.472135954999579277e-01,0.000000000000000000e+00
5.000000000000000000e+00,5.145497598037840348e-01,5.295229106282637460e-02,1.286374399509460176e+01,5.000000000000000000e+00,4.472135954999579277e-01,0.000000000000000000e+00
5.000000000000000000e+00,5.233581824537499871e-01,5.478075742825853217e-02,1.308395456134375046e+01,5.000000000000000000e+00,4.472135954999579277e-01,0.000000000000000000e+00
5.000000000000000000e+00,5.323173938430014740e-01,5.667236155756102262e-02,1.330793484607503707e+01,5.000000000000000000e+00,4.472135954999579277e-01,0.000000000000000000e+00
5.000000000000000000e+00,5.414299752786342346e-01,5.862928362604449134e-02,1.353574938196585542e+01,5.000000000000000000e+00,4.472135954999579277e-01,0.000000000000000000e+00
5.000000000000000000e+00,5.506985522563662139e-01,6.065377909145154567e-02,1.376746380640915568e+01,5.000000000000000000e+00,4.472135954999579277e-01,0.000000000000000000e+00
5.000000000000000000e+00,5.601257952169846899e-01,6.274818129349188367e-02,1.400314488042461747e+01,5.000000000000000000e+00,4.472135954999579277e-01,0.000000000000000000e+00
5.000000000000000000e+00,5.697144203157524789e-01,6.491490414314277091e-02,1.424286050789381264e+01,5.000000000000000000e+00,4.472135954999579277e-01,0.000000000000000000e+00
5.000000000000000000e+00,5.794671902049759460e-01,6.715644490480995876e-02,1.448667975512439909e+01,5.000000000000000000e+00,4.472135954999579277e-01,0.000000000000000000e+00
5.000000000000000000e+00,5.893869148299758498e-01,6.947538707455944151e-02,1.473467287074939591e+01,5.000000000000000000e+00,4.472135954999579277e-01,0.000000000000000000e+00
5.000000000000000000e+00,5.994764522386837324e-01,7.187440335773577493e-02,1.498691130596709264e+01,5.000000000000000000e+00,4.472135954999579277e-01,0.000000000000000000e+00
5.000000000000000000e+00,6.097387094050923384e-01,7.435625874939752467e-02,1.524346773512730913e+01,5.000000000000000000e+00,4.472135954999579277e-01,0.000000000000000000e+00
5.000000000000000000e+00,6.201766430668103069e-01,7.692381372112357119e-02,1.550441607667025679e+01,5.000000000000000000e+00,4.472135954999579277e-01,0.000000000000000000e+00
5.000000000000000000e+00,6.307932605769471790e-01,7.958002751785928086e-02,1.576983151442367870e+01,5.000000000000000000e+00,4.472135954999579277e-01,0.000000000000000000e+00
5.000000000000000000e+00,6.415916207705859575e-01,8.232796156860547332e-02,1.603979051926464905e+01,5.000000000000000000e+00,4.472135954999579277e-01,0.000000000000000000e+00
5.000000000000000000e+00,6.525748348460898018e-01,8.517078301488027747e-02,1.631437087115224571e+01,5.000000000000000000e+00,4.472135954999579277e-01,0.000000000000000000e+00
5.000000000000000000e+00,6.637460672614886592e-01,8.811176836101852761e-02,1.659365168153721726e+01,5.000000000000000000e+00,4.472135954999579277e-01,0.000000000000000000e+00
5.000000000000000000e+00,6.751085366462211690e-01,9.115430725052042771e-02,1.687771341615552956e+01,5.000000000000000000e+00,4.472135954999579277e-01,0.000000000000000000e+00
5.000000000000000000e+00,6.866655167284734240e-01,9.430190637279628474e-02,1.716663791821183693e+01,5.000000000000000000e+00,4.472135954999579277e-01,0.000000000000000000e+00
5.000000000000000000e+00,6.984203372784000274e-01,9.755819350481480245e-02,1.746050843196000102e+01,5.000000000000000000e+00,4.472135954999579277e-01,0.000000000000000000e+00
5.000000000000000000e+00,7.103763850674922331e-01,1.009269216923116136e-01,1.775940962668730450e+01,5.000000000000000000e+00,4.472135954999579277e-01,0.000000000000000000e+00
5.000000000000000000e+00,7.225371048443612887e-01,1.044119735753743089e-01,1.806342762110903166e+01,5.000000000000000000e+00,4.472135954999579277e-01,0.000000000000000000e+00
5.000000000000000000e+00,7.349060003272371855e-01,1.080173658633954287e-01,1.837265000818092986e+01,5.000000000000000000e+00,4.472135954999579277e-01,0.000000000000000000e+00
5.000000000000000000e+00,7.474866352134470482e-01,1.117472539645441715e-01,1.868716588033617754e+01,5.000000000000000000e+00,4.472135954999579277e-01,0.000000000000000000e+00
5.000000000000000000e+00,7.602826342061806963e-01,1.156059367750978256e-01,1.900706585515451863e+01,5.000000000000000000e+00,4.472135954999579277e-01,0.000000000000000000e+00
5.000000000000000000e+00,7.732976840588350331e-01,1.195978616341515643e-01,1.933244210147087472e+01,5.000000000000000000e+00,4.472135954999579277e-01,0.000000000000000000e+00
5.000000000000000000e+00,7.865355346372264744e-01,1.237276294494135398e-01,1.966338836593066119e+01,5.000000000000000000e+00,4.472135954999579277e-01,0.000000000000000000e+00
5.000000000000000000e+00,8.000000000000000444e-01,1.280000000000000304e-01,2.000000000000000000e+01,5.000000000000000000e+00,4.472135954999579277e-01,0.000000000000000000e+00
