s,rho,L,cyc0,cyc1,cyc2,cyc3,cov1,cov2,cov3,krms,kmax,dq10,dq25,dq50,dq75,dq90
0.000000000000000000e+00,-7.298791804790713544e-02,1.034215694928354168e+01,4.430088114713121722e-02,4.022682116704996008e-02,6.687025761169192173e-02,5.891911453611303057e-02,5.530818688244221182e-01,4.048648380462410157e-01,4.205329312933660246e-02,3.040855414670656565e+00,2.476073242093856308e+01,3.993672142290370930e-01,8.237705908500928542e-01,1.284000245788940564e+00,1.755226256235231874e+00,2.131386643490372101e+00
5.000000000000000278e-02,-5.282482858368675593e-02,1.042812527382690391e+01,5.270541699312116662e-02,4.524584095928143451e-02,4.673654753039985926e-02,3.527871973825657398e-02,5.230800190883233558e-01,4.441713389756121733e-01,3.274864193606456808e-02,2.324839573382494251e+00,1.058645436326140121e+01,4.400344169116358617e-01,8.420658648919709943e-01,1.290331941832611573e+00,1.749728202333081795e+00,2.106142997240382009e+00
1.000000000000000056e-01,-5.067450937274831091e-02,1.045651343680372491e+01,5.149276588182515740e-02,4.551403905150954582e-02,4.538091619981559494e-02,3.609329114738042688e-02,5.220285613457585905e-01,4.445760204482385736e-01,3.339541820600271799e-02,2.319758214928624884e+00,1.058192929981821528e+01,4.395163070695092822e-01,8.425770642860281878e-01,1.289326625631941337e+00,1.752875730238100616e+00,2.105496978930214258e+00
1.499999999999999944e-01,-4.844790608782987423e-02,1.049318056752759176e+01,5.027101036377286392e-02,4.576051430775691237e-02,4.408161612272757518e-02,3.700009231141778571e-02,5.214554602129974903e-01,4.444707885328393893e-01,3.407375125416323147e-02,2.320334655765782017e+00,1.061552976801902837e+01,4.471736754006542802e-01,8.397296878736205672e-01,1.287009314804322013e+00,1.753679355596495348e+00,2.101149519772545826e+00
2.000000000000000111e-01,-4.618976554806265150e-02,1.053439530725031403e+01,4.906597786265915612e-02,4.596133920157331743e-02,4.286441076123453930e-02,3.765917306549197707e-02,5.211214229632625816e-01,4.441247270994766461e-01,3.475384993726055721e-02,2.324250541957252558e+00,1.064201414964979087e+01,4.466400850707793468e-01,8.396472767296432327e-01,1.288306941274540041e+00,1.754954688677372365e+00,2.100558608888865919e+00
2.500000000000000000e-01,-4.389843423579785353e-02,1.057975047760127651e+01,4.789186264515975927e-02,4.611339477252350549e-02,4.172595632714336256e-02,3.804816768060383797e-02,5.210159295078844455e-01,4.435563046026931855e-01,3.542776588942261190e-02,2.331180215134217359e+00,1.064815198024848009e+01,4.457760449085745869e-01,8.375225031543914733e-01,1.285203100147855881e+00,1.754530151005742056e+00,2.100892603525938984e+00
2.999999999999999889e-01,-4.156992646039305017e-02,1.062896228462047254e+01,4.675225716897670608e-02,4.621539081019378908e-02,4.066669317323180072e-02,3.818043371509317191e-02,5.211409314925758984e-01,4.427699314413341414e-01,3.608913706609005040e-02,2.340768012206545290e+00,1.061745835164509622e+01,4.484467294158206441e-01,8.396313446613770104e-01,1.282880460114395049e+00,1.755062627914438345e+00,2.099784773743023081e+00
3.500000000000000333e-01,-3.920049335789438372e-02,1.068171048126608369e+01,4.564564766339902768e-02,4.626676216966255778e-02,3.968988147165623814e-02,3.808266427746050814e-02,5.215000400365938926e-01,4.417676952396938916e-01,3.673226472371198675e-02,2.352580768530119659e+00,1.053016034274408597e+01,4.513835627450234478e-01,8.407180224646461086e-01,1.283814823385583059e+00,1.753591502759107357e+00,2.097951517188092474e+00
4.000000000000000222e-01,-3.678734458287399867e-02,1.073760940863250646e+01,4.456715468495143356e-02,4.626762521488271551e-02,3.880141207234961975e-02,3.778950666593697272e-02,5.220969443537117893e-01,4.405508592679732716e-01,3.735219637831492523e-02,2.366123848170700317e+00,1.036550491044433464e+01,4.584611349802101832e-01,8.416481372890249890e-01,1.283954487627053664e+00,1.755629129429496338e+00,2.094948100741928609e+00
4.500000000000000111e-01,-3.432921174857869739e-02,1.079622712790085970e+01,4.351032455581061581e-02,4.621838581335458579e-02,3.800825501898225794e-02,3.734067040009528965e-02,5.229336868601941468e-01,4.391208474677388840e-01,3.794546567206696225e-02,2.380881939090528920e+00,1.010594743810690943e+01,4.579232350361373549e-01,8.403880763591078384e-01,1.283755670572872765e+00,1.751647626739533115e+00,2.092790147212328034e+00
5.000000000000000000e-01,-3.182645612743340013e-02,1.085714683407709558e+01,4.246886776633337912e-02,4.611890120265881715e-02,3.731548905025002666e-02,3.677644296140304692e-02,5.240081557368636567e-01,4.374806977902336858e-01,3.851114647290312248e-02,2.396371758223993620e+00,1.020000951799332434e+01,4.549160823100129591e-01,8.360241248706787864e-01,1.280316601655570263e+00,1.753289820914464947e+00,2.092647987782631613e+00
5.500000000000000444e-01,-2.928028679154195263e-02,1.092006025873146235e+01,4.143754929652961050e-02,4.596738979290923566e-02,3.672261124843974323e-02,3.613190456380768745e-02,5.253112011296720008e-01,4.356370714075534223e-01,3.905172746277467410e-02,2.412187502773830428e+00,1.029280896620581842e+01,4.536348175912447989e-01,8.373211428212831153e-01,1.279509103431380801e+00,1.755331517040370048e+00,2.090326944585637836e+00
5.999999999999999778e-01,-2.669107350921676863e-02,1.098486123633633227e+01,4.041256011323728081e-02,4.575956707542332136e-02,3.622064792055235821e-02,3.543364335416977068e-02,5.268246159399017081e-01,4.336021809055183862e-01,3.957320315458011384e-02,2.428027421505596362e+00,1.031439070474937836e+01,4.532750214901595243e-01,8.416576496411107833e-01,1.278921195727548143e+00,1.755558624567433057e+00,2.091409705632855331e+00
6.500000000000000222e-01,-2.405643246872668853e-02,1.105169443914435057e+01,3.939260166098582788e-02,4.548858421054162438e-02,3.579185201138090910e-02,3.470274783861169998e-02,5.285219547490340730e-01,4.313940553960313173e-01,4.008398985493472760e-02,2.443709149562043326e+00,1.023882088861255824e+01,4.535544462018104572e-01,8.453914393536779981e-01,1.275493484881682349e+00,1.760032810851677176e+00,2.091363943031547379e+00
7.000000000000000666e-01,-2.137031658187894465e-02,1.112092758045961993e+01,3.838082561479345262e-02,4.514607776956252455e-02,3.541291002731702248e-02,3.396235763657649148e-02,5.303738707010460240e-01,4.290332819145759591e-01,4.059284738437844015e-02,2.459186965413143078e+00,1.004648351177245758e+01,4.576009336171866226e-01,8.427134128704287797e-01,1.277272105850856043e+00,1.760811448762314102e+00,2.089996284663232284e+00
7.500000000000000000e-01,-1.862404138983966492e-02,1.119305475584900122e+01,3.738598554810011049e-02,4.472405737652335178e-02,3.506068913059194603e-02,3.324241564928072379e-02,5.323575016505337487e-01,4.265358580282174183e-01,4.110664032124904804e-02,2.474563955911923685e+00,9.730567154904049332e+00,4.596413830340295159e-01,8.453691750911314085e-01,1.275953237403687934e+00,1.760793241437435874e+00,2.093033286222242051e+00
8.000000000000000444e-01,-1.580880950062739029e-02,1.126857991146076365e+01,3.642132699315629024e-02,4.421680357075161855e-02,3.471779165170450765e-02,3.257678809890704463e-02,5.344661507632387787e-01,4.239048236813175441e-01,4.162902555544357314e-02,2.490071891764417789e+00,9.848610562294679127e+00,4.565588325647852996e-01,8.508065852438070342e-01,1.274784335982081629e+00,1.760511869835555299e+00,2.090730895519350874e+00
8.499999999999999778e-01,-1.291795695188971763e-02,1.134793718200452695e+01,3.550221739720517411e-02,4.362186768390799441e-02,3.437516745175050320e-02,3.199771239886319701e-02,5.367137731843280024e-01,4.211255755363038089e-01,4.216065127936857032e-02,2.505997743819593282e+00,1.034194287989762451e+01,4.554565210001768061e-01,8.536576376500620844e-01,1.271768314417128565e+00,1.760206916286163548e+00,2.094589655953150942e+00
9.000000000000000222e-01,-9.946494816015014409e-03,1.143146626474881344e+01,3.464506585285324902e-02,4.293978856515972414e-02,3.403097279389925844e-02,3.153681876113091642e-02,5.391310725353911648e-01,4.181685585373129399e-01,4.270036892729522915e-02,2.522561832703460905e+00,1.081878574471978993e+01,4.565275573619329563e-01,8.582913941206885555e-01,1.268384132765925987e+00,1.756724540029673154e+00,2.090843554649170155e+00
9.500000000000000666e-01,-6.885774040018326214e-03,1.151941416689474629e+01,3.386730915403037695e-02,4.217290916540356038e-02,3.368710025556677368e-02,3.123398471088448952e-02,5.417555939613696303e-01,4.149983386452855139e-01,4.324606739334455746e-02,2.539779190299129574e+00,1.123859869047762317e+01,4.545533224008485584e-01,8.547563252527132782e-01,1.269873023094193032e+00,1.754308643492835218e+00,2.096937281827125688e+00
1.000000000000000000e+00,-3.716566423665522943e-03,1.161189538535982280e+01,3.318449323855587191e-02,4.132449528122319332e-02,3.334691700427106636e-02,3.115478325682187813e-02,5.446225400261097693e-01,4.115836103336723006e-01,4.379384964021770105e-02,2.557322384441808261e+00,1.153691470180622503e+01,4.500927839836477151e-01,8.492685469085172745e-01,1.272769740934248217e+00,1.755402860215393934e+00,2.103333747691041200e+00
1.050000000000000044e+00,-4.146230232842456026e-04,1.170864682902151799e+01,3.260293843428323929e-02,4.040012976500594738e-02,3.302040201486533544e-02,3.143453524393940990e-02,5.477610536328183510e-01,4.079032302071804450e-01,4.433571616000168969e-02,2.574400322845249001e+00,1.161717569056859922e+01,4.572042919640665337e-01,8.492431618828895079e-01,1.271200122304076974e+00,1.756135328311465793e+00,2.095109694685064028e+00
1.100000000000000089e+00,3.022643354308812962e-03,1.180847475986664641e+01,3.211452714300892797e-02,3.941189936078854511e-02,3.273874990553951592e-02,3.231886963227421916e-02,5.511934142177636886e-01,4.039476254782819464e-01,4.485896030395441353e-02,2.589921382252996285e+00,1.137795965172658619e+01,4.575454625584350343e-01,8.503768680636072386e-01,1.267082260325497423e+00,1.758472312924729275e+00,2.098781054488177311e+00
1.150000000000000133e+00,6.553172520035030132e-03,1.190902640640176990e+01,3.170297571489782279e-02,3.837996139573161825e-02,3.255985743768099322e-02,3.402852535040354343e-02,5.549314222146276565e-01,3.997156442998240911e-01,4.535293348554825937e-02,2.603241786281264680e+00,1.078917821657373821e+01,4.616602625145252436e-01,8.502029365745262801e-01,1.267973289139645576e+00,1.754335381831987561e+00,2.099746659385528069e+00
1.199999999999999956e+00,1.010069190762647763e-02,1.200801317108721378e+01,3.135373893928456585e-02,3.732410728179558213e-02,3.253660659751367312e-02,3.645438012338222261e-02,5.589700946006792570e-01,3.952082120343825555e-01,4.582169336493836787e-02,2.614693192094835528e+00,1.091021080936512533e+01,4.659123964704420251e-01,8.463878307241687882e-01,1.265515769974804527e+00,1.752084308146990121e+00,2.095674270792228455e+00
1.250000000000000000e+00,1.358936726892217596e-02,1.210512567149940821e+01,3.106140807756927608e-02,3.625268635201387563e-02,3.266769133240095963e-02,3.916493482546029581e-02,5.632817065789772482e-01,3.904303074785135386e-01,4.628798594250933818e-02,2.625109767000542327e+00,1.125082285876444566e+01,4.699709527948783272e-01,8.432665426804448749e-01,1.265573913217048041e+00,1.751783270952534277e+00,2.098406317776481345e+00
1.300000000000000044e+00,1.700877369785935150e-02,1.220244538795618183e+01,3.085161142501969406e-02,3.516612401342195104e-02,3.288734972930233702e-02,4.181988773995945485e-02,5.678150027518114040e-01,3.854032889502416181e-01,4.678170829794707497e-02,2.635308285378922477e+00,1.140792590546635488e+01,4.726460345894162862e-01,8.437022387415999969e-01,1.262206225498514911e+00,1.749318895842062682e+00,2.102401029511845376e+00
1.350000000000000089e+00,2.045704699251920528e-02,1.230317944631500460e+01,3.079540098249917979e-02,3.407390484745102810e-02,3.310407036667683406e-02,4.446641140737379871e-02,5.725109874251357311e-01,3.801658041985773173e-01,4.732320837628689603e-02,2.646017959493105920e+00,1.132433156059508406e+01,4.766272609531161386e-01,8.508068956933063642e-01,1.261605211378346025e+00,1.752676206001987369e+00,2.105628383553390215e+00
1.400000000000000133e+00,2.404973551684270322e-02,1.240995819384772680e+01,3.097258373451079738e-02,3.300602036598081906e-02,3.324503788803242349e-02,4.750305147845961667e-02,5.773244313911569670e-01,3.747616340763899601e-01,4.791393453245307299e-02,2.657710563492160283e+00,1.098109129933175510e+01,4.809025236637842760e-01,8.467804836974852645e-01,1.260541311803863973e+00,1.751205753824575106e+00,2.110721298585554795e+00
1.449999999999999956e+00,2.777388280603083556e-02,1.252367223087198767e+01,3.141625916830503851e-02,3.200858779854365982e-02,3.326690815821734676e-02,5.155909866971948585e-02,5.822317648653706490e-01,3.692276683870739928e-01,4.854056674755517775e-02,2.670259394556538712e+00,1.151357589969619255e+01,4.858291272278214556e-01,8.405562439971101529e-01,1.258854466914589576e+00,1.746875763963139372e+00,2.113424164893595414e+00
1.500000000000000000e+00,3.148340714155443282e-02,1.264324110078216989e+01,3.213689151273167732e-02,3.113725104041564426e-02,3.315397536101158393e-02,5.739457646830118526e-02,5.872338643587453610e-01,3.635798575687396728e-01,4.918627807251450823e-02,2.682592686732424347e+00,1.209842098855030557e+01,4.900837403857342123e-01,8.400510318177822899e-01,1.258071689541446103e+00,1.747878479603748314e+00,2.111702237396168691e+00
1.550000000000000044e+00,3.510598566800163939e-02,1.276620166724850769e+01,3.314527574407933469e-02,3.046615627271288818e-02,3.292994843401846061e-02,6.560138893323848308e-02,5.923552158296234715e-01,3.578083844602409358e-01,4.983639971013574532e-02,2.692969405095757107e+00,1.219724200554931315e+01,4.940346305796101123e-01,8.390322052312078061e-01,1.261385530313583914e+00,1.745765125605049484e+00,2.108106539741976260e+00
1.600000000000000089e+00,3.869613152967400771e-02,1.288992783259800490e+01,3.427924376326649258e-02,3.010248751555407928e-02,3.265022424286932040e-02,7.619176220851932302e-02,5.976285601815618520e-01,3.518932659133147123e-01,5.047817390512371327e-02,2.700572124475871139e+00,1.164227996135728382e+01,4.954400403058454305e-01,8.378448614289562002e-01,1.262197600470830849e+00,1.743604715265324456e+00,2.107971905614888897e+00
1.650000000000000133e+00,4.221409311635419132e-02,1.301149033500153607e+01,3.527246362555879616e-02,3.020157563889605198e-02,3.238436478077916236e-02,8.809693718553184005e-02,6.030579642334126245e-01,3.458329977460721794e-01,5.110903802051481454e-02,2.707069565987428650e+00,1.048418345781052707e+01,4.942945744156458932e-01,8.389385255165836552e-01,1.264373210770608935e+00,1.742854509041431132e+00,2.103375433054677668e+00
1.699999999999999956e+00,4.562488352622425664e-02,1.312824006902093821e+01,3.625522443808219114e-02,3.096790410277036609e-02,3.217711291302034760e-02,9.902022496770998550e-02,6.085924756338221275e-01,3.396496365214323743e-01,5.175788784474543575e-02,2.715745741186919915e+00,9.783579330723839007e+00,4.944383131376394180e-01,8.395093862132254614e-01,1.257911068600554350e+00,1.739124074238360240e+00,2.108863082815973566e+00
1.750000000000000000e+00,4.900833299072039628e-02,1.324401753066216259e+01,3.771297448385078216e-02,3.257695096799981954e-02,3.196788817684165923e-02,1.073803612436152050e-01,6.141701242367387792e-01,3.333484948481449939e-01,5.248138091511608122e-02,2.729039973511926842e+00,1.043241242109698952e+01,4.968410962087095872e-01,8.401859632589443461e-01,1.252981441764022819e+00,1.730655787511997890e+00,2.108873348985091933e+00
1.800000000000000044e+00,5.239564861424472753e-02,1.337017654542890455e+01,3.990908689414384564e-02,3.509379080965439185e-02,3.162869936842140767e-02,1.135990973688230377e-01,6.197682648097346814e-01,3.269232878275834531e-01,5.330844736268188638e-02,2.747612724947727791e+00,1.097125042425780173e+01,4.970600715530397173e-01,8.401675480338461899e-01,1.257267314210272602e+00,1.730519227803261506e+00,2.113443723263068286e+00
1.850000000000000089e+00,5.560526880929318738e-02,1.351608383224833432e+01,4.242515187053242515e-02,3.848935861820289295e-02,3.108297504491495250e-02,1.192435373375723279e-01,6.253828330820013770e-01,3.204166842384061353e-01,5.420048267959291788e-02,2.768020973387369299e+00,1.201007603224032572e+01,4.939618483930502957e-01,8.351019381786481954e-01,1.251417974801542154e+00,1.729586423379067872e+00,2.120841751418919063e+00
1.900000000000000133e+00,5.802102364150855951e-02,1.368006318681055511e+01,4.485021339671502877e-02,4.272742863442676592e-02,3.034967810727706022e-02,1.256314207482972511e-01,6.309971868163979369e-01,3.139042918964803364e-01,5.509852128712219854e-02,2.782694033170098447e+00,1.246834592442298728e+01,4.951832521203957671e-01,8.397764341957911771e-01,1.245052547586739777e+00,1.727803992428120550e+00,2.117306475180142922e+00
1.949999999999999956e+00,6.035090412825068473e-02,1.384848212431637648e+01,4.784088837223030716e-02,4.798858146177015227e-02,2.955207676342868489e-02,1.317239876044164482e-01,6.365663527601638227e-01,3.074735756209799886e-01,5.596007161885591802e-02,2.787797571057818669e+00,1.172690150745684257e+01,4.878587321075783523e-01,8.316719591721961624e-01,1.249352603843632004e+00,1.720037584368401706e+00,2.114950223159373088e+00
2.000000000000000000e+00,6.397524769223190966e-02,1.401191287189619850e+01,5.115512606215161934e-02,5.434458137128607425e-02,2.872008494395704783e-02,1.349692201382590440e-01,6.420943261648525135e-01,3.011162593268262855e-01,5.678941450832152710e-02,2.788249472244638039e+00,1.083297068297453514e+01,4.892922132500814314e-01,8.303954756493544531e-01,1.246085230239432295e+00,1.709974097605081234e+00,2.123595412354095213e+00
2.049999999999999822e+00,6.792342711448280668e-02,1.416665484222123084e+01,5.389122289993435871e-02,6.178734519313821422e-02,2.786024307267674985e-02,1.323650664407833022e-01,6.475960943224868815e-01,2.947606858344123948e-01,5.764321984310102898e-02,2.792123338756811624e+00,1.015001717409939630e+01,4.971882912361907381e-01,8.261334355814611285e-01,1.251013684761139055e+00,1.711097466280524504e+00,2.121649897820432784e+00
2.100000000000000089e+00,7.122922965930314487e-02,1.431233534919978823e+01,5.720659505414301543e-02,7.023088577818813183e-02,2.699740072530613585e-02,1.234089819178857961e-01,6.530248838322620930e-01,2.883891813077337773e-01,5.858593486000420597e-02,2.804226994573092657e+00,9.984040576233786268e+00,4.916057216684151521e-01,8.281147823980150591e-01,1.250430355444696939e+00,1.706698134283024526e+00,2.129411087667865576e+00
2.149999999999999911e+00,7.438518683725200975e-02,1.446647781078110562e+01,6.216887865768620097e-02,7.891373775042631600e-02,2.606973565626089645e-02,1.131743505919181603e-01,6.583335986126086503e-01,2.820214013112680718e-01,5.964500007612337507e-02,2.819397415914102645e+00,1.159095444507382311e+01,4.841519348804246836e-01,8.235705561402225650e-01,1.247624857620747152e+00,1.703832989980833768e+00,2.135700360006268284e+00
2.200000000000000178e+00,7.710087348916028205e-02,1.464263597132750050e+01,6.684532722508021441e-02,8.728659536878533021e-02,2.504212943925719984e-02,1.028024089884827519e-01,6.634774633312835457e-01,2.757264644410160059e-01,6.079607222770015001e-02,2.829426920959132286e+00,1.229384782699924195e+01,4.778357308412487514e-01,8.218567492461843482e-01,1.242333625412904041e+00,1.696163401703961737e+00,2.137595062921842537e+00
2.250000000000000000e+00,7.779769518037402132e-02,1.483480068998234636e+01,6.988851922415371953e-02,9.574977311369183008e-02,2.394193119042830817e-02,9.030692402164254562e-02,6.683865721566292217e-01,2.696154879559237716e-01,6.199793988744684708e-02,2.831498998464446082e+00,1.167629464097299241e+01,4.816501247395132967e-01,8.131835750238867178e-01,1.241613902533459157e+00,1.692370290701739943e+00,2.135897974019184353e+00
2.300000000000000266e+00,7.894218338437476723e-02,1.502492210879397305e+01,7.492655425812926040e-02,1.052045653932004998e-01,2.279711450004529016e-02,7.767839962677816623e-02,6.730984534368436023e-01,2.637523481575536621e-01,6.314919840560263842e-02,2.831708659820913354e+00,1.043562276588204618e+01,4.808778806517282622e-01,8.106968590604053393e-01,1.237453742839309978e+00,1.693667196902200134e+00,2.144848745520296696e+00
2.350000000000000089e+00,8.256561978492475695e-02,1.521187528568754388e+01,8.150668654580385530e-02,1.157045313130303926e-01,2.161022535260709310e-02,6.559416684384142271e-02,6.777689189228248701e-01,2.579866606186086986e-01,6.424442045856666728e-02,2.833225430159971747e+00,1.004448748330909957e+01,4.754527678612484598e-01,8.087779616674795058e-01,1.236364912180493381e+00,1.686386860400761467e+00,2.151257095262906205e+00
2.399999999999999911e+00,8.658076937995209943e-02,1.539749154362128891e+01,8.529787265914347272e-02,1.260565186296276896e-01,2.044757665703160476e-02,4.830928646485598693e-02,6.825257603475187729e-01,2.521754313146826187e-01,6.529880833779889981e-02,2.839617559031390570e+00,1.060440608650868022e+01,4.801619512520773347e-01,8.135782490194677363e-01,1.234533445461897472e+00,1.684292657420118688e+00,2.157088497578858011e+00
2.450000000000000178e+00,8.775403463131659088e-02,1.557929826438566678e+01,8.795112998279540351e-02,1.340188048736160042e-01,1.944959369523367385e-02,2.817575133148262495e-02,6.873622435786617135e-01,2.463857183358352243e-01,6.625203808550299278e-02,2.847925383819995382e+00,1.084854499454395516e+01,4.749373769193136474e-01,8.172221846067466711e-01,1.235155318300555027e+00,1.684915910781301651e+00,2.155502508092768110e+00
2.500000000000000000e+00,8.735352613377148079e-02,1.576471167032780585e+01,9.464665082804211982e-02,1.389190548678830850e-01,1.875656179902234280e-02,1.336374949563126635e-02,6.919948488001436138e-01,2.409139153872464634e-01,6.709123581261000613e-02,2.845862749459605823e+00,1.187660035673979486e+01,4.711715948654197628e-01,8.122291677421155098e-01,1.232477916590994038e+00,1.682397009070413008e+00,2.160938561449629702e+00
2.550000000000000266e+00,8.941555125788855363e-02,1.595945607175979930e+01,1.019594713449690215e-01,1.437282266215215709e-01,1.851777472582945630e-02,4.494553180053067923e-04,6.959912294056032067e-01,2.360075789975455418e-01,6.800119159685144576e-02,2.835829243197726335e+00,1.197533562690011344e+01,4.697268836061159747e-01,8.079016013412171349e-01,1.234713300521822488e+00,1.677308651772114301e+00,2.164014024136038827e+00
2.600000000000000089e+00,9.238625790982797625e-02,1.616368208767882919e+01,1.026367319856680282e-01,1.498481976096814605e-01,1.899634899684997033e-02,-1.188450939837908463e-02,6.995215884435667109e-01,2.314153971885747341e-01,6.906301436785874936e-02,2.823014526977661198e+00,1.123722941879410975e+01,4.653827723291734109e-01,8.113960498977804692e-01,1.236744562026610650e+00,1.675009721239483662e+00,2.180050538370233326e+00
2.649999999999999911e+00,9.453779394574771122e-02,1.635623305338830136e+01,1.033603417949100350e-01,1.589759272278183366e-01,2.016516305766309636e-02,-2.138238745310185387e-02,7.030096314805520663e-01,2.269548119698052147e-01,7.003555654964252475e-02,2.812430493397192421e+00,9.922024412458556597e+00,4.595312310779076648e-01,8.125982456233156181e-01,1.241203448703415368e+00,1.670923041707373713e+00,2.179070142365862051e+00
2.700000000000000178e+00,9.685823670362057880e-02,1.652112015514520849e+01,1.102981402433007713e-01,1.708182193193840681e-01,2.174788225233162745e-02,-2.456025852182943184e-02,7.067587366607489541e-01,2.225667531809537858e-01,7.067451015829710748e-02,2.810944207212336732e+00,8.864637187778553695e+00,4.587649510494917759e-01,8.150471725577150828e-01,1.241865306862867335e+00,1.661711195825660736e+00,2.183546912217931180e+00
2.750000000000000000e+00,9.634585441807468065e-02,1.668677628166736682e+01,1.161795326284518898e-01,1.779304054468664187e-01,2.359125368488464852e-02,-2.170509879473949896e-02,7.101557262990896291e-01,2.185881380448010947e-01,7.125613565610887379e-02,2.821000834374556732e+00,1.065664113169158611e+01,4.623077086661579460e-01,8.110664906387035078e-01,1.240146685095360635e+00,1.666433671761180957e+00,2.182931074306018626e+00
2.800000000000000266e+00,9.438151892882354344e-02,1.688749555677676994e+01,1.108428153949413686e-01,1.803894564281876833e-01,2.517228752442237164e-02,-1.199152874960482569e-02,7.125152783004626844e-01,2.153600153473517465e-01,7.212470635218558301e-02,2.834639961376143713e+00,1.294712876911006560e+01,4.668901753824660772e-01,8.119407136175964546e-01,1.239299353915083390e+00,1.666164236600904847e+00,2.172579887302686252e+00
2.850000000000000089e+00,9.390528100662870470e-02,1.711843514186992010e+01,1.022575614149876244e-01,1.854966823791995567e-01,2.585686686195503778e-02,5.094682684858435514e-05,7.145004593260524395e-01,2.125234384024890510e-01,7.297610227145887030e-02,2.835495149493370448e+00,1.411245861672471058e+01,4.718614946005633692e-01,8.134676186979905577e-01,1.241911948737466354e+00,1.666026017414264260e+00,2.181082643732080051e+00
2.899999999999999911e+00,9.680727382581193197e-02,1.735010634098653881e+01,9.971855140139657125e-02,1.968939582565201740e-01,2.565186905071000639e-02,1.148520463016698516e-02,7.167808732102679548e-01,2.096689208833279749e-01,7.355020590640375111e-02,2.827623721342801488e+00,1.412378785806911807e+01,4.762793605506460137e-01,8.145513272247142389e-01,1.237827946509478583e+00,1.663396292438486190e+00,2.189836876085421213e+00
2.950000000000000178e+00,1.021369013540375237e-01,1.757656737283177506e+01,1.009131524791219703e-01,2.044037628153396458e-01,2.460949895482781105e-02,2.396716566181657238e-02,7.189639526133696501e-01,2.070026435508704465e-01,7.403340383575979233e-02,2.809838772585339317e+00,1.330807603320579169e+01,4.821960501293272028e-01,8.157553419435668030e-01,1.244519963496129922e+00,1.664778704392150033e+00,2.191539583472539743e+00
3.000000000000000000e+00,1.055837369285767824e-01,1.780909500058055883e+01,9.509127956457463782e-02,1.971355792504599913e-01,2.267192265264845671e-02,3.531330388801240394e-02,7.197956544920072197e-01,2.053588746965988587e-01,7.484547081139365787e-02,2.781984451717043338e+00,1.157413857708894867e+01,4.828974436110113899e-01,8.158194345337210773e-01,1.245891234173363227e+00,1.662687277295779475e+00,2.192840811639542586e+00
3.050000000000000266e+00,1.064658603149469807e-01,1.802164822480873951e+01,8.305602300641763691e-02,1.902906769611096005e-01,2.066737732448776718e-02,5.089409244822927503e-02,7.196414797656757179e-01,2.044612217609023119e-01,7.589729847342190083e-02,2.759244296121926343e+00,9.910931706969076771e+00,4.899019328865466538e-01,8.236826263094635392e-01,1.251559403298816653e+00,1.652846381210651971e+00,2.191817871817522079e+00
3.100000000000000089e+00,1.061471280539099532e-01,1.821223727172696982e+01,7.038805129734707067e-02,1.925832118270914828e-01,1.876137087726416353e-02,7.618570394510008892e-02,7.194831272895521046e-01,2.036460552370852051e-01,7.687081747336282911e-02,2.745326301435605743e+00,8.204285248592219304e+00,4.932942477373609691e-01,8.232023098668451722e-01,1.246249801825516812e+00,1.652380090563916992e+00,2.191006292463566041e+00
3.149999999999999911e+00,1.057994188939084951e-01,1.840334153258676864e+01,5.932448807905990606e-02,2.044405675763333319e-01,1.666932058959191831e-02,1.123188491208197276e-01,7.194981356080720758e-01,2.028143814560887381e-01,7.768748293583888076e-02,2.744797427243634402e+00,1.000527489520247748e+01,4.977106556904408174e-01,8.264809685514478144e-01,1.240765477049101007e+00,1.656912763724698978e+00,2.195182580408639339e+00
3.200000000000000178e+00,1.092046694168805204e-01,1.861892674370501766e+01,5.241576961119737837e-02,2.211033741795079832e-01,1.396445610250595694e-02,1.597343427811415140e-01,7.195527301782905782e-01,2.021143153526843150e-01,7.833295446902546755e-02,2.760324902860275209e+00,1.372992919161947967e+01,5.066834175602420443e-01,8.330542607967675872e-01,1.242457476591944721e+00,1.651686633988530772e+00,2.194841920805294055e+00
3.250000000000000000e+00,1.167554662226459455e-01,1.886302400608937191e+01,4.823470536671383563e-02,2.294425684041223601e-01,1.155472233128084815e-02,2.056306771662117505e-01,7.195172764167490076e-01,2.018368142894925721e-01,7.864590929375843420e-02,2.763986527444696861e+00,1.602540828471012446e+01,5.102629593331932112e-01,8.347644825015695380e-01,1.241476494059200686e+00,1.653028381947670322e+00,2.186975871582117925e+00
3.300000000000000266e+00,1.195504356025693937e-01,1.910549521746434820e+01,4.333467540093586395e-02,2.137741701351778545e-01,9.515283772626106570e-03,2.407255132401923403e-01,7.191806407782646016e-01,2.020400333117159941e-01,7.877932591001937657e-02,2.755460036699541870e+00,1.652635416995382656e+01,5.129576965397658617e-01,8.387630908292826870e-01,1.241641241361983727e+00,1.653069215044825402e+00,2.192340825372390611e+00
3.350000000000000089e+00,1.214663444575882767e-01,1.932210862146494534e+01,3.802563121636918370e-02,2.088538542112658158e-01,8.102765931999544868e-03,2.678091115514782405e-01,7.191390492384344135e-01,2.019277066687512334e-01,7.893324409281386733e-02,2.747273578687277951e+00,1.650471550828932621e+01,5.152582653752041386e-01,8.425873960328679191e-01,1.239218892784270443e+00,1.656358529208942887e+00,2.192444059631112108e+00
3.399999999999999911e+00,1.266078910317761097e-01,1.951015335070697532e+01,3.239546299495706105e-02,2.308796958971431057e-01,7.109778186271090324e-03,2.951568766426344026e-01,7.198713765640751827e-01,2.011871320232441751e-01,7.894149141268047565e-02,2.732431730881442977e+00,1.554059571851924559e+01,5.207024436552059043e-01,8.406814527344935728e-01,1.240132138353016611e+00,1.650510468680037146e+00,2.193186566794470771e+00
3.450000000000000178e+00,1.298184296345734623e-01,1.968625437360348229e+01,2.796177359338376106e-02,2.326433256706327557e-01,6.321098683779145105e-03,3.253642775278206556e-01,7.206154348280717770e-01,2.005416145109355230e-01,7.884295066099283877e-02,2.702744650338124277e+00,1.352065315783706190e+01,5.221999750274310959e-01,8.403125776078426146e-01,1.243122423002276822e+00,1.653835568804033151e+00,2.190873227404613655e+00
3.500000000000000000e+00,1.272739626793736034e-01,1.985945525247985799e+01,2.571012128958955964e-02,1.932246490830357433e-01,5.054080958431276908e-03,3.573460861274622702e-01,7.196450445578026489e-01,2.012069811248602957e-01,7.914797431733695821e-02,2.671770102891584564e+00,1.139778969027629607e+01,5.226955445189744864e-01,8.501985459757952501e-01,1.241266469920326632e+00,1.659258281311342120e+00,2.199986568460831737e+00
3.550000000000000266e+00,1.255825813401819924e-01,2.003843973617005858e+01,2.462440178178864139e-02,1.658076139711406882e-01,4.283837511882161199e-03,3.855587133831178681e-01,7.179289676685207677e-01,2.022885771696070756e-01,7.978245516187186526e-02,2.643544445872805237e+00,9.834580759753100310e+00,5.252274067030284765e-01,8.564947603245631758e-01,1.241313501926684548e+00,1.656521327256442522e+00,2.191579465178970842e+00
3.600000000000000089e+00,1.258282271737742875e-01,2.022215461307797568e+01,2.384824209248647200e-02,1.638266985447077440e-01,3.212656167009093552e-03,4.078775085074485274e-01,7.158646637880993202e-01,2.035910870631183478e-01,8.054424914878259567e-02,2.612067603070296951e+00,8.857059348033159196e+00,5.334967674687794981e-01,8.559215262483198527e-01,1.239054698653067721e+00,1.652069274169573498e+00,2.188914568328894639e+00
3.649999999999999911e+00,1.289995963619382791e-01,2.038954047190422258e+01,2.320428892784993924e-02,1.904939294863280119e-01,2.484055041024519055e-03,4.126045106245072036e-01,7.133028343331883070e-01,2.051350758557423382e-01,8.156208981106946587e-02,2.591432457504573517e+00,9.348897297223215830e+00,5.411354579307366963e-01,8.591805768351438166e-01,1.235654614102960069e+00,1.651993744237179707e+00,2.195139302882898935e+00
3.700000000000000178e+00,1.306350020408939827e-01,2.052109050084872166e+01,2.276739078461898283e-02,2.187154516351652866e-01,1.901875562221711164e-03,3.972954197475043192e-01,7.106434304981559258e-01,2.067671073081764066e-01,8.258946219366791741e-02,2.589210807515575752e+00,1.350289549643460774e+01,5.469480466762626225e-01,8.579026630196222580e-01,1.240319466747045407e+00,1.649141865703757093e+00,2.192361553361258153e+00
3.750000000000000000e+00,1.196645587139222033e-01,2.066550428561676966e+01,2.230038442392977271e-02,1.872685794337957121e-01,3.625533534930923244e-04,3.727880549325950366e-01,7.074940754218486116e-01,2.086178120347572940e-01,8.388811254339384460e-02,2.590306349688358711e+00,1.660577551995948298e+01,5.431389391931992217e-01,8.696279858802076212e-01,1.239157302874912325e+00,1.640843822360068538e+00,2.196549599146603082e+00
3.800000000000000266e+00,1.183055959219395936e-01,2.087880242752271798e+01,2.170919246495395943e-02,1.716070339548041168e-01,-1.011182344922310775e-03,3.756371413791326774e-01,7.041099014986438309e-01,2.099581528046579049e-01,8.593194569669847238e-02,2.552134221015150306e+00,1.456041137352613291e+01,5.496552472076772222e-01,8.776800941808173828e-01,1.239243369961324337e+00,1.642441956852306983e+00,2.195613736788770254e+00
3.850000000000000089e+00,1.301233831125570006e-01,2.112614911491313663e+01,2.036358056155207485e-02,1.609620324482583797e-01,-3.219777926596951566e-03,4.090723886508390583e-01,7.007497967556515217e-01,2.109450902205806944e-01,8.830511302376783944e-02,2.510665172549005675e+00,1.245405850745277299e+01,5.548398915896847194e-01,8.788066959912901321e-01,1.241866549452662616e+00,1.639761893094768830e+00,2.189123909050286976e+00
3.899999999999999911e+00,1.196329435769150074e-01,2.134279374486093772e+01,1.704581045996907129e-02,1.726020296053421277e-01,-5.198147551160163700e-03,3.828347830257744500e-01,6.986923075117328352e-01,2.120386543320112172e-01,8.926903815625583660e-02,2.487185390919107064e+00,1.313731318615993260e+01,5.521884123576781267e-01,8.717025245835324787e-01,1.244154633780163444e+00,1.642235135934755341e+00,2.184273123206040612e+00
3.950000000000000178e+00,1.163058699247985633e-01,2.147076452705350746e+01,1.423405316701198409e-02,2.179373879192605945e-01,-5.494960586876659371e-03,3.861859844704401690e-01,6.984443034942269257e-01,2.135030747714417587e-01,8.805262173433126005e-02,2.502758260349639663e+00,1.683344420344934633e+01,5.650762016916092145e-01,8.781058160383893307e-01,1.238927071963165982e+00,1.647949140652553268e+00,2.186572924081942038e+00
4.000000000000000000e+00,1.133340419528520854e-01,2.162477067459381530e+01,1.260849164395323740e-02,1.608761899940763795e-01,-6.755033572061992959e-03,4.204836678186940624e-01,6.964850433751508252e-01,2.153258184648935980e-01,8.818913815995552130e-02,2.481389577736762941e+00,1.674128351454460528e+01,5.609805347918167540e-01,8.822183403213297304e-01,1.240077208973225042e+00,1.648562786073545450e+00,2.189638612312057031e+00
4.049999999999999822e+00,1.090382945187686747e-01,2.179229189738854089e+01,1.162293257157310557e-02,1.666627788691348588e-01,-7.595477390889355390e-03,4.007294281071526187e-01,6.935348071347758880e-01,2.173596677339064975e-01,8.910552513131743402e-02,2.420823763647461657e+00,1.287314232485606347e+01,5.636785772783871051e-01,8.826956790121381902e-01,1.241200395917629207e+00,1.648945535528791861e+00,2.192035245465016047e+00
4.099999999999999645e+00,1.079041504406422491e-01,2.195238006597103109e+01,1.073066495984488847e-02,2.090960840070789362e-01,-8.083757129418160658e-03,3.584593160167024450e-01,6.901815940394600002e-01,2.195614195778280986e-01,9.025698638271240082e-02,2.376215817297068877e+00,9.653164175176803141e+00,5.756891079102536279e-01,8.888435588837519941e-01,1.241602489421901767e+00,1.641230945082602588e+00,2.178752850351190595e+00
4.150000000000000355e+00,1.135350494023031898e-01,2.214212380531805380e+01,9.490046748394433476e-03,1.957025859335097540e-01,-8.545485977058564497e-03,3.841126507387139788e-01,6.876152856276116498e-01,2.207154534719613093e-01,9.166926090042681885e-02,2.348355713458330829e+00,9.299217911850199414e+00,5.772514465180553778e-01,8.924424603282264945e-01,1.242589156724217325e+00,1.641348394392382559e+00,2.185511269396715583e+00
4.200000000000000178e+00,1.073736718296559173e-01,2.231406013643448460e+01,7.608769432644907349e-03,1.705998128291356386e-01,-9.452748950051945501e-03,3.839788015908553453e-01,6.857276454180006864e-01,2.211993268773842225e-01,9.307302770461479968e-02,2.329247609264172514e+00,9.576911005563886192e+00,5.744549693287286374e-01,8.890891330426520245e-01,1.246634630750902417e+00,1.638330727616561289e+00,2.173189398017789209e+00
4.250000000000000000e+00,9.127637338680301415e-02,2.243783679799481590e+01,5.176945080845870434e-03,1.965192632394524019e-01,-1.111832002818885501e-02,3.181110728702034041e-01,6.847023755680907708e-01,2.213592907486996997e-01,9.393833368320969601e-02,2.335701514074474794e+00,9.936490419617445724e+00,5.599069929790033706e-01,8.846728741272387175e-01,1.249342392319320094e+00,1.634602948377620990e+00,2.167182978775755497e+00
4.299999999999999822e+00,9.380996901064905802e-02,2.254193780824249060e+01,2.655518646783961833e-03,2.328141668749849069e-01,-1.371042212220180065e-02,3.011037292036011226e-01,6.841298515902987099e-01,2.215870046009722760e-01,9.428314380872956924e-02,2.403702927938630829e+00,1.900768241822443727e+01,5.646240558870292414e-01,8.846445784916455723e-01,1.251704309488756772e+00,1.637156653305765541e+00,2.163580012378338413e+00
4.350000000000000533e+00,9.780843177463291460e-02,2.269468503262694625e+01,-1.908197409276757978e-04,2.084306401521342778e-01,-1.653762704734134184e-02,3.135532897422595444e-01,6.829342829041012974e-01,2.219740938104173833e-01,9.509162328548124987e-02,2.448350679112886397e+00,2.528487512560575112e+01,5.697120316454138411e-01,8.891818458206575126e-01,1.252058250136073747e+00,1.642132952535215518e+00,2.173444634101494355e+00
4.400000000000000355e+00,9.743806671627931737e-02,2.288544044138933131e+01,-3.470386128739016193e-03,2.078073699070930314e-01,-1.604716135136590588e-02,2.712887302399626388e-01,6.810237039837080397e-01,2.219955642933033324e-01,9.698073172298865563e-02,2.360144157116737862e+00,1.558333996516066478e+01,5.650309645854807439e-01,8.904930598312815748e-01,1.252641954227094345e+00,1.645595811921501284e+00,2.176085216476895123e+00
4.450000000000000178e+00,9.456979272003143699e-02,2.304724835656731941e+01,-6.837138049696402792e-03,2.711452917492677694e-01,-7.626113868580037224e-03,2.076133271375807943e-01,6.790483125357428262e-01,2.208937924467096747e-01,1.000578950175473186e-01,2.304418101390460993e+00,1.191041088029342276e+01,5.634923877628337241e-01,8.826237392481609545e-01,1.256295304230972798e+00,1.647004129325106092e+00,2.176617900115586313e+00
4.500000000000000000e+00,1.009454674425879911e-01,2.320468787547264000e+01,-1.048616114708934843e-02,3.205363053915577520e-01,3.173587037344256876e-03,2.059110514944439696e-01,6.768131609263725590e-01,2.188072339727643312e-01,1.043796051008632764e-01,2.281501082735348795e+00,1.166526349325366496e+01,5.742913018052753227e-01,8.826682101925209523e-01,1.257611418517780244e+00,1.646323052647209684e+00,2.168038127986946506e+00
4.549999999999999822e+00,8.659857390304100122e-02,2.342856996758355947e+01,-1.400171923289196541e-02,2.886772690213549319e-01,8.851925794492360861e-03,1.700392959241704138e-01,6.750048508795110092e-01,2.168015723097942160e-01,1.081935768106944695e-01,2.289045261326034808e+00,1.176247724347511614e+01,5.660337826814247908e-01,8.842570301730118265e-01,1.255597077761497982e+00,1.657593670118137741e+00,2.157022143059345254e+00
4.600000000000000533e+00,9.178808729991512483e-02,2.368665769325101422e+01,-1.660668927035462150e-02,2.134223601796785275e-01,1.116037366262875689e-02,1.549076489415234237e-01,6.724662054587892124e-01,2.160645634993886288e-01,1.114692310418217147e-01,2.327865210813924168e+00,1.378041793614944055e+01,5.555515340201384600e-01,8.788125919155815868e-01,1.255972421733807076e+00,1.662069732074080930e+00,2.152405918737681390e+00
4.650000000000000355e+00,1.019870578245310189e-01,2.392480295597751550e+01,-1.820742711708774747e-02,2.580931038914756614e-01,1.372206324066973376e-02,1.479223786966669396e-01,6.699038318446769447e-01,2.162476292878368067e-01,1.138485388674862486e-01,2.354630746436014999e+00,1.748697757837394207e+01,5.581051707745694479e-01,8.751360723421535148e-01,1.254362771910898733e+00,1.657227983445583863e+00,2.148915756914007602e+00
4.700000000000000178e+00,9.191638069144728029e-02,2.415394834833238136e+01,-1.862730172747733767e-02,2.715131938106111198e-01,1.461790308671377832e-02,1.487874987617668621e-01,6.682973258565443331e-01,2.165255964886121376e-01,1.151770776548435016e-01,2.314984076543602498e+00,1.374616301986973887e+01,5.600959158373352009e-01,8.784245640177034131e-01,1.254734068384305568e+00,1.663155742089359013e+00,2.141602338389264837e+00
4.750000000000000000e+00,7.456631224786741674e-02,2.436456818060095486e+01,-1.748884850592152124e-02,2.285435863146590141e-01,1.456944732847000913e-02,1.528734417601347595e-01,6.654130478789694880e-01,2.183402847193664231e-01,1.162466674016645884e-01,2.297008139327975762e+00,1.097732805037357551e+01,5.599524060617961929e-01,8.791374635342764643e-01,1.254986581256515521e+00,1.661499508805749814e+00,2.132706869852236675e+00
4.799999999999999822e+00,7.942729056773724372e-02,2.461552107313833204e+01,-1.412786449176187988e-02,2.630334588580526267e-01,1.393527256482973188e-02,1.692742318126090051e-01,6.611356546002917778e-01,2.210508590783261118e-01,1.178134863213820271e-01,2.284212489503289145e+00,1.064719625270352488e+01,5.648749775715641297e-01,8.778851857125797853e-01,1.250706278152439177e+00,1.658413351669238756e+00,2.131695787505651030e+00
4.850000000000000533e+00,9.117045728611569699e-02,2.489741515677501482e+01,-8.616667710244120190e-03,3.150418234673080242e-01,9.201583029304981343e-03,1.876258613931960639e-01,6.564602792362531636e-01,2.234966548128162200e-01,1.200430659509310188e-01,2.270941960585939778e+00,1.087467568020051800e+01,5.620034950124703776e-01,8.784754109152151935e-01,1.252638241053027013e+00,1.661896644104838172e+00,2.121732284803337976e+00
4.900000000000000355e+00,1.032005023661532600e-01,2.519272383517997227e+01,-1.401628646989449894e-03,3.541968681676356256e-01,2.922982604175846256e-03,2.035119794229905965e-01,6.518843079886964542e-01,2.252840708394041325e-01,1.228316211718993717e-01,2.258388444966255015e+00,1.100062160533848576e+01,5.599268174410714227e-01,8.800156033770178965e-01,1.253727940381159645e+00,1.671735536316129922e+00,2.124490469137053861e+00
4.950000000000000178e+00,1.114943732831562145e-01,2.548086783189952698e+01,7.204081316853270384e-03,3.643039573790133878e-01,1.626006686699170932e-04,2.140389271786956316e-01,6.476867141956245133e-01,2.263430521692979258e-01,1.259702336350774776e-01,2.250199019430398462e+00,1.115898065104438786e+01,5.588196715379339929e-01,8.760971507059128749e-01,1.254189940501980516e+00,1.677110307223635965e+00,2.128155881217408396e+00
5.000000000000000000e+00,1.117687213465987234e-01,2.575392887739330661e+01,1.691896467500432141e-02,3.445707358332057435e-01,3.130340001478028756e-03,2.172325645040950326e-01,6.439659851378403133e-01,2.268610494869269800e-01,1.291729653752326512e-01,2.247634717993077569e+00,1.128500269195878403e+01,5.630616627185319745e-01,8.781090655032022241e-01,1.260130554354969235e+00,1.681468959588345191e+00,2.119867872118974983e+00
5.049999999999999822e+00,1.026667133503075952e-01,2.601457034767343401e+01,2.707622953046981765e-02,3.028341901002924441e-01,-5.141312430805512236e-03,2.168071131371188953e-01,6.408585275061275954e-01,2.269790396825840939e-01,1.321624328112885050e-01,2.249633319161013389e+00,1.121931913830802330e+01,5.597458585812130627e-01,8.702367944505997599e-01,1.256089496716881637e+00,1.682453226110178335e+00,2.112112937828665604e+00
5.100000000000000533e+00,8.839344104445370776e-02,2.625702459255427712e+01,3.666101690911707095e-02,2.555382048490640878e-01,-4.143697101727244342e-02,2.152708104904169917e-01,6.386307182456297804e-01,2.265156957947890570e-01,1.348535859595808850e-01,2.259858934260499552e+00,1.103932323570583307e+01,5.670923776659678728e-01,8.730540660797477814e-01,1.252079833869061520e+00,1.684412249566176856e+00,2.114112740781920241e+00
5.150000000000000355e+00,8.017325106305599192e-02,2.646469739690755318e+01,4.494825960909347440e-02,2.287838572835139972e-01,-6.627435447270731139e-02,2.159267763893842340e-01,6.377037186432202853e-01,2.251054063914839365e-01,1.371908749652956394e-01,2.302467967737820587e+00,1.576704967597947871e+01,5.771678567217927158e-01,8.701392396578169208e-01,1.247533382934016943e+00,1.683707192181982615e+00,2.119032028519386213e+00
5.200000000000000178e+00,8.740388936094373173e-02,2.665833468540963835e+01,5.188163051926043823e-02,2.596828150536872881e-01,-7.304099751394660389e-02,2.264999111776392349e-01,6.379485476327013682e-01,2.229864280252260023e-01,1.390650243420722409e-01,2.423646806834651279e+00,3.365847109823827310e+01,5.737457302513504498e-01,8.670076204598224923e-01,1.244512253702311888e+00,1.684739428656867100e+00,2.121166151099842523e+00
5.250000000000000000e+00,1.035022872218591405e-01,2.690774958510179360e+01,5.860635467486578071e-02,3.058808935311838617e-01,-7.405964512740817463e-02,2.212039045852622621e-01,6.385290340175013846e-01,2.207181923516834954e-01,1.407527736308146205e-01,2.227993087676106043e+00,9.971765903535008135e+00,5.669471051431421715e-01,8.654959183831182346e-01,1.245151356157861100e+00,1.683886187674765500e+00,2.120345775385537479e+00
5.299999999999999822e+00,1.185808556487672610e-01,2.714496187012410289e+01,6.423728502808802310e-02,2.919954684888667606e-01,-8.581748102234329489e-02,2.140975474607508255e-01,6.380798268268057516e-01,2.186148408720608727e-01,1.433053323011332092e-01,2.208788538709074878e+00,1.072640148545457706e+01,5.649020127144948056e-01,8.671717288499386500e-01,1.244169936217609296e+00,1.675192550840120642e+00,2.119250437238466844e+00
5.350000000000000533e+00,1.142856359284207396e-01,2.734721966756969280e+01,6.998501348702151903e-02,2.253307965608606078e-01,-8.049886927880309240e-02,2.396695544913941545e-01,6.376858812965144896e-01,2.161048985280210610e-01,1.462092201754643661e-01,2.183657095495482814e+00,1.000727155140377356e+01,5.709379897494102352e-01,8.665758884474132895e-01,1.242984342003080833e+00,1.681149138245471963e+00,2.117323586908053112e+00
5.400000000000000355e+00,1.100998996896790094e-01,2.751851243257754831e+01,7.663934249673098886e-02,2.155687100024024083e-01,-9.175664187529813942e-02,2.015641605964053618e-01,6.359869872036620908e-01,2.154997125673213387e-01,1.485133002290166815e-01,2.179570546962795063e+00,1.028233380573868416e+01,5.757232400630426516e-01,8.627906715229535228e-01,1.244336533059771543e+00,1.677676232270001400e+00,2.124036060051285091e+00
5.450000000000000178e+00,9.706921602485904521e-02,2.768240688755252776e+01,8.232668711559812391e-02,1.962889510537451643e-01,-8.718710924625798497e-02,1.983462640224863405e-01,6.341475760987340671e-01,2.155340940095197000e-01,1.503183298917464272e-01,2.162900662472596380e+00,8.564094172967740448e+00,5.780760827206857799e-01,8.599737285934780928e-01,1.244487749045248615e+00,1.679808221354556430e+00,2.124506194705409357e+00
5.500000000000000000e+00,9.125873469276295225e-02,2.782048193490753363e+01,8.627881890348669536e-02,1.787254564103334664e-01,-8.195511461539956022e-02,1.819618852192747271e-01,6.317673128022649465e-01,2.164130212113479501e-01,1.518196659863876030e-01,2.147393497683467434e+00,6.816230399252717120e+00,5.787282730708215306e-01,8.586157919177443976e-01,1.245203403862847669e+00,1.683081006101357913e+00,2.128418236134724584e+00
5.549999999999999822e+00,9.064574002016284604e-02,2.792911192391249031e+01,8.937722211046184029e-02,1.995562930531692147e-01,-7.339016814852492021e-02,1.553744651366066598e-01,6.289553458277938880e-01,2.176451490319299964e-01,1.533995051402754495e-01,2.134202337674733663e+00,5.699911071412094188e+00,5.835361463279208349e-01,8.580219751768949354e-01,1.243146820965845389e+00,1.683113904640006098e+00,2.122623276179967711e+00
5.600000000000000533e+00,1.003556275143547144e-01,2.807280901292091713e+01,9.324841071386673341e-02,2.554962159557763179e-01,-6.402734823280853416e-02,1.603051368700167123e-01,6.255778648850459644e-01,2.192534581998028531e-01,1.551686769151513767e-01,2.124962497518883442e+00,6.602774780840099389e+00,5.780051033880945210e-01,8.612399965080568265e-01,1.251669194743099123e+00,1.680039896328002769e+00,2.122945573855091972e+00
5.650000000000000355e+00,9.153045606772150511e-02,2.833470041597154321e+01,9.848609693530284426e-02,2.163798083169969355e-01,-5.882319982827735605e-02,1.867095046350310816e-01,6.226251739891455195e-01,2.208398177553877462e-01,1.565350082554665401e-01,2.116052770406940731e+00,7.270423216838406866e+00,5.794154972185855401e-01,8.662559507201559317e-01,1.248018807919566875e+00,1.680361749657055537e+00,2.119525223598404562e+00
5.700000000000000178e+00,8.644129247748701117e-02,2.862080454151261577e+01,9.311666381932177938e-02,1.591918333043466083e-01,-4.801941576672680984e-02,2.187290609311276224e-01,6.210231603369099629e-01,2.211160616516056054e-01,1.578607780114846815e-01,2.109363099136755348e+00,7.629280610508453186e+00,5.778504899069812906e-01,8.721352673742749362e-01,1.250979137584428802e+00,1.673285480890678745e+00,2.113946459874602279e+00
5.750000000000000000e+00,8.757996839527408539e-02,2.890808708606254385e+01,6.795081542117741014e-02,1.285841052786554084e-01,-3.839589768675225750e-02,2.481125208096557344e-01,6.204083941231380850e-01,2.198956336455858418e-01,1.596959722312761565e-01,2.103002089453524626e+00,7.773249105181901264e+00,5.815446578603490346e-01,8.726992444279155769e-01,1.248946190362823394e+00,1.670874883843238567e+00,2.114934704287954492e+00
5.799999999999999822e+00,8.990772490377059445e-02,2.917868096748535223e+01,3.787703803796540342e-02,1.125746502834277518e-01,-3.958549754176824559e-02,2.555359247600665906e-01,6.200592711359156350e-01,2.179966593940665387e-01,1.619440694700182148e-01,2.095253105735777055e+00,7.761664618373131930e+00,5.801616065997747818e-01,8.714039631370983363e-01,1.254010224442077437e+00,1.672185156016042118e+00,2.118574789272218872e+00
5.850000000000000533e+00,8.638814682780429632e-02,2.940353396950206388e+01,3.025815812092049958e-02,8.619458865970335004e-02,-6.031114938478032012e-02,1.954056487286329469e-01,6.188341851780669867e-01,2.163916644751057161e-01,1.647741503468271029e-01,2.087270004808470247e+00,8.035171477715300270e+00,5.816182183039920739e-01,8.728307844085021472e-01,1.250335112438282881e+00,1.677998638260479680e+00,2.115090811587893693e+00
5.900000000000000355e+00,8.126636979646029157e-02,2.958971790078407693e+01,4.084415172783871506e-02,6.076205231282387487e-02,-5.693887516595384085e-02,1.429536332606505256e-01,6.159590238492818060e-01,2.160827445181933981e-01,1.679582316325245184e-01,2.080918205626077988e+00,8.434008371697860440e+00,5.788802610938115212e-01,8.797090205956309417e-01,1.246584296592581076e+00,1.674252847497483154e+00,2.111884900292128275e+00
5.950000000000000178e+00,8.249929194528508869e-02,2.979624573866085413e+01,5.469753373281045772e-02,4.534010754632163825e-02,-2.766873914267390863e-02,1.206899208134600693e-01,6.135522803951920512e-01,2.165614227533496361e-01,1.698862968514583127e-01,2.076038181125262838e+00,8.557280064512985618e+00,5.825277565852216011e-01,8.814406536790460045e-01,1.247122078881743201e+00,1.672415675068311014e+00,2.111458123350101523e+00
6.000000000000000000e+00,9.137370144007175843e-02,3.003956332756986214e+01,6.662903208373775754e-02,5.677588225720259923e-02,-1.085473396583585583e-02,1.207422678090446511e-01,6.117415590679325943e-01,2.175481765491786845e-01,1.707102643828881938e-01,2.070576208223939396e+00,8.494870356452622673e+00,5.824040088169083473e-01,8.795504317649209813e-01,1.243478663033174447e+00,1.668410533944615359e+00,2.111135354918477258e+00
6.049999999999999822e+00,9.092536037132831206e-02,3.028858690591987468e+01,7.799179729227556646e-02,7.061485417194993119e-02,-2.082006049399406922e-02,1.053231441987863976e-01,6.103412809803221428e-01,2.179265537803238562e-01,1.717321652393541676e-01,2.065124740102164846e+00,8.456704970726798720e+00,5.747245154680955537e-01,8.796074709111036949e-01,1.243472342519535534e+00,1.667736200107599931e+00,2.116084292273110012e+00
6.100000000000000533e+00,9.132563918548701476e-02,3.052739542977592180e+01,8.766711983272620912e-02,7.892613001535021822e-02,-3.471526556063422170e-02,6.672391019620832475e-02,6.091045886267294485e-01,2.182099999342227703e-01,1.726854114390477535e-01,2.055032711196337569e+00,7.619871880229080574e+00,5.733517189088029875e-01,8.806719159030652611e-01,1.246957972433971218e+00,1.670381899994446195e+00,2.124832576604717804e+00
6.150000000000000355e+00,9.184708513357926762e-02,3.072313270997195644e+01,9.689443418533412455e-02,7.215268363289739639e-02,-3.927681513098479210e-02,4.491814486236451326e-02,6.083942081364274168e-01,2.189687461724479367e-01,1.726370456911248963e-01,2.054513454480405787e+00,7.212861147507873660e+00,5.668898448438354221e-01,8.777276354782299617e-01,1.240167893229734197e+00,1.680036546665493402e+00,2.121072317444442579e+00
6.200000000000000178e+00,9.378805914292701051e-02,3.091853027957689903e+01,1.056010802607988269e-01,6.714169916442042085e-02,-3.651421081205720454e-02,4.410352043349483053e-02,6.077445684033960793e-01,2.197126289159739010e-01,1.725428026806302140e-01,2.055956444361270119e+00,7.149645841405828151e+00,5.694170041672045324e-01,8.813998535187845818e-01,1.243375736179502589e+00,1.675207721686564399e+00,2.127150756971208700e+00
6.250000000000000000e+00,8.902762801497601797e-02,3.111517353825466969e+01,1.026076992721479675e-01,6.111397475022180281e-02,-4.606180973729086248e-02,3.634530392163569813e-03,6.068589643835431424e-01,2.199760091476031798e-01,1.731650264688536500e-01,2.051724971971133016e+00,6.709646151977272766e+00,5.666306300213036495e-01,8.801428011877001634e-01,1.248124516837575193e+00,1.681049968799530836e+00,2.113170685884835809e+00
6.299999999999999822e+00,8.911024487908118796e-02,3.106459149391267616e+01,9.195923372483805203e-02,5.826426468374066442e-02,-1.815655668383649168e-02,8.668545391529225430e-02,6.061738333401052170e-01,2.207830267277605396e-01,1.730431399321345209e-01,2.051209575127442619e+00,5.099005453189182191e+00,5.752877444021918807e-01,8.787905859559487221e-01,1.242958978007947968e+00,1.681190972068727696e+00,2.120407436597488982e+00
6.350000000000000533e+00,1.079897179267436391e-01,3.101745680432532382e+01,9.101400463757980397e-02,3.167985380763446018e-02,4.107875090809535762e-04,5.316945740387290370e-02,6.038075092998307358e-01,2.246912309158874965e-01,1.715012597842817954e-01,2.036079258991985164e+00,4.922393684166122441e+00,5.759987344091694883e-01,8.854819213817483048e-01,1.246191788236270748e+00,1.679652662455933587e+00,2.114669641842421122e+00
6.400000000000000355e+00,1.109030223612318816e-01,3.116579048301811738e+01,7.807991763617046221e-02,2.329744605529051812e-02,3.070246894901535253e-03,1.442031139451770659e-02,5.986693272598007098e-01,2.305484727233140241e-01,1.707822000168857102e-01,2.027399860483056315e+00,4.703730125743063262e+00,5.707568597278607214e-01,8.761467321596917435e-01,1.247068981758773454e+00,1.673740805529442932e+00,2.106033848356022808e+00
6.450000000000000178e+00,1.200154723366506360e-01,3.134713479156440741e+01,6.147365272992256352e-02,9.591262623654732422e-02,9.343248567883911948e-03,6.020911260094549515e-03,5.947922112877932488e-01,2.333315015473007292e-01,1.718762871649062718e-01,2.013272257660914999e+00,4.466855680982997789e+00,5.716919832257116862e-01,8.832186980492202633e-01,1.249736576711220515e+00,1.676331302868754314e+00,2.104812358615951950e+00
6.500000000000000000e+00,1.040718113620747037e-01,3.144782580617057022e+01,6.404393678543343627e-02,1.363895904111139534e-01,4.392845284618669167e-03,1.775307883344499210e-02,5.935929210971611081e-01,2.342418316067283734e-01,1.721652472961104352e-01,2.014534868766091780e+00,5.262979289344772660e+00,5.729040136944363315e-01,8.788339656074297679e-01,1.249765490409282087e+00,1.674650727414673579e+00,2.105100234719014640e+00
6.549999999999999822e+00,9.647918481115394518e-02,3.135936713311654955e+01,1.052227644944277313e-01,1.147263434514397829e-01,1.449770192618457694e-02,2.945667282231417480e-02,5.933396284557490574e-01,2.354049542966082098e-01,1.712554172476430103e-01,2.024573390363051395e+00,7.445158212947482035e+00,5.733081408792111144e-01,8.821579789368180213e-01,1.252684202674809733e+00,1.684089547115419583e+00,2.104975135511131246e+00
6.600000000000000533e+00,8.932765523469714253e-02,3.094271359840701408e+01,1.471569757657600896e-01,9.352482495015580766e-02,6.316837842612122063e-03,3.202886746055376432e-02,5.921676466808623029e-01,2.326844236500581198e-01,1.751479296690792165e-01,2.039864060065344820e+00,1.034459514549643266e+01,5.666194969667478487e-01,8.725798682579836152e-01,1.253447088259910025e+00,1.685355723734826006e+00,2.097505542656547206e+00
6.650000000000000355e+00,1.058112251371935431e-01,3.097649028276332928e+01,1.501532399336031609e-01,1.012009404147854452e-01,1.923567743198799319e-03,4.571497301014851994e-02,5.930280023930437627e-01,2.327845203168315003e-01,1.741874772901244595e-01,1.980089288592216112e+00,5.159604742004693101e+00,5.687865894171664216e-01,8.718457955617311406e-01,1.250862584601712957e+00,1.695119173451852923e+00,2.097310674506677852e+00
6.700000000000000178e+00,9.668152444822469826e-02,3.086890825425392748e+01,1.551542489704105521e-01,1.548146011527941901e-01,-7.029919841263800734e-03,8.741631706524545520e-02,5.926419755951995993e-01,2.316875908981861631e-01,1.756704335066139877e-01,2.000983213827099760e+00,8.696118277692432841e+00,5.671519037543110153e-01,8.703455437445362097e-01,1.249236927340084069e+00,1.687793587135373974e+00,2.097754363897280871e+00
6.750000000000000000e+00,1.036398449142560685e-01,3.124445658049022967e+01,1.434206472357201223e-01,1.154707135358839648e-01,-3.143342804289880280e-03,1.023843541907419746e-01,5.880970173163363457e-01,2.353231293663907986e-01,1.765798533172727725e-01,1.952559155653263545e+00,5.424258635664768846e+00,5.762072644772522345e-01,8.807855675112334914e-01,1.256866707176375275e+00,1.687509244511312012e+00,2.091902794005287891e+00
6.799999999999999822e+00,1.006658205652480181e-01,3.160585188088114350e+01,1.393311613732154397e-01,8.681024389530034302e-02,2.003908206637730616e-02,1.281714079068616008e-01,5.853668286090083495e-01,2.353561334678708206e-01,1.792770379231206357e-01,1.937186302511732405e+00,5.874524859253419606e+00,5.546369754723996515e-01,8.790078898088445891e-01,1.256642568768520540e+00,1.682610690646515472e+00,2.079926964970781889e+00
6.850000000000000533e+00,9.960619800499105614e-02,3.194844287391883597e+01,1.280983599953997021e-01,7.443185161826930407e-02,1.395967682560961785e-02,1.096122909598389178e-01,5.822203029761801041e-01,2.371339017218878353e-01,1.806457953019316165e-01,1.922332015689933726e+00,6.191443092633032386e+00,5.607673255759447750e-01,8.748168376647145195e-01,1.255950269046884671e+00,1.680178405464968661e+00,2.071015292584569512e+00
6.900000000000000355e+00,1.032875938430607710e-01,3.228145555058596727e+01,1.103015759237061938e-01,7.078683838582809640e-02,1.278914269135409017e-02,8.993660269508117755e-02,5.791293248336676358e-01,2.393239850830147231e-01,1.815466900833177799e-01,1.905875535457884462e+00,6.252463346534536726e+00,5.561859203873842361e-01,8.813916204747497263e-01,1.257061862292329968e+00,1.676288459599996505e+00,2.071420946358625059e+00
6.950000000000000178e+00,1.394074790250480478e-01,3.256950791225957431e+01,9.912388793803313114e-02,7.393167043803441918e-02,2.968343098617679324e-02,1.074785697216282809e-01,5.766945987367183557e-01,2.410859933341755468e-01,1.822194079291063196e-01,1.892750224754442545e+00,6.723086798937885966e+00,5.527747834036870200e-01,8.937484377380279232e-01,1.261832377443492526e+00,1.670809613509774083e+00,2.061079845370861197e+00
7.000000000000000000e+00,1.068778212273056027e-01,3.271544546078388294e+01,9.296557883409299616e-02,1.045329648354461349e-01,-6.553822547472810955e-03,1.104372694352444700e-01,5.759502222192415255e-01,2.427649205474864402e-01,1.812848572332718677e-01,1.892018593469464882e+00,6.694309535946701750e+00,5.633498589449732474e-01,8.974478841508279903e-01,1.263056222222420200e+00,1.675008713073292910e+00,2.073737858258643207e+00
7.049999999999999822e+00,1.204952579147836600e-01,3.268124677016969315e+01,9.779978266039320023e-02,6.362751479770997753e-02,6.569065382030663848e-03,1.229991274013732400e-01,5.774812748329209988e-01,2.426240346903636436e-01,1.798946904767154131e-01,1.876964174689514708e+00,6.010216971709545497e+00,5.665243953553347200e-01,8.913735618442135689e-01,1.262322686617946221e+00,1.671015866484526713e+00,2.076955109813762412e+00
7.100000000000000533e+00,1.169104833603732130e-01,3.278900504008364436e+01,7.495019894167644081e-02,4.375537734981362059e-02,2.209417936390989726e-02,1.308225748711768777e-01,5.777129278623092112e-01,2.419059909024553479e-01,1.803810812352352189e-01,1.861026662816348320e+00,5.418479167055044954e+00,5.572019401625663004e-01,8.955120126344331410e-01,1.260602473185978845e+00,1.672124018246362587e+00,2.073899220509422214e+00
7.150000000000000355e+00,1.222427592942899877e-01,3.300140847427832824e+01,5.980681100175135739e-02,3.025453734822734081e-02,2.303016814777376214e-02,1.428758967403382096e-01,5.768174438525658365e-01,2.414651491643226289e-01,1.817174069831116734e-01,1.845372695425422149e+00,5.421644620332534359e+00,5.624590709518666465e-01,9.009537951161509239e-01,1.257128351495526264e+00,1.674400234654103370e+00,2.064324405532961926e+00
7.200000000000000178e+00,8.389419615740849323e-02,3.321171338487094715e+01,5.808083206275860277e-02,2.140186119867113282e-02,1.427810649464804002e-02,9.645998950796874638e-02,5.754973692446024858e-01,2.423774508987842913e-01,1.821251798566129176e-01,1.827882030770524580e+00,4.632209001950617910e+00,5.653460486639592109e-01,9.010691552100656976e-01,1.262046264528509987e+00,1.671763155899494979e+00,2.057813411118442293e+00
7.250000000000000000e+00,7.386822166545715940e-02,3.327346613629030259e+01,6.216316029745620059e-02,8.750532402733374529e-03,-1.820455465638299089e-02,6.373831066704022108e-02,5.741137745466694531e-01,2.426904632201893897e-01,1.831957622331406021e-01,1.814161854881680025e+00,5.065035980313029818e+00,5.615472588829816258e-01,9.075528834786383836e-01,1.269518178109055206e+00,1.668248527614339283e+00,2.065582716028945942e+00
7.299999999999999822e+00,9.301179589425476180e-02,3.355898701716673571e+01,5.714085324182689718e-02,-8.978757494256158975e-03,1.654939157658985929e-02,5.004104501918377884e-02,5.709965959805387570e-01,2.417505266164864386e-01,1.872528774029750542e-01,1.798340194639695966e+00,4.955666322233633458e+00,5.604718090350111481e-01,9.098067339005017073e-01,1.269030187052650360e+00,1.672896884008870932e+00,2.050307786996898862e+00
7.350000000000000533e+00,1.219572232883038010e-01,3.380002445479388484e+01,9.097200075095632221e-02,-3.126089799096194027e-02,3.948773949141698436e-02,3.451228278457133675e-02,5.679386009686564485e-01,2.415948941175188880e-01,1.904665049138246080e-01,1.790621532223811929e+00,5.713020547613010258e+00,5.519150178091490888e-01,9.175346738823675352e-01,1.277924625469117448e+00,1.673175555892263855e+00,2.037596797887600175e+00
7.400000000000000355e+00,1.232880257900044185e-01,3.386494938447836489e+01,9.428818659472283648e-02,-2.078448580568692874e-02,-4.891127083803249818e-04,6.319974589184060298e-02,5.654329619500884085e-01,2.420762099702780945e-01,1.924908280796338578e-01,1.789827343071627608e+00,8.046786221599983691e+00,5.603605219981683261e-01,9.150802050525412845e-01,1.272188448116601034e+00,1.674121153349876767e+00,2.035571253964374439e+00
7.450000000000000178e+00,1.454089599669959598e-01,3.375805370005804207e+01,7.172710248269487110e-02,-4.108065961469391236e-02,5.054874405012100419e-02,5.189497224405611314e-02,5.612064541079951896e-01,2.430511977019529923e-01,1.957423481900517348e-01,1.758709416350060284e+00,8.466815690202823319e+00,5.597449706213472043e-01,9.250618766816181004e-01,1.284843622542955810e+00,1.673406874353484675e+00,2.019892501803045359e+00
7.500000000000000000e+00,1.508976702221890287e-01,3.395407507044332363e+01,8.467267832064892530e-02,-4.725679788571970907e-02,6.893148094548030846e-02,5.350499585693964388e-02,5.577587733895070787e-01,2.436456113169945537e-01,1.985956152934982843e-01,1.727602617532481677e+00,7.708009788646509541e+00,5.687523896378332555e-01,9.252391433586333314e-01,1.286255059582026350e+00,1.675974790634868983e+00,2.021323186988337905e+00
7.549999999999999822e+00,1.403020976123094954e-01,3.422288058225977636e+01,1.030002373496262252e-01,-7.069921115802055289e-02,1.931870844468549023e-02,4.590284858382057825e-02,5.523715946700478163e-01,2.449677314466740530e-01,2.026606738832779087e-01,1.685113384044350626e+00,5.758028403892978098e+00,5.726097265383959245e-01,9.194861369798584816e-01,1.290100680365149133e+00,1.674475255187383382e+00,2.015251750966359889e+00
7.600000000000000533e+00,1.480714410828451733e-01,3.446704013962707336e+01,1.245744031460648688e-01,-7.069051140917796683e-02,-6.235356147159930133e-03,4.449832523734508632e-02,5.458455279247653724e-01,2.472884153031848220e-01,2.068660567720495280e-01,1.644342255669630548e+00,4.700608690484640917e+00,5.615103905382152760e-01,9.356376267275010594e-01,1.297544385750058593e+00,1.680012898302128077e+00,2.006368700846520969e+00
7.650000000000000355e+00,1.257814499666138341e-01,3.470126745882899399e+01,1.115878352942052815e-01,-5.681593163081682246e-02,1.944095441980051714e-02,-4.349010664681311235e-03,5.394223682326478864e-01,2.501544870281974253e-01,2.104231447391544940e-01,1.599587450408557654e+00,3.645641612326337988e+00,5.741058926728994649e-01,9.386187407243272718e-01,1.299405516805910210e+00,1.677923800095210805e+00,1.998029688179199459e+00
7.700000000000000178e+00,1.194686951339691827e-01,3.500991429859567461e+01,9.275171435652937446e-02,-5.305396697810323831e-02,2.676923400659559152e-02,-4.422068352606629144e-02,5.337643547895523088e-01,2.524701223707048192e-01,2.137655228397427054e-01,1.585477816091789949e+00,4.481333899602866211e+00,5.863436599040072750e-01,9.437295581114353293e-01,1.299853178571319878e+00,1.677198887624062662e+00,1.998198056733356820e+00
7.750000000000000000e+00,1.186781204124763428e-01,3.530127809366527458e+01,8.944218253199108515e-02,-4.212179227169952217e-02,1.445870328088784927e-02,-6.016225427514334395e-02,5.290905935886497380e-01,2.547293342887551049e-01,2.161800721225946853e-01,1.584800509181131689e+00,5.515659206668688697e+00,5.889955107133272305e-01,9.495891063576122892e-01,1.307107900997007466e+00,1.682442621350049849e+00,1.991793090249335263e+00
7.799999999999999822e+00,1.314690282273361377e-01,3.558321594237420271e+01,9.519751412754129394e-02,-2.828951270262330606e-02,3.111390314007821123e-02,-5.615980334354198078e-02,5.251475363476556524e-01,2.575310108568442669e-01,2.173214527955003028e-01,1.584940068573563288e+00,6.377938866342395485e+00,5.912152585118882753e-01,9.474252342288513873e-01,1.309023853306606089e+00,1.685210721283144419e+00,1.982445341847372644e+00
7.850000000000000533e+00,1.415082647782032466e-01,3.591168681649224936e+01,9.745220342626685628e-02,-1.751469366829959060e-02,3.851993325349793718e-02,-7.287564643616596671e-02,5.216253282190203011e-01,2.608561083206669684e-01,2.175185634603123142e-01,1.590117801888334625e+00,7.301160860570683475e+00,5.976894487039533521e-01,9.486066859653138339e-01,1.316437903116307817e+00,1.687119201917272493e+00,1.988973082909911039e+00
7.900000000000000355e+00,1.605392184416612744e-01,3.629179589081542190e+01,9.626348237782440809e-02,-7.296197266367483551e-03,4.258361610626071325e-02,-7.627681736582477001e-02,5.194237112323134564e-01,2.638717823845320720e-01,2.167045063831544438e-01,1.583481605695948868e+00,7.305647157376299106e+00,6.046234602650788492e-01,9.433555141685474599e-01,1.316451410321449522e+00,1.686987041258416031e+00,1.989547822485050688e+00
7.950000000000000178e+00,2.090379039838758113e-01,3.667397352167664337e+01,1.018974871589502090e-01,-7.782585132615543397e-03,4.509554040064477770e-02,-3.861503972544336194e-02,5.173510109012544600e-01,2.668108144473536614e-01,2.158381746513920452e-01,1.576346984434426668e+00,7.136560726567217294e+00,6.058911865335827596e-01,9.427684392337056796e-01,1.308925869901393479e+00,1.685996543229040245e+00,1.995788451133375885e+00
8.000000000000000000e+00,2.213585998042061076e-01,3.711090327258377641e+01,1.150219274548046761e-01,-3.006732281616826888e-02,5.743388865216341593e-02,-1.474306527492885190e-02,5.139900701466476596e-01,2.703936114869583962e-01,2.156163183663940275e-01,1.565590114492777074e+00,6.725583333714692635e+00,5.930588857920918722e-01,9.439727854044261957e-01,1.307395852734123398e+00,1.689965346263414769e+00,1.996908100842642364e+00
8.050000000000000711e+00,2.083225141749114329e-01,3.759111389989954688e+01,1.220113817644225135e-01,-1.641451809010053067e-02,5.803240759089637463e-02,1.519249175849880090e-02,5.083168087767623300e-01,2.755594650593819472e-01,2.161237261638560281e-01,1.553801645536707854e+00,6.599215162691366210e+00,5.926542701329098328e-01,9.506063023884600005e-01,1.313959431455658411e+00,1.689055667053418031e+00,2.001439425348752188e+00
8.099999999999999645e+00,1.881535324757387939e-01,3.794942050941753564e+01,1.046672717901676736e-01,-5.315331185336745479e-02,6.125786875376581370e-02,1.654816223301548012e-02,5.015440826463224422e-01,2.811049392532190550e-01,2.173509781004585029e-01,1.536730081006029369e+00,5.822057493947921714e+00,5.940273269696554337e-01,9.444256418947850618e-01,1.305522425645173401e+00,1.691084879336682611e+00,2.004719762283789564e+00
8.150000000000000355e+00,1.911690350605155797e-01,3.816543424966807407e+01,9.272299853017758331e-02,-5.715592525038172556e-02,7.498339071969210845e-02,1.748702982826249100e-02,4.944202544121579779e-01,2.870902672055777316e-01,2.184894783822644848e-01,1.522926390959879139e+00,4.461560581768697631e+00,5.973594231957846112e-01,9.420951036671991741e-01,1.309826078056862908e+00,1.694683118939775079e+00,1.993602583847669640e+00
8.199999999999999289e+00,2.040277480568712387e-01,3.841015137949966629e+01,9.670400202456008731e-02,5.596759556722247708e-04,7.817288955244151849e-02,2.571210353957431929e-02,4.860023922780410954e-01,2.945365677609579902e-01,2.194610399610011642e-01,1.516771098868172407e+00,4.214687475482122636e+00,5.949407171125304927e-01,9.503574167631405611e-01,1.311209614691128511e+00,1.707988632882242452e+00,1.983872159952953185e+00
8.250000000000000000e+00,1.978147598897600223e-01,3.872543722785115250e+01,9.990359105044108179e-02,7.264142639098228327e-02,5.287804976272053592e-02,1.013988939927622929e-02,4.788634357867058156e-01,3.008643562782056247e-01,2.202722079350883100e-01,1.511041028989577706e+00,3.968567923581513668e+00,5.925561684847211463e-01,9.528298381478276236e-01,1.311962296302191522e+00,1.702230126834653801e+00,1.990561023878698821e+00
8.300000000000000711e+00,1.927249272432539351e-01,3.908909661048136286e+01,9.569312856748780904e-02,7.247708322134671644e-02,3.878134712517447569e-02,3.848982119713138805e-02,4.728502343935769847e-01,3.073665001385876838e-01,2.197832654678356090e-01,1.506421373576913192e+00,4.139985167666504928e+00,5.892492354983024372e-01,9.466337254771788334e-01,1.311614069850759901e+00,1.704787623927938922e+00,1.990035167424740514e+00
8.349999999999999645e+00,1.874928603540930161e-01,3.942848081030005147e+01,8.800834137889310127e-02,7.783697742358069993e-02,4.520299351080969003e-02,5.141411522322925087e-02,4.676731287734350873e-01,3.132970886623449580e-01,2.190297825642198715e-01,1.500576900828230364e+00,4.153616485569592065e+00,5.927063865395526543e-01,9.481231446617369718e-01,1.313079587257526271e+00,1.704673907473757133e+00,1.993536018912867469e+00
8.400000000000000355e+00,1.803731053664477668e-01,3.971760711359757323e+01,7.806894577619710729e-02,4.566380415646003471e-02,5.368857858851869974e-02,4.024750966427626669e-02,4.630135352037723084e-01,3.185997697882668733e-01,2.183866950079609570e-01,1.496101065158885079e+00,4.131349711436906880e+00,5.962448698892632848e-01,9.522285122534339674e-01,1.315244904884225630e+00,1.704060636603072387e+00,1.993652519202631535e+00
8.449999999999999289e+00,1.720231535471800355e-01,3.995423556918582619e+01,6.763419529810950348e-02,1.731626881090136266e-02,5.871268544861548561e-02,3.000762281836686068e-03,4.587917381679311735e-01,3.232893523856993356e-01,2.179189094463693244e-01,1.493698368097524209e+00,4.054805483077807970e+00,6.008924244569956441e-01,9.507635313659497101e-01,1.317039816903057492e+00,1.700973103905234485e+00,1.995322543790904790e+00
8.500000000000000000e+00,1.670997401875849442e-01,4.015522527349052240e+01,5.578513162115683599e-02,-4.541080681173793876e-03,5.785738522517756138e-02,-3.571385229557194618e-02,4.547010107453985928e-01,3.279761382174583018e-01,2.173228510371428834e-01,1.492109357732992692e+00,3.815868857675011050e+00,6.054554627626717034e-01,9.468834816698610268e-01,1.315096141927056372e+00,1.701368915294676487e+00,1.997590670935454948e+00
8.550000000000000711e+00,1.671489669717474702e-01,4.031879392676528084e+01,3.708960200896215670e-02,-2.312466857921825769e-02,5.042385328150354729e-02,-4.719855038382287510e-02,4.505110647475893404e-01,3.328297100300216527e-01,2.166592252223891180e-01,1.491116281455047377e+00,3.446198625551618822e+00,6.098196044611273736e-01,9.478748199596828128e-01,1.318613027889083078e+00,1.708513794600782010e+00,1.994676161094011135e+00
8.599999999999999645e+00,1.660694054623962912e-01,4.045789386903005891e+01,1.971067725967788620e-02,-4.665239540751375119e-02,3.880810461392598942e-02,-4.558775755334155272e-02,4.461385400799895984e-01,3.379193943718792892e-01,2.159420655481307794e-01,1.491645379914888769e+00,3.226469278474447755e+00,6.100686436716876715e-01,9.447646373002610565e-01,1.321816713039973168e+00,1.708793707063478884e+00,1.991735468687825694e+00
8.650000000000000355e+00,1.634201213116444618e-01,4.057568797919309134e+01,1.029632375229799258e-02,-7.441131820885493742e-02,2.680470729860575871e-02,-3.232322132867622433e-02,4.416429844282493411e-01,3.434308660891700060e-01,2.149261494825804586e-01,1.494156020172526134e+00,3.251581904868193540e+00,6.157827955307166867e-01,9.473765969789449404e-01,1.325828544592942748e+00,1.706571495044782338e+00,2.000259894233907154e+00
8.700000000000001066e+00,1.632970830878666402e-01,4.069217102602129188e+01,4.756205683558277150e-03,-9.147426136706174327e-02,2.371215467104800106e-02,2.713100201472305934e-04,4.365656156675459254e-01,3.494841918505699474e-01,2.139501924818845158e-01,1.498883183063967062e+00,3.835696891008959053e+00,6.185284695026614932e-01,9.542923724106384675e-01,1.321993667762428437e+00,1.693184505934033801e+00,1.997237897063041334e+00
8.750000000000000000e+00,1.755732627263071888e-01,4.084912684961902585e+01,3.541492781227699536e-03,-8.724140425453376368e-02,3.357678375245183588e-02,5.173804540835177587e-03,4.309363289841244837e-01,3.556558576014510198e-01,2.134078134144244410e-01,1.504047622025503239e+00,4.486097862760749955e+00,6.224474858815638445e-01,9.603764461435754241e-01,1.321474545125112199e+00,1.693440188203377605e+00,1.998848164140979655e+00
8.800000000000000711e+00,1.877770320839869389e-01,4.105605536654734777e+01,1.030108168029266781e-02,-7.783217963682470542e-02,4.725153052555048500e-02,1.563079864179436548e-02,4.258731700897194217e-01,3.606288307503845991e-01,2.134979991598958404e-01,1.506646998603002885e+00,4.928160687045259003e+00,6.276702440261897609e-01,9.570717973537476997e-01,1.325858999250964398e+00,1.693668686323885897e+00,2.007231872149127128e+00
8.849999999999999645e+00,1.951022950689883795e-01,4.130760967922308424e+01,3.290928278559103470e-02,-4.604550168769686730e-02,5.417406877506444202e-02,4.569956047156820828e-02,4.215575466433411078e-01,3.644299066694216549e-01,2.140125466872372650e-01,1.506221576336863599e+00,5.078585229187247307e+00,6.310336120253158265e-01,9.488036384982291294e-01,1.324798365309258319e+00,1.693434071243562489e+00,2.000044505277401186e+00
8.900000000000000355e+00,2.040680121730422680e-01,4.158482923422015176e+01,5.373486004978707264e-02,-1.151221806345644263e-02,5.902984930648157158e-02,6.631478026056190911e-02,4.192424433433326603e-01,3.667627448688771108e-01,2.139948117877901457e-01,1.503915496313757094e+00,5.001328475077246871e+00,6.366883815376714884e-01,9.508852208071707501e-01,1.324164381084792286e+00,1.688365908456866515e+00,1.999308510265189964e+00
8.950000000000001066e+00,1.957811089248972514e-01,4.180206336896455355e+01,5.193862660027066813e-02,1.736560454672799597e-02,5.236888855598477444e-02,5.579235183554270144e-02,4.187517360164504376e-01,3.676418916372544143e-01,2.136063723462950925e-01,1.500234842496210641e+00,4.690708594828243427e+00,6.407136992336092129e-01,9.551906948384976115e-01,1.322296118763726547e+00,1.691652339154815943e+00,1.999095173504644274e+00
9.000000000000000000e+00,1.871880918374698721e-01,4.192758358106939198e+01,2.854512110232061001e-02,3.638374069578871606e-02,4.830269581793095873e-02,2.994870792353125644e-02,4.176789435820182916e-01,3.682190067175409309e-01,2.141020497004410272e-01,1.492308035718800330e+00,3.939432318578269587e+00,6.403250707764157612e-01,9.588165776775867677e-01,1.323921015113430411e+00,1.689682662912682876e+00,2.002629763571523114e+00
9.050000000000000711e+00,1.669764577923058269e-01,4.175770129171031897e+01,2.707389114681040682e-02,-1.488868316378445106e-02,4.759001530832895899e-02,-4.368305091501345494e-02,4.146724767290446145e-01,3.697843828183516313e-01,2.155431404526034489e-01,1.488659589961013996e+00,3.907756063013974046e+00,6.406585836735060324e-01,9.542303448919169373e-01,1.316391538462090338e+00,1.687022972028679124e+00,2.003017212056475316e+00
9.099999999999999645e+00,1.509715198383438373e-01,4.162629045396212746e+01,5.474399513916363563e-02,1.052104691633244313e-02,4.736407465162243563e-02,-7.918550875159985347e-02,4.139066239301000816e-01,3.697859654559836340e-01,2.163074106139163677e-01,1.495934543057093169e+00,4.465931356334497337e+00,6.361072379321459636e-01,9.613544674017751035e-01,1.313547866545342391e+00,1.689889424689071884e+00,1.998321708137087427e+00
9.150000000000000355e+00,1.729626858972495018e-01,4.164466485633749215e+01,1.013043114718845256e-01,-5.898124641413905744e-02,4.226731315373589287e-02,-9.512850753386943581e-02,4.188337029292069635e-01,3.650888808452478207e-01,2.160774162255451047e-01,1.488193511257082990e+00,3.824375710081687085e+00,6.375466677750232236e-01,9.494486753370097176e-01,1.314431499988380381e+00,1.688032282051261657e+00,2.001418159515825579e+00
9.200000000000001066e+00,1.884952000613486223e-01,4.112730047988335969e+01,5.813258718322077134e-02,-1.143363994486665952e-02,7.254178669235089583e-02,-6.637502353388816112e-02,4.264352372310747930e-01,3.549531600665650766e-01,2.186116027023595476e-01,1.487251300087595984e+00,4.344024949038085559e+00,6.280158767045619372e-01,9.584269629966132298e-01,1.311707503611730719e+00,1.687726240700792468e+00,1.997715332671954780e+00
9.250000000000000000e+00,1.557327036393879316e-01,4.074315843952113880e+01,2.928128063784530069e-02,-2.322342676648435442e-03,6.861662343461723268e-02,-3.943983150697485951e-02,4.317792938397833624e-01,3.461106813440729124e-01,2.221100248161437529e-01,1.474481118493855991e+00,4.261503005202628813e+00,6.248732235099722088e-01,9.591178874358275985e-01,1.315901512002969564e+00,1.690015598084548820e+00,2.000903051437919800e+00
9.300000000000000711e+00,1.947947493427255872e-01,4.053442229381887074e+01,3.659274463137786315e-02,-1.187343392371281725e-02,7.458348549378149284e-02,6.266379260753472506e-03,4.318524393603598299e-01,3.418843681132738843e-01,2.262631925263664801e-01,1.464267617243180331e+00,4.199297320127051591e+00,6.233286784271964143e-01,9.576590048025316326e-01,1.312435260183055341e+00,1.692065192286546171e+00,1.994954277194210812e+00
9.349999999999999645e+00,1.613586591232179512e-01,4.049870919049557472e+01,5.961541337603699225e-02,-4.936775239138098403e-02,7.767106100673416835e-02,3.364332992698520347e-02,4.324366867567188688e-01,3.374851121971151335e-01,2.300782010461662475e-01,1.459755087121890060e+00,4.096405556698687889e+00,6.116598398386235980e-01,9.504680593384607912e-01,1.315583690503653091e+00,1.688885466416958803e+00,1.992408551040675491e+00
9.400000000000000355e+00,1.658724339180367990e-01,4.059273948952970557e+01,7.685733515271180039e-02,-2.723976656791581366e-02,7.882931157905577468e-02,4.305083525586742010e-02,4.313325490758067038e-01,3.348313726391018430e-01,2.338360782850917585e-01,1.455099756401093680e+00,4.071839046157305297e+00,6.131243756152326974e-01,9.502363162541141994e-01,1.315226340519461523e+00,1.689660632403997109e+00,1.988956561508009591e+00
9.450000000000001066e+00,1.702176197452816564e-01,4.081238434782132884e+01,7.013200236537034393e-02,1.202651425872714418e-02,7.376877661629591132e-02,4.107344905063781831e-02,4.298156618215945302e-01,3.324751422085481245e-01,2.377091959698572621e-01,1.449169050712962203e+00,3.915271552171059266e+00,6.139318749157982591e-01,9.456804213417914218e-01,1.311760368967642476e+00,1.698759402796384599e+00,1.991369008525041728e+00
9.500000000000000000e+00,1.732696776488848178e-01,4.106047906168382866e+01,6.534200932298250830e-02,3.573075499768516017e-02,7.051209210903272573e-02,3.323517641998789685e-02,4.284339637554824831e-01,3.300505618476795577e-01,2.415154743968374595e-01,1.443627619050552591e+00,3.523985856172080045e+00,6.096743656894887398e-01,9.448955505003209243e-01,1.316776669426154012e+00,1.704053815226278523e+00,1.995720653351937823e+00
9.550000000000000711e+00,1.741152349273221434e-01,4.129229858576131562e+01,6.344343092445331456e-02,3.574434616569918677e-02,6.953294811055545088e-02,1.925251425734647928e-02,4.273309395450145542e-01,3.275120082151375955e-01,2.451570522398483221e-01,1.438513927862751673e+00,3.159942077053859322e+00,6.144536670182432214e-01,9.454580166350096126e-01,1.313375389291293827e+00,1.706371580977831037e+00,1.997926388629380101e+00
9.599999999999999645e+00,1.742708473865740015e-01,4.148393008839399698e+01,6.191799047151607532e-02,2.582490709564438935e-02,7.500026842194555676e-02,1.018618753181032600e-02,4.268729730397142208e-01,3.246986711580832075e-01,2.484283558022021554e-01,1.433443031303027970e+00,3.258554106113253912e+00,6.202403390738069344e-01,9.413486162431885518e-01,1.313346420632773626e+00,1.705446905127570911e+00,1.997055407891849654e+00
9.650000000000000355e+00,1.801222104804737212e-01,4.162164657133987333e+01,6.152982970344344354e-02,1.178567304659645237e-02,8.264015471763602738e-02,1.680363062215153164e-02,4.276602564934650075e-01,3.211208004410043837e-01,2.512189430655304423e-01,1.427192878253308317e+00,3.065856292259294680e+00,6.247820089660680587e-01,9.390905593259080142e-01,1.317119972061405520e+00,1.704165759619209464e+00,1.998353750436713039e+00
9.700000000000001066e+00,1.926894271867734820e-01,4.169029477984395982e+01,5.807062860183095226e-02,-1.244833462791186500e-02,8.160055080229132451e-02,1.905876103603318036e-02,4.298144511940036328e-01,3.163421958857839389e-01,2.538433529202125949e-01,1.420752092889736584e+00,3.051710778992858586e+00,6.262806979653555706e-01,9.347912848268291608e-01,1.316893789376606616e+00,1.705144905047938142e+00,2.005640608403233660e+00
9.750000000000000000e+00,1.878976285841550131e-01,4.170331555145923375e+01,5.531901191697376902e-02,-4.607227158404153533e-02,6.883909041224403613e-02,7.477772717655597860e-03,4.325854134092937398e-01,3.108121644519434290e-01,2.566024221387626647e-01,1.417027926302626195e+00,3.425119363826687469e+00,6.296518416396513773e-01,9.359909804480932571e-01,1.321469878639603079e+00,1.709453502609914910e+00,2.005306673026514996e+00
9.800000000000000711e+00,1.599955616349381660e-01,4.175503246832329296e+01,4.863640148244050693e-02,-7.382703525183834103e-02,5.733850151469999795e-02,-7.835902283118152678e-03,4.340873165129489619e-01,3.059248178951427533e-01,2.599878655919084514e-01,1.415758396910116623e+00,3.932454619614997871e+00,6.287528543471792020e-01,9.393109931293598391e-01,1.314432033148926315e+00,1.705720927394946296e+00,2.005208570462455597e+00
9.849999999999999645e+00,1.333820790284251656e-01,4.188353139237013067e+01,4.028029441036596464e-02,-8.979527678967501314e-02,5.673005341423694586e-02,-2.028025193566262985e-02,4.334739517573523160e-01,3.027583609278629573e-01,2.637676873147848378e-01,1.413317050063509939e+00,4.285023867044551515e+00,6.311369360635483705e-01,9.331353701667739475e-01,1.316279331880239045e+00,1.702196671526219340e+00,2.009510353933523952e+00
9.900000000000000355e+00,1.189914728368820090e-01,4.201926265234441615e+01,3.739074527591207397e-02,-9.419474289794112221e-02,6.128496253015587591e-02,-3.253824251909247928e-02,4.317804731168811694e-01,3.011766817950711772e-01,2.670428450880479865e-01,1.409846926439118908e+00,4.408003758007251527e+00,6.326868578776174701e-01,9.312525607047701381e-01,1.313583271252128037e+00,1.698531982290144793e+00,2.012578082242347133e+00
9.950000000000001066e+00,1.161336987980816637e-01,4.215228813493840931e+01,4.199909221311724089e-02,-9.642638024772776095e-02,6.627345657774645626e-02,-4.709293649492474892e-02,4.298752012767386721e-01,3.002949776884922817e-01,2.698298210347693238e-01,1.406425431553719241e+00,4.431610844812938765e+00,6.358349840360669747e-01,9.314994632228906779e-01,1.316269361574607277e+00,1.702580654982833064e+00,2.014202287327596874e+00
1.000000000000000000e+01,1.239238019292312892e-01,4.230496737745806257e+01,4.879641497301491493e-02,-1.002725776666704011e-01,6.998873151570840501e-02,-6.662549849701142335e-02,4.281758119442339305e-01,2.994177803322648490e-01,2.724064077235012760e-01,1.402259609482602309e+00,4.404826973948253510e+00,6.376137993981257912e-01,9.356691667753522790e-01,1.312831148124372849e+00,1.705946458224209872e+00,2.019485227897755752e+00
1.005000000000000071e+01,1.490373894408374422e-01,4.248980334975508555e+01,5.386427492012976770e-02,-1.051792130047185525e-01,6.325890436390990690e-02,-7.346329391399049336e-02,4.265397457418630411e-01,2.981997989952386852e-01,2.752604552628983847e-01,1.396943018481717758e+00,4.385104079865628002e+00,6.385158920945624983e-01,9.361292866746101504e-01,1.319790274487239845e+00,1.707819598338329747e+00,2.020251380622000159e+00
1.009999999999999964e+01,1.677363838130754292e-01,4.271354153127447972e+01,5.846848934514310703e-02,-1.031683409048171907e-01,2.966531670078111776e-02,-5.439420820534316553e-02,4.242652753812737321e-01,2.968582553403681934e-01,2.788764692783581300e-01,1.391979976488712856e+00,4.428232073919936340e+00,6.431673336880318059e-01,9.378741118887561345e-01,1.312412989643415795e+00,1.709910711418593854e+00,2.018313447149953976e+00
1.015000000000000036e+01,1.760332961443720201e-01,4.296223832575979173e+01,6.529285908567318553e-02,-9.218562389025859727e-02,2.207220789905839711e-02,-7.983159995544250598e-02,4.220758798896857011e-01,2.954444328817960042e-01,2.824796872285180172e-01,1.387730439505827640e+00,4.452768468161759863e+00,6.431991381045342182e-01,9.365285277608688119e-01,1.316300534675446832e+00,1.706253054668712910e+00,2.009832811604352454e+00
1.020000000000000107e+01,1.886043369679974435e-01,4.319826076051978703e+01,7.874558990555535765e-02,-8.572911791681794846e-02,1.753257069847598271e-02,-1.095379108140129149e-01,4.207548075641898144e-01,2.935419942378045266e-01,2.857031981980054369e-01,1.384481292755268544e+00,4.482680464583276958e+00,6.455116114718840725e-01,9.384841592094683715e-01,1.315494156875461673e+00,1.702364986928470492e+00,2.009532301427991108e+00
1.025000000000000000e+01,1.988656608766407319e-01,4.340257940919362767e+01,9.569893684821896562e-02,-8.802221951066169225e-02,1.048686144733491921e-02,-1.065096433897837758e-01,4.204137224041377130e-01,2.921636186747636477e-01,2.874226589210983618e-01,1.383165792868538579e+00,4.522163655938119753e+00,6.524889728461132909e-01,9.411406651478810836e-01,1.316333027892325092e+00,1.699746214722035020e+00,2.010010242434942640e+00
1.030000000000000071e+01,1.973582600473302862e-01,4.359178616321623423e+01,1.010474017515181622e-01,-6.981279702551482225e-02,4.760458237305571425e-03,-9.813404481171901506e-02,4.210621621132077386e-01,2.939698980903564518e-01,2.849679397964356431e-01,1.382323198490187588e+00,4.367229778994797584e+00,6.540356017131491173e-01,9.364916956384228275e-01,1.316185552990164709e+00,1.699947628826679491e+00,2.013169198108599733e+00
1.034999999999999964e+01,1.825436686312109369e-01,4.377374529850542473e+01,9.279898280256709819e-02,-6.411159314457226532e-02,3.197897500307949475e-03,-1.055164360350825947e-01,4.221243056301158814e-01,2.964902450512627574e-01,2.813854493186214167e-01,1.379543032236253852e+00,3.863393339003941662e+00,6.598483946424824609e-01,9.356748775764019976e-01,1.315105201811848978e+00,1.701071741575434393e+00,2.017526549683397175e+00
1.040000000000000036e+01,1.610007177884572871e-01,4.393324090432457041e+01,6.473925769321606238e-02,-5.972917546020548030e-02,9.101852397959707408e-03,-1.160986658893561202e-01,4.233841742963280197e-01,2.990323927278573102e-01,2.775834329758146701e-01,1.374006012842949875e+00,3.323647267508762937e+00,6.554424823959300594e-01,9.311234323330559448e-01,1.312106487053934956e+00,1.701868907088635030e+00,2.015240482577598691e+00
1.045000000000000107e+01,1.517038529281186654e-01,4.403940993190300901e+01,2.938546457224182687e-02,-5.796814833852557275e-02,5.465625121162218797e-02,-1.023530025319446257e-01,4.244451716676028719e-01,3.015738414024815017e-01,2.739809869299156819e-01,1.370137189207702555e+00,3.461017402811480181e+00,6.510476778395033470e-01,9.328613879437370748e-01,1.311099381782582451e+00,1.695171566446062705e+00,2.019806756326523622e+00
1.050000000000000000e+01,1.650783467314870245e-01,4.413127653328412947e+01,8.268342934292198868e-03,-5.310098122219482353e-02,8.230286341570067221e-02,-8.723800461843689291e-02,4.248490765540776093e-01,3.039270448160247273e-01,2.712238786298977189e-01,1.370088961112969406e+00,3.599145410355452324e+00,6.552098888205377669e-01,9.229414156950176418e-01,1.311251654378732256e+00,1.702231141503309342e+00,2.022747445339540651e+00
1.055000000000000071e+01,1.840398990279074609e-01,4.424173062950988822e+01,1.208326258641415595e-02,-6.861286333521147973e-02,1.489058623232658862e-01,-6.062912791862878209e-02,4.237722246630133416e-01,3.065017158708217559e-01,2.697260594661654021e-01,1.366609121447102781e+00,3.686432488015680686e+00,6.482607425978762494e-01,9.277483585817931644e-01,1.309830337316485016e+00,1.707165508421373934e+00,2.025854462768005515e+00
1.059999999999999964e+01,1.660376370284625258e-01,4.440464712488873289e+01,1.568809157068970159e-02,-6.434449077535769890e-02,1.261541793981052761e-01,-4.650309670878594037e-02,4.214680208642062609e-01,3.092870461413091410e-01,2.692449329944849867e-01,1.361891657543999434e+00,3.704376308101752446e+00,6.524983331346032589e-01,9.359338997737672861e-01,1.309194013005389401e+00,1.715545649665154437e+00,2.017596569785145455e+00
1.065000000000000036e+01,1.759721946777480506e-01,4.457982415309735558e+01,2.082662488247626759e-02,-3.142621856999440466e-02,1.062429987325340525e-01,-4.010357576209251651e-02,4.208509066748456484e-01,3.109832189332422669e-01,2.681658743919118626e-01,1.357531907264106774e+00,3.666209328580444016e+00,6.462896285718052747e-01,9.362315192067932612e-01,1.308272135307107620e+00,1.714451805861163525e+00,2.016306390234373858e+00
1.070000000000000107e+01,1.892151124352121072e-01,4.471817108703525179e+01,4.034550174818331281e-02,-4.334307977900019732e-02,9.789513053497070350e-02,-4.043941202764617798e-02,4.208092011126069454e-01,3.127889352594137029e-01,2.664018636279794072e-01,1.353358827102850270e+00,3.616744394040779742e+00,6.526118637683712143e-01,9.346624465160444650e-01,1.310766162013815128e+00,1.714171795547993815e+00,2.021349931233588304e+00
1.075000000000000000e+01,1.889800927104585138e-01,4.485313297662381160e+01,4.318758088244102622e-02,-8.044726803133067650e-02,6.939080180989558311e-02,-3.998550701284400016e-02,4.207889849966214846e-01,3.155815475146907523e-01,2.636294674886880962e-01,1.349612316265540235e+00,3.666124150707805285e+00,6.597063661029300974e-01,9.365033102790035757e-01,1.311640280535199654e+00,1.707404488435969370e+00,2.019263296513346351e+00
1.080000000000000071e+01,1.840806027993068805e-01,4.503517286552957444e+01,2.131960929073490815e-02,-7.015963132210691067e-02,5.256118515704908539e-02,-4.151231638320114492e-02,4.207641476010168802e-01,3.192897275623022835e-01,2.599461248366808364e-01,1.345400942733478100e+00,3.565545365488219876e+00,6.593871943977879235e-01,9.433753310053706320e-01,1.309662454942662091e+00,1.708558067983935835e+00,2.022189204819438313e+00
1.084999999999999964e+01,1.730508807728495246e-01,4.522478792933105751e+01,3.564639187582333696e-02,-6.534847940937803246e-02,4.112557904521031704e-02,-5.102950914484168099e-02,4.208047139908261958e-01,3.230080245358149527e-01,2.561872614733587961e-01,1.341424305848388121e+00,3.449910614919887930e+00,6.592275866196545264e-01,9.414808190509971197e-01,1.311966344299773324e+00,1.706882303740787865e+00,2.025713146526074038e+00
1.090000000000000036e+01,1.711017267498264049e-01,4.537668871487819189e+01,3.135249989514540814e-02,-6.502469815915969120e-02,6.205394009517166409e-02,-5.400186707637229244e-02,4.212860608661497808e-01,3.265990112600337114e-01,2.521149278738163413e-01,1.339972350518662925e+00,3.659852526502386016e+00,6.569845402135806589e-01,9.362395579714619664e-01,1.307081075017440419e+00,1.704386782167498060e+00,2.026397964205268298e+00
1.095000000000000107e+01,1.895436209058667387e-01,4.550472042013056040e+01,1.868638453525427873e-02,-5.318779506343211672e-02,6.241722914679300599e-02,-3.512424421783013478e-02,4.246361782465700729e-01,3.275081927625294598e-01,2.478556289909007448e-01,1.338356241303449101e+00,3.866953080340036930e+00,6.586586445405810952e-01,9.301608394130274071e-01,1.310278782344040716e+00,1.702624219579122578e+00,2.020439141172144293e+00
1.100000000000000000e+01,2.129858664032006355e-01,4.566198946340423248e+01,4.286826778341652766e-02,-3.269497280075029516e-02,6.266856843779364250e-02,-3.305186589590487084e-02,4.292218409691142544e-01,3.279776023781503791e-01,2.428005566527355052e-01,1.335083077457120737e+00,4.012982132526428103e+00,6.530129408868509122e-01,9.237713349880871672e-01,1.307811637850430309e+00,1.706129521157871753e+00,2.026185901094897268e+00
1.105000000000000071e+01,1.831583785438857248e-01,4.588501663774844985e+01,5.548652452377680899e-02,-1.015656228466574676e-02,5.703745575227436859e-02,-8.563304896946341560e-02,4.327209925811087987e-01,3.288019852984633840e-01,2.384770221204280394e-01,1.329180234084707424e+00,4.102228268274753731e+00,6.519898285048546516e-01,9.230991962329956335e-01,1.307985542813573376e+00,1.702516884724583957e+00,2.027443592773738867e+00
1.109999999999999964e+01,1.294298343617882041e-01,4.613331453008204619e+01,8.697688138855649495e-03,9.383410952112272718e-03,3.863175254262983527e-02,-1.093735808694135531e-01,4.352447434175749086e-01,3.303025727568778547e-01,2.344526838255468759e-01,1.323961462885815621e+00,3.999651314930116719e+00,6.489582686085773044e-01,9.264026964759088933e-01,1.305531276887728298e+00,1.689310402687824508e+00,2.023790517226828900e+00
1.115000000000000036e+01,2.354186525400163710e-01,4.622912994455886349e+01,2.270384412457503165e-02,-1.432219048662697683e-02,8.768785645329417455e-02,-5.278816182601290402e-02,4.399309319743241464e-01,3.304978396715713695e-01,2.295712283541042342e-01,1.315266089844073338e+00,3.228239809242484437e+00,6.424513314692206212e-01,9.225246244995652933e-01,1.309582398666461867e+00,1.699239432593405041e+00,2.029889719927862046e+00
1.120000000000000107e+01,2.089933375118303016e-01,4.599472008498511144e+01,2.999587178539399324e-02,-5.255735568012113133e-03,1.551073546248062374e-01,-9.682416866427646929e-02,4.476619994126301849e-01,3.293825220574972956e-01,2.229554785298724084e-01,1.314004709605306465e+00,3.302167696558722110e+00,6.557155048459740732e-01,9.249831775157952851e-01,1.300581556040127928e+00,1.691850610645312614e+00,2.038506609464135089e+00
1.125000000000000000e+01,2.289094492750764209e-01,4.597284937682037054e+01,6.242424479001152521e-02,1.737631082125162124e-02,1.619544660257190016e-01,-7.963648142847619404e-02,4.490323764622605185e-01,3.295542941796836267e-01,2.214133293580557993e-01,1.315753891259393793e+00,3.404243839101001257e+00,6.546197554873743885e-01,9.244605415029589768e-01,1.303445699067220520e+00,1.699293634635225647e+00,2.041393059670089993e+00
1.130000000000000071e+01,2.501810466648301534e-01,4.598253442404001845e+01,8.638662045108456977e-02,-1.491827836186429036e-02,1.275927079291433175e-01,-5.092764531887072899e-02,4.514344605907473218e-01,3.276550793117944393e-01,2.209104600974585719e-01,1.318015995725487333e+00,3.443840496122366091e+00,6.530869001484093106e-01,9.277212514574811886e-01,1.308354232465110512e+00,1.698274370755469942e+00,2.038674762974219679e+00
1.134999999999999964e+01,2.251825045252801583e-01,4.595894335567022893e+01,8.606324132561113394e-02,-7.071686896917556142e-02,1.087158576411920985e-01,1.834816349791067820e-03,4.551352548177314272e-01,3.263550139920472493e-01,2.185097311902207406e-01,1.317709156078875177e+00,3.152324531727450641e+00,6.592031115920459206e-01,9.223019291158136568e-01,1.300985209582310231e+00,1.698375319953776552e+00,2.031312650443477086e+00
1.140000000000000036e+01,2.742341263878439461e-01,4.599965019547063605e+01,1.040702586015953696e-01,-6.310047695431215964e-02,1.778491641902811005e-01,-4.696066480884022315e-02,4.572105902203012495e-01,3.275843823021371004e-01,2.152050274775617056e-01,1.310269587102726563e+00,2.881534376757954430e+00,6.554198379248794559e-01,9.339504956469802943e-01,1.294467636023428181e+00,1.694766940834704805e+00,2.041954017574455715e+00
1.145000000000000107e+01,2.838299661536101137e-01,4.582376827084055293e+01,1.313564822175053992e-01,3.008243879456937858e-02,1.896878831302697133e-01,-1.080320456464858303e-01,4.648133736286901851e-01,3.258505644955332348e-01,2.093360618757768021e-01,1.309658628648290968e+00,2.559136000144945911e+00,6.456287862653322662e-01,9.280329962639886077e-01,1.295936079090574289e+00,1.681165553509358368e+00,2.041418877745845073e+00
1.150000000000000000e+01,2.180274668541282157e-01,4.569908083560251555e+01,1.282796604161813292e-01,3.925538938688687141e-02,8.775519409150946137e-02,-5.479194711616620916e-02,4.674228682868540874e-01,3.279374197492954113e-01,2.046397119638502515e-01,1.312605264797661597e+00,2.467216288005318336e+00,6.482914559715150515e-01,9.301281047170399940e-01,1.295710975928300090e+00,1.689393489980755891e+00,2.036536764063210381e+00
1.155000000000000071e+01,2.073811606246089012e-01,4.582725130500829636e+01,1.309914789054726081e-01,3.369963593711255284e-02,6.867045409136654510e-02,-6.645385814774601441e-02,4.673166308118669177e-01,3.273117749588141390e-01,2.053715942293194152e-01,1.309587470513978502e+00,2.440866207139158028e+00,6.572110397542432203e-01,9.343277539619269101e-01,1.301664101777464833e+00,1.694099946495717379e+00,2.029509540622359776e+00
1.159999999999999964e+01,2.263123628828977441e-01,4.600861456980550201e+01,1.368984280684068244e-01,2.201957720930334400e-02,6.333435759470187887e-02,-6.861028383476838743e-02,4.672347292289694698e-01,3.263086365128937127e-01,2.064566342581366509e-01,1.305752391851776828e+00,2.465542343395371372e+00,6.573588739832777472e-01,9.308246643240952745e-01,1.300886412176505580e+00,1.689829198947682798e+00,2.024564264843133898e+00
1.165000000000000036e+01,2.556758110208341983e-01,4.621689406289895174e+01,1.304605825721581180e-01,1.744889593696980629e-02,6.743911170382024811e-02,-6.150604832335553052e-02,4.674431573209166246e-01,3.254501595468857755e-01,2.071066831321979884e-01,1.303263288793286234e+00,2.483830938408353450e+00,6.648424469310416640e-01,9.259207173041476002e-01,1.295167046273521638e+00,1.691953419451547980e+00,2.017366418639674919e+00
1.170000000000000107e+01,2.791099437705485409e-01,4.647040191087702965e+01,1.167601961910099545e-01,1.016085553853645664e-02,6.437559191264329017e-02,-2.904280220548099631e-02,4.690120401085745017e-01,3.249923004673599958e-01,2.059956594240654748e-01,1.302120961153724332e+00,2.568959363550370689e+00,6.576116667919491565e-01,9.200512921033829894e-01,1.296642810594199169e+00,1.690805610422691396e+00,2.019936941515294571e+00
1.175000000000000000e+01,2.900164756786938747e-01,4.669178643833292597e+01,1.009342391751538587e-01,1.031353305361311368e-02,7.383624863329556198e-02,-7.086868995648896302e-03,4.706008673095076200e-01,3.254324958619604358e-01,2.039666368285317499e-01,1.301987702972545513e+00,2.711487916910848117e+00,6.565962659682151870e-01,9.223438540650540363e-01,1.291946340684589245e+00,1.696057639074429968e+00,2.020277343505665790e+00
1.180000000000000071e+01,2.916921945975222696e-01,4.687911340835240992e+01,9.877804668680728595e-02,3.031247634386999290e-02,1.274075783451421029e-01,-1.092497648416751281e-02,4.710073433377834906e-01,3.267982738810446541e-01,2.021943827811716610e-01,1.301934389294960415e+00,2.782460127375518955e+00,6.600948328331966986e-01,9.149193410710196872e-01,1.285662706361196284e+00,1.699019870646938823e+00,2.029479170932402265e+00
1.184999999999999964e+01,2.885869152880546351e-01,4.709802111591787366e+01,9.327209598338835617e-02,5.369384254651660138e-02,2.061675469501986213e-01,-2.044349205230966068e-02,4.714477647305430619e-01,3.278188273513574780e-01,2.007334079180992659e-01,1.301500389843884387e+00,2.948213116005610424e+00,6.545349771188277987e-01,9.177745947383525449e-01,1.286275840940944715e+00,1.688306057111244929e+00,2.036911918626079121e+00
1.190000000000000036e+01,2.856205013322858921e-01,4.729857929234288605e+01,8.361123207918375044e-02,6.011378825469824300e-02,2.385298065246101717e-01,-4.997588504085377463e-03,4.739132568499817566e-01,3.268939016969432676e-01,1.991928414530751423e-01,1.301653150913853585e+00,3.153758519041824471e+00,6.565337881431870803e-01,9.170076215546525411e-01,1.287578664101636239e+00,1.695243446807587873e+00,2.030761947446874327e+00
1.195000000000000107e+01,2.702149963970977842e-01,4.748308211392316736e+01,7.739300655406601559e-02,5.238135803743764612e-02,2.199037461083188649e-01,1.656994857747747310e-02,4.773318210571527720e-01,3.252905169267039653e-01,1.973776620161431516e-01,1.301232615431131334e+00,3.265275692810892139e+00,6.473330655222832020e-01,9.229249582914760275e-01,1.284165808778825024e+00,1.697399118205927593e+00,2.033277240835880129e+00
1.200000000000000000e+01,2.609902508373693752e-01,4.762828314489676984e+01,7.819195964931281717e-02,5.172622966764148233e-02,2.022460138629499360e-01,5.606436422768943349e-03,4.806923391445002691e-01,3.241274452500383929e-01,1.951802156054612269e-01,1.301013158856547225e+00,3.326621712497135785e+00,6.434075052973452502e-01,9.193074026257935794e-01,1.286286158379033928e+00,1.703574908075228045e+00,2.030177153815790447e+00
1.205000000000000071e+01,2.410852411843338317e-01,4.774678604325503528e+01,8.281672157076230834e-02,5.623206291909584043e-02,1.613570431839600750e-01,-1.248631079200258724e-02,4.846258882513570510e-01,3.226783113905573597e-01,1.926958003580857837e-01,1.301029323864186571e+00,3.361756735621119319e+00,6.313323150399914319e-01,9.202039250695767114e-01,1.281354413626771160e+00,1.695566403737631678e+00,2.035161240189044651e+00
1.209999999999999964e+01,1.914439667035788550e-01,4.786322743452241468e+01,8.333775709977447876e-02,1.536512610220473404e-02,9.683327132453393993e-02,-4.337354583195889013e-03,4.879211538026650974e-01,3.228381290789971159e-01,1.892407171183376202e-01,1.298102281899926602e+00,3.400067176757567644e+00,6.313929124046656627e-01,9.223725540901485109e-01,1.283822057775173331e+00,1.689469048829707276e+00,2.045395595686383405e+00
1.215000000000000036e+01,2.131775495889979832e-01,4.791283100951672225e+01,5.743487716923373343e-02,1.495756757520149685e-03,1.012110210971669255e-01,1.905877410139218339e-02,4.892433252837435353e-01,3.248885196921998397e-01,1.858681550240565972e-01,1.297359802348537983e+00,3.528633375173002129e+00,6.446573788065408372e-01,9.216686713468179581e-01,1.285725888306287867e+00,1.690909315501933019e+00,2.048176568792349883e+00
1.220000000000000107e+01,2.267993651249796405e-01,4.807438074884511536e+01,6.559656010898536060e-02,-8.403812059850487501e-03,1.173896944339681697e-01,2.917976521097436632e-02,4.909767681306793641e-01,3.249839301376344358e-01,1.840393017316863111e-01,1.294570969049434694e+00,3.703741321770845474e+00,6.409286219138272678e-01,9.217876118270929009e-01,1.286511665244705505e+00,1.693460928368316187e+00,2.049490624350813306e+00
1.225000000000000000e+01,2.316848356563142031e-01,4.833778515758259431e+01,9.987406251534913793e-02,-3.593625171351760850e-02,7.803789829149816726e-02,3.499868956923250091e-02,4.934807518214023858e-01,3.245050348397580109e-01,1.820142133388392147e-01,1.288411567975840111e+00,3.739176558298026531e+00,6.418945334865721053e-01,9.147773336742449635e-01,1.283972471184716468e+00,1.694331973920991441e+00,2.054209698118794503e+00
1.230000000000000071e+01,2.425591364964469199e-01,4.859697972143868583e+01,1.149776255228532190e-01,-2.693109912280095344e-02,5.442211201035227625e-02,4.639873098545322511e-02,4.955222180586278946e-01,3.237858396675905026e-01,1.806919422737819081e-01,1.282368706066969288e+00,3.610195902246857269e+00,6.384160797017193190e-01,9.136766540919148971e-01,1.286372363417267017e+00,1.686866177900819164e+00,2.062810606135803582e+00
1.234999999999999964e+01,2.973196612863127086e-01,4.884776691478825938e+01,1.169151793680334728e-01,1.664310763012652114e-02,9.102400207845191826e-02,7.914158429640706649e-02,4.967342618996416492e-01,3.242478821558080204e-01,1.790178559445503026e-01,1.274628870873715680e+00,3.258403825475739257e+00,6.422500973846441141e-01,9.147721892157628654e-01,1.283612588194532833e+00,1.690579678636921823e+00,2.057045722326124704e+00
1.240000000000000036e+01,3.579438935544240197e-01,4.897953970430273785e+01,7.445137542119827090e-02,8.678936929440632039e-03,1.454374762852037317e-01,1.230367891927082180e-01,4.966752450735031355e-01,3.259680970055478522e-01,1.773566579209491512e-01,1.267252563516089614e+00,2.704997714272781462e+00,6.423233318592810326e-01,9.118998731588373596e-01,1.288088479245955043e+00,1.702426313514731282e+00,2.051084838399771293e+00
1.245000000000000107e+01,2.218510605244140288e-01,4.887142653541169324e+01,3.900184592648376497e-02,-6.235007089680611771e-03,8.962084709951639860e-02,1.080384455057643855e-01,5.002491436081044629e-01,3.266234638326951378e-01,1.731273925592001217e-01,1.261033417449367366e+00,2.706160121684437758e+00,6.400255075801890570e-01,9.139656894282839339e-01,1.294351369606035806e+00,1.699930964183971938e+00,2.054670596272849536e+00
1.250000000000000000e+01,2.973951966016242787e-01,4.840448278756985445e+01,9.403060192705811615e-02,-7.446169597859235434e-02,1.288898598657887140e-01,6.936622611497840485e-02,5.039261818606644017e-01,3.261812270846268236e-01,1.698925910547082752e-01,1.260690869039446937e+00,2.650582931384946495e+00,6.278974521113559470e-01,9.147809756908462653e-01,1.294809072862631361e+00,1.699958108543270008e+00,2.046006237763049462e+00
1.255000000000000071e+01,2.758218960228269734e-01,4.825275468031482262e+01,5.854461110746224384e-02,-2.474520617827507749e-02,1.591029088117988377e-01,2.173466784161236925e-02,5.054424304975126958e-01,3.263569611442145302e-01,1.682006083582729683e-01,1.259751053714398772e+00,2.478261952661619638e+00,6.359946459928991214e-01,9.236141355099781736e-01,1.276292254928448777e+00,1.702558634019333939e+00,2.047149498732811601e+00
1.259999999999999964e+01,2.945596798799688942e-01,4.846719942546341997e+01,8.064958526169799247e-03,-9.045947998809853331e-04,1.823336512827683220e-01,3.765207223260128022e-02,5.055563322532777848e-01,3.287378743548828863e-01,1.657057933918396619e-01,1.253366699830885445e+00,2.443502574058905363e+00,6.384692362740163052e-01,9.220749764828847228e-01,1.281908468266064860e+00,1.708507269180392640e+00,2.041679730478000110e+00
1.265000000000000036e+01,3.046891543324560248e-01,4.870408773509817735e+01,-1.189907807272838625e-02,-2.415932656663528563e-02,2.031608760024274096e-01,7.116270793004614292e-02,5.039379758114882479e-01,3.326693010305790676e-01,1.633927231579322958e-01,1.246363749018172928e+00,2.357093110534294933e+00,6.410193704296104356e-01,9.137908515856174585e-01,1.290537606835242102e+00,1.708856120537537437e+00,2.044827830037063698e+00
1.270000000000000107e+01,2.971008071820950835e-01,4.892743728974134854e+01,-9.053738270908331118e-04,-5.937112067703076423e-02,2.194813949962622079e-01,1.019261652097680215e-01,5.026153663229371293e-01,3.352672658970616837e-01,1.621173677800011592e-01,1.239977596178265307e+00,2.290503711674286347e+00,6.319802308276549763e-01,9.152415675483536184e-01,1.289042839809045438e+00,1.702329979690673678e+00,2.050280554037916314e+00
1.275000000000000000e+01,2.711298560902539179e-01,4.911754473540228361e+01,5.948964319340548784e-02,-5.687800874970518061e-02,1.264669007676931523e-01,1.349304107698151289e-01,5.032585504844336866e-01,3.366634137149361883e-01,1.600780358006302084e-01,1.234724562737458786e+00,2.154788234525475410e+00,6.162048943185893801e-01,9.224117222228107593e-01,1.282653004119410856e+00,1.699769941025949693e+00,2.050561060045873685e+00
1.280000000000000071e+01,2.904919017529882797e-01,4.913828095311095012e+01,9.782704156973848209e-02,-9.795151658405756856e-02,1.303669940302551455e-01,1.452211533616895034e-01,5.072263341060307962e-01,3.358179905885473882e-01,1.569556753054219544e-01,1.235674412088617835e+00,2.116906316172701974e+00,6.172223635282106935e-01,9.148969876190160555e-01,1.281527070142939984e+00,1.692453286557613845e+00,2.057058108670900332e+00
1.284999999999999964e+01,2.847034286433479111e-01,4.927534276245776113e+01,1.268860083836374775e-01,-1.258672333756210293e-01,1.455492478567210202e-01,1.522013669674489589e-01,5.100140201193870126e-01,3.360427774798524503e-01,1.539432024007604816e-01,1.235860653799910835e+00,2.126888066735580285e+00,6.166524204690083666e-01,9.114049080386603663e-01,1.279068680941346514e+00,1.683194246569023944e+00,2.059339162038806403e+00
1.290000000000000036e+01,2.949901852165600635e-01,4.949216881549862279e+01,1.258419067634171662e-01,-1.394363815309218047e-01,1.821749926324296720e-01,1.394874832361852612e-01,5.110097510860809322e-01,3.379103103572877465e-01,1.510799385566308772e-01,1.234243774696868634e+00,2.193255499793190566e+00,6.117333479083959524e-01,9.118274713369312057e-01,1.281556993036495395e+00,1.684857453172908581e+00,2.053619641639706561e+00
1.295000000000000107e+01,3.122106103465755456e-01,4.973430719133844491e+01,1.309296893205503520e-01,-1.175749575557239746e-01,2.167039987675255519e-01,1.536403666943362001e-01,5.108643243695116798e-01,3.408130769734588061e-01,1.483225986570297639e-01,1.231548445344145648e+00,2.279624467778742503e+00,6.074794915249243088e-01,9.163697451399488436e-01,1.288939874091702187e+00,1.691923866046402658e+00,2.046998889482607442e+00
1.300000000000000000e+01,3.178504593005760381e-01,5.002743344442956186e+01,1.377089408528003878e-01,-1.042846417744927173e-01,2.135984209951883872e-01,1.693647766825536194e-01,5.099643756578591258e-01,3.436448293320584768e-01,1.463907950100822586e-01,1.228168309079031406e+00,2.366138738100581840e+00,6.148895865889798529e-01,9.170365580611814504e-01,1.294978200623581488e+00,1.698394780038832597e+00,2.040605073750344722e+00
1.305000000000000071e+01,3.307264526862986886e-01,5.026066498700224372e+01,1.502383269692365853e-01,-1.138800294734208518e-01,1.797611865431050782e-01,1.521597299803420511e-01,5.092836543703133101e-01,3.448794633641676932e-01,1.458368822655188302e-01,1.225729590244982958e+00,2.511487804558352632e+00,6.082131114480135992e-01,9.184357349821963279e-01,1.301585890549213254e+00,1.697335864348567425e+00,2.041778071335636380e+00
1.309999999999999964e+01,3.266924832241439036e-01,5.040644663701768735e+01,1.489847341253195956e-01,-1.090910497768857040e-01,1.621756740210624215e-01,8.601372021792193234e-02,5.080873765074950255e-01,3.455602120150602641e-01,1.463524114774448215e-01,1.224634004314814062e+00,2.352624543478240238e+00,6.171617874753128064e-01,9.188621642171248549e-01,1.302551843679005117e+00,1.696473762750260850e+00,2.036885261694669769e+00
1.315000000000000036e+01,3.162175574158041513e-01,5.053651967147989410e+01,1.392279271968075993e-01,-1.160958338078079827e-01,1.900648331371311006e-01,3.258546689178967032e-02,5.066121337804341263e-01,3.465841799405514068e-01,1.468036862790144115e-01,1.223812200663575878e+00,2.274902115905560240e+00,6.094393956121805234e-01,9.198160000246219381e-01,1.301506952275434781e+00,1.692012613340298843e+00,2.037008794498571529e+00
1.320000000000000107e+01,3.085552672736341928e-01,5.068725026796939659e+01,1.396411796638169223e-01,-1.344781038920118132e-01,2.148364841250364476e-01,1.677754716556087780e-02,5.055769490130208599e-01,3.478361795547142976e-01,1.465868714322645650e-01,1.222164523171564099e+00,2.309091570577864516e+00,6.019186852169557955e-01,9.189728295200734198e-01,1.301174136931704695e+00,1.690965407273699261e+00,2.034167919608039998e+00
1.325000000000000000e+01,2.990652003886527521e-01,5.084456694435571933e+01,1.347081307608784806e-01,-1.114684437535904404e-01,2.131228586741415465e-01,2.602243653469128726e-02,5.055906472902949034e-01,3.486434763906238188e-01,1.457658763190812501e-01,1.219726145072766554e+00,2.381143410496765700e+00,6.064037055145204969e-01,9.109412505516003566e-01,1.305639664428804192e+00,1.696857638964051951e+00,2.039715355858060519e+00
1.330000000000000071e+01,2.888988566424302573e-01,5.104622464793583703e+01,1.395498891967683897e-01,-9.998514446464888683e-02,1.742723721352871236e-01,1.728363519126400669e-02,5.071644425706758330e-01,3.485741116889823910e-01,1.442614457403419426e-01,1.216504370625269837e+00,2.336488735803680328e+00,6.042012900979216727e-01,9.109893394434807057e-01,1.308012010522130009e+00,1.694868159656766959e+00,2.048806666256571596e+00
1.334999999999999964e+01,2.798429548717203952e-01,5.119532517210205924e+01,1.508340583246529643e-01,-1.220947343109374250e-01,1.669207547131380809e-01,1.961751082130619092e-02,5.097025755526691793e-01,3.464546006083584762e-01,1.438428238389725944e-01,1.215399568407675046e+00,2.336566277382661205e+00,6.037979859077419187e-01,9.110267283251535231e-01,1.310628622609686822e+00,1.689984932337230017e+00,2.046838432766141302e+00
1.340000000000000036e+01,2.546687265930904220e-01,5.134882686041342481e+01,1.463985409808173099e-01,-3.505880526880277015e-02,1.547204372915712001e-01,3.074391291546088589e-02,5.116783353750824492e-01,3.444635785472590639e-01,1.438580860776584314e-01,1.215504435917402093e+00,2.388961842397423929e+00,6.067737084099947831e-01,9.062208060530247966e-01,1.304695581981820673e+00,1.679499563162772713e+00,2.044406508093831842e+00
1.345000000000000107e+01,2.777091836277713055e-01,5.152277555746024973e+01,1.248556155283692404e-01,3.480545636614097021e-02,2.119803737587668546e-01,4.680050039649591431e-02,5.126071221800512223e-01,3.436596479732777487e-01,1.437332298466709180e-01,1.217027176720664627e+00,2.585217407218417307e+00,6.120050935448375640e-01,9.031977528984392878e-01,1.309133002280267632e+00,1.683626552788448860e+00,2.049262928441709430e+00
1.350000000000000000e+01,2.490048200739140571e-01,5.150961667768216046e+01,6.505094213065697184e-02,-3.510898575397611299e-02,1.062974977804496679e-01,6.943864604211696934e-02,5.137835138401920521e-01,3.424085591817325747e-01,1.438079269780752623e-01,1.216998319759459601e+00,3.460366342903920867e+00,6.069903765976520926e-01,9.055842372507146854e-01,1.310002171750502598e+00,1.680269282720335600e+00,2.039122879491089613e+00
1.355000000000000071e+01,2.754293800257365810e-01,5.109545910041419603e+01,7.562093316384273234e-02,-1.738278872375824749e-02,8.965331324972922178e-02,3.576230084149439881e-02,5.191789898600976949e-01,3.436002454137081497e-01,1.372207647261940999e-01,1.218256196910362021e+00,3.309986870994916508e+00,6.158129661037909930e-01,9.028336238305312289e-01,1.311100122318682004e+00,1.681026840707023018e+00,2.050103079832266140e+00
1.359999999999999964e+01,3.354697219906438432e-01,5.086632302264955285e+01,9.119384125273316544e-02,-7.765220391637328232e-03,1.099278122027876198e-01,6.381766598682800384e-02,5.229936131033119384e-01,3.418773580258899769e-01,1.351290288707980847e-01,1.221996178774742425e+00,3.476555520210846684e+00,6.088087992227095846e-01,9.001659508243807784e-01,1.310855489481204561e+00,1.686217822968492541e+00,2.049897336205156240e+00
1.365000000000000036e+01,3.672448929515184091e-01,5.088206638787796265e+01,1.143592193608145985e-01,1.900995872780232793e-03,8.818319253877847375e-02,8.627758628545130482e-02,5.221366721247805431e-01,3.445810786382195179e-01,1.332822492369997724e-01,1.228792024515036108e+00,4.094726258253827744e+00,6.034402792858142295e-01,9.010776700889344681e-01,1.317437741791329664e+00,1.687564129663305046e+00,2.046106475529407387e+00
1.370000000000000107e+01,3.993654495840582297e-01,5.087849112877192681e+01,1.279731700463963284e-01,2.138786589412229946e-02,9.012715053185944847e-02,1.188882161574418700e-01,5.201027549377859049e-01,3.485026665542453328e-01,1.313945785079684014e-01,1.233566757824852367e+00,4.427385013950805970e+00,6.105027821198389937e-01,8.922167197060780763e-01,1.322015497277538199e+00,1.691739611100782525e+00,2.044272317480971601e+00
1.375000000000000000e+01,3.503822474112436858e-01,5.074078467648504187e+01,1.262083214265782571e-01,1.745654206828695099e-02,6.632910914784852230e-02,1.090271451252213669e-01,5.186261253346784450e-01,3.507556364057428655e-01,1.306182382595786340e-01,1.227570519656939751e+00,4.555534542877756721e+00,6.017058280328299036e-01,9.020950086166621418e-01,1.320987447145799631e+00,1.691981111605996624e+00,2.042401712977213624e+00
1.380000000000000071e+01,2.747164499069018051e-01,5.052452411428771484e+01,1.369125866230148092e-01,4.896972090143425493e-02,6.227356312168451369e-02,1.008878410474099985e-01,5.210709158591095846e-01,3.470801099556497515e-01,1.318489741852405528e-01,1.205280508969978071e+00,3.032484042951615333e+00,5.855569130706578251e-01,9.073984455197381394e-01,1.309630239560920284e+00,1.687899542732124836e+00,2.048241300641435725e+00
1.384999999999999964e+01,3.652623110616248781e-01,4.993697116893173416e+01,1.723910515249748587e-01,-1.697962468701170319e-02,5.274290259166006245e-02,3.304912713067995750e-02,5.261662023095345919e-01,3.443860219018873292e-01,1.294477757885779123e-01,1.206505442215148438e+00,4.014944959038571959e+00,6.032681515191691268e-01,9.014170134549893687e-01,1.313425399850200126e+00,1.692306673463545685e+00,2.049302027449806829e+00
1.390000000000000036e+01,3.776165356364779013e-01,4.979922312503816784e+01,1.726977842953466569e-01,-1.494282790922764163e-02,8.899778989798952378e-02,-5.714697662058233242e-03,5.262820675584942709e-01,3.439760262195914464e-01,1.297419062219148378e-01,1.202339605543746748e+00,2.890222963059414063e+00,6.027269810540212269e-01,8.971794741242601345e-01,1.309648206121443836e+00,1.690717946469567412e+00,2.052448317266436284e+00
1.395000000000000107e+01,3.625687964804827912e-01,4.983287149677686045e+01,1.397618867679621402e-01,6.000817863159983029e-03,6.716244641892844813e-02,-1.245560916077814197e-02,5.278095332294912012e-01,3.424146111836043893e-01,1.297758555869045483e-01,1.201167903534617665e+00,2.916047364088967253e+00,6.038741513457240861e-01,8.952128340759699654e-01,1.306947851516840453e+00,1.695970632899617137e+00,2.051740302257523130e+00
1.400000000000000000e+01,3.491203000959509639e-01,4.989846255389679186e+01,1.166294695166785883e-01,1.680426529205558336e-02,5.983790183883839348e-02,4.425478985205121528e-03,5.278799452936040471e-01,3.419836511117998468e-01,1.301364035945959396e-01,1.200574805226498842e+00,2.937551766234030470e+00,6.101611412866894124e-01,8.949303026786697979e-01,1.305637640108725073e+00,1.699211833870128974e+00,2.050622593580219810e+00
1.405000000000000071e+01,3.300580535751275746e-01,4.994389229113994588e+01,1.031662746433996691e-01,2.519987990571735323e-02,3.663674411455875024e-02,2.570140256408978349e-02,5.276864357604258426e-01,3.417530106487481345e-01,1.305605535908261339e-01,1.200594296336977340e+00,2.945487420181536198e+00,6.134804672460802966e-01,8.925977533281312937e-01,1.311011880025891863e+00,1.704239197287684915e+00,2.038148681132410101e+00
1.409999999999999964e+01,3.074294895469459332e-01,4.996301611786527275e+01,9.869545330344074718e-02,1.046208249704126333e-02,1.627291126463604673e-02,4.242867894865750417e-02,5.277635569414846906e-01,3.411716818938686502e-01,1.310647611646463817e-01,1.201125792900218592e+00,2.938801282323155295e+00,6.146141537334723903e-01,8.896070052424620567e-01,1.308678125743012233e+00,1.709324234997114722e+00,2.034296805092569826e+00
1.415000000000000036e+01,2.879571179682380855e-01,4.997366914204805965e+01,1.121780851239125854e-01,-1.434992806891867596e-02,5.672070206900573473e-03,4.255699410292590468e-02,5.286684074317111737e-01,3.397640814914427154e-01,1.315675110768460554e-01,1.201676580470077527e+00,2.898084693235013276e+00,6.183703399704146841e-01,8.884172593380679217e-01,1.308108305875752997e+00,1.701652507475290399e+00,2.040168003533498364e+00
1.420000000000000107e+01,2.672267179363973510e-01,5.000304399695878033e+01,1.435206853811580585e-01,-3.807763465983558804e-02,1.703822176185436701e-02,-2.279510415973689738e-03,5.307050835416218248e-01,3.371105861525341973e-01,1.321843303058439778e-01,1.201539360747712060e+00,2.813147400189916159e+00,6.174304933991808797e-01,8.915299841854495977e-01,1.303136625855456199e+00,1.695065861567971899e+00,2.050733391771303538e+00
1.425000000000000000e+01,2.437214333643353825e-01,5.006522256948376537e+01,1.724048878728634548e-01,-4.882441565405037931e-02,3.690189182942721358e-02,-4.828537612054282363e-02,5.330911913731493090e-01,3.331324127459892037e-01,1.337763958808614873e-01,1.200786278621112535e+00,2.702607905043333147e+00,6.182818984749953728e-01,8.925209130686442283e-01,1.306237953767506843e+00,1.690957449503813770e+00,2.044674311236692965e+00
1.430000000000000071e+01,2.191888177882549971e-01,5.014213752279660952e+01,1.856937253589314996e-01,-4.058452976837654408e-02,1.408805647872410621e-03,-5.852940305611142174e-02,5.352660339065329342e-01,3.281196290451763309e-01,1.366143370482907349e-01,1.200467625398755622e+00,2.588627161824657907e+00,6.177161197192133635e-01,8.936801360601361877e-01,1.309489557206557020e+00,1.690384979782389774e+00,2.056403456649966266e+00
1.434999999999999964e+01,2.359655424816412272e-01,5.021878161243968464e+01,1.867104829335149985e-01,-1.550418336632774022e-02,-1.487951704313680151e-02,-4.531953050590697973e-02,5.365612203584123607e-01,3.237424172358756569e-01,1.396963624057121489e-01,1.200091531576017667e+00,2.508336742495809180e+00,6.312059335564897955e-01,8.951012788071345261e-01,1.308124482051942428e+00,1.681940014104031267e+00,2.065253933997301505e+00
1.440000000000000036e+01,2.373497381888009239e-01,5.024673663376833588e+01,1.727956917990495500e-01,-1.111707123740296108e-02,2.169271191447331038e-03,-2.243952801450655246e-02,5.369298407904592452e-01,3.209796610684985119e-01,1.420904981410419654e-01,1.201203041961319551e+00,2.479970775312727582e+00,6.248388663248171104e-01,8.977159072000067130e-01,1.304384141250577667e+00,1.682338199635187159e+00,2.065791047266628322e+00
1.445000000000000107e+01,2.185115308519517963e-01,5.030088265865929031e+01,1.485633675835442424e-01,8.693856697391566177e-03,2.889971274589519384e-02,1.596720415442907113e-03,5.357914759094345447e-01,3.198816527737421422e-01,1.443268713168232853e-01,1.202825585347868431e+00,2.505198928192983399e+00,6.210239324537772942e-01,9.021023810865966830e-01,1.301808771638516493e+00,1.679562533453129891e+00,2.054316789723081627e+00
1.450000000000000000e+01,2.166051623060488152e-01,5.039617915343563226e+01,1.355206281408170288e-01,1.240677639736145234e-02,3.348389303122137339e-02,2.037899796550247597e-02,5.345767292038264840e-01,3.188886179728784853e-01,1.465346528232948919e-01,1.202468800403529992e+00,2.560424149262929827e+00,6.307022398275190511e-01,9.043810977678168328e-01,1.300907170323596818e+00,1.683984472430230861e+00,2.052158027102267912e+00
1.455000000000000071e+01,2.305900638089016519e-01,5.044675511840320326e+01,1.311586405364363050e-01,2.177946060416783083e-02,2.093908403218078945e-02,2.564852404634705360e-02,5.342985621388360862e-01,3.168677319589928709e-01,1.488337059021708486e-01,1.202535575585493399e+00,2.684331030292443465e+00,6.285580011724808402e-01,9.073394881289627012e-01,1.295723838622856228e+00,1.683143656434602953e+00,2.045448967129487983e+00
1.459999999999999964e+01,2.285278089687817205e-01,5.040497998021005799e+01,1.230736970325896212e-01,3.376233692660692703e-02,-4.104722269522134530e-03,2.742887613474506367e-02,5.339214577986900467e-01,3.151119202519691020e-01,1.509666219493411843e-01,1.205548179466263470e+00,2.898230474506456655e+00,6.265947785621636124e-01,9.106689284875917334e-01,1.288869977138747513e+00,1.684988052524456492e+00,2.049593546064693239e+00
1.465000000000000036e+01,2.172964092683759285e-01,5.030338669879522939e+01,1.118075607541674649e-01,3.337717922383068303e-02,-2.856085054416171443e-02,4.413169047569058534e-02,5.325150019387038247e-01,3.153282533926279885e-01,1.521567446686681868e-01,1.210783124736078520e+00,3.192178061427915381e+00,6.237747592560520804e-01,9.102297973103159467e-01,1.291118748271064209e+00,1.678329877567144690e+00,2.055266171750265158e+00
1.470000000000000107e+01,2.333072115015716042e-01,5.019976996245885914e+01,1.139453121710162498e-01,4.514439073090686927e-02,-2.375354522250746822e-02,5.490632937584451201e-02,5.296520113338628599e-01,3.176256825097439895e-01,1.527223061563936501e-01,1.217227154382963583e+00,3.474050028271399526e+00,6.321762879280006242e-01,9.098992732493690339e-01,1.297911477444836148e+00,1.677299957475708592e+00,2.057205817129937220e+00
1.475000000000000000e+01,2.058939351968765707e-01,5.020307085560421712e+01,1.251664848298480182e-01,4.711574223839235659e-02,-4.796837314655608142e-02,5.046900377995882508e-02,5.261517326251274884e-01,3.203136545448889150e-01,1.535346128299835966e-01,1.220952029027825292e+00,3.702547750988069097e+00,6.281909158429381801e-01,9.136030773784385994e-01,1.292611434842422469e+00,1.676609603847363239e+00,2.051902323414221740e+00
1.480000000000000071e+01,1.924959617508155696e-01,5.024828484771451542e+01,1.167300538006569716e-01,4.747631099547010985e-02,-5.338608795086150632e-02,6.789816896006312108e-02,5.221936706635954550e-01,3.221340647948676139e-01,1.556722645415368200e-01,1.222922210049025127e+00,3.851392207063077500e+00,6.291704133810700483e-01,9.164942023805165983e-01,1.287047691815856876e+00,1.681960550171194946e+00,2.061653156960268518e+00
1.484999999999999964e+01,1.891381797514002927e-01,5.032674009734822107e+01,1.118002143180404639e-01,4.669068814949212110e-02,-4.657398519849936108e-02,8.291580584139023047e-02,5.190556247258567568e-01,3.227583939316521766e-01,1.581859813424908445e-01,1.223663260257430219e+00,3.836794545080255858e+00,6.283019028249768878e-01,9.151056626551217210e-01,1.283239177607971460e+00,1.686550263431127128e+00,2.058700687367873705e+00
1.490000000000000036e+01,1.967474762496541629e-01,5.040955401707053340e+01,1.104871058213811180e-01,4.551184127089492187e-02,-2.807159303290754013e-02,9.595676897004408457e-02,5.168150343720083750e-01,3.225933754603743653e-01,1.605915901676173707e-01,1.223513033664121119e+00,3.712760321268700370e+00,6.355866347782809234e-01,9.111290211532585559e-01,1.283523747650734403e+00,1.687217546338508400e+00,2.063638757922796607e+00
1.495000000000000107e+01,1.919099236999893543e-01,5.049447988901367523e+01,1.046902866533506171e-01,3.598824658238784779e-02,-5.326725874202582756e-03,1.064199049639754369e-01,5.147623893860029387e-01,3.218594059628352433e-01,1.633782046511617625e-01,1.223396041167568837e+00,3.575716867223011963e+00,6.349182317014266941e-01,9.063381239309462600e-01,1.285695092914172832e+00,1.676892655996652381e+00,2.072429343690242565e+00
1.500000000000000000e+01,1.859892806990037784e-01,5.057387448796826135e+01,8.940055026530112359e-02,1.210286103860470919e-02,4.159788334832710543e-02,1.079748077383449051e-01,5.120682178992526090e-01,3.210134575004557900e-01,1.669183246002918508e-01,1.223758111001713944e+00,3.451098246086584886e+00,6.277144512447515590e-01,9.155227746940427513e-01,1.288715630614636343e+00,1.678721873835585576e+00,2.066410796352236456e+00
1.505000000000000071e+01,1.704558034887329598e-01,5.064763269790405076e+01,6.581274215733164124e-02,-1.864537311385931068e-02,3.401671383079062777e-02,7.761301094465507255e-02,5.111830478421675039e-01,3.192297547927177570e-01,1.695871973651146281e-01,1.224130650680606447e+00,3.362018046755010481e+00,6.164631722718000306e-01,9.184796243937237703e-01,1.289636665578613339e+00,1.679022973339090452e+00,2.076423753136790840e+00
1.509999999999999964e+01,1.625248206218763702e-01,5.071167054156345699e+01,6.250628316153204744e-02,-3.514238870933533015e-02,1.798232150275012528e-02,4.277406724839905722e-02,5.133185875684809218e-01,3.161756229931989015e-01,1.705057894383199546e-01,1.224466922107623201e+00,3.318524921937468619e+00,6.187278570766177044e-01,9.189814357522826382e-01,1.291237093451278906e+00,1.677879618526179062e+00,2.077941667835576212e+00
1.515000000000000036e+01,1.695877013099281183e-01,5.078096608730579931e+01,6.997322847431799997e-02,-3.172407806852155926e-02,2.379339617584172104e-02,2.324899688560204750e-02,5.166065386635859680e-01,3.132001359493165049e-01,1.701933253870974161e-01,1.224396694179606726e+00,3.290411700041895759e+00,6.267037836837504594e-01,9.209085868611953662e-01,1.291236800890873226e+00,1.678001668355276976e+00,2.077497139294830930e+00
1.520000000000000107e+01,1.773140614951673188e-01,5.079666238649801357e+01,7.704868197304053090e-02,-1.581804317871651419e-02,4.336313960891390040e-02,1.140863495717287825e-02,5.195265747719535199e-01,3.106153742735124346e-01,1.698580509545340178e-01,1.225074880508213226e+00,3.235542812489631714e+00,6.278610745641509672e-01,9.162582364074947083e-01,1.290068254444334261e+00,1.679974533091765920e+00,2.073776423394851687e+00
1.525000000000000000e+01,1.504022748410498433e-01,5.070663576389028293e+01,7.587177015807078373e-02,-3.561585635235225283e-02,4.321922786981963194e-02,2.065906898667528926e-02,5.211234265607882499e-01,3.085497260391685814e-01,1.703268474000430022e-01,1.226806621426823174e+00,3.147764543561018868e+00,6.343313471933298420e-01,9.111865497731370667e-01,1.286123189255606869e+00,1.679002770312342685e+00,2.071905095512948325e+00
1.530000000000000071e+01,1.380360676356429950e-01,5.068288051573575359e+01,7.084426595806843363e-02,-4.741147816870483478e-02,3.450212559017398761e-02,7.248131257447427978e-02,5.230635638842622281e-01,3.064085182480616454e-01,1.705279178676760155e-01,1.227553803359922924e+00,3.109911013670536573e+00,6.325585469164486385e-01,9.091521964438501469e-01,1.290468313393268840e+00,1.680792974728127831e+00,2.067786722499066698e+00
1.534999999999999964e+01,1.236935645210120727e-01,5.072750571855873147e+01,7.280893718735120812e-02,-3.813424942445294008e-02,-7.741884796637831315e-03,1.215548616718060138e-01,5.246781574818731864e-01,3.045171731070391297e-01,1.708046694110875174e-01,1.229250457237899496e+00,3.111044466267736563e+00,6.427548008110918198e-01,9.060473000400309784e-01,1.288327518714770470e+00,1.684429322179626931e+00,2.072997662757052328e+00
1.540000000000000036e+01,1.154942437093686991e-01,5.078542699172439256e+01,7.210953131732476817e-02,-1.714352459689778493e-02,-6.637791242590490581e-02,1.134589650089043861e-01,5.261716175705978271e-01,3.028299326821382031e-01,1.709984497472637199e-01,1.231920271832993352e+00,3.146567060973850971e+00,6.363919597396816563e-01,8.996788659142169742e-01,1.286849147743740041e+00,1.686817955211187492e+00,2.072829630712196280e+00
1.545000000000000107e+01,1.177042543135800035e-01,5.086279987345224640e+01,5.892010329816007447e-02,-5.838503682143743496e-03,-9.413110103311810029e-02,1.008368930784655365e-01,5.275577491232619209e-01,3.015603937347518526e-01,1.708818571419860599e-01,1.234349307910298510e+00,3.230860646733038077e+00,6.267680167469953378e-01,8.991994520092970733e-01,1.287736253474702774e+00,1.687262773313847219e+00,2.070383564448077696e+00
1.550000000000000000e+01,1.310808158905246157e-01,5.093861158693714231e+01,3.161308374824300244e-02,-2.986894548934575233e-03,-9.650551595198537946e-02,9.133334044579211053e-02,5.289516927739743579e-01,3.008752665150826178e-01,1.701730407109431908e-01,1.236524584880830391e+00,3.360245429873026879e+00,6.249578846618845107e-01,9.037935207431564422e-01,1.284725334050088819e+00,1.682393496246494591e+00,2.060129496996117027e+00
1.555000000000000071e+01,1.641547430931328544e-01,5.096632583462579191e+01,1.807642984122711724e-02,1.686010321993688249e-02,-4.238000014815297700e-02,6.554100223299834382e-02,5.303162930527112184e-01,3.005089370907301216e-01,1.691747698565586877e-01,1.239879019659237303e+00,3.532691883218285867e+00,6.250560101498668919e-01,9.067562512367965954e-01,1.284775701791424307e+00,1.687950510166460472e+00,2.052737303375681055e+00
1.559999999999999964e+01,1.858074471624810431e-01,5.096874552981016393e+01,8.151689181474024160e-02,3.145440211017822008e-02,5.736817066138209451e-03,4.537784742557277040e-02,5.309439985747705926e-01,3.011497998721421876e-01,1.679062015530874419e-01,1.244968659427760027e+00,3.724027370358819589e+00,6.314513355149454776e-01,9.067184124069798123e-01,1.279595499843941164e+00,1.691296299118934199e+00,2.062851218503259254e+00
1.565000000000000036e+01,1.824333070563482484e-01,5.100776284437362307e+01,1.412596310117996967e-01,5.329739414655178947e-02,1.939748662201226312e-02,2.884768717948301212e-02,5.310296600657391508e-01,3.025824608937285887e-01,1.663878790405323993e-01,1.250570504434962871e+00,3.870125550893852573e+00,6.368091198078480453e-01,8.968363206013124644e-01,1.279550644845355745e+00,1.684841818664013724e+00,2.065315837810104416e+00
1.570000000000000107e+01,1.869324171857306705e-01,5.110864768931387658e+01,1.023411294923948361e-01,7.271521071612521703e-02,7.252219563762761501e-02,-3.092471198639348742e-03,5.323436546015966053e-01,3.033731726249650484e-01,1.642831727734385960e-01,1.254375733257177439e+00,3.932511640925995700e+00,6.488457715419100325e-01,8.924779711978625407e-01,1.279773261058632983e+00,1.682485724290474050e+00,2.069063380792110163e+00
1.575000000000000000e+01,1.382486923559479441e-01,5.116021299345204909e+01,4.879796808508912731e-02,4.950598752513289680e-02,7.950563333999166593e-02,-9.107095198914736192e-03,5.354684886686453815e-01,3.027209228217314085e-01,1.618105885096234320e-01,1.252906723528986133e+00,4.025562009262769969e+00,6.419039697357460383e-01,8.914044736198702967e-01,1.285702638617908899e+00,1.674445197001340313e+00,2.071605913908866725e+00
1.580000000000000071e+01,1.609034299173517923e-01,5.117791525890829263e+01,2.366837678704445877e-02,-1.517583767202519912e-03,1.364522697034146852e-02,2.319751806889022369e-02,5.354565270676279187e-01,3.037443612860554198e-01,1.607991116463166614e-01,1.252287843080363450e+00,4.215190233529668262e+00,6.402519109018833809e-01,8.933521954366023810e-01,1.291102032712278636e+00,1.682531612439984503e+00,2.084122601680652220e+00
1.584999999999999964e+01,1.786952619459920566e-01,5.121931709425573587e+01,2.174669509804079762e-02,2.127824785380449946e-02,-1.254536677819824940e-02,3.374618755233482759e-02,5.338316339548827560e-01,3.078364116635614600e-01,1.583319543815559227e-01,1.256873101803456683e+00,4.303325098604286580e+00,6.391481290889625688e-01,8.944523859750352912e-01,1.290767889176446914e+00,1.684675366540471009e+00,2.083819825060114095e+00
1.590000000000000036e+01,1.940515051103613442e-01,5.123974128015027674e+01,3.084245310269843193e-02,-4.575149645318010543e-03,-5.153811151329292309e-03,3.117223283162478056e-02,5.321061043823231973e-01,3.130320882139513983e-01,1.548618074037252379e-01,1.253718242817245088e+00,4.253303299826541206e+00,6.404075366610008091e-01,9.006397250999045312e-01,1.285917785836141469e+00,1.690895939027238448e+00,2.073327113617258632e+00
1.595000000000000107e+01,1.537986239465442551e-01,5.110174905627037134e+01,3.400275199850467944e-02,9.345258760092817196e-03,-2.898871575383214945e-03,-1.432567923916979943e-02,5.302864203101390617e-01,3.171146169381881541e-01,1.525989627516724789e-01,1.252769324774951398e+00,4.347710762120212458e+00,6.332195320712576958e-01,8.998591363986436775e-01,1.281969897365913491e+00,1.685841182590097853e+00,2.061876183095098014e+00
1.600000000000000000e+01,1.355781859711362725e-01,5.083009109799576919e+01,5.722845612604911952e-02,3.810341430047568118e-02,-1.290430711289888843e-02,-1.451635806864305309e-02,5.290359709693978063e-01,3.200433154767575172e-01,1.509207135538447875e-01,1.260239740593919855e+00,4.478021227068190946e+00,6.290914428596871000e-01,9.056136423954285197e-01,1.283944528442832800e+00,1.683346639879005346e+00,2.069318421027357857e+00
1.605000000000000071e+01,1.382425527793075815e-01,5.073397909240691916e+01,8.573516367085681766e-02,5.632852717584661828e-02,-5.786934497411026085e-03,-2.257485630298209159e-02,5.290948726940127855e-01,3.208344758781128125e-01,1.500706514278742909e-01,1.266183541263302459e+00,4.769360588002301782e+00,6.316716669408116713e-01,8.995720053814488804e-01,1.282042027393492489e+00,1.680951851633255778e+00,2.073039028114718185e+00
1.610000000000000142e+01,1.375546664107951123e-01,5.069871450725912609e+01,8.049421113440691222e-02,1.133542772800120481e-02,3.453722333792010046e-02,-3.838131122373608477e-03,5.297768762272562215e-01,3.182540919998255169e-01,1.519690317729182893e-01,1.277296117403436293e+00,5.483997192767191109e+00,6.317215660993937831e-01,8.940388251452693336e-01,1.285515058637219710e+00,1.674152014635471808e+00,2.071452594833939731e+00
1.614999999999999858e+01,7.387557383564288815e-02,5.055057840100187150e+01,3.488178670717825836e-02,2.317577528997695133e-02,1.812785704268540755e-03,4.844470527909479352e-02,5.289378137482896314e-01,3.161047284083691733e-01,1.549574578433414174e-01,1.292834103668071721e+00,6.032009440435456504e+00,6.371192536999696898e-01,9.026955007060382119e-01,1.284815477122359217e+00,1.682852563912624166e+00,2.066419394528985265e+00
1.619999999999999929e+01,8.481755077284955369e-02,5.042684128884711470e+01,3.257667349494766662e-02,2.026816400574175600e-02,1.734170526305424745e-02,3.491187242794029089e-02,5.273826389071608611e-01,3.146828690469428702e-01,1.579344920458964630e-01,1.300927337046949184e+00,6.382324519300492938e+00,6.350725000203077952e-01,8.960747256346786038e-01,1.280331392315092298e+00,1.686390948453026173e+00,2.063151628005963634e+00
1.625000000000000000e+01,1.366159280487850847e-01,5.035018368664804456e+01,1.134085016328403861e-02,1.647240427451942754e-02,4.437257782543015117e-02,1.404925514413927524e-02,5.229199223628653304e-01,3.151726835723325792e-01,1.619073940648022569e-01,1.312565678047357576e+00,6.750605234663625609e+00,6.294713182930632422e-01,8.991678584709053013e-01,1.273348311369417951e+00,1.695279383345830171e+00,2.080012170841730068e+00
1.630000000000000071e+01,1.389660528793133787e-01,5.028629956305758952e+01,2.971540119007670330e-02,1.795515956210365360e-03,2.361025524654887780e-03,4.020054985893536242e-02,5.171578884223020367e-01,3.184518196001718815e-01,1.643902919775259985e-01,1.326361850988364122e+00,7.492137163684010837e+00,6.342842902277439077e-01,8.964094156213818776e-01,1.267198394240727222e+00,1.694304494276309248e+00,2.065568003584616896e+00
1.635000000000000142e+01,1.568562111915669521e-01,5.019826743088059828e+01,4.340463258889572934e-02,-3.683560388848230310e-02,-1.833547022924160094e-02,7.203037674755834174e-02,5.146013509712830114e-01,3.203726388081829524e-01,1.650260102205340640e-01,1.343050759972585162e+00,8.892706484138338752e+00,6.332018677149108266e-01,8.953099208082595517e-01,1.275964726686627193e+00,1.688406435489622215e+00,2.071950361224916382e+00
1.639999999999999858e+01,1.556914044769375782e-01,5.010581986260896059e+01,5.360045384510415956e-02,-6.554258974640639335e-02,-2.516674355108894715e-02,6.172701767322656685e-02,5.123373876109043046e-01,3.227537730390687698e-01,1.649088393500270644e-01,1.359709707503959475e+00,1.028626949169124494e+01,6.395182667341261507e-01,8.848638097328699326e-01,1.278950875309326829e+00,1.688643761538516141e+00,2.072529836625752964e+00
1.644999999999999929e+01,1.486699040471439193e-01,5.003434527277559596e+01,6.640824108717066632e-02,-7.561697980632603455e-02,-2.378767629679723675e-02,6.389497453187188702e-02,5.105868020324823009e-01,3.251449669763262773e-01,1.642682309911911720e-01,1.379741838451342462e+00,1.242374922556986760e+01,6.495017856911254883e-01,8.810373938905357027e-01,1.287055451172289811e+00,1.688069532696900410e+00,2.083916442474027075e+00
1.650000000000000000e+01,1.471389592117771927e-01,4.999058950149428426e+01,6.260744889791480805e-02,-7.626363908949174153e-02,-7.952616167512128326e-03,9.564135874675940008e-02,5.093053654423150833e-01,3.279998144564231222e-01,1.626948201012616280e-01,1.394036790223538214e+00,1.402452773459978808e+01,6.451522345945874815e-01,8.787797746993413206e-01,1.295434413836377807e+00,1.677274123027012509e+00,2.085537714775097307e+00
1.655000000000000071e+01,1.539714010224658147e-01,4.990804276516941229e+01,6.893559141413493907e-02,-9.485782692803566840e-02,3.035285120267133818e-02,9.337017859607217585e-02,5.078314648719326474e-01,3.327997220969650116e-01,1.593688130311021467e-01,1.400831414121639584e+00,1.443308569050414292e+01,6.322986057147100825e-01,8.864513445697688176e-01,1.293156850708042427e+00,1.683104628226124833e+00,2.079246511325948177e+00
1.660000000000000142e+01,1.416581138624831149e-01,4.977209420406305895e+01,8.744181734744310708e-02,-9.081365415310543865e-02,4.374807110791379544e-02,7.828032334109236157e-02,5.083178154465963772e-01,3.353228874486551825e-01,1.563592971047483848e-01,1.413525192090705263e+00,1.507849014211790717e+01,6.303736904083159232e-01,8.867001014082337429e-01,1.290308197835747128e+00,1.684919505209694357e+00,2.077262158371445011e+00
1.664999999999999858e+01,1.416963934180553997e-01,4.968384924556922044e+01,1.170581103753073893e-01,-7.097872392894130633e-02,4.358038270008886272e-02,7.578549173866654109e-02,5.097875209555224885e-01,3.359203986298358591e-01,1.542920804146419023e-01,1.433739512064771793e+00,1.675562544740697390e+01,6.193676117418471794e-01,8.874318808724350749e-01,1.286227086629046390e+00,1.687660666122494657e+00,2.078851223388785030e+00
1.669999999999999929e+01,1.559712230172784209e-01,4.958398750522156462e+01,1.388431561877594700e-01,-2.839851096118227794e-02,4.102646708525059527e-02,6.306153633547334492e-02,5.121475034119724601e-01,3.354487252269042208e-01,1.524037713611226807e-01,1.465026678448016817e+00,2.022239921533895668e+01,6.207177714763562060e-01,8.781225550328037865e-01,1.280565106435710643e+00,1.682176447086920046e+00,2.076008268737303819e+00
1.675000000000000000e+01,1.779997963602307220e-01,4.944769557998856158e+01,1.264950359621680731e-01,-1.872972117825148775e-02,5.838385388097436929e-02,2.474834455845476011e-02,5.159303053117220150e-01,3.337301461352805143e-01,1.503395485529974429e-01,1.522006250683593631e+00,2.789442130321641855e+01,6.311724442901933685e-01,8.779018911098589451e-01,1.279609536728493868e+00,1.676911637410074762e+00,2.067354434891589765e+00
1.680000000000000071e+01,1.732781804288340555e-01,4.934722780277009235e+01,9.518234258503570355e-02,-9.342322996609742775e-03,4.095913740782086004e-02,1.933307905464379597e-02,5.200674603556671993e-01,3.307099903417399789e-01,1.492225493025930716e-01,1.582842308380734808e+00,3.706983161077034339e+01,6.358337314949860097e-01,8.848310173230775622e-01,1.279663803368201069e+00,1.673426614270858259e+00,2.070812584965852299e+00
1.685000000000000142e+01,1.773660321683772634e-01,4.929966580562417988e+01,8.077916550595737322e-02,7.534836120226828110e-03,5.422727964527024325e-02,1.489910011556506639e-02,5.224973445785406900e-01,3.285049409851238389e-01,1.489977144363356099e-01,1.613756583816165602e+00,4.155480819109711632e+01,6.339784926048895874e-01,8.901411289363141410e-01,1.288371922188828567e+00,1.681818619086348887e+00,2.067060935742613292e+00
1.689999999999999858e+01,1.733064758262125860e-01,4.918922199098972925e+01,6.057286097267473857e-02,2.134079646913220399e-02,4.094827931793712517e-02,4.154553594757451687e-03,5.230944037449483108e-01,3.274270713230127416e-01,1.494785249320394194e-01,1.631421439369392212e+00,4.345174235834954857e+01,6.355729679229363827e-01,8.909868503162322595e-01,1.287688577400481371e+00,1.683195341713552784e+00,2.055099337202081156e+00
1.694999999999999929e+01,1.598520024440901466e-01,4.902107004580775396e+01,1.669247024250111733e-02,1.999681676533305794e-02,3.209649153657329751e-02,-5.501334363093396580e-03,5.231886049626446322e-01,3.275398213072883702e-01,1.492715737300666923e-01,1.682745175580911523e+00,5.138938207306308925e+01,6.422015743431335189e-01,8.983222786409752469e-01,1.285006285737999576e+00,1.686123624866813442e+00,2.061305433813859000e+00
1.700000000000000000e+01,1.557995995456219751e-01,4.879838590861743342e+01,-3.393923851257789163e-04,1.164645817476659892e-02,3.660378888762991223e-02,-7.235409338646793705e-03,5.239702729512704105e-01,3.280821157013162348e-01,1.479476113474132992e-01,1.769440178067525293e+00,6.593135139689492519e+01,6.391895396961291276e-01,8.954680174392971592e-01,1.287136917583652451e+00,1.680031830769710188e+00,2.064183663457995532e+00
1.705000000000000071e+01,1.643650620037950261e-01,4.860574700557069860e+01,2.561707559429343695e-02,5.193255366431976695e-03,3.964267362575548542e-02,1.460940552271932508e-02,5.255558666654424060e-01,3.284882848807109124e-01,1.459558484538468481e-01,1.882912453018191101e+00,8.693007559530104800e+01,6.324206568002542772e-01,9.069030345321862363e-01,1.282844935164808131e+00,1.682490960554559933e+00,2.066606571760320588e+00
1.710000000000000142e+01,1.608020530846661633e-01,4.839873384180246063e+01,5.328461344730517357e-02,-6.996249206912026749e-04,1.798489205672489447e-02,3.898190275813089023e-02,5.280821899791922069e-01,3.278497674733388823e-01,1.440680425474690496e-01,2.009644004511583315e+00,1.119743481001483900e+02,6.305045132017187415e-01,9.049045895070259027e-01,1.284547496999883576e+00,1.687502784718671212e+00,2.064629049118200665e+00
1.715000000000000213e+01,1.239294201426896225e-01,4.806314702767021885e+01,8.171377660001692689e-02,1.601083178092961926e-02,-2.360869876228518377e-03,3.720905930823026342e-02,5.300814130972425486e-01,3.281395946051901547e-01,1.417789922975671302e-01,2.093529141714416841e+00,1.265421036102930401e+02,6.357261402569324149e-01,9.010692016544904481e-01,1.281603615750540826e+00,1.693489983278047895e+00,2.072589153592870215e+00
1.719999999999999929e+01,8.837004199737816257e-02,4.767342872841340551e+01,1.110634918253870229e-01,1.168868983949982072e-02,-4.723558609819897801e-03,1.844733589345753585e-02,5.311760503828930613e-01,3.288010644221600609e-01,1.400228851949469333e-01,1.904999622770915391e+00,8.298636396014440209e+01,6.377792577297851651e-01,9.023832888009550857e-01,1.275754263554043977e+00,1.688804166566733267e+00,2.074189772272699628e+00
1.725000000000000000e+01,8.341957522871107367e-02,4.723909728577095279e+01,8.737931377551139134e-02,-1.108272869669441052e-02,1.547741352406229592e-02,1.372953227285520590e-03,5.312597774975160725e-01,3.294359422122999925e-01,1.393042802901839350e-01,1.714435528456256241e+00,4.793274101832631828e+01,6.460968563107722940e-01,9.011541499100965691e-01,1.265287352682928690e+00,1.693581948099532442e+00,2.068682388968946739e+00
1.730000000000000071e+01,9.304238563225805669e-02,4.683509869213769150e+01,4.871736027911149208e-02,-4.467085972463349236e-02,6.082295526317326589e-02,2.191595222835691220e-02,5.264876012250497839e-01,3.344560473475325368e-01,1.390563514274179291e-01,1.643344697775401153e+00,3.476532022315615933e+01,6.526320628970088134e-01,8.948901782480948031e-01,1.261361775938445895e+00,1.684205554005233862e+00,2.062843496243050634e+00
1.735000000000000142e+01,8.559935963303447193e-02,4.663150244118232735e+01,2.220712415233572559e-02,-4.147933887664927155e-02,3.795084892562905488e-02,4.072940549367772695e-02,5.176281569869111143e-01,3.422812036381518985e-01,1.400906393749372925e-01,1.608572864328428942e+00,2.636684443227725794e+01,6.603589017005163653e-01,9.041254088667967093e-01,1.269051265407878715e+00,1.684121922688314843e+00,2.056182229873953826e+00
1.740000000000000213e+01,7.957253035569882005e-02,4.653404292527925890e+01,4.639589132272436273e-02,-2.813602984067762117e-02,1.747529270776068330e-02,1.180659202550194548e-02,5.110352487591963699e-01,3.474766615170274409e-01,1.414880897237762170e-01,1.627682875034796695e+00,2.655706938420892271e+01,6.516088306565708255e-01,9.083750221531170510e-01,1.271234865166910311e+00,1.682314970778135743e+00,2.046888963431803710e+00
1.744999999999999929e+01,8.365483794110076254e-02,4.637246551198334288e+01,1.114299417857308877e-01,-4.155103342997264887e-02,1.800574456529390951e-02,4.927509282096206693e-03,5.083411542810081230e-01,3.484839322054232857e-01,1.431749135135686746e-01,1.676999134368279742e+00,3.083597642197400646e+01,6.501770746147131907e-01,9.110741204253944847e-01,1.270414626161059157e+00,1.683046571416770831e+00,2.050456064568736636e+00
1.750000000000000000e+01,8.182273390158802118e-02,4.619578096097441033e+01,1.182426841243235244e-01,-6.471138732759414147e-02,1.906345257318807843e-02,4.049682232405339699e-02,5.073480716221636655e-01,3.481469830602655358e-01,1.445049453175711318e-01,1.722982784927420186e+00,3.499986307495927207e+01,6.460216211748243120e-01,9.134252972853833530e-01,1.270204743367991940e+00,1.674201035693074990e+00,2.048989834800661658e+00
1.755000000000000071e+01,6.566915282464043380e-02,4.611028756112484928e+01,7.022775521940569088e-02,-6.896268405868564988e-02,1.868579136798301232e-02,6.854003863803204144e-02,5.060755285458095054e-01,3.491448219736653646e-01,1.447796494805252410e-01,1.724987656172690675e+00,3.776218045995961603e+01,6.379252791981124826e-01,9.119272728326014432e-01,1.270799438989743901e+00,1.675431494048277736e+00,2.049327957019499991e+00
1.760000000000000142e+01,6.676143188608886503e-02,4.603050905627472389e+01,3.138312123215578758e-02,-5.748861609939589362e-02,1.825477891674384678e-02,8.120117118370155651e-02,5.037322082102405618e-01,3.511045983844936491e-01,1.451631934052662609e-01,1.712786588997372572e+00,3.978904735012470439e+01,6.425123751582136888e-01,9.119109093916206721e-01,1.271125087767094763e+00,1.677075621646602954e+00,2.054101260318542455e+00
1.765000000000000213e+01,6.376154270196432439e-02,4.588614090179854088e+01,-5.750803620137299663e-03,-3.335940344234483712e-02,1.217904019547854343e-02,7.791956742677630388e-02,4.995078913625801142e-01,3.535858424956291879e-01,1.469062661417907811e-01,1.712100518278958372e+00,4.035198706290321269e+01,6.485429656114829466e-01,9.065704762480761847e-01,1.271464228543328634e+00,1.676666961255753208e+00,2.046877478918274651e+00
1.769999999999999929e+01,6.428929735517625865e-02,4.577018798525841703e+01,-3.951596168456692620e-02,2.379826269982708575e-02,2.085911167548205533e-02,7.013088349944533728e-02,4.934759322492706657e-01,3.560838762934175339e-01,1.504401914573114396e-01,1.740610569542679675e+00,4.091915356436529549e+01,6.526171090493169125e-01,9.100359878112322942e-01,1.268414901761893310e+00,1.679555091985796000e+00,2.053062516093323797e+00
1.775000000000000000e+01,5.728166542002213063e-02,4.570337288501935546e+01,-1.171159034722159351e-03,5.182089972826415397e-02,4.540858344578876243e-02,3.986331570812180758e-02,4.878789317741129006e-01,3.576020801065189492e-01,1.545189881193682058e-01,1.770225743070512614e+00,4.386869021185700035e+01,6.433348225425914446e-01,9.100019245472390494e-01,1.265824130068788911e+00,1.682402693491357404e+00,2.062034321937125103e+00
1.780000000000000071e+01,7.380255243122597897e-02,4.564746707633344869e+01,2.925650684470965796e-02,2.497681885072022476e-02,2.757881099210035547e-02,4.285545133830866854e-02,4.851938176962644067e-01,3.585936285012545910e-01,1.562125538024809468e-01,1.727775395698861516e+00,4.687021690041731148e+01,6.516360279217516815e-01,9.064326621914485793e-01,1.270683743170123670e+00,1.678072664876456122e+00,2.067309478001936984e+00
1.785000000000000142e+01,7.647596878316018087e-02,4.566851894630831765e+01,2.967374181271088818e-02,2.419382149120500106e-02,-8.178770821574232394e-03,4.795987424336797117e-02,4.848800186210758811e-01,3.563017697395941541e-01,1.588182116393298260e-01,1.669136035149084263e+00,4.172990560151460926e+01,6.460038163952627199e-01,9.048238085508799600e-01,1.273316693812785338e+00,1.677833212899659587e+00,2.065315675654182836e+00
1.790000000000000213e+01,7.568411770227687074e-02,4.571678381418043813e+01,6.097980303486087716e-02,2.016758983659176774e-02,-5.424909592773805023e-02,5.039119283984402203e-02,4.825058062154999883e-01,3.561395286904577850e-01,1.613546650940421157e-01,1.581980258244063631e+00,2.936441109990570553e+01,6.464956329497333343e-01,9.040239571817141329e-01,1.266550055595961455e+00,1.677820248884352550e+00,2.051949394842929486e+00
1.794999999999999929e+01,7.447732266889475761e-02,4.564004810078072438e+01,7.621591004004978076e-02,1.133874121645192697e-02,-8.124313940648757171e-02,4.836649579111734765e-02,4.807242158309189550e-01,3.558136584513140743e-01,1.634621257177672204e-01,1.549134737291294028e+00,2.408082224208712674e+01,6.533446065724749507e-01,9.038234931415221052e-01,1.267669962087107249e+00,1.681534286976188897e+00,2.048645209933545708e+00
1.800000000000000000e+01,7.410759335454622510e-02,4.548922576984916333e+01,4.450448365076275364e-02,-4.456433854705049886e-03,-8.591901014575356599e-02,5.081738368077024642e-02,4.800103664105758172e-01,3.550537587976792531e-01,1.649358747917449852e-01,1.545227377198009844e+00,2.265430654299942859e+01,6.452165963205594990e-01,9.023835590815829644e-01,1.267056259978140087e+00,1.686528646494923178e+00,2.055298520504220683e+00
1.805000000000000071e+01,1.007891332166425818e-01,4.531729992562541298e+01,3.861216004132319348e-05,-3.391534506883792793e-02,-3.974517576302000199e-02,6.213163497957923526e-02,4.790671487387477834e-01,3.547207249529701900e-01,1.662121263082821931e-01,1.551430056125602697e+00,2.269842639054329325e+01,6.470930659945577368e-01,8.952149643914921739e-01,1.264177873417238640e+00,1.680296842433646187e+00,2.070735227307524795e+00
1.810000000000000142e+01,1.260815930520576278e-01,4.511576104385976294e+01,-2.511260715933461354e-02,-2.399763564740548319e-02,1.447539469995004664e-02,4.830416052364093493e-02,4.768937300106931287e-01,3.548037023210748320e-01,1.683025676682318728e-01,1.567073233103757124e+00,2.423262763239574014e+01,6.485843472043428815e-01,8.890582600775450706e-01,1.262269735744534938e+00,1.673241032804323902e+00,2.080567248479553655e+00
1.815000000000000213e+01,1.058863195008734881e-01,4.505300624094758888e+01,-2.055595365789419579e-02,3.193735746843871098e-02,1.703539143192775093e-02,5.498722837175307881e-02,4.719088354465679203e-01,3.543127862669376849e-01,1.737783782864939508e-01,1.604845747621278074e+00,2.982555899622793660e+01,6.486010079006772067e-01,8.898947058690936940e-01,1.266266174643776665e+00,1.679224029753781933e+00,2.065867114405468996e+00
1.819999999999999929e+01,1.068822376789224232e-01,4.523622656610042725e+01,-1.798558024709309699e-02,-1.046078014993350076e-02,3.413445224365261460e-02,5.149125137652149631e-02,4.686507573340853439e-01,3.514354642790565308e-01,1.799137783868582363e-01,1.656044522479361625e+00,3.938820786246164829e+01,6.446421128488190044e-01,8.857186687603216813e-01,1.267473648016219201e+00,1.674552959350454229e+00,2.059563746458947797e+00
1.825000000000000000e+01,1.192270188916157159e-01,4.536747382011139251e+01,-2.597959298885528859e-02,-7.489511131649770857e-03,5.874757555150065397e-02,3.596765664464715573e-02,4.644398563345661923e-01,3.484009105123078154e-01,1.871592331531256037e-01,1.654764451423878402e+00,4.095439399155305438e+01,6.494975145002838124e-01,9.018594191946420757e-01,1.264048919320989839e+00,1.669976962921384978e+00,2.069829680641206426e+00
1.830000000000000071e+01,1.000735503799402570e-01,4.511956850190672696e+01,3.603699320325551986e-02,1.100780608407831221e-02,-2.170921574558708558e-02,2.233136358378724415e-02,4.540303714703131099e-01,3.517685133172813727e-01,1.942011152124053508e-01,1.610233289043659921e+00,3.373245383612406556e+01,6.448487048972569857e-01,9.062889666144318124e-01,1.264157545486735312e+00,1.669089642785562155e+00,2.072017842229628037e+00
1.835000000000000142e+01,9.872397309200646454e-02,4.512324384357435747e+01,3.473227075953298076e-02,-1.679176566879364216e-02,-3.418634250657676121e-02,2.897002791587766427e-02,4.498813746011360304e-01,3.486927458994500961e-01,2.014258794994139568e-01,1.657492095237449670e+00,4.159480832319685106e+01,6.497308395274639103e-01,9.073771861653283644e-01,1.267634642840684389e+00,1.673006487439729240e+00,2.064688452625128789e+00
1.840000000000000213e+01,9.617340227008608355e-02,4.523047566533054464e+01,2.317012768270867648e-02,-1.383637146856720769e-02,-3.517777950041599266e-02,3.460136412483363205e-02,4.449149310130841584e-01,3.462646398411095006e-01,2.088204291458065354e-01,1.737293946909195697e+00,5.488193256543797105e+01,6.532379134932057019e-01,9.141677861430699270e-01,1.274913748983586004e+00,1.679019661280336084e+00,2.066280666430636792e+00
1.844999999999999929e+01,1.053684337412435640e-01,4.528777124674012811e+01,3.769429969184587281e-02,-2.615832369603540708e-02,-2.681798198054489296e-02,3.736537819978417302e-02,4.395929951255895252e-01,3.443496089761370893e-01,2.160573958982734966e-01,1.788666064355798335e+00,6.274315166923545917e+01,6.427360489536939614e-01,9.211641773189120919e-01,1.269359779748294725e+00,1.687205480279965197e+00,2.065122959620994347e+00
1.850000000000000000e+01,1.139521009900441861e-01,4.534395045469238994e+01,5.056067001862331323e-02,-3.781284214148698114e-02,-1.628541894689718508e-02,3.722631500721302472e-02,4.344198949146594324e-01,3.425241558528628327e-01,2.230559492324777349e-01,1.741441027877554726e+00,5.338205936902139825e+01,6.407370475283361566e-01,9.293715517254710345e-01,1.276059125553862916e+00,1.681098124078335143e+00,2.063905112482908866e+00
1.855000000000000071e+01,1.199369410168278777e-01,4.541897541663106352e+01,5.235928088078606324e-02,-4.319952600687480132e-02,-1.415884311606166977e-02,3.507097947998399218e-02,4.299316952769435263e-01,3.405707871820627952e-01,2.294975175409932622e-01,1.681622358282149898e+00,4.296759991576170279e+01,6.482240099030367464e-01,9.309306218245138043e-01,1.278066837504957753e+00,1.678787533996625836e+00,2.064020346397591243e+00
1.860000000000000142e+01,1.249032943490555186e-01,4.551962921516045668e+01,4.943211662108672189e-02,-4.146668428889675739e-02,-2.470257309257707298e-02,3.399783012420300177e-02,4.264443098665368082e-01,3.382287214222833294e-01,2.353269687111803898e-01,1.647035577944291340e+00,3.745904844242337361e+01,6.432388085959781510e-01,9.285159303247005891e-01,1.283211972720420313e+00,1.674088437983008992e+00,2.057723796061574628e+00
1.865000000000000213e+01,1.328399304411445880e-01,4.562762679549602041e+01,4.437110629924211069e-02,-4.144422004092746664e-02,-3.509518332724640560e-02,3.745671205525402669e-02,4.235816179419519267e-01,3.358857327075386312e-01,2.405326493505098584e-01,1.632980156574864283e+00,3.567722200661208376e+01,6.419464376299788277e-01,9.278317482661300186e-01,1.282561284726338791e+00,1.674306724966862614e+00,2.058046798340847694e+00
1.869999999999999929e+01,1.475910605882961302e-01,4.573942775171576614e+01,3.548454703416709100e-02,-3.846170380455278537e-02,-3.080165546470770011e-02,3.681861880389943054e-02,4.206473854288722558e-01,3.340719005209837889e-01,2.452807140501441496e-01,1.624142743900330643e+00,3.545554040004608964e+01,6.381658033940571517e-01,9.283999950802497292e-01,1.279771897943959846e+00,1.677250707818038533e+00,2.058526583013983835e+00
1.875000000000000000e+01,1.657188701051910407e-01,4.589240775509595949e+01,3.041615511594345997e-02,-2.685706714803438866e-02,-2.738647118851678802e-02,3.174481649287794194e-02,4.177764901688791332e-01,3.325099326835808666e-01,2.497135771475400834e-01,1.577212880213710644e+00,2.989168908992378348e+01,6.437404029888578183e-01,9.327802241784336479e-01,1.277038153687859445e+00,1.680734350769618635e+00,2.063902963158326553e+00
1.880000000000000071e+01,1.850386458080021668e-01,4.611500171080088961e+01,3.685265216454854109e-02,-1.317378894959349159e-03,-3.012498395629402068e-02,2.380571455730486410e-02,4.150321320449534279e-01,3.310097587797730112e-01,2.539581091752733943e-01,1.515862487733763420e+00,2.186221827604276058e+01,6.490081333599417857e-01,9.321643498534365468e-01,1.278713007460777096e+00,1.682226725364208919e+00,2.067319870308627294e+00
1.885000000000000142e+01,2.074667098047544567e-01,4.636054759817093185e+01,5.267478882018521852e-02,-9.078275307069181080e-03,-5.098232632982919316e-02,3.052131243599715688e-02,4.112842525806795213e-01,3.301533008203378361e-01,2.585624465989824206e-01,1.480252194469311222e+00,1.733069859907191201e+01,6.475872782634257696e-01,9.246713185834267712e-01,1.286696654007818630e+00,1.679177407579998782e+00,2.057655471069075315e+00
1.890000000000000213e+01,1.951232445714659869e-01,4.651590174497439278e+01,6.539501147586665453e-02,-3.037859576678162907e-02,-5.769876121333136765e-02,5.448422786911542859e-02,4.045900075520140748e-01,3.309082781137479001e-01,2.645017143342381916e-01,1.469199525777918014e+00,1.595330489296474319e+01,6.506127844552296313e-01,9.145711612357182441e-01,1.283063564190817241e+00,1.680743632972849122e+00,2.065257968859518733e+00
1.894999999999999929e+01,1.714295349134818680e-01,4.659900712137718415e+01,8.800833458209746107e-02,-1.321141532793620272e-03,-6.784897344031987076e-02,6.406706511145120186e-02,3.970517703775419127e-01,3.303544056576113164e-01,2.725938239648468819e-01,1.479695933314312262e+00,1.725817237017066574e+01,6.385677076298275079e-01,9.149245770917844300e-01,1.277106008818353233e+00,1.683520340005690397e+00,2.054503693497845784e+00
1.900000000000000000e+01,1.572105238604943334e-01,4.670384053728983531e+01,1.174054746461598298e-01,2.316687022791927633e-02,-7.406870735997833632e-02,7.347937593305906012e-02,3.916005130621389996e-01,3.268830626430574982e-01,2.815164242948032802e-01,1.498218024828422479e+00,1.893958511065918415e+01,6.358598479850611218e-01,9.154833273646795222e-01,1.285664645362743386e+00,1.683227950358057612e+00,2.062878136682036345e+00
1.905000000000000071e+01,1.565012792912304218e-01,4.678491484551643254e+01,1.363670094971100033e-01,5.134767240242672087e-02,-8.347096381092078410e-02,5.422611465183036633e-02,3.886999322393620560e-01,3.219480923142907791e-01,2.893519754463466653e-01,1.509310895123256113e+00,1.897932449611761285e+01,6.356491198323136471e-01,9.102890032955075483e-01,1.290146357331482196e+00,1.687853750661688412e+00,2.070640753192893424e+00
1.910000000000000142e+01,1.754860227814863671e-01,4.686412380646446252e+01,1.438682364291633264e-01,8.509077119688908397e-02,-7.056960096616972378e-02,1.805351520920784117e-02,3.883730635291404165e-01,3.165719631920746457e-01,2.950549732787847157e-01,1.510137542287825152e+00,1.767720809661786774e+01,6.436212906365492703e-01,9.054703174749969552e-01,1.291449626378145421e+00,1.683716708647075455e+00,2.070593018877651126e+00
1.915000000000000213e+01,2.135796212549073980e-01,4.694938159777986897e+01,1.308643826681915312e-01,1.102677403241380388e-01,-5.657581475019279188e-02,-1.607666626708712312e-02,3.890715431216630882e-01,3.133993041487196929e-01,2.975291527296174965e-01,1.514813964346190645e+00,1.650216818111633543e+01,6.377405411696784876e-01,9.063291034892662079e-01,1.292718317348152679e+00,1.682008555258292848e+00,2.066749000414897175e+00
1.919999999999999929e+01,2.194285595593555571e-01,4.694628513149437765e+01,8.795075191001243409e-02,4.022749394861187267e-02,-5.188205072902673382e-02,-1.694178365739171938e-02,3.880589157512285836e-01,3.151495349604200857e-01,2.967915492883512751e-01,1.538806565017981187e+00,1.632189751296436597e+01,6.483464657389574892e-01,9.065841936988030536e-01,1.295643987386311924e+00,1.682224629744717648e+00,2.078469726077578184e+00
1.925000000000000000e+01,2.029573459614404385e-01,4.684143068687443190e+01,5.410075552376795993e-02,1.224482878866579383e-03,-5.795675955475160929e-02,-1.962351382348279799e-02,3.857596872689230683e-01,3.184007463575468377e-01,2.958395663735297054e-01,1.553184403465156738e+00,1.662335843438298610e+01,6.469181590403662030e-01,9.036805222600235998e-01,1.289070474494501850e+00,1.673345988252159078e+00,2.077406611950530557e+00
1.930000000000000071e+01,1.927855487474883778e-01,4.677361097298949488e+01,6.604813525515169925e-02,-8.579548141443241877e-03,-5.928745447136409691e-02,1.219308102589922865e-02,3.817062788380507499e-01,3.216521067198388484e-01,2.966416144421106238e-01,1.568449109882737558e+00,1.755581440310770702e+01,6.376799283521585870e-01,9.136278796443055850e-01,1.288011791566496811e+00,1.678521531075624740e+00,2.072086199167839649e+00
1.935000000000000142e+01,1.730381949605288294e-01,4.677504592051352716e+01,7.608118964282316321e-02,-2.984754726372482181e-03,-7.122055810963637268e-02,3.387748163280518421e-02,3.791327650456936538e-01,3.246390899602373814e-01,2.962281449940689093e-01,1.580432663555666473e+00,1.837222495213757867e+01,6.381427040738585355e-01,9.166139558222596850e-01,1.286006608554743913e+00,1.683365884378533295e+00,2.062964519329473223e+00
1.940000000000000213e+01,1.543896926591064866e-01,4.681221544873895368e+01,6.558486758844776776e-02,7.928959354969988479e-03,-5.410960656784854356e-02,4.935251499294376898e-02,3.777561213443456634e-01,3.277900362703836667e-01,2.944538423852706144e-01,1.577065859721139995e+00,1.820374363064314238e+01,6.358391518564445732e-01,9.131663594483204749e-01,1.282784694353712229e+00,1.690603316294736924e+00,2.066180771667535332e+00
1.944999999999999929e+01,1.463879012723829365e-01,4.686456920048377839e+01,5.693983819889637116e-02,2.418088379924243289e-02,-4.227215694390207973e-02,4.092600413546211569e-02,3.774081345539035959e-01,3.304214012625250607e-01,2.921704641835712879e-01,1.568111095800829302e+00,1.735091141493908751e+01,6.284733528457298046e-01,9.160881696557938714e-01,1.285368948919217935e+00,1.692252628790908764e+00,2.064374186177967196e+00
1.950000000000000000e+01,1.284001135858932607e-01,4.693331546028607448e+01,4.803241501051578460e-02,4.655429394726419423e-02,-2.365229060220892798e-02,3.107997824006642970e-02,3.777115373525642972e-01,3.321992345604760644e-01,2.900892280869595830e-01,1.544329748740983055e+00,1.597479757112398957e+01,6.272547928230997050e-01,9.164411847481765960e-01,1.284264492808673275e+00,1.687937555878242790e+00,2.068419149778307542e+00
1.955000000000000071e+01,1.184338221662364354e-01,4.699431309633461495e+01,3.593011681886278813e-02,5.934114577025038223e-02,1.133535899126010896e-02,3.476847923642823607e-02,3.791163837321432917e-01,3.330800485604498706e-01,2.878035677074067822e-01,1.514653523459028372e+00,1.436883626433690786e+01,6.235275960465611611e-01,9.214010686199328726e-01,1.286603080677276356e+00,1.690095443124290053e+00,2.064660875915984128e+00
1.960000000000000142e+01,1.211697134877436077e-01,4.701872239485226856e+01,2.917771878397201063e-02,4.121368914145000228e-02,3.693400344832627191e-02,4.481835693190246162e-02,3.804732139071222985e-01,3.337866657947237137e-01,2.857401202981536548e-01,1.491157597495837983e+00,1.351555648876319182e+01,6.182503859475703134e-01,9.205801559994875038e-01,1.286841560410249663e+00,1.689967268460622618e+00,2.065935487194312081e+00
1.965000000000000213e+01,1.258103978100938714e-01,4.708368524411204703e+01,2.309131700087723588e-02,2.690075282310461918e-02,4.518258718415333469e-02,5.039921330979819231e-02,3.808263501632379033e-01,3.344675322776292647e-01,2.847061175591331650e-01,1.482792298373198259e+00,1.481380749348200077e+01,6.241001581264460363e-01,9.199414484500466616e-01,1.287611455251438830e+00,1.686398059634394597e+00,2.061003923900905477e+00
1.969999999999999929e+01,1.263850533309293644e-01,4.715965189305304506e+01,2.355148557151877375e-02,7.311697818696857518e-03,5.305169386243895752e-02,5.539422830464853231e-02,3.813552423484981579e-01,3.344246792839213889e-01,2.842200783675805087e-01,1.492328089188500906e+00,1.780322370197997017e+01,6.250297504324107134e-01,9.202403069588557250e-01,1.281996430144247245e+00,1.685247834003088752e+00,2.066610803385458439e+00
1.975000000000000000e+01,1.267731907487234522e-01,4.724895282532676788e+01,3.704778471460368899e-02,-2.653556391320564464e-02,7.433353924687800818e-02,6.538538171263234833e-02,3.828208651200069590e-01,3.330640547975955434e-01,2.841150800823974421e-01,1.501398806088076077e+00,1.961717346317536226e+01,6.227099491575573964e-01,9.185988890047442901e-01,1.278942032411811702e+00,1.681679345692560279e+00,2.067745260406463892e+00
1.980000000000000071e+01,1.318894480683787118e-01,4.734795040880511152e+01,5.786545963443628926e-02,-6.915632850000412446e-02,1.008757315393331300e-01,8.161725376548159550e-02,3.856867642048126821e-01,3.302701273589023212e-01,2.840431084362848857e-01,1.506056666577244796e+00,2.085074296605786159e+01,6.232012808607932941e-01,9.200781808099484094e-01,1.280423033014510104e+00,1.679373851707945509e+00,2.065519368422792379e+00
1.985000000000000142e+01,1.407270928478327188e-01,4.743163584527570009e+01,7.704862610166952896e-02,-9.347661142736000961e-02,1.275724051913937895e-01,9.113536289839103965e-02,3.902268018970406205e-01,3.265564386361363147e-01,2.832167594668231203e-01,1.527959360808904821e+00,2.354179310623012711e+01,6.251289987678438909e-01,9.154694071440085956e-01,1.280149310441869526e+00,1.683118819991753723e+00,2.064391390818313798e+00
1.990000000000000213e+01,1.305252967389507190e-01,4.748266266677159564e+01,7.444969432456116643e-02,-8.702071597990709839e-02,8.933230080597483191e-02,8.597041695113546989e-02,3.952390723721107002e-01,3.229146650882244174e-01,2.818462625396649934e-01,1.563178195836491868e+00,2.628459993194238464e+01,6.403286585938131603e-01,9.083190346635141577e-01,1.284353228498005262e+00,1.686536097063488171e+00,2.060471789465153858e+00
1.994999999999999929e+01,1.281830153241088066e-01,4.749090330467272025e+01,6.190135312062565454e-02,-7.244776088416847448e-02,3.929262439098170356e-02,7.614734289499514031e-02,3.978642725719733209e-01,3.201903918832736951e-01,2.819453355447532061e-01,1.592038252713634749e+00,2.804200106454888441e+01,6.394118022647676813e-01,9.006364735623070272e-01,1.287758220073836890e+00,1.690118594064977220e+00,2.066745966600690210e+00
2.000000000000000000e+01,1.230008352604839567e-01,4.741226527229463272e+01,5.740346658275922304e-02,-6.317680762863119026e-02,-4.320784037127431594e-03,7.912802760235390642e-02,3.984388219275096787e-01,3.189445722468934874e-01,2.826166058255967783e-01,1.610540217523451112e+00,2.893247833200902264e+01,6.270208555856164878e-01,9.056771732685584553e-01,1.288263414143611563e+00,1.688799053549517204e+00,2.066174539413278666e+00
2.005000000000000071e+01,1.175858880397122330e-01,4.728585470590434880e+01,5.148538515780894803e-02,-8.431915734461947753e-02,-1.832557094431911532e-02,9.015956869001671981e-02,3.992498634483132580e-01,3.184952862866028411e-01,2.822548502650835678e-01,1.616730729902992048e+00,2.856511466389274290e+01,6.212229039629432181e-01,9.030108263323864959e-01,1.288687460500666404e+00,1.691103797572704792e+00,2.068095315785416943e+00
2.010000000000000142e+01,1.118890210463540924e-01,4.712862471384099905e+01,2.431736544889225027e-02,-1.105238310746130131e-01,-7.280905962786581205e-03,1.014398945275035435e-01,4.015146999082461199e-01,3.181481185904480591e-01,2.803371815013059321e-01,1.609686703410795339e+00,2.700458306357701943e+01,6.314267218395755998e-01,9.005303288481076862e-01,1.285641193500744794e+00,1.685110323623679740e+00,2.066732122773796032e+00
2.015000000000000213e+01,1.029248450163650769e-01,4.700084998005563364e+01,2.602962160025723906e-02,-1.287134171168000663e-01,8.990123731861025813e-03,1.076750137886751946e-01,4.045637938330631789e-01,3.183187088331815295e-01,2.771174973337556802e-01,1.591122123673143873e+00,2.542729003608921801e+01,6.267187270292082779e-01,9.010185661076194341e-01,1.288452289688488461e+00,1.690638972897851700e+00,2.060072075117594270e+00
2.019999999999999929e+01,1.025069261987779506e-01,4.696947647163877093e+01,3.077321128535797159e-02,-1.376391245738064484e-01,1.981850664196906781e-02,1.139970519715649416e-01,4.078702536637869303e-01,3.176025484573823388e-01,2.745271978788308975e-01,1.523742097892303970e+00,2.172875158017028596e+01,6.280894075522523989e-01,8.996831721261888681e-01,1.289909870563228811e+00,1.688808581434548151e+00,2.057330247171834436e+00
2.025000000000000000e+01,1.021826289555530093e-01,4.702333071030460587e+01,4.282314437314143490e-02,-1.399477267452262641e-01,-2.045869266285352955e-02,1.199614837700925390e-01,4.112275559343354647e-01,3.158870894031916565e-01,2.728853546624726012e-01,1.429048310017591250e+00,1.473206626121414331e+01,6.238015968131900291e-01,9.017025572534637101e-01,1.289811802393801887e+00,1.683279717994503155e+00,2.057085258163819486e+00
2.030000000000000071e+01,1.038967002988069599e-01,4.696312827296502235e+01,5.510305118661354418e-02,-9.341972246894143794e-02,-8.815651429023393937e-02,1.767683572898864075e-01,4.127288237268517124e-01,3.149053590712458939e-01,2.723658172019021162e-01,1.417984004942970166e+00,1.494830959161530615e+01,6.239247843608133337e-01,8.987842471811470224e-01,1.291029687466128006e+00,1.691079170096955631e+00,2.060170107090161018e+00
2.035000000000000142e+01,1.179025511496773204e-01,4.700866586485776821e+01,6.587265169388903385e-02,-8.308366135840501709e-02,1.116976032645949218e-02,2.078574922396999591e-01,4.115415088400206090e-01,3.156498152207496966e-01,2.728086759392295835e-01,1.550698695859712206e+00,3.971028025247409943e+01,6.262195343633735201e-01,8.955488555855171118e-01,1.286428729694601314e+00,1.693276460629277835e+00,2.063791703205775541e+00
2.040000000000000213e+01,1.323172231744012550e-01,4.713581824197854786e+01,7.203672695541019078e-02,-8.710891173107591923e-02,8.186140238802563918e-02,1.931669616476320572e-01,4.094748839579912536e-01,3.155969390184691359e-01,2.749281770235397770e-01,1.765278086949031655e+00,7.099603443783675516e+01,6.243354961499451017e-01,8.952154712025620631e-01,1.286199267774018384e+00,1.695590744538797434e+00,2.058883455528437878e+00
2.044999999999999929e+01,1.455709416934277134e-01,4.735129282088805525e+01,7.770487222144245587e-02,-7.668765347433564861e-02,8.888797201184393815e-02,2.110091070203587160e-01,4.071562537287133354e-01,3.153982564313593251e-01,2.774454898399275060e-01,1.659663005046569939e+00,4.321792379195220946e+01,6.300885910605441564e-01,8.927227985664361043e-01,1.284350211579010859e+00,1.696271446860273757e+00,2.061366191844324902e+00
2.050000000000000000e+01,1.006629345397408865e-01,4.749903871137576772e+01,7.373398723378483954e-02,-3.695771830184285678e-02,-1.989898029206693328e-02,2.269404745461121586e-01,4.064390935777839609e-01,3.145830093389054283e-01,2.789778970833101113e-01,1.528360066486050828e+00,2.036718694225747228e+01,6.273230723322995583e-01,8.977517474621105054e-01,1.281892750998602892e+00,1.698062353205399111e+00,2.060427617528911792e+00
2.055000000000000071e+01,1.122292351247862474e-01,4.743676211336401849e+01,5.604972179831073376e-02,-2.677471875850573335e-02,-2.291269664928701280e-02,2.189719083025810087e-01,4.075029691005083721e-01,3.176520825648733726e-01,2.748449483346181998e-01,1.492228634424156430e+00,1.462116110747849085e+01,6.161523719953241329e-01,8.945815953674889354e-01,1.279616551991116014e+00,1.687134441976767985e+00,2.060009695968338939e+00
2.060000000000000142e+01,1.149561083149816254e-01,4.755721981805031362e+01,6.198525822706765775e-02,-3.517550144911964216e-02,-1.910029539258919357e-02,2.069767795522864384e-01,4.079662683276527035e-01,3.208203798669284068e-01,2.712133518054186676e-01,1.469882623601406868e+00,1.142924862657043406e+01,6.250589630666770757e-01,8.979812477733568610e-01,1.276087700786831203e+00,1.682524273433053219e+00,2.056921572204272408e+00
2.065000000000000213e+01,1.364066854702818132e-01,4.776897969403936628e+01,5.929457133860995682e-02,-4.697921253590092716e-02,1.394116720409472113e-02,1.569934756461340286e-01,4.090949549429423460e-01,3.224078903675521857e-01,2.684971546895054684e-01,1.448127381701287630e+00,8.852502685075949174e+00,6.142856223473540656e-01,8.989839741478995450e-01,1.275876569619845746e+00,1.683809015600419290e+00,2.056561123473062747e+00
2.069999999999999929e+01,1.050433151575549812e-01,4.766685566790774686e+01,4.407212588528474848e-03,-3.390017915042977531e-02,3.311261514200624506e-02,1.150248944484242308e-01,4.105038868739902536e-01,3.231761067548087341e-01,2.663200063712014565e-01,1.444232085310813707e+00,6.919130716446667329e+00,6.109684735724196791e-01,8.944729452744101250e-01,1.279472435918532103e+00,1.688056056145276207e+00,2.068555304987095944e+00
2.075000000000000000e+01,1.167993831488008671e-01,4.772365761778527826e+01,-1.770289646248742257e-02,-5.047924508772130142e-02,4.484194894087102645e-02,1.098370670439957897e-01,4.091896545100729421e-01,3.239095268951288631e-01,2.669008185947986389e-01,1.442168688932641496e+00,6.356325951109937478e+00,6.084742320652082315e-01,8.917166447214007752e-01,1.276559287351399785e+00,1.683709599822059033e+00,2.066176404202038519e+00
2.080000000000000071e+01,1.422718760208879218e-01,4.784370186769749722e+01,-2.820500676144549121e-02,-4.780420744442795411e-02,3.681769343567940084e-02,7.512241009895567756e-02,4.076587286522894704e-01,3.221130340765939182e-01,2.702282372711170000e-01,1.440019409093409974e+00,6.135658679301537966e+00,6.164958615560665045e-01,8.937824884784029145e-01,1.284066093582243884e+00,1.685964779096270183e+00,2.070643216176005108e+00
2.085000000000000142e+01,1.617118242104543524e-01,4.791853415091628676e+01,-2.877703779009667395e-02,-2.125050349374792494e-02,2.337395570180633101e-03,6.287231679659906203e-02,4.061360886777825030e-01,3.196707509177849071e-01,2.741931604044322568e-01,1.438342224489791210e+00,6.030578986773289962e+00,6.263397739828174826e-01,8.971716984976977338e-01,1.288190406296592316e+00,1.684114631975027532e+00,2.071202595546210112e+00
2.090000000000000213e+01,1.477469810904689096e-01,4.790131067663893560e+01,-3.681051479201761460e-03,-2.267983384322611983e-04,3.056477809861209063e-03,1.184851563652395690e-01,4.040809546772939909e-01,3.168305690900870553e-01,2.790884762326195090e-01,1.440826943683181982e+00,6.347731501580365254e+00,6.313730135619510797e-01,8.969187815833448152e-01,1.279130947581753386e+00,1.682133666764454416e+00,2.072257738234211111e+00
2.094999999999999929e+01,1.460643311127126365e-01,4.780341394358504914e+01,1.791342175252023938e-02,-2.812663098076234255e-02,-1.087708121862020032e-02,1.575285222246384231e-01,4.001697920975704204e-01,3.166783115416524352e-01,2.831518963607771444e-01,1.443152002279677326e+00,6.433703583801039905e+00,6.135360303853395481e-01,8.956592267222382997e-01,1.273451955690350523e+00,1.682416286060834931e+00,2.061361885769273705e+00
2.100000000000000000e+01,1.474636669910765474e-01,4.774667783779241148e+01,2.217574534803433417e-02,-5.678846232742595923e-02,-1.844638760645105069e-02,1.745899104680841418e-01,3.986160975323244648e-01,3.140904162021940782e-01,2.872934862654813459e-01,1.448615699513070565e+00,6.695276808792050005e+00,6.198322340203827885e-01,9.012824593984741783e-01,1.288224417746847372e+00,1.685427706509774026e+00,2.056153550737284341e+00
2.105000000000000071e+01,1.425575135648416147e-01,4.760932043673994229e+01,-2.953468268479792283e-02,-5.799596224014803153e-02,-5.107193538118631575e-03,2.030786426643917675e-01,3.999795910537843890e-01,3.113503288987799489e-01,2.886700800474354955e-01,1.442525487663945727e+00,6.833556490044039755e+00,6.268827881556577886e-01,8.889489640680077187e-01,1.284233131345863033e+00,1.688904259202245406e+00,2.055187581072439595e+00
2.110000000000000142e+01,9.843513207553816757e-02,4.727296933096263132e+01,-6.999362050395020914e-03,-7.756744235079890415e-02,2.764062688000805054e-02,1.351011043914119303e-01,4.045213808337110861e-01,3.130032110672044676e-01,2.824754080990842797e-01,1.443169351622436425e+00,7.125002894575475310e+00,6.272829483883259893e-01,8.868772195888748877e-01,1.287625412517455326e+00,1.687453262440770985e+00,2.063443225415585669e+00
2.115000000000000213e+01,1.022408385325998398e-01,4.718601041814954300e+01,-9.282421828584443146e-03,-9.051317338587333561e-02,6.424888631527193861e-02,1.241246250927773576e-01,4.084013421049728088e-01,3.152220671830716081e-01,2.763765907119560272e-01,1.439228448712364106e+00,6.459430210861766497e+00,6.206577449313700479e-01,8.930047259233587775e-01,1.285600972252657126e+00,1.689778680414827150e+00,2.071764140395879750e+00
2.119999999999999929e+01,1.004091321685178367e-01,4.724556302810007224e+01,-1.296208601396493104e-02,-8.377066592316599614e-02,7.356100615999344727e-02,9.719904214233462958e-02,4.068822801803822498e-01,3.176327675616982815e-01,2.754849522579191912e-01,1.433015536357443054e+00,6.055292619313422442e+00,6.292335560910018444e-01,9.019088757181874527e-01,1.286509977134004057e+00,1.693055047893872622e+00,2.069869959574038631e+00
2.125000000000000000e+01,1.264808703516368260e-01,4.733196876756698401e+01,-1.234474117362227390e-02,-6.908310329001202121e-02,9.089589747219599392e-02,9.321681371720666465e-02,4.057906455917976163e-01,3.191792685759091697e-01,2.750300858322937136e-01,1.428086297789723291e+00,5.798277706737485993e+00,6.314699306591021744e-01,8.947258966493181198e-01,1.289494159477509783e+00,1.689763538592604419e+00,2.059753003734369425e+00
2.130000000000000071e+01,1.434519046723366775e-01,4.736676326856945707e+01,-1.856828265461989494e-02,-6.296244436729740712e-02,1.359836840333822003e-02,1.231206947599369494e-01,4.065592123698756888e-01,3.197350455522819379e-01,2.737057420778418182e-01,1.422699357667004616e+00,5.699029060765526289e+00,6.303598326604596958e-01,8.960303414737776917e-01,1.288095670499135981e+00,1.686720746059795495e+00,2.058444549861557338e+00
2.135000000000000142e+01,1.492050554164077725e-01,4.730405634821477179e+01,-6.379903254046919055e-03,-8.227769527085994350e-02,2.605904761771956138e-02,1.366020701937657456e-01,4.081360750591778719e-01,3.182717945150918548e-01,2.735921304257300513e-01,1.418563912380177205e+00,5.517433924252729049e+00,6.213503157140002342e-01,8.935371488956552755e-01,1.287122210235766229e+00,1.696463173143675673e+00,2.066004643560565235e+00
2.140000000000000213e+01,1.525924138766678040e-01,4.732010966545706054e+01,1.177086696305815541e-02,-8.669974248240759629e-02,6.509917233851010565e-02,1.264169113687938217e-01,4.056443974421775067e-01,3.192745387056818984e-01,2.750810638521409834e-01,1.413349963581415292e+00,5.374866422677258448e+00,6.260047458272044452e-01,8.979035208871430918e-01,1.290234465662481567e+00,1.693688251883557427e+00,2.063440773885170554e+00
2.144999999999999929e+01,1.459155462339913611e-01,4.736786847633982234e+01,1.926241084552435950e-02,-6.965276838227316136e-02,6.177697166782750854e-02,1.314144393789530574e-01,4.024213176830055416e-01,3.210745361768093664e-01,2.765041461401855916e-01,1.407468228126692589e+00,5.558744928659007378e+00,6.242700111102631455e-01,9.029410166181723874e-01,1.290855554020697848e+00,1.687548899933162261e+00,2.063823902132604360e+00
2.150000000000000000e+01,1.367822488692846394e-01,4.745499812368845483e+01,2.362165692809336040e-02,-5.433490066333009766e-02,3.210757649516278456e-02,1.331977234783551511e-01,4.002036380895757639e-01,3.223334821586033017e-01,2.774628797518208234e-01,1.401880769828228512e+00,5.875121458114749728e+00,6.269853571087059541e-01,9.013121941696529138e-01,1.289048307821658135e+00,1.685079288079641024e+00,2.065250336286885258e+00
2.155000000000000071e+01,1.335844105242412483e-01,4.752457465624288346e+01,2.460363914586786299e-02,-4.762109831595794790e-02,2.800706192144635648e-02,1.196874588323746658e-01,3.994445197904589739e-01,3.227114783623503125e-01,2.778440018471906026e-01,1.397117786554455066e+00,6.164633144998270531e+00,6.236765507087783655e-01,9.060046623826774059e-01,1.287622070369737859e+00,1.685555857050102802e+00,2.070297918136777326e+00
2.160000000000000142e+01,1.429259061840473521e-01,4.751471978829187748e+01,2.185959803846443394e-02,-4.298981785347338186e-02,9.207071088322948613e-03,1.086027517240086004e-01,3.983397124925418531e-01,3.236945510151067462e-01,2.779657364923513452e-01,1.394920969059255889e+00,6.526170048645917099e+00,6.248978245136640464e-01,8.973880585359195194e-01,1.287637357137474847e+00,1.693948236810679742e+00,2.069520903490922326e+00
2.165000000000000213e+01,1.650170106515469470e-01,4.751824702400207912e+01,1.856763489142301479e-02,-4.067010879743309520e-02,-4.466589386921235999e-02,1.031466876689519918e-01,3.969811731784301245e-01,3.256718741310037912e-01,2.773469526905658067e-01,1.394731867029503913e+00,6.965693072876726788e+00,6.266937427017887918e-01,8.933153837259911745e-01,1.294303669854858452e+00,1.692451714935189200e+00,2.076713406312781895e+00
2.169999999999999929e+01,1.726979578239671576e-01,4.745850594110266485e+01,1.208512099054650547e-02,-4.381907680112277076e-02,-8.674918251391074142e-02,8.980256442953651885e-02,3.970288312935310593e-01,3.274920067846288640e-01,2.754791619218404097e-01,1.398670355990337066e+00,7.526240255685465286e+00,6.260044764104240045e-01,8.884752141137944870e-01,1.300413121824045781e+00,1.690443722071140131e+00,2.069031932892774428e+00
2.175000000000000000e+01,1.608898374018380151e-01,4.725139558829743436e+01,8.421949568478304116e-03,-4.715987185590853059e-02,-5.683502266097596733e-02,5.958600095646040401e-02,3.991525202776763925e-01,3.283358851422013003e-01,2.725115945801220851e-01,1.408146403927151624e+00,8.258951819807252903e+00,6.317329211716355974e-01,8.840676628392918346e-01,1.300622131525527081e+00,1.694855220682700780e+00,2.072458086849689796e+00
2.180000000000000071e+01,1.348741211528178552e-01,4.703181269790543695e+01,1.026348301261537956e-02,-5.943577779154186891e-02,7.628679592612352955e-02,4.035113491628372628e-02,4.012804541235904243e-01,3.288385717532434915e-01,2.698809741231656956e-01,1.418259741477361446e+00,9.162195337496932268e+00,6.270586269250557621e-01,8.984162458213242886e-01,1.295255382456441673e+00,1.694834152702884511e+00,2.066132143658446996e+00
2.185000000000000142e+01,1.256351529492282793e-01,4.681835695870918812e+01,1.435578558976164862e-02,-7.504931657911982634e-02,1.132838438572059681e-01,6.363580857489174736e-02,3.987464685808903009e-01,3.312117453804105383e-01,2.700417860386993274e-01,1.424608253476211672e+00,1.027367663976048995e+01,6.297270979866411711e-01,8.932023319186004340e-01,1.297642751093944113e+00,1.697961043600522801e+00,2.065973866091598055e+00
2.190000000000000213e+01,1.071238131991978093e-01,4.670441346775095326e+01,3.156695948231571375e-02,-8.849661089441906991e-02,1.281230169684196840e-01,1.845765634688299045e-02,3.941109654215301794e-01,3.348304306162919741e-01,2.710586039621776244e-01,1.433077413702866343e+00,1.151168866073325958e+01,6.249754564853512440e-01,8.953192586558875732e-01,1.291370825754211804e+00,1.705249297885645721e+00,2.064666317305121179e+00
2.194999999999999929e+01,1.030063108350788570e-01,4.660020685558035325e+01,5.457469319360584714e-02,-9.570304031959268876e-02,1.454801490115922302e-01,7.780765192090879911e-02,3.893280119881266099e-01,3.380621202757433941e-01,2.726098677361299405e-01,1.446581734583188394e+00,1.245535177093185375e+01,6.169568969384154888e-01,8.993977699603522558e-01,1.297526808277982058e+00,1.699063847978849573e+00,2.063028399783211952e+00
2.200000000000000000e+01,1.090563148278440864e-01,4.650543158791498399e+01,7.451363679151755404e-02,-9.239205825662348548e-02,8.288786268954194403e-02,1.078225657126723747e-01,3.865363099225141430e-01,3.391988801102481799e-01,2.742648099672377326e-01,1.453853560727965011e+00,1.201850618337912202e+01,6.116807661046715916e-01,8.976118888431887655e-01,1.293910303186977195e+00,1.705587736753992223e+00,2.071247288378051277e+00
2.205000000000000071e+01,1.272327773561735265e-01,4.643883599432302134e+01,9.422741802789277865e-02,-8.093615300833424675e-02,5.909123111185279192e-02,1.077701422866963049e-01,3.852730843187172072e-01,3.393349740193994935e-01,2.753919416618836880e-01,1.460649363849818805e+00,1.156897710499521814e+01,6.180619043087226538e-01,8.994280570608613745e-01,1.291806018814654067e+00,1.709536725358326237e+00,2.065233055486050517e+00
2.210000000000000142e+01,1.544204417183337452e-01,4.646200079235025981e+01,1.063082200040059433e-01,-7.938791813189181867e-02,6.863524663756405408e-02,9.837570430891526274e-02,3.844572002178403558e-01,3.399811256794317282e-01,2.755616741027279160e-01,1.467156630242027360e+00,1.148984780510669168e+01,6.160143335740322357e-01,8.891518125005470896e-01,1.294392917067747728e+00,1.714873502620128942e+00,2.069296563388044241e+00
2.215000000000000213e+01,1.685973245346183425e-01,4.652587047600468395e+01,1.076458419360807606e-01,-8.974086504789546836e-02,6.646197916863191835e-02,8.761688440357659480e-02,3.840459384683774235e-01,3.414585387088623913e-01,2.744955228227601851e-01,1.473508914354067389e+00,1.167979230802517598e+01,6.201836300639340660e-01,8.903150324039390551e-01,1.289829935568163055e+00,1.714305287500979880e+00,2.063595081703408329e+00
2.219999999999999929e+01,1.671142466847733987e-01,4.655675932672217954e+01,8.519451436133175515e-02,-9.723457687014205875e-02,7.857128241696792470e-02,6.126359898527718173e-02,3.847141535904534670e-01,3.433327819868379760e-01,2.719530644227083904e-01,1.481451321863149095e+00,1.217768779110106969e+01,6.336841141595720428e-01,8.879219267472739929e-01,1.293810460895946424e+00,1.713809929635750962e+00,2.054227495208929444e+00
2.225000000000000000e+01,1.721277902243631974e-01,4.651752191508219170e+01,9.197589217899394820e-02,-9.100066194233195904e-02,1.075692401710364177e-01,4.955950958012859953e-02,3.850431298960201865e-01,3.461599479130239576e-01,2.687969221909551343e-01,1.491494267289687370e+00,1.322839812427512918e+01,6.332144602757258101e-01,8.777256588675376170e-01,1.296284870380970844e+00,1.709153170235774510e+00,2.065750113521308329e+00
2.230000000000000071e+01,1.852136017716061733e-01,4.643738234886264138e+01,1.262831814926251572e-01,-1.073829641998904766e-01,5.352238076239510672e-02,-1.208343221641374615e-02,3.837297716513622392e-01,3.506686463528456144e-01,2.656015819957922575e-01,1.498968686355910629e+00,1.359449627344136680e+01,6.349690607185820568e-01,8.671944869637555620e-01,1.298763049535929692e+00,1.716252017133209629e+00,2.063056250334118769e+00
2.235000000000000142e+01,1.651581049199402629e-01,4.625981968930766897e+01,4.846612165219361251e-02,-1.441575922824106515e-01,5.938276102535167827e-02,-6.412980399510780083e-02,3.830787187213168798e-01,3.516236039885575204e-01,2.652976772901255997e-01,1.519296773829730274e+00,1.424810431418494616e+01,5.962777260273428581e-01,8.810756341178779261e-01,1.289418828874718370e+00,1.715277283416115850e+00,2.071745125105926455e+00
2.240000000000000213e+01,1.749111191748931038e-01,4.604618371207030236e+01,7.015791418567579596e-02,-7.706132720947639347e-02,3.958779299452790112e-02,-5.941849934115062994e-03,3.854374198223080028e-01,3.495391300559966830e-01,2.650234501216956473e-01,1.529756047994115908e+00,1.483112455175339939e+01,5.985212607416513508e-01,8.813940000054463209e-01,1.296185091104760545e+00,1.719890374334528849e+00,2.058310070045885620e+00
2.244999999999999929e+01,1.623279569459092631e-01,4.578001790654968062e+01,6.930558443409921832e-02,-1.054161265474749393e-01,1.586553704854537852e-02,3.794647088690556152e-04,3.876024898513025230e-01,3.491422535739558408e-01,2.632552565747414697e-01,1.523621435127715085e+00,1.465875535286159881e+01,6.047523792840869827e-01,8.799163025796650217e-01,1.300212567951811504e+00,1.725748927394477938e+00,2.051000200042547572e+00
2.250000000000000000e+01,1.729971149530362129e-01,4.559550732169942933e+01,7.590694921279482477e-02,-1.295545654227166776e-01,3.283464079224312354e-02,1.938137276702484035e-02,3.888234373018721879e-01,3.488555275728728589e-01,2.623210351252551198e-01,1.524419350406399198e+00,1.515924602205876326e+01,6.091599180019758863e-01,8.796779027631961290e-01,1.296333548244261280e+00,1.726336022666886016e+00,2.060005225157504505e+00
2.255000000000000071e+01,1.815782963648680803e-01,4.538356363067212129e+01,8.034524013874407011e-02,-1.258705823025744186e-01,3.665628719577879169e-02,-8.826054680494478666e-02,3.896792576539945263e-01,3.469685220911551959e-01,2.633522202548502777e-01,1.528838243533340524e+00,1.581986016167219944e+01,6.209828394244585326e-01,8.803512960713668623e-01,1.296434760114820062e+00,1.724371481837048137e+00,2.043698549384845187e+00
2.260000000000000142e+01,1.840966683654297609e-01,4.490946527281663236e+01,7.207908583815524073e-02,-8.167186780052076989e-02,4.875130026434891517e-02,3.594675425671450125e-02,3.914776473527752376e-01,3.446504517610276541e-01,2.638719008861973858e-01,1.534634719015293580e+00,1.546262477287751480e+01,6.150530572444367072e-01,8.824496600544391445e-01,1.302495945136822986e+00,1.720107435112061323e+00,2.061107375410955900e+00
2.265000000000000213e+01,1.632699673849526134e-01,4.451061217425201022e+01,5.203454363315402481e-02,-7.832407538153299265e-02,6.392406521434051969e-02,5.837561711462254527e-02,3.875852634851273959e-01,3.415987400600986046e-01,2.708159964547743881e-01,1.559542496243166321e+00,1.728469196025087484e+01,6.144735830429713941e-01,8.895491941650263135e-01,1.307751094182712404e+00,1.720325138206914684e+00,2.052613853770815400e+00
2.269999999999999929e+01,1.472145513855301902e-01,4.409812538140025850e+01,4.238105037443314765e-02,-4.136676605243183591e-02,6.140143210836353227e-02,5.090420690337511822e-02,3.839260884645320226e-01,3.422421646281855190e-01,2.738317469072827914e-01,1.582620288200526693e+00,1.885332123342394439e+01,6.165977153534255573e-01,8.910620863591323104e-01,1.298346428933521146e+00,1.720570608164713189e+00,2.045332440327048751e+00
2.275000000000000000e+01,1.659700551705328708e-01,4.392316272858575843e+01,4.124780341979400466e-02,2.417655408255341316e-03,1.065841887352871470e-01,5.162647975152170193e-02,3.822626946951256932e-01,3.410165657568490771e-01,2.767207395480256182e-01,1.587933093832348153e+00,1.914250826571801767e+01,6.070789789264676717e-01,8.955977426249994711e-01,1.300794952446396202e+00,1.719111676972506331e+00,2.049431366413488664e+00
2.280000000000000071e+01,1.644308505674632048e-01,4.383850506796584767e+01,2.927794446408153034e-02,1.231678608907899389e-02,1.029659269360140988e-01,2.232469432670711879e-02,3.828051094124381715e-01,3.379885832438769278e-01,2.792063073436844567e-01,1.592961347406878669e+00,1.993862447909498670e+01,6.031443378941733213e-01,9.066672966823148272e-01,1.301723194754047519e+00,1.723265764240683229e+00,2.044964539362062794e+00
2.285000000000000142e+01,1.571856033436825339e-01,4.388719862627770141e+01,2.667065887200986349e-02,1.631501166790524926e-02,9.853635576051729406e-02,1.897910049643868058e-02,3.836150742611815767e-01,3.346122299552122259e-01,2.817726957836063639e-01,1.590037481822732746e+00,1.983786180749391903e+01,6.022856910662590657e-01,9.043773886389738781e-01,1.295560433310958492e+00,1.728655974228367587e+00,2.051174880650324273e+00
2.290000000000000213e+01,1.601533260812421922e-01,4.396135114886803308e+01,2.823847200107786060e-02,1.768906826082463496e-02,7.989617048860273019e-02,2.450923123913118992e-02,3.847285924483235808e-01,3.319591937668414094e-01,2.833122137848349542e-01,1.577677451204626324e+00,1.834237980299300119e+01,5.984192537553794100e-01,9.072818029671263496e-01,1.295887303537423874e+00,1.730184356003364954e+00,2.053757189793840698e+00
2.294999999999999929e+01,1.966429228235958837e-01,4.391443933192733340e+01,1.081816407729444332e-02,8.444855946815233230e-03,6.591228847229289867e-02,2.393109025420439226e-02,3.855115956553639145e-01,3.303487049883453430e-01,2.841396993562909645e-01,1.562461327373273701e+00,1.605766422948471117e+01,6.110599426892975305e-01,8.989646203616239450e-01,1.291604050019647953e+00,1.729347031650269262e+00,2.049726780962387362e+00
2.300000000000000000e+01,1.687126296774910938e-01,4.382020204695026422e+01,1.603229729892729355e-02,-4.275214106556771490e-03,1.401826395816617721e-01,1.164918207815365675e-01,3.860772068701362469e-01,3.296662790044967983e-01,2.842565141253664551e-01,1.549390991426040642e+00,1.476751922381474991e+01,5.993149658061934781e-01,9.013747607812303553e-01,1.295826872996440837e+00,1.725166347857788329e+00,2.063762898514830635e+00
2.305000000000000071e+01,2.100059270576300763e-01,4.341551191593016767e+01,-1.686894512919866890e-02,4.286636214248171206e-02,1.935976509515749400e-01,5.123864409913671952e-02,3.833203083709191827e-01,3.297751619045558580e-01,2.869045297245252923e-01,1.554098660534211307e+00,1.513169055889080461e+01,6.121460823924350647e-01,8.937582851817246210e-01,1.305678938566534608e+00,1.729522812183425184e+00,2.042458838673552712e+00
2.310000000000000142e+01,2.104795577886983682e-01,4.297657754573714328e+01,-1.696053331130532166e-02,5.323675318307149323e-02,9.529617614859377250e-02,9.320774703949513684e-02,3.786430214124199001e-01,3.315600551010622343e-01,2.897969234865174770e-01,1.561622719636949874e+00,1.645764534428812809e+01,6.070214115917902387e-01,8.978290203990944018e-01,1.298484978243811705e+00,1.724502002098116105e+00,2.048240933235268013e+00
2.315000000000000213e+01,2.672980378750514641e-01,4.291176664401548635e+01,-8.025919000751885815e-03,5.450524943596107147e-02,1.138247183045961314e-01,1.061020009822703086e-01,3.773062878935062869e-01,3.333299351828703516e-01,2.893637769236231949e-01,1.539090242948589538e+00,1.414068122744860112e+01,6.181322805916720231e-01,8.934698074957957425e-01,1.294245540139925765e+00,1.723569656827992791e+00,2.043288303805133044e+00
2.319999999999999929e+01,2.715545786239646486e-01,4.289817274734177488e+01,-6.432284913899531491e-03,5.906464305757576361e-02,1.150973346546273340e-01,3.355286638757895568e-02,3.772031197702647720e-01,3.351265903203684560e-01,2.876702899093667165e-01,1.510087449709583085e+00,1.066446331498405442e+01,6.137285397606075943e-01,8.908342573598286851e-01,1.295299415783654151e+00,1.725027756549587954e+00,2.047984050584088500e+00
2.325000000000000000e+01,2.290135442906457985e-01,4.291987899742149182e+01,4.950684810394162918e-04,6.642687547205537724e-02,1.669891244577584588e-01,7.598905023053163094e-03,3.773616749633088574e-01,3.359721550577975946e-01,2.866661699788934925e-01,1.494059525419996204e+00,9.031749177002708961e+00,6.190921012915917565e-01,8.869201476269166218e-01,1.307020028006465884e+00,1.725429547457149715e+00,2.045652941205545527e+00
2.330000000000000071e+01,2.063923998698999895e-01,4.296864157355248892e+01,5.589741334369320060e-03,7.346042671429592330e-02,1.707220242880046202e-01,9.516916218826365279e-03,3.783108066435009742e-01,3.358366228193848113e-01,2.858525705371138259e-01,1.485963340346001971e+00,8.581246036108213460e+00,6.153900158098786211e-01,8.928832808406993449e-01,1.307836108345564519e+00,1.724684721416571254e+00,2.038373322629210449e+00
2.335000000000000142e+01,2.357651673183502328e-01,4.294803560548248811e+01,1.358664892558456884e-02,7.988307372472591705e-02,1.600622433284005497e-01,9.374190759462832159e-03,3.797613594443448037e-01,3.344159373917497957e-01,2.858227031639050120e-01,1.478389894831021234e+00,7.914019231162328083e+00,6.083343976626227612e-01,8.965671557654737445e-01,1.303104152048715658e+00,1.726327972123868904e+00,2.045074969475287219e+00
2.340000000000000213e+01,2.485694739236637418e-01,4.274939519393188192e+01,2.011135763506962867e-02,7.548955677256577457e-02,1.392316300622270520e-01,4.504775406124407466e-02,3.807628240047804535e-01,3.324039024447635327e-01,2.868332735504563469e-01,1.468123735716685863e+00,6.571534688855140693e+00,6.038343922627642524e-01,8.989817216865876315e-01,1.316872472564833974e+00,1.727042778674701573e+00,2.037558820104015567e+00
2.344999999999999929e+01,1.974256827383333857e-01,4.233872881674194844e+01,8.046834977313583465e-03,5.650479880008242584e-02,2.175761385088383348e-01,1.011280553398719861e-01,3.791096410591281440e-01,3.329328404735271141e-01,2.879575184673453525e-01,1.468658486811157626e+00,6.211062236158934269e+00,5.991057131639517808e-01,8.980723927624865155e-01,1.312181507640036271e+00,1.729120539007213520e+00,2.040456172062661278e+00
2.350000000000000000e+01,2.222088638479746137e-01,4.208982859252051156e+01,2.221221859582093658e-02,3.579194540030371241e-02,2.137810489365962463e-01,-6.077366783667563846e-03,3.780623935416243531e-01,3.320032038436607769e-01,2.899344026147151476e-01,1.472082811960502724e+00,5.914851485394385655e+00,6.128309768235304933e-01,9.031497908423843368e-01,1.306802878594041539e+00,1.724400124872251583e+00,2.035486683039927414e+00
2.355000000000000071e+01,2.105160408263454797e-01,4.192627676360234545e+01,-7.937487373520098546e-03,3.032479945567728361e-02,2.068284641405777891e-01,9.561704840838688990e-02,3.780976526558667006e-01,3.311967941459127429e-01,2.907055531982204455e-01,1.471756597718498760e+00,5.460307888059565684e+00,6.047954541040505561e-01,9.123079461905772014e-01,1.315134911208378110e+00,1.713489915056674029e+00,2.035296456282526201e+00
2.360000000000000142e+01,2.904263346405492330e-01,4.168106842366275799e+01,1.429746679152220368e-02,-9.219785428449070799e-03,1.430386971354510040e-01,7.509086649789074863e-02,3.811172636659623247e-01,3.306670093204981398e-01,2.882157270135397020e-01,1.464261614733681771e+00,5.354451604802776821e+00,6.036931280103341457e-01,9.173132014993468086e-01,1.313292446878327580e+00,1.718202110220897749e+00,2.043312176733387719e+00
2.365000000000000213e+01,2.342188858925821349e-01,4.113648281755919101e+01,1.521467355152199274e-02,3.704499523302955642e-03,1.482869840958589425e-01,1.193861212918525261e-01,3.839310114660962059e-01,3.282168722648978743e-01,2.878521162690054203e-01,1.463750340726359900e+00,5.134521988357050759e+00,5.975334447292393047e-01,9.129935482041973138e-01,1.320117116865731077e+00,1.717050239605265149e+00,2.028512598529909283e+00
2.369999999999999929e+01,2.485258809616213149e-01,4.092973866883145462e+01,3.730413644788792976e-02,-1.032290218657931982e-02,1.516848405616951501e-01,6.084317147430901712e-02,3.827579148160250577e-01,3.294516555956822357e-01,2.877904295882932617e-01,1.459872367943680249e+00,4.961954902011720847e+00,5.971333434364128889e-01,9.205104154309423636e-01,1.316254542354003743e+00,1.721937791486292113e+00,2.024390791928456945e+00
2.375000000000000000e+01,2.059707972945791499e-01,4.073141482865131735e+01,7.813938858168245627e-02,-7.895145608995103592e-03,1.184751238962218484e-01,2.654581778974212172e-02,3.813577941485448708e-01,3.294430476780042527e-01,2.891991581734508210e-01,1.458557320699041870e+00,4.749631713480946260e+00,5.964974023428227801e-01,9.138354877194229120e-01,1.317151952439572060e+00,1.720054907509810604e+00,2.032430108001769931e+00
2.380000000000000071e+01,2.528681925986800416e-01,4.038595656481022189e+01,8.507923789268279080e-02,1.928737550035952361e-02,2.311420852064844100e-01,6.475423125737254926e-03,3.821199047417312977e-01,3.293128444545694866e-01,2.885672508036989381e-01,1.458384964666026740e+00,4.795060768787357652e+00,5.890643441410082781e-01,9.180110726750454475e-01,1.318040881428004241e+00,1.726775557301770458e+00,2.035347641610439240e+00
2.385000000000000142e+01,3.008995418810260225e-01,4.039623182842152715e+01,9.712473626158762974e-02,-2.265895277278384256e-03,2.350866494027514242e-01,-2.841371129442898328e-03,3.826848361377401808e-01,3.275395108140852218e-01,2.897756530481749859e-01,1.456308743029256059e+00,4.943740497987849203e+00,5.903932420994060237e-01,9.217621613821747051e-01,1.317941899750871171e+00,1.730979921347720607e+00,2.027109874857794480e+00
2.390000000000000213e+01,2.829711195396672485e-01,4.047063559853117454e+01,1.049210032045490709e-01,-5.925590102526547692e-02,1.806674784640640019e-01,1.526630484721410407e-02,3.843091506016550474e-01,3.248989249483201780e-01,2.907919244500248857e-01,1.455818925357504234e+00,5.108965498931732796e+00,5.930987059019204866e-01,9.241013537066392614e-01,1.319150998809856201e+00,1.736010085591003893e+00,2.028203311811977105e+00
2.394999999999999929e+01,2.501983230889625598e-01,4.055262397684644071e+01,1.000466913973369204e-01,-8.201363055458196771e-02,1.505320635582150512e-01,2.446045307943254393e-02,3.850525509535617230e-01,3.225747292121863286e-01,2.923727198342513378e-01,1.457425929811749787e+00,5.305697983759539937e+00,5.971608955878755509e-01,9.227699145172743034e-01,1.320880552157075893e+00,1.728549240913928697e+00,2.025968258238795894e+00
2.400000000000000000e+01,1.984355051124372937e-01,4.068209036628156383e+01,5.654411200262102200e-02,-8.396369458842285749e-02,1.622922213524409518e-01,3.744223359210327451e-02,3.843906300343992166e-01,3.208521612159010994e-01,2.947572087496999060e-01,1.458698029109263494e+00,5.527258608640869930e+00,6.015471674998590368e-01,9.212501608547436494e-01,1.321383129759891695e+00,1.720133441756891202e+00,2.026564179783176378e+00
2.405000000000000071e+01,1.782635456004461327e-01,4.085811944465883272e+01,2.679104959446370476e-02,-6.575442983981343026e-02,2.009222202370837818e-01,5.065642854910397397e-02,3.842194003193534768e-01,3.194236176369206204e-01,2.963569820437259583e-01,1.458250774161548025e+00,5.724368039672142139e+00,6.062541696908571032e-01,9.156418454385814032e-01,1.329422366943418199e+00,1.719520304526938048e+00,2.029606700313409728e+00
2.410000000000000142e+01,1.678518435872743131e-01,4.100042218854643039e+01,1.879252658530654319e-02,-5.707701727693340749e-02,1.985745138695802214e-01,5.312995868020496670e-02,3.856151617020915912e-01,3.178788811985526763e-01,2.965059570993556770e-01,1.458394526973153527e+00,5.872247708516315612e+00,6.095820195726301405e-01,9.209021966563259998e-01,1.329753914066412968e+00,1.717730453619510156e+00,2.037152728215108510e+00
2.415000000000000213e+01,1.653929956486792918e-01,4.112174556182696250e+01,1.654158814854696929e-02,-5.448385130539121907e-02,1.882522602488443941e-01,5.187745501543171434e-02,3.875972926276065600e-01,3.165917561523227119e-01,2.958109512200708391e-01,1.460893129141958235e+00,6.001192689724201834e+00,6.123913138198781025e-01,9.218962569926377748e-01,1.324801981454393873e+00,1.712927857944795074e+00,2.038827280329051028e+00
2.419999999999999929e+01,1.702439221719574680e-01,4.122869930941617156e+01,1.768792639798839536e-02,-3.225887786740887914e-02,1.711000560700331741e-01,4.760170696513098959e-02,3.899681817376323134e-01,3.158161992905655913e-01,2.942156189718018733e-01,1.463822830113791662e+00,6.128277391844757283e+00,6.158236886144868860e-01,9.225675969087133721e-01,1.319688989345077168e+00,1.708931795727428371e+00,2.039536398981036669e+00
2.425000000000000000e+01,1.802884003500340171e-01,4.128603408084595117e+01,2.026176449196366580e-02,-9.728253432899595734e-06,1.509107341804025726e-01,4.528802830984830080e-02,3.925032276033053602e-01,3.154972678038269751e-01,2.919995045928677757e-01,1.465912872792679345e+00,6.219026698932176522e+00,6.186061288240883860e-01,9.221109790265319406e-01,1.321253541044056234e+00,1.707801971332137070e+00,2.042066375529999700e+00
2.430000000000000071e+01,1.902612434784386186e-01,4.129024695595989414e+01,2.575560751754817773e-02,2.353765582124540609e-02,1.244624629155300921e-01,4.182626428685210646e-02,3.950734609124217922e-01,3.154636093173108224e-01,2.894629297702674964e-01,1.466779065360243051e+00,6.236618989754700415e+00,6.162473609787180173e-01,9.201609733057809493e-01,1.322386037926903679e+00,1.711214245040389548e+00,2.037579219556973076e+00
2.435000000000000142e+01,1.922953891473716814e-01,4.128663697210932781e+01,3.507878325546869708e-02,4.893057477633872693e-02,7.682002590858756641e-02,2.043934596945230428e-02,3.974324108255989918e-01,3.156730531127827089e-01,2.868945360616181883e-01,1.466594183527594186e+00,6.176787263873432465e+00,6.201692448053539586e-01,9.168539935834422172e-01,1.322414365535183656e+00,1.705832525273637490e+00,2.033274664147224353e+00
2.440000000000000213e+01,1.846858643743252704e-01,4.130362769370682230e+01,4.551592495897639756e-02,3.698578985663259627e-02,1.652163491790206717e-02,-1.450508686095492231e-02,3.996217216266939598e-01,3.158240332585265375e-01,2.845542451147791141e-01,1.463760256784949254e+00,6.096484385842107834e+00,6.205368057064604148e-01,9.230250853546702050e-01,1.318492938873161435e+00,1.700698214569883460e+00,2.037122084735249139e+00
2.444999999999999929e+01,1.964673144890533296e-01,4.122524141466485759e+01,5.409750790158308897e-02,1.395006387986394772e-02,6.584771465303655702e-02,-5.968688442211584483e-02,4.024082486779148593e-01,3.149100330005759063e-01,2.826817183215097340e-01,1.460991421084888664e+00,6.013298178646661718e+00,6.234870824070037898e-01,9.276917831299513750e-01,1.314569399649614390e+00,1.705486883424347733e+00,2.037213317489577236e+00
2.450000000000000000e+01,2.116355875167554856e-01,4.104667153448179562e+01,4.543763198476714893e-02,7.689714182184947955e-03,1.595227546981157485e-01,-5.909662256595180768e-02,4.045050264543416096e-01,3.133849998548182691e-01,2.821099736908405653e-01,1.459711987849810155e+00,5.900160332116521467e+00,6.251387259905425431e-01,9.374312224209612188e-01,1.310790477823120970e+00,1.702950300401361527e+00,2.032000998399176694e+00
2.455000000000000071e+01,2.149177007167390185e-01,4.096729315959477447e+01,3.368724292969774159e-02,8.894189580754465613e-03,1.516190197882964497e-01,-5.647516844749887743e-02,4.031717927418128622e-01,3.144615378347715429e-01,2.823666694234153729e-01,1.459868813026375278e+00,5.756826683236241138e+00,6.280306364116662321e-01,9.409136722710357281e-01,1.311227067482076958e+00,1.703148359865832795e+00,2.035780855922004307e+00
2.460000000000000142e+01,2.225624698784708921e-01,4.106252887667170626e+01,3.585397736357659459e-02,7.288794338133217955e-03,1.437159238870548694e-01,-5.778272010388790791e-02,4.029121558997434960e-01,3.149538150044864926e-01,2.821340290957698449e-01,1.458517780156476373e+00,5.608196844875897646e+00,6.313175141542780588e-01,9.407881455397131276e-01,1.308875803807048710e+00,1.705571850008489765e+00,2.031424772091081188e+00
2.465000000000000213e+01,2.485515354934684784e-01,4.115840737828511209e+01,2.505416878158300137e-02,1.082773275345277897e-02,1.257452070365321362e-01,-4.515088973567540909e-02,4.041980639256231300e-01,3.154119719101612929e-01,2.803899641642157992e-01,1.459243675003016216e+00,5.520471979329236945e+00,6.319596888737678553e-01,9.436879744054869068e-01,1.313367657168775349e+00,1.704270499678891770e+00,2.024118590106874560e+00
2.469999999999999929e+01,2.450913075671188879e-01,4.124599322621270403e+01,2.597341418297679713e-02,-6.343226026424001428e-03,1.012516774537939312e-01,-4.269365198869938538e-02,4.051335291710156938e-01,3.167765620950072636e-01,2.780899087339779308e-01,1.463107990633219169e+00,5.647504172972007019e+00,6.312239440671989499e-01,9.412624850473035876e-01,1.312932244440646823e+00,1.707624917239531692e+00,2.024649240800394878e+00
2.475000000000000000e+01,2.441087845392421463e-01,4.142605679664669793e+01,3.186061350474951592e-02,5.937294598844078571e-03,9.711532829402896860e-02,-4.423531538538739288e-02,4.078365363888395989e-01,3.162493333715860055e-01,2.759141302395746176e-01,1.462255128693052963e+00,5.888410089773713274e+00,6.400362484173300892e-01,9.423631281606928978e-01,1.309219985500077676e+00,1.707839413150724184e+00,2.023419708687891561e+00
2.480000000000000071e+01,2.464164048124340700e-01,4.162361302915081751e+01,3.948005278951244312e-02,2.333426638497223052e-02,1.015274293824942886e-01,-3.283521530948483452e-02,4.112484089490732186e-01,3.150689226188293501e-01,2.736826684320978753e-01,1.462118095388061922e+00,6.244413378669784187e+00,6.414399798775625161e-01,9.411455028056516792e-01,1.316835606073409881e+00,1.709951169402272209e+00,2.018621909976986650e+00
2.485000000000000142e+01,2.339462167623432565e-01,4.180532327568604245e+01,5.040089793432139115e-02,2.265262922424391562e-02,1.075407075429602038e-01,-2.872744755120710050e-02,4.143372749496905816e-01,3.142920082201004495e-01,2.713707168302085804e-01,1.464997575180908784e+00,6.658831916496809278e+00,6.512491223660963335e-01,9.422190169810018556e-01,1.311002020390239498e+00,1.714345367577881252e+00,2.019428866990434113e+00
2.490000000000000213e+01,2.139444946301272132e-01,4.197251871185565619e+01,6.549198069212325279e-02,2.014085657160474135e-02,1.067031111823392581e-01,-4.158915751847388348e-02,4.174328674463383404e-01,3.136592475152241710e-01,2.689078850384375996e-01,1.468498453285154381e+00,7.013769335030492158e+00,6.533734580140649895e-01,9.441389730168285865e-01,1.308906322390789301e+00,1.711214675508033300e+00,2.023609659072417966e+00
2.494999999999999929e+01,1.939557940054996432e-01,4.212606055640558367e+01,8.152301983139083330e-02,2.090893388491434773e-02,1.004724951109915304e-01,-4.922735731267136733e-02,4.208552351882306475e-01,3.129723288544238313e-01,2.661724359573455767e-01,1.472085620226909253e+00,7.235619718980678350e+00,6.583163898884316634e-01,9.470714424860146030e-01,1.305810429772377379e+00,1.713804437103629175e+00,2.024523308568657143e+00
2.500000000000000000e+01,1.820060444575645475e-01,4.227022994805932399e+01,8.531996708867597978e-02,2.247548547615959430e-02,8.825928290946728760e-02,-4.595526425154711214e-02,4.246206205434955305e-01,3.121018400432099549e-01,2.632775394132946811e-01,1.475479531334653371e+00,7.272359328016921864e+00,6.633474441840807589e-01,9.477945406422652042e-01,1.303260187605104869e+00,1.709117072849342112e+00,2.026266936869755675e+00
2.505000000000000071e+01,1.801793132247725970e-01,4.240587750911230813e+01,8.261008427754765182e-02,2.218540666892936455e-02,7.371057124470888067e-02,-3.199780852523170099e-02,4.284319885878923317e-01,3.110856222355372624e-01,2.604823891765707389e-01,1.477578407915097314e+00,7.119151637606890404e+00,6.674979279950532529e-01,9.465639699259722484e-01,1.300839490524440034e+00,1.704506231373681846e+00,2.032693763089109318e+00
2.510000000000000142e+01,1.843035769717649708e-01,4.254352353788169694e+01,8.387160979688547402e-02,2.305686788133257115e-02,7.455436873512999441e-02,-1.729576995818908614e-02,4.324740278630556101e-01,3.098598377706961449e-01,2.576661343662479120e-01,1.477105322013222199e+00,6.915314699793111863e+00,6.721690835509013251e-01,9.472658494661834183e-01,1.300530586593050542e+00,1.700110615766231570e+00,2.036848373694178260e+00
2.515000000000000213e+01,1.876408828113022287e-01,4.269154159783179381e+01,8.303926628289294565e-02,2.732308848082973599e-02,9.048769121891975242e-02,-1.724805295637965325e-03,4.371773002647908468e-01,3.083540442660351322e-01,2.544686554691741320e-01,1.475564012912802037e+00,6.782150472853817114e+00,6.761487111405195538e-01,9.477940888323637125e-01,1.297493985031302532e+00,1.700608988300857494e+00,2.038315605320743185e+00
2.519999999999999929e+01,1.840174405060269469e-01,4.285029782336611248e+01,7.133553013301172085e-02,3.497514233501917286e-02,1.105869368616505949e-01,1.532985860530480110e-02,4.420684285804934444e-01,3.068731690694205816e-01,2.510584023500856965e-01,1.476977699802332289e+00,6.679251715778745435e+00,6.743390674329752255e-01,9.461340846042836095e-01,1.298486568748545400e+00,1.696142946766319826e+00,2.037875727095565193e+00
2.525000000000000000e+01,1.787042928627072258e-01,4.301396716343622728e+01,5.641286411756488151e-02,4.225204965078256658e-02,1.272861691490728697e-01,2.585725804624125837e-02,4.465694625679724750e-01,3.056468946793230446e-01,2.477836427527040086e-01,1.479875166930757935e+00,6.522535432229380703e+00,6.799128292575303822e-01,9.455420771578737504e-01,1.297888962897777887e+00,1.692189901293520649e+00,2.038020485607024757e+00
2.530000000000000071e+01,1.787512905503296778e-01,4.316156526915613512e+01,4.946843602694140501e-02,4.583529515842921231e-02,1.432823952398789014e-01,2.922470812491056308e-02,4.505582936208830658e-01,3.047861182060257468e-01,2.446555881730911042e-01,1.481997469610164542e+00,6.297022504628422723e+00,6.761340148264320948e-01,9.459636809922186140e-01,1.299660354603562329e+00,1.700689002093913382e+00,2.046233773589076765e+00
2.535000000000000142e+01,1.956860365462449736e-01,4.328020679102581880e+01,4.662687126927935605e-02,4.328785170289305845e-02,1.577298794090572498e-01,3.060148185250352593e-02,4.537080863438926470e-01,3.046840886964930495e-01,2.416078249596145255e-01,1.481224510361962343e+00,6.052670984757498651e+00,6.720881706725412297e-01,9.419839523280224558e-01,1.301304051709847975e+00,1.700860132177529627e+00,2.037416858511507556e+00
2.540000000000000213e+01,2.178016572845728194e-01,4.338385968948328753e+01,4.503151410723254394e-02,4.277113311724566047e-02,1.529897381268911505e-01,2.207359903152696437e-02,4.554774712882082577e-01,3.054421800791976560e-01,2.390803486325937810e-01,1.477062202737234431e+00,5.847062710840482680e+00,6.682803090451903127e-01,9.447061866927637386e-01,1.302444098699242492e+00,1.698225926893646376e+00,2.026221122262510832e+00
2.544999999999999929e+01,2.122801925339413143e-01,4.351314075806597259e+01,1.493619730996460782e-02,6.055263916202455882e-02,1.397010036118703502e-01,-2.029910705195024992e-03,4.553937657423869911e-01,3.064250309947635920e-01,2.381812032628495279e-01,1.475072735345899666e+00,5.637556302773460537e+00,6.701757378112667141e-01,9.417339407168608956e-01,1.305548245068684610e+00,1.704183358564105966e+00,2.031787722452621736e+00
2.550000000000000000e+01,2.121131014793472269e-01,4.362120245072436120e+01,4.587178864391563277e-02,8.269845176134650588e-02,1.493452024701821257e-01,5.534984373346095096e-03,4.538325071217514384e-01,3.080942637459810896e-01,2.380732291322676941e-01,1.475383773572642276e+00,6.057477740633419927e+00,6.753372190493694971e-01,9.379851453144125717e-01,1.297926296446356709e+00,1.703859451547115045e+00,2.039596519234817773e+00
2.555000000000000071e+01,1.766738342549420415e-01,4.369352740076779895e+01,6.015379615530171142e-02,1.010803795776802627e-01,1.582467683238550082e-01,1.854430609924016815e-02,4.512015757041692998e-01,3.120253735063083234e-01,2.367730507895222380e-01,1.474380876075132685e+00,6.416311119207570357e+00,6.625325033326275870e-01,9.389030590088212058e-01,1.292332424648554356e+00,1.706476209814246081e+00,2.040544755975453484e+00
2.560000000000000142e+01,1.013138299301755696e-01,4.379185865280653189e+01,2.518874233984369493e-02,9.641282357996114327e-02,1.275964355106574410e-01,-8.720062358370124153e-03,4.485343279102277370e-01,3.149672286134198584e-01,2.364984434763527377e-01,1.469878985434708962e+00,6.310879159214741740e+00,6.697409541643075670e-01,9.324285280296498168e-01,1.289312963708281412e+00,1.702012157369978462e+00,2.045882024363791629e+00
2.565000000000000213e+01,7.724973242982420552e-02,4.398727084562688816e+01,9.551720914448480135e-03,9.495959027564568333e-02,1.473039778925768484e-01,-2.133749148429592480e-05,4.493811254071088945e-01,3.141876135291236105e-01,2.364312610637671619e-01,1.468459083316680180e+00,6.300210021857137299e+00,6.624300893445637106e-01,9.390884561985270995e-01,1.288127784268633835e+00,1.708138670453283936e+00,2.042420328513717021e+00
2.569999999999999929e+01,1.333418268662197037e-01,4.412274994262050143e+01,5.953447385989223128e-02,8.680458957394629471e-02,1.553748513079861171e-01,1.081285836533771652e-02,4.494816621166968229e-01,3.140634718193008323e-01,2.364548660640025113e-01,1.466160166985223334e+00,6.538639591428519360e+00,6.597269291356118170e-01,9.328657527379343728e-01,1.287420376481359874e+00,1.703544232615025411e+00,2.048035080241564998e+00
2.575000000000000000e+01,1.410076846194208977e-01,4.432117513934821318e+01,5.271612575288700531e-02,9.925092987598725658e-02,1.350561141873014015e-01,2.934002602272716212e-02,4.493554965073766061e-01,3.168612826000242744e-01,2.337832208925994248e-01,1.471221582508293046e+00,7.126013697961337989e+00,6.650837101010689256e-01,9.261088179356440353e-01,1.285449384640751758e+00,1.709512951288368665e+00,2.042515302222760010e+00
2.580000000000000071e+01,1.571990287517079365e-01,4.451261905437155519e+01,7.450255893090568238e-02,1.110615038108344749e-01,1.046790470187130284e-01,4.570550393965707586e-02,4.488469123569475139e-01,3.196453484672708845e-01,2.315077391757819347e-01,1.474619560336795754e+00,8.106121896868161869e+00,6.700772645307648823e-01,9.212948777570605374e-01,1.284757894043201842e+00,1.710558885288658182e+00,2.045777554595039849e+00
2.585000000000000142e+01,1.771217741598747897e-01,4.474112775640161743e+01,1.231039490075567372e-01,1.222967369448549474e-01,1.034802249457920653e-01,4.708224117925661339e-02,4.468883464849947029e-01,3.223128103994481464e-01,2.307988431155577336e-01,1.480212412531097588e+00,9.943612525453719542e+00,6.633861572281256613e-01,9.231631462772662555e-01,1.286046236102489138e+00,1.708257506463472186e+00,2.051763473563215978e+00
2.590000000000000213e+01,1.889282390288395119e-01,4.498698043978927785e+01,1.346003790041533643e-01,1.240856631993366294e-01,1.281669855739852593e-01,5.595806538648864792e-02,4.441821774722003457e-01,3.246781290443818691e-01,2.311396934834176187e-01,1.477303187861490397e+00,1.088962590030907762e+01,6.707783596986599539e-01,9.272637418296175715e-01,1.280310481639649112e+00,1.711314235075084733e+00,2.047906189447225689e+00
2.594999999999999929e+01,1.986057532461885378e-01,4.519496193552398466e+01,1.229092333901531942e-01,1.192114236496866625e-01,1.350602496138994801e-01,7.087775848998920103e-02,4.423032848543260176e-01,3.263711094013542757e-01,2.313256057443196234e-01,1.468687603656347207e+00,1.055845241460010797e+01,6.679362182086049371e-01,9.246471096317987470e-01,1.283901282127828392e+00,1.716235457034041234e+00,2.047130678204438059e+00
2.600000000000000000e+01,2.391431384377798730e-01,4.538889849857861236e+01,9.921566661102591833e-02,1.145195067063165262e-01,1.564561159868463336e-01,8.999408900420341473e-02,4.425798951085400668e-01,3.264632992513956666e-01,2.309568056400645997e-01,1.461667203815873561e+00,9.751904323048421475e+00,6.678409252179910993e-01,9.232320324593152883e-01,1.283890359893929078e+00,1.713873030694085031e+00,2.048168622919625648e+00
2.605000000000000071e+01,2.737672917811815321e-01,4.555110022083303534e+01,5.077599051344228176e-02,1.183338051913622041e-01,1.548944974196611035e-01,1.235674201422538865e-01,4.462990734473281096e-01,3.250385457809271128e-01,2.286623807717448054e-01,1.463403648317611161e+00,9.228373069520522165e+00,6.708792821937126227e-01,9.178522541656460865e-01,1.287986409063593740e+00,1.712975074190769886e+00,2.048120697940110979e+00
2.610000000000000142e+01,2.171744947336461118e-01,4.563302817593661587e+01,1.131166409184642535e-02,1.253765475084618886e-01,1.313190657012779095e-01,1.490403980593408562e-01,4.531159823195600733e-01,3.238429499635316344e-01,2.230410677169088474e-01,1.481166391300582363e+00,9.465962357401629390e+00,6.640464918127336746e-01,9.208451017128410632e-01,1.269568321573714575e+00,1.707589936258527175e+00,2.044270515681426037e+00
2.615000000000000213e+01,2.120713922143299679e-01,4.572928437889568443e+01,-1.064727306824635178e-02,1.278871537785973844e-01,6.337220937640891671e-02,1.677491113068587669e-01,4.576471163897355421e-01,3.241146153167329125e-01,2.182382682935315454e-01,1.497583237510482945e+00,9.431518560943002782e+00,6.625211059782942780e-01,9.225525355220720591e-01,1.275436292695218743e+00,1.712638585663572632e+00,2.037320348102543921e+00
2.619999999999999929e+01,2.205379924630404553e-01,4.584208866725647624e+01,3.041612873032469022e-02,1.178720554860499120e-01,7.350514634862288788e-02,1.254285522086781568e-01,4.620950808801614351e-01,3.223115398748606086e-01,2.155933792449779007e-01,1.503708321793573610e+00,9.527665600837437410e+00,6.646064489136086495e-01,9.174009641216385180e-01,1.280834623297210539e+00,1.703073585813697166e+00,2.044328466197847582e+00
2.625000000000000000e+01,2.142496043864594024e-01,4.596423367903337009e+01,6.203722383293612530e-02,9.766488387726567078e-02,8.826356882948453719e-02,9.526147788696968932e-02,4.631502420217136207e-01,3.211767545578410044e-01,2.156730034204453750e-01,1.500438116429370305e+00,9.763297555111995152e+00,6.539372245415189244e-01,9.128267257931311773e-01,1.284091759741120109e+00,1.705014410540032443e+00,2.043443685059117776e+00
2.630000000000000071e+01,2.259102273193318577e-01,4.597388766616241895e+01,5.242600798891083880e-02,1.030700235124249187e-01,7.012496943570940833e-02,7.449403282943334315e-02,4.654173153538962993e-01,3.192612281317708245e-01,2.153214565143328485e-01,1.501748624731332971e+00,9.618367968276130497e+00,6.624355083437464264e-01,9.167388312258464289e-01,1.290972625379311456e+00,1.705664501344895889e+00,2.047463263079391194e+00
2.635000000000000142e+01,2.445449864963365749e-01,4.595280453752440764e+01,4.002277877238392956e-02,8.155002516015323610e-02,6.004893941374801758e-02,6.912356277910652880e-02,4.715122192077004781e-01,3.152949143155394651e-01,2.131928664767597792e-01,1.502517153348897905e+00,9.228707528296842710e+00,6.560555775897415343e-01,9.120430908669634462e-01,1.292361041341251848e+00,1.702720054483637613e+00,2.054536929800677036e+00
2.640000000000000213e+01,2.435829184469689435e-01,4.597396121049474260e+01,2.798623175895659579e-02,7.457526512701563581e-02,8.478144850691647638e-02,6.490931690796486464e-02,4.762027515035325287e-01,3.118592112225937463e-01,2.119380372738733087e-01,1.496697631715764532e+00,8.888813715407959393e+00,6.504795457756532562e-01,9.113021946861544764e-01,1.287689134052939721e+00,1.699346926713322103e+00,2.059252137172374209e+00
2.644999999999999929e+01,2.257724829307100889e-01,4.604893993680355635e+01,4.260993047992028826e-02,8.102503099391415720e-02,8.992733430226522440e-02,6.107895849400155064e-02,4.768494072942219830e-01,3.109585243929701703e-01,2.121920683128076524e-01,1.485809525340843873e+00,8.358630403725477720e+00,6.553815740681500079e-01,9.078591240565740961e-01,1.283505745841134971e+00,1.695740748433221423e+00,2.068351972647576531e+00
2.650000000000000000e+01,1.854511219984260051e-01,4.618849128815266880e+01,8.959551144909021214e-02,7.759744979325203240e-02,7.867797478268019618e-02,2.118195320051052127e-02,4.761194295137107235e-01,3.107779326122231955e-01,2.131026378740657756e-01,1.475432791814552447e+00,7.819358432640322043e+00,6.504513184582085827e-01,9.114772916783677736e-01,1.277310012733777533e+00,1.687901304014956416e+00,2.066404351546416773e+00
2.655000000000000071e+01,1.892049910387355593e-01,4.634702266614743138e+01,1.314364312462540929e-01,6.537567153173355627e-02,9.009923903806904555e-02,8.273704449354076298e-03,4.761840363363941675e-01,3.092768185223746524e-01,2.145391451412316242e-01,1.471202132475947444e+00,7.677925518443167618e+00,6.501300454193833511e-01,9.050959669543557906e-01,1.279754870854394877e+00,1.685763515036280857e+00,2.062200366298243992e+00
2.660000000000000142e+01,2.000640426069225097e-01,4.652186304751425183e+01,1.590952998688994480e-01,6.928953648819959066e-02,8.424390870476526627e-02,5.189803612707839103e-03,4.760289803954116938e-01,3.074904767950757400e-01,2.164805428095125661e-01,1.468276866574618422e+00,7.781104138732673370e+00,6.566082047978197833e-01,9.010073823303060836e-01,1.284940585510511157e+00,1.693452369779976596e+00,2.060543591616326164e+00
2.665000000000000213e+01,1.619660592451697689e-01,4.668698350101248451e+01,9.717715549652475304e-02,9.141143589904034139e-02,7.045395363025809543e-02,3.164463920477552511e-02,4.765491347323874138e-01,3.041590457272667636e-01,2.192918195403459891e-01,1.463900171976380449e+00,8.199803567185769637e+00,6.503707780579499609e-01,9.138245986688394717e-01,1.276996261640678920e+00,1.697731784526242960e+00,2.068487285455499869e+00
2.669999999999999929e+01,1.842985616287746153e-01,4.698392477805963807e+01,1.082085474261859637e-01,1.014352891497300874e-01,7.855683157610555967e-02,4.604588750017469395e-02,4.772510266383462318e-01,3.010706704219730523e-01,2.216783029396809934e-01,1.469482276708579782e+00,8.242711116444475294e+00,6.507186192902041366e-01,9.106757437399566335e-01,1.277773456085085080e+00,1.695536923582451561e+00,2.061516718157582861e+00
2.675000000000000000e+01,2.058091189931298692e-01,4.720265124117380395e+01,1.327679415071626456e-01,1.214888426451342512e-01,8.431768764249650272e-02,7.890153187239595800e-02,4.761148190682562009e-01,2.997298203999958499e-01,2.241553605317483377e-01,1.465329297859154112e+00,7.988780201531409553e+00,6.597709604065874478e-01,9.108922443631098931e-01,1.277519633334269100e+00,1.690175624478471583e+00,2.066868612070819289e+00
2.680000000000000071e+01,1.977142900563086114e-01,4.741685927414904000e+01,1.471054671641588985e-01,7.632758701447428518e-02,6.327252565581435728e-02,8.884743926626124944e-02,4.746687610135490454e-01,2.981020898790487927e-01,2.272291491074016900e-01,1.453385515550521756e+00,7.531691462606965537e+00,6.536538268791762807e-01,9.014630618366195058e-01,1.283683792518463429e+00,1.683800729455037448e+00,2.067641891759133266e+00
2.685000000000000142e+01,2.121335788004833911e-01,4.752378608467839882e+01,1.866672863723955467e-01,2.466447912578477106e-02,6.539951213425806986e-02,7.383537584908619889e-02,4.739468910492385390e-01,2.951909644649543529e-01,2.308621444858069693e-01,1.442289468233486804e+00,7.432448272042346815e+00,6.537225367079574356e-01,9.095580970484363759e-01,1.281838939920171949e+00,1.695012563607775746e+00,2.066692939267899209e+00
2.690000000000000213e+01,2.123062429187657085e-01,4.751924589753510020e+01,2.148906920655369868e-01,4.768080551088311331e-02,1.060058257648631985e-01,5.031044531194423658e-02,4.749651575913722557e-01,2.900993200349495371e-01,2.349355223736783460e-01,1.429975360023294950e+00,7.337110874242379843e+00,6.517430138007688223e-01,9.150738240380846822e-01,1.276964823368002211e+00,1.685542156212097797e+00,2.062502140806941497e+00
2.694999999999999929e+01,1.975094533775675898e-01,4.740247734965001314e+01,1.270378198581139373e-01,1.148410341033597459e-01,8.573119969662566786e-02,4.782398290729837631e-02,4.804907429521430018e-01,2.822146177570788450e-01,2.372946392907778757e-01,1.416853767570554368e+00,7.621660498709241338e+00,6.661924001627997916e-01,9.066518690568428074e-01,1.286449068001420670e+00,1.681097781945327663e+00,2.054665236376765236e+00
2.700000000000000000e+01,1.761893733240064708e-01,4.722494892697424973e+01,6.659120883276974101e-02,8.876237691663090013e-02,7.061108530082813028e-02,3.710943868928223699e-02,4.781965598724927102e-01,2.797443706502490413e-01,2.420590694772583040e-01,1.411938696926941628e+00,8.401627576544099085e+00,6.579332816377657656e-01,9.153722640478835215e-01,1.295159260384575406e+00,1.689599558207357743e+00,2.050800979838004245e+00
2.705000000000000071e+01,1.813075021661653130e-01,4.720455430467433899e+01,7.397260570945161928e-02,4.835040544542495988e-02,6.074466102048046295e-02,9.276221276158474853e-04,4.769002231528062241e-01,2.778792062999667634e-01,2.452205705472272901e-01,1.403389971996951813e+00,8.122207856435398554e+00,6.621907019620850710e-01,9.141685657123308495e-01,1.295331318261650377e+00,1.689217567871675207e+00,2.045762487652358796e+00
2.710000000000000142e+01,2.343323870763504568e-01,4.725889886383424709e+01,8.243406014910434343e-02,4.903773615166812615e-03,1.449477242292908641e-01,-7.225313422484626845e-03,4.788444183726195957e-01,2.748649251919653147e-01,2.462906564354150341e-01,1.388526078016009802e+00,8.259912128169109025e+00,6.646909720399639676e-01,9.090328925681570027e-01,1.296219237392669088e+00,1.691341522799138408e+00,2.047936831828958582e+00
2.715000000000000213e+01,2.239766834392729056e-01,4.746969800640061266e+01,8.929305703511848658e-02,3.276346745127602794e-02,1.452743518309560500e-01,-4.219618552416174069e-03,4.812069015007440220e-01,2.722443816113446768e-01,2.465487168879110513e-01,1.364464031838333202e+00,8.074958205427373414e+00,6.630471173282010966e-01,9.163493441114770599e-01,1.294761786571954953e+00,1.688968607936389477e+00,2.049493903495896330e+00
2.719999999999999929e+01,2.040439486060431906e-01,4.783424054822287985e+01,9.935233585250889676e-02,6.707039447753819494e-02,1.042445273551428492e-01,1.208988178502625258e-02,4.834182458445376862e-01,2.700902420849601859e-01,2.464915120705024332e-01,1.338573090960878176e+00,6.465844723556028129e+00,6.568040043118796856e-01,9.239383647386005816e-01,1.284005725777634499e+00,1.687511941721671960e+00,2.043147457052425064e+00
2.725000000000000000e+01,1.688220858490402099e-01,4.811879122242918783e+01,7.243940571880003176e-02,8.150201709820908968e-02,6.968846585548373052e-02,3.804291221868277145e-02,4.845416721259762083e-01,2.673711321320706436e-01,2.480871957419533702e-01,1.321986145706188331e+00,6.680054822262579961e+00,6.506749232876043454e-01,9.275226332858348410e-01,1.282936800555960488e+00,1.692434522275910735e+00,2.040285721613148251e+00
2.730000000000000071e+01,1.653577323968475343e-01,4.818033494686621054e+01,5.645751066263966084e-02,9.275966241492225595e-02,7.127748290813412657e-02,7.718345294320162753e-02,4.847742034719009219e-01,2.643971004867916585e-01,2.508286960413071975e-01,1.316359706610445768e+00,6.746211343369910907e+00,6.552034083855589053e-01,9.294790385307472036e-01,1.288812566396819737e+00,1.697493113738044013e+00,2.036426915355692202e+00
2.735000000000000142e+01,1.846079688057313817e-01,4.811752787248564545e+01,7.799545043049742332e-02,8.113144351314099945e-02,5.285601815828611799e-02,4.621822952189889172e-02,4.843866182911730767e-01,2.620586202797235420e-01,2.535547614291030483e-01,1.315709267748726319e+00,6.450273491517161339e+00,6.619565644422454875e-01,9.279544932180465722e-01,1.286726713440755843e+00,1.699915140362147969e+00,2.044258199521729491e+00
2.740000000000000213e+01,2.080484519852474623e-01,4.806580995980486648e+01,8.205825621381092339e-02,7.258556189217799104e-02,5.629255650382362919e-02,2.671878529237701333e-02,4.836064735623872846e-01,2.609690129763499455e-01,2.554245134612629364e-01,1.316585911000088815e+00,5.703933782470325120e+00,6.605834352045979463e-01,9.350000340991575509e-01,1.291174260492811143e+00,1.699148668654535621e+00,2.032375591545073856e+00
2.744999999999999929e+01,2.300973737057900870e-01,4.812325613218007447e+01,1.214071612143801521e-01,2.905359514315374037e-02,9.430765518632309996e-02,2.391420793793157598e-02,4.830665223238790329e-01,2.617371806138911738e-01,2.551962970622301818e-01,1.322085806541811293e+00,4.982000216256388114e+00,6.555968950778955362e-01,9.402533860152011425e-01,1.290544862961104045e+00,1.694232337191897697e+00,2.032176618083818553e+00
2.750000000000000000e+01,2.150368536389189456e-01,4.827757149382608759e+01,1.581009055850942369e-01,3.730566511915321681e-02,1.090980121214205900e-01,1.640431681878517720e-02,4.837444843589639998e-01,2.622506470642742560e-01,2.540048685767617442e-01,1.326131612623531852e+00,4.606399050630323622e+00,6.666599087951745606e-01,9.368374005993621578e-01,1.286608303591788349e+00,1.693597842943353804e+00,2.037050555608046931e+00
2.755000000000000071e+01,2.407246450238700874e-01,4.840322981126976742e+01,6.054811556356758800e-02,3.996069912011668279e-02,1.151049984669576670e-01,5.257275655272031917e-02,4.841519217507453954e-01,2.632956930051912892e-01,2.525523852440635930e-01,1.322105079769934965e+00,4.784774373936875769e+00,6.667355881135395013e-01,9.379746228461494084e-01,1.295829080452930882e+00,1.694157602811209307e+00,2.034798124982562406e+00
2.760000000000000142e+01,2.486155201373020096e-01,4.853232243943006807e+01,9.822484204874028582e-03,4.495624975286114516e-02,1.115484840218384927e-01,4.976377585968554812e-02,4.822902814267259752e-01,2.669084338128957512e-01,2.508012847603779405e-01,1.313802463672144594e+00,4.667556106351420375e+00,6.729649473506958968e-01,9.427710051350289833e-01,1.296230761345741778e+00,1.696904002666075328e+00,2.026630412828991368e+00
2.765000000000000213e+01,2.546303591316007586e-01,4.863444015119566899e+01,1.220034743366927308e-03,4.169919106493127914e-02,1.073878404462275393e-01,4.835633872096718050e-02,4.795504895802762402e-01,2.704925081506248663e-01,2.499570022690986715e-01,1.307876042767442959e+00,4.500186282675374905e+00,6.721838202724322864e-01,9.356710911001755449e-01,1.300615596750271052e+00,1.695455282684019904e+00,2.033551725357124251e+00
2.769999999999999929e+01,2.597052784656718183e-01,4.872294621242939883e+01,1.948556614082547558e-02,4.468485261971034961e-02,1.027157447773586335e-01,3.821611366096365481e-02,4.762620322324184752e-01,2.732334325500331840e-01,2.505045352175483964e-01,1.305254479714163862e+00,5.015706465057493624e+00,6.641309251832684390e-01,9.306697157860059910e-01,1.302047928832230417e+00,1.694487007924170729e+00,2.031760187630524239e+00
2.775000000000000000e+01,2.844646267466322542e-01,4.880384835421465795e+01,5.385554659854546733e-02,4.994292755189668614e-02,1.156987824757484129e-01,2.386151895322420613e-02,4.728850738878835891e-01,2.761348206283009699e-01,2.509801054838153855e-01,1.306341390731220242e+00,6.061812194389598396e+00,6.697186350111415942e-01,9.330573304499494292e-01,1.302435276497162064e+00,1.699861301481854436e+00,2.028348239629599981e+00
2.780000000000000071e+01,3.006587843136536153e-01,4.886803494441110018e+01,7.598741768039540823e-02,4.546676309257847298e-02,1.227033372097766223e-01,8.082797176408531084e-03,4.698571194029799170e-01,2.804817111441426647e-01,2.496611694528774739e-01,1.310808800014497066e+00,7.116686642812602770e+00,6.652472413216385938e-01,9.312506773258981685e-01,1.300016639333240409e+00,1.697768863894742797e+00,2.030662002162780588e+00
2.785000000000000142e+01,1.968201042669440182e-01,4.891105937801393821e+01,5.011122031174159580e-02,5.618487013104887795e-02,1.155024084166433734e-01,-1.877898174498575032e-02,4.685148138432080334e-01,2.848459226453657900e-01,2.466392635114257326e-01,1.316088327005712877e+00,8.017153702074677923e+00,6.559435530541154469e-01,9.341551535226360059e-01,1.307015969708674064e+00,1.697936776964928729e+00,2.043565068760651471e+00
2.790000000000000213e+01,1.597056789816618250e-01,4.895356927904321509e+01,2.955153094356872956e-02,5.860785684394113904e-02,1.040800103351003786e-01,-3.233892058516920492e-02,4.697813915524693962e-01,2.869581128294197980e-01,2.432604956181105560e-01,1.321103479931291957e+00,8.429868548654027904e+00,6.590498837416123301e-01,9.344560405163492289e-01,1.311003689568183805e+00,1.697366227335963540e+00,2.043311073384838306e+00
2.794999999999999929e+01,1.614228876966306847e-01,4.903065968602249569e+01,3.801917752263293815e-02,6.324477139506906598e-02,9.339107146738061249e-02,-4.060226977260096570e-02,4.713649249735153424e-01,2.881672980936078043e-01,2.404677769328773529e-01,1.322934353236015381e+00,7.860550228975690779e+00,6.561952717399159862e-01,9.243426205269270612e-01,1.316210551673299367e+00,1.697152889836051060e+00,2.047273174883577518e+00
2.800000000000000000e+01,1.864112656265212720e-01,4.913781541799450281e+01,6.188554179124156757e-02,6.760576934176275310e-02,9.524954699601788366e-02,-4.592465645644962929e-02,4.728707615731459479e-01,2.890775199404183038e-01,2.380517184864353875e-01,1.321355530086903096e+00,6.670659749576012487e+00,6.678901421243462755e-01,9.197839211003013826e-01,1.312063561299354308e+00,1.694256806143926264e+00,2.044570896342165600e+00
2.805000000000000071e+01,2.443909304946198513e-01,4.923319148832280945e+01,8.998326579901358424e-02,8.523682719305863964e-02,1.220564441732157474e-01,-7.024781841598581877e-02,4.731372850299412902e-01,2.914094711607573274e-01,2.354532438093016045e-01,1.316985017660752044e+00,5.394506365603795039e+00,6.669020412270399989e-01,9.140507458195187285e-01,1.308751937896271311e+00,1.691227524414525618e+00,2.028604324380505641e+00
2.810000000000000142e+01,1.920668417837704256e-01,4.944101109932175575e+01,1.506995849850608638e-01,1.425230143486885537e-01,1.642104098402328571e-01,6.341609462701187916e-03,4.724789395850642060e-01,2.960497411169591975e-01,2.314713192979766243e-01,1.299375076453267441e+00,4.262583050917903904e+00,6.511066695571935403e-01,9.247649249304185082e-01,1.305885542120865717e+00,1.704717971887642403e+00,2.027623634329555280e+00
2.815000000000000213e+01,2.431182015733840962e-01,4.926172502609458093e+01,1.224421256402057623e-01,1.203262694073507222e-01,6.784992204947541683e-02,4.425734785551409950e-02,4.751769871968599124e-01,2.921178736260063857e-01,2.327051391771335909e-01,1.292964951916494520e+00,3.942148298367610604e+00,6.517790188115769601e-01,9.299059546542230992e-01,1.317896267915728892e+00,1.700938389280466145e+00,2.025964267135529795e+00
2.819999999999999929e+01,3.396415105577325066e-01,4.866566770729568248e+01,1.293164753587140448e-01,9.891309209597057284e-02,1.784145620596543635e-01,1.077972268689337126e-01,4.712535586011559197e-01,2.946787259159115435e-01,2.340677154829328144e-01,1.301121112011117686e+00,4.189893004092374973e+00,6.697427040637504714e-01,9.189885393813854719e-01,1.314370371514657077e+00,1.704882906647535723e+00,2.029674899832500934e+00
2.825000000000000000e+01,3.732684887116002881e-01,4.872208338855081422e+01,1.285777110513250110e-01,5.583599817130063814e-02,1.675127880140493686e-01,1.544312976144241456e-01,4.677213441586279830e-01,2.991265098333863448e-01,2.331521460079860053e-01,1.297333247151471136e+00,4.144144995391050301e+00,6.798665690323516531e-01,9.237979989713336337e-01,1.314183820850266082e+00,1.702596287321669788e+00,2.027154892460310442e+00
2.830000000000000071e+01,3.612303025419790758e-01,4.880604466214079196e+01,1.333699097607847217e-01,9.069350529957125040e-02,1.530180566213771576e-01,1.086021935927864585e-01,4.654094078704277826e-01,3.031417539697821573e-01,2.314488381597902822e-01,1.293757910738302597e+00,3.917417192477671506e+00,6.815971081418029653e-01,9.217155248907651366e-01,1.310247704749072817e+00,1.698709836806818529e+00,2.020890526133330756e+00
2.835000000000000142e+01,3.212296178668254676e-01,4.886132141516582550e+01,1.720265332023536986e-01,1.045221143868165781e-01,1.237344611786847515e-01,4.296942137095438596e-02,4.633764494340026352e-01,3.074169656162482611e-01,2.292065849497493812e-01,1.290239574913786269e+00,3.802890488860215967e+00,6.699956548222945063e-01,9.254008916479750102e-01,1.311124503487817616e+00,1.707853038267124202e+00,2.019724951087527476e+00
2.840000000000000213e+01,2.996125038569777965e-01,4.888818078822033186e+01,2.388709508116358959e-01,7.850805197155469317e-02,1.561782318604136022e-01,2.247196428654932299e-02,4.613632033908060537e-01,3.110697621269434276e-01,2.275670344822506297e-01,1.291687551597779260e+00,4.798211275186924141e+00,6.718473524806075625e-01,9.261152428786459945e-01,1.313192152887967534e+00,1.706585679208026507e+00,2.030356896548992207e+00
2.844999999999999929e+01,2.425037727558932710e-01,4.902403689713771229e+01,1.629770909828459902e-01,1.072833162346123748e-01,1.072101665616768396e-01,5.732345297156458269e-02,4.609770139969755487e-01,3.109862334384796978e-01,2.280367525645450866e-01,1.280236807776735652e+00,4.212623277781914588e+00,6.689015063471209777e-01,9.239675529794886266e-01,1.310701181175023322e+00,1.702635318070896187e+00,2.020325264052245107e+00
2.850000000000000000e+01,2.426724754124175709e-01,4.897075255252828896e+01,1.440264993644237712e-01,5.632589794418062928e-02,1.122802765086433618e-01,5.397098198352424936e-02,4.617853301083840734e-01,3.110625012424899083e-01,2.271521686491266845e-01,1.278971916366957728e+00,4.237826662419095669e+00,6.604518108671051380e-01,9.198563735294282839e-01,1.313576013722497660e+00,1.709554767005334375e+00,2.019409561196497727e+00
2.855000000000000071e+01,2.117810601256667202e-01,4.883113721653534611e+01,1.107885601436569140e-01,4.032674976863830085e-02,1.223479123455213508e-01,6.882615269513793488e-02,4.620508426524142509e-01,3.118692660130506500e-01,2.260798913345347660e-01,1.277858083521768329e+00,4.251799421337242535e+00,6.468277581852279745e-01,9.258612823127796432e-01,1.308074141449085515e+00,1.711185289441669699e+00,2.031870137788938990e+00
2.860000000000000142e+01,1.779475058563137480e-01,4.869742302843323500e+01,8.601020726667026051e-02,4.104253429783270846e-02,1.187103660935635296e-01,9.009042965910157852e-02,4.627862571417736826e-01,3.118316361040394669e-01,2.253821067541871281e-01,1.277517123527686760e+00,4.260046365535933965e+00,6.483566552142632222e-01,9.364811048324788167e-01,1.304031124420501619e+00,1.709192381940570327e+00,2.027870571276073175e+00
2.865000000000000213e+01,1.688285793650701194e-01,4.864276747384348454e+01,7.766707999432227727e-02,5.160427200809990927e-02,1.201386013536787367e-01,1.108979772094751404e-01,4.642402318003365225e-01,3.113700908700917092e-01,2.243896773295722125e-01,1.275756731687282208e+00,4.184779110726009499e+00,6.395805157089010651e-01,9.401254481589641498e-01,1.309843819331304005e+00,1.700691573831711212e+00,2.031986954161899117e+00
2.869999999999999929e+01,1.773922407391066991e-01,4.870397757523207360e+01,9.253330637917718537e-02,5.869423956710537876e-02,1.337658024557288328e-01,1.166220064671265599e-01,4.653063303397202422e-01,3.115373025729929468e-01,2.231563670872865612e-01,1.272097442436484149e+00,3.896661256721729583e+00,6.493345975387864177e-01,9.375554753423704923e-01,1.316097367191018108e+00,1.701074144652209519e+00,2.036966812935728122e+00
2.875000000000000000e+01,1.790071904390876933e-01,4.894062830255510477e+01,9.090470442064378653e-02,4.496350506101331329e-02,1.286076658533580885e-01,1.249501530731763621e-01,4.654021749445136913e-01,3.124710028623265412e-01,2.221268221931596010e-01,1.268312017100409639e+00,3.641046106254315795e+00,6.501097617778996973e-01,9.379375323324496971e-01,1.317484277847273955e+00,1.699642543482527746e+00,2.037570918668083042e+00
2.880000000000000071e+01,1.827766748470762703e-01,4.925457601005734176e+01,6.798977485607950177e-02,2.869829076281516303e-02,1.179837013226858328e-01,1.220708516640057195e-01,4.644109036639778032e-01,3.136540905840058402e-01,2.219350057520163844e-01,1.264778676898062448e+00,3.670662001916314754e+00,6.550226916446951764e-01,9.387112431564786919e-01,1.315666003712574694e+00,1.694603303770084279e+00,2.030868311239175217e+00
2.885000000000000142e+01,2.593578877931902449e-01,4.956613792461839552e+01,2.777410856933715255e-02,2.188620332636722482e-02,1.329461217939269524e-01,8.724906389392422801e-02,4.632160095562203317e-01,3.146682929489337255e-01,2.221156974948459428e-01,1.260480886809719481e+00,3.715038632060998935e+00,6.668240056582054320e-01,9.251595598499342543e-01,1.313448065604768900e+00,1.697978719204385367e+00,2.023769229861035246e+00
2.890000000000000213e+01,2.245430102659612126e-01,4.967951932767864065e+01,6.494596408775039909e-02,-6.341149390509244650e-03,1.539723262022563988e-01,7.713441444420260362e-02,4.626159228482567554e-01,3.180671549954917077e-01,2.193169221562514537e-01,1.254658598359528865e+00,3.205197475925528394e+00,6.696194556246644058e-01,9.408153199963504854e-01,1.311482336225089806e+00,1.696282648379614733e+00,2.021274345803671046e+00
2.894999999999999929e+01,2.119635327151275228e-01,4.942330404776816266e+01,8.701239570181192040e-02,-1.519017510057373357e-02,1.026050830513355328e-01,7.165865683563736599e-02,4.586834631785112748e-01,3.236730714340235737e-01,2.176434653874651515e-01,1.257291731625630460e+00,3.004470026698166318e+00,6.712997133544067463e-01,9.308228517000323166e-01,1.309868538870675669e+00,1.699706335321681472e+00,2.021567441601165083e+00
2.900000000000000000e+01,2.395665500712279017e-01,4.948544673224776602e+01,1.017697046937558469e-01,-4.778384216888436481e-02,1.170207520547237173e-01,3.839948732395986192e-02,4.562874380338760583e-01,3.261412208930378198e-01,2.175713410730860942e-01,1.259807559578876912e+00,3.104845502251695422e+00,6.683553628523529744e-01,9.320290847837549020e-01,1.311165412367427230e+00,1.693151717437241022e+00,2.022870081783110674e+00
2.905000000000000071e+01,2.483551099435199472e-01,4.967845405961399052e+01,1.118449111173496213e-01,-8.687718356236261499e-03,1.092370814796070067e-01,2.558902700282641648e-02,4.564741469175614963e-01,3.258420540984846014e-01,2.176837989839536525e-01,1.260527775467432887e+00,3.018613496854103850e+00,6.572497066936666688e-01,9.331271252654642634e-01,1.309788636355955216e+00,1.695202313985813891e+00,2.016393344839724655e+00
2.910000000000000142e+01,2.501671884208157004e-01,4.985335551172811819e+01,1.247380286837913577e-01,4.200704636175226631e-02,8.931272229989033196e-02,2.522079062697982210e-02,4.571824535532758027e-01,3.246526063695733821e-01,2.181649400771509817e-01,1.260093763213961715e+00,2.888005044513107133e+00,6.607285291836609842e-01,9.306449406327147456e-01,1.308950526542856485e+00,1.694533349443203774e+00,2.020944270762794037e+00
2.915000000000000213e+01,2.725679829549896849e-01,5.002480240098289954e+01,1.397450712480109991e-01,3.690051285939115883e-02,8.741905906410307736e-02,3.546444755057076570e-02,4.583505079806665106e-01,3.222772063651969665e-01,2.193722856541371058e-01,1.259775095799551492e+00,2.877922632345260023e+00,6.616315413538635948e-01,9.374910302340523360e-01,1.305775738446724787e+00,1.696186044464139453e+00,2.011663738895471010e+00
2.919999999999999929e+01,2.904507567243635457e-01,5.016795799421945645e+01,1.544665584675593561e-01,4.425705959448743287e-02,8.412491887843823180e-02,4.638551313101538232e-02,4.585854556435592366e-01,3.201058882421742302e-01,2.213086561142665887e-01,1.260692092902988559e+00,3.346325025235229234e+00,6.691432610252622259e-01,9.416259185042699098e-01,1.313518523261738125e+00,1.701280556443176106e+00,2.010665238885558370e+00
2.925000000000000000e+01,2.950066844680152567e-01,5.025025662468780041e+01,1.723849199300336310e-01,5.810673766660091888e-02,8.367933121875997804e-02,7.770103235884441573e-02,4.582281206740640989e-01,3.187339180939388061e-01,2.230379612319968452e-01,1.263222753158548484e+00,3.943151226486245609e+00,6.757568266657899558e-01,9.411901389497092651e-01,1.316599869929832467e+00,1.702861861064543625e+00,2.016780368408777946e+00
2.930000000000000071e+01,2.965233392381818045e-01,5.030706572177415126e+01,1.760479835533292070e-01,6.668965602949998572e-02,7.467086623761055864e-02,8.123418096881775130e-02,4.582364004067057128e-01,3.182283861940436442e-01,2.235352133992508927e-01,1.266455957082835537e+00,4.563168149153569608e+00,6.783865341009399641e-01,9.445132551848505198e-01,1.319425352161410103e+00,1.696481430450408778e+00,2.017330479684431133e+00
2.935000000000000142e+01,2.978750839364894820e-01,5.037761483514896099e+01,1.642615474289967625e-01,7.332718064436294370e-02,7.858968664732009224e-02,7.479129660525854484e-02,4.583532043328429340e-01,3.183309127881118750e-01,2.233158828790451356e-01,1.270308186888319479e+00,5.151636042397136350e+00,6.819392950538027964e-01,9.412374726011848436e-01,1.318253163033490383e+00,1.699691096526034562e+00,2.015279095762573025e+00
2.940000000000000213e+01,2.970348486946667310e-01,5.045492962008695770e+01,1.496355714763306366e-01,8.641244969680297872e-02,9.444207183123018434e-02,6.009986323422181198e-02,4.589111847812291645e-01,3.183469283187356225e-01,2.227418869000350743e-01,1.273771412234363964e+00,5.603478575937037576e+00,6.775506824440223896e-01,9.404545032200549715e-01,1.321429507816509474e+00,1.700007864020988357e+00,2.009433549758466331e+00
2.944999999999999929e+01,3.000934268359449208e-01,5.050653517513864443e+01,1.415227370208027857e-01,9.043013902997185105e-02,1.094110794259369746e-01,5.802354648246815100e-02,4.596004098927786163e-01,3.188226240338229434e-01,2.215769660733984958e-01,1.277569673901740366e+00,6.037629203133607625e+00,6.732052988101274726e-01,9.367653594567965092e-01,1.319836474700133877e+00,1.703768476497145690e+00,2.009661631515359925e+00
2.950000000000000000e+01,3.020380715912148739e-01,5.048477575079486712e+01,1.342311041102278724e-01,8.115642944366902034e-02,1.079968028303983640e-01,6.589575085306979829e-02,4.592168288836656620e-01,3.205575319304064807e-01,2.202256391859274409e-01,1.284355247789702670e+00,6.623693709054361278e+00,6.769932869652324214e-01,9.305220640195115411e-01,1.321465532507074769e+00,1.707685756747933548e+00,2.003469536101894377e+00
2.955000000000000071e+01,2.835654933249610044e-01,5.041664429162535299e+01,1.294206352949650862e-01,6.610136915188130624e-02,9.458285036083871611e-02,8.256196854493143278e-02,4.585576529471915852e-01,3.229808276118259491e-01,2.184615194409822159e-01,1.293921888043914947e+00,7.384461853041484503e+00,6.765040689574474131e-01,9.351849923812046717e-01,1.317299565891417945e+00,1.708062819554584388e+00,2.002011908141106744e+00
2.960000000000000142e+01,2.145422727218350423e-01,5.035291815706968066e+01,1.289162318153756481e-01,5.652915814494192254e-02,4.970844602529801010e-02,1.037445475144248147e-01,4.584578963313475919e-01,3.249399394103479888e-01,2.166021642583046136e-01,1.303264241445869276e+00,8.120008473974433372e+00,6.733180237309476235e-01,9.362853525807225408e-01,1.318874135961961125e+00,1.706601072035626609e+00,2.000062805710500324e+00
2.965000000000000213e+01,1.645940709229313514e-01,5.031182385068558460e+01,1.220354791574521092e-01,5.639370927259181737e-02,3.600901956621237188e-02,1.003586068335466236e-01,4.593179960787951988e-01,3.254296904998653095e-01,2.152523134213394640e-01,1.310859415176430121e+00,8.646414162591396391e+00,6.691937148897224574e-01,9.379091823248557613e-01,1.320346708786592993e+00,1.703712363625429882e+00,2.004308168646023347e+00
2.969999999999999929e+01,1.942400476070997029e-01,5.029834787616736236e+01,1.077888974567703106e-01,3.607931281910480015e-02,7.966629436551707355e-02,1.073895204310445078e-01,4.608140381455800294e-01,3.251642231397169347e-01,2.140217387147032024e-01,1.317824061856522899e+00,9.113692756436687858e+00,6.649197235662909211e-01,9.280239900138181897e-01,1.308718052856102876e+00,1.702107592429555449e+00,2.010046670580285522e+00
2.975000000000000000e+01,2.583836022487522310e-01,5.031183168001404482e+01,1.049275183227948161e-01,1.258851279523727669e-02,1.463430084813047705e-01,8.606820007379978321e-02,4.613488611875140588e-01,3.252038743530196729e-01,2.134472644594661572e-01,1.323260686363569638e+00,9.810194131966913034e+00,6.812657164696522827e-01,9.233858275670898674e-01,1.308187057233534123e+00,1.704518869456671748e+00,2.006846076466349604e+00
2.980000000000000071e+01,2.676361878570846509e-01,5.029937479383539767e+01,6.982693911553206068e-02,-6.806585876304794766e-03,1.277099902241726204e-01,1.146939243287879995e-01,4.600150613745672690e-01,3.253501703922759836e-01,2.146347682331565254e-01,1.300463033167797100e+00,6.670956891372918918e+00,6.680408171968013065e-01,9.202748757924410494e-01,1.307232326467660632e+00,1.708547621134318018e+00,2.013894034273262523e+00
2.985000000000000142e+01,2.079021811973314759e-01,5.029273922384463447e+01,1.340260518989584149e-01,-4.121456545157729801e-02,5.581627578203747497e-02,6.981702261123402808e-02,4.587942539216742777e-01,3.283419590954712586e-01,2.128637869828547691e-01,1.278686996894446537e+00,3.942946346573077410e+00,6.530697273941881154e-01,9.189665844578601694e-01,1.317976553940151341e+00,1.709631157357939912e+00,2.029076376136514259e+00
2.990000000000000213e+01,2.288106318990995314e-01,4.955352002290155156e+01,2.267636572214911383e-01,-1.098957615978128763e-03,8.226417909703191700e-02,3.879309505148494097e-02,4.553100515622061639e-01,3.343257937819310577e-01,2.103641546558624731e-01,1.274839359263397975e+00,3.110920186041538305e+00,6.461452252833730370e-01,9.328470134979878203e-01,1.313018166868975101e+00,1.702633474566370264e+00,2.025600028953586929e+00
2.994999999999999929e+01,2.540101910018988107e-01,4.878330082439949678e+01,6.991746990560337993e-02,2.491204795473592887e-02,1.537136737444798895e-01,3.281959556265213324e-02,4.477520225901365225e-01,3.408405100575458424e-01,2.114074673523175518e-01,1.277039182816003482e+00,3.009964965286954897e+00,6.612986898785544465e-01,9.334229134752362045e-01,1.310025913965263689e+00,1.705882018310361348e+00,2.017544814690978683e+00
3.000000000000000000e+01,2.272673259321372485e-01,4.826581588482082452e+01,7.775183425550577510e-02,4.392940668600273102e-02,7.888726973537082965e-02,4.896123068282746960e-02,4.514298071987071226e-01,3.403065492932154101e-01,2.082636435080780501e-01,1.281160170559653588e+00,2.513135118608169627e+00,6.520688119913172764e-01,9.342157679971402340e-01,1.316265889808004630e+00,1.703374240797803640e+00,2.027256093177288943e+00
