t,cyc0,cyc1,cyc2,cyc3,total0,total1,total2,total3,rg2,rg2dot,length,b0,b1,b2,b3,a0_over_Rg,a1_over_Rg,a2_over_Rg,a3_over_Rg
0.000000000000000000e+00,4.430088114713121722e-02,4.022682116704996008e-02,6.687025761169192173e-02,5.891911453611303057e-02,5.118492081346856515e-02,-1.913673097790806743e-01,7.964827809235770772e-02,-2.116344333579793860e-02,9.999999999999997780e-01,-1.459758360958142986e-01,1.034215694928354168e+01,2.249999999999999917e-02,2.249999999999999917e-02,2.249999999999999917e-02,2.249999999999999917e-02,1.500000000000000222e-01,1.500000000000000222e-01,1.500000000000000222e-01,1.500000000000000222e-01
2.500000000000000052e-03,4.423707899569538637e-02,4.029959902272056693e-02,6.693905178624379171e-02,5.906110448262565787e-02,5.183052107063001318e-02,-1.906398785791512118e-01,7.971461986196641536e-02,-1.993111999678646301e-02,9.996354595245378061e-01,-1.456565140367926114e-01,1.034222819031336549e+01,2.249810281064379067e-02,2.251174674994458128e-02,2.249651826376029840e-02,2.250215583897278299e-02,1.500210227621352754e-01,1.500665058748281155e-01,1.500157396604486215e-01,1.500345352809071831e-01
5.000000000000000104e-03,4.417324389070081264e-02,4.037237680616675983e-02,6.700762077886923684e-02,5.920151832168134287e-02,5.247567666788577334e-02,-1.899138160070749926e-01,7.978063755942635393e-02,-1.869897161711886122e-02,9.992717175806283825e-01,-1.453370110033894436e-01,1.034231550519290721e+01,2.249616956999498166e-02,2.252345818919368470e-02,2.249303349965268983e-02,2.250424246361591371e-02,1.500418777386977320e-01,1.501328531097006203e-01,1.500314191074741677e-01,1.500687970652350434e-01
7.499999999999999722e-03,4.410937784141843315e-02,4.044515406280645847e-02,6.707596493247541813e-02,5.934034432272988074e-02,5.312038204227050725e-02,-1.891891112481860204e-01,7.984633148272700376e-02,-1.746703463347791183e-02,9.989087746195750572e-01,-1.450173279058950548e-01,1.034241887704597573e+01,2.249420031415323012e-02,2.253513433517894543e-02,2.248954572764558235e-02,2.250625986860051858e-02,1.500625648561023096e-01,1.501990416389420990e-01,1.500470382911062994e-01,1.501027851164226934e-01
1.000000000000000021e-02,4.404548285765523541e-02,4.051793033293186325e-02,6.714408459074026891e-02,5.947757094548652979e-02,5.376463163498779868e-02,-1.884657535421044583e-01,7.991170193215406392e-02,-1.623534531609835754e-02,9.985466310903762244e-01,-1.446974656767330003e-01,1.034253828892039095e+01,2.249219507969379625e-02,2.254677520504386884e-02,2.248605496767960149e-02,2.250820805128569968e-02,1.500830840425468327e-01,1.502650713958033624e-01,1.500625971615563992e-01,1.501364992063630999e-01
1.250000000000000069e-02,4.398156094951442135e-02,4.059070515170863647e-02,6.721198009815199104e-02,5.961318684157546066e-02,5.440841989355699182e-02,-1.877437321832424177e-01,7.997674921032282835e-02,-1.500393976025111466e-02,9.981852874396732744e-01,-1.443774252701542360e-01,1.034267372378840832e+01,2.249015390366659872e-02,2.255838081564467273e-02,2.248256123966745415e-02,2.251008701170957929e-02,1.501034352280170847e-01,1.503309423124720712e-01,1.500780956692220613e-01,1.501699391153859253e-01
1.499999999999999944e-02,4.391761412715434326e-02,4.066347804917555542e-02,6.727965180004692736e-02,5.974718085611398916e-02,5.505174127395357636e-02,-1.870230365212877943e-01,8.004147362221003537e-02,-1.377285387786196698e-02,9.978247441116941951e-01,-1.440572076619295872e-01,1.034282516454718426e+01,2.248807682359513574e-02,2.256995118355116861e-02,2.247906456349377594e-02,2.251189675257974851e-02,1.501236183442917760e-01,1.503966543200838113e-01,1.500935337646920331e-01,1.502031046322390428e-01
1.750000000000000167e-02,4.385364440054730778e-02,4.073624855024542829e-02,6.734710004264618521e-02,5.987954202923867486e-02,5.569459024274204390e-02,-1.863036559616636778e-01,8.010587547518399631e-02,-1.254212338927025196e-02,9.974650015482013909e-01,-1.437368138490401070e-01,1.034299259401928239e+01,2.248596387747528458e-02,2.258148632504770187e-02,2.247556495901499932e-02,2.251363727926316075e-02,1.501436333249466515e-01,1.504622073487332790e-01,1.501089113987507662e-01,1.502359955540676639e-01
2.000000000000000042e-02,4.378965377923708935e-02,4.080901617470644727e-02,6.741432517309027539e-02,6.001025959757302908e-02,5.633696127919881474e-02,-1.855855799659658356e-01,8.016995507903254548e-02,-1.131178381513274489e-02,9.971060601884385033e-01,-1.434162448493663811e-01,1.034317599495326867e+01,2.248381510377396586e-02,2.259298625613413367e-02,2.247206244605919404e-02,2.251530859977543889e-02,1.501634801053584600e-01,1.505276013274853553e-01,1.501242285223831074e-01,1.502686116863922450e-01
2.249999999999999917e-02,4.372564427209607585e-02,4.088178043722478366e-02,6.748132753947284901e-02,6.013932299563814338e-02,5.697884887742516585e-02,-1.848687980523768537e-01,8.023371274599030989e-02,-1.008187046847467370e-02,9.967479204690790073e-01,-1.430955017013756936e-01,1.034337535002431707e+01,2.248163054142768291e-02,2.260445099252687134e-02,2.246855704442592833e-02,2.251691072476963429e-02,1.501831586227081738e-01,1.505928361843865970e-01,1.501394850867787956e-01,1.503009528430838959e-01
2.500000000000000139e-02,4.366161788708215058e-02,4.095454084734761330e-02,6.754810749087267197e-02,6.026672185720627350e-02,5.762024754844786989e-02,-1.841532997960582396e-01,8.029714879076356449e-02,-8.852418446894669626e-03,9.963905828241739204e-01,-1.427745854638085010e-01,1.034359064183490418e+01,2.247941022984094664e-02,2.261588054965993008e-02,2.246504877388611973e-02,2.251844366752443413e-02,1.502026688159840973e-01,1.506579118464764500e-01,1.501546810433371515e-01,1.503330188463387618e-01
2.750000000000000014e-02,4.359757663099476932e-02,4.102729690950743940e-02,6.761466537738386462e-02,6.039244601659815581e-02,5.826115182230735129e-02,-1.834390748295192941e-01,8.036026353055338023e-02,-7.623462624925624390e-03,9.960340476851028413e-01,-1.424534972153629619e-01,1.034382185291552680e+01,2.247715420888455468e-02,2.262727494268605352e-02,2.246153765418188245e-02,2.251990744393182406e-02,1.502220106259840315e-01,1.507228282397988506e-01,1.501698163436712974e-01,1.503648095266499340e-01
2.999999999999999889e-02,4.353352250923125943e-02,4.110004812302679028e-02,6.768100155014529495e-02,6.051648550992533987e-02,5.890155625013067386e-02,-1.827261128429646386e-01,8.042305728507770368e-02,-6.395037646555210530e-03,9.956783154805247671e-01,-1.421322380543787456e-01,1.034406896572549606e+01,2.247486251889376646e-02,2.263863418647786563e-02,2.245802370502638159e-02,2.252130207248422694e-02,1.502411839953173844e-01,1.507875852894136615e-01,1.501848909396126530e-01,1.503963247227781963e-01
3.250000000000000111e-02,4.346945752554255693e-02,4.117279398212417979e-02,6.774711636136789006e-02,6.063883057627698220e-02,5.954145540618958204e-02,-1.820144035846197050e-01,8.048553037659141041e-02,-5.167177917910816161e-03,9.953233866363273563e-01,-1.418108090985197300e-01,1.034433196265374555e+01,2.247253520066633606e-02,2.264995829562906418e-02,2.245450694610368059e-02,2.252262757426112122e-02,1.502601888684065856e-01,1.508521829194083563e-01,1.501999047832153766e-01,1.504275642817207992e-01
3.500000000000000333e-02,4.340538368178897821e-02,4.124553397592061604e-02,6.781301016436093454e-02,6.075947165885350887e-02,6.018084388994126427e-02,-1.813039368610338820e-01,8.054768312990472079e-02,-3.939917600110349680e-03,9.949692615755812986e-01,-1.414892114844554238e-01,1.034461082601973025e+01,2.247017229546044090e-02,2.266124728445565589e-02,2.245098739706858845e-02,2.252388397291513883e-02,1.502790251914882247e-01,1.509166210529097052e-01,1.502148578267606116e-01,1.504585280586786533e-01
3.749999999999999861e-02,4.334130297769634571e-02,4.131826758844719949e-02,6.787868331355670359e-02,6.087839940604646699e-02,6.081971632805125566e-02,-1.805947025373630666e-01,8.060951587240018645e-02,-2.713290602283657989e-03,9.946159407184914647e-01,-1.411674463675420821e-01,1.034490553807433777e+01,2.246777384499247868e-02,2.267250116699721929e-02,2.244746507754650719e-02,2.252507129465766700e-02,1.502976929126135230e-01,1.509808996120954872e-01,1.502297500227606497e-01,1.504892159170219401e-01
4.000000000000000083e-02,4.327721741061162086e-02,4.139099429865335245e-02,6.794413616453372218e-02,6.099560467246674389e-02,6.145806737639686324e-02,-1.798866905376300396e-01,8.067102893404809461e-02,-1.487330574765376385e-03,9.942634244823518319e-01,-1.408455149215023794e-01,1.034521608100086354e+01,2.246533989143474283e-02,2.268371995701821964e-02,2.244394000713328258e-02,2.252618956824397126e-02,1.503161919816484449e-01,1.510450185182064253e-01,1.502445813239631778e-01,1.505196277282538908e-01
4.250000000000000305e-02,4.321312897525936281e-02,4.146371358041592986e-02,6.800936907403870579e-02,6.111107851992089723e-02,6.209589172205055158e-02,-1.791798908449650229e-01,8.073222264742013765e-02,-2.620709024640564908e-04,9.939117132814991873e-01,-1.405234183381054436e-01,1.034554243691603403e+01,2.246287047741298351e-02,2.269490366800934120e-02,2.244041220539504458e-02,2.252723882495781885e-02,1.503345223502734751e-01,1.511089776915577887e-01,1.502593516833554688e-01,1.505497633719734829e-01
4.499999999999999833e-02,4.314903966349834669e-02,4.153642490254920439e-02,6.807438240000666940e-02,6.122481221833742104e-02,6.273318408524121426e-02,-1.784742935018238386e-01,8.079309734770162565e-02,9.624553015917907935e-04,9.935608075272686079e-01,-1.402011578268451963e-01,1.034588458787106724e+01,2.246036564600385754e-02,2.270605231318887501e-02,2.243688169186805817e-02,2.252821909859564764e-02,1.503526839719826758e-01,1.511727770515516323e-01,1.502740610541683508e-01,1.505796227358359718e-01
4.750000000000000056e-02,4.308495146407853582e-02,4.160912772881585064e-02,6.813917650158048123e-02,6.133679724664350963e-02,6.336993922129280365e-02,-1.777698886101876374e-01,8.085365337270222774e-02,2.186215202527712950e-03,9.932107076279500513e-01,-1.398787346146193600e-01,1.034624251585276156e+01,2.245782544073224654e-02,2.271716590550410669e-02,2.243334848605856718e-02,2.252913042545028055e-02,1.503706768020825757e-01,1.512364165166885099e-01,1.502887093898802318e-01,1.506092057155125341e-01
5.000000000000000278e-02,4.302086636239864370e-02,4.168182151793837359e-02,6.820375173912797406e-02,6.144702529359338111e-02,6.400615192253922281e-02,-1.770666663317400913e-01,8.091389106286507593e-02,3.409176249715901042e-03,9.928614139887436130e-01,-1.395561499454071874e-01,1.034661620278467709e+01,2.245524990556848136e-02,2.272824445763277357e-02,2.242981260744264169e-02,2.252997284429417851e-02,1.503885007976904775e-01,1.512998960045796037e-01,1.503032966442212348e-01,1.506385122146479960e-01
5.249999999999999806e-02,4.295678634026451476e-02,4.175450572361166790e-02,6.826810847425850148e-02,6.155548825854906952e-02,6.464181702021412623e-02,-1.763646168880268483e-01,8.097381076127418975e-02,4.631306182683656361e-03,9.925129270117203362e-01,-1.392334050799481360e-01,1.034700563052830447e+01,2.245263908492542773e-02,2.273928798198451839e-02,2.242627407546602183e-02,2.253074639636227020e-02,1.504061559177322094e-01,1.513632154319586309e-01,1.503178227711768622e-01,1.506675421448172569e-01
5.500000000000000028e-02,4.289271337564810188e-02,4.182717979451631984e-02,6.833224706983757890e-02,6.166217825221512183e-02,6.527692938631445008e-02,-1.756637305605934507e-01,8.103341281366081839e-02,5.852573036837677677e-03,9.921652470957770253e-01,-1.389105012954193197e-01,1.034741078088430122e+01,2.244999302365548871e-02,2.275029649070238816e-02,2.242273290954396869e-02,2.253145112533435843e-02,1.504236421229398213e-01,1.514263747146940564e-01,1.503322877249920198e-01,1.506962954254805753e-01
5.750000000000000250e-02,4.282864944244729744e-02,4.189984317433267935e-02,6.839616789000056707e-02,6.176708759732811582e-02,6.591148393543708184e-02,-1.749639976911052663e-01,8.109269756840799259e-02,7.072945149001075120e-03,9.918183746365987208e-01,-1.385874398851133782e-01,1.034783163559375652e+01,2.244731176704747519e-02,2.276126999566436757e-02,2.241918912906110117e-02,2.253208707731711030e-02,1.504409593758483377e-01,1.514893737678010277e-01,1.503466914601747639e-01,1.507247719839369948e-01
5.999999999999999778e-02,4.276459651024693692e-02,4.197249530175575088e-02,6.845987130016464861e-02,6.187020882930144988e-02,6.654547562658727489e-02,-1.742654086814471037e-01,8.115166537655348067e-02,8.292391162763314630e-03,9.914723100266160660e-01,-1.382642221581168174e-01,1.034826817633952167e+01,2.244459536082338627e-02,2.277220850848491948e-02,2.241564275337124684e-02,2.253265430082564483e-02,1.504581076407926210e-01,1.515522125054536984e-01,1.503610339315000488e-01,1.507529717552769377e-01
6.250000000000000000e-02,4.270055654408055901e-02,4.204513561051098636e-02,6.852335766703979147e-02,6.197153469682808308e-02,6.717889946495748943e-02,-1.735679539938052851e-01,8.121031659179184237e-02,9.510880033641928855e-03,9.911270536549686705e-01,-1.379408494389882944e-01,1.034872038474754063e+01,2.244184385113506819e-02,2.278311204051656005e-02,2.241209380179728580e-02,2.253315284676474239e-02,1.504750868839033473e-01,1.516148908409971074e-01,1.503753150940133898e-01,1.507808946823331886e-01
6.500000000000000222e-02,4.263653150419365739e-02,4.211776352937070950e-02,6.858662735863785276e-02,6.207105816244047614e-02,6.781175050367653501e-02,-1.728716241507297080e-01,8.126865157047417909e-02,1.072838103405394927e-02,9.907826059074654745e-01,-1.376173230674368198e-01,1.034918824238823021e+01,2.243905728456077608e-02,2.279398060285146854e-02,2.240854229363100497e-02,2.253358276840966914e-02,1.504918970731028149e-01,1.516774086869595306e-01,1.503895349030345274e-01,1.508085407156306845e-01
6.750000000000000444e-02,4.257252334580799435e-02,4.219037848217144226e-02,6.864968074428109968e-02,6.216877240303039787e-02,6.844402384552779328e-02,-1.721764097351790312e-01,8.132667067160724572e-02,1.194486375809817279e-02,9.904389671665470019e-01,-1.372936443980009857e-01,1.034967173077791180e+01,2.243623570810164211e-02,2.280481420632309714e-02,2.240498824813292808e-02,2.253394412138664052e-02,1.505085381781004206e-01,1.517397659550644984e-01,1.504036933141610355e-01,1.508359098133352783e-01
7.000000000000000666e-02,4.250853401888728816e-02,4.226297988783211251e-02,6.871251819460874599e-02,6.226467081032914519e-02,6.907571464463400923e-02,-1.714823013905473481e-01,8.138437425685092486e-02,1.316029812614754116e-02,9.900961378112500544e-01,-1.369698147997284177e-01,1.035017083138026983e+01,2.243337916917802211e-02,2.281561286150782589e-02,2.240143168453218384e-02,2.253423696365293438e-02,1.505250101703874410e-01,1.518019625562430641e-01,1.504177902832717906e-01,1.508630019412010026e-01
7.249999999999999500e-02,4.244456546790465606e-02,4.233556716037276124e-02,6.877514008158236436e-02,6.235874699134912741e-02,6.970681810811102386e-02,-1.707892898206724575e-01,8.144176269051382755e-02,1.437465438924971813e-02,9.897541182171704088e-01,-1.366458356558558351e-01,1.035068552560782251e+01,2.243048771562577287e-02,2.282637657872662110e-02,2.239787262202633245e-02,2.253446135547665374e-02,1.505413130232316765e-01,1.518639984006459331e-01,1.504318257665303860e-01,1.508898170725163912e-01
7.499999999999999722e-02,4.238061963161103562e-02,4.240813970893421436e-02,6.883754677849035497e-02,6.245099476878863964e-02,7.033732949768606302e-02,-1.700973657898287306e-01,8.149883633954824180e-02,1.558790313333920964e-02,9.894129087564286218e-01,-1.363217083634897797e-01,1.035121579482344956e+01,2.242756139569240456e-02,2.283710536804672148e-02,2.239431107978123031e-02,2.253461735941618069e-02,1.505574467116716220e-01,1.519258733976555364e-01,1.504457997203887121e-01,1.509163551880497445e-01
7.749999999999999944e-02,4.231669844280597226e-02,4.248069693779857325e-02,6.889973865995056845e-02,6.254140818140040137e-02,7.096724413128238651e-02,-1.694065201227015760e-01,8.155559557354323530e-02,1.680001528325689511e-02,9.890725097976351687e-01,-1.359974343332880919e-01,1.035176162034194647e+01,2.242460025803315674e-02,2.284779923928334164e-02,2.239074707693087044e-02,2.253470504029929378e-02,1.505734112125102497e-01,1.519875874558983819e-01,1.504597121015901484e-01,1.509426162759932299e-01
8.000000000000000167e-02,4.225280382810968349e-02,4.255323824641029512e-02,6.896171610191208223e-02,6.262998148432555312e-02,7.159655738456773000e-02,-1.687167437043448903e-01,8.161204076471656466e-02,1.801096210658181471e-02,9.887329217058578035e-01,-1.356730149891425263e-01,1.035232298343160195e+01,2.242160435170697727e-02,2.285845820200139294e-02,2.238718063257723670e-02,2.253472446520199401e-02,1.505892065043083206e-01,1.520491404832569893e-01,1.504735628671730052e-01,1.509686003319057612e-01
8.250000000000000389e-02,4.218893770773713553e-02,4.262576302939813377e-02,6.902347948165532543e-02,6.271670914939417307e-02,7.222526469246688674e-02,-1.680280274801240759e-01,8.166817228790500260e-02,1.922071521727231058e-02,9.883941448425875853e-01,-1.353484517678620880e-01,1.035289986531579487e+01,2.241857372617242147e-02,2.286908226551721823e-02,2.238361176579014428e-02,2.253467570342703244e-02,1.506048325673775556e-01,1.521105323868822135e-01,1.504873519744736043e-01,1.509943073586553497e-01
8.500000000000000611e-02,4.212510199527413901e-02,4.269827067659769798e-02,6.908502917779149599e-02,6.280158586539311139e-02,7.285336155063705521e-02,-1.673403624556407676e-01,8.172399052055388802e-02,2.042924657911858108e-02,9.880561795657086810e-01,-1.350237461188573684e-01,1.035349224717465511e+01,2.241550843128344017e-02,2.287967143890035082e-02,2.238004049560710779e-02,2.253455882648216016e-02,1.506202893837731427e-01,1.521717630732052629e-01,1.505010793811296377e-01,1.510197373663599296e-01
8.750000000000000833e-02,4.206129859745517258e-02,4.277076057307495349e-02,6.914636557026004882e-02,6.288460653830298119e-02,7.348084351690532812e-02,-1.666537396966441265e-01,8.177949584270489958e-02,2.163652850900815022e-02,9.877190262294656131e-01,-1.346988995038261860e-01,1.035410011014670850e+01,2.241240851728510883e-02,2.289022573097527005e-02,2.237646684103318170e-02,2.253437390805812165e-02,1.506355769372861586e-01,1.522328324479497452e-01,1.505147450450831925e-01,1.510448903723278224e-01
8.999999999999999667e-02,4.199752941394398892e-02,4.284323209915020386e-02,6.920748904032555937e-02,6.296576629150531235e-02,7.410770621266812852e-02,-1.659681503289247573e-01,8.183468863698267759e-02,2.284253368000365575e-02,9.873826851844338393e-01,-1.343739133964405030e-01,1.035472343533056794e+01,2.240927403480926297e-02,2.290074515032318805e-02,2.237289082104081464e-02,2.253412102400637052e-02,1.506506952134354649e-01,1.522937404161439634e-01,1.505283489245839434e-01,1.510697664009968688e-01
9.249999999999999889e-02,4.193379633711557392e-02,4.291568463042286230e-02,6.926839997057296361e-02,6.304506046596042301e-02,7.473394532425116366e-02,-1.652835855381956098e-01,8.188956928858000250e-02,2.404723512423551091e-02,9.870471567774897759e-01,-1.340487892820343974e-01,1.035536220378665107e+01,2.240610503487004690e-02,2.291122970528384345e-02,2.236931245456970710e-02,2.253380025231655967e-02,1.506656441994593254e-01,1.523544868821326836e-01,1.505418909781920944e-01,1.510943654838729500e-01
9.500000000000000111e-02,4.187010125184122827e-02,4.298811753779705619e-02,6.932909874490175706e-02,6.312248462035861818e-02,7.535955660422961888e-02,-1.646000365699563650e-01,8.194413818524219628e-02,2.525060623561041148e-02,9.867124413517828208e-01,-1.337235286572935888e-01,1.035601639653891404e+01,2.240290156885939646e-02,2.292167940395729853e-02,2.236573176052666229e-02,2.253341167309379570e-02,1.506804238843067190e-01,1.524150717495894591e-01,1.505553711647813764e-01,1.511186876594675932e-01
9.750000000000000333e-02,4.180644603527543246e-02,4.306053018750764794e-02,6.938958574851901429e-02,6.319803453124417381e-02,7.598453587270824483e-02,-1.639174947293454698e-01,8.199839571725001108e-02,2.645262077233676012e-02,9.863785392467061541e-01,-1.333981330299463530e-01,1.035668599457661188e+01,2.239966368854244202e-02,2.293209425420576070e-02,2.236214875778545427e-02,2.253295536853566761e-02,1.506950342586282077e-01,1.524754949215282873e-01,1.505687894435419616e-01,1.511427329732349389e-01
1.000000000000000056e-01,4.174283255664567455e-02,4.313292194114708850e-02,6.944986136793108999e-02,6.327170619311456301e-02,7.660887901856054671e-02,-1.632359513809765461e-01,8.205234227740089425e-02,2.765325285926882246e-02,9.860454507978705374e-01,-1.330726039184562670e-01,1.035737097885606239e+01,2.239639144605284210e-02,2.294247426365539702e-02,2.235856346518667534e-02,2.253243142290908135e-02,1.507094753147666388e-01,1.525357563003159056e-01,1.505821457739834057e-01,1.511665014775077642e-01
1.025000000000000078e-01,4.167926267704434584e-02,4.320529215569311743e-02,6.950992599093412661e-02,6.334349581849565980e-02,7.723258200062635415e-02,-1.625553979487625589e-01,8.210597826098971208e-02,2.885247699007249117e-02,9.857131763370770017e-01,-1.327469428517157879e-01,1.035807133030247229e+01,2.239308489388803364e-02,2.295281943969816954e-02,2.235497590153760067e-02,2.253183992252688270e-02,1.507237470467474305e-01,1.525958557876834765e-01,1.505954401159374512e-01,1.511899932314330064e-01
1.049999999999999961e-01,4.161573824922377290e-02,4.327764018353663644e-02,6.956978000660371531e-02,6.341339983799366975e-02,7.785564084886795189e-02,-1.618758259157261625e-01,8.215930406578801637e-02,3.005026802921171095e-02,9.853817161922926449e-01,-1.324211513687425512e-01,1.035878702981172772e+01,2.238974408490442686e-02,2.296312978949368103e-02,2.235138608561204610e-02,2.253118095572429966e-02,1.507378494502684962e-01,1.526557932847384669e-01,1.506086724295606638e-01,1.512132083009063988e-01
1.074999999999999983e-01,4.155226111739365041e-02,4.334996537251072091e-02,6.962942380528300279e-02,6.348141490032567502e-02,7.847805166548280087e-02,-1.611972268237972516e-01,8.221232009202203428e-02,3.124660121376132346e-02,9.850510706876235423e-01,-1.320952310183767242e-01,1.035951805825224348e+01,2.238636907231254108e-02,2.297340531997101379e-02,2.234779403615023627e-02,2.253045461283522191e-02,1.507517825226900865e-01,1.527155686919766109e-01,1.506218426753373474e-01,1.512361467585067731e-01
1.100000000000000006e-01,4.148883311702125654e-02,4.342226706591983953e-02,6.968885777856979880e-02,6.354753787232932105e-02,7.909981062597519486e-02,-1.605195922735980774e-01,8.226502674234963119e-02,3.244145215504564556e-02,9.847212401432923201e-01,-1.317691833589801076e-01,1.036026439646681574e+01,2.238295990967206078e-02,2.298364603783058235e-02,2.234419977185866241e-02,2.252966098616831017e-02,1.507655462630241583e-01,1.527751819092935948e-01,1.506349508140820415e-01,1.512588086834295020e-01
1.125000000000000028e-01,4.142545607463489488e-02,4.349454460257001776e-02,6.974808231930268443e-02,6.361176583895261638e-02,7.972091398018327224e-02,-1.598429139242164843e-01,8.231742442183609398e-02,3.363479684010578508e-02,9.843922248756136195e-01,-1.314430099581375966e-01,1.036102602527447303e+01,2.237951665088683956e-02,2.299385194954599657e-02,2.234060331140995392e-02,2.252880016998295293e-02,1.507791406719235228e-01,1.528346328359968809e-01,1.506479968069422692e-01,1.512811941614194966e-01
1.150000000000000050e-01,4.136213180762981362e-02,4.356679731679942436e-02,6.980709782154587151e-02,6.367409610322585789e-02,8.034135805326286794e-02,-1.591671834929674068e-01,8.236951353792887343e-02,3.482661163299854978e-02,9.840640251969727803e-01,-1.311167123923604183e-01,1.036180292547237869e+01,2.237603935019985210e-02,2.300402306136591427e-02,2.233700467344274312e-02,2.252787226046509828e-02,1.507925657516706319e-01,1.528939213708171707e-01,1.506609806154009523e-01,1.513033032847035941e-01
1.175000000000000072e-01,4.129886212407743451e-02,4.363902453850946467e-02,6.986590468057271575e-02,6.373452618621509858e-02,8.096113924662816375e-02,-1.584923927551422362e-01,8.242129450043116090e-02,3.601687327592972832e-02,9.837366414158023042e-01,-1.307902922467909512e-01,1.036259507783769962e+01,2.237252806218808718e-02,2.301415937931591479e-02,2.233340387656153336e-02,2.252687735570294003e-02,1.508058215061662544e-01,1.529530474119202843e-01,1.506739022012790474e-01,1.513251361519227234e-01
1.199999999999999956e-01,4.123564882253757946e-02,4.371122559319666478e-02,6.992450329284885524e-02,6.379305382696009996e-02,8.158025403884749949e-02,-1.578185335437489456e-01,8.247276772147435486e-02,3.720555889022252039e-02,9.834100738365613159e-01,-1.304637511149102924e-01,1.036340246312953717e+01,2.236898284175738508e-02,2.302426090920036209e-02,2.232980093933657414e-02,2.252581555566249977e-02,1.508189079409178734e-01,1.530120108569186232e-01,1.506867615267379612e-01,1.513466928680631818e-01
1.224999999999999978e-01,4.117249369187393065e-02,4.378339980198495823e-02,6.998289405601346158e-02,6.384967698239610301e-02,8.219869898649526108e-02,-1.571455977492396683e-01,8.252393361548956974e-02,3.839264597712595262e-02,9.830843227597156897e-01,-1.301370905982473514e-01,1.036422506209083672e+01,2.236540374413723345e-02,2.303432765660427123e-02,2.232619588030373622e-02,2.252468696216309088e-02,1.508318250630277524e-01,1.530708116028825505e-01,1.506995585542819649e-01,1.513679735443878571e-01
1.250000000000000000e-01,4.110939851107255766e-02,4.385554648165842367e-02,7.004107736885985258e-02,6.390439382726105511e-02,8.281647072495892936e-02,-1.564735773192288126e-01,8.257479259917800685e-02,3.957811241846462963e-02,9.827593884817169556e-01,-1.298103123060903863e-01,1.036506285545030082e+01,2.236179082487551109e-02,2.304435962689518891e-02,2.232258871796437630e-02,2.252349167885270634e-02,1.508445728811807496e-01,1.531294495463521033e-01,1.507122932467605259e-01,1.513889782983668664e-01
1.275000000000000022e-01,4.104636504906379602e-02,4.392766494469486915e-02,7.009905363131496703e-02,6.395720275398968091e-02,8.343356596920166457e-02,-1.558024642582024888e-01,8.262534509148038164e-02,4.076193647713317880e-02,9.824352712949847577e-01,-1.294834178552007886e-01,1.036591582392434141e+01,2.235814413983318663e-02,2.305435682522505303e-02,2.231897947078522251e-02,2.252222981118330233e-02,1.508571514056320506e-01,1.531879245833480951e-01,1.507249655673706112e-01,1.514097072536079169e-01
1.300000000000000044e-01,4.098339506454752590e-02,4.399975449929949961e-02,7.015682324441781248e-02,6.400810237259446644e-02,8.404998151447977406e-02,-1.551322506272158896e-01,8.267559151354521296e-02,4.194409679743860836e-02,9.821119714878872031e-01,-1.291564088695288937e-01,1.036678394821902316e+01,2.235446374517898599e-02,2.306431925653207315e-02,2.231536815719825650e-02,2.252090146638601603e-02,1.508695606481944840e-01,1.532462366093836070e-01,1.507375754796590750e-01,1.514301605397863626e-01
1.325000000000000067e-01,4.092049030582178143e-02,4.407181444943938237e-02,7.021438661029684447e-02,6.405709151053472217e-02,8.466571423701520216e-02,-1.544629285435843158e-01,8.272553228869633513e-02,4.312457240529259106e-02,9.817894893447242088e-01,-1.288292869799325113e-01,1.036766720903200145e+01,2.235074969738401127e-02,2.307424692554259013e-02,2.231175479560058156e-02,2.251950675344632086e-02,1.508818006222258368e-01,1.533043855194751448e-01,1.507501229475246840e-01,1.514503382925748431e-01
1.350000000000000089e-01,4.085765251061471842e-02,4.414384409487819710e-02,7.027174413214627713e-02,6.410416921257490463e-02,8.528076109462293108e-02,-1.537944901805633202e-01,8.277516784239914716e-02,4.430334270825809356e-02,9.814678251457099600e-01,-1.285020538238971499e-01,1.036856558705449771e+01,2.234700205321632493e-02,2.308413983677295653e-02,2.230813940435432199e-02,2.251804578307911239e-02,1.508938713426158651e-01,1.533623712081537971e-01,1.507626079352204773e-01,1.514702406535727297e-01
1.375000000000000111e-01,4.079488340592024587e-02,4.421584273121172137e-02,7.032889621420156112e-02,6.414933474063286289e-02,8.589511912729347332e-02,-1.531269277670219697e-01,8.282449860222625138e-02,4.548038749545201681e-02,9.811469791669573670e-01,-1.281747110452594596e-01,1.036947906297325339e+01,2.234322086973551322e-02,2.309399799453138932e-02,2.230452200178649827e-02,2.251651866770377694e-02,1.509057728257729436e-01,1.534201935694764485e-01,1.507750304073556258e-01,1.514898677702353758e-01
1.400000000000000133e-01,4.073218470783711298e-02,4.428780964990329527e-02,7.038584326171372363e-02,6.419258757361796797e-02,8.650878545773015016e-02,-1.524602335871075298e-01,8.287352499782196791e-02,4.665568693730835770e-02,9.808269516804614119e-01,-1.278472602939322300e-01,1.037040761747249107e+01,2.233940620428720089e-02,2.310382140291984687e-02,2.230090260618891596e-02,2.251492552141919762e-02,1.509175050896109649e-01,1.534778524970366875e-01,1.507873903288978745e-01,1.515092197958032849e-01
1.425000000000000155e-01,4.066955812141158366e-02,4.435974413832018126e-02,7.044258568092273687e-02,6.423392740726135974e-02,8.712175729184093442e-02,-1.517943999799020172e-01,8.292224746086587772e-02,4.782922158520433453e-02,9.805077429540858258e-01,-1.275197032256326357e-01,1.037135123123588443e+01,2.233555811449754874e-02,2.311361006583587119e-02,2.229728123581806165e-02,2.251326645997874659e-02,1.509290681535355449e-01,1.535353478839756869e-01,1.507996876651751528e-01,1.515282968892305848e-01
1.449999999999999900e-01,4.060700534048376081e-02,4.443164547976999335e-02,7.049912387902999844e-02,6.427335415393790885e-02,8.773403191918562050e-02,-1.511294193390729512e-01,8.297066642503558853e-02,4.900097237095303593e-02,9.801893532515471019e-01,-1.271920415016123962e-01,1.037230988494855488e+01,2.233167665826773715e-02,2.312336398697446491e-02,2.229365790889498850e-02,2.251154160076526689e-02,1.509404620384305618e-01,1.535926796229933333e-01,1.508119223818779053e-01,1.515470992151142504e-01
1.474999999999999922e-01,4.054452804753761602e-02,4.450351295353764669e-02,7.055545826416979860e-02,6.431086794248096206e-02,8.834560671337807203e-02,-1.504652841125155849e-01,8.301878232596857088e-02,5.017092060616585442e-02,9.798717828324023937e-01,-1.268642767883907119e-01,1.037328355929900248e+01,2.232776189376839762e-02,2.313308316982991969e-02,2.229003264360521208e-02,2.250975106276602647e-02,1.509516867666440554e-01,1.536498476063587471e-01,1.508240944450608134e-01,1.515656269436221892e-01
1.499999999999999944e-01,4.048212791355468299e-02,4.457534583492270969e-02,7.061158924537988546e-02,6.434646911799012103e-02,8.895647913244322802e-02,-1.498019868019903056e-01,8.306659560122327257e-02,5.133904798148784809e-02,9.795550319520369698e-01,-1.265364107574898644e-01,1.037427223498111672e+01,2.232381387943406167e-02,2.314276761769768279e-02,2.228640545809861331e-02,2.250789496654770350e-02,1.509627423619743503e-01,1.537068517259210787e-01,1.508362038211447098e-01,1.515838802504220206e-01
1.524999999999999967e-01,4.041980659787153263e-02,4.464714339527695725e-02,7.066751723257103102e-02,6.438015824163345613e-02,8.956664671912976938e-02,-1.491395199627525980e-01,8.311410669023908127e-02,5.250533656571009650e-02,9.792391008616501136e-01,-1.262084450851729545e-01,1.037527589269612527e+01,2.231983267395756462e-02,2.315241733367617849e-02,2.228277637048933432e-02,2.250597343423134736e-02,1.509736288496559553e-01,1.537636918731202229e-01,1.508482504769185217e-01,1.516018593166094386e-01
1.549999999999999989e-01,4.035756574804107155e-02,4.471890490204238205e-02,7.072324263649583387e-02,6.441193609044432167e-02,9.017610710117829331e-02,-1.484778762031779831e-01,8.316131603429582908e-02,5.366976880476218015e-02,9.789239898082456870e-01,-1.258803814521847753e-01,1.037629451315458340e+01,2.231581833628444936e-02,2.316203232066865389e-02,2.227914539885568132e-02,2.250398658946738475e-02,1.509843462563451866e-01,1.538203679389971712e-01,1.508602343795409639e-01,1.516195643286366856e-01
1.575000000000000011e-01,4.029540699969759443e-02,4.479062961878958748e-02,7.077876586871652276e-02,6.444180365711235647e-02,9.078485799154491220e-02,-1.478170481843816553e-01,8.320822407647231189e-02,5.483232752058696952e-02,9.786096990346194735e-01,-1.255522215434949074e-01,1.037732807707833160e+01,2.231177092560735972e-02,2.317161258138500379e-02,2.227551256124002746e-02,2.250193455741063969e-02,1.509948946101058453e-01,1.538768798142047256e-01,1.508721554965423706e-01,1.516369954782408047e-01
1.600000000000000033e-01,4.023333197642565973e-02,4.486231680525606946e-02,7.083408734157185804e-02,6.446976214977118147e-02,9.139289718858105427e-02,-1.471570286198327637e-01,8.325483126160398983e-02,5.599299590990408637e-02,9.782962287793509626e-01,-1.252239670480436162e-01,1.037837656520246910e+01,2.230769050136041307e-02,2.318115811834358872e-02,2.227187787564872262e-02,2.249981746469539162e-02,1.510052739403946465e-01,1.539332273890175740e-01,1.508840137958263050e-01,1.516541529623721685e-01
1.625000000000000056e-01,4.017134228963285814e-02,4.493396571738535183e-02,7.088920746814318663e-02,6.449581299178160088e-02,9.200022257616916055e-02,-1.464978102749644739e-01,8.330113803624003554e-02,5.715175754286221793e-02,9.779835792767915814e-01,-1.248956196584903588e-01,1.037943995827731136e+01,2.230357712321357974e-02,2.319066893387304942e-02,2.226824136005200322e-02,2.249763543941047522e-02,1.510154842780466466e-01,1.539894105533427537e-01,1.508958092456713362e-01,1.516710369831228977e-01
1.650000000000000078e-01,4.010943953842664722e-02,4.500557560736592744e-02,7.094412666221966424e-02,6.451995782151077885e-02,9.260683212381574936e-02,-1.458393859667793668e-01,8.334714484859956363e-02,5.830859636158618881e-02,9.776717507570571453e-01,-1.245671810709649413e-01,1.038051823707034771e+01,2.229943085106706260e-02,2.320014503011410753e-02,2.226460303238390892e-02,2.249538861107442528e-02,1.510255256552606451e-01,1.540454291967298661e-01,1.509075418147326209e-01,1.516876477476553076e-01
1.675000000000000100e-01,4.004762530949462773e-02,4.507714572367046285e-02,7.099884533826279764e-02,6.454219849210929283e-02,9.321272388670005793e-02,-1.451817485634513127e-01,8.339285214852718009e-02,5.946349667862135119e-02,9.773607434460194199e-01,-1.242386529848213128e-01,1.038161138236821124e+01,2.229525174504565221e-02,2.320958640902136619e-02,2.226096291054218898e-02,2.249307711061068749e-02,1.510353981055841122e-01,1.541012832083809847e-01,1.509192114720434019e-01,1.517039854681306588e-01
1.700000000000000122e-01,3.998590117698941349e-02,4.514867531109559295e-02,7.105336391136975183e-02,6.456253707128471742e-02,9.381789600568106458e-02,-1.445248909839240703e-01,8.343826038744793505e-02,6.061644317527875581e-02,9.770505575652970176e-01,-1.239100371023941494e-01,1.038271937497859021e+01,2.229103986549311675e-02,2.321899307236509682e-02,2.225732101238822938e-02,2.249070107032289170e-02,1.510451016638987287e-01,1.541569724771609529e-01,1.509308181870167576e-01,1.517200503616376872e-01
1.725000000000000144e-01,3.992426870241670006e-02,4.522016361080138935e-02,7.110768279723617136e-02,6.458097584107233557e-02,9.442234670726129542e-02,-1.438688061975061383e-01,8.348337001832122073e-02,6.176742089988419837e-02,9.767411933322506234e-01,-1.235813351287580186e-01,1.038384219573221223e+01,2.228679527296656762e-02,2.322836502173301898e-02,2.225367735574696956e-02,2.248826062387018071e-02,1.510546363664051206e-01,1.542124968916069871e-01,1.509423619294468222e-01,1.517358426501215773e-01
1.750000000000000167e-01,3.986272943452798256e-02,4.529160986035127984e-02,7.116180241211832180e-02,6.459751729760473959e-02,9.502607430350933082e-02,-1.432134872234628042e-01,8.352818149559457228e-02,6.291641526593669265e-02,9.764326509599735582e-01,-1.232525487714890983e-01,1.038497982548473964e+01,2.228251802823084937e-02,2.323770225853206625e-02,2.225003195840682610e-02,2.248575590624264653e-02,1.510640022506080926e-01,1.542678563399387803e-01,1.509538426695105073e-01,1.517513625603129912e-01
1.774999999999999911e-01,3.980128490921661100e-02,4.536301329375214131e-02,7.121572317279388498e-02,6.461216415087842058e-02,9.562907719194022049e-02,-1.425589271306063888e-01,8.357269527515609475e-02,6.406341205017655749e-02,9.761249306572882256e-01,-1.229236797404299752e-01,1.038613224511871103e+01,2.227820819225293306e-02,2.324700478399014530e-02,2.224638483811962331e-02,2.248318705373681878e-02,1.510731993553015018e-01,1.543230507100680771e-01,1.509652603777687785e-01,1.517666103236570141e-01
1.799999999999999933e-01,3.973993664941826570e-02,4.543437314149433026e-02,7.126944549652276806e-02,6.462491932451885912e-02,9.623135385535470931e-02,-1.419051190368839643e-01,8.361691181428716757e-02,6.520839739056950857e-02,9.758180326287402284e-01,-1.225947297474566933e-01,1.038729943554545798e+01,2.227386582619632002e-02,2.325627259915789488e-02,2.224273601260052038e-02,2.248055420393127793e-02,1.510822277205531028e-01,1.543780798896083051e-01,1.509766150251680150e-01,1.517815861762427665e-01
1.824999999999999956e-01,3.967868616501524226e-02,4.550568863059202551e-02,7.132296980100635841e-02,6.463578595554456130e-02,9.683290286163892535e-02,-1.412520561089637139e-01,8.366083157161362249e-02,6.635135778420883645e-02,9.755119570745918178e-01,-1.222657005062487007e-01,1.038848137770699864e+01,2.226949099141546304e-02,2.326550570491041012e-02,2.223908549952794203e-02,2.247785749566232755e-02,1.510910873876896432e-01,1.544329437658842619e-01,1.509879065830414813e-01,1.517962903587329049e-01
1.849999999999999978e-01,3.961753495274453890e-02,4.557695898462350154e-02,7.137629650434673678e-02,6.464476739412866602e-02,9.743372286352228184e-02,-1.405997315618190413e-01,8.370445500705701869e-02,6.749228008513910582e-02,9.752067041908201173e-01,-1.219365937320613380e-01,1.038967805257795085e+01,2.226508374945020824e-02,2.327470410194898767e-02,2.223543331654351946e-02,2.247509706899980184e-02,1.510997783992816257e-01,1.544876422259414683e-01,1.509991350231104923e-01,1.518107231162933446e-01
1.875000000000000000e-01,3.955648449611013501e-02,4.564818342377151977e-02,7.142942602500484961e-02,6.465186720335984460e-02,9.803381259829754835e-02,-1.399481386583127096e-01,8.374778258178507129e-02,6.863115150210503945e-02,9.749022741691122373e-01,-1.216074111415012260e-01,1.039088944116739910e+01,2.226064416202024401e-02,2.328386779080283270e-02,2.223177948125202447e-02,2.247227306522296686e-02,1.511083007991281257e-01,1.545421751565554946e-01,1.510103003174857461e-01,1.518248846985234546e-01
1.900000000000000022e-01,3.949553626529918315e-02,4.571936116486369911e-02,7.148235878175773772e-02,6.465708915900171549e-02,9.863317088750067629e-02,-1.392972707087791195e-01,8.379081475816131663e-02,6.976795959622968113e-02,9.745986671968619452e-01,-1.212781544523040267e-01,1.039211552452077569e+01,2.225617229101958111e-02,2.329299677183077275e-02,2.222812401122131049e-02,2.246938562679653278e-02,1.511166546322417203e-01,1.545965424442413139e-01,1.510214024386684895e-01,1.518387753593862244e-01
1.925000000000000044e-01,3.943469171710203142e-02,4.579049142141303208e-02,7.153509519365551517e-02,6.466043724925071845e-02,9.923179663655290472e-02,-1.386471210706079482e-01,8.383355199969486082e-02,7.090269227862312784e-02,9.742958834571681104e-01,-1.209488253831148691e-01,1.039335628372172238e+01,2.225166819851105357e-02,2.330209104522295085e-02,2.222446692398226398e-02,2.246643489734679450e-02,1.511248399448332502e-01,1.546507439752624058e-01,1.510324413595517945e-01,1.518523953571389862e-01
1.950000000000000067e-01,3.937395229483612452e-02,4.586157340365830393e-02,7.158763567997757093e-02,6.466191567449326716e-02,9.982968883436432739e-02,-1.379976831478250399e-01,8.387599477098887923e-02,7.203533780792810426e-02,9.739939231288307075e-01,-1.206194256532716336e-01,1.039461169989394129e+01,2.224713194672084393e-02,2.331115061100250824e-02,2.222080823702874200e-02,2.246342102163789017e-02,1.511328567842968040e-01,1.547047796356398608e-01,1.510434170534216969e-01,1.518657449542644144e-01
1.975000000000000089e-01,3.931331942827424875e-02,4.593260631860439369e-02,7.163998066018774369e-02,6.466152884706055648e-02,1.004268465529016136e-01,-1.373489503906768494e-01,8.391814353768921320e-02,7.316588478780229610e-02,9.736927863863528154e-01,-1.202899569825905263e-01,1.039588175420302285e+01,2.224256359803305008e-02,2.332017546902727043e-02,2.221714796781753404e-02,2.246034414554818823e-02,1.511407051991943973e-01,1.547586493111613448e-01,1.510543294939581394e-01,1.518788244174013868e-01
2.000000000000000111e-01,3.925279453357610054e-02,4.600358937006276266e-02,7.169213055388942712e-02,6.465928139098317540e-02,1.010232689467170930e-01,-1.367009162952126100e-01,8.395999876643209237e-02,7.429432216434421477e-02,9.733924733999355094e-01,-1.199604210911543734e-01,1.039716642785827183e+01,2.223796321498425210e-02,2.332916561899139526e-02,2.221348613376830650e-02,2.245720441604680956e-02,1.511483852392411786e-01,1.548123528873900367e-01,1.510651786552363873e-01,1.518916340172769830e-01
2.025000000000000133e-01,3.919237901322420586e-02,4.607452175869165140e-02,7.174408578077955123e-02,6.465517814174305544e-02,1.016189552524444373e-01,-1.360535744028688598e-01,8.400156092479177383e-02,7.542063922346275984e-02,9.730929843354811926e-01,-1.196308196991036771e-01,1.039846570211451748e+01,2.223333086025814156e-02,2.333812106042703477e-02,2.220982275226356453e-02,2.245400198117029206e-02,1.511558969552899701e-01,1.548658902496732603e-01,1.510759645117276395e-01,1.519041740286380116e-01
2.050000000000000155e-01,3.913207425596330891e-02,4.614540268203630446e-02,7.179584676060217496e-02,6.464922414602465583e-02,1.022139047882565377e-01,-1.354069183000553012e-01,8.404283048122736244e-02,7.654482558819565574e-02,9.727943193545911527e-01,-1.193011545264295731e-01,1.039977955827389700e+01,2.222866659668017511e-02,2.334704179270597271e-02,2.220615784064861042e-02,2.245073698999939041e-02,1.511632403993165563e-01,1.549192612831513938e-01,1.510866870383004157e-01,1.519164447301835363e-01
2.075000000000000178e-01,3.907188163674404913e-02,4.621623133456893850e-02,7.184741391310150993e-02,6.464142466146369226e-02,1.028081169532910899e-01,-1.347609416177412145e-01,8.408380790502946456e-02,7.766687121597889987e-02,9.724964786145671169e-01,-1.189714272927700767e-01,1.040110797768764783e+01,2.222397048721225926e-02,2.335592781504124485e-02,2.220249141623150888e-02,2.244740959263602856e-02,1.511704156244045860e-01,1.549724658727663629e-01,1.510973462102213616e-01,1.519284464044972915e-01
2.099999999999999922e-01,3.901180251667002441e-02,4.628700690772893228e-02,7.189878765797422244e-02,6.463178515639411703e-02,1.034015912270404153e-01,-1.341156380310446761e-01,8.412449366626643943e-02,7.878676639587074704e-02,9.721994622684124732e-01,-1.186416397172083415e-01,1.040245094175786100e+01,2.221924259494748033e-02,2.336477912648876609e-02,2.219882349628305579e-02,2.244401994018039442e-02,1.511774226847305835e-01,1.550255039032700233e-01,1.511079420031561926e-01,1.519401793379808185e-01
2.124999999999999944e-01,3.895183824294890657e-02,4.635772858996224655e-02,7.194996841482129146e-02,6.462031130959274006e-02,1.039943271687098353e-01,-1.334710012588233297e-01,8.416488823573008149e-02,7.990450174573238140e-02,9.719032704648343790e-01,-1.183117935180733049e-01,1.040380843193922544e+01,2.221448298310487249e-02,2.337359572594892645e-02,2.219515409803673664e-02,2.244056818470819073e-02,1.511842616355491553e-01,1.550783752592327647e-01,1.511184743931705543e-01,1.519516438207867415e-01
2.149999999999999967e-01,3.889199014884720668e-02,4.642839556676132268e-02,7.200095660309925594e-02,6.460700901002164320e-02,1.045863244165423089e-01,-1.328270250632678229e-01,8.420499208488116394e-02,8.102006820937056319e-02,9.716079033482445393e-01,-1.179818904127430540e-01,1.040518042974075819e+01,2.220969171502422748e-02,2.338237761216819047e-02,2.219148323868871259e-02,2.243705447924805585e-02,1.511909325331781961e-01,1.551310798250517264e-01,1.511289433567309937e-01,1.519628401467526813e-01
2.174999999999999989e-01,3.883225955364875970e-02,4.649900702070419028e-02,7.205175264207082375e-02,6.459188435656691707e-02,1.051775826871128028e-01,-1.321837032494975750e-01,8.424480568579449657e-02,8.213345705364157034e-02,9.713133610587629807e-01,-1.176519321174504251e-01,1.040656691672753453e+01,2.220486885416095291e-02,2.339112478374067577e-02,2.218781093539778926e-02,2.243347897775911995e-02,1.511974354349840677e-01,1.551836174849590411e-01,1.511393488707057642e-01,1.519737686133353638e-01
2.200000000000000011e-01,3.877264776261693524e-02,4.656956213149394952e-02,7.210235695075521700e-02,6.457494365777562140e-02,1.057681017745898955e-01,-1.315410296651602362e-01,8.428432951110381710e-02,8.324465986552317953e-02,9.710196437322201612e-01,-1.173219203470907690e-01,1.040796787452235783e+01,2.220001446408097212e-02,2.339983723910971786e-02,2.218413720528540287e-02,2.242984183510874849e-02,1.512037703993671933e-01,1.552359881230299943e-01,1.511496909123656029e-01,1.519844295215454222e-01
2.225000000000000033e-01,3.871315606696048434e-02,4.664006007599737214e-02,7.215276994787782339e-02,6.455619343158790213e-02,1.063578815499693908e-01,-1.308989982000334507e-01,8.432356403394614119e-02,8.435366854915395118e-02,9.707267515001625213e-01,-1.169918568150323662e-01,1.040938328480745056e+01,2.219512860845566926e-02,2.340851497656943822e-02,2.218046206543559593e-02,2.242614320705043490e-02,1.512099374857470424e-01,1.552881916231908799e-01,1.511599694593844800e-01,1.519948231758821988e-01
2.250000000000000056e-01,3.865378574380288340e-02,4.671050002828376624e-02,7.220299205181933411e-02,6.453564040506648558e-02,1.069469219602770249e-01,-1.302576027856308938e-01,8.436250972790605707e-02,8.546047532284593851e-02,9.704346844898538160e-01,-1.166617432329288412e-01,1.041081312932612768e+01,2.219021135105689671e-02,2.341715799426628136e-02,2.217678553289500337e-02,2.242238325020188064e-02,1.512159367545482247e-01,1.553402278692272154e-01,1.511701844898404312e-01,1.520049498842695468e-01
2.275000000000000078e-01,3.859453805615548766e-02,4.678088115966314714e-02,7.225302368056439606e-02,6.451329151412095453e-02,1.075352230277435706e-01,-1.296168373948114183e-01,8.440116706695954818e-02,8.656507271607027931e-02,9.701434428242817765e-01,-1.163315813105337826e-01,1.041225738988440952e+01,2.218526275575201726e-02,2.342576629020055520e-02,2.217310762467284563e-02,2.241856212202322438e-02,1.512217682671856966e-01,1.553920967447913748e-01,1.511803359822161963e-01,1.520148099579915757e-01
2.300000000000000100e-01,3.853541425289387645e-02,4.685120263872445678e-02,7.230286525164998646e-02,6.448915390322822183e-02,1.081227848489516447e-01,-1.289766960413930297e-01,8.443953652541777433e-02,8.766745356642148546e-02,9.698530266221621066e-01,-1.160013727555179452e-01,1.041371604835268627e+01,2.218028288649901564e-02,2.343433986222794724e-02,2.216942835774092166e-02,2.241467998079546206e-02,1.512274320860507171e-01,1.554437981334104157e-01,1.511904239153998297e-01,1.520244037116291747e-01
2.325000000000000122e-01,3.847641556873793167e-02,4.692146363137321419e-02,7.235251718211339889e-02,6.446323492514750841e-02,1.087096075939562173e-01,-1.283371727797707473e-01,8.447761857787064455e-02,8.876761101656004127e-02,9.695634359979440342e-01,-1.156711192732880339e-01,1.041518908666727938e+01,2.217527180734164480e-02,2.344287870806104762e-02,2.216574774903359857e-02,2.241073698559903696e-02,1.512329282744966363e-01,1.554953319184938509e-01,1.512004482686855611e-01,1.520337314629969239e-01
2.350000000000000144e-01,3.841754322423526075e-02,4.699166330086869403e-02,7.240197988843910526e-02,6.443554214062981178e-02,1.092956915053781702e-01,-1.276982617045376855e-01,8.451541369912969615e-02,8.986553851113790459e-02,9.692746710618163064e-01,-1.153408225668079157e-01,1.041667648683206515e+01,2.217022958240464844e-02,2.345138282527084103e-02,2.216206581544782200e-02,2.240673329629261357e-02,1.512382568968248520e-01,1.555466979833409757e-01,1.512104090217742114e-01,1.520427935330803670e-01
2.375000000000000167e-01,3.835879842574789478e-02,4.706180080786116077e-02,7.245125378650643655e-02,6.440608331812158749e-02,1.098810368974734997e-01,-1.270599569501138504e-01,8.455292236417163987e-02,9.096122979370885320e-02,9.689867319197136286e-01,-1.150104843364218310e-01,1.041817823092002016e+01,2.216515627588903220e-02,2.345985221128820200e-02,2.215838257384310575e-02,2.240266907349201461e-02,1.512434180182710142e-01,1.555978962111486397e-01,1.512203061547738592e-01,1.520515902459739221e-01
2.399999999999999911e-01,3.830018236544244919e-02,4.713187531042830475e-02,7.250033929153550105e-02,6.437486643346181092e-02,1.104656441551777613e-01,-1.264222526903762966e-01,8.459014504808068380e-02,9.205467890362552252e-02,9.686996186733232150e-01,-1.146801062796796583e-01,1.041969430107477557e+01,2.216005195206739026e-02,2.346828686340536943e-02,2.215469804104154908e-02,2.239854447854936620e-02,1.512484117049910370e-01,1.556489264850184073e-01,1.512301396482003402e-01,1.520601219288191530e-01
2.424999999999999933e-01,3.824169622128348323e-02,4.720188596411135223e-02,7.254923681803386593e-02,6.434189966957222506e-02,1.110495137331263954e-01,-1.257851431382979723e-01,8.462708222599174546e-02,9.314588017292617372e-02,9.684133314200922271e-01,-1.143496900911638442e-01,1.042122467951215370e+01,2.215491667527929795e-02,2.347668677877741764e-02,2.215101223382783327e-02,2.239435967353239909e-02,1.512532380240477203e-01,1.556997886879640247e-01,1.512399094829779134e-01,1.520683889117435961e-01
2.449999999999999956e-01,3.818334115703004433e-02,4.727183192195093947e-02,7.259794677974215626e-02,6.430719141613963630e-02,1.116326461546538612e-01,-1.251486225455884782e-01,8.466373437303273408e-02,9.423482822321335717e-02,9.681278702532349900e-01,-1.140192374623186511e-01,1.042276934852166015e+01,2.214975050992676331e-02,2.348505195442372046e-02,2.214732516894924591e-02,2.239011482120396163e-02,1.512578970433970660e-01,1.557504827029186079e-01,1.512496156404395664e-01,1.520763915278000311e-01
2.474999999999999978e-01,3.812511832223546004e-02,4.734171233452229982e-02,7.264646958957961254e-02,6.427075026929068846e-02,1.122150420107683316e-01,-1.245126852023436398e-01,8.470010196426709659e-02,9.532151796252560927e-02,9.678432352617413192e-01,-1.136887500812808760e-01,1.042432829046798659e+01,2.214455352046974107e-02,2.349338238722938760e-02,2.214363686311569129e-02,2.238581008500169223e-02,1.512623888318748999e-01,1.558010084127418038e-01,1.512592581023276816e-01,1.520841301129064183e-01
2.500000000000000000e-01,3.806702885225000943e-02,4.741152634997004844e-02,7.269480565958930107e-02,6.423258503125763019e-02,1.127967019591080283e-01,-1.238773254366986737e-01,8.473618547463618311e-02,9.640594458220649865e-02,9.675594265303850694e-01,-1.133582296327127203e-01,1.042590148779247627e+01,2.213932577142171607e-02,2.350167807394671141e-02,2.213994733299971124e-02,2.238144562901789661e-02,1.512667134591837992e-01,1.558513657002267294e-01,1.512688368507943415e-01,1.520916050057859181e-01
2.525000000000000022e-01,3.800907386822705014e-02,4.748127311404246736e-02,7.274295540088293599e-02,6.419270471003465928e-02,1.133776267228760737e-01,-1.232425376144878487e-01,8.477198537890144603e-02,9.748810355377092451e-02,9.672764441397335711e-01,-1.130276777976359226e-01,1.042748892301456642e+01,2.213406732734533866e-02,2.350993901119659626e-02,2.213625659523650591e-02,2.237702161797960887e-02,1.512708709958799635e-01,1.559015544481070492e-01,1.512783518684016615e-01,1.520988165479079668e-01
2.550000000000000044e-01,3.795125447713141448e-02,4.755095177012524238e-02,7.279091922358535416e-02,6.415111851902510764e-02,1.139578170897554005e-01,-1.226083161389108639e-01,8.480750215158679162e-02,9.856799062577219217e-02,9.669942881661549583e-01,-1.126970962532680004e-01,1.042909057873321466e+01,2.212877825284814692e-02,2.351816519546996720e-02,2.213256466642395462e-02,2.237253821722884339e-02,1.512748615133602814e-01,1.559515745390639418e-01,1.512878031381224841e-01,1.521057650834294617e-01
2.575000000000000067e-01,3.789357177175160102e-02,4.762056145927485301e-02,7.283869753677890690e-02,6.410783587667770456e-02,1.145372739108068139e-01,-1.219746554502049579e-01,8.484273626692051540e-02,9.964560182067080940e-02,9.667129586818308251e-01,-1.123664866728600609e-01,1.043070643762831295e+01,2.212345861257833043e-02,2.352635662312918888e-02,2.212887156312266096e-02,2.236799559270302717e-02,1.512786850838496178e-01,1.560014258557326783e-01,1.512971906433404068e-01,1.521124509591365304e-01
2.600000000000000089e-01,3.783602683071409650e-02,4.769010132025108123e-02,7.288629074844740763e-02,6.406286640611144612e-02,1.151159980993479298e-01,-1.213415500253236801e-01,8.487768819877758442e-02,1.007209334317074323e-01,9.664324557547636640e-01,-1.120358507255359848e-01,1.043233648246208034e+01,2.211810847122059470e-02,2.353451329040946380e-02,2.212517730185596665e-02,2.236339391091563683e-02,1.512823417803882686e-01,1.560511082807095884e-01,1.513065143678502811e-01,1.521188745243869933e-01
2.625000000000000111e-01,3.777862071850068143e-02,4.775957048954922179e-02,7.293369926541988513e-02,6.401621993472968175e-02,1.156939906298161125e-01,-1.207089943776223778e-01,8.491235842062162809e-02,1.017939820197821255e-01,9.661527794487886345e-01,-1.117051900761331096e-01,1.043398069608040934e+01,2.211272789349206028e-02,2.354263519342021660e-02,2.212148189910999665e-02,2.235873333893700909e-02,1.512858316768194988e-01,1.561006216965585558e-01,1.513157742958584628e-01,1.521250361310530763e-01
2.650000000000000133e-01,3.772135448546865694e-02,4.782896810143159178e-02,7.298092349331411488e-02,6.396790649382108618e-02,1.162712525366158961e-01,-1.200769830565500962e-01,8.494674740544712332e-02,1.028647444103405056e-01,9.658739298235847759e-01,-1.113745063850446471e-01,1.043563906141422493e+01,2.210731694413825554e-02,2.355072232814649225e-02,2.211778537133370082e-02,2.235401404437536294e-02,1.512891548477773851e-01,1.561499659858176792e-01,1.513249704119831174e-01,1.521309361334648169e-01
2.675000000000000155e-01,3.766422916787342395e-02,4.789829328795850577e-02,7.302796383647990053e-02,6.391793631814805809e-02,1.168477849129499618e-01,-1.194455106473492623e-01,8.498085562572137153e-02,1.039332176902702104e-01,9.655959069346853330e-01,-1.110438013080633085e-01,1.043731156148080075e+01,2.210187568792917889e-02,2.355877469045031605e-02,2.211408773493888855e-02,2.234923619535799516e-02,1.512923113686746590e-01,1.561991410310057393e-01,1.513341027012544415e-01,1.521365748883539426e-01
2.700000000000000178e-01,3.760724578789383793e-02,4.796754517901834908e-02,7.307482069794223045e-02,6.386631984552104679e-02,1.174235889096377217e-01,-1.188145717707611154e-01,8.501468355332679472e-02,1.049993992048071367e-01,9.653187108334904121e-01,-1.107130764962261094e-01,1.043899817938506303e+01,2.209640418965541642e-02,2.356679227607207106e-02,2.211038900630028434e-02,2.234439996051267377e-02,1.512953013156909110e-01,1.562481467146285552e-01,1.513431711491148579e-01,1.521419527547982209e-01
2.725000000000000200e-01,3.755040535365988114e-02,4.803672290235751208e-02,7.312149447934411517e-02,6.381306771635913977e-02,1.179986657339188172e-01,-1.181841610827398664e-01,8.504823165950289865e-02,1.060632865544554743e-01,9.650423415672786387e-01,-1.103823335956607699e-01,1.044069889832088194e+01,2.209090251412435327e-02,2.357477508063185456e-02,2.210668920175556246e-02,2.233950550894922907e-02,1.512981247657608774e-01,1.562969829191854509e-01,1.513521757414192648e-01,1.521470700941663368e-01
2.750000000000000222e-01,3.749370885928303421e-02,4.810582558360920052e-02,7.316798558088939697e-02,6.375819077323521822e-02,1.185730166482454051e-01,-1.175542732741725049e-01,8.508150041478892978e-02,1.071248775919209639e-01,9.647667991792190367e-01,-1.100515742474330594e-01,1.044241370157232218e+01,2.208537072615644747e-02,2.358272309963082430e-02,2.210298833760541634e-02,2.233455301024132866e-02,1.513007817965629220e-01,1.563456495271754176e-01,1.513611164644352025e-01,1.521519272700633807e-01
2.775000000000000244e-01,3.743715728488861139e-02,4.817485234632184338e-02,7.321429440128535138e-02,6.370170006040538901e-02,1.191466429690624385e-01,-1.169249030706072806e-01,8.511449028896569957e-02,1.081841704190600606e-01,9.644920837083852394e-01,-1.097208000873953065e-01,1.044414257251487754e+01,2.207980889058157314e-02,2.359063632845255498e-02,2.209928643011360022e-02,2.232954263440843981e-02,1.513032724865076561e-01,1.563941464211033860e-01,1.513699933048428536e-01,1.521565246482767253e-01
2.800000000000000266e-01,3.738075159665085051e-02,4.824380231198662633e-02,7.326042133768510822e-02,6.364360682332238783e-02,1.197195460655766791e-01,-1.162960452319892340e-01,8.514720175099840804e-02,1.092411633838459573e-01,9.642181951897669245e-01,-1.093900127460361443e-01,1.044588549461670901e+01,2.207421707223544693e-02,2.359851476236437401e-02,2.209558349550699852e-02,2.232447455189799992e-02,1.513055969147269475e-01,1.564424734834863606e-01,1.513788062497354037e-01,1.521608625967224293e-01
2.825000000000000289e-01,3.732449274682983487e-02,4.831267460006456044e-02,7.330636678563003106e-02,6.358392250813144075e-02,1.202917273585160374e-01,-1.156676945524031941e-01,8.517963526897910642e-02,1.102958550773523727e-01,9.639451336542854687e-01,-1.090592138483312545e-01,1.044764245143982073e+01,2.206859533595612738e-02,2.360635839651869031e-02,2.209187954997567788e-02,2.231934893356775015e-02,1.513077551610628457e-01,1.564906305968594147e-01,1.513875552866189300e-01,1.521649414853921967e-01
2.850000000000000311e-01,3.726838167381069794e-02,4.838146832801248909e-02,7.335213113899194393e-02,6.352265876114907006e-02,1.208631883188799883e-01,-1.150398458598245188e-01,8.521179131006931251e-02,1.113482443307579617e-01,9.636728991288066037e-01,-1.087284050135946811e-01,1.044941342664124662e+01,2.206294374658059054e-02,2.361416722595432310e-02,2.208817460967296351e-02,2.231416595066829447e-02,1.513097473060568687e-01,1.565386176437817134e-01,1.513962404034124853e-01,1.521687616863008630e-01
2.875000000000000333e-01,3.721241930214494453e-02,4.845018261130876885e-02,7.339771478991520548e-02,6.345982742832237400e-02,1.214339304666813002e-01,-1.144124940158773307e-01,8.524367034044282032e-02,1.123983302123698069e-01,9.634014916361544056e-01,-1.083975878553316702e-01,1.045119840397421385e+01,2.205726236894137507e-02,2.362194124559783073e-02,2.208446869071549468e-02,2.230892577482580796e-02,1.513115734309395388e-01,1.565864345068424535e-01,1.514048615884482085e-01,1.521723235734343815e-01
2.899999999999999800e-01,3.715660654259370782e-02,4.851881656347781929e-02,7.344311812875899126e-02,6.339544055467054295e-02,1.220039553696802698e-01,-1.137856339156016611e-01,8.527527282522880114e-02,1.134461120246703369e-01,9.631309111951267266e-01,-1.080667639810917180e-01,1.045299736728926021e+01,2.205155126786331396e-02,2.362968045026481861e-02,2.208076180918331147e-02,2.230362857802497406e-02,1.513132336176200021e-01,1.566340810686668028e-01,1.514134188304713524e-01,1.521756275226982813e-01
2.924999999999999822e-01,3.710094429217290768e-02,4.858736929611424255e-02,7.348834154403906249e-02,6.332951038370515651e-02,1.225732646421123229e-01,-1.131592604872259794e-01,8.530659922845498788e-02,1.144915893013858377e-01,9.628611578205112931e-01,-1.077359349923227849e-01,1.045481030053536387e+01,2.204581050816033228e-02,2.363738483466125417e-02,2.207705398111992068e-02,2.229827453259207448e-02,1.513147279486757035e-01,1.566815572119215072e-01,1.514219121186400618e-01,1.521786739118664300e-01
2.949999999999999845e-01,3.704543343420015067e-02,4.865583991890589516e-02,7.353338542236993736e-02,6.326204935683074626e-02,1.231418599434099675e-01,-1.125333686919512410e-01,8.533765001299076225e-02,1.155347618045802355e-01,9.625922315230983628e-01,-1.074051024842259672e-01,1.045663718776102336e+01,2.204004015463233504e-02,2.364505439338477830e-02,2.207334522253237216e-02,2.229286381117829424e-02,1.513160565073427277e-01,1.567288628193207745e-01,1.514303414425256233e-01,1.521814631205309909e-01
2.974999999999999867e-01,3.699007483834377413e-02,4.872422753965636316e-02,7.357825014840671529e-02,6.319307011272379260e-02,1.237097429769184048e-01,-1.119079535237389178e-01,8.536842564049103299e-02,1.165756295217719590e-01,9.623241323096992650e-01,-1.070742680456107931e-01,1.045847801311534120e+01,2.203424027206215413e-02,2.365268912092600290e-02,2.206963554939135250e-02,2.228739658674319668e-02,1.513172193775059182e-01,1.567759977736319366e-01,1.514387067921122154e-01,1.521839955300518521e-01
2.999999999999999889e-01,3.693486936067295195e-02,4.879253126430654897e-02,7.362293610478726213e-02,6.312258548669000269e-02,1.242769154886086830e-01,-1.112830100091101448e-01,8.539892657134004472e-02,1.176141926630786816e-01,9.620568601831609445e-01,-1.067434332587513524e-01,1.046033276084906660e+01,2.202841092521259231e-02,2.366028901166982237e-02,2.206592497763125091e-02,2.228187303253838930e-02,1.513182166436892462e-01,1.568229619576810285e-01,1.514470081577967975e-01,1.521862715235075270e-01
3.024999999999999911e-01,3.687981784371000687e-02,4.886075019695548111e-02,7.366744367207393729e-02,6.305060850999864852e-02,1.248433792657854535e-01,-1.106585332069508765e-01,8.542915326459520065e-02,1.186504516583872654e-01,9.617904151423830594e-01,-1.064125996992425077e-01,1.046220141531563819e+01,2.202255217882353663e-02,2.366785405989669383e-02,2.206221352315026682e-02,2.227629332209137350e-02,1.513190483910467066e-01,1.568697552543583396e-01,1.514552455303891376e-01,1.521882914856458602e-01
3.049999999999999933e-01,3.682492111648397876e-02,4.892888343988031907e-02,7.371177322869555681e-02,6.297715240919375679e-02,1.254091361357929924e-01,-1.100345182083264095e-01,8.545910617793114894e-02,1.196844071545514337e-01,9.615247971823348561e-01,-1.060817689358567739e-01,1.046408396097217697e+01,2.201666409760913781e-02,2.367538425978395200e-02,2.205850120181048618e-02,2.227065762918957817e-02,1.513197147053529923e-01,1.569163775466239086e-01,1.514634189011114240e-01,1.521900558028355666e-01
3.074999999999999956e-01,3.677017999458555980e-02,4.899693009355554629e-02,7.375592515088970347e-02,6.290223060538116528e-02,1.259741879647187368e-01,-1.094109601363021378e-01,8.548878576758503489e-02,1.207160600126180316e-01,9.612600062940727108e-01,-1.057509425304015843e-01,1.046598038238049178e+01,2.201074674625509014e-02,2.368287960540708253e-02,2.205478802943798208e-02,2.226496612786457718e-02,1.513202156729946679e-01,1.569628287175130199e-01,1.514715282615983760e-01,1.521915648630181028e-01
3.099999999999999978e-01,3.671559528022363267e-02,4.906488925667116391e-02,7.379989981264466203e-02,6.282585671349069645e-02,1.265385366560955183e-01,-1.087878541457745485e-01,8.551819248830062892e-02,1.217454113050816522e-01,9.609960424647561172e-01,-1.054201220375765163e-01,1.046789066420804915e+01,2.200480018941596699e-02,2.369034009074102651e-02,2.205107402182291190e-02,2.225921899237648729e-02,1.513205513809614822e-01,1.570091086501415600e-01,1.514795736038968832e-01,1.521928190556603167e-01
3.125000000000000000e-01,3.666116776228298818e-02,4.913276002615037802e-02,7.384369758564141017e-02,6.274804454151375332e-02,1.271021841496031701e-01,-1.081651954233080609e-01,8.554732679327378686e-02,1.227724623131693366e-01,9.607329056776684473e-01,-1.050893090048312661e-01,1.046981479122892189e+01,2.199882449171265686e-02,2.369776570966146065e-02,2.204735919471961791e-02,2.225341639719854298e-02,1.513207219168377637e-01,1.570552172277112912e-01,1.514875549204657557e-01,1.521938187717069846e-01
3.150000000000000022e-01,3.660689821638323654e-02,4.920054149716604486e-02,7.388731883919616439e-02,6.266880808971361794e-02,1.276651324197703163e-01,-1.075429791869809276e-01,8.557618913409781314e-02,1.237972145241548888e-01,9.604705959122323833e-01,-1.047585049722231376e-01,1.047175274832469860e+01,2.199281971772985150e-02,2.370515645594609144e-02,2.204364356384672444e-02,2.224755851700185166e-02,1.513207273687942334e-01,1.571011543335152638e-01,1.514954722041755852e-01,1.521945644035344880e-01
3.175000000000000044e-01,3.655278740493892592e-02,4.926823276315651229e-02,7.393076394020257902e-02,6.258816154980978430e-02,1.282273834746767427e-01,-1.069212006862390735e-01,8.560477996070921247e-02,1.248196696287035279e-01,9.602091131440303462e-01,-1.044277114722754474e-01,1.047370452048544109e+01,2.198678593201363815e-02,2.371251232327593536e-02,2.203992714488725232e-02,2.224164552664033290e-02,1.513205678255799269e-01,1.571469198509429510e-01,1.515033254483083569e-01,1.521950563449044336e-01
3.200000000000000067e-01,3.649883607722081980e-02,4.933583291584057312e-02,7.397403325307429223e-02,6.250611930413497996e-02,1.287889393546576833e-01,-1.062998552017572623e-01,8.563309972133388570e-02,1.258398295182488469e-01,9.599484573448233693e-01,-1.040969300298348887e-01,1.047567009281052464e+01,2.198072319906914027e-02,2.371983330523660949e-02,2.203620995348872652e-02,2.223567760113582051e-02,1.513202433765142019e-01,1.571925136634853837e-01,1.515111146465572545e-01,1.521952949909180786e-01
3.225000000000000089e-01,3.644504496941799315e-02,4.940334104523138453e-02,7.401712713968749968e-02,6.242269592476373113e-02,1.293498021310098001e-01,-1.056789380453082156e-01,8.566114886243338111e-02,1.268576962823998733e-01,9.596886284825695279e-01,-1.037661621619299090e-01,1.047764945050954033e+01,2.197463158335826588e-02,2.372711939531961869e-02,2.203249200526328361e-02,2.222965491566335564e-02,1.513197541114791600e-01,1.572379356547404239e-01,1.515188397930262165e-01,1.521952807379710892e-01
3.250000000000000111e-01,3.639141480470086537e-02,4.947075623964978380e-02,7.406004595932368095e-02,6.233790617261244366e-02,1.299099739047002156e-01,-1.050584445596396549e-01,8.568892782865179802e-02,1.278732722063806171e-01,9.594296265214442565e-01,-1.034354093776281153e-01,1.047964257890314244e+01,2.196851114929751145e-02,2.373437058692364279e-02,2.202877331578778977e-02,2.222357764553663587e-02,1.513191001209122644e-01,1.572831857084178164e-01,1.515265008822296866e-01,1.521950139837087157e-01
3.275000000000000133e-01,3.633794629328541970e-02,4.953807758573637587e-02,7.410279006861263118e-02,6.225176499651008388e-02,1.304694568050796810e-01,-1.044383701183592000e-01,8.571643706276302344e-02,1.288865597685018849e-01,9.591714514218612209e-01,-1.031046731778941794e-01,1.048164946342387438e+01,2.196236196125584544e-02,2.374158687335581677e-02,2.202505390060396223e-02,2.221744596619365519e-02,1.513182814957988176e-01,1.573282637083440738e-01,1.515340979090921136e-01,1.521944951269814938e-01
3.300000000000000155e-01,3.628464013249769332e-02,4.960530416846301027e-02,7.414535982147560378e-02,6.216428753223905701e-02,1.310282529885986313e-01,-1.038187101258259276e-01,8.574367700561824623e-02,1.298975616376657483e-01,9.589141031404908588e-01,-1.027739550554469944e-01,1.048367008961699121e+01,2.195618408355268225e-02,2.374876824783303531e-02,2.202133377521848720e-02,2.221126005318249316e-02,1.513172983276652450e-01,1.573731695384677221e-01,1.515416308689477576e-01,1.521937245678013084e-01
3.325000000000000178e-01,3.623149700683929442e-02,4.967243507114327966e-02,7.418775556906845314e-02,6.207548910154538080e-02,1.315863646375290685e-01,-1.031994600170503817e-01,8.577064809609397100e-02,1.309062806709019866e-01,9.586575816302829178e-01,-1.024432564946167606e-01,1.048570444314124828e+01,2.194997758045591496e-02,2.375591470348322604e-02,2.201761295510314478e-02,2.220502008214729484e-02,1.513161507085721003e-01,1.574179030828640746e-01,1.515490997575399401e-01,1.521927027072980110e-01
3.350000000000000200e-01,3.617851758805346735e-02,4.973946937544212327e-02,7.422997765972549900e-02,6.198538521111802285e-02,1.321437939586914689e-01,-1.025806152576021896e-01,8.579735077104053143e-02,1.319127199109390025e-01,9.584018868404868829e-01,-1.021125789712017673e-01,1.048775250976968643e+01,2.194374251618002800e-02,2.376302623334665409e-02,2.201389145569493389e-02,2.219872622881439994e-02,1.513148387311072929e-01,1.574624642257401730e-01,1.515565045710208225e-01,1.521914299476763988e-01
3.375000000000000222e-01,3.612570253519178237e-02,4.980640616138451438e-02,7.427202643890286338e-02,6.189399155153553489e-02,1.327005431821878800e-01,-1.019621713435235610e-01,8.582378546523052043e-02,1.329168825838052681e-01,9.581470187166732932e-01,-1.017819239523245073e-01,1.048981427539037803e+01,2.193747895488429647e-02,2.377010283037721272e-02,2.201016929239620404e-02,2.219237866897864550e-02,1.513133624883799822e-01,1.575068528514396993e-01,1.515638453059508783e-01,1.521899066921735821e-01
3.400000000000000244e-01,3.607305249468112374e-02,4.987324450736312781e-02,7.431390224912284848e-02,6.180132399618163547e-02,1.332566145601411789e-01,-1.013441238012516427e-01,8.584995261130851096e-02,1.339187720964667982e-01,9.578929772007566124e-01,-1.014512928962875565e-01,1.049188972600718728e+01,2.193118696067104453e-02,2.377714448744372433e-02,2.200644648057479072e-02,2.218597757848983845e-02,1.513117220740139712e-01,1.575510688444477503e-01,1.515711219592982550e-01,1.521881333450168794e-01
3.425000000000000266e-01,3.602056810039135082e-02,4.993998349014554944e-02,7.435560542991813404e-02,6.170739860012718764e-02,1.338120103654424631e-01,-1.007264681875468110e-01,8.587585263974063798e-02,1.349183920344958487e-01,9.576397622310155455e-01,-1.011206872524286621e-01,1.049397884774047007e+01,2.192486659758399042e-02,2.378415119733123459e-02,2.200272303556414025e-02,2.217952313323938440e-02,1.513099175821419895e-01,1.575951120893957225e-01,1.515783345284383576e-01,1.521861103113821556e-01
3.450000000000000289e-01,3.596824997370305643e-02,5.000662218488007710e-02,7.439713631777615521e-02,6.161223159897837032e-02,1.343667328905050751e-01,-1.001092000894284739e-01,8.590148597876459680e-02,1.359157461597737260e-01,9.573873737421179086e-01,-1.007901084609753306e-01,1.049608162682779877e+01,2.191851792960665402e-02,2.379112295274232389e-02,2.199899897266346244e-02,2.217301550914706904e-02,1.513079491073997529e-01,1.576389824710659748e-01,1.515854830111532381e-01,1.521838379973523281e-01
3.475000000000000311e-01,3.591609872357579697e-02,5.007315966510084843e-02,7.443849524608418811e-02,6.151583940769171643e-02,1.349207844460273975e-01,-9.949231512411761680e-02,8.592685305434052956e-02,1.369108384082264873e-01,9.571358116651417225e-01,-1.004595579528987787e-01,1.049819804962463898e+01,2.191214102066085453e-02,2.379805974629841184e-02,2.199527430713785897e-02,2.216645488214801993e-02,1.513058167449202462e-01,1.576826798743965197e-01,1.515925674056309014e-01,1.521813168098766489e-01
3.500000000000000333e-01,3.586411494661640581e-02,5.013959500273205971e-02,7.447968254507435215e-02,6.141823861935391538e-02,1.354741673597652796e-01,-9.887580893898562096e-02,8.595195429010206445e-02,1.379036728875940587e-01,9.568850759275996376e-01,-1.001290371497669807e-01,1.050032810260501925e+01,2.190573593460525686e-02,2.380496157054106873e-02,2.199154905421847259e-02,2.215984142817981062e-02,1.513035205903284497e-01,1.577262041844858520e-01,1.515995877104648337e-01,1.521785471567300707e-01
3.524999999999999800e-01,3.581229922714752184e-02,5.020592726809137291e-02,7.452069854176916752e-02,6.131944600392667810e-02,1.360268839753123182e-01,-9.825967721151029899e-02,8.597679010730818749e-02,1.388942538752323264e-01,9.566351664534622490e-01,-9.979854746359699547e-02,1.050247177236218832e+01,2.189930273523401152e-02,2.381182841793333740e-02,2.198782322910263626e-02,2.215317532316972773e-02,1.513010607397359264e-01,1.577695552865973905e-01,1.516065439246532531e-01,1.521755294464732788e-01
3.549999999999999822e-01,3.576065213727620123e-02,5.027215552989227482e-02,7.456154355992725136e-02,6.121947850695638738e-02,1.365789366508910752e-01,-9.764391564923781408e-02,8.600136092479493399e-02,1.398825858159479518e-01,9.563860831631825210e-01,-9.946809029670665436e-02,1.050462904560925992e+01,2.189284148627545362e-02,2.381866028086104814e-02,2.198409684695401198e-02,2.214645674302218384e-02,1.512984372897358543e-01,1.578127330661642513e-01,1.516134360475982767e-01,1.521722640884127786e-01
3.574999999999999845e-01,3.570917423696232801e-02,5.033827885524567308e-02,7.460221791998969398e-02,6.111835324824715920e-02,1.371303277581547575e-01,-9.702851998975042802e-02,8.602566715892855098e-02,1.408686733198662167e-01,9.561378259737193241e-01,-9.913766704156479204e-02,1.050679990917981499e+01,2.188635225139088161e-02,2.382545715163414402e-02,2.198036992290275382e-02,2.213968586360630028e-02,1.512956503373983075e-01,1.578557374087936893e-01,1.516202640791055878e-01,1.521687514925618434e-01
3.599999999999999867e-01,3.565786607408749642e-02,5.040429630966043739e-02,7.464272193902636576e-02,6.101608752049796081e-02,1.376810596809990295e-01,-9.641348600064185426e-02,8.604970922355861807e-02,1.418525211603311742e-01,9.558903947985630811e-01,-9.880727908064104725e-02,1.050898435002851272e+01,2.187983509417339850e-02,2.383221902248802704e-02,2.197664247204565019e-02,2.213286286074362189e-02,1.512926999802653716e-01,1.578985682002717883e-01,1.516270280193832143e-01,1.521649920696013514e-01
3.624999999999999889e-01,3.560672818452307459e-02,5.047020695704328846e-02,7.468305593068301496e-02,6.091269878790211284e-02,1.382311348143857865e-01,-9.579880947949641345e-02,8.607348752997155683e-02,1.428341342718382756e-01,9.556437895477607469e-01,-9.847692778625442844e-02,1.051118235523168210e+01,2.187329007814682244e-02,2.383894588558487654e-02,2.197291450944629035e-02,2.212598791019599470e-02,1.512895863163467025e-01,1.579412253265678745e-01,1.516337278690411128e-01,1.521609862308413164e-01
3.649999999999999911e-01,3.555576109219859421e-02,5.053600985969776416e-02,7.472322020512854601e-02,6.080820468470984203e-02,1.387805555631781151e-01,-9.518448625387491979e-02,8.609700248684534762e-02,1.438135177479989424e-01,9.553980101279414550e-01,-9.814661452042061640e-02,1.051339391198789919e+01,2.186671726676466671e-02,2.384563773301500919e-02,2.196918605013521708e-02,2.211906118765359294e-02,1.512863094441153355e-01,1.579837086738389296e-01,1.516403636290901691e-01,1.521567343881827794e-01
3.674999999999999933e-01,3.550496530916989052e-02,5.060170407832207534e-02,7.476321506900261704e-02,6.070262301375287106e-02,1.393293243409883253e-01,-9.457051218130653469e-02,8.612025450020416306e-02,1.447906768395366972e-01,9.551530564423421632e-01,-9.781634063469835105e-02,1.051561900761851831e+01,2.186011672340919601e-02,2.385229455679821822e-02,2.196545710911008975e-02,2.211208286872308471e-02,1.512828694625034387e-01,1.580260181284342258e-01,1.516469353009413934e-01,1.521522369540798947e-01
3.699999999999999956e-01,3.545434133568660384e-02,5.066728867200646219e-02,7.480304082536387567e-02,6.059597174493061567e-02,1.398774435690377516e-01,-9.395688314928467288e-02,8.614324397337382033e-02,1.457656169523149914e-01,9.549089283908342995e-01,-9.748610747003455534e-02,1.051785762956823689e+01,2.185348851139053833e-02,2.385891634888513690e-02,2.196172770133585084e-02,2.210505312891594687e-02,1.512792664708985380e-01,1.580681535768995449e-01,1.516534428864050876e-01,1.521474943415024594e-01
3.724999999999999978e-01,3.540388966025956319e-02,5.073276269822941942e-02,7.484269777363868059e-02,6.048826901365766257e-02,1.404249156750299599e-01,-9.334359507526891753e-02,8.616597130693805229e-02,1.467383436453947865e-01,9.546656258699497410e-01,-9.715591635660818237e-02,1.052010976540562304e+01,2.184683269394586611e-02,2.386550310115859858e-02,2.195799784174488553e-02,2.209797214363692572e-02,1.512755005691396315e-01,1.581101149059817856e-01,1.516598863876899572e-01,1.521425069638989713e-01
3.750000000000000000e-01,3.535361075972791312e-02,5.079812521285312354e-02,7.488218620957003135e-02,6.037953311927239664e-02,1.409717430920379988e-01,-9.273064390669161217e-02,8.618843689869505609e-02,1.477088626291247486e-01,9.544231487729092356e-01,-9.682576861367286902e-02,1.052237540282359163e+01,2.184014933423864685e-02,2.387205480543501054e-02,2.195426754523719520e-02,2.209084008817262940e-02,1.512715718575135260e-01,1.581519020026330713e-01,1.516662658074020287e-01,1.521372752351597413e-01
3.775000000000000022e-01,3.530350509932539405e-02,5.086337527011830506e-02,7.492150642516699766e-02,6.026978252340631226e-02,1.415179282574039743e-01,-9.211802562096828295e-02,8.621064114361462472e-02,1.486771797632602532e-01,9.541814969896493803e-01,-9.649566554939788265e-02,1.052465452963995141e+01,2.183343849535794925e-02,2.387857145346572799e-02,2.195053682668057088e-02,2.208365713768028343e-02,1.512674804367515891e-01,1.581935147540152464e-01,1.516725811485438447e-01,1.521317995695805059e-01
3.800000000000000044e-01,3.525357313274633808e-02,5.092851192263782995e-02,7.496065870865492586e-02,6.015903584831291950e-02,1.420634736116547781e-01,-9.150573622551450015e-02,8.623258443379643035e-02,1.496433010551111442e-01,9.539406704068497111e-01,-9.616560846070831836e-02,1.052694713379784019e+01,2.182670024031782216e-02,2.388505303693844173e-02,2.194680570091075630e-02,2.207642346717659729e-02,1.512632264080263633e-01,1.582349530475041233e-01,1.516788324145133537e-01,1.521260803818264562e-01
3.825000000000000067e-01,3.520381530221120686e-02,5.099353422138969139e-02,7.499964334442564551e-02,6.004731187515759128e-02,1.426083815974305558e-01,-9.089377175776372497e-02,8.625426715842783587e-02,1.506072326577206077e-01,9.537006689079620125e-01,-9.583559863312306193e-02,1.052925320336622050e+01,2.181993463205673597e-02,2.389149954747857643e-02,2.194307418273163182e-02,2.206913925152678702e-02,1.512588098729486519e-01,1.582762167706938394e-01,1.516850196091029113e-01,1.521201180868964331e-01
3.850000000000000089e-01,3.515423203853110246e-02,5.105844121570943944e-02,7.503846061298896641e-02,5.993462954226615874e-02,1.431526546584293291e-01,-9.028212828519274757e-02,8.627568970374389912e-02,1.515689808680714679e-01,9.534614923732384062e-01,-9.550563734059203114e-02,1.053157272654031829e+01,2.181314173343707266e-02,2.389791097665067837e-02,2.193934228691539132e-02,2.206180466543373672e-02,1.512542309335643265e-01,1.583173058114009379e-01,1.516911427364983078e-01,1.521139131000877054e-01
3.875000000000000111e-01,3.510482376117207703e-02,5.112323195328142417e-02,7.507711079092371786e-02,5.982100794333294197e-02,1.436962952383664116e-01,-8.967080190534783279e-02,8.629685245298657215e-02,1.525285521253203491e-01,9.532231406797613271e-01,-9.517572584533111335e-02,1.053390569164207236e+01,2.180632160724469901e-02,2.390428731595984138e-02,2.193561002820271569e-02,2.205441988342727450e-02,1.512494896923518017e-01,1.583582200576687249e-01,1.516972018012774093e-01,1.521074658369606369e-01
3.900000000000000133e-01,3.505559087831838783e-02,5.118790548012924768e-02,7.511559415082999513e-02,5.970646632558837541e-02,1.442393057799493117e-01,-8.905978874587612559e-02,8.631775578636530222e-02,1.534859530090600943e-01,9.529856137014723894e-01,-9.484586539765622881e-02,1.053625208712055894e+01,2.179947431618856762e-02,2.391062855685311198e-02,2.193187742130296367e-02,2.204698507985360101e-02,1.512445862522192597e-01,1.583989593977714050e-01,1.517031968084092408e-01,1.521007767133041866e-01
3.925000000000000155e-01,3.500653378693505818e-02,5.125246084060598728e-02,7.515391096128198889e-02,5.959102408792494449e-02,1.447816887238679295e-01,-8.844908496455959612e-02,8.633840008101818786e-02,1.544411902376082446e-01,9.527489113092018069e-01,-9.451605723581529839e-02,1.053861190155239846e+01,2.179259992290041512e-02,2.391693469072092570e-02,2.192814448089434529e-02,2.203950042886484648e-02,1.512395207165022903e-01,1.584395237202183282e-01,1.517091277632527935e-01,1.520938461451015189e-01
3.950000000000000178e-01,3.495765287282984884e-02,5.131689707738296136e-02,7.519206148678092561e-02,5.947470077898158597e-02,1.453234465078029336e-01,-8.783868674935202403e-02,8.635878571097395373e-02,1.553942706663226092e-01,9.525130333707003683e-01,-9.418630258581861536e-02,1.054098512364215701e+01,2.178569848993448799e-02,2.392320570889852963e-02,2.192441122162411618e-02,2.203196610440874559e-02,1.512342931889615327e-01,1.584799129137579310e-01,1.517149946715556641e-01,1.520866745484955873e-01
3.975000000000000200e-01,3.490894851071392468e-02,5.138121323143824554e-02,7.523004598770886842e-02,5.935751609518651051e-02,1.458645815654476818e-01,-8.722859031841831423e-02,8.637891304711386997e-02,1.563452012859411766e-01,9.522779797506684130e-01,-9.385660266126762130e-02,1.054337174222274598e+01,2.177877007976733101e-02,2.392944160266743600e-02,2.192067765810876492e-02,2.202438228021846162e-02,1.512289037737805097e-01,1.585201268673821218e-01,1.517207975394530006e-01,1.520792623397558274e-01
4.000000000000000222e-01,3.486042106426198023e-02,5.144540834204414104e-02,7.526786472028325348e-02,5.923948987875867628e-02,1.464050963255485172e-01,-8.661879192017733764e-02,8.639878245713551730e-02,1.572939892209484214e-01,9.520437503107889166e-01,-9.352695866318204432e-02,1.054577174625578273e+01,2.177181475479764150e-02,2.393564236325686906e-02,2.191694380493419692e-02,2.201674912980252155e-02,1.512233525755635466e-01,1.585601654703300833e-01,1.517265363734660311e-01,1.520716099352441841e-01
4.025000000000000244e-01,3.481207088617142842e-02,5.150948144675433077e-02,7.530551793651177328e-02,5.912064211566627620e-02,1.469449932109622992e-01,-8.600928783334582661e-02,8.641839430551642720e-02,1.582406417279641209e-01,9.518103449097571334e-01,-9.319737177982474752e-02,1.054818512483195470e+01,2.176483257734617566e-02,2.394180798184523257e-02,2.191320967665592867e-02,2.200906682643488654e-02,1.512176396993340499e-01,1.586000286120925473e-01,1.517322111805008977e-01,1.520637177513823046e-01
4.050000000000000266e-01,3.476389831822037507e-02,5.157343158138974482e-02,7.534300588414795385e-02,5.900099293354358482e-02,1.474842746377299507e-01,-8.540007436698429655e-02,8.643774895347851317e-02,1.591851661941575125e-01,9.515777634033149024e-01,-9.286784318652528680e-02,1.055061186717138000e+01,2.175782360965569998e-02,2.394793844956157394e-02,2.190947528779928211e-02,2.200133554314514031e-02,1.512117652505324816e-01,1.586397161824157354e-01,1.517378219678471307e-01,1.520555862046183149e-01
4.075000000000000289e-01,3.471590369132469128e-02,5.163725778002447447e-02,7.538032880664735647e-02,5.888056259956540167e-02,1.480229430141678515e-01,-8.479114786054547936e-02,8.645684675895354276e-02,1.601275701356824621e-01,9.513460056442812895e-01,-9.253837404550148416e-02,1.055305196262394496e+01,2.175078791389099819e-02,2.395403375748706223e-02,2.190574065285958230e-02,2.199355545270881632e-02,1.512057293350149711e-01,1.586792280713053560e-01,1.517433687431764822e-01,1.520472157113945955e-01
4.100000000000000311e-01,3.466808732559408662e-02,5.170095907497021526e-02,7.541748694312455648e-02,5.875937151827885507e-02,1.485610007399770227e-01,-8.418250468392274311e-02,8.647568807654905376e-02,1.610678611961360029e-01,9.511150714825866714e-01,-9.220896550567866945e-02,1.055550540066962029e+01,2.174372555213893721e-02,2.396009389665648692e-02,2.190200578630235179e-02,2.198572672763782904e-02,1.511995320590517056e-01,1.587185641690306293e-01,1.517488515145412609e-01,1.520386066881151410e-01
4.125000000000000333e-01,3.462044953038705825e-02,5.176453449676082091e-02,7.545448052831058017e-02,5.863744022939261502e-02,1.490984502053697147e-01,-8.357414123750078749e-02,8.649427325751513074e-02,1.620060471450364414e-01,9.508849607653058200e-01,-9.187961870250782592e-02,1.055797217091879503e+01,2.173663658640857463e-02,2.396611885805973938e-02,2.189827070256351177e-02,2.197784954017104400e-02,1.511931735293256251e-01,1.587577243661281168e-01,1.517542702903729446e-01,1.520297595511137523e-01
4.150000000000000355e-01,3.457299060436464649e-02,5.182798307413576805e-02,7.549130979251121587e-02,5.851478940552348046e-02,1.496352937902145352e-01,-8.296605395220650603e-02,8.651260264971190328e-02,1.629421358763237515e-01,9.506556733366922085e-01,-9.155033475778084906e-02,1.056045226311256791e+01,2.172952107863131491e-02,2.397210863264333247e-02,2.189453541604957643e-02,2.196992406226495539e-02,1.511866538529310078e-01,1.587967085534057743e-01,1.517596250794807367e-01,1.520206747166221450e-01
4.174999999999999822e-01,3.452571083554309417e-02,5.189130383402312113e-02,7.552797496156581081e-02,5.839143984990011887e-02,1.501715338631990360e-01,-8.235823928956007012e-02,8.653067659757780750e-02,1.638761354068783149e-01,9.504272090382116511e-01,-9.122111477944452873e-02,1.056294566712304750e+01,2.172237909066112443e-02,2.397806321131190979e-02,2.189079994113786454e-02,2.196195046558448855e-02,1.511799731373725253e-01,1.588355166219467818e-01,1.517649158910498453e-01,1.520113526007385585e-01
4.199999999999999845e-01,3.447861050134537475e-02,5.195449580152178282e-02,7.556447625680681734e-02,5.826741249402416639e-02,1.507071727810108119e-01,-8.175069374172676262e-02,8.654849544209826384e-02,1.648080538750582580e-01,9.501995677085783853e-01,-9.089195986141217209e-02,1.056545237295364359e+01,2.171521068427477788e-02,2.398398258492977567e-02,2.188706429217669724e-02,2.195392892149392733e-02,1.511731314905639667e-01,1.588741484631134016e-01,1.517701427346399845e-01,1.520017936193965580e-01
4.224999999999999867e-01,3.443168986865140918e-02,5.201755799988359158e-02,7.560081389502031068e-02,5.814272839528833448e-02,1.512422128875373639e-01,-8.114341383156901955e-02,8.656605952077599253e-02,1.657378995392560506e-01,9.499727491837883786e-01,-9.056287108337325586e-02,1.056797237073932827e+01,2.170801592117217044e-02,2.398986674432242519e-02,2.188332848348560622e-02,2.194585960104794911e-02,1.511661290208276276e-01,1.589126039685508918e-01,1.517753056201838202e-01,1.519919981883341986e-01
4.249999999999999889e-01,3.438494919384704751e-02,5.208048945049442019e-02,7.563698808840672860e-02,5.801740873455161346e-02,1.517766565130840573e-01,-8.053639611269634846e-02,8.658336916760099589e-02,1.666656807764702319e-01,9.497467532971572979e-01,-9.023384951060094139e-02,1.057050565074691129e+01,2.170079486297665089e-02,2.399571568027808466e-02,2.187959252935553836e-02,2.193774267498278460e-02,1.511589658368932554e-01,1.589508830301910869e-01,1.517804045579850825e-01,1.519819667230631888e-01
4.274999999999999911e-01,3.433838872287193339e-02,5.214328917285480230e-02,7.567299904454279080e-02,5.789147481367193371e-02,1.523105059736117040e-01,-7.992963716951642650e-02,8.660042471302208111e-02,1.675914060808951500e-01,9.495215798793555928e-01,-8.990489619375766073e-02,1.057305220337529406e+01,2.169354757123541366e-02,2.400152938354926935e-02,2.187585644404906396e-02,2.192957831370748525e-02,1.511516420478973832e-01,1.589889855402564223e-01,1.517854395587169836e-01,1.519716996388386365e-01
4.299999999999999933e-01,3.429200869126586282e-02,5.220595618456032316e-02,7.570884696634393174e-02,5.776494805299566687e-02,1.528437635699914920e-01,-7.932313361728460244e-02,8.661722648391899371e-02,1.685150840625240509e-01,9.492972287584453550e-01,-8.957601216869841287e-02,1.057561201915570592e+01,2.168627410741993597e-02,2.400730784485433436e-02,2.187212024180059181e-02,2.192136668729531557e-02,1.511441577633826916e-01,1.590269113912634869e-01,1.517904106334204140e-01,1.519611973506289349e-01
4.324999999999999956e-01,3.424580932421395635e-02,5.226848950128121923e-02,7.574453205202764938e-02,5.763784998880475130e-02,1.533764315872803985e-01,-7.871688210215195547e-02,8.663377480357514759e-02,1.694367234457690718e-01,9.490736997599185099e-01,-8.924719845627217263e-02,1.057818508875194219e+01,2.167897453292644272e-02,2.401305105487906016e-02,2.186838393681657736e-02,2.191310796547525294e-02,1.511365130932974810e-01,1.590646604760267979e-01,1.517953177935020825e-01,1.519504602730857579e-01
4.349999999999999978e-01,3.419979083659060309e-02,5.233088813674172113e-02,7.578005449507732583e-02,5.751020227072081020e-02,1.539085122940145323e-01,-7.811087930121106415e-02,8.665006999165138224e-02,1.703563330680917254e-01,9.488509927067326766e-01,-8.891845606212063491e-02,1.058077140296060570e+01,2.167164890907642694e-02,2.401875900427821037e-02,2.186464754327573090e-02,2.190480231762359856e-02,1.511287081479953387e-01,1.591022326876625759e-01,1.518001610507327681e-01,1.519394888205146954e-01
4.375000000000000000e-01,3.415395343300169778e-02,5.239315110269877201e-02,7.581541448420721363e-02,5.738202665906667194e-02,1.544400079415224891e-01,-7.750512192254153943e-02,8.666611236416026098e-02,1.712739218786482609e-01,9.486291074193509143e-01,-8.858978597647551578e-02,1.058337095271130046e+01,2.166429729711719099e-02,2.402443168367713461e-02,2.186091107532923961e-02,2.189644991275571315e-02,1.511207430382345285e-01,1.591396279195921304e-01,1.518049404172453209e-01,1.519282834068456656e-01
4.400000000000000022e-01,3.410829730782606595e-02,5.245527740892053092e-02,7.585061220332799115e-02,5.725334502218606958e-02,1.549709207632570807e-01,-7.689960670525179676e-02,8.668190223344159062e-02,1.721894989369459616e-01,9.484080437157809129e-01,-8.826118917395289754e-02,1.058598372906686080e+01,2.165691975822244333e-02,2.403006908367335062e-02,2.185717454710097568e-02,2.188805091951784992e-02,1.511126178751779070e-01,1.591768460655456352e-01,1.518096559055326922e-01,1.519168444456039380e-01
4.425000000000000044e-01,3.406282264525487685e-02,5.251726606316420992e-02,7.588564783151294235e-02,5.712417933371986140e-02,1.555012529741469085e-01,-7.629433041951885763e-02,8.669743990813828793e-02,1.731030734115089620e-01,9.481878014116130737e-01,-8.793266661334608880e-02,1.058860972322353611e+01,2.164951635349292650e-02,2.403567119483815753e-02,2.185343797268772190e-02,2.187960550617911240e-02,1.511043327703926464e-01,1.592138870195656808e-01,1.518143075284460186e-01,1.519051723498812401e-01
4.450000000000000067e-01,3.401752961933023761e-02,5.257911607115371005e-02,7.592052154296556610e-02,5.699455166984110366e-02,1.560310067699672565e-01,-7.568928986662563918e-02,8.671272569317349521e-02,1.740146545785554999e-01,9.479683803200604775e-01,-8.760421923741568140e-02,1.059124892651119154e+01,2.164208714395706931e-02,2.404123800771823527e-02,2.184970136615937628e-02,2.187111384062350936e-02,1.510958878358500679e-01,1.592507506760107439e-01,1.518188952991925689e-01,1.518932675323071968e-01
4.475000000000000089e-01,3.397241839398187219e-02,5.264082643655698668e-02,7.595523350698724085e-02,5.686448420644775459e-02,1.565601843267299953e-01,-7.508448187899482984e-02,8.672775988972815375e-02,1.749242518206830521e-01,9.477497802520000736e-01,-8.727584797267770589e-02,1.059390133039349813e+01,2.163463219057168777e-02,2.404676951283727174e-02,2.184596474155918108e-02,2.186257609034213817e-02,1.510872831839255859e-01,1.592874369295587123e-01,1.518234192313335229e-01,1.518811304050209643e-01
4.500000000000000111e-01,3.392748912306296077e-02,5.270239616096286661e-02,7.598978388794624950e-02,5.673399921631317594e-02,1.570887878000931936e-01,-7.447990332021928173e-02,8.674254279521960431e-02,1.758318746255609355e-01,9.475320010160128703e-01,-8.694755372918955283e-02,1.059656692646808551e+01,2.162715155422271704e-02,2.405226570069757958e-02,2.184222811290393793e-02,2.185399242242545836e-02,1.510785189273987084e-01,1.593239456752102712e-01,1.518278793387820291e-01,1.518687613796431135e-01
4.525000000000000133e-01,3.388274195038387671e-02,5.276382424385760161e-02,7.602417284524741470e-02,5.660311906619575756e-02,1.576168193247902416e-01,-7.387555108508835067e-02,8.675707470328108961e-02,1.767375325846304301e-01,9.473150424184254570e-01,-8.661933740033342377e-02,1.059924570646674447e+01,2.161964529572596785e-02,2.405772656178173374e-02,2.183849149418423327e-02,2.184536300355569005e-02,1.510695951794530645e-01,1.593602768082923171e-01,1.518322756358008729e-01,1.518561608672477636e-01
4.550000000000000155e-01,3.383817700974503517e-02,5.282510968260130391e-02,7.605840053330284456e-02,5.647186621390652694e-02,1.581442810140782362e-01,-7.327142209961153008e-02,8.677135590374197849e-02,1.776412353918106479e-01,9.470989042633519706e-01,-8.629119986259778385e-02,1.060193766225555656e+01,2.161211347582791750e-02,2.406315208655421256e-02,2.183475489936465702e-02,2.183668799999931298e-02,1.510605120536765156e-01,1.593964302244614273e-01,1.518366081370003395e-01,1.518433292783350763e-01
4.575000000000000178e-01,3.379379442496809050e-02,5.288625147240397228e-02,7.609246710150303905e-02,5.634026320533625648e-02,1.586711749592058796e-01,-7.266751332103597860e-02,8.678538668260873945e-02,1.785429928422083701e-01,9.468835863527370611e-01,-8.596314197535645518e-02,1.060464278583505759e+01,2.160455615520653558e-02,2.406854226546303530e-02,2.183101834238402109e-02,2.182796757759967315e-02,1.510512696640612662e-01,1.594324058197069960e-01,1.518408768573357437e-01,1.518302670228036388e-01
4.600000000000000200e-01,3.374959430992559989e-02,5.294724860630122681e-02,7.612637269418960628e-02,5.620833267144113160e-02,1.591975032289013603e-01,-7.206382173786070322e-02,8.679916732204731589e-02,1.794428148308332971e-01,9.466690884863983024e-01,-8.563516458064533710e-02,1.060736106934040102e+01,2.159697339447213052e-02,2.407389708894141708e-02,2.182728183715558837e-02,2.181920190176971433e-02,1.510418681250041140e-01,1.594682034903545653e-01,1.518450818121053203e-01,1.518169745099235690e-01
4.625000000000000222e-01,3.370557676856941742e-02,5.300810007513007821e-02,7.616011745062814531e-02,5.607609732518824275e-02,1.597232678688788043e-01,-7.146034436984492755e-02,8.681269810036550127e-02,1.803407113513141868e-01,9.464554104620699349e-01,-8.530726850293712804e-02,1.061009250504146983e+01,2.158936525416822738e-02,2.407921654740943079e-02,2.182354539756729828e-02,2.181039113748478933e-02,1.510323075513066715e-01,1.595038231330691003e-01,1.518492230169477264e-01,1.518034521483095090e-01
4.650000000000000244e-01,3.366174189495754060e-02,5.306880486750427395e-02,7.619370150498240568e-02,5.594357995846116482e-02,1.602484709013655140e-01,-7.085707826801236620e-02,8.682597929199681319e-02,1.812366924946194335e-01,9.462425520754471631e-01,-8.497945454891352168e-02,1.061283708534302050e+01,2.158173179477246642e-02,2.408450063127566543e-02,2.181980903748198530e-02,2.180153544927560319e-02,1.510225880581755609e-01,1.595392646448581531e-01,1.518533004878395154e-01,1.517897003458940908e-01
4.675000000000000266e-01,3.361808977327954140e-02,5.312936196978967213e-02,7.622712498628936295e-02,5.581080343892491635e-02,1.607731143246470540e-01,-7.025402051464872677e-02,8.683901116748519999e-02,1.821307684477759536e-01,9.460305131202317863e-01,-8.465172350723534911e-02,1.061559480278482148e+01,2.157407307669754332e-02,2.408974933093889839e-02,2.181607277073761494e-02,2.179263500122126038e-02,1.510127097612228020e-01,1.595745279230748326e-01,1.518573142410927501e-01,1.517757195099012635e-01
4.700000000000000289e-01,3.357462047788052628e-02,5.318977036607915043e-02,7.626038801843521009e-02,5.567779070685205389e-02,1.612972001126332933e-01,-6.965116822329432689e-02,8.685179399347048301e-02,1.830229494925899036e-01,9.458192933881754971e-01,-8.432407614831032017e-02,1.061836565004175092e+01,2.156638916029214939e-02,2.409496263678976083e-02,2.181233661114749880e-02,2.178368995694240917e-02,1.510026727764661458e-01,1.596096128654210244e-01,1.518612642933524770e-01,1.517615100468204803e-01
4.725000000000000311e-01,3.353133407328356269e-02,5.325002903816786204e-02,7.629349072013190403e-02,5.554456477190982538e-02,1.618207302144430149e-01,-6.904851853872989720e-02,8.686432803267443714e-02,1.839132460043656492e-01,9.456088926691279539e-01,-8.399651322405857212e-02,1.062114961992392814e+01,2.155868010584194999e-02,2.410014053921242030e-02,2.180860057250053052e-02,2.177470047959450400e-02,1.509924772203294074e-01,1.596445193699503329e-01,1.518651506615939506e-01,1.517470723623804973e-01
4.750000000000000333e-01,3.348823061421101616e-02,5.331013696552813069e-02,7.632643320489525263e-02,5.541114870990766772e-02,1.623437065540083712e-01,-6.844606863695672228e-02,8.687661354388827306e-02,1.848016684506225416e-01,9.453993107510820781e-01,-8.366903546767620603e-02,1.062394670537679886e+01,2.155094597357058717e-02,2.410528302858626348e-02,2.180486466856141128e-02,2.176566673186116491e-02,1.509821232096428267e-01,1.596792473350710506e-01,1.518689733631201910e-01,1.517324068615237831e-01
4.775000000000000355e-01,3.344531014560393756e-02,5.337009312528428334e-02,7.635921558102348738e-02,5.527756565950772000e-02,1.628661310296984632e-01,-6.784381572516944015e-02,8.688865078196085501e-02,1.856882273898089186e-01,9.451905474202211277e-01,-8.334164359339599204e-02,1.062675689948126490e+01,2.154318682364068580e-02,2.411039009528757188e-02,2.180112891307087186e-02,2.175658887594766541e-02,1.509716108616434571e-01,1.597137966595490177e-01,1.518727324155591529e-01,1.517175139483811219e-01
4.799999999999999822e-01,3.340257270264041650e-02,5.342989649218760073e-02,7.639183795157694634e-02,5.514383881889633326e-02,1.633880055139619036e-01,-6.724175704172258294e-02,8.690043999778740424e-02,1.865729334700122755e-01,9.449826024609674358e-01,-8.301433829624647875e-02,1.062958019545375521e+01,2.153540271615489790e-02,2.411546172969121840e-02,2.179739331974591202e-02,2.174746707357450015e-02,1.509609402939756373e-01,1.597481672425104526e-01,1.518764278368608389e-01,1.517023940262462733e-01
4.824999999999999845e-01,3.336001831075235957e-02,5.348954603859103901e-02,7.642430041435874233e-02,5.500999144241922739e-02,1.639093318529894205e-01,-6.663988985608905458e-02,8.691198143829971523e-02,1.874557974276643557e-01,9.447754756560293732e-01,-8.268712025180857683e-02,1.063241658664632006e+01,2.152759371115695389e-02,2.412049792217235353e-02,2.179365790228002253e-02,2.173830148597108783e-02,1.509501116246913521e-01,1.597823589834447555e-01,1.518800596452948015e-01,1.516870474975512417e-01
4.849999999999999867e-01,3.331764698564096405e-02,5.354904073442423584e-02,7.645660306189634714e-02,5.487604683717944853e-02,1.644301118663949457e-01,-6.603821146881196091e-02,8.692327534645695464e-02,1.883368300862403588e-01,9.445691667864511976e-01,-8.235999011597003316e-02,1.063526606654672690e+01,2.151975986863273460e-02,2.412549866310809143e-02,2.178992267434341767e-02,2.172909227386955744e-02,1.509391249722506212e-01,1.598163717822071728e-01,1.518836278594469236e-01,1.516714747638412408e-01
4.874999999999999889e-01,3.327545873329070675e-02,5.360837954716834997e-02,7.648874598142421655e-02,5.474202835959855046e-02,1.649503473469163539e-01,-6.543671921144833536e-02,8.693432196123729305e-02,1.892160423549513193e-01,9.443636756316624581e-01,-8.203294852467769849e-02,1.063812862877852439e+01,2.151190124851135727e-02,2.413046394287921698e-02,2.178618764958326418e-02,2.171983959749866633e-02,1.509279804555219706e-01,1.598502055390214616e-01,1.518871324982166149e-01,1.516556762257505742e-01
4.899999999999999911e-01,3.323345354998183399e-02,5.366756144183106730e-02,7.652072925486733124e-02,5.460795941194303282e-02,1.654700400601345489e-01,-6.483541044650406593e-02,8.694512151763073016e-02,1.900934452274285480e-01,9.441590019695276226e-01,-8.170599609368749128e-02,1.064100426710111513e+01,2.150401791066628224e-02,2.413539375187186142e-02,2.178245284162391021e-02,2.171054361657780846e-02,1.509166781937829049e-01,1.598838601544824156e-01,1.518905735808138702e-01,1.516396522829780991e-01
4.924999999999999933e-01,3.319163142230191488e-02,5.372658538092168340e-02,7.655255295882575084e-02,5.447386343881451681e-02,1.659891917442126164e-01,-6.423428256736234132e-02,8.695567424663272482e-02,1.909690497804000520e-01,9.439551455763975918e-01,-8.137913341831250202e-02,1.064389297540983037e+01,2.149610991491642670e-02,2.414028808047920943e-02,2.177871826406711439e-02,2.170120449031114063e-02,1.509052183067201014e-01,1.599173355295583632e-01,1.518939511267560494e-01,1.516234033342634679e-01
4.949999999999999956e-01,3.314999232715548638e-02,5.378545032442634544e-02,7.658421716456022266e-02,5.433976392360611446e-02,1.665078041096526296e-01,-6.363333299820179978e-02,8.696598037523849134e-02,1.918428671723558243e-01,9.437521062271608807e-01,-8.105236107316877991e-02,1.064679474773599388e+01,2.148817732102728875e-02,2.414514691910319213e-02,2.177498393049228168e-02,2.169182237738181973e-02,1.508936009144300205e-01,1.599506315655936095e-01,1.518972651558649356e-01,1.516069297773633140e-01
4.974999999999999978e-01,3.310853623177283794e-02,5.384415522978332203e-02,7.661572193797870634e-02,5.420568438492453373e-02,1.670258788390722171e-01,-6.303255919390669815e-02,8.697604012643876670e-02,1.927149086422053070e-01,9.435498836952952439e-01,-8.072567961191892683e-02,1.064970957824697173e+01,2.148022018871209235e-02,2.414997025815617676e-02,2.177124985445669583e-02,2.168239743594634061e-02,1.508818261374192116e-01,1.599837481643107406e-01,1.519005156882634044e-01,1.515902320090277144e-01
5.000000000000000000e-01,3.306726309371713773e-02,5.390269905185861993e-02,7.664706733962425855e-02,5.407164837297855076e-02,1.675434175869998099e-01,-6.243195863996813672e-02,8.698585371921613296e-02,1.935851855079200323e-01,9.433484777529208554e-01,-8.039908956701384557e-02,1.065263746124622024e+01,2.147223857763293914e-02,2.415475808806265626e-02,2.176751604949573801e-02,2.167292982362899537e-02,1.508698940966045898e-01,1.600166852278129548e-01,1.519037027443723431e-01,1.515733104249771257e-01
5.025000000000000577e-01,3.302617286089058052e-02,5.396108074292163548e-02,7.667825342466311200e-02,5.393767946593513302e-02,1.680604219796876519e-01,-6.183152885237518798e-02,8.699542136854218621e-02,1.944537091651663552e-01,9.431478881708541540e-01,-8.007259144943223994e-02,1.065557839117334993e+01,2.146423254740196379e-02,2.415951039926094931e-02,2.176378252912312614e-02,2.166341969751643323e-02,1.508578049133137977e-01,1.600494426585860885e-01,1.519068263449070977e-01,1.515561654198792074e-01
5.050000000000000044e-01,3.298526547153895344e-02,5.401929925262121540e-02,7.670928024287479441e-02,5.380380126624371290e-02,1.685768936149443509e-01,-6.123126737749780280e-02,8.700474328537600999e-02,1.953204910859248633e-01,9.429481147186600243e-01,-7.974618574841810248e-02,1.065853236260415571e+01,2.145620215758250668e-02,2.416422718220487265e-02,2.176004930683115082e-02,2.165386721415234195e-02,1.508455587092856764e-01,1.600820203595009761e-01,1.519098865108744201e-01,1.515387973873263960e-01
5.075000000000000622e-01,3.294454085425517487e-02,5.407735352796173151e-02,7.674014783864280265e-02,5.367003739692878528e-02,1.690928340619857473e-01,-6.063117179195914863e-02,8.701381967666345363e-02,1.961855428170946603e-01,9.427491571647086399e-01,-7.941987293121625935e-02,1.066149937025064887e+01,2.144814746769029001e-02,2.416890842736544101e-02,2.175631639609089396e-02,2.164427252953222969e-02,1.508331556066702939e-01,1.601144182338151700e-01,1.519128832635688597e-01,1.515212067198131451e-01
5.100000000000000089e-01,3.290399892798155645e-02,5.413524251327955089e-02,7.677085625094605403e-02,5.353641149785169639e-02,1.696082448613029925e-01,-6.003123970249767821e-02,8.702265074533711842e-02,1.970488759790838817e-01,9.425510152762299754e-01,-7.909365344280591681e-02,1.066447940896111390e+01,2.144006853719459399e-02,2.417355412523253255e-02,2.175258381035246463e-02,2.163463579909832499e-02,1.508205957280292220e-01,1.601466361851749676e-01,1.519158166245691277e-01,1.515033938087139154e-01
5.124999999999999556e-01,3.286363960201084400e-02,5.419296515021991556e-02,7.680140551335200294e-02,5.340294722194344201e-02,1.701231275245512209e-01,-5.943146874581976824e-02,8.703123669031780085e-02,1.979105022643835865e-01,9.423536888193686512e-01,-7.876752770563211214e-02,1.066747247372010499e+01,2.143196542551945027e-02,2.417816426631657495e-02,2.174885156304523504e-02,2.162495717773459461e-02,1.508078791963359810e-01,1.601786741176173812e-01,1.519186866157349880e-01,1.514853590442612474e-01
5.150000000000000133e-01,3.282346277598603701e-02,5.425052037771397467e-02,7.683179565401042355e-02,5.326966823140774632e-02,1.706374835344536267e-01,-5.883185658844208160e-02,8.703957770651647718e-02,1.987704334361267422e-01,9.421571775592425535e-01,-7.844149611933555477e-02,1.067047855964850278e+01,2.142383819204482856e-02,2.418273884115020728e-02,2.174511966757806253e-02,2.161523681976186551e-02,1.507950061349757620e-01,1.602105319355716651e-01,1.519214932592031497e-01,1.514671028155240851e-01
5.174999999999999600e-01,3.278346833989915360e-02,5.430790713195624009e-02,7.686202669564824730e-02,5.313659819389639910e-02,1.711513143447251639e-01,-5.823240092652236244e-02,8.704767398483730101e-02,1.996286813266288374e-01,9.419614812599987896e-01,-7.811555906048024689e-02,1.067349766200350913e+01,2.141568689610783352e-02,2.418727784028995229e-02,2.174138813733952208e-02,2.160547487893306820e-02,1.507819766677458984e-01,1.602422095438610916e-01,1.519242365773838810e-01,1.514486255103863477e-01
5.200000000000000178e-01,3.274365617408889206e-02,5.436512434638228475e-02,7.689209865556571877e-02,5.300376077865628227e-02,1.716646213800143428e-01,-5.763309948567993390e-02,8.705552571218183600e-02,2.004852578359100634e-01,9.417665996848727517e-01,-7.778971688227939718e-02,1.067652977617867016e+01,2.140751159700390177e-02,2.419178125431786786e-02,2.173765698569813873e-02,2.159567150842858774e-02,1.507687909188557274e-01,1.602737068477043669e-01,1.519269165929571508e-01,1.514299275155258639e-01
5.224999999999999645e-01,3.270402614923712675e-02,5.442217095164705171e-02,7.692201154563328702e-02,5.287117965265117348e-02,1.721774060358617908e-01,-5.703395002080592635e-02,8.706313307145391311e-02,2.013401749302014265e-01,9.415725325962455150e-01,-7.746396991431959977e-02,1.067957489770389934e+01,2.139931235398799536e-02,2.419624907384319498e-02,2.173392622600260962e-02,2.158582686085174299e-02,1.507554490129266456e-01,1.603050237527171851e-01,1.519295333288688543e-01,1.514110092163936661e-01
5.250000000000000222e-01,3.266457812636437696e-02,5.447904587560348927e-02,7.695176537229005131e-02,5.273887847665664069e-02,1.726896696786770768e-01,-5.643495031586129307e-02,8.707049624156594503e-02,2.021934446404282937e-01,9.413792797557045677e-01,-7.713831846228313971e-02,1.068263302224546329e+01,2.139108922627580914e-02,2.420068128950400577e-02,2.173019587158203994e-02,2.157594108822436310e-02,1.507419510749920533e-01,1.603361601649135049e-01,1.519320868083269271e-01,1.513918709971931453e-01
5.274999999999999689e-01,3.262531195682426971e-02,5.453574804328151920e-02,7.698136013654280352e-02,5.260688090133092132e-02,1.732014136457335485e-01,-5.583609818366390420e-02,8.707761539744554580e-02,2.030450790606762035e-01,9.411868409241026523e-01,-7.681276280766839715e-02,1.068570414560600668e+01,2.138284227304495383e-02,2.420507789196883058e-02,2.172646593574616494e-02,2.156601434198250275e-02,1.507282972304971602e-01,1.603671159907067711e-01,1.519345770547974039e-01,1.513725132408601237e-01
5.300000000000000266e-01,3.258622748229707267e-02,5.459227637686765722e-02,7.701079583396644446e-02,5.247521056326150818e-02,1.737126392451794343e-01,-5.523739146566435804e-02,8.708449071004378816e-02,2.038950903466355546e-01,9.409952158616207152e-01,-7.648730320750903033e-02,1.068878826372453261e+01,2.137457155343615994e-02,2.420943887193828525e-02,2.172273643178558242e-02,2.155604677297226490e-02,1.507144876052988192e-01,1.603978911369109694e-01,1.519370040920003107e-01,1.513529363290425922e-01
5.324999999999999734e-01,3.254732453478208221e-02,5.464862979568485546e-02,7.704007245470549659e-02,5.234389108098940618e-02,1.742233477560671262e-01,-5.463882803170968389e-02,8.709112234634407146e-02,2.047434907140247284e-01,9.408044043278263047e-01,-7.616193989409085485e-02,1.069188537267640982e+01,2.136627712655446779e-02,2.421376422014668087e-02,2.171900737297198167e-02,2.154603853144573811e-02,1.507005223256653592e-01,1.604284855107417918e-01,1.519393679439056954e-01,1.513331406420812542e-01
5.350000000000000311e-01,3.250860293658945632e-02,5.470480721617326791e-02,7.706918998347669914e-02,5.221294605101055308e-02,1.747335404283999749e-01,-5.404040577979567911e-02,8.709751046937221075e-02,2.055902924369919227e-01,9.406144060817384078e-01,-7.583667307466770979e-02,1.069499546867335305e+01,2.135795905147042095e-02,2.421805392736362667e-02,2.171527877255835862e-02,2.153598976705706214e-02,1.506864015182760863e-01,1.604588990198173026e-01,1.519416686347294931e-01,1.513131265589900409e-01
5.374999999999999778e-01,3.247006250033061120e-02,5.476080755187100191e-02,7.709814839957244981e-02,5.208239904375698559e-02,1.752432184831948236e-01,-5.344212263580670752e-02,8.710365523820713662e-02,2.064355078464939208e-01,9.404252208818896230e-01,-7.551150293117522838e-02,1.069811854806341778e+01,2.134961738722124247e-02,2.422230798439561558e-02,2.171155064377925173e-02,2.152590062885861161e-02,1.506721253102210334e-01,1.604891315721588274e-01,1.519439061889291398e-01,1.512928944574370160e-01
5.400000000000000355e-01,3.243170302890845819e-02,5.481662971339584106e-02,7.712694767686605057e-02,5.195227359955810476e-02,1.757523831125629710e-01,-5.284397655324457599e-02,8.710955680799316314e-02,2.072791493286529341e-01,9.402368484863888876e-01,-7.518642961994355389e-02,1.070125460733098599e+01,2.134125219281201441e-02,2.422652638208760631e-02,2.170782299985096753e-02,2.151577126529730100e-02,1.506576938290003220e-01,1.605191830761916183e-01,1.519460806311994927e-01,1.512724447137256401e-01
5.424999999999999822e-01,3.239352431550626688e-02,5.487227260842748172e-02,7.715558778381709226e-02,5.182259322458275530e-02,1.762610354798068713e-01,-5.224596551294317243e-02,8.711521532995286643e-02,2.081212293230901011e-01,9.400492886529875358e-01,-7.486145327140825145e-02,1.070440364309672532e+01,2.133286352721685056e-02,2.423070911132458108e-02,2.170409585397179222e-02,2.150560182421101113e-02,1.506431072025236351e-01,1.605490534407452430e-01,1.519481919864682784e-01,1.512517777027761745e-01
5.450000000000000400e-01,3.235552614357602164e-02,5.492773514169014409e-02,7.718406868347900407e-02,5.169338138676356914e-02,1.767691767195341546e-01,-5.164808752277286197e-02,8.712063095140090696e-02,2.089617603212341468e-01,9.398625411391424711e-01,-7.453657398981980431e-02,1.070756565211757838e+01,2.132445144938006215e-02,2.423485616303309997e-02,2.170036921932222765e-02,2.149539245282514402e-02,1.506283655591096615e-01,1.605787425750541120e-01,1.519502402798917906e-01,1.512308937981078349e-01
5.474999999999999867e-01,3.231770828682607039e-02,5.498301621493596053e-02,7.721239033350689451e-02,5.156466151170490536e-02,1.772768079377878836e-01,-5.105034061733110945e-02,8.712580381575925348e-02,2.098007548646072806e-01,9.396766057020841112e-01,-7.421179185295201375e-02,1.071074063128674503e+01,2.131601601821730974e-02,2.423896752818282749e-02,2.169664310906520635e-02,2.148514329774929218e-02,1.506134690274851529e-01,1.606082503887575341e-01,1.519522255368503383e-01,1.512097933718204723e-01
5.500000000000000444e-01,3.228007050920796150e-02,5.503811472692904383e-02,7.724055268616686343e-02,5.143645697857474747e-02,1.777839302121931586e-01,-5.045272285762085474e-02,8.713073406257312858e-02,2.106382255430859218e-01,9.394914820988808923e-01,-7.388710691180859491e-02,1.071392857763362727e+01,2.130755729261675502e-02,2.424304319778805214e-02,2.169291753634632058e-02,2.147485450497405024e-02,1.505984177367841736e-01,1.606375767919001329e-01,1.519541477829436937e-01,1.511884767945775587e-01
5.524999999999999911e-01,3.224261256490287830e-02,5.509302957342993023e-02,7.726855568834675725e-02,5.130879111598282000e-02,1.782905445921206256e-01,-4.985523233071657151e-02,8.713542182752793963e-02,2.114741849931365825e-01,9.393071700865084361e-01,-7.356251919032893993e-02,1.071712948832379375e+01,2.129907533144019191e-02,2.424708316290918875e-02,2.168919251429403047e-02,2.146452621986793402e-02,1.505832118165471578e-01,1.606667216949314581e-01,1.519560070439863741e-01,1.511669444355885905e-01
5.550000000000000488e-01,3.220533419830716448e-02,5.514775964718116041e-02,7.729639928156720186e-02,5.118168719784482734e-02,1.787966520988653607e-01,-4.925786714941633032e-02,8.713986724246736149e-02,2.123086458960267708e-01,9.391236694219158299e-01,-7.323802868509235453e-02,1.072034336065896021e+01,2.129057019352417063e-02,2.425108741465425641e-02,2.168546805601988953e-02,2.145415858717444196e-02,1.505678513967199372e-01,1.606956850087061794e-01,1.519578033460030064e-01,1.511451966625924903e-01
5.574999999999999956e-01,3.216823514401750961e-02,5.520230383789295064e-02,7.732408340199493912e-02,5.105516843923490339e-02,1.793022537258422699e-01,-4.866062545188361288e-02,8.714407043541247400e-02,2.131416209760110814e-01,9.389409798620953485e-01,-7.291363536502130926e-02,1.072357019207690954e+01,2.128204193768111485e-02,2.425505594418034608e-02,2.168174417461876669e-02,2.144375175100923445e-02,1.505523366076523539e-01,1.607244666444835879e-01,1.519595367152235810e-01,1.511232338418408983e-01
5.600000000000000533e-01,3.213131512681564189e-02,5.525666103223015463e-02,7.735160798045621899e-02,5.092925799222750710e-02,1.798073504387971422e-01,-4.806350540127261178e-02,8.714803153058185703e-02,2.139731229984907501e-01,9.387591011641518435e-01,-7.258933917108326139e-02,1.072680998015147935e+01,2.127349062270041807e-02,2.425898874269506386e-02,2.167802088316905448e-02,2.143330585485745537e-02,1.505366675800973442e-01,1.607530665139271786e-01,1.519612071780784834e-01,1.511010563380821847e-01
5.625000000000000000e-01,3.209457386165244508e-02,5.531083011379950981e-02,7.737897294245206503e-02,5.080397894172915957e-02,1.803119431760337454e-01,-4.746650518534411417e-02,8.715175064841262920e-02,2.148031647681480916e-01,9.385780330853737974e-01,-7.226514001599193548e-02,1.073006272259248739e+01,2.126491630734953647e-02,2.426288580145795001e-02,2.167429819473289110e-02,2.142282104157116826e-02,1.505208444452091621e-01,1.607814845291040129e-01,1.519628147611934987e-01,1.510786645145453244e-01
5.650000000000000577e-01,3.205801105363181858e-02,5.536480996313775105e-02,7.740617820817444206e-02,5.067935430130234703e-02,1.808160328486567991e-01,-4.686962301606564102e-02,8.715522790558270783e-02,2.156317591270551781e-01,9.383977753833026014e-01,-7.194103778390703585e-02,1.073332841724567110e+01,2.125631905037505404e-02,2.426674711178189101e-02,2.167057612235636851e-02,2.141229745336693802e-02,1.505048673345423249e-01,1.608097206024840797e-01,1.519643594913850093e-01,1.510560587329246862e-01
5.675000000000000044e-01,3.202162639799389227e-02,5.541859945770058471e-02,7.743322369252333970e-02,5.055540700898221440e-02,1.813196203408295459e-01,-4.627285712920004013e-02,8.715846341503399874e-02,2.164589189527570123e-01,9.382183278158052753e-01,-7.161703233013329284e-02,1.073660706209264681e+01,2.124769891050374074e-02,2.427057266503448996e-02,2.166685467906975110e-02,2.140173523182353418e-02,1.504887363800496980e-01,1.608377746469393521e-01,1.519658413956548049e-01,1.510332393533646844e-01
5.700000000000000622e-01,3.198541958009840092e-02,5.547219747185239830e-02,7.746010930512553516e-02,5.043215992308746481e-02,1.818227065100473383e-01,-4.567620578388061070e-02,8.716145728599658526e-02,2.172846571563272766e-01,9.380396901411479638e-01,-7.129312348081866257e-02,1.073989865525082266e+01,2.123905594644360031e-02,2.427436245263943707e-02,2.166313387788768030e-02,2.139113451787977987e-02,1.504724517140809403e-01,1.608656465757425658e-01,1.519672605011848088e-01,1.510102067344450960e-01
5.725000000000000089e-01,3.194939027540733695e-02,5.552560287685643498e-02,7.748683495035407764e-02,5.030963581802734563e-02,1.823252921874271015e-01,-4.507966726217275955e-02,8.716420962401394412e-02,2.181089866804009347e-01,9.378618621180667692e-01,-7.096931103265144425e-02,1.074320319497334353e+01,2.123039021688488334e-02,2.427811646607782800e-02,2.165941373180939322e-02,2.138049545183251868e-02,1.504560134693806728e-01,1.608933363025663310e-01,1.519686168353320543e-01,1.509869612331666555e-01
5.750000000000000666e-01,3.191353814946747830e-02,5.557881454086642525e-02,7.751340052734904951e-02,5.018785738010468622e-02,1.828273781780107021e-01,-4.448323986862283419e-02,8.716672053096952144e-02,2.189319204971779120e-01,9.376848435058443565e-01,-7.064559475255696719e-02,1.074652067964901647e+01,2.122170178050109685e-02,2.428183469688948229e-02,2.165569425381892038e-02,2.136981817333473421e-02,1.504394217790863686e-01,1.609208437414813286e-01,1.519699104256232725e-01,1.509635032049369552e-01
5.775000000000000133e-01,3.187786285789309670e-02,5.563183132891830196e-02,7.753980593003957644e-02,5.006684720331865818e-02,1.833289652610837206e-01,-4.388692192979376516e-02,8.716899010511378054e-02,2.197534716064039051e-01,9.375086340643828953e-01,-7.032197437739319545e-02,1.074985110780222541e+01,2.121299069595000003e-02,2.428551713667423048e-02,2.165197545688529734e-02,2.135910282139379113e-02,1.504226767767264938e-01,1.609481688069551719e-01,1.519711412997494515e-01,1.509398330035566782e-01
5.799999999999999600e-01,3.184236404634813167e-02,5.568465210292306011e-02,7.756605104716703114e-02,4.994662778516605062e-02,1.838300541905101282e-01,-4.329071179378745499e-02,8.717101844109305386e-02,2.205736530333239909e-01,9.373332335542807758e-01,-6.999844961364590223e-02,1.075319447809286721e+01,2.120425702187456185e-02,2.428916377709316315e-02,2.164825735396277290e-02,2.134834953436982874e-02,1.504057785962180649e-01,1.609753114138503249e-01,1.519723094855604806e-01,1.509159509812064981e-01
5.825000000000000178e-01,3.180704135052851711e-02,5.573727572166072702e-02,7.759213576230906961e-02,4.982722152244459940e-02,1.843306456950806471e-01,-4.269460782975409430e-02,8.717280562997840876e-02,2.213924778266116444e-01,9.371586417369084376e-01,-6.967502013712323361e-02,1.075655078931624509e+01,2.119550081690391163e-02,2.429277460986986603e-02,2.164453995799101027e-02,2.133755844997427611e-02,1.503887273718644557e-01,1.610022714774224095e-01,1.519734150110595983e-01,1.508918574884339225e-01
5.849999999999999645e-01,3.177189439614446637e-02,5.578970104077457526e-02,7.761805995390520796e-02,4.970865070705850902e-02,1.848307404788752384e-01,-4.209860842738807896e-02,8.717435175929678925e-02,2.222099590562729432e-01,9.369848583744847526e-01,-6.935168559264985599e-02,1.075992004040299577e+01,2.118672213965427237e-02,2.429634962679162388e-02,2.164082328189528490e-02,2.132672970526851286e-02,1.503715232383528722e-01,1.610290489133181790e-01,1.519744579043977306e-01,1.508675528741410254e-01
5.875000000000000222e-01,3.173692279890275025e-02,5.584192691276683440e-02,7.764382349528349547e-02,4.959093752182858195e-02,1.853303392216420764e-01,-4.150271199641153430e-02,8.717565691306231046e-02,2.230261098115255414e-01,9.368118832301568499e-01,-6.902844559376024314e-02,1.076330223041899892e+01,2.117792104872985928e-02,2.429988881971058626e-02,2.163710733858668564e-02,2.131586343666268257e-02,1.503541663307516596e-01,1.610556436375729372e-01,1.519754381938678012e-01,1.508430374855719847e-01
5.899999999999999689e-01,3.170212616448927351e-02,5.589395218699457629e-02,7.766942625468807593e-02,4.947410403630752435e-02,1.858294425791891802e-01,-4.090691696604370486e-02,8.717672117180881586e-02,2.238409431986546905e-01,9.366397160680761669e-01,-6.870529972239206029e-02,1.076669735856525634e+01,2.116909760272377150e-02,2.430339218054491587e-02,2.163339214096231256e-02,2.130495977991462078e-02,1.503366567845076385e-01,1.610820555666085951e-01,1.519763559078990689e-01,1.508183116683015357e-01
5.925000000000000266e-01,3.166750408855148469e-02,5.594577570966723090e-02,7.769486809530820604e-02,4.935817220260248217e-02,1.863280511837910880e-01,-4.031122178445797205e-02,8.717754461262379462e-02,2.246544723388435860e-01,9.364683566534797166e-01,-6.838224752857886835e-02,1.077010542417781913e+01,2.116025186021883858e-02,2.430685970127990231e-02,2.162967770190548158e-02,2.129401887012894942e-02,1.503189947354431621e-01,1.611082846172306182e-01,1.519772110750511884e-01,1.507933757662235918e-01
5.949999999999999734e-01,3.163305615668123016e-02,5.599739632384441446e-02,7.772014887530839800e-02,4.924316385120676431e-02,1.868261656446092989e-01,-3.971562491822649282e-02,8.717812730918306219e-02,2.254667103659826477e-01,9.362978047527701353e-01,-6.805928853014286961e-02,1.077352642672766869e+01,2.115138387978847401e-02,2.431029137396904100e-02,2.162596403428590150e-02,2.128304084175629274e-02,1.503011803197529805e-01,1.611343307066254171e-01,1.519780037240082704e-01,1.507682301215401977e-01
5.975000000000000311e-01,3.159878194439792037e-02,5.604881286943481922e-02,7.774526844785958901e-02,4.912910068684103043e-02,1.873237865481275077e-01,-3.912012485175030835e-02,8.717846933178648172e-02,2.262776704244542081e-01,9.361280601335948415e-01,-6.773642221238723726e-02,1.077696036582061012e+01,2.114249371999747662e-02,2.431368719073508100e-02,2.162225115095988207e-02,2.127202582859265279e-02,1.502832136740011315e-01,1.611601937523574335e-01,1.519787338835730806e-01,1.507428750747510648e-01
5.999999999999999778e-01,3.156468101713173074e-02,5.610002418319609552e-02,7.777022666117143490e-02,4.901600428430669815e-02,1.878209144585997470e-01,-3.852472008667805203e-02,8.717857074739510104e-02,2.270873656668957463e-01,9.359591225649299684e-01,-6.741364802778823662e-02,1.078040724119715321e+01,2.113358143940282513e-02,2.431704714377104157e-02,2.161853906477051099e-02,2.126097396377892371e-02,1.502650949351176102e-01,1.611858736723657259e-01,1.519794015826606837e-01,1.507173109646434139e-01
6.025000000000000355e-01,3.153075293020754510e-02,5.615102909873560116e-02,7.779502335852614414e-02,4.890389608435287416e-02,1.883175499185134327e-01,-3.792940914131156388e-02,8.717843161966891408e-02,2.278958092519426104e-01,9.357909918171616326e-01,-6.709096539568773498e-02,1.078386705273240231e+01,2.112464709655443099e-02,2.432037122534119397e-02,2.161482778854785167e-02,2.124988537980053438e-02,1.502468242403947329e-01,1.612113703849607782e-01,1.519800068502925039e-01,1.506915381282821764e-01
6.049999999999999822e-01,3.149699722882907948e-02,5.620182644651203208e-02,7.781965837831301969e-02,4.879279738955762113e-02,1.888136934490652896e-01,-3.733419054999833481e-02,8.717805200900607954e-02,2.287030143419478967e-01,9.356236676621690895e-01,-6.676837370198525357e-02,1.078733980043593732e+01,2.111569074999587736e-02,2.432365942778200521e-02,2.161111733510912361e-02,2.123876020848726454e-02,1.502284017274835570e-01,1.612366838088208076e-01,1.519805497155900520e-01,1.506655569010008355e-01
6.075000000000000400e-01,3.146341344806358187e-02,5.625241505383794804e-02,7.784413155406416651e-02,4.868272936022661340e-02,1.893093455506513201e-01,-3.673906286251198833e-02,8.717743197258269461e-02,2.295089941006848433e-01,9.354571498734094437e-01,-6.644587229883029689e-02,1.079082548445167156e+01,2.110671245826513040e-02,2.432691174350305047e-02,2.160740771725888631e-02,2.122759858101318231e-02,1.502098275343900502e-01,1.612618138629880737e-01,1.519810302077685971e-01,1.506393676163923778e-01
6.099999999999999867e-01,3.143000111282705927e-02,5.630279374488331851e-02,7.786844271449192001e-02,4.857371301030927180e-02,1.898045067033702626e-01,-3.614402464342023752e-02,8.717657156439445609e-02,2.303137616910279351e-01,9.352914382260010262e-01,-6.612346050431497368e-02,1.079432410505775053e+01,2.109771227989521575e-02,2.433012816498789088e-02,2.160369894778921621e-02,2.121640062789673098e-02,1.501911017994711772e-01,1.612867604668648536e-01,1.519814483561307550e-01,1.506129706063009388e-01
6.125000000000000444e-01,3.139675973787025426e-02,5.635296134067995649e-02,7.789259168352664908e-02,4.846576920333514615e-02,1.902991773675402065e-01,-3.554907447143973442e-02,8.717547083529843255e-02,2.311173302726170220e-01,9.351265324968103254e-01,-6.580113760216659002e-02,1.079783566266637607e+01,2.108869027341487082e-02,2.433330868479489928e-02,2.159999103947989399e-02,2.120516647900097529e-02,1.501722246614306533e-01,1.613115235402092229e-01,1.519818041900601879e-01,1.505863662008138093e-01
6.149999999999999911e-01,3.136368882776500305e-02,5.640291665912679914e-02,7.791657828035632172e-02,4.835891864837185694e-02,1.907933579842288896e-01,-3.495421093878025437e-02,8.717412983305676544e-02,2.319197129995040352e-01,9.349624324645382512e-01,-6.547890284144088080e-02,1.080136015782371040e+01,2.107964649734916235e-02,2.433645329555807202e-02,2.159628400509857465e-02,2.119389626353397615e-02,1.501531962593145586e-01,1.613361030031306709e-01,1.519820977390148042e-01,1.505595547282536084e-01
6.175000000000000488e-01,3.133078787689162759e-02,5.645265851499637472e-02,7.794040231946680608e-02,4.825318189600574792e-02,1.912870489757969306e-01,-3.435943265047544659e-02,8.717254860238084213e-02,2.327209230177829657e-01,9.347991379098065101e-01,-6.515675543621517185e-02,1.080489759120971271e+01,2.107058101022008662e-02,2.433956198998777493e-02,2.159257785740096441e-02,2.118259011004933190e-02,1.501340167325070640e-01,1.613604987760854648e-01,1.519823290325203191e-01,1.505325365151713723e-01
6.199999999999999956e-01,3.129805636942697283e-02,5.650218571994191502e-02,7.796406361068361490e-02,4.814857933434772003e-02,1.917802507464540229e-01,-3.376473822370183037e-02,8.717072718497678729e-02,2.335209734632043843e-01,9.346366486152449804e-01,-6.483469456528249963e-02,1.080844796363799176e+01,2.106149387054712802e-02,2.434263476087147188e-02,2.158887260913098377e-02,2.117124814644684092e-02,1.501146862207257127e-01,1.613847107798719871e-01,1.519824981001636488e-01,1.505053118863396988e-01
6.225000000000000533e-01,3.126549377933322826e-02,5.655149708250551549e-02,7.798756195921460743e-02,4.804513118506548858e-02,1.922729636828286459e-01,-3.317012628708677913e-02,8.716866561959216164e-02,2.343198774587770816e-01,9.344749643655815285e-01,-6.451271937184592520e-02,1.081201127605566015e+01,2.105238513684778989e-02,2.434567160107440481e-02,2.158516827302094446e-02,2.115987049997333433e-02,1.500952048640165071e-01,1.614087389356254620e-01,1.519826049715859440e-01,1.504778811647464465e-01
6.250000000000000000e-01,3.123309957034777276e-02,5.660059140812740558e-02,7.801089716569382937e-02,4.794285749944377645e-02,1.927651881545502655e-01,-3.257559548000461130e-02,8.716636394206345173e-02,2.351176481123549711e-01,9.343140849477313825e-01,-6.419082896321348652e-02,1.081558752954318336e+01,2.104325486763809067e-02,2.434867250354022170e-02,2.158146486179171597e-02,2.114845729722364745e-02,1.500755728027489688e-01,1.614325831648128484e-01,1.519826496764757617e-01,1.504502446715889064e-01
6.275000000000000577e-01,3.120087319597390080e-02,5.664946749915600321e-02,7.803406902622657404e-02,4.784177815447487186e-02,1.932569245148438586e-01,-3.198114445186023280e-02,8.716382218536471160e-02,2.359142985142134163e-01,9.341540101508851723e-01,-6.386902241049401130e-02,1.081917672531421104e+01,2.103410312143303568e-02,2.435163746129158022e-02,2.157776238815288170e-02,2.113700866414172999e-02,1.500557901776111147e-01,1.614562433892273996e-01,1.519826322445623212e-01,1.504224027262684726e-01
6.300000000000000044e-01,3.116881409947267617e-02,5.669812415485882967e-02,7.805707733243553992e-02,4.774191284897999488e-02,1.937481731011391484e-01,-3.138677186136305114e-02,8.716104037965750895e-02,2.367098417346149564e-01,9.339947397666026330e-01,-6.354729874829345704e-02,1.082277886471542594e+01,2.102492995674705434e-02,2.435456646743069595e-02,2.157406086480290544e-02,2.112552472602191936e-02,1.500358571296038779e-01,1.614797195309828071e-01,1.519825527056083425e-01,1.503943556463854525e-01
6.325000000000000622e-01,3.113692171385581270e-02,5.674656017143463876e-02,7.807992187150811225e-02,4.764328109976460890e-02,1.942389342356897475e-01,-3.079247637578939531e-02,8.715801855234162065e-02,2.375042908213655657e-01,9.338362735889029764e-01,-6.322565697441231980e-02,1.082639394922636455e+01,2.101573543209438871e-02,2.435745951513985583e-02,2.157036030442928756e-02,2.111400560751034577e-02,1.500157738000356400e-01,1.615030115125073717e-01,1.519824110894029412e-01,1.503661037477347640e-01
6.350000000000000089e-01,3.110519546187955064e-02,5.679477434202623298e-02,7.810260242624460225e-02,4.754590223780839203e-02,1.947292082262069013e-01,-3.019825667023275442e-02,8.715475672810707453e-02,2.382976587973628102e-01,9.336786114143560411e-01,-6.290409604954379230e-02,1.083002198045926789e+01,2.100651960598947515e-02,2.436031659768188307e-02,2.156666071970871415e-02,2.110245143260649700e-02,1.499955403305167634e-01,1.615261192565380088e-01,1.519822074257546340e-01,1.503376473443018002e-01
6.375000000000000666e-01,3.107363475604009787e-02,5.684276545673433434e-02,7.812511877510795733e-02,4.744979540449126981e-02,1.952189953665046107e-01,-2.960411142684555783e-02,8.715125492898699588e-02,2.390899586581383685e-01,9.335217530421779930e-01,-6.258261489697283797e-02,1.083366296015887897e+01,2.099728253694727043e-02,2.436313770840055001e-02,2.156296212330722009e-02,2.109086232466491836e-02,1.499751568629533738e-01,1.615490426861135587e-01,1.519819417444839282e-01,1.503089867482587660e-01
6.400000000000000133e-01,3.104223899856998342e-02,5.689053230263253075e-02,7.814747069227419296e-02,4.735497954785875679e-02,1.957082959371577169e-01,-2.901003933406863522e-02,8.714751317441186973e-02,2.398812033693951129e-01,9.333656982743224750e-01,-6.226121240227668052e-02,1.083731689020228472e+01,2.098802428348354315e-02,2.436592284072095285e-02,2.155926452788032785e-02,2.107923840639706198e-02,1.499546235395415594e-01,1.615717817245684862e-01,1.519816140754161604e-01,1.502801222699615691e-01
6.424999999999999600e-01,3.101100758143586489e-02,5.693807366378273588e-02,7.816965794768415687e-02,4.726147341892650983e-02,1.961971102061723093e-01,-2.841603908585113580e-02,8.714353148126449677e-02,2.406714058645408050e-01,9.332104469155778625e-01,-6.193988741302604989e-02,1.084098377259873125e+01,2.097874490411514442e-02,2.436867198814985161e-02,2.155556794607319665e-02,2.106757979987329207e-02,1.499339405027608763e-01,1.615943362955258034e-01,1.519812244483739472e-01,1.502510542179469888e-01
6.450000000000000178e-01,3.097993988633783100e-02,5.698538832125213394e-02,7.819168030709634787e-02,4.716929556802697265e-02,1.966854384296674030e-01,-2.782210938086098970e-02,8.713930986393633726e-02,2.414605790422204024e-01,9.330559987736609662e-01,-6.161863873848785061e-02,1.084466360948943198e+01,2.096944445736022636e-02,2.437138514427593730e-02,2.155187239052076473e-02,2.105588662652501525e-02,1.499131078953680751e-01,1.616167063228901857e-01,1.519807728931697743e-01,1.502217828989305670e-01
6.474999999999999645e-01,3.094903528471000878e-02,5.703247505313071425e-02,7.821353753214070614e-02,4.707846434119881268e-02,1.971732808525703540e-01,-2.722824892168439898e-02,8.713484833438461807e-02,2.422487357638480610e-01,9.329023536593137322e-01,-6.129746514932915558e-02,1.084835640314739003e+01,2.096012300173843990e-02,2.437406230277006786e-02,2.154817787384789157e-02,2.104415900714697030e-02,1.498921258603904683e-01,1.616388917308404782e-01,1.519802594395985862e-01,1.501923086178045263e-01
6.500000000000000222e-01,3.091829313772266261e-02,5.707933263454963851e-02,7.823522938037372199e-02,4.698899787662179361e-02,1.976606377093224898e-01,-2.663445641401693265e-02,8.713014690219089697e-02,2.430358888511394977e-01,9.327495113863996101e-01,-6.097636537732248341e-02,1.085206215597719748e+01,2.095078059577107354e-02,2.437670345738545546e-02,2.154448440866949324e-02,2.103239706189966723e-02,1.498709945411189626e-01,1.616608924438224515e-01,1.519796841174299862e-01,1.501626316776367431e-01
6.524999999999999689e-01,3.088771279628602442e-02,5.712595983770093339e-02,7.825675560533423836e-02,4.690091410109830522e-02,1.981475092245988667e-01,-2.604073056584452206e-02,8.712520557462020976e-02,2.438220510836497101e-01,9.325974717720019180e-01,-6.065533811505260248e-02,1.085578087051482932e+01,2.094141729798117829e-02,2.437930860195780536e-02,2.154079200759067766e-02,2.102060091031194081e-02,1.498497140811011763e-01,1.616827083865406967e-01,1.519790469564006319e-01,1.501327523796694707e-01
6.550000000000000266e-01,3.085729360105562286e-02,5.717235543185765489e-02,7.827811595660083555e-02,4.681423072658232043e-02,1.986338956140374368e-01,-2.544707008661582087e-02,8.712002435668181333e-02,2.446072351963134994e-01,9.324462346365214316e-01,-6.033438201562495162e-02,1.085951254942747646e+01,2.093203316689363352e-02,2.438187773040538867e-02,2.153710068320686608e-02,2.100877067128368095e-02,1.498282846241341948e-01,1.617043394839508264e-01,1.519783479862064635e-01,1.501026710233191452e-01
6.574999999999999734e-01,3.082703488243935044e-02,5.721851818339516310e-02,7.829931017984977093e-02,4.672896524675949903e-02,1.991197970849828136e-01,-2.485347368640591220e-02,8.711460325119049775e-02,2.453914538769934317e-01,9.322957998037763039e-01,-6.001349569237559439e-02,1.086325719551329883e+01,2.092262826103519213e-02,2.438441083672909446e-02,2.153341044810392485e-02,2.099690646308868119e-02,1.498067063142571320e-01,1.617257856612510369e-01,1.519775872364947100e-01,1.500723879061760802e-01
6.600000000000000311e-01,3.079693596060606789e-02,5.726444685581341676e-02,7.832033801691423713e-02,4.664513493367720282e-02,1.996052138372386431e-01,-2.425994007507148789e-02,8.710894225882920283e-02,2.461747197640371532e-01,9.321461671011009864e-01,-5.969267771858286636e-02,1.086701481170127259e+01,2.091320263893446663e-02,2.438690791501240546e-02,2.152972131485829735e-02,2.098500840337763282e-02,1.497849792957435255e-01,1.617470468438738096e-01,1.519767647368562291e-01,1.500419033240051880e-01
6.624999999999999778e-01,3.076699614549649117e-02,5.731014020975985085e-02,7.834119920584471652e-02,4.656275683442902963e-02,2.000901460638352392e-01,-2.366646796139679904e-02,8.710304137821268944e-02,2.469570454438440588e-01,9.319973363594474813e-01,-5.937192662718092373e-02,1.087078540105093083e+01,2.090375635912190139e-02,2.438936895942133212e-02,2.152603329603710799e-02,2.097307660918125774e-02,1.497631037130935372e-01,1.617681229574770008e-01,1.519758805168172910e-01,1.500112175707464524e-01
6.650000000000000355e-01,3.073721473683542829e-02,5.735559700305339209e-02,7.836189348097008511e-02,4.648184776789237443e-02,2.005745939518058796e-01,-2.307305605223397907e-02,8.709690060595232097e-02,2.477384434484438958e-01,9.318493074134857057e-01,-5.905124091047515844e-02,1.087456896675219653e+01,2.089428948012967205e-02,2.439179396420429816e-02,2.152234640419829065e-02,2.096111119691358715e-02,1.497410797110259872e-01,1.617890139279349049e-01,1.519749346058315298e-01,1.499803309385166206e-01
6.674999999999999822e-01,3.070759102414621564e-02,5.740081599070920998e-02,7.838242057296009035e-02,4.640242432152319463e-02,2.010585576829762300e-01,-2.247970305163302790e-02,8.709051993672152492e-02,2.485189262530911325e-01,9.317020801017059650e-01,-5.873061901985941052e-02,1.087836551212513037e+01,2.088480206049157448e-02,2.439418292369197397e-02,2.151866065189069269e-02,2.094911228237535464e-02,1.497189074344701665e-01,1.618097196813290950e-01,1.519739270332719772e-01,1.499492437176106474e-01
6.700000000000000400e-01,3.067812428676717704e-02,5.744579592496436987e-02,7.840278020888850896e-02,4.632450284820779918e-02,2.015420374347649535e-01,-2.188640765996674453e-02,8.708389936332287806e-02,2.492985062738737601e-01,9.315556542665219819e-01,-5.841005936553554656e-02,1.088217504061974772e+01,2.087529415874285477e-02,2.439653583229704423e-02,2.151497605165419297e-02,2.093707998075754542e-02,1.496965870285572597e-01,1.618302401439387361e-01,1.519728578284225140e-01,1.499179561965039154e-01
6.724999999999999867e-01,3.064881379386985918e-02,5.749053555530433957e-02,7.842297211229767862e-02,4.624809946317345183e-02,2.020250333809952836e-01,-2.129316857304677790e-02,8.707703887675563581e-02,2.500771958653416061e-01,9.314100297543734808e-01,-5.808956031623487004e-02,1.088599755581578243e+01,2.086576583342000107e-02,2.439885268451394071e-02,2.151129261601979897e-02,2.092501440664507051e-02,1.496741186386119360e-01,1.618505752422310373e-01,1.519717270204698767e-01,1.498864686618549269e-01
6.750000000000000444e-01,3.061965880447966443e-02,5.753503362849035629e-02,7.844299600326350153e-02,4.617323004095972433e-02,2.025075456927186990e-01,-2.069998448123462620e-02,8.706993846628460765e-02,2.508550073181535223e-01,9.312652064158302156e-01,-5.776912019894182848e-02,1.088983306142247187e+01,2.085621714306050076e-02,2.440113347491850923e-02,2.150761035750975436e-02,2.091291567402056920e-02,1.496515024101434665e-01,1.618707249028512873e-01,1.519705346384950806e-01,1.498547813985081911e-01
6.774999999999999911e-01,3.059065856749846810e-02,5.757928888858750843e-02,7.846285159846214108e-02,4.609991021245149478e-02,2.029895745390502271e-01,-2.010685406854475360e-02,8.706259811951035099e-02,2.516319528567476094e-01,9.311211841056973304e-01,-5.744873729862021161e-02,1.089368156127834020e+01,2.084664814620253506e-02,2.440337819816762108e-02,2.150392928863763264e-02,2.090078389626834343e-02,1.496287384888366490e-01,1.618906890526123910e-01,1.519692807114651767e-01,1.498228946894977764e-01
6.800000000000000488e-01,3.056181232172939036e-02,5.762330007699380946e-02,7.848253861123695441e-02,4.602815536197486096e-02,2.034711200880130744e-01,-1.951377601174279428e-02,8.705501782243944831e-02,2.524080446370356445e-01,9.309779626831200527e-01,-5.712840985794141041e-02,1.089754305935095857e+01,2.083705890138465994e-02,2.440558684899874972e-02,2.150024942190843433e-02,2.088861918617841706e-02,1.496058270205426477e-01,1.619104676184847103e-01,1.519679652682244808e-01,1.497908088160511131e-01
6.824999999999999956e-01,3.053311929590410076e-02,5.766706593246972989e-02,7.850205675166684050e-02,4.595798062445791837e-02,2.039521825073969119e-01,-1.892074897943712281e-02,8.704719755955699079e-02,2.531832947441229331e-01,9.308355420116903867e-01,-5.680813607701551415e-02,1.090141755973674620e+01,2.082744946714541398e-02,2.440775942222945735e-02,2.149657076981868059e-02,2.087642165595072347e-02,1.495827681512694463e-01,1.619300605275850458e-01,1.519665883374861914e-01,1.497585240575932120e-01
6.850000000000000533e-01,3.050457870871206567e-02,5.771058519116923496e-02,7.852140572663543483e-02,4.588940088265703460e-02,2.044327619656255424e-01,-1.832777163116598718e-02,8.703913731389911757e-02,2.539577151900573870e-01,9.306939219595534718e-01,-5.648791411312479444e-02,1.090530506666071453e+01,2.081781990202290905e-02,2.440989591275686404e-02,2.149289334485648614e-02,2.086419141719941805e-02,1.495595620271723269e-01,1.619494677071657840e-01,1.519651499478235912e-01,1.497260406917514663e-01
6.875000000000000000e-01,3.047618976883256781e-02,5.775385658667062105e-02,7.854058523990135876e-02,4.582243076444943858e-02,2.049128586326370016e-01,-1.773484261647794921e-02,8.703083706712705370e-02,2.547313179116084125e-01,9.305531023995149420e-01,-5.616774208045963862e-02,1.090920558447627542e+01,2.080817026455434801e-02,2.441199631555703714e-02,2.148921715950165984e-02,2.085192858095729837e-02,1.495362087945439344e-01,1.619686890846036842e-01,1.519636501276614426e-01,1.496933589943606202e-01
6.900000000000000577e-01,3.044795167496882823e-02,5.779687885000878156e-02,7.855959499216892683e-02,4.575708464019515032e-02,2.053924726807731804e-01,-1.714196057400987558e-02,8.702229679960203634e-02,2.555041147680789382e-01,9.304130832091488390e-01,-5.584761804985773070e-02,1.091311911766497289e+01,2.079850061327552513e-02,2.441406062568432858e-02,2.148554222622577059e-02,2.083963325768036293e-02,1.495127085998042560e-01,1.619877245873884430e-01,1.519620889052671064e-01,1.496604792394683192e-01
6.925000000000000044e-01,3.041986361588472701e-02,5.783965070970824296e-02,7.857843468116054719e-02,4.569337662016684926e-02,2.058716042856816031e-01,-1.654912413055817724e-02,8.701351649046115688e-02,2.562761175391513047e-01,9.302738642709071915e-01,-5.552754004854554282e-02,1.091704567083629485e+01,2.078881100672026749e-02,2.441608883827066714e-02,2.148186855749222371e-02,2.082730555725247415e-02,1.494890615894902408e-01,1.620065741431107043e-01,1.519604663087416041e-01,1.496274016993409117e-01
6.950000000000000622e-01,3.039192477044428201e-02,5.788217089181633968e-02,7.859710400168916367e-02,4.563132055205085247e-02,2.063502536272284471e-01,-1.595633190014789093e-02,8.700449611769416058e-02,2.570473379227700694e-01,9.301354454722282616e-01,-5.520750605988319210e-02,1.092098524872741550e+01,2.077910150341982440e-02,2.441808094852477781e-02,2.147819616575633722e-02,2.081494558899013234e-02,1.494652679102454751e-01,1.620252376794503735e-01,1.519587823660108472e-01,1.495941266444696938e-01
6.975000000000000089e-01,3.036413430765326840e-02,5.792443811993787384e-02,7.861560264573229373e-02,4.557093001851855035e-02,2.068284208904203614e-01,-1.536358248309676114e-02,8.699523565822145366e-02,2.578177875330643909e-01,9.299978267056470127e-01,-5.488751402311188576e-02,1.092493785620298929e+01,2.076937216190222202e-02,2.442003695173135605e-02,2.147452506346540085e-02,2.080255346164736410e-02,1.494413277088091907e-01,1.620437151241642393e-01,1.519570371048164781e-01,1.495606543435776536e-01
7.000000000000000666e-01,3.033649138670382883e-02,5.796645111526971955e-02,7.863393030250656612e-02,4.551221833487127666e-02,2.073061062663394127e-01,-1.477087446507700623e-02,8.698573508797290132e-02,2.585874778983096034e-01,9.298610078689062419e-01,-5.456756183310491892e-02,1.092890349825490226e+01,2.075962304069157646e-02,2.442195684325018656e-02,2.147085526305873848e-02,2.079012928342072533e-02,1.494172411320056071e-01,1.620620064050733722e-01,1.519552305527067937e-01,1.495269850636262443e-01
7.025000000000000133e-01,3.030899515702177929e-02,5.800820859663683576e-02,7.865208665854307724e-02,4.545519854675670463e-02,2.077833099530882466e-01,-1.417820641617330464e-02,8.697599438196727817e-02,2.593564204589337008e-01,9.297249888650667149e-01,-5.424764734012147566e-02,1.093288218000206591e+01,2.074985419830733743e-02,2.442384061851519267e-02,2.146718677696777405e-02,2.077767316195439778e-02,1.493930083267327180e-01,1.620801114500506623e-01,1.519533627370277529e-01,1.494931190698229606e-01
7.049999999999999600e-01,3.028164475831638530e-02,5.804970928052820972e-02,7.867007139776395486e-02,4.539988342796056481e-02,2.082600321567444068e-01,-1.358557688993899601e-02,8.696601351439349481e-02,2.601246265655674517e-01,9.295897696026195201e-01,-5.392776834956394122e-02,1.093687390669018278e+01,2.074006569326351107e-02,2.442568827303344056e-02,2.146351961761607668e-02,2.076518520434539328e-02,1.493686294399508285e-01,1.620980301870075524e-01,1.519514336849135117e-01,1.494590566256288888e-01
7.075000000000000178e-01,3.025443932063313565e-02,5.809095188113418823e-02,7.868788420155940766e-02,4.534628547827228989e-02,2.087362730923272014e-01,-1.299298442244909042e-02,8.695579245869182461e-02,2.608921074771425319e-01,9.294553499955992004e-01,-5.360792262173862122e-02,1.094087868369151550e+01,2.073025758406781341e-02,2.442749980238408114e-02,2.145985379741940924e-02,2.075266551714886193e-02,1.493441046186710641e-01,1.621157625438809091e-01,1.519494434232774027e-01,1.494247979927667280e-01
7.099999999999999645e-01,3.022737796440933336e-02,5.813193511038360767e-02,7.870552474886545469e-02,4.529441692142616854e-02,2.092120329847743099e-01,-1.240042753135296369e-02,8.694533118763660140e-02,2.616588743590377852e-01,9.293217299636953310e-01,-5.328810787161988166e-02,1.094489651650467898e+01,2.072042992922079260e-02,2.442927520221723631e-02,2.145618932878578036e-02,2.074011420638348369e-02,1.493194340099435191e-01,1.621333084486196174e-01,1.519473919788023875e-01,1.493903434312293388e-01
7.125000000000000222e-01,3.020045980053265300e-02,5.817265767798245057e-02,7.872299271624325079e-02,4.524428970311863279e-02,2.096873120699287441e-01,-1.180790471492395091e-02,8.693462967341984704e-02,2.624249382812777198e-01,9.291889094323677600e-01,-5.296832176861775154e-02,1.094892741075441123e+01,2.071058278721489218e-02,2.443101446825282630e-02,2.145252622411547919e-02,2.072753137753697086e-02,1.492946177608453773e-01,1.621506678291706471e-01,1.519452793779317579e-01,1.493556931992882642e-01
7.149999999999999689e-01,3.017368393040224459e-02,5.821311829145219691e-02,7.874028777795809286e-02,4.519591548910207451e-02,2.101621105955370772e-01,-1.121541445110879262e-02,8.692368788773555122e-02,2.631903102167836295e-01,9.290568883329595185e-01,-5.264856193634941117e-02,1.095297137219136374e+01,2.070071621653346572e-02,2.443271759627933457e-02,2.144886449580111001e-02,2.071491713557163661e-02,1.492696560184684496e-01,1.621678406134651751e-01,1.519431056468596164e-01,1.493208475535027779e-01
7.175000000000000266e-01,3.014704944599339714e-02,5.825331565616943125e-02,7.875740960606007757e-02,4.514930566335569051e-02,2.106364288222567771e-01,-1.062295519657648242e-02,8.691250580186482555e-02,2.639550010396797819e-01,9.289256666028116172e-01,-5.232882595241431650e-02,1.095702840669187950e+01,2.069083027564974989e-02,2.443438458215252754e-02,2.144520415622763049e-02,2.070227158493007091e-02,1.492445489299069061e-01,1.621848267294044577e-01,1.519408708115213835e-01,1.492858067487293217e-01
7.199999999999999734e-01,3.012055542992476270e-02,5.829324847540574839e-02,7.877435787046510596e-02,4.510447132633365469e-02,2.111102670246756130e-01,-1.003052538576653871e-02,8.690108338676243160e-02,2.647190215236562838e-01,9.287952441853800645e-01,-5.200911134817327863e-02,1.096109852025777798e+01,2.068092502302578198e-02,2.443601542179409808e-02,2.144154521777236894e-02,2.068959482954088602e-02,1.492192966422445644e-01,1.622016261048449814e-01,1.519385748975840833e-01,1.492505710381309136e-01
7.225000000000000311e-01,3.009420095552879301e-02,5.833291545036789483e-02,7.879113223903667917e-02,4.506142329329144297e-02,2.115836254923394721e-01,-9.438123429937488040e-03,8.688942061314341991e-02,2.654823823403925087e-01,9.286656210303496639e-01,-5.168941560853135275e-02,1.096518171901617045e+01,2.067100051711127234e-02,2.443761011119027771e-02,2.143788769280505560e-02,2.067688697282455204e-02,1.491938993025418436e-01,1.622182386675841970e-01,1.519362179304367955e-01,1.492151406731872798e-01
7.249999999999999778e-01,3.006798508692531610e-02,5.837231528023897886e-02,7.880773237766836026e-02,4.502017209268977666e-02,2.120565045307916674e-01,-8.845747716215900114e-03,8.687751745157129557e-02,2.662450940580390335e-01,9.285367970937509208e-01,-5.136973617172525819e-02,1.096927800921923257e+01,2.066105681634242131e-02,2.443916864639035860e-02,2.143423159368783651e-02,2.066414811769928805e-02,1.491683570578229423e-01,1.622346643453452253e-01,1.519337999351809687e-01,1.491795159037048180e-01
7.275000000000000355e-01,3.004190687909831167e-02,5.841144666221986109e-02,7.882415795036733230e-02,4.498072796467701001e-02,2.125289044626223756e-01,-8.253396606646470554e-03,8.686537387254678055e-02,2.670071671397639679e-01,9.284087723380782808e-01,-5.105007042911413606e-02,1.097338739724401435e+01,2.065109397914068404e-02,2.444069102350518441e-02,2.143057693277528042e-02,2.065137836658704346e-02,1.491426700550621265e-01,1.622509030657617590e-01,1.519313209366204287e-01,1.491436969778271449e-01
7.299999999999999822e-01,3.001596537797554878e-02,5.845030829157084329e-02,7.884040861933791500e-02,4.494310085964980939e-02,2.130008256285272905e-01,-7.661068437242960633e-03,8.685298984659717281e-02,2.677686119423630662e-01,9.282815467324059266e-01,-5.073041572497545559e-02,1.097750988959226071e+01,2.064111206391149381e-02,2.444217723870557510e-02,2.142692372241439963e-02,2.063857782141954172e-02,1.491168384411705183e-01,1.622669547563626025e-01,1.519287809592517191e-01,1.491076841420456434e-01
7.325000000000000400e-01,2.999015962051198095e-02,5.848889886165429403e-02,7.885648404506653830e-02,4.490730043689204753e-02,2.134722683883775451e-01,-7.068761517041790253e-03,8.684036534436713473e-02,2.685294387149357309e-01,9.281551202525063493e-01,-5.041076935630486172e-02,1.098164549289019298e+01,2.063111112904292971e-02,2.444362728822068592e-02,2.142327197494463958e-02,2.062574658364438665e-02,1.490908623629820517e-01,1.622828193445559342e-01,1.519261800272542207e-01,1.490714776412106202e-01
7.349999999999999867e-01,2.996448863477587168e-02,5.852721706397716328e-02,7.887238388640664677e-02,4.487333606329214908e-02,2.139432331222979600e-01,-6.476474127156058545e-03,8.682750033670927348e-02,2.692896575976296836e-01,9.280294928809695865e-01,-5.009112857262043583e-02,1.098579421388837041e+01,2.062109123290432888e-02,2.444504116833632473e-02,2.141962170269788926e-02,2.061288475423121713e-02,1.490647419672395668e-01,1.622984967576134585e-01,1.519235181644800203e-01,1.490350777185421305e-01
7.375000000000000444e-01,2.993895144003854564e-02,5.856526158823439909e-02,7.888810780066493611e-02,4.484121681213804056e-02,2.144137202317572821e-01,-5.884204519834838887e-03,8.681439479477680299e-02,2.700492786204535256e-01,9.279046646073201288e-01,-4.977149057577190394e-02,1.098995605946147158e+01,2.061105243384485364e-02,2.444641887539319991e-02,2.141597291799847078e-02,2.059999243367793831e-02,1.490384774005806823e-01,1.623139869226541687e-01,1.519207953944441414e-01,1.489984846156416354e-01
7.399999999999999911e-01,2.991354704686738711e-02,5.860303112235221851e-02,7.890365544368746487e-02,4.481095146199062101e-02,2.148837301406660572e-01,-5.291950917522329073e-03,8.680104869011584512e-02,2.708083117021620190e-01,9.277806354281391554e-01,-4.945185251975415391e-02,1.099413103660815416e+01,2.060099479019200305e-02,2.444776040578511625e-02,2.141232563316312204e-02,2.058706972201698737e-02,1.490120688095230850e-01,1.623292897666279155e-01,1.519180117403141628e-01,1.489616985725033260e-01
7.425000000000000488e-01,2.988827445722213108e-02,5.864052435253240547e-02,7.891902646994715387e-02,4.478254849563437917e-02,2.153532632964855476e-01,-4.699711511922593371e-03,8.678746199475918799e-02,2.715667666492131982e-01,9.276574053471817738e-01,-4.913221151052594993e-02,1.099831915245089320e+01,2.059091836025007255e-02,2.444906575595710840e-02,2.140867986050098981e-02,2.057411671882165491e-02,1.489855163404500416e-01,1.623444052162989204e-01,1.519151672249004215e-01,1.489247198275259754e-01
7.449999999999999956e-01,2.986313266455462717e-02,5.867773996329631730e-02,7.893422053263116078e-02,4.475601609910475481e-02,2.158223201713467543e-01,-4.107484463067775753e-03,8.677363468132047453e-02,2.723246531547984794e-01,9.275349743754984777e-01,-4.881256460583312251e-02,1.100252041423581240e+01,2.058082320229855447e-02,2.445033492240352921e-02,2.140503561231360541e-02,2.056113352321244092e-02,1.489588201395955214e-01,1.623593331982287336e-01,1.519122618706456318e-01,1.488875486175248175e-01
7.475000000000000533e-01,2.983812065391197241e-02,5.871467663752964750e-02,7.894923728372919836e-02,4.473136216079290350e-02,2.162909012631768491e-01,-3.515267898388638960e-03,8.675956672308914042e-02,2.730819807979494307e-01,9.274133425315567170e-01,-4.849290881503726114e-02,1.100673482933255798e+01,2.057070937459050397e-02,2.445156790166607558e-02,2.140139290089486043e-02,2.054812023386345943e-02,1.489319803530288755e-01,1.623740736387592198e-01,1.519092956996147270e-01,1.488501851777435381e-01
7.500000000000000000e-01,2.981323740204316550e-02,5.875133305652713300e-02,7.896407637412236613e-02,4.470859427062562341e-02,2.167590070968374860e-01,-2.923059911792328259e-03,8.674525809412624022e-02,2.738387590427207585e-01,9.272925098413601352e-01,-4.817324109894934037e-02,1.101096240523415482e+01,2.056057693535083206e-02,2.445276469033175193e-02,2.139775173853097207e-02,2.053507694900887082e-02,1.489049971266397099e-01,1.623886264639953503e-01,1.519062687334845618e-01,1.488126297418667920e-01
7.525000000000000577e-01,2.978848187750913687e-02,5.878770790003819136e-02,7.897873745367209319e-02,4.468771971932110343e-02,2.172266382252715233e-01,-2.330858562743913856e-03,8.673070876936056495e-02,2.745949972374501780e-01,9.271724763385723600e-01,-4.785355836966841137e-02,1.101520314955687851e+01,2.055042594277456044e-02,2.445392528503079546e-02,2.139411213750044838e-02,2.052200376644934543e-02,1.488778706061221202e-01,1.624029915997874385e-01,1.519031809935335875e-01,1.487748825420320553e-01
7.550000000000000044e-01,2.976385304079646327e-02,5.882379984631180142e-02,7.899322017131060747e-02,4.466874549771929215e-02,2.176937952306584045e-01,-1.738661875352896357e-03,8.671591872468613349e-02,2.753507046140993286e-01,9.270532420646361293e-01,-4.753385749042610825e-02,1.101945707004015418e+01,2.054025645502501052e-02,2.445504968243452856e-02,2.139047411007405017e-02,2.050890078355854795e-02,1.488506009369590932e-01,1.624171689717136824e-01,1.519000325006315821e-01,1.487369438088426699e-01
7.575000000000000622e-01,2.973934984443434362e-02,5.885960757214276501e-02,7.900752417513037806e-02,4.465167829618535422e-02,2.181604787255799760e-01,-1.146467837466180143e-03,8.670088793705957309e-02,2.761058902876718513e-01,9.269348070688991914e-01,-4.721413527543626143e-02,1.102372417454643383e+01,2.053006853023194370e-02,2.445613787925316265e-02,2.138683766851474585e-02,2.049576809728964957e-02,1.488231882644062698e-01,1.624311585050618456e-01,1.518968232752289926e-01,1.486988137713798896e-01
7.600000000000000089e-01,2.971497123311534622e-02,5.889512975291726071e-02,7.902164911247527845e-02,4.463652450408693573e-02,2.186266893541942424e-01,-5.542743997671153522e-04,8.668561638459837404e-02,2.768605632557156748e-01,9.268171714087335422e-01,-4.689438848975041596e-02,1.102800447106112181e+01,2.051986222648964978e-02,2.445718987223355345e-02,2.138320282507765249e-02,2.048260580418185747e-02,1.487956327334759021e-01,1.624449601248114661e-01,1.518935533373467761e-01,1.486604926572160090e-01
7.625000000000000666e-01,2.969071614381972937e-02,5.893036506265922347e-02,7.903559463003176355e-02,4.462329020934176910e-02,2.190924277934191700e-01,3.792052511790762893e-05,8.667010404668017143e-02,2.776147323979045733e-01,9.267003351496618802e-01,-4.657461384911887325e-02,1.103229796769247706e+01,2.050963760185498322e-02,2.445820565815689032e-02,2.137956959200998722e-02,2.046941400036694780e-02,1.487679344889201727e-01,1.624585737556149823e-01,1.518902227065655752e-01,1.486219806924266584e-01
7.650000000000000133e-01,2.966658350594313445e-02,5.896531217407657149e-02,7.904936037392028270e-02,4.461198119803737316e-02,2.195576947541244550e-01,6.301190635079180567e-04,8.665435090404240148e-02,2.783684064757043219e-01,9.265842983654778431e-01,-4.625480801985779045e-02,1.103660467267155276e+01,2.049939471434533353e-02,2.445918523383635093e-02,2.137593798155100824e-02,2.045619278157580212e-02,1.487400936752147351e-01,1.624719993217796643e-01,1.518868314020153931e-01,1.485832781016040161e-01
7.675000000000000711e-01,2.964257224142814034e-02,5.899996975860769682e-02,7.906294598978706734e-02,4.460260295411904580e-02,2.200224909823328967e-01,1.222323381546210844e-03,8.663835693888172207e-02,2.791215941321213423e-01,9.264690611383716856e-01,-4.593496761872214312e-02,1.104092459435214657e+01,2.048913362193655399e-02,2.446012859611467957e-02,2.137230800593193855e-02,2.044294224314496811e-02,1.487121104365416446e-01,1.624852367472483794e-01,1.518833794423649908e-01,1.485443851078694089e-01
7.700000000000000178e-01,2.961868126489936720e-02,5.903433648646830290e-02,7.907635112289680690e-02,4.459516065914689853e-02,2.204868172604295129e-01,1.814535686071785470e-03,8.662212213495554258e-02,2.798743038915360026e-01,9.263546235590538469e-01,-4.561508921278486367e-02,1.104525774121074200e+01,2.047885438256082796e-02,2.446103574186173774e-02,2.136867967737589996e-02,2.042966248002319601e-02,1.486839849167722882e-01,1.624982859555808845e-01,1.518798668458110346e-01,1.485053019328862467e-01
7.724999999999999645e-01,2.959490948380209818e-02,5.906841102669786736e-02,7.908957541822511650e-02,4.458965919211904660e-02,2.209506744083802321e-01,2.406758225483851370e-03,8.660564647768272117e-02,2.806265441596207388e-01,9.262409857268799618e-01,-4.529516931932220380e-02,1.104960412184649421e+01,2.046855705410448312e-02,2.446190666797197835e-02,2.136505300809783681e-02,2.041635358677797510e-02,1.486557172594499543e-01,1.625111468699342865e-01,1.518762936300676880e-01,1.484660287968729564e-01
7.750000000000000222e-01,2.957125579854469680e-02,5.910219204720689595e-02,7.910261852055147647e-02,4.458610312936066994e-02,2.214140632849578294e-01,2.998993290595089369e-03,8.658892995424552486e-02,2.813783232233430520e-01,9.261281477499732073e-01,-4.497520440570539069e-02,1.105396374498121226e+01,2.045824169440574325e-02,2.446274137136188534e-02,2.136142801030442920e-02,2.040301565760206312e-02,1.486273076077724020e-01,1.625238194130440850e-01,1.518726598123557869e-01,1.484265659186158881e-01
7.774999999999999689e-01,2.954771910264471224e-02,5.913567821482376696e-02,7.911548007455275477e-02,4.458449674447657884e-02,2.218769847889775215e-01,3.591243215478542600e-03,8.657197255369178390e-02,2.821296492510544374e-01,9.260161097453527557e-01,-4.465519088929916641e-02,1.105833661945936086e+01,2.044790836125244191e-02,2.446353984896736458e-02,2.135780469619401323e-02,2.038964878631999850e-02,1.485987561045739036e-01,1.625363035072041606e-01,1.518689654093919594e-01,1.483869135154821106e-01
7.800000000000000266e-01,2.952429828287844379e-02,5.916886819534188102e-02,7.912815972489663230e-02,4.458484400836636857e-02,2.223394398605390565e-01,4.183510378302640609e-03,8.655477426703761523e-02,2.828805302926644116e-01,9.259048718390555655e-01,-4.433512513736646843e-02,1.106272275424807461e+01,2.043755711237966316e-02,2.446430209774107245e-02,2.135418307795648035e-02,2.037625306639458470e-02,1.485700628923073974e-01,1.625485990742473463e-01,1.518652104373781619e-01,1.483470718034324565e-01
7.824999999999999734e-01,2.950099221943450895e-02,5.920176065356666517e-02,7.914065711633534728e-02,4.458714858930039326e-02,2.228014294822787400e-01,4.775797202157639615e-03,8.653733508737045110e-02,2.836309742799023592e-01,9.257944341662638355e-01,-4.401500346698025007e-02,1.106712215843720770e+01,2.042718800546733035e-02,2.446502811464970270e-02,2.135056316777318372e-02,2.036282859093335729e-02,1.485412281130260304e-01,1.625607060355251654e-01,1.518613949119905493e-01,1.483070409970341785e-01
7.850000000000000311e-01,2.947779978607073872e-02,5.923435425336312510e-02,7.915297189380005038e-02,4.459141385305376293e-02,2.232629546806267906e-01,5.368106155871483348e-03,8.651965500995283109e-02,2.843809890266628115e-01,9.256847968714294606e-01,-4.369482214494201100e-02,1.107153484123936060e+01,2.041680109813774277e-02,2.446571789667122132e-02,2.134694497781683409e-02,2.034937545269502671e-02,1.485122519083649228e-01,1.625726243118880143e-01,1.518575188483688720e-01,1.482668213094738008e-01
7.874999999999999778e-01,2.945471985027504555e-02,5.926664765770287696e-02,7.916510370249496553e-02,4.459764286309904346e-02,2.237240165270752423e-01,5.960439754814535196e-03,8.650173403232608305e-02,2.851305822294400438e-01,9.255759601084010413e-01,-4.337457738770762739e-02,1.107596081198996529e+01,2.040639644795305685e-02,2.446637144079205628e-02,2.134332852025138533e-02,2.033589374409586203e-02,1.484831344195223779e-01,1.625843538236645125e-01,1.518535822611052910e-01,1.482264129525697471e-01
7.900000000000000355e-01,2.943175127342994787e-02,5.929863952871154004e-02,7.917705218799196698e-02,4.460583838085265679e-02,2.241846161394511761e-01,6.552800561693126156e-03,8.648357215441480894e-02,2.858797614678457166e-01,9.254679240405477847e-01,-4.305426536132010013e-02,1.108040008014737410e+01,2.039597411241271183e-02,2.446698874400424911e-02,2.133971380723192687e-02,2.032238355721607478e-02,1.484538757872410630e-01,1.625958944906414627e-01,1.518495851642339411e-01,1.481858161367850812e-01
7.924999999999999822e-01,2.940889291098054692e-02,5.933032852771603916e-02,7.918881699632504545e-02,4.461600286597584841e-02,2.246447546831984998e-01,7.145191187332552638e-03,8.646516937863162056e-02,2.866285342052142804e-01,9.253606888408881792e-01,-4.273388218135003996e-02,1.108485265529296804e+01,2.038553414895078950e-02,2.446756980330253364e-02,2.133610085090456576e-02,2.030884498380611941e-02,1.484244761517888034e-01,1.626072462320427292e-01,1.518455275712194963e-01,1.481450310712398855e-01
7.950000000000000400e-01,2.938614361260655922e-02,5.936171331529206674e-02,7.920039777408544035e-02,4.462813847672651019e-02,2.251044333726663071e-01,7.737614291446580708e-03,8.644652570998198615e-02,2.873769077892934787e-01,9.252542546922140065e-01,-4.241342391284314700e-02,1.108931854713125986e+01,2.037507661493333233e-02,2.446811461568140084e-02,2.133248966340629826e-02,2.029527811529297301e-02,1.483949356529393748e-01,1.626184089665088373e-01,1.518414094949466775e-01,1.481040579637236676e-01
7.974999999999999867e-01,2.936350222239769714e-02,5.939279255131121871e-02,7.921179416851648059e-02,4.464224707036032469e-02,2.255636534724042574e-01,8.330072583395764854e-03,8.642764115616963227e-02,2.881248894530189508e-01,9.251486217872180173e-01,-4.209288657027603076e-02,1.109379776549007701e+01,2.036460156765558874e-02,2.446862317813209425e-02,2.132888025686487457e-02,2.028168304278635953e-02,1.483652544299529641e-01,1.626293826120757957e-01,1.518372309477088455e-01,1.480628970207077955e-01
8.000000000000000444e-01,2.934096757903295952e-02,5.942356489498872019e-02,7.922300582760835597e-02,4.465833020357994065e-02,2.260224162984656171e-01,8.922568822932902891e-03,8.640851572770208433e-02,2.888724863153748212e-01,9.250437903286201635e-01,-4.177226611751901075e-02,1.109829032032069485e+01,2.035410906433922362e-02,2.446909548763958470e-02,2.132527264339866696e-02,2.026805985708490104e-02,1.483354326215563235e-01,1.626401670861541138e-01,1.518329919411973705e-01,1.480215484473573206e-01
8.024999999999999911e-01,2.931853851596360680e-02,5.945402900493036713e-02,7.923403240019374905e-02,4.467638913302863363e-02,2.264807232197159348e-01,9.515105820934973910e-03,8.638914943799642920e-02,2.896197053823375001e-01,9.249397605292937197e-01,-4.145155846780750053e-02,1.110279622169804981e+01,2.034359916212944569e-02,2.446953154117947199e-02,2.132166683511653796e-02,2.025440864868222751e-02,1.483054703659229534e-01,1.626507623055074847e-01,1.518286924864903631e-01,1.479800124475432466e-01
8.050000000000000488e-01,2.929621386159951199e-02,5.948418353918022428e-02,7.924487353604271755e-02,4.469642481582739718e-02,2.269385756591486558e-01,1.010768644012199034e-02,8.636954230348557748e-02,2.903665535479029169e-01,9.248365326123924035e-01,-4.113075948372134361e-02,1.110731547982093481e+01,2.033307191809210004e-02,2.446993133571487636e-02,2.131806284411767727e-02,2.024072950777301705e-02,1.482753678006527853e-01,1.626611681862314140e-01,1.518243325940418220e-01,1.479382892238542135e-01
8.074999999999999956e-01,2.927399243949959165e-02,5.951402715526778880e-02,7.925552888595797929e-02,4.471843791015280012e-02,2.273959750952068704e-01,1.070031359576177621e-02,8.634969434372415098e-02,2.911130375951960780e-01,9.247341068114763862e-01,-4.080986497717235123e-02,1.111184810501223552e+01,2.032252738921069488e-02,2.447029486819326735e-02,2.131446068249146300e-02,2.022702252425895644e-02,1.482451250627520589e-01,1.626713846437317923e-01,1.518199122736704765e-01,1.478963789776080451e-01
8.100000000000000533e-01,2.925187306856549818e-02,5.954355851025523033e-02,7.926599810187004436e-02,4.474242877585404843e-02,2.278529230631106128e-01,1.129299025636048420e-02,8.632960558149506414e-02,2.918591641976620576e-01,9.246324833706399682e-01,-4.048887070940021538e-02,1.111639410771918612e+01,2.031196563238337610e-02,2.447062213554326154e-02,2.131086036231729514e-02,2.021328778775464269e-02,1.482147422886124222e-01,1.626814115927030790e-01,1.518154315345487393e-01,1.478542819088632387e-01
8.125000000000000000e-01,2.922985456323926728e-02,5.957277626078503335e-02,7.927628083693298577e-02,4.476839747510542172e-02,2.283094211561915721e-01,1.188571944433925234e-02,8.630927604291641075e-02,2.926049399203377033e-01,9.245316625446374781e-01,-4.016777239097720636e-02,1.112095349851365889e+01,2.030138670441983262e-02,2.447091313467137513e-02,2.130726189566443940e-02,2.019952538759339777e-02,1.481842196139904200e-01,1.626912489471066536e-01,1.518108903851916602e-01,1.478119982164302071e-01
8.150000000000000577e-01,2.920793573370423710e-02,5.960167906312702907e-02,7.928637674561872517e-02,4.479634377309388293e-02,2.287654710272311320e-01,1.247850423669413962e-02,8.628870575754721273e-02,2.933503712212031656e-01,9.244316445990097275e-01,-3.984656568182153719e-02,1.112552628809245370e+01,2.029079066203816339e-02,2.447116786245875225e-02,2.130366529459185726e-02,2.018573541283301062e-02,1.481535571739863721e-01,1.627008966201489715e-01,1.518062888334459348e-01,1.477695280978822412e-01
8.175000000000000044e-01,2.918611538608993985e-02,5.963026557322578802e-02,7.929628548381306707e-02,4.482626713873835017e-02,2.292210743898059344e-01,1.307134776564313969e-02,8.626789475849519495e-02,2.940954644526112549e-01,9.243324298102120196e-01,-3.952524619121956795e-02,1.113011248727762492e+01,2.028017756186167170e-02,2.447138631575783083e-02,2.130007057114802552e-02,2.017191795226138187e-02,1.481227551030231959e-01,1.627103545242593319e-01,1.518016268864785245e-01,1.477268717495661687e-01
8.200000000000000622e-01,2.916439232268026177e-02,5.965853444674804051e-02,7.930600670891016502e-02,4.485816674543793847e-02,2.296762330196362722e-01,1.366425321925552466e-02,8.624684308252272835e-02,2.948402258627930705e-01,9.242340184657387159e-01,-3.920380947785728765e-02,1.113471210701686154e+01,2.026954746041562117e-02,2.447156849138899803e-02,2.129647773737076977e-02,2.015807309440208889e-02,1.480918135348250342e-01,1.627196225710680622e-01,1.517969045507659431e-01,1.476840293666129567e-01
8.225000000000000089e-01,2.914276534212524930e-02,5.968648433912997209e-02,7.931554007990793131e-02,4.489204147184809590e-02,2.301309487559416445e-01,1.425722384206633969e-02,8.622555077015416070e-02,2.955846615974401792e-01,9.241364108642506903e-01,-3.888225104986083036e-02,1.113932515838382464e+01,2.025890041412391207e-02,2.447171438613720412e-02,2.129288680528707012e-02,2.014420092751986746e-02,1.480607326023958004e-01,1.627287006713841466e-01,1.517921218320829324e-01,1.476410011429480362e-01
8.250000000000000666e-01,2.912123323965660690e-02,5.971411390562449822e-02,7.932488525750239217e-02,4.492788990268176824e-02,2.305852235027995301e-01,1.485026293567403774e-02,8.620401786578235637e-02,2.963287777013607349e-01,9.240396073157025603e-01,-3.856056636484674061e-02,1.114395165257860398e+01,2.024823647930571943e-02,2.447182399674852418e-02,2.128929778691287036e-02,2.013030153962597213e-02,1.480295124379970850e-01,1.627375887351729111e-01,1.517872787354913600e-01,1.475977872713010730e-01
8.275000000000000133e-01,2.909979480730634852e-02,5.974142180134889984e-02,7.933404190418291702e-02,4.496571032953249752e-02,2.310390592305086033e-01,1.544337385932153216e-02,8.618224441777563860e-02,2.970725801202070970e-01,9.239436081414671431e-01,-3.823875082998157149e-02,1.114859160092809987e+01,2.023755571217206520e-02,2.447189731992671646e-02,2.128571069425289064e-02,2.011637501848346013e-02,1.479981531731265065e-01,1.627462866715337353e-01,1.517823752653292280e-01,1.475543879432157923e-01
8.300000000000000711e-01,2.907844883412926545e-02,5.976840668133210493e-02,7.934300968432630996e-02,4.500550075171880215e-02,2.314924579769568058e-01,1.603656003046036865e-02,8.616023047858427375e-02,2.978160747022753907e-01,9.238484136744627984e-01,-3.791679980205141937e-02,1.115324501488652764e+01,2.022685816882233839e-02,2.447193435232972517e-02,2.128212553930042272e-02,2.010242145161236088e-02,1.479666549384953123e-01,1.627547943886774595e-01,1.517774114251995710e-01,1.475108033490593884e-01
8.325000000000000178e-01,2.905719410642877698e-02,5.979506720056240038e-02,7.935178826429134524e-02,4.504725887714602223e-02,2.319454218489920838e-01,1.662982492529734013e-02,8.613797610484728862e-02,2.985592672003740122e-01,9.237540242592782169e-01,-3.759470858754134642e-02,1.115791190603588134e+01,2.021614390524076321e-02,2.447193509056616589e-02,2.127854233403711839e-02,2.008844092629474484e-02,1.479350178640061741e-01,1.627631117939040140e-01,1.517723872179592981e-01,1.474670336780316005e-01
8.349999999999999645e-01,2.903602940798592075e-02,5.982140201403507440e-02,7.936037731251291416e-02,4.509098212318399940e-02,2.323979530237973157e-01,1.722317207932362246e-02,8.611548135749882982e-02,2.993021632737581372e-01,9.236604402522994306e-01,-3.727247244272510057e-02,1.116259228608646126e+01,2.020541297729280122e-02,2.447189953119177294e-02,2.127496109043278821e-02,2.007443352957968136e-02,1.479032420787305679e-01,1.627712387935795757e-01,1.517673026457081464e-01,1.474230791181734834e-01
8.375000000000000222e-01,2.901495352029222902e-02,5.984740977680023249e-02,7.936877649959586667e-02,4.513666761755866924e-02,2.328500537502694867e-01,1.781660508782542326e-02,8.609274630187463417e-02,3.000447684901307865e-01,9.235676620218338240e-01,-3.695008657376506328e-02,1.116728616687741571e+01,2.019466544072149802e-02,2.447182767070582576e-02,2.127138182044517947e-02,2.006039934828807852e-02,1.478713277108860413e-01,1.627791752931140867e-01,1.517621577097777175e-01,1.473789398563759012e-01
8.399999999999999689e-01,2.899396522278530758e-02,5.987308914401064108e-02,7.937698549840858930e-02,4.518431219925450604e-02,2.333017263503990024e-01,1.841012760637775192e-02,8.606977100781791623e-02,3.007870883277065643e-01,9.234756899482363668e-01,-3.662754613682268900e-02,1.117199356037732016e+01,2.018390135114378828e-02,2.447171950554754769e-02,2.126780453601975068e-02,2.004633846901742247e-02,1.478392748878133156e-01,1.627869211969384111e-01,1.517569524107202361e-01,1.473346160783876035e-01
8.425000000000000266e-01,2.897306329308835596e-02,5.989843877097011243e-02,7.938500398417638881e-02,4.523391241942683466e-02,2.337529732206546917e-01,1.900374335131746126e-02,8.604655554978564436e-02,3.015291281773369580e-01,9.233845244240338479e-01,-3.630484623817969991e-02,1.117671447868477941e+01,2.017312076404672444e-02,2.447157503209247340e-02,2.126422924908944953e-02,2.003225097814638478e-02,1.478070837359531930e-01,1.627944764084816309e-01,1.517516867482977538e-01,1.472901079688230808e-01
8.449999999999999734e-01,2.895224650725262625e-02,5.992345731318167446e-02,7.939283163457468151e-02,4.528546454232041524e-02,2.342037968333690878e-01,1.959745610019931680e-02,8.602310000695395642e-02,3.022708933446937030e-01,9.232941658540489982e-01,-3.598198193437025794e-02,1.118144893402907947e+01,2.016232373478367076e-02,2.447139424664879909e-02,2.126065597157448042e-02,2.001813696183931193e-02,1.477747543808233810e-01,1.628018408301482034e-01,1.517463607214709631e-01,1.472454157111701134e-01
8.475000000000000311e-01,2.893151364000314668e-02,5.994814342639638582e-02,7.940046812982143321e-02,4.533896454619342625e-02,2.346541997381265676e-01,2.019126969223176624e-02,8.599940446332370036e-02,3.030123890525104335e-01,9.232046146555262789e-01,-3.565894823232411415e-02,1.118619693877082710e+01,2.015151031857042793e-02,2.447117714545370137e-02,2.125708471538205815e-02,2.000399650605059684e-02,1.477422869469948163e-01,1.628090143632950348e-01,1.517409743283882062e-01,1.472005394877965445e-01
8.499999999999999778e-01,2.891086346498761631e-02,5.997249576666212334e-02,7.940791315276982121e-02,4.539440812424446609e-02,2.351041845631526295e-01,2.078518802869398774e-02,8.597546900782543355e-02,3.037536204428772924e-01,9.231158712582538950e-01,-3.533574008952107548e-02,1.119095850540267101e+01,2.014068057048130911e-02,2.447092372466964927e-02,2.125351549240617199e-02,1.998982969652892544e-02,1.477096815580682954e-01,1.628159969082087488e-01,1.517355275663746228e-01,1.471554794799573573e-01
8.525000000000000355e-01,2.889029475502870314e-02,5.999651299037304236e-02,7.941516638900002201e-02,4.545179068553995005e-02,2.355537540167058075e-01,2.137921507333254839e-02,8.595129373442414455e-02,3.044945925795886077e-01,9.230279361046882514e-01,-3.501235241415687899e-02,1.119573364655003012e+01,2.012983454544515355e-02,2.447063398038067106e-02,2.124994831452733934e-02,1.997563661882138103e-02,1.476769383366505484e-01,1.628227883640826490e-01,1.517300204319212142e-01,1.471102358678008371e-01
8.549999999999999822e-01,2.886980628237892713e-02,6.002019375431914133e-02,7.942222752691119325e-02,4.551110735594122297e-02,2.360029108884684201e-01,2.197335485273854000e-02,8.592687874222398881e-02,3.052353104505394210e-01,9.229408096500769654e-01,-3.468878006532093161e-02,1.120052237497183967e+01,2.011897229824129510e-02,2.447030790858863158e-02,2.124638319361234207e-02,1.996141735827744457e-02,1.476440574043303144e-01,1.628293886289938208e-01,1.517244529206736858e-01,1.470648088303745937e-01
8.575000000000000400e-01,2.884939681897933511e-02,6.004353671573644385e-02,7.942909625781222061e-02,4.557235297902812593e-02,2.364516580509395949e-01,2.256761145670431803e-02,8.590222413557163650e-02,3.059757789701695319e-01,9.228544923625803253e-01,-3.436501785318574198e-02,1.120532470356136834e+01,2.010809388349547866e-02,2.446994550520946790e-02,2.124282014151397668e-02,1.994717200005284227e-02,1.476110388816542773e-01,1.628357975998803719e-01,1.517188250274218997e-01,1.470191985456312800e-01
8.599999999999999867e-01,2.882906513672043106e-02,6.006654053235777058e-02,7.943577227601297808e-02,4.563552211701826788e-02,2.368999984608277376e-01,2.316198903856003799e-02,8.587733002416045314e-02,3.067160029819520073e-01,9.227689847233950804e-01,-3.404106053920834263e-02,1.121014064534703181e+01,2.009719935567571072e-02,2.446954676606941451e-02,2.123925917007078376e-02,1.993290062911326141e-02,1.475778828881028071e-01,1.628420151725182841e-01,1.517131367460888558e-01,1.469734051904335592e-01
8.625000000000000444e-01,2.880881000770657563e-02,6.008920386246367762e-02,7.944225527891440874e-02,4.570060905168028820e-02,2.373479351604443899e-01,2.375649181548881647e-02,8.585219652313308414e-02,3.074559872609234357e-01,9.226842872268743445e-01,-3.371690283634407731e-02,1.121497021349325429e+01,2.008628876908806135e-02,2.446911168690122512e-02,2.123570029110678770e-02,1.991860333023794116e-02,1.475445895420653963e-01,1.628480412414987089e-01,1.517073880697198951e-01,1.469274289405591849e-01
8.649999999999999911e-01,2.878863020452313709e-02,6.011152536493465787e-02,7.944854496709853608e-02,4.576760778523818879e-02,2.377954712790947556e-01,2.435112406882150235e-02,8.582682375318440027e-02,3.081957365162525941e-01,9.226004003806493881e-01,-3.339253940927314895e-02,1.121981342130136916e+01,2.007536217787242103e-02,2.446864026334037018e-02,2.123214351643120876e-02,1.990428018802312474e-02,1.475111589608162910e-01,1.628538757002049586e-01,1.517015789904720413e-01,1.468812699707052749e-01
8.675000000000000488e-01,2.876852450050648019e-02,6.013350369930336309e-02,7.945464104441779529e-02,4.583651204126733270e-02,2.382426100344699482e-01,2.494589014431000673e-02,8.580121184066306916e-02,3.089352553938474188e-01,9.225173247057500969e-01,-3.306796487463909556e-02,1.122467028221053553e+01,2.006441963599819162e-02,2.446813249092121695e-02,2.122858885783819594e-02,1.988993128688536574e-02,1.474775912604895656e-01,1.628595184407897745e-01,1.516957094996030375e-01,1.468349284544924471e-01
8.699999999999999956e-01,2.874849167001681388e-02,6.015513752580805423e-02,7.946054321808410092e-02,4.590731526557850772e-02,2.386893547340378230e-01,2.554079445238016319e-02,8.577536091767362647e-02,3.096745484789931169e-01,9.224350607367245436e-01,-3.274317380130081778e-02,1.122954080979871705e+01,2.005346119725993220e-02,2.446758836507321316e-02,2.122503632710653551e-02,1.987555671106469232e-02,1.474438865560544210e-01,1.628649693541523169e-01,1.516897795874610211e-01,1.467884045644683166e-01
8.725000000000000533e-01,2.872853048871364459e-02,6.017642550544682889e-02,7.946625119875701249e-02,4.598001062709002051e-02,2.391357087764297562e-01,2.613584146836034350e-02,8.574927112217667347e-02,3.104136202990224747e-01,9.223536090217574479e-01,-3.241816071059742954e-02,1.123442501778365710e+01,2.004248691527295984e-02,2.446700788111705327e-02,2.122148593599936309e-02,1.986115654462765681e-02,1.474100449612900932e-01,1.628702283299156284e-01,1.516837892434736712e-01,1.467416984721109652e-01
8.750000000000000000e-01,2.870863973383420281e-02,6.019736630003254957e-02,7.947176470063176124e-02,4.605459101868653732e-02,2.395816756528288127e-01,2.673103573269215716e-02,8.572294259808968531e-02,3.111524753260130893e-01,9.222729701227899701e-01,-3.209292007662602197e-02,1.123932292002393218e+01,2.003149684346887741e-02,2.446639103426083775e-02,2.121793769626387216e-02,1.984673087147020842e-02,1.473760665887607346e-01,1.628752952564037071e-01,1.516777384561376341e-01,1.466948103478314391e-01
8.775000000000000577e-01,2.868881818447423238e-02,6.021795857224900017e-02,7.947708344152651372e-02,4.613104905806241635e-02,2.400272589483529173e-01,2.732638185111571985e-02,8.569637549538622334e-02,3.118911179795104682e-01,9.221931446156368395e-01,-3.176744632653367983e-02,1.124423453052000355e+01,2.002049103509107378e-02,2.446573781959621857e-02,2.121439161963100881e-02,1.983227977532044800e-02,1.473419515497900179e-01,1.628801700206188863e-01,1.516716272130081700e-01,1.466477403609764973e-01
8.800000000000000044e-01,2.866906462187148591e-02,6.023820098570817350e-02,7.948220714296889977e-02,4.620937708855004517e-02,2.404724623434360831e-01,2.792188449483509402e-02,8.566956997019496700e-02,3.126295526292711680e-01,9.221141330901030386e-01,-3.144173384082227934e-02,1.124915986341531138e+01,2.000946954319016494e-02,2.446504823209455851e-02,2.121084771781517331e-02,1.981780333974123703e-02,1.473076999544359889e-01,1.628848525082193244e-01,1.516654555006885507e-01,1.466004886798303042e-01
8.825000000000000622e-01,2.864937782969167318e-02,6.025809220500843999e-02,7.948713553028229073e-02,4.628956717993057413e-02,2.409172896152064758e-01,2.851754840065953353e-02,8.564252618489769098e-02,3.133677835980260284e-01,9.220359361501000439e-01,-3.111577695366778834e-02,1.125409893299742947e+01,1.999843242061937268e-02,2.446432226660306616e-02,2.120730600251390791e-02,1.980330164813265750e-02,1.472733119114653100e-01,1.628893426034963843e-01,1.516592233048197347e-01,1.465530554716163725e-01
8.850000000000000089e-01,2.862975659431698378e-02,6.027763089579448591e-02,7.949186833267132823e-02,4.637161112922805889e-02,2.413617446388609533e-01,2.911337837112393245e-02,8.561524430822683995e-02,3.141058151642591723e-01,9.219585544137615107e-01,-3.078956995325332624e-02,1.125905175369921984e+01,1.998737972002987556e-02,2.446355991784094491e-02,2.120376648540758108e-02,1.978877478373433293e-02,1.472387875283277525e-01,1.628936401893522901e-01,1.516529306100701524e-01,1.465054409024985071e-01
8.875000000000000666e-01,2.861019970513685798e-02,6.029681572481816049e-02,7.949640528330678690e-02,4.645550046148397977e-02,2.418058313890343314e-01,2.970937927458557407e-02,8.558772451536227066e-02,3.148436515649974954e-01,9.218819885135586256e-01,-3.046310708211664650e-02,1.126401834010004777e+01,1.997631149386608698e-02,2.446276118039552791e-02,2.120022917815907529e-02,1.977422282962760028e-02,1.472041269111302175e-01,1.628977451472775895e-01,1.516465774001251876e-01,1.464576451375816379e-01
8.900000000000000133e-01,2.859070595484109259e-02,6.031564536000121046e-02,7.950074611940964597e-02,4.654122643051405994e-02,2.422495539411660403e-01,3.030555604529899805e-02,8.555996698802631473e-02,3.155812969986118155e-01,9.218062390964117947e-01,-3.013638253751188545e-02,1.126899870692701811e+01,1.996522779436091244e-02,2.446192604871842702e-02,2.119669409241345739e-02,1.975964586873754994e-02,1.471693301646112007e-01,1.629016573573291993e-01,1.516401636576772960e-01,1.464096683409124022e-01
8.925000000000000711e-01,2.857127413971535107e-02,6.033411847049947874e-02,7.950489058233486950e-02,4.662878001964496089e-02,2.426929164728593158e-01,3.090191368346661624e-02,8.553197191457953541e-02,3.163187556276233492e-01,9.217313068238046636e-01,-2.980939047178635809e-02,1.127399286905625075e+01,1.995412867353092701e-02,2.446105451712167478e-02,2.119316123979765251e-02,1.974504398383491663e-02,1.471343973921145909e-01,1.629053766981080342e-01,1.516336893644157913e-01,1.463615106754788953e-01
8.950000000000000178e-01,2.855190305993863045e-02,6.035223372676878223e-02,7.950883841765406246e-02,4.671815194243103542e-02,2.431359232652375579e-01,3.149845725526747436e-02,8.550373949011409735e-02,3.170560315815119656e-01,9.216571923718962500e-01,-2.948212499277174520e-02,1.127900084151420046e+01,1.994301418317153199e-02,2.446014657977387680e-02,2.118963063192011442e-02,1.973041725753782449e-02,1.470993286955635526e-01,1.629089030467370802e-01,1.516271545010167421e-01,1.463131723032104481e-01
8.974999999999999645e-01,2.853259151988317074e-02,6.036998980063271875e-02,7.951258937523800197e-02,4.680933264335172123e-02,2.435785787042928918e-01,3.209519189286320212e-02,8.547526991654723350e-02,3.177931289595250508e-01,9.215838964316315218e-01,-2.915458016419079229e-02,1.128402263947900863e+01,1.993188437485204911e-02,2.445920223069636412e-02,2.118610228037048210e-02,1.971576577231339694e-02,1.470641241754344908e-01,1.629122362788394673e-01,1.516205590471330633e-01,1.462646533849767116e-01
9.000000000000000222e-01,2.851333832841614069e-02,6.038738536535261103e-02,7.951614320933776681e-02,4.690231229848779160e-02,2.440208872822288988e-01,3.269212279437883062e-02,8.544656340271317152e-02,3.185300518334829856e-01,9.215114197088494219e-01,-2.882675000607887172e-02,1.128905827828186759e+01,1.992073929991077658e-02,2.445822146375935605e-02,2.118257619671924663e-02,1.970108961047921728e-02,1.470287839307307942e-01,1.629153762685168760e-01,1.516139029813849126e-01,1.462159540805866020e-01
9.024999999999999689e-01,2.849414229920326988e-02,6.040441909569924800e-02,7.951949967866575597e-02,4.699708081617858663e-02,2.444628535987966311e-01,3.328925522386312619e-02,8.541762016445428318e-02,3.192668042505780179e-01,9.214397629243944454e-01,-2.849862849522145566e-02,1.129410777340846295e+01,1.990957900944999651e-02,2.445720427267813676e-02,2.117905239251740082e-02,1.968638885420466444e-02,1.469933080589563013e-01,1.629183228883277212e-01,1.516071862813495874e-01,1.461670745487866629e-01
9.050000000000000266e-01,2.847500225101485746e-02,6.042108966802710313e-02,7.952265854647556920e-02,4.709362783765744243e-02,2.449044823626234935e-01,3.388659451122279231e-02,8.538844042471135931e-02,3.200033902361602567e-01,9.213689268142217781e-01,-2.817020956560688585e-02,1.129917114050041782e+01,1.989840355433093733e-02,2.445615065100922511e-02,2.117553087929608530e-02,1.967166358551209263e-02,1.469576966560891818e-01,1.629210760092658916e-01,1.516004089235520880e-01,1.461180149472591228e-01
9.074999999999999734e-01,2.845591700803303328e-02,6.043739576035101618e-02,7.952561958064136016e-02,4.719194273766910003e-02,2.453457783925344360e-01,3.448414605213543510e-02,8.535902441361227500e-02,3.207398137965130624e-01,9.212989121295050987e-01,-2.784148710889499528e-02,1.130424839535678316e+01,1.988721298516868408e-02,2.445506059214657898e-02,2.117201166856623809e-02,1.965691388627787903e-02,1.469219498165551252e-01,1.629236355007393222e-01,1.515935708834554585e-01,1.460687754326196741e-01
9.100000000000000311e-01,2.843688540016112848e-02,6.045333605242531744e-02,7.952838255373644027e-02,4.729201462506636700e-02,2.457867466188635441e-01,3.508191530793729890e-02,8.532937236856052987e-02,3.214760789216096204e-01,9.212297196367412733e-01,-2.751245497490218545e-02,1.130933955393557078e+01,1.987600735232706792e-02,2.445393408931779630e-02,2.116849477181823730e-02,1.964213983823334328e-02,1.468860676332009174e-01,1.629260012305489835e-01,1.515866721354513502e-01,1.460193561604146983e-01
9.124999999999999778e-01,2.841790626333478773e-02,6.046890922582551925e-02,7.953094724311082775e-02,4.739383234338850892e-02,2.462273920847593556e-01,3.567990780548919993e-02,8.529948453432179001e-02,3.222121895878508613e-01,9.211613501178538277e-01,-2.718310697210215426e-02,1.131444463235530584e+01,1.986478670591348972e-02,2.445277113558034024e-02,2.116498020052153331e-02,1.962734152296552112e-02,1.468500501972678784e-01,1.629281730648680093e-01,1.515797126528508065e-01,1.459697572851183789e-01
9.150000000000000355e-01,2.839897843983450396e-02,6.048411396403331752e-02,7.953331343096821382e-02,4.749738447142036468e-02,2.466677199474789084e-01,3.627812913701759789e-02,8.526936116310941671e-02,3.229481497607766260e-01,9.210938043702977529e-01,-2.685343686814349942e-02,1.131956364689664341e+01,1.985355109577370894e-02,2.445157172381777141e-02,2.116146796612428799e-02,1.961251902191780971e-02,1.468138975983650507e-01,1.629301508682207134e-01,1.515726924078746596e-01,1.459199789601290376e-01
9.174999999999999822e-01,2.838010077859976985e-02,6.049894895252405647e-02,7.953548090444234608e-02,4.760265932373489162e-02,2.471077354796725190e-01,3.687658495993243607e-02,8.523900251466937084e-02,3.236839633977531827e-01,9.210270832071575375e-01,-2.652343839038358991e-02,1.132469661400396888e+01,1.984230057148659784e-02,2.445033584673601129e-02,2.115795808005299650e-02,1.959767241639048460e-02,1.467776099244425259e-01,1.629319345034624944e-01,1.515656113716448983e-01,1.458700213377659705e-01
9.200000000000000400e-01,2.836127213554481830e-02,6.051341287885780851e-02,7.953744945567201019e-02,4.770964495121802346e-02,2.475474440706595947e-01,3.747528099662180562e-02,8.520840885636322970e-02,3.244196344506267149e-01,9.209611874572505297e-01,-2.619310522643953504e-02,1.132984355028709267e+01,1.983103518235884710e-02,2.444906349685961253e-02,2.115445055371211261e-02,1.958280178754108827e-02,1.467411872617646329e-01,1.629335238317590195e-01,1.515584695141752314e-01,1.458198845692648682e-01
9.224999999999999867e-01,2.834249137387567785e-02,6.052750443277373632e-02,7.953921888187583111e-02,4.781832914157811698e-02,2.479868512276920955e-01,3.807422303422293430e-02,8.517758046325057952e-02,3.251551668683459462e-01,9.208961179652230822e-01,-2.586243102475578245e-02,1.133500447252294308e+01,1.981975497741963327e-02,2.444775466652805707e-02,2.115094539848367400e-02,1.956790721638467651e-02,1.467046296948831818e-01,1.629349187125665455e-01,1.515512668043624833e-01,1.457695688047737637e-01
9.250000000000000444e-01,2.832375736440855343e-02,6.054122230628772305e-02,7.954078898542576992e-02,4.792869941984038984e-02,2.484259625772078373e-01,3.867341692436928463e-02,8.514651761816940945e-02,3.258905645995442413e-01,9.208318755916493625e-01,-2.553140939518910857e-02,1.134017939765729643e+01,1.980846000541525848e-02,2.444640934789207853e-02,2.114744262572692060e-02,1.955298878379396754e-02,1.466679373066105685e-01,1.629361190036118234e-01,1.515440032099776291e-01,1.457190741933483413e-01
9.274999999999999911e-01,2.830506898588938669e-02,6.055456519379424918e-02,7.954215957391991276e-02,4.804074304882806346e-02,2.488647838660722200e-01,3.927286858291452465e-02,8.511522061181604759e-02,3.266258315950836266e-01,9.207684612131267210e-01,-2.520003390961061962e-02,1.134536834280656592e+01,1.979715031480373116e-02,2.444502753291000544e-02,2.114394224677790257e-02,1.953804657049934557e-02,1.466311101779928516e-01,1.629371245608725594e-01,1.515366786976573010e-01,1.456684008829469690e-01
9.300000000000000488e-01,2.828642512531480066e-02,6.056753179217175959e-02,7.954333046025451048e-02,4.815444702963131429e-02,2.493033209628069125e-01,3.987258398963291345e-02,8.508368974282290442e-02,3.273609718105519595e-01,9.207058757223688383e-01,-2.486829810252557532e-02,1.135057132525957080e+01,1.978582595374933292e-02,2.444360921334412518e-02,2.114044427294908823e-02,1.952308065708876009e-02,1.465941483882829688e-01,1.629379352385580126e-01,1.515292932328953235e-01,1.456175490204254797e-01
9.324999999999999956e-01,2.826782467825385628e-02,6.058012080089218016e-02,7.954430146269492186e-02,4.826979810206472737e-02,2.497415798588070168e-01,4.047256918789626789e-02,8.505192531783567489e-02,3.280959892087136343e-01,9.206441200282998727e-01,-2.453619547171050769e-02,1.135578836247941936e+01,1.977448697011712983e-02,2.444215438075709318e-02,2.113694871552897897e-02,1.950809112400750042e-02,1.465570520149137579e-01,1.629385508890898449e-01,1.515218467800342195e-01,1.455665187515316761e-01
9.350000000000000533e-01,2.824926654917105789e-02,6.059233092213497929e-02,7.954507240494597398e-02,4.838678274511654803e-02,2.501795666695442732e-01,4.107283028432780203e-02,8.501992765158840337e-02,3.288308877619089965e-01,9.205831950561449428e-01,-2.420371947886817282e-02,1.136101947210533503e+01,1.976313341146746991e-02,2.444066302650834549e-02,2.113345558578169983e-02,1.949307805155785916e-02,1.465198211334710343e-01,1.629389713630833014e-01,1.515143393022569673e-01,1.455153102208995852e-01
9.375000000000000000e-01,2.823074965175020878e-02,6.060416086090549687e-02,7.954564311622119854e-02,4.850538717738916983e-02,2.506172876357571355e-01,4.167337344843197872e-02,8.498769706697772985e-02,3.295656714543983012e-01,9.205231017475185018e-01,-2.387086355030059240e-02,1.136626467195460322e+01,1.975176532505042160e-02,2.443913514175056687e-02,2.112996489494660748e-02,1.947804151989869503e-02,1.464824558176667513e-01,1.629391965093287264e-01,1.515067707615792569e-01,1.454639235720434631e-01
9.400000000000000577e-01,2.821227290921906120e-02,6.061560932515815125e-02,7.954601343131109670e-02,4.862559735753489709e-02,2.510547491246258311e-01,4.227420491220280213e-02,8.495523389513520707e-02,3.303003442846479398e-01,9.204638410605129328e-01,-2.353762107760017791e-02,1.137152398002446141e+01,1.974038275780019835e-02,2.443757071742617623e-02,2.112647665423788776e-02,1.946298160904487429e-02,1.464449561393121046e-01,1.629392261747731885e-01,1.514991411188412185e-01,1.454123589473517164e-01
9.425000000000000044e-01,2.819383525467482332e-02,6.062667502592438556e-02,7.954618319065080712e-02,4.874739898468644084e-02,2.514919576309339044e-01,4.287533096970716495e-02,8.492253847549856294e-02,3.310349102675549382e-01,9.204054139697854797e-01,-2.320398541835864276e-02,1.137679741449410997e+01,1.972898575632954510e-02,2.443596974426384336e-02,2.112299087484413584e-02,1.944789839886662194e-02,1.464073221682904713e-01,1.629390602045023284e-01,1.514914503336997897e-01,1.453606164880801577e-01
9.450000000000000622e-01,2.817543563141039140e-02,6.063735667744585278e-02,7.954615224038653898e-02,4.887077749888611711e-02,2.519289197782141887e-01,4.347675797664631719e-02,8.488961115588097850e-02,3.317693734366065628e-01,9.203478214666394042e-01,-2.286994989689482977e-02,1.138208499372668570e+01,1.971757436692409687e-02,2.443433221277505757e-02,2.111950756792795383e-02,1.943279196908876197e-02,1.463695539725308192e-01,1.629386984417231232e-01,1.514836983646211388e-01,1.453086963343458160e-01
9.475000000000000089e-01,2.815707299324110222e-02,6.064765299731292997e-02,7.954592043244125554e-02,4.899571808151436531e-02,2.523656423198785137e-01,4.407849234989452691e-02,8.485645229253939437e-02,3.325037378459700932e-01,9.202910645591094729e-01,-2.253550780500072903e-02,1.138738673627129572e+01,1.970614863553669938e-02,2.443265811325070688e-02,2.111602674462553439e-02,1.941766239928987420e-02,1.463316516179806737e-01,1.629381407277459837e-01,1.514758851688732533e-01,1.452565986251198038e-01
9.500000000000000666e-01,2.813874630483218300e-02,6.065756270660883909e-02,7.954548762457931688e-02,4.912220565572061187e-02,2.528021321403318145e-01,4.468054056701509236e-02,8.482306225024061064e-02,3.332380075725129842e-01,9.202351442720395625e-01,-2.220065240270591850e-02,1.139270266086508165e+01,1.969470860778170518e-02,2.443094743575772651e-02,2.111254841604624788e-02,1.940250976890135412e-02,1.462936151685794717e-01,1.629373869019682119e-01,1.514680107025185851e-01,1.452043234982205999e-01
9.525000000000000133e-01,2.812045454202641639e-02,6.066708453005927038e-02,7.954485368047033156e-02,4.925022488685792954e-02,2.532383962560698087e-01,4.528290916575278269e-02,8.478944140232641535e-02,3.339721867177457004e-01,9.201800616471633720e-01,-2.186537691906119060e-02,1.139803278643530859e+01,1.968325432892925261e-02,2.442920017013575432e-02,2.110907259327221563e-02,1.938733415720638245e-02,1.462554446862316393e-01,1.629364368018569043e-01,1.514600749204070562e-01,1.451518710903067499e-01
9.550000000000000711e-01,2.810219669217245073e-02,6.067621719618852827e-02,7.954401846975175938e-02,4.937976018292419833e-02,2.536744418167587445e-01,4.588560474350550367e-02,8.475559013077654802e-02,3.347062794096854477e-01,9.201258177431792529e-01,-2.152967455294060167e-02,1.140337713210149495e+01,1.967178584389949608e-02,2.442741630599385913e-02,2.110559928735789015e-02,1.937213564333882185e-02,1.462171402307801127e-01,1.629352902629327970e-01,1.514520777761690917e-01,1.450992415368698996e-01
9.575000000000000178e-01,2.808397175445323177e-02,6.068495943748127008e-02,7.954298186809087567e-02,4.951079569501160016e-02,2.541102761062982163e-01,4.648863395677316906e-02,8.472150882627048352e-02,3.354402898046402459e-01,9.200724136358257033e-01,-2.119353847386254430e-02,1.140873571717753876e+01,1.966030319725682943e-02,2.442559583270728293e-02,2.110212850932962833e-02,1.935691430628201648e-02,1.461787018599794985e-01,1.629339471187542243e-01,1.514440192222088755e-01,1.450464349722272450e-01
9.599999999999999645e-01,2.806577874021480221e-02,6.069330999055132236e-02,7.954174375724572255e-02,4.964331531776779161e-02,2.545459065438654966e-01,4.709200352058364597e-02,8.468719788824718986e-02,3.361742220889038513e-01,9.200198504179530890e-01,-2.085696182282997108e-02,1.141410856117390793e+01,1.964880643320408501e-02,2.442373873941424550e-02,2.109866027018526130e-02,1.934167022486753956e-02,1.461401296294696783e-01,1.629324072009014357e-01,1.514358992096977719e-01,1.449934515295143167e-01
9.625000000000000222e-01,2.804761667329506644e-02,6.070126759631674918e-02,7.954030402512463072e-02,4.977730268986952505e-02,2.549813406849412711e-01,4.769572020789855649e-02,8.465265772496327612e-02,3.369080804803648022e-01,9.199681291995934762e-01,-2.051993771318959617e-02,1.141949568379985358e+01,1.963729559557669813e-02,2.442184501501279068e-02,2.109519458089366417e-02,1.932640347777385761e-02,1.461014235927493021e-01,1.629306703389614142e-01,1.514277176885681087e-01,1.449402913406774851e-01
9.649999999999999689e-01,2.802948459035278436e-02,6.070883100018189399e-02,7.953866256584542216e-02,4.991274119451324931e-02,2.554165862223153893e-01,4.829979084899583414e-02,8.461788875354958606e-02,3.376418692300208191e-01,9.199172511080302428e-01,-2.018245923151034196e-02,1.142489710496561806e+01,1.962577072783685400e-02,2.441991464815767426e-02,2.109173145239432931e-02,1.931111414352493574e-02,1.460625838011492539e-01,1.629287363605128880e-01,1.514194746075069042e-01,1.448869545364662725e-01
9.675000000000000266e-01,2.801138154119647145e-02,6.071599895222670046e-02,7.953681927979323885e-02,5.004961395992319623e-02,2.558516509870750744e-01,4.890422233083290687e-02,8.458289140006575169e-02,3.383755926233988909e-01,9.198672172878620268e-01,-1.984451943848102723e-02,1.143031284478470688e+01,1.961423187306761753e-02,2.441794762725730053e-02,2.108827089559691531e-02,1.929580230048878048e-02,1.460236103038064781e-01,1.629266050911118424e-01,1.514111699139498723e-01,1.448334412464262200e-01
9.699999999999999734e-01,2.799330658911316355e-02,6.072277020740362435e-02,7.953477407367719187e-02,5.018790385988072117e-02,2.562865429495705949e-01,4.950902159638650296e-02,8.454766609955310930e-02,3.391092549818764401e-01,9.198180289010675637e-01,-1.950611136982725521e-02,1.143574292357616606e+01,1.960267907396704215e-02,2.441594394047071764e-02,2.108481292138082372e-02,1.928046802687592362e-02,1.459845031476377508e-01,1.629242763542775030e-01,1.514028035540758155e-01,1.447797515988909489e-01
9.725000000000000311e-01,2.797525881119718172e-02,6.072914352574142194e-02,7.953252686058655263e-02,5.032759351427739530e-02,2.567212702203620633e-01,5.011419564397275733e-02,8.451221329608597788e-02,3.398428606638982941e-01,9.197696871270659713e-01,-1.916722803724800125e-02,1.144118736186688423e+01,1.959111237284226481e-02,2.441390357570465477e-02,2.108135754059474801e-02,1.926511140073787487e-02,1.459452623773136448e-01,1.629217499714786521e-01,1.513943754728009627e-01,1.447258857209749450e-01
9.749999999999999778e-01,2.795723729867831062e-02,6.073511767255761890e-02,7.953007756004559781e-02,5.046866528969399385e-02,2.571558410511436410e-01,5.071975152654699392e-02,8.447653344282091137e-02,3.405764140660910710e-01,9.197221931627771463e-01,-1.882786242937129623e-02,1.144664618039393389e+01,1.957953181160357325e-02,2.441182652061061470e-02,2.107790476405623295e-02,1.924973249996550506e-02,1.459058880352323007e-01,1.629190257621202231e-01,1.513858856137736131e-01,1.446718437385659806e-01
9.775000000000000355e-01,2.793924115725009844e-02,6.074069141867862592e-02,7.952742609806701113e-02,5.061110130000813501e-02,2.575902638356478702e-01,5.132569635098287175e-02,8.444062700204379990e-02,3.413099196242662114e-01,9.196755482226762757e-01,-1.848800751272938400e-02,1.145211940010690377e+01,1.956793743175846978e-02,2.440971276258201150e-02,2.107445460255123401e-02,1.923433140228741553e-02,1.458663801614939470e-01,1.629161035435306160e-01,1.513773339193690837e-01,1.446176257763178152e-01
9.799999999999999822e-01,2.792126950739732411e-02,6.074586354066823651e-02,7.952457240720529896e-02,5.075488340703371293e-02,2.580245471105267474e-01,5.193203727733024244e-02,8.440449444521597178e-02,3.420433818143120974e-01,9.196297535388495703e-01,-1.814765623275363740e-02,1.145760704217028625e+01,1.955632927440570726e-02,2.440756228875138809e-02,2.107100706683366284e-02,1.921890818526825889e-02,1.458267387938748383e-01,1.629129831309492071e-01,1.513687203306848805e-01,1.445632319576428682e-01
9.825000000000000400e-01,2.790332148472318002e-02,6.075063282106461793e-02,7.952151642660812425e-02,5.089999322119374142e-02,2.584586995562097034e-01,5.253878151805565361e-02,8.436813625301728403e-02,3.427768051529718196e-01,9.195848103610442248e-01,-1.780680151478854917e-02,1.146310912796587367e+01,1.954470738022933557e-02,2.440537508598765448e-02,2.106756216762494666e-02,1.920346292630703208e-02,1.457869639678020246e-01,1.629096643375144704e-01,1.513600447875358690e-01,1.445086624047050294e-01
9.849999999999999867e-01,2.788539624027596212e-02,6.075499804862639214e-02,7.951825810206721024e-02,5.104641210223018893e-02,2.588927299977408780e-01,5.314593633726066857e-02,8.433155291538838028e-02,3.435101941984997076e-01,9.195407199567189327e-01,-1.746543626512568267e-02,1.146862567909516351e+01,1.953307178949270639e-02,2.440315114089341292e-02,2.106411991561357375e-02,1.918799570263536938e-02,1.457470557163275393e-01,1.629061469742523749e-01,1.513513072284499994e-01,1.444539172384127490e-01
9.875000000000000444e-01,2.786749294087484743e-02,6.075895801858703649e-02,7.951479738606796743e-02,5.119412115995323337e-02,2.593266474055899717e-01,5.375350904988270007e-02,8.429474493157015913e-02,3.442435535512006206e-01,9.194974836110881844e-01,-1.712355337205669417e-02,1.147415671738179732e+01,1.952142254203249189e-02,2.440089043980233491e-02,2.106068032145463897e-02,1.917250659131578688e-02,1.457070140701035577e-01,1.629024308500655882e-01,1.513425075906640604e-01,1.443989965784121254e-01
9.899999999999999911e-01,2.784961076943519992e-02,6.076251153291935964e-02,7.951113423783814915e-02,5.134310125503191435e-02,2.597604608964418915e-01,5.436150702087677589e-02,8.425771281014166059e-02,3.449768878538423955e-01,9.194551026271685634e-01,-1.678114570694599211e-02,1.147970226487400858e+01,1.950975967725268601e-02,2.439859296877657999e-02,2.105724339576939622e-02,1.915699566923995123e-02,1.456668390573569449e-01,1.628985157717225407e-01,1.513336458101195992e-01,1.443439005430802169e-01
9.925000000000000488e-01,2.783174892529311981e-02,6.076565740060885928e-02,7.950726862339535517e-02,5.149333299982975648e-02,2.601941797339596962e-01,5.496993766437777845e-02,8.422045706905607887e-02,3.457102017919392312e-01,9.194135783258172712e-01,-1.643820612532286007e-02,1.148526234384709888e+01,1.949808323411859889e-02,2.439625871360430118e-02,2.105380914914479346e-02,1.914146301312691367e-02,1.456265307038645818e-01,1.628944015438476833e-01,1.513247218214594514e-01,1.442886292495186851e-01
9.949999999999999956e-01,2.781390662452872670e-02,6.076839443793681517e-02,7.950320051559360557e-02,5.164479675928701496e-02,2.606278133295243937e-01,5.557880844284496247e-02,8.418297823567440219e-02,3.464435000939093401e-01,9.193729120457719839e-01,-1.609472746799295306e-02,1.149083697680590888e+01,1.948639325115084087e-02,2.439388765979719903e-02,2.105037759213302870e-02,1.912590869952138228e-02,1.455860890329285229e-01,1.628900879689117454e-01,1.513157355580240504e-01,1.442331828135475225e-01
9.975000000000000533e-01,2.779608310028894302e-02,6.077072146877336017e-02,7.949892989416859623e-02,5.179747265185257604e-02,2.610613712429489253e-01,5.618812686618965963e-02,8.414527684679731778e-02,3.471767875310945439e-01,9.193331051436846035e-01,-1.575070256216910825e-02,1.149642618648733006e+01,1.947468976641930985e-02,2.439147979258813811e-02,2.104694873525108506e-02,1.911033280479197335e-02,1.455455140653516277e-01,1.628855748472227138e-01,1.513066869518484570e-01,1.441775613496994457e-01
1.000000000000000000e+00,2.777827760310897995e-02,6.077263732488077247e-02,7.949445674578203835e-02,5.195134055046805172e-02,2.614948631831657822e-01,5.679790049088347809e-02,8.410735344869495200e-02,3.479100689176474748e-01,9.192941589941560077e-01,-1.540612422262131395e-02,1.150202999586281472e+01,1.946297281753717537e-02,2.438903509692883984e-02,2.104352258898026934e-02,1.909473540512949402e-02,1.455048058194129690e-01,1.628808619769171739e-01,1.512975759336591397e-01,1.441217649712138726e-01
1.002499999999999947e+00,2.776048940123277894e-02,6.077414084622652368e-02,7.948978106406513755e-02,5.210638008360610196e-02,2.619282990088891427e-01,5.740813691904996657e-02,8.406920859713479244e-02,3.486433491102766680e-01,9.192560749897635830e-01,-1.506098525284623943e-02,1.150764842814089306e+01,1.945124244165485558e-02,2.438655355748762729e-02,2.104009916376576098e-02,1.907911657654524570e-02,1.454639643108440183e-01,1.628759491539523430e-01,1.512884024328715604e-01,1.440657937900319818e-01
1.005000000000000115e+00,2.774271778093242991e-02,6.077523088130757506e-02,7.948490284966040764e-02,5.226257063636549627e-02,2.623616887292502531e-01,5.801884379754085330e-02,8.403084285740708426e-02,3.493766330078535431e-01,9.192188545410895362e-01,-1.471527844625533134e-02,1.151328150676972051e+01,1.943949867545399779e-02,2.438403515864723953e-02,2.103667847001614022e-02,1.906347639486935530e-02,1.454229895528044991e-01,1.628708361720984377e-01,1.512791663775875095e-01,1.440096479167916610e-01
1.007500000000000062e+00,2.772496204682601065e-02,6.077590628748450602e-02,7.947982211026280441e-02,5.241989135162612723e-02,2.627950425044059402e-01,5.863002881699335561e-02,8.399225680434847796e-02,3.501099255508723918e-01,9.191824990767429870e-01,-1.436899658738238772e-02,1.151892925543960899e+01,1.942774155514146242e-02,2.438147988450272557e-02,2.103326051810293709e-02,1.904781493574914455e-02,1.453818815558590438e-01,1.628655228229318186e-01,1.512698676945932463e-01,1.439533274608231772e-01
1.010000000000000009e+00,2.770722152219439946e-02,6.077616593132727230e-02,7.947453886065967976e-02,5.257832113126380269e-02,2.632283706461190920e-01,5.924169971087312608e-02,8.395345102236349832e-02,3.508432317207645923e-01,9.191470100433821733e-01,-1.402213245310970566e-02,1.152459169808561157e+01,1.941597111644330353e-02,2.437888771885939401e-02,2.102984531836016649e-02,1.903213227464754104e-02,1.453406403279534909e-01,1.628600088958283010e-01,1.512605063093574453e-01,1.438968325301449025e-01
1.012499999999999956e+00,2.768949554929659579e-02,6.077600868897130304e-02,7.946905312276961175e-02,5.273783863743063127e-02,2.636616836183119927e-01,5.985386425450169023e-02,8.391442610544393166e-02,3.515765565390641667e-01,9.191123889057319918e-01,-1.367467881391301598e-02,1.153026885889005193e+01,1.940418739459876668e-02,2.437625864523083885e-02,2.102643288108385980e-02,1.901642848684153772e-02,1.452992658743918197e-01,1.628542941779574371e-01,1.512510821460295307e-01,1.438401632314597334e-01
1.015000000000000124e+00,2.767178348968345539e-02,6.077543344648536627e-02,7.946336492567986076e-02,5.289842229389950939e-02,2.640949920375907922e-01,6.046653026406635656e-02,8.387518265718577060e-02,3.523099050664214582e-01,9.190786371465961002e-01,-1.332662843512511484e-02,1.153596076228511080e+01,1.939239042435427635e-02,2.437359264683703133e-02,2.102302321653160694e-02,1.900070364742071846e-02,1.452577581978134469e-01,1.628483784542770763e-01,1.512415951274386772e-01,1.437833196701520933e-01
1.017500000000000071e+00,2.765408472450997870e-02,6.077443910025023821e-02,7.945747430568304848e-02,5.306005028747726171e-02,2.645283066737418864e-01,6.107970559561783780e-02,8.383572129080450741e-02,3.530432824014629323e-01,9.190457562668716829e-01,-1.297797407821769944e-02,1.154166743295540876e+01,1.938058023995744769e-02,2.437088970660249501e-02,2.101961633492209491e-02,1.898495783128582859e-02,1.452161172981702997e-01,1.628422615075285074e-01,1.512320451750925054e-01,1.437263019502850181e-01
1.020000000000000018e+00,2.763639865484609701e-02,6.077302455734911318e-02,7.945138130631271278e-02,5.322270056948690681e-02,2.649616384501986555e-01,6.169339814405121192e-02,8.379604262914804036e-02,3.537766936794941586e-01,9.190137477855548909e-01,-1.262870850210176532e-02,1.154738889584056238e+01,1.936875687515109135e-02,2.436814980715453979e-02,2.101621224643463598e-02,1.896919111314743570e-02,1.451743431727046396e-01,1.628359431182323236e-01,1.512224322091765549e-01,1.436691101745982968e-01
1.022499999999999964e+00,2.761872470198544274e-02,6.077118873596987214e-02,7.944508597837710018e-02,5.338635085732158780e-02,2.653949984444785026e-01,6.230761584207467063e-02,8.375614730470697100e-02,3.545101440710463070e-01,9.189826132397463931e-01,-1.227882446444568572e-02,1.155312517613778844e+01,1.935692036316724249e-02,2.436537293082157579e-02,2.101281096120871314e-02,1.895340356752465982e-02,1.451324358159269690e-01,1.628294230646847862e-01,1.512127561485538119e-01,1.436117444445068336e-01
1.024999999999999911e+00,2.760106230775270439e-02,6.076893056581840480e-02,7.943858837999251410e-02,5.355097863607204828e-02,2.658283978885917498e-01,6.292236665916223215e-02,8.371603595962351374e-02,3.552436387802619389e-01,9.189523541846529309e-01,-1.192831472301136495e-02,1.155887629930447247e+01,1.934507073672120034e-02,2.436255905963151044e-02,2.100941248934350830e-02,1.893759526874398691e-02,1.450903952195942703e-01,1.628227011229546883e-01,1.512030169107645705e-01,1.435542048600997600e-01
1.027500000000000080e+00,2.758341093480888573e-02,6.076624898854453283e-02,7.943188857661526159e-02,5.371656116022832661e-02,2.662618481694171146e-01,6.353765860049551129e-02,8.367570924569757429e-02,3.559771830431183171e-01,9.189229721935856521e-01,-1.157717203700786741e-02,1.156464229106075514e+01,1.933320802800557459e-02,2.435970817531020113e-02,2.100601684089744084e-02,1.892176629093818285e-02,1.450482213726885794e-01,1.628157770668808568e-01,1.511932144120266830e-01,1.434964915201400737e-01
1.030000000000000027e+00,2.756577006695484083e-02,6.076314295817918792e-02,7.942498664107225381e-02,5.388307545545874266e-02,2.666953608290509870e-01,6.415349970589000195e-02,8.363516782439106567e-02,3.567107821254880129e-01,9.188944688579538944e-01,-1.122538916846256909e-02,1.157042317739210802e+01,1.932133226868435610e-02,2.435682025928000843e-02,2.100262402588771310e-02,1.890591670804529084e-02,1.450059142613957242e-01,1.628086506680704038e-01,1.511833485672360033e-01,1.434386045220650829e-01
1.032499999999999973e+00,2.754813920943274472e-02,6.075961144158408683e-02,7.941788265359066290e-02,5.405049832046585762e-02,2.671289475651205669e-01,6.476989804871126355e-02,8.359441236682964294e-02,3.574444413210333682e-01,9.188668457872575246e-01,-1.087295888360913232e-02,1.157621898455191278e+01,1.930944348988699807e-02,2.435389529265840139e-02,2.099923405428983161e-02,1.889004659380776052e-02,1.449634738690846747e-01,1.628013216958973108e-01,1.511734192899672757e-01,1.433805439619874333e-01
1.034999999999999920e+00,2.753051788922546150e-02,6.075565341891328575e-02,7.941057670182602446e-02,5.421880632892223800e-02,2.675626202310704693e-01,6.538686173477741004e-02,8.355344355380228683e-02,3.581781659489363667e-01,9.188401046090735047e-01,-1.051987395429249475e-02,1.158202973906403699e+01,1.929754172220252140e-02,2.435093325625666341e-02,2.099584693603715607e-02,1.887415602177166737e-02,1.449209001762869209e-01,1.627937899175019298e-01,1.511634264924752724e-01,1.433223099346969398e-01
1.037500000000000089e+00,2.751290565535393848e-02,6.075126788408675982e-02,7.940306888088960457e-02,5.438797583148605869e-02,2.679963908364141334e-01,6.600439890125033016e-02,8.351226207575900007e-02,3.589119613514579199e-01,9.188142469690413483e-01,-1.016612715939053425e-02,1.158785546772539732e+01,1.928562699567363745e-02,2.434793413057866410e-02,2.099246268102043095e-02,1.885824506528606739e-02,1.448781931606763218e-01,1.627860550977907605e-01,1.511533700856960982e-01,1.432639025336630567e-01
1.040000000000000036e+00,2.749530207917239011e-02,6.074645384527634084e-02,7.939535929337433739e-02,5.455798295789877211e-02,2.684302715469551459e-01,6.662251771551544466e-02,8.347086863280574198e-02,3.596458328913302860e-01,9.187892745308425813e-01,-9.811711286251415670e-03,1.159369619760850689e+01,1.927369933979089858e-02,2.434489789581970737e-02,2.098908129908732753e-02,1.884231379750247320e-02,1.448353527970495380e-01,1.627781169994372557e-01,1.511432499792492445e-01,1.432053218510382919e-01
1.042499999999999982e+00,2.747770675466099446e-02,6.074121032540374943e-02,7.938744804937947208e-02,5.472880361916418468e-02,2.688642746849751464e-01,6.724122637405083314e-02,8.342926393469765611e-02,3.603797859489784594e-01,9.187651889761785373e-01,-9.456619132147353265e-03,1.159955195606404033e+01,1.926175878348686601e-02,2.434182453186547676e-02,2.098570280004197902e-02,1.882636229137447589e-02,1.447923790573062419e-01,1.627699753828827922e-01,1.511330660814395044e-01,1.431465679776623423e-01
1.044999999999999929e+00,2.746011929871661553e-02,6.073553636265062450e-02,7.937933526653394301e-02,5.490041350981186147e-02,2.692984127293898133e-01,6.786053310128584148e-02,8.338744870082973049e-02,3.611138259195711409e-01,9.187419920047428246e-01,-9.100843505743499984e-03,1.160542277072336681e+01,1.924980535513030541e-02,2.433871401829103623e-02,2.098232719364452950e-02,1.881039061965749867e-02,1.447492719104304382e-01,1.627616300063387811e-01,1.511228182992595537e-01,1.430876410030671730e-01
1.047500000000000098e+00,2.744253935144102402e-02,6.072943101098103591e-02,7.937102107001864360e-02,5.507278811024354098e-02,2.697326983158713221e-01,6.848044614844964184e-02,8.334542366022493209e-02,3.618479582099010106e-01,9.187196853341929037e-01,-8.744377228582374609e-03,1.161130866950106544e+01,1.923783908252042069e-02,2.433556633435994196e-02,2.097895448961066556e-02,1.879439885490870321e-02,1.447060313224713957e-01,1.627530806257889151e-01,1.511125065383925603e-01,1.430285410154826797e-01
1.050000000000000044e+00,2.742496657642643984e-02,6.072289334067582783e-02,7.936250559258770099e-02,5.524590268916431540e-02,2.701671442369371623e-01,6.910097379240914828e-02,8.330318955152127280e-02,3.625821882350908631e-01,9.186982707001133397e-01,-8.387213136582631623e-03,1.161720968059744941e+01,1.922585999288109124e-02,2.433238145902340624e-02,2.097558469761116526e-02,1.877838706948706596e-02,1.446626572565257451e-01,1.627443269949924998e-01,1.511021307032155425e-01,1.429692681018438494e-01
1.052499999999999991e+00,2.740740066103876729e-02,6.071592243887910523e-02,7.935378897458765513e-02,5.541973230609884005e-02,2.706017634420053164e-01,6.972212433449939684e-02,8.326074712295486457e-02,3.633165214151308220e-01,9.186777498559800526e-01,-8.029344081552475601e-03,1.162312583250105469e+01,1.921386811285517165e-02,2.432915937091956540e-02,2.097221782727143324e-02,1.876235533555359672e-02,1.446191496727192438e-01,1.627353688654881170e-01,1.510916906968026718e-01,1.429098223477982543e-01
1.054999999999999938e+00,2.738984131669838090e-02,6.070851741015668296e-02,7.934487136397640195e-02,5.559425181399208632e-02,2.710365690374165748e-01,7.034390609934383642e-02,8.321809713234239181e-02,3.640509631712402494e-01,9.186581245731180179e-01,-7.670762932716781654e-03,1.162905715399112161e+01,1.920186346849880182e-02,2.432590004837281716e-02,2.096885388817106011e-02,1.874630372507175152e-02,1.445755085281895114e-01,1.627262059865982047e-01,1.510811864209291866e-01,1.428502038377148231e-01
1.057500000000000107e+00,2.737228827915777485e-02,6.070067737706649758e-02,7.933575291634015203e-02,5.576943586189623409e-02,2.714715742864203252e-01,7.096632743366594609e-02,8.317524034706046121e-02,3.647855189220603478e-01,9.186393966406555256e-01,-7.311462578257973965e-03,1.163500367414005687e+01,1.918984608527576213e-02,2.432260346939325857e-02,2.096549288984335055e-02,1.873023230980801548e-02,1.445317337770688770e-01,1.627168381054339696e-01,1.510706177760754998e-01,1.427904126546936936e-01
1.060000000000000053e+00,2.735474130877706134e-02,6.069240148074055846e-02,7.932643379490915414e-02,5.594525889774252386e-02,2.719067926091282561e-01,7.158939670509398279e-02,8.313217754402273119e-02,3.655201940796733440e-01,9.186215678654752193e-01,-6.951435926869403877e-03,1.164096542231586184e+01,1.917781598805184951e-02,2.431926961167618986e-02,2.096213484177488623e-02,1.871414116133266262e-02,1.444878253704676430e-01,1.627072649669014381e-01,1.510599846614317787e-01,1.427304488805768712e-01
1.062500000000000000e+00,2.733720019079616259e-02,6.068368888147856327e-02,7.931691417057265547e-02,5.612169517119813822e-02,2.723422375824303687e-01,7.221312230095659757e-02,8.308890950965529265e-02,3.662549940454521424e-01,9.186046400721608052e-01,-6.590675909321932688e-03,1.164694242818456438e+01,1.916577320108932281e-02,2.431589845260170510e-02,2.095877975340507127e-02,1.869803035102072034e-02,1.444437832564579582e-01,1.626974863137076732e-01,1.510492869749027744e-01,1.426703125959601082e-01
1.064999999999999947e+00,2.731966473560458811e-02,6.067453875935316376e-02,7.930719422189168311e-02,5.629871873660850096e-02,2.727779229398783478e-01,7.283751262707231777e-02,8.304543703986921876e-02,3.669899242057382827e-01,9.185886151029395430e-01,-6.229175480041732049e-03,1.165293472171259914e+01,1.915371774804135174e-02,2.431248996923438335e-02,2.095542763412568121e-02,1.868189995005313520e-02,1.443996073800580537e-01,1.626875018863679911e-01,1.510385246131131509e-01,1.426100038802058656e-01
1.067500000000000115e+00,2.730213477900789165e-02,6.066495031482602857e-02,7.929727413511139522e-02,5.647630345602379365e-02,2.732138625715317959e-01,7.346257610653099401e-02,8.300176094003162974e-02,3.677249899273508094e-01,9.185734948176218495e-01,-5.866927618700222211e-03,1.165894233316918971e+01,1.914164965194652818e-02,2.430904413832304586e-02,2.095207849328041896e-02,1.866575002941812944e-02,1.443552976832168655e-01,1.626773114232137052e-01,1.510276974714128972e-01,1.425495228114573576e-01
1.070000000000000062e+00,2.728461018249161291e-02,6.065492276937524407e-02,7.928715410417130904e-02,5.665442300230983524e-02,2.736500705237692732e-01,7.408832117846983478e-02,8.295788202493364905e-02,3.684601965529299417e-01,9.185592810935354624e-01,-5.503925331814379582e-03,1.166496529312868269e+01,1.912956893522341564e-02,2.430556093630061379e-02,2.094873234016446720e-02,1.864958065991279001e-02,1.443108541047990745e-01,1.626669146604007576e-01,1.510168054438835727e-01,1.424888694666537059e-01
1.072500000000000009e+00,2.726709083348152762e-02,6.064445536613322779e-02,7.927683433071480712e-02,5.683305086234228393e-02,2.740865609990628116e-01,7.471475629684176667e-02,8.291380111875726322e-02,3.691955493961104340e-01,9.185459758254561624e-01,-5.140161654357848151e-03,1.167100363247284811e+01,1.911747561966514741e-02,2.430204033928403881e-02,2.094538918402405470e-02,1.863339191214485879e-02,1.442662765805708958e-01,1.626563113319187404e-01,1.510058484233443854e-01,1.424280439215465377e-01
1.074999999999999956e+00,2.724957664560142406e-02,6.063354737053545940e-02,7.926631502409682561e-02,5.701216034028345342e-02,2.745233483557164567e-01,7.534188992917933980e-02,8.286951905503886495e-02,3.699310537365336771e-01,9.185335809255359418e-01,-4.775629651381214577e-03,1.167705738239318691e+01,1.910536972643406273e-02,2.429848232307433437e-02,2.094204903405600532e-02,1.861718385653475874e-02,1.442215650431858953e-01,1.626455011696007757e-01,1.509948263013590197e-01,1.423670462507172774e-01
1.077500000000000124e+00,2.723206755892740652e-02,6.062219807097892627e-02,7.925559640139052953e-02,5.719172456094090418e-02,2.749604471075686174e-01,7.596973055535213848e-02,8.282503667663168589e-02,3.706667148146966517e-01,9.185220983232245118e-01,-4.410322419642072334e-03,1.168312657439315139e+01,1.909325127605639508e-02,2.429488686315668319e-02,2.093871189940730779e-02,1.860095656331785252e-02,1.441767194221717230e-01,1.626344839031340916e-01,1.509837389682426867e-01,1.423058765275962700e-01
1.080000000000000071e+00,2.721456354023872939e-02,6.061040677949076916e-02,7.924467868739240584e-02,5.737171647320677553e-02,2.753978719236563344e-01,7.659828666631897376e-02,8.278035483566520414e-02,3.714025378266396782e-01,9.185115299651880338e-01,-4.044233089242904242e-03,1.168921124029038694e+01,1.908112028841701252e-02,2.429125393470063163e-02,2.093537778917467507e-02,1.858471010254693009e-02,1.441317396439170118e-01,1.626232592600712901e-01,1.509725863130695622e-01,1.422445348244827656e-01
1.082500000000000018e+00,2.719706458326585224e-02,6.059817283240622604e-02,7.923356211462578846e-02,5.755210885357663064e-02,2.758356376278432442e-01,7.722756676287625965e-02,8.273547439350312227e-02,3.721385279184784012e-01,9.185018778152244101e-01,-3.677354825277112573e-03,1.169531141221889747e+01,1.906897678275421698e-02,2.428758351256038103e-02,2.093204671240411763e-02,1.856844454409494957e-02,1.440866256316590266e-01,1.626118269658422821e-01,1.509613682236805865e-01,1.421830212125663184e-01
1.084999999999999964e+00,2.717957070893467844e-02,6.058549559105579074e-02,7.922224692334338403e-02,5.773287430974612805e-02,2.762737591984109620e-01,7.785757935440011657e-02,8.269039622069870865e-02,3.728746901807806213e-01,9.184931438541731330e-01,-3.309680829482034015e-03,1.170142712263119478e+01,1.905682077765457824e-02,2.428387557127515556e-02,2.092871867809051323e-02,1.855215995765801748e-02,1.440413773054716184e-01,1.626001867437668613e-01,1.509500845866916796e-01,1.421213357619494910e-01
1.087500000000000133e+00,2.716208196560747010e-02,6.057237444246089952e-02,7.921073336152820166e-02,5.791398528428528397e-02,2.767122517676103843e-01,7.848833295758526896e-02,8.264512119694851500e-02,3.736110296427918032e-01,9.184853300798216935e-01,-2.941204341898345787e-03,1.170755840430039818e+01,1.904465229104783733e-02,2.428013008506966358e-02,2.092539369517717324e-02,1.853585641275862922e-02,1.439959945822537335e-01,1.625883383150681094e-01,1.509387352875024568e-01,1.420594785416719463e-01
1.090000000000000080e+00,2.714459842932037334e-02,6.055880880003799982e-02,7.919902168489287297e-02,5.809541405838742484e-02,2.771511306211777437e-01,7.911983609517987681e-02,8.259965021104351268e-02,3.743475512665140892e-01,9.184784385068084367e-01,-2.571918642535302169e-03,1.171370529032230046e+01,1.903247134020186887e-02,2.427634702785464241e-02,2.092207177255542630e-02,1.851953397874917320e-02,1.439504773757185607e-01,1.625762813988864131e-01,1.509273202103048050e-01,1.419974496197357050e-01
1.092500000000000027e+00,2.712712020401729027e-02,6.054479810431033504e-02,7.918711215687787575e-02,5.827713275569148393e-02,2.775904111978111377e-01,7.975209729471616216e-02,8.255398416081898005e-02,3.750842599406380984e-01,9.184724711665189778e-01,-2.201817053040541587e-03,1.171986781411739820e+01,1.902027794171769551e-02,2.427252637322750359e-02,2.091875291906418813e-02,1.850319272481569174e-02,1.439048255963830958e-01,1.625640157122942853e-01,1.509158392380926805e-01,1.419352490631322072e-01
1.094999999999999973e+00,2.710964742178006981e-02,6.053034182362671684e-02,7.917500504864788402e-02,5.845911334617708011e-02,2.780301090886090898e-01,8.038512508723805183e-02,8.250812395310117009e-02,3.758211604743402767e-01,9.184674301069823965e-01,-1.830892938374198420e-03,1.172604600943285469e+01,1.900807211152455781e-02,2.426866809447304763e-02,2.091543714348955557e-02,1.848683271998190908e-02,1.438590391515581490e-01,1.625515409703116032e-01,1.509042922526714348e-01,1.418728769378700960e-01
1.097499999999999920e+00,2.709218024305508690e-02,6.051543945488766646e-02,7.916270063908718846e-02,5.864132765012849968e-02,2.784702400364699737e-01,8.101892800602474021e-02,8.246207050365336744e-02,3.765582575909392493e-01,9.184633173927583272e-01,-1.459139708486298414e-03,1.173223991034445390e+01,1.899585386487506744e-02,2.426477216456427929e-02,2.091212445456438335e-02,1.847045403311354389e-02,1.438131179453392694e-01,1.625388568859220673e-01,1.508926791346681950e-01,1.418103333090052209e-01
1.100000000000000089e+00,2.707471885687602262e-02,6.050009052427683665e-02,7.915019921479314602e-02,5.882374734216750528e-02,2.789108199354540796e-01,8.165351458531257267e-02,8.241582473711893397e-02,3.772955559214257182e-01,9.184601351048238271e-01,-1.086550819996667718e-03,1.173844955125846035e+01,1.898362321634040201e-02,2.426083855616330970e-02,2.090881486096787464e-02,1.845405673292289245e-02,1.437670618785976684e-01,1.625259631700898544e-01,1.508809997635421896e-01,1.417476182406714469e-01
1.102500000000000036e+00,2.705726348108284524e-02,6.048429458799855357e-02,7.913750107006832513e-02,5.900634395535164778e-02,2.793518648301044349e-01,8.228889335901290458e-02,8.236938758696293883e-02,3.780330599978649064e-01,9.184578853404546939e-01,-7.131197778763407203e-04,1.174467496691349133e+01,1.897138017980557964e-02,2.425686724162234159e-02,2.090550837132517173e-02,1.843764088797369277e-02,1.437208708489721432e-01,1.625128595317771596e-01,1.508692540175956276e-01,1.416847317961131836e-01
1.104999999999999982e+00,2.703981436253692985e-02,6.046805123302007728e-02,7.912460650691140185e-02,5.918908888533629814e-02,2.797933909147305998e-01,8.292507285942801731e-02,8.232275999541180389e-02,3.787707742466782102e-01,9.184565702131018972e-01,-3.388401371297783187e-04,1.175091619238226848e+01,1.895912476846479955e-02,2.425285819298475878e-02,2.090220499420695002e-02,1.842120656668628370e-02,1.436745447508613882e-01,1.624995456779627367e-01,1.508574417739849405e-01,1.416216740377194416e-01
1.107499999999999929e+00,2.702237177733203544e-02,6.045136007781812260e-02,7.911151583500616868e-02,5.937195339459869908e-02,2.802354145326521606e-01,8.356206161596402282e-02,8.227594291339114518e-02,3.795087029818128288e-01,9.184561918522643476e-01,3.629449552314534526e-05,1.175717326307338695e+01,1.894685699481684152e-02,2.424881138198627800e-02,2.089890473812902605e-02,1.840475383734303805e-02,1.436280834754168900e-01,1.624860213136605502e-01,1.508455629087325778e-01,1.415584450270593042e-01
1.110000000000000098e+00,2.700493603100157999e-02,6.043422077312868290e-02,7.909822937170922497e-02,5.955490861671999120e-02,2.806779521754014795e-01,8.419986815384253309e-02,8.222893730046143546e-02,3.802468503977990411e-01,9.184567524033578900e-01,4.122904599660026756e-04,1.176344621473297103e+01,1.893457687066055564e-02,2.424472678005621176e-02,2.089560761155195151e-02,1.838828276809409759e-02,1.435814869105363489e-01,1.624722861419397313e-01,1.508336172967387756e-01,1.414950448249187309e-01
1.112500000000000044e+00,2.698750745872156853e-02,6.041663300270021936e-02,7.908474744203614071e-02,5.973792556072558130e-02,2.811210204818879177e-01,8.483850099280935975e-02,8.218174412475251489e-02,3.809852205627091148e-01,9.184582540275798568e-01,7.891540410069868960e-04,1.176973508344633323e+01,1.892228440709041448e-02,2.424060435831881799e-02,2.089231362288061777e-02,1.837179342696340645e-02,1.435347549408577394e-01,1.624583398639447840e-01,1.508216048117941022e-01,1.414314734913393046e-01
1.114999999999999991e+00,2.697008642550948604e-02,6.039859648404807824e-02,7.907107037864610777e-02,5.992097511547838512e-02,2.815646362375227585e-01,8.547796864584118748e-02,8.213436436289570097e-02,3.817238174110178517e-01,9.184606989017687351e-01,1.166891466703115585e-03,1.177603990563952507e+01,1.890997961449213116e-02,2.423644408759472943e-02,2.088902278046387423e-02,1.835528588185503240e-02,1.434878874477539812e-01,1.624441821789169016e-01,1.508095253265921698e-01,1.413677310856580882e-01
1.117499999999999938e+00,2.695267332641897856e-02,6.038011096921089976e-02,7.905719852182498120e-02,6.010402805412435462e-02,2.820088163733002751e-01,8.611827961785123442e-02,8.208679899995481588e-02,3.824626447363758119e-01,9.184640892182607264e-01,1.545508906688027083e-03,1.178236071808086294e+01,1.889766250253838153e-02,2.423224593840246632e-02,2.088573509259413624e-02,1.833876020055978662e-02,1.434408843093281372e-01,1.624298127842154771e-01,1.507973787127428189e-01,1.413038176665490919e-01
1.120000000000000107e+00,2.693526858673021829e-02,6.036117624550686039e-02,7.904313221946672463e-02,6.028705503858700077e-02,2.824535779648428835e-01,8.675944240439292798e-02,8.203904902935496568e-02,3.832017061843006611e-01,9.184684271847409764e-01,1.925012470505282989e-03,1.178869755788238649e+01,1.888533308018456799e-02,2.422800988096006011e-02,2.088245056750700698e-02,1.832221645076215211e-02,1.433937454004091117e-01,1.624152313753409183e-01,1.507851648407857736e-01,1.412397332920666271e-01
1.122500000000000053e+00,2.691787266213594917e-02,6.034179213628989430e-02,7.902887182705370384e-02,6.047002662410834450e-02,2.828989382314027745e-01,8.740146549036105494e-02,8.199111545281026481e-02,3.839410052447946309e-01,9.184737150240916970e-01,2.305408205947399869e-03,1.179505046250125488e+01,1.887299135566470470e-02,2.422373588518675000e-02,2.087916921338089926e-02,1.830565470004751755e-02,1.433464705925484028e-01,1.624004376459576848e-01,1.507728835802043255e-01,1.411754780196897985e-01
1.125000000000000000e+00,2.690048603892323392e-02,6.032195850170418011e-02,7.901441770763477368e-02,6.065291326383292353e-02,2.833449145348231335e-01,8.804435734869231478e-02,8.194299928024952051e-02,3.846805452448957552e-01,9.184799549742361791e-01,2.686702097402050848e-03,1.180141946974109324e+01,1.886063733648734794e-02,2.421942392070476624e-02,2.087589103833666082e-02,1.828907501590969556e-02,1.432990597540166888e-01,1.623854312879181860e-01,1.507605347994398493e-01,1.411110519063685786e-01
1.127499999999999947e+00,2.688310923415042700e-02,6.030167523943660846e-02,7.899977023180226876e-02,6.083568531343352265e-02,2.837915243784583375e-01,8.868812643906469340e-02,8.189470152974052952e-02,3.854203293411727627e-01,9.184871492879771449e-01,3.068900064206621196e-03,1.180780461775324852e+01,1.884827102943163399e-02,2.421507395684121405e-02,2.087261605043720311e-02,1.827247746575876020e-02,1.432515127498017737e-01,1.623702119912874275e-01,1.507481183659063750e-01,1.410464550085719082e-01
1.130000000000000115e+00,2.686574279581995656e-02,6.028094228546600208e-02,7.898492977766730094e-02,6.101831303577415211e-02,2.842387854060544061e-01,8.933278120659401966e-02,8.184622322741330613e-02,3.861603605121685101e-01,9.184953002328327676e-01,3.452007959011915879e-03,1.181420594503802768e+01,1.883589244054339681e-02,2.421068596263003733e-02,2.086934425768713700e-02,1.825586211692918973e-02,1.432038294416067559e-01,1.623547794443683800e-01,1.507356341460056037e-01,1.409816873823366568e-01
1.132500000000000062e+00,2.684838730304628385e-02,6.025975961480798532e-02,7.896989673083339156e-02,6.120076660560882370e-02,2.846867154005853773e-01,8.997833008052993908e-02,8.179756540738131187e-02,3.869006415508041696e-01,9.185044100908680287e-01,3.836031566156264394e-03,1.182062349044582561e+01,1.882350157513136557e-02,2.420625990681407255e-02,2.086607566803241887e-02,1.823922903668829740e-02,1.431560096878487787e-01,1.623391333337277920e-01,1.507230820051423947e-01,1.409167490833187764e-01
1.135000000000000009e+00,2.683104336621927599e-02,6.023812724225446891e-02,7.895467148436882687e-02,6.138301611431198901e-02,2.851353322830504911e-01,9.062478147295040254e-02,8.174872911166165823e-02,3.876411750567527736e-01,9.185144811585214120e-01,4.220976600051425630e-03,1.182705729317820165e+01,1.881109843776346963e-02,2.420179575784719636e-02,2.086281028935998982e-02,1.822257829224497791e-02,1.431080533436587254e-01,1.623232733442230014e-01,1.507104618077405866e-01,1.408516401668455098e-01
1.137499999999999956e+00,2.681371162716281870e-02,6.021604522310741725e-02,7.893925443877689019e-02,6.156503157463879411e-02,2.855846541112281312e-01,9.127214377745498930e-02,8.169971539009383832e-02,3.883819634287884459e-01,9.185255157464288223e-01,4.606848703580856963e-03,1.183350739278893116e+01,1.879868303226320952e-02,2.419729348389654949e-02,2.085954812949741832e-02,1.820590995075874879e-02,1.430599602608811638e-01,1.623071991590291641e-01,1.506977734172590122e-01,1.407863606879695695e-01
1.140000000000000124e+00,2.679639275928866540e-02,6.019351365390467057e-02,7.892364600196495605e-02,6.174678292551179226e-02,2.860346990783891319e-01,9.192042536785607898e-02,8.165052530025745936e-02,3.891230088571239198e-01,9.185375161792415089e-01,4.993653446512375492e-03,1.183997382918490260e+01,1.878625536170614591e-02,2.419275305284486824e-02,2.085628919621256017e-02,1.818922407934910057e-02,1.430117302880752339e-01,1.622909104596674812e-01,1.506850166962081239e-01,1.407209107015245098e-01
1.142500000000000071e+00,2.677908746774526963e-02,6.017053267313735715e-02,7.890784658921214112e-02,6.192824003683088108e-02,2.864854855119665644e-01,9.256963459686792794e-02,8.160115990738872616e-02,3.898643133157472240e-01,9.185504847954426566e-01,5.381396323925464673e-03,1.184645664262703590e+01,1.877381542841646822e-02,2.418817443229288530e-02,2.085303349721321850e-02,1.817252074510513141e-02,1.429633632705158974e-01,1.622744069260337041e-01,1.506721915061668693e-01,1.406552902621819590e-01
1.145000000000000018e+00,2.676179648956189538e-02,6.014710246195796584e-02,7.889185662313447089e-02,6.210937271430442413e-02,2.869370318721844448e-01,9.321977979479599552e-02,8.155162028429528698e-02,3.906058785547635859e-01,9.185644239471579819e-01,5.770082754655386954e-03,1.185295587373108184e+01,1.876136323396365713e-02,2.418355758956183474e-02,2.084978104014679687e-02,1.815580001509548361e-02,1.429148590501960470e-01,1.622576882364276385e-01,1.506592977077998441e-01,1.405894994245100449e-01
1.147499999999999964e+00,2.674452059378759627e-02,6.012322324487760078e-02,7.887567653364979670e-02,6.229015070429753248e-02,2.873893567506431990e-01,9.387086926822345301e-02,8.150190751127081579e-02,3.913477060927554874e-01,9.185793359999637753e-01,6.159718079754574263e-03,1.185947156346835207e+01,1.874889877915926484e-02,2.417890249169602976e-02,2.084653183259997308e-02,1.813906195637856808e-02,1.428662174658291428e-01,1.622407540675830651e-01,1.506463351608749446e-01,1.405235382430335134e-01
1.150000000000000133e+00,2.672726058162518820e-02,6.009889529045084333e-02,7.885930675793977052e-02,6.247054369869523005e-02,2.878424788688642710e-01,9.452291129869511144e-02,8.145202267600805401e-02,3.920897972091715866e-01,9.185952233326893923e-01,6.550307560973020644e-03,1.186600375316639955e+01,1.873642206405377181e-02,2.417420910546555154e-02,2.084328588209837310e-02,1.812230663601308717e-02,1.428174383528525715e-01,1.622236040946985758e-01,1.506333037242813533e-01,1.404574067722954567e-01
1.152500000000000080e+00,2.671001728655986868e-02,6.007411891194814474e-02,7.884274774041129252e-02,6.265052133977809523e-02,2.882964170767891576e-01,9.517591414140123829e-02,8.140196687351104743e-02,3.928321529367556075e-01,9.186120883372190793e-01,6.941856379258931273e-03,1.187255248450961531e+01,1.872393308793356137e-02,2.416947739736900053e-02,2.084004319610623795e-02,1.810553412106882809e-02,1.427685215434314203e-01,1.622062379914688823e-01,1.506202032560475246e-01,1.403911050669202354e-01
1.155000000000000027e+00,2.669279157448303449e-02,6.004889446801306430e-02,7.882599993265583527e-02,6.283005322510588908e-02,2.887511903512386957e-01,9.582988602385748844e-02,8.135174120600668912e-02,3.935747740540231354e-01,9.186299334182852494e-01,7.334369633280339931e-03,1.187911779953974900e+01,1.871143184931798459e-02,2.416470733363635173e-02,2.083680378202611497e-02,1.808874447863774784e-02,1.427194668664633070e-01,1.621886554301167904e-01,1.506070336133602527e-01,1.403246331816782322e-01
1.157499999999999973e+00,2.667558434381034349e-02,6.002322236330448479e-02,7.880906379340714418e-02,6.300910891240874001e-02,2.892068177943273866e-01,9.648483514458403021e-02,8.130134678285504124e-02,3.943176610778017510e-01,9.186487609932635356e-01,7.727852337970018623e-03,1.188569974065636536e+01,1.869891834595654653e-02,2.415989888023190035e-02,2.083356764719853857e-02,1.807193777584532521e-02,1.426702741475835423e-01,1.621708560814259514e-01,1.505937946525832682e-01,1.402579911715515493e-01
1.159999999999999920e+00,2.665839652559493650e-02,5.999710304912141134e-02,7.879193978849781399e-02,6.318765792448040319e-02,2.896633186318350317e-01,9.714076967178192357e-02,8.125078472045950406e-02,3.950608142558433289e-01,9.186685734919614044e-01,8.122309423094064423e-03,1.189229835061723328e+01,1.868639257482618971e-02,2.415505200285728016e-02,2.083033479890172499e-02,1.805511407986218689e-02,1.426209432091708196e-01,1.621528396147739193e-01,1.505804862292765001e-01,1.401911790918015654e-01
1.162500000000000089e+00,2.664122908363472306e-02,5.997053702400948622e-02,7.877462839081372792e-02,6.336566975407284530e-02,2.901207122115360693e-01,9.779769774200597343e-02,8.120005614217561118e-02,3.958042335595196026e-01,9.186893733564016618e-01,8.517745731845938195e-03,1.189891367253862420e+01,1.867385453212868154e-02,2.415016666695459294e-02,2.082710524435126692e-02,1.803827345791599382e-02,1.425714738703541262e-01,1.621346056981663730e-01,1.505671081982160042e-01,1.401241969980377977e-01
1.165000000000000036e+00,2.662408301457468845e-02,5.994352483434860213e-02,7.875713008024738671e-02,6.354311386878870593e-02,2.905790180014847235e-01,9.845562745883683353e-02,8.114916217821993571e-02,3.965479186766147079e-01,9.187111630406057383e-01,8.914166019467475652e-03,1.190554574989554837e+01,1.866130421328812336e-02,2.414524283770960039e-02,2.082387899069983173e-02,1.802141597730359118e-02,1.425218659470196825e-01,1.621161539982715061e-01,1.505536604134134482e-01,1.400570449462879008e-01
1.167499999999999982e+00,2.660695934800320905e-02,5.991606707491870659e-02,7.873944534364943348e-02,6.371995971596851327e-02,2.910382555882565225e-01,9.911456689154848898e-02,8.109810396557809442e-02,3.972918690042239742e-01,9.187339450103724214e-01,9.311574951897378175e-03,1.191219462652191829e+01,1.864874161294857030e-02,2.414028048005502705e-02,2.082065604503687342e-02,1.800454170540339432e-02,1.424721192518189072e-01,1.620974841804550814e-01,1.505401427281366500e-01,1.399897229930692488e-01
1.169999999999999929e+00,2.658985914654308363e-02,5.988816438944372100e-02,7.872157467477880477e-02,6.389617672757130773e-02,2.914984446751468505e-01,9.977452407377299104e-02,8.104688264791223840e-02,3.980360836417735637e-01,9.187577217430515919e-01,9.709977104449743837e-03,1.191886034661063931e+01,1.863616672497174845e-02,2.413527955867394645e-02,2.081743641438834128e-02,1.798765070968803143e-02,1.424222335941768280e-01,1.620785959088165140e-01,1.505265549949299508e-01,1.399222311954616271e-01
1.172500000000000098e+00,2.657278350593673608e-02,5.985981747111213114e-02,7.870351857425113284e-02,6.407173432504421895e-02,2.919596050803264231e-01,1.004355070021623053e-01,8.099549937546852985e-02,3.987805613841701180e-01,9.187824957273174054e-01,1.010937696052301507e-02,1.192554295471361847e+01,1.862357954243491764e-02,2.413024003800323322e-02,2.081422010571639877e-02,1.797074305773721514e-02,1.423722087803014069e-01,1.620594888462248140e-01,1.505128970656350873e-01,1.398545696111813674e-01
1.175000000000000044e+00,2.655573355512554079e-02,5.983102706307204255e-02,7.868527754948574648e-02,6.424660192418052418e-02,2.924217567349512437e-01,1.010975236350466905e-01,8.094395530498395275e-02,3.995253007150938451e-01,9.188082694629354785e-01,1.050977891034144893e-02,1.193224249574170415e+01,1.861098005762882104e-02,2.412516188223714358e-02,2.081100712591913565e-02,1.795381881725084325e-02,1.423220446131931993e-01,1.620401626543560292e-01,1.504991687914123133e-01,1.397867382986566209e-01
1.177499999999999991e+00,2.653871045632366990e-02,5.980179395889997224e-02,7.866685211465138106e-02,6.442074893996241336e-02,2.928849196812298716e-01,1.017605818910883864e-01,8.089225159959294309e-02,4.002702998004474266e-01,9.188350454605300754e-01,1.091118724972948116e-02,1.193895901496456169e+01,1.859836826205577345e-02,2.412004505533094784e-02,2.080779748183030770e-02,1.793687805606231089e-02,1.422717408926559568e-01,1.620206169937304097e-01,1.504853700227616886e-01,1.397187373171037417e-01
1.179999999999999938e+00,2.652171540508561909e-02,5.977211900304205128e-02,7.864824279060982082e-02,6.459414479138624043e-02,2.933491140704483358e-01,1.024246896479317492e-01,8.084038942873426892e-02,4.010155564819709029e-01,9.188628262413451875e-01,1.131360617892180134e-02,1.194569255801046381e+01,1.858574414642786415e-02,2.411488952100467043e-02,2.080459118021905571e-02,1.791992084215203104e-02,1.422212974153076459e-01,1.620008515237507107e-01,1.504715006095448948e-01,1.396505667266049744e-01
1.182500000000000107e+00,2.650474963036811640e-02,5.974200309122584818e-02,7.862945010485865305e-02,6.476675890626878984e-02,2.938143601609467526e-01,1.030898547408493904e-01,8.078836996805732751e-02,4.017610682710383019e-01,9.188916143370053913e-01,1.171703980140923265e-02,1.195244317086600638e+01,1.857310770066528116e-02,2.410969524274691328e-02,2.080138822778965571e-02,1.790294724366116308e-02,1.421707139745922721e-01,1.619808659027409392e-01,1.504575604010070511e-01,1.395822265881870861e-01
1.185000000000000053e+00,2.648781439458581036e-02,5.971144717084138354e-02,7.861047459147238459e-02,6.493856072603126917e-02,2.942806783160573092e-01,1.037560849613820974e-01,8.073619439932894215e-02,4.025068323426420625e-01,9.189214122892712666e-01,1.212149212282243732e-02,1.195921089987576735e+01,1.856045891389476038e-02,2.410446218381876934e-02,2.079818863118124486e-02,1.788595732890551140e-02,1.421199903607923420e-01,1.619606597879854060e-01,1.504435492457989743e-01,1.395137169639011909e-01
1.187500000000000000e+00,2.647091099366094200e-02,5.968045224129053805e-02,7.859131679104176815e-02,6.510951971045995934e-02,2.947480890019938404e-01,1.044233880559772148e-01,8.068386391033971483e-02,4.032528455295844028e-01,9.189522226497942592e-01,1.252696704985475917e-02,1.196599579174187689e+01,1.854779777444815966e-02,2.409919030725782632e-02,2.079499239696758206e-02,1.786895116638961833e-02,1.420691263610419086e-01,1.619402328357688048e-01,1.504294669919995497e-01,1.394450379169034915e-01
1.189999999999999947e+00,2.645404075706675115e-02,5.964901935430262647e-02,7.857197725061219884e-02,6.527960534244041380e-02,2.952166127857000499e-01,1.050917717246179772e-01,8.063137969481111444e-02,4.039991043168803531e-01,9.189840479798674355e-01,1.293346838922550257e-02,1.197279789352352353e+01,1.853512426986116471e-02,2.409387957588225021e-02,2.079179953165679121e-02,1.785192882482100965e-02,1.420181217593403378e-01,1.619195847014164025e-01,1.504153134871385467e-01,1.393761895115371019e-01
1.192500000000000115e+00,2.643720504786467237e-02,5.961714961421522158e-02,7.855245652362040365e-02,6.544878713266426284e-02,2.956862703326514907e-01,1.057612436194498989e-01,8.057874295230231521e-02,4.047456048363902714e-01,9.190168908501752387e-01,1.334099984668486380e-02,1.197961725263640353e+01,1.852243838687211638e-02,2.408852995229496946e-02,2.078861004169111834e-02,1.783489037312459280e-02,1.419669763365665749e-01,1.618987150393349228e-01,1.504010885782192941e-01,1.393071718134144821e-01
1.195000000000000062e+00,2.642040526273546283e-02,5.958484417821879181e-02,7.853275516982972937e-02,6.561703462430636125e-02,2.961570824046152461e-01,1.064318113434008228e-01,8.052595488811774282e-02,4.054923428616895587e-01,9.190507538405391363e-01,1.374956502606244045e-02,1.198645391685207073e+01,1.850974011142098377e-02,2.408314139888793892e-02,2.078542393344669920e-02,1.781783588045720776e-02,1.419156898704943270e-01,1.618776235030539024e-01,1.503867921117420514e-01,1.392379848895010097e-01
1.197500000000000009e+00,2.640364283200346066e-02,5.955210425656358442e-02,7.851287375526438961e-02,6.578431739767014175e-02,2.966290698573642026e-01,1.071034824487946541e-01,8.047301671321495375e-02,4.062393138031888951e-01,9.190856395396613809e-01,1.415916742835994849e-02,1.199330793429723663e+01,1.849702942864844130e-02,2.407771387784650094e-02,2.078224121323332327e-02,1.780076541622229586e-02,1.418642621358076061e-01,1.618563097452677957e-01,1.503724239337271840e-01,1.391686288081994127e-01
1.199999999999999956e+00,2.638691921965499038e-02,5.951893111272760911e-02,7.849281285214178283e-02,6.595060507480005052e-02,2.971022536383485790e-01,1.077762644359596123e-01,8.041992964411273648e-02,4.069865127035159347e-01,9.191215505448674383e-01,1.456981045089022000e-02,1.200017935345301012e+01,1.848430632289511585e-02,2.407224735115382971e-02,2.077906188729419790e-02,1.778367905008468308e-02,1.418126929041171602e-01,1.618347734178782193e-01,1.503579838897388665e-01,1.390991036394344516e-01
1.202500000000000124e+00,2.637023592334962821e-02,5.948532606354384883e-02,7.847257303880418589e-02,6.611586732405934363e-02,2.975766547843203269e-01,1.084501647518291839e-01,8.036669490280023975e-02,4.077339342331681160e-01,9.191584894618467505e-01,1.498149738646297434e-02,1.200706822315406086e+01,1.847157077770093803e-02,2.406674178059546587e-02,2.077588596180573663e-02,1.776657685198547790e-02,1.417609819439771546e-01,1.618130141720367787e-01,1.503434718249084812e-01,1.390294094547388226e-01
1.205000000000000071e+00,2.635359447442550684e-02,5.945129047928598975e-02,7.845215489964865729e-02,6.628007386467225925e-02,2.980522944189178403e-01,1.091251907885362193e-01,8.031331371664635066e-02,4.084815726864524654e-01,9.191964589043870593e-01,1.539423142261964715e-02,1.201397459258769018e+01,1.845882277580464595e-02,2.406119712776394123e-02,2.077271344287733371e-02,1.774945889215703843e-02,1.417091290209030741e-01,1.617910316581887276e-01,1.503288875839590699e-01,1.389595463273393949e-01
1.207500000000000018e+00,2.633699643789746969e-02,5.941682578371097756e-02,7.843155902505564991e-02,6.644319447122740141e-02,2.985291937502022597e-01,1.098013498820015754e-01,8.025978731831001634e-02,4.092294219777153352e-01,9.192354614941148361e-01,1.580801564091789332e-02,1.202089851129291276e+01,1.844606229914343490e-02,2.405561335406349727e-02,2.076954433655114549e-02,1.773232524113801944e-02,1.416571338973896532e-01,1.617688255261165164e-01,1.503142310112288438e-01,1.388895143322438630e-01
1.209999999999999964e+00,2.632044341244879973e-02,5.938193345405711615e-02,7.841078601131698522e-02,6.660519897814402845e-02,2.990073740681532533e-01,1.104786493105127942e-01,8.020611694565141225e-02,4.099774756378801177e-01,9.192754998602259420e-01,1.622285301626745155e-02,1.202784002915937478e+01,1.843328932885272137e-02,2.404999042071487986e-02,2.076637864880189616e-02,1.771517596978848877e-02,1.416049963329298333e-01,1.617463954249842017e-01,1.502995019506958574e-01,1.388193135463283157e-01
1.212500000000000133e+00,2.630393703041620374e-02,5.934661502099614766e-02,7.838983646056163490e-02,6.676605728409724938e-02,2.994868567421177796e-01,1.111570962932980217e-01,8.015230384164366562e-02,4.107257268112974868e-01,9.193165766392201732e-01,1.663874641631803153e-02,1.203479919642630591e+01,1.842050384526608062e-02,2.404432828876024858e-02,2.076321638553665916e-02,1.769801114930506791e-02,1.415527160840341914e-01,1.617237410033822709e-01,1.502847002460020731e-01,1.387489440484246384e-01
1.215000000000000080e+00,2.628747895776762170e-02,5.931087206853861288e-02,7.836871098068143304e-02,6.692573935640269700e-02,2.999676632182182168e-01,1.118366979890898089e-01,8.009834925428618857e-02,4.114741682529228783e-01,9.193586944746314771e-01,1.705569860090178427e-02,1.204177606368133624e+01,1.840770582791530219e-02,2.403862691906815188e-02,2.076005755259466290e-02,1.768083085123612133e-02,1.415002929042509239e-01,1.617008619093726896e-01,1.502698257404781468e-01,1.386784059194087759e-01
1.217500000000000027e+00,2.627107089407359347e-02,5.927470623389093779e-02,7.834741018525477607e-02,6.708421523535938735e-02,3.004498150167138615e-01,1.125174614946825580e-01,8.004425443651831673e-02,4.122227923258252602e-01,9.194018560167581677e-01,1.747371222152972053e-02,1.204877068185930611e+01,1.839489525553060154e-02,2.403288627233860289e-02,2.075690215574709646e-02,1.766363514749694219e-02,1.414477265441866360e-01,1.616777577905344487e-01,1.502548782771678804e-01,1.386076992422888010e-01
1.219999999999999973e+00,2.625471457247120083e-02,5.923811920726275437e-02,7.832593469346936510e-02,6.724145503854982164e-02,3.009333337293205735e-01,1.131993938434812941e-01,7.999002064613455754e-02,4.129715909990422373e-01,9.194460639223915877e-01,1.789278982094517217e-02,1.205578310224099070e+01,1.838207210604098432e-02,2.402710630910825235e-02,2.075375020069691531e-02,1.764642411038493466e-02,1.413950167515275191e-01,1.616544282940097499e-01,1.502398576988529799e-01,1.385368241022935931e-01
1.222499999999999920e+00,2.623841175962137590e-02,5.920111273162391441e-02,7.830428513004450419e-02,6.739742896509605397e-02,3.014182410164864545e-01,1.138825020040410835e-01,7.993564914570093494e-02,4.137205558457839882e-01,9.194913208545433259e-01,1.831293383273388184e-02,1.206281337645177665e+01,1.836923635657474255e-02,2.402128698975563789e-02,2.075060169307866090e-02,1.762919781259478930e-02,1.413421632710612497e-01,1.616308730665502180e-01,1.502247638480780079e-01,1.384657805869612679e-01
1.225000000000000089e+00,2.622216425565878847e-02,5.916368860240943384e-02,7.828246212515133085e-02,6.755210729987240481e-02,3.019045586046246177e-01,1.145667928786001238e-01,7.988114120247256922e-02,4.144696780420009663e-01,9.195376294821724361e-01,1.873414658099323976e-02,1.206986155646030134e+01,1.835638798346010681e-02,2.401542827450653395e-02,2.074745663845827676e-02,1.761195632723360632e-02,1.412891658446994991e-01,1.616070917545636698e-01,1.502095965671752242e-01,1.383945687862278562e-01
1.227500000000000036e+00,2.620597389413482914e-02,5.912584866717166682e-02,7.826046631433299094e-02,6.770546041767290524e-02,3.023923082833014919e-01,1.152522733016015377e-01,7.982649808831251970e-02,4.152189483653189184e-01,9.195849924799108788e-01,1.915643028006071627e-02,1.207692769457700344e+01,1.834352696222606161e-02,2.400953012343939874e-02,2.074431504233292464e-02,1.759469972783598082e-02,1.412360242115009712e-01,1.615830840041612704e-01,1.501943556982895944e-01,1.383231887925158998e-01
1.229999999999999982e+00,2.618984254195313652e-02,5.908759482517847439e-02,7.823829833842305126e-02,6.785745878733365211e-02,3.028815119023840485e-01,1.159389500382085048e-01,7.977172107961218173e-02,4.159683571943499358e-01,9.196334125277889626e-01,1.957978703430314840e-02,1.208401184345266977e+01,1.833065326760328906e-02,2.400359249649089768e-02,2.074117691013082146e-02,1.757742808837900461e-02,1.411827381076950494e-01,1.615588494612050785e-01,1.501790410834038525e-01,1.382516407008228809e-01
1.232499999999999929e+00,2.617377209929811627e-02,5.904892902695674933e-02,7.821595884346355110e-02,6.800807297580994948e-02,3.033721913691430627e-01,1.166268297828090966e-01,7.971681145721312700e-02,4.167178945083866437e-01,9.196828923109603426e-01,2.000421883796764735e-02,1.209111405607690237e+01,1.831776687352528604e-02,2.399761535346152733e-02,2.073804224721106579e-02,1.756014148329718139e-02,1.411293072667059723e-01,1.615343877713557585e-01,1.501636525643636200e-01,1.381799246088094291e-01
1.235000000000000098e+00,2.615776449955589320e-02,5.900985327377942374e-02,7.819344848062165232e-02,6.815727365220651535e-02,3.038643686453146864e-01,1.173159191575129240e-01,7.966177050633037326e-02,4.174675498874867441e-01,9.197334345194267957e-01,2.042972757509549028e-02,1.209823438577654997e+01,1.830486775312963055e-02,2.399159865402133648e-02,2.073491105886346789e-02,1.754283998749725168e-02,1.410757314191777301e-01,1.615096985801207641e-01,1.501481899829024136e-01,1.381080406168874175e-01
1.237500000000000044e+00,2.614182170922801571e-02,5.897036961709625769e-02,7.817076790610594239e-02,6.830503159176359862e-02,3.043580657441191661e-01,1.180062247106384160e-01,7.960659951647752752e-02,4.182173125129537428e-01,9.197850418477621082e-01,2.085631501949969380e-02,1.210537288621408969e+01,1.829195587875939374e-02,2.398554235771573062e-02,2.073178335030839703e-02,1.752552367637287209e-02,1.410220102929992947e-01,1.614847815329027436e-01,1.501326531806669862e-01,1.380359888283073655e-01
1.239999999999999991e+00,2.612594572783755176e-02,5.893048015790700034e-02,7.814791778108133580e-02,6.845131767979496795e-02,3.048533047272378171e-01,1.186977529151911209e-01,7.955129978139340030e-02,4.189671711682181332e-01,9.198377169948368515e-01,2.128398283480706366e-02,1.211252961138600526e+01,1.827903122196473246e-02,2.397944642397136991e-02,2.072865912669662192e-02,1.750819262581918001e-02,1.409681436133306542e-01,1.614596362750483627e-01,1.501170419992422789e-01,1.379637693492457018e-01
1.242499999999999938e+00,2.611013858782804814e-02,5.889018704607558441e-02,7.812489877158371177e-02,6.859610291558074224e-02,3.053501077017493626e-01,1.193905101673325975e-01,7.949587259897034075e-02,4.197171142401276978e-01,9.198914626635434910e-01,2.171273257456600089e-02,1.211970461562105328e+01,1.826609375350461001e-02,2.397331081210216444e-02,2.072553839310915455e-02,1.749084691224717450e-02,1.409141311026291532e-01,1.614342624518971814e-01,1.501013562801766510e-01,1.378913822888913621e-01
1.245000000000000107e+00,2.609440235445437475e-02,5.884949247958580487e-02,7.810171154843348340e-02,6.873935841621488241e-02,3.058484968170233631e-01,1.200845027848416874e-01,7.944031927118473668e-02,4.204671297206473146e-01,9.199462815605198296e-01,2.214256568242082418e-02,1.212689795357857925e+01,1.825314344334871136e-02,2.396713548131536656e-02,2.072242115455710798e-02,1.747348661259794447e-02,1.408599724806767206e-01,1.614086597088312258e-01,1.500855958650070265e-01,1.378188277595318034e-01
1.247500000000000053e+00,2.607873912566655017e-02,5.880839870373700401e-02,7.807835678714833416e-02,6.888105542040454110e-02,3.063484942615745110e-01,1.207797370055647412e-01,7.938464110402888851e-02,4.212172052089731000e-01,9.200021763958773358e-01,2.257348349235294496e-02,1.213410968024673053e+01,1.824018026067948661e-02,2.396092039071773608e-02,2.071930741598153672e-02,1.745611180435669221e-02,1.408056674646070427e-01,1.613828276913240878e-01,1.500697605952837077e-01,1.377461058766381585e-01
1.250000000000000000e+00,2.606315103198549032e-02,5.876690801027942279e-02,7.805483516785563514e-02,6.902116529222646069e-02,3.068501222598746803e-01,1.214762189858590996e-01,7.932883940744522855e-02,4.219673279140702671e-01,9.200591498829240322e-01,2.300548722899039417e-02,1.214133985094067825e+01,1.822720417389437839e-02,2.395466549932183040e-02,2.071619718225330836e-02,1.743872256556654177e-02,1.407512157689339571e-01,1.613567660449911345e-01,1.500538503125956880e-01,1.376732167589498346e-01
1.252499999999999947e+00,2.604764023637124240e-02,5.872502273648873977e-02,7.803114737520390476e-02,6.915965952483564549e-02,3.073534030691271735e-01,1.221739547990271096e-01,7.927291549526209458e-02,4.227174846576264300e-01,9.201172047378942676e-01,2.343857800798570742e-02,1.214858852130080180e+01,1.821421515060820881e-02,2.394837076605235704e-02,2.071309045817295788e-02,1.742131897484213224e-02,1.406966171055799020e-01,1.613304744156392745e-01,1.500378648585954100e-01,1.376001605285581408e-01
1.255000000000000115e+00,2.603220893408351305e-02,5.868274526417927017e-02,7.800729409827376892e-02,6.929650974413015252e-02,3.078583589759991135e-01,1.228729504337414125e-01,7.921687068513201535e-02,4.234676618774346757e-01,9.201763436796754903e-01,2.387275683646327210e-02,1.215585574729083440e+01,1.820121315765572956e-02,2.394203614975264072e-02,2.070998724847055578e-02,1.740390111138294740e-02,1.406418711839050595e-01,1.613039524493171117e-01,1.500218040750235515e-01,1.375269373109887228e-01
1.257500000000000062e+00,2.601685935253420651e-02,5.864007801865585984e-02,7.798327603048854639e-02,6.943168771237104298e-02,3.083650122933154214e-01,1.235732117924631113e-01,7.916070629847192508e-02,4.242178456311982981e-01,9.202365694295373544e-01,2.430802461353644139e-02,1.216314158519600142e+01,1.818819816109433496e-02,2.393566160919118058e-02,2.070688755780556931e-02,1.738646905498639553e-02,1.405869777107368879e-01,1.612771997923655165e-01,1.500056678037339497e-01,1.374535472352835241e-01
1.260000000000000009e+00,2.600159375113241314e-02,5.859702346760345404e-02,7.795909386952393216e-02,6.956516533175789718e-02,3.088733853567157128e-01,1.242747446898509328e-01,7.910442366040515427e-02,4.249680216007658551e-01,9.202978847108636007e-01,2.474438213089533156e-02,1.217044609162113211e+01,1.817517012620694164e-02,2.392924710306828726e-02,2.070379139076673758e-02,1.736902288606060121e-02,1.405319363904002083e-01,1.612502160914680294e-01,1.499894558867179983e-01,1.373799904340808342e-01
1.262499999999999956e+00,2.598641442112127262e-02,5.855358411991514606e-02,7.793474831721726448e-02,6.969691464796069769e-02,3.093835005212700606e-01,1.249775548511641160e-01,7.904802409970596022e-02,4.257181750967911071e-01,9.203602922488830496e-01,2.518183007346509045e-02,1.217776932348876429e+01,1.816212901750504510e-02,2.392279259002283442e-02,2.070069875187194666e-02,1.735156268563689541e-02,1.404767469247479306e-01,1.612230009937015984e-01,1.499731681661293226e-01,1.373062670436948352e-01
1.265000000000000124e+00,2.597132368540710362e-02,5.850976252445782427e-02,7.791024007947690289e-02,6.982690785360869123e-02,3.098953801580607292e-01,1.256816479106571682e-01,7.899150894874651385e-02,4.264682910638225022e-01,9.204237947704043687e-01,2.562036902013603568e-02,1.218511133803720092e+01,1.814907479873194285e-02,2.391629802863909707e-02,2.069760964556810121e-02,1.733408853538199665e-02,1.404214090131918613e-01,1.611955541465875108e-01,1.499568044843079262e-01,1.372323772041933454e-01
1.267500000000000071e+00,2.595632389838040815e-02,5.846556126877568149e-02,7.788556986619021849e-02,6.995511729173692350e-02,3.104090466507241075e-01,1.263870294099689040e-01,7.893487954344532986e-02,4.272183540858185968e-01,9.204883950035519513e-01,2.605999944456508649e-02,1.219247219281859351e+01,1.813600743286611361e-02,2.390976337745367303e-02,2.069452407623100648e-02,1.731660051760984184e-02,1.403659223527344013e-01,1.611678751981422686e-01,1.499403646838045334e-01,1.371583210594743418e-01
1.270000000000000018e+00,2.594141744572921182e-02,5.842098297773200277e-02,7.786073839113206996e-02,7.008151545919041880e-02,3.109245223919580581e-01,1.270937047965045030e-01,7.887813722321893040e-02,4.279683483920893039e-01,9.205540956775031258e-01,2.650072171604922477e-02,1.219985194569700759e+01,1.812292688212478742e-02,2.390318859496251558e-02,2.069144204816525043e-02,1.729909871529308404e-02,1.403102866380005476e-01,1.611399637969287424e-01,1.499238486074044308e-01,1.370840987573411218e-01
1.272499999999999964e+00,2.592660674424396294e-02,5.837603031208887100e-02,7.783574637187250234e-02,7.020607500998769790e-02,3.114418297799925739e-01,1.278016794218129193e-01,7.882128333093499362e-02,4.287182578636604124e-01,9.206208995222298075e-01,2.694253610047137037e-02,1.220725065484645455e+01,1.810983310796767873e-02,2.389657363962805273e-02,2.068836356560408221e-02,1.728158321207421896e-02,1.402545015612700618e-01,1.611118195921073248e-01,1.499072560981513369e-01,1.370097104495756890e-01
1.275000000000000133e+00,2.591189424161483013e-02,5.833070596702575467e-02,7.781059452968416834e-02,7.032876875864345345e-02,3.119609912150266839e-01,1.285109585399583088e-01,7.876431921286870808e-02,4.294680660400601591e-01,9.206888092682390390e-01,2.738544276131858052e-02,1.221466837874895539e+01,1.809672607110088260e-02,2.388991846988639672e-02,2.068528863270930815e-02,1.726405409227631596e-02,1.401985668125106665e-01,1.610834422334872507e-01,1.498905869993709949e-01,1.369351562920106402e-01
1.277500000000000080e+00,2.589728241622055172e-02,5.828501267059659624e-02,7.778528358944963861e-02,7.044956968345193749e-02,3.124820290956298319e-01,1.292215473058886122e-01,7.870724621866066750e-02,4.302177561265237427e-01,9.207578276463216360e-01,2.782944176077249351e-02,1.222210517619258319e+01,1.808360573148096867e-02,2.388322304415465072e-02,2.068221725357117374e-02,1.724651144091336394e-02,1.401424820794110737e-01,1.610548313715776669e-01,1.498738411546943483e-01,1.368604364445991373e-01
1.280000000000000027e+00,2.588277377690959349e-02,5.823895318212685829e-02,7.775981427956842051e-02,7.056845092973072775e-02,3.130049658151118908e-01,1.299334507737986699e-01,7.865006570127799912e-02,4.309673110016116193e-01,9.208279573872968360e-01,2.827453306087285290e-02,1.222956110626951087e+01,1.807047204831921730e-02,2.387648732083831257e-02,2.067914943220825613e-02,1.722895534370019049e-02,1.400862470474147914e-01,1.610259866576392584e-01,1.498570184080809387e-01,1.367855510714834633e-01
1.282499999999999973e+00,2.586837086277277153e-02,5.819253029054997223e-02,7.773418733186356067e-02,7.068538581302719059e-02,3.135298237578570957e-01,1.306466738954924489e-01,7.859277901697704627e-02,4.317167132252383022e-01,9.208992012217658285e-01,2.872071652475306422e-02,1.223703622837406613e+01,1.805732498008606399e-02,2.386971125833877230e-02,2.067608517256735307e-02,1.721138588706194739e-02,1.400298613997542352e-01,1.609969077437355400e-01,1.498401186038414712e-01,1.367105003410611086e-01
1.284999999999999920e+00,2.585407624290817635e-02,5.814574681268542405e-02,7.770840348148844168e-02,7.080034782228648849e-02,3.140566252956302207e-01,1.313612215187425492e-01,7.853538752526945110e-02,4.324659450471075584e-01,9.209715618798648418e-01,2.916799191794843329e-02,1.224453060220079870e+01,1.804416448451569288e-02,2.386289481506089633e-02,2.067302447852338576e-02,1.719380315814316232e-02,1.399733248174852840e-01,1.609675942827840933e-01,1.498231415866605187e-01,1.366352844260494137e-01
1.287500000000000089e+00,2.583989251617757263e-02,5.809860559145788028e-02,7.768246346683317649e-02,7.091331062298417143e-02,3.145853927838488939e-01,1.320770983856484337e-01,7.847789258888981934e-02,4.332149884155452324e-01,9.210450420910241132e-01,2.961635890977643015e-02,1.225204428774254595e+01,1.803099051861082464e-02,2.385603794942070532e-02,2.066996735387928788e-02,1.717620724481631889e-02,1.399166369795220577e-01,1.609380459286080256e-01,1.498060872016187539e-01,1.365599035035477971e-01
1.290000000000000036e+00,2.582582231095506206e-02,5.805110949405917209e-02,7.765636802943094719e-02,7.102424806022122894e-02,3.151161485578278798e-01,1.327943091309955748e-01,7.842029557376663240e-02,4.339638249867284747e-01,9.211196445837277480e-01,3.006581707478946444e-02,1.225957734528853571e+01,1.801780303864766383e-02,2.384914061985315623e-02,2.066691380236590839e-02,1.715859823568996120e-02,1.398597975626722778e-01,1.609082623359873454e-01,1.497889552942149594e-01,1.364843577550981790e-01
1.292499999999999982e+00,2.581186828486702750e-02,5.800326141005397035e-02,7.763011791386439930e-02,7.113313416178604354e-02,3.156489149289920526e-01,1.335128582806149322e-01,7.836259784899513026e-02,4.347124361342998289e-01,9.211953720852801286e-01,3.051636589429883653e-02,1.226712983542246782e+01,1.800460200018104417e-02,2.384220278482000049e-02,2.066386382764190399e-02,1.714097622011630934e-02,1.398028062416729334e-01,1.608782431607101160e-01,1.497717457103875660e-01,1.364086473667428523e-01
1.294999999999999929e+00,2.579803312452468370e-02,5.795506424943053930e-02,7.760371386767167534e-02,7.123994314118056725e-02,3.161837141810645013e-01,1.342327502497450975e-01,7.830480078681274769e-02,4.354608029593648455e-01,9.212722273215725455e-01,3.096800475797061719e-02,1.227470181902065605e+01,1.799138735804972980e-02,2.383522440281773958e-02,2.066081743329364895e-02,1.712334128819836473e-02,1.397456626892262799e-01,1.608479880596238587e-01,1.497544582965361915e-01,1.363327725290803816e-01
1.297500000000000098e+00,2.578431954524757971e-02,5.790652094059738769e-02,7.757715664125287847e-02,7.134464940061337190e-02,3.167205685662240477e-01,1.349539893413975178e-01,7.824690576257761765e-02,4.362089063008565137e-01,9.213502130168593762e-01,3.142073296549196398e-02,1.228229335725016291e+01,1.797815906638191782e-02,2.382820543238568789e-02,2.065777462283512403e-02,1.710569353079652299e-02,1.396883665760360882e-01,1.608174966906864567e-01,1.497370928995422346e-01,1.362567334373189498e-01
1.300000000000000044e+00,2.577073029077971839e-02,5.785763442832773940e-02,7.755044698777599499e-02,7.144722753395982284e-02,3.172595003012401160e-01,1.356765797447266053e-01,7.818891415474854556e-02,4.369567267462706739e-01,9.214293318935323773e-01,3.187454972830805477e-02,1.228990451156698782e+01,1.796491707860089701e-02,2.382114583211409134e-02,2.065473539970783673e-02,1.708803303953461764e-02,1.396309175708445038e-01,1.607867687130173640e-01,1.497196493667898309e-01,1.361805302913274007e-01
1.302499999999999991e+00,2.575726813299701601e-02,5.780840767165355137e-02,7.752358566308335808e-02,7.154765232969016731e-02,3.178005315635797912e-01,1.364005255334063138e-01,7.813082734486860581e-02,4.377042446427520384e-01,9.215095866719043016e-01,3.232945417142909367e-02,1.229753534371424273e+01,1.795166134743090072e-02,2.381404556065236724e-02,2.065169976728070678e-02,1.707035990680546081e-02,1.395733153404688787e-01,1.607558037869483702e-01,1.497021275461857814e-01,1.361041632956837555e-01
1.304999999999999938e+00,2.574393587160682048e-02,5.775884364171009200e-02,7.749657342559776452e-02,7.164589877376657812e-02,3.183436844874937277e-01,1.371258306640121827e-01,7.807264671755051455e-02,4.384514401085296553e-01,9.215909800699929599e-01,3.278544533530634159e-02,1.230518591572040066e+01,1.793839182490312989e-02,2.380690457671742061e-02,2.064866772884998633e-02,1.705267422577580461e-02,1.395155595498392964e-01,1.607246015740745604e-01,1.496845272861795917e-01,1.360276326597213148e-01
1.307500000000000107e+00,2.573073633383925196e-02,5.770894531953332102e-02,7.746941103622881353e-02,7.174194205250797318e-02,3.188889811600781332e-01,1.378524989744160378e-01,7.801437366046461153e-02,4.391982930446869382e-01,9.216735148033154967e-01,3.324252217777647067e-02,1.231285628989754954e+01,1.792510846236195984e-02,2.379972283910204364e-02,2.064563928763914896e-02,1.703497609039075072e-02,1.394576498620359317e-01,1.606931617373047461e-01,1.496668484357825402e-01,1.359509385975718188e-01
1.310000000000000053e+00,2.571767237413034868e-02,5.765871569381222916e-02,7.744209925827945373e-02,7.183575755542649655e-02,3.194364436173148247e-01,1.385805341821859937e-01,7.795600956432963136e-02,4.399447831472613757e-01,9.217571935846811115e-01,3.370068357607393372e-02,1.232054652883970292e+01,1.791181121047132410e-02,2.379250030668340898e-02,2.064261444679880986e-02,1.701726559537758421e-02,1.393995859383272973e-01,1.606614839409119533e-01,1.496490908445869961e-01,1.358740813282062754e-01
1.312500000000000000e+00,2.570474687379727119e-02,5.760815775859778887e-02,7.741463885735209993e-02,7.192732087803280216e-02,3.199860938400931887e-01,1.393099398830036639e-01,7.789755582290541769e-02,4.406908899196570473e-01,9.218420191239939943e-01,3.415992832890997477e-02,1.232825669542113189e+01,1.789850001922128203e-02,2.378523693843164963e-02,2.063959320940662520e-02,1.699954283624901738e-02,1.393413674382081857e-01,1.606295678505837432e-01,1.496312543627847103e-01,1.357970610754729857e-01
1.314999999999999947e+00,2.569196274070510710e-02,5.755727451097063241e-02,7.738703060125576294e-02,7.201660782461291599e-02,3.205379537502109910e-01,1.400407195490913359e-01,7.783901383298873211e-02,4.414365926853653366e-01,9.219279941280591473e-01,3.462025515861770486e-02,1.233598685279474694e+01,1.788517483793475998e-02,2.377793269341851173e-02,2.063657557846719851e-02,1.698180790930584397e-02,1.392829940194383054e-01,1.605974131334721722e-01,1.496133388411850229e-01,1.357198780681325712e-01
1.317500000000000115e+00,2.567932290892612976e-02,5.750606894867073271e-02,7.735927525991215248e-02,7.210359441097652367e-02,3.210920452063606434e-01,1.407728765276567429e-01,7.778038499441095044e-02,4.421818706009782995e-01,9.220151213003937585e-01,3.508166271336212588e-02,1.234373706439052931e+01,1.787183561527447631e-02,2.377058753082610110e-02,2.063356155691198693e-02,1.696406091163899649e-02,1.392244653380810548e-01,1.605650194582436685e-01,1.495953441312322940e-01,1.356425325398904203e-01
1.320000000000000062e+00,2.566683033839034511e-02,5.745454406768995409e-02,7.733137360526315396e-02,7.218825686717625367e-02,3.216483900000959295e-01,1.415064140393538783e-01,7.772167071003859007e-02,4.429267026694844178e-01,9.221034033410461239e-01,3.554414956941390896e-02,1.235150739391400343e+01,1.785848229925003292e-02,2.376320140995571636e-02,2.063055114759920761e-02,1.694630194113097912e-02,1.391657810485422420e-01,1.605323864951284096e-01,1.495772700850231673e-01,1.355650247294261090e-01
1.322500000000000009e+00,2.565448801452869382e-02,5.740270285983161552e-02,7.730332641117705628e-02,7.227057164019989877e-02,3.222070098517871295e-01,1.422413351767639056e-01,7.766287238577559982e-02,4.436710677538350800e-01,9.221928429464167909e-01,3.600771423348606004e-02,1.235929790534475181e+01,1.784511483722520803e-02,2.375577429023674123e-02,2.062754435331374744e-02,1.692853109645669346e-02,1.391069408036096633e-01,1.604995139159698658e-01,1.495591165553231405e-01,1.354873548804199079e-01
1.324999999999999956e+00,2.564229894790782949e-02,5.735054831023869704e-02,7.727513445335644493e-02,7.235051539663484022e-02,3.227679264065607678e-01,1.429776429028971896e-01,7.760399143056886939e-02,4.444149445907697449e-01,9.222834428090888048e-01,3.647235514513233468e-02,1.236710866293500111e+01,1.783173317592540857e-02,2.374830613123563722e-02,2.062454117676706250e-02,1.691074847708363277e-02,1.390479442544924615e-01,1.604664013942736223e-01,1.495408833955826911e-01,1.354095232415763461e-01
1.327500000000000124e+00,2.563026617385719130e-02,5.729808339489425584e-02,7.724679850924466573e-02,7.242806502530464707e-02,3.233311612302290916e-01,1.437153400497183098e-01,7.754502925641550137e-02,4.451583118048839660e-01,9.223752056176632852e-01,3.693807067920552856e-02,1.237493973120824009e+01,1.781833726144530991e-02,2.374079689266499205e-02,2.062154162059708778e-02,1.689295418327145179e-02,1.389887910508606217e-01,1.604330486052560067e-01,1.495225704599527916e-01,1.353315300666445287e-01
1.330000000000000071e+00,2.561839275208817324e-02,5.724531107809616853e-02,7.721831935793369017e-02,7.250319763987923827e-02,3.238967358052091683e-01,1.444544293166963589e-01,7.748598727837238687e-02,4.459011479229326169e-01,9.224681340565996646e-01,3.740485914837537312e-02,1.238279117495792825e+01,1.780492703925665859e-02,2.373324653439267198e-02,2.061854568736814705e-02,1.687514831607089122e-02,1.389294808408850501e-01,1.603994552258927730e-01,1.495041776033000092e-01,1.352533756144358168e-01
1.332500000000000018e+00,2.560668176630537946e-02,5.719223430991036278e-02,7.718969778007146731e-02,7.257589058145730299e-02,3.244646715264312142e-01,1.451949132693826638e-01,7.742686691456850123e-02,4.466434313883514973e-01,9.225622308060641430e-01,3.787271880570381583e-02,1.239066305924620437e+01,1.779150245421627988e-02,2.372565501645100550e-02,2.061555337957084524e-02,1.685733097732206726e-02,1.388700132712776814e-01,1.603656209349666739e-01,1.494857046812210766e-01,1.351750601488379000e-01
1.334999999999999964e+00,2.559513632381013939e-02,5.713885602360455063e-02,7.716093455776937282e-02,7.264612142112225612e-02,3.250349896972438701e-01,1.459367943380198429e-01,7.736766958621875412e-02,4.473851405759830535e-01,9.226574985417836938e-01,3.834164784727651931e-02,1.239855544940273901e+01,1.777806345057423437e-02,2.371802229904608136e-02,2.061256469962198523e-02,1.683950226965211239e-02,1.388103879873316404e-01,1.603315454131155615e-01,1.494671515500567704e-01,1.350965839388260925e-01
1.337500000000000133e+00,2.558375955509636229e-02,5.708517913306706409e-02,7.713203047451012984e-02,7.271386796247122919e-02,3.256077115253091514e-01,1.466800748161802559e-01,7.730839671764072607e-02,4.481262538069971102e-01,9.227539399349076188e-01,3.881164441488923339e-02,1.240646841102356746e+01,1.776460997198216554e-02,2.371034834256707455e-02,2.060957964986446025e-02,1.682166229647216737e-02,1.387506046329616549e-01,1.602972283428792388e-01,1.494485180669052338e-01,1.350179472584712992e-01
1.340000000000000080e+00,2.557255461343860628e-02,5.703120653021272191e-02,7.710298631505570210e-02,7.277910824411651380e-02,3.261828581184988418e-01,1.474247568594415636e-01,7.724904973627327864e-02,4.488667493639875716e-01,9.228515576518738772e-01,3.928270659878746462e-02,1.241440200997005228e+01,1.775114196150181026e-02,2.370263310759566575e-02,2.060659823256716025e-02,1.680381116197372099e-02,1.386906628507448835e-01,1.602626694087467552e-01,1.494298040896348823e-01,1.349391503869447340e-01
1.342500000000000027e+00,2.556152467447272980e-02,5.697694108238084143e-02,7.707380286535492342e-02,7.284182054216022106e-02,3.267604504807833377e-01,1.481708424840973148e-01,7.718963007269698251e-02,4.496066055062369338e-01,9.229503543542849631e-01,3.975483244045768111e-02,1.242235631236787974e+01,1.773765936161370363e-02,2.369487655491551645e-02,2.060362044992487818e-02,1.678594897112428361e-02,1.386305622819614947e-01,1.602278682972025081e-01,1.494110094768965891e-01,1.348601936085196129e-01
1.344999999999999973e+00,2.555067293576868473e-02,5.692238562972800481e-02,7.704448091245169605e-02,7.290198337264122697e-02,3.273405095081254323e-01,1.489183335659086393e-01,7.713013916065736275e-02,4.503458004851263463e-01,9.230503326987890000e-01,4.022801993546855359e-02,1.243033138460613252e+01,1.772416211422603305e-02,2.368707864552179257e-02,2.060064630405820246e-02,1.676807582966242591e-02,1.385703025666356336e-01,1.601928246967724567e-01,1.493921340881352866e-01,1.347810772125692946e-01
1.347499999999999920e+00,2.554000261639622141e-02,5.686754298261936791e-02,7.701502124439300878e-02,7.295957549395479247e-02,3.279230559843716031e-01,1.496672318388962142e-01,7.707057843708965683e-02,4.510843125596862846e-01,9.231514953369689414e-01,4.070226703636052601e-02,1.243832729333644771e+01,1.771065016068368303e-02,2.367923934063076094e-02,2.059767579701341986e-02,1.675019184409214101e-02,1.385098833435764731e-01,1.601575382980695017e-01,1.493731777836008467e-01,1.347018014935623675e-01
1.350000000000000089e+00,2.552951695648290192e-02,5.681241591902361915e-02,7.698542465013706593e-02,7.301457590924345653e-02,3.285081105771475718e-01,1.504175388941792757e-01,7.701094934214564036e-02,4.518221200122677361e-01,9.232538449152375426e-01,4.117757165558205701e-02,1.244634410547222636e+01,1.769712344177743618e-02,2.367135860168942743e-02,2.059470893076240441e-02,1.673229712167656133e-02,1.384493042504194027e-01,1.601220087938387271e-01,1.493541404243587112e-01,1.346223667510544619e-01
1.352500000000000036e+00,2.551921921676499061e-02,5.675700718191332289e-02,7.695569191946118048e-02,7.306696386876006255e-02,3.290956938337605830e-01,1.511692561788583744e-01,7.695125331922254841e-02,4.525592011643195245e-01,9.233573840747431039e-01,4.165393166847058959e-02,1.245438188818794600e+01,1.768358189775335459e-02,2.366343639038523752e-02,2.059174570720252728e-02,1.671439177043100577e-02,1.383885649236672455e-01,1.600862358790018092e-01,1.493350218722993006e-01,1.345427732896764816e-01
1.354999999999999982e+00,2.550911267813095115e-02,5.670131947667732958e-02,7.692582384287011132e-02,7.311671887220118349e-02,3.296858261771055121e-01,1.519223849949521976e-01,7.689149181499407848e-02,4.532955343922623892e-01,9.234621154512770991e-01,4.213134491627638228e-02,1.246244070891852651e+01,1.767002546832233123e-02,2.365547266865581158e-02,2.058878612815653875e-02,1.669647589911537472e-02,1.383276649987318085e-01,1.600502192507012589e-01,1.493158219901474237e-01,1.344630214191200046e-01
1.357499999999999929e+00,2.549920064115800480e-02,5.664535546854720938e-02,7.689582121150384530e-02,7.316382067101147302e-02,3.302785279015824083e-01,1.526769264983839081e-01,7.683166627944286453e-02,4.540310981434396154e-01,9.235680416751966826e-01,4.260980920922781412e-02,1.247052063535879718e+01,1.765645409266979743e-02,2.364746739869873562e-02,2.058583019537246761e-02,1.667854961722590318e-02,1.382666041099751275e-01,1.600139586083435816e-01,1.492965406414705487e-01,1.343831114541187144e-01
1.360000000000000098e+00,2.548948642564137154e-02,5.658911778004373921e-02,7.686568481704576794e-02,7.320824927065726351e-02,3.308738191690230313e-01,1.534328816980253529e-01,7.677177816589537962e-02,4.547658709521322229e-01,9.236751653713474175e-01,4.308932232963550574e-02,1.247862173546301001e+01,1.764286770946560390e-02,2.363942054298138681e-02,2.058287791052350671e-02,1.666061303498623386e-02,1.382053818907512943e-01,1.599774536536426317e-01,1.492771776906866854e-01,1.343030437144272504e-01
1.362500000000000044e+00,2.547997337011672844e-02,5.653260898844617022e-02,7.683541545163015407e-02,7.324998493286942469e-02,3.314717200046310985e-01,1.541902514547986436e-01,7.671182893105794875e-02,4.554998314556250594e-01,9.237834891590001041e-01,4.356988203503411178e-02,1.248674407744449333e+01,1.762926625687406823e-02,2.363133206425079014e-02,2.057992927520790188e-02,1.664266626333787275e-02,1.381439979734478407e-01,1.599407040906616617e-01,1.492577330030714911e-01,1.342228185247959227e-01
1.364999999999999991e+00,2.547066483137581591e-02,5.647583162329011808e-02,7.680501390775025528e-02,7.328900817785495569e-02,3.320722502929354669e-01,1.549490364808391862e-01,7.665182003505544017e-02,4.562329584103100300e-01,9.238930156517909387e-01,4.405148606135917549e-02,1.249488772977532669e+01,1.761564967256417855e-02,2.362320192554352022e-02,2.057698429094884790e-02,1.662470941392996809e-02,1.380824519895276770e-01,1.599037096258552337e-01,1.492382064447648204e-01,1.341424362149429006e-01
1.367499999999999938e+00,2.546156418397509114e-02,5.641878816389798296e-02,7.677448097816547135e-02,7.332529978647488178e-02,3.326754297737620769e-01,1.557092373387235773e-01,7.659175294147084478e-02,4.569652307078090892e-01,9.240037474576731080e-01,4.453413212615738720e-02,1.250305276118614550e+01,1.760201789371996020e-02,2.361503009019562047e-02,2.057404295919436354e-02,1.660674259910846842e-02,1.380207435695706142e-01,1.598664699681102419e-01,1.492185978827763326e-01,1.340618971195223219e-01
1.370000000000000107e+00,2.545267481973783122e-02,5.636148103694597900e-02,7.674381745580864667e-02,7.335884080238981586e-02,3.332812780382216067e-01,1.564708544407642787e-01,7.653162911738699281e-02,4.576966273911072247e-01,9.241156871788736016e-01,4.501781793182828284e-02,1.251123924066601489e+01,1.758837085705100209e-02,2.360681652185254997e-02,2.057110528131717367e-02,1.658876593190463516e-02,1.379588723433153308e-01,1.598289848287865467e-01,1.491989071849907922e-01,1.339812015780897370e-01
1.372500000000000053e+00,2.544400014724974499e-02,5.630391261407363679e-02,7.671302413369321394e-02,7.338961253417040920e-02,3.338898145247205518e-01,1.572338880483752088e-01,7.647145003343007452e-02,4.584271276706778364e-01,9.242288374118592387e-01,4.550254116889487083e-02,1.251944723746239774e+01,1.757470849880314948e-02,2.359856118447914777e-02,2.056817125861459816e-02,1.657077952602291696e-02,1.378968379397012833e-01,1.597912539217567762e-01,1.491791342201725379e-01,1.339003499350637505e-01
1.375000000000000000e+00,2.543554359134794773e-02,5.624608520953950502e-02,7.668210180481946359e-02,7.341759655737285784e-02,3.345010585149923998e-01,1.579983382715101636e-01,7.641121716381432671e-02,4.591567109405878533e-01,9.243432007473131318e-01,4.598829951930195892e-02,1.252767682108120262e+01,1.756103075476932868e-02,2.359026404236961444e-02,2.056524089230842359e-02,1.655278349582821676e-02,1.378346399869102012e-01,1.597532769634453231e-01,1.491592788579690076e-01,1.338193425396846103e-01
1.377499999999999947e+00,2.542730859260377771e-02,5.618800107792803339e-02,7.665105126208125730e-02,7.344277471657689738e-02,3.351150291301550621e-01,1.587642050681778716e-01,7.635093198638900902e-02,4.598853567945708209e-01,9.244587797701144805e-01,4.647509065973907949e-02,1.253592806128693837e+01,1.754733756030054867e-02,2.358192506015750756e-02,2.056231418354477827e-02,1.653477795633251715e-02,1.377722781124083862e-01,1.597150536728670633e-01,1.491393409689139027e-01,1.337381797459695210e-01
1.380000000000000115e+00,2.541929860679916289e-02,5.612966241191279237e-02,7.661987329817149250e-02,7.346512912738754897e-02,3.357317453267940066e-01,1.595314882440366511e-01,7.629059598268631004e-02,4.606130450420511946e-01,9.245755770593330203e-01,4.696291226498676419e-02,1.254420102810295212e+01,1.753362885031704843e-02,2.357354420282572680e-02,2.055939113339400742e-02,1.651676302318090886e-02,1.377097519429883177e-01,1.596765837716647984e-01,1.491193204244294634e-01,1.336568619126644875e-01
1.382500000000000062e+00,2.541151710439718686e-02,5.607107134008056798e-02,7.658856870548763629e-02,7.348464217839652257e-02,3.363512258930739796e-01,1.603001874520717240e-01,7.623021063797114083e-02,4.613397557241088465e-01,9.246935951882242488e-01,4.745176201128347565e-02,1.255249579181175079e+01,1.751990455931957610e-02,2.356512143571651285e-02,2.055647174285054821e-02,1.649873881263700520e-02,1.376470611048106196e-01,1.596378669841465314e-01,1.490992170968283292e-01,1.335753894031932454e-01
1.385000000000000009e+00,2.540396757000627087e-02,5.601222992482092489e-02,7.655713827603645438e-02,7.350129653310477629e-02,3.369734894448828677e-01,1.610703021923571010e-01,7.616977744129263539e-02,4.620654691293697991e-01,9.248128367242414161e-01,4.794163757971148937e-02,1.256081242295544342e+01,1.750616462140084165e-02,2.355665672454143947e-02,2.055355601283279099e-02,1.648070544156775979e-02,1.375842052234459156e-01,1.595989030373214101e-01,1.490790308593141489e-01,1.334937625856026377e-01
1.387499999999999956e+00,2.539665350183889156e-02,5.595314016028730270e-02,7.652558280133830992e-02,7.351507513180303988e-02,3.375985544220069245e-01,1.618418318119080046e-01,7.610929788553685849e-02,4.627901658098097504e-01,9.249333042290490692e-01,4.843253665959916521e-02,1.256915099233624744e+01,1.749240897025709437e-02,2.354815003539138807e-02,2.055064394418294749e-02,1.646266302742771179e-02,1.375211839239167400e-01,1.595596916609353932e-01,1.490587615859819415e-01,1.334119818325049667e-01
1.390000000000000124e+00,2.538957841116422365e-02,5.589380397043327425e-02,7.649390307233060182e-02,7.352596119340956693e-02,3.382264390843415791e-01,1.626147755046243593e-01,7.604877346748123434e-02,4.635138265964586224e-01,9.250550002585498088e-01,4.892445695193791549e-02,1.257751157101711570e+01,1.747863753919984622e-02,2.353960133474649816e-02,2.054773553766691546e-02,1.644461168824263089e-02,1.374579968307391153e-01,1.595202325875056115e-01,1.490384091518176246e-01,1.333300475210172364e-01
1.392500000000000071e+00,2.538274582175536337e-02,5.583422320712935760e-02,7.646209987927067575e-02,7.353393821726501856e-02,3.388571615081396593e-01,1.633891323113277338e-01,7.598820568785037699e-02,4.642364326149959197e-01,9.251779273629159306e-01,4.941739617281142027e-02,1.258589423032244881e+01,1.746485026116774072e-02,2.353101058948612115e-02,2.054483079397413300e-02,1.642655154259260036e-02,1.373946435679646860e-01,1.594805255523545073e-01,1.490179734326968486e-01,1.332479600326970381e-01
1.395000000000000018e+00,2.537615926933099036e-02,5.577439964836589104e-02,7.643017401163804125e-02,7.353898998487991279e-02,3.394907395822989171e-01,1.641649011198993979e-01,7.592759605137372469e-02,4.649579653012155811e-01,9.253020880866330566e-01,4.991135205683493170e-02,1.259429904183889981e+01,1.745104706873854342e-02,2.352237776689871870e-02,2.054192971371743975e-02,1.640848270959455180e-02,1.373311237592220457e-01,1.594405702936425306e-01,1.489974543053828315e-01,1.331657197534756309e-01
1.397499999999999964e+00,2.536982230099169705e-02,5.571433499654607213e-02,7.639812625803538149e-02,7.354110056163759568e-02,3.401271910046899660e-01,1.649420806655159388e-01,7.586694606684422915e-02,4.656784064163627113e-01,9.254274849685497628e-01,5.040632236060277327e-02,1.260272607741628725e+01,1.743722789414128838e-02,2.351370283469172984e-02,2.053903229743292772e-02,1.639040530888423788e-02,1.372674370277587319e-01,1.594003665524002800e-01,1.489768516475240556e-01,1.330833270735877205e-01
1.400000000000000133e+00,2.536373847465111034e-02,5.565403087687485068e-02,7.636595740608900784e-02,7.354025429844732176e-02,3.407665332785287382e-01,1.657206695309921263e-01,7.580625724717887648e-02,4.663977380623172686e-01,9.255541205419370865e-01,5.090230486614165384e-02,1.261117540916862012e+01,1.742339266926853578e-02,2.350498576100141374e-02,2.053613854557979901e-02,1.637231946059766741e-02,1.372035829964826370e-01,1.593599140725598107e-01,1.489561653376506589e-01,1.330007823874982675e-01
1.402500000000000080e+00,2.535791135846181266e-02,5.559348883584793594e-02,7.633366824234814885e-02,7.353643583334851241e-02,3.414087837087940169e-01,1.665006661472285265e-01,7.574553110948067935e-02,4.671159426966215444e-01,9.256819973345571384e-01,5.139929738436769396e-02,1.261964710947518142e+01,1.740954132568876128e-02,2.349622651440262319e-02,2.053324845854020281e-02,1.635422528535202674e-02,1.371395612880035031e-01,1.593192126009847220e-01,1.489353952551704108e-01,1.329180860938263264e-01
1.405000000000000027e+00,2.535234453023646820e-02,5.553271033984620575e-02,7.630125955218325373e-02,7.352963009306397180e-02,3.420539593986926530e-01,1.672820687937712214e-01,7.568476917510226498e-02,4.678330031473363904e-01,9.258111178687382647e-01,5.189729775854529104e-02,1.262814125098175211e+01,1.739567379465888075e-02,2.348742506391853987e-02,2.053036203661908615e-02,1.633612290422607749e-02,1.370753715246745552e-01,1.592782618874997169e-01,1.489145412803640212e-01,1.328352385952661086e-01
1.407499999999999973e+00,2.534704157686414397e-02,5.547169677384053421e-02,7.626873211968331068e-02,7.351982229449914585e-02,3.427020772461747966e-01,1.680648755994821331e-01,7.562397296971103133e-02,4.685489026277160352e-01,9.259414846614617556e-01,5.239630386774549869e-02,1.263665790660191846e+01,1.738179000713688249e-02,2.347858137903033673e-02,2.052747928004403782e-02,1.631801243874005450e-02,1.370110133286336351e-01,1.592370616849188847e-01,1.488936032943795063e-01,1.327522402985047700e-01
1.409999999999999920e+00,2.534200609372179447e-02,5.541044944021130542e-02,7.623608672755192994e-02,7.350699794618981153e-02,3.433531539405010324e-01,1.688490845433270604e-01,7.556314402335598257e-02,4.692636247506936087e-01,9.260731002244539933e-01,5.289631363030168620e-02,1.264519714951848250e+01,1.736788989379459136e-02,2.346969542968676756e-02,2.052460018896511487e-02,1.629989401083507469e-02,1.369464863218446127e-01,1.591956117490731792e-01,1.488725811792260267e-01,1.326690916141377574e-01
1.412500000000000089e+00,2.533724168408134705e-02,5.534896955768781740e-02,7.620332415700181716e-02,7.349114284969207600e-02,3.440072059588620834e-01,1.696346934552831476e-01,7.550228387053579959e-02,4.699771535431633840e-01,9.262059670642910358e-01,5.339732500726065284e-02,1.265375905318496841e+01,1.735397338503053694e-02,2.346076718631370794e-02,2.052172476345468996e-02,1.628176774285207060e-02,1.368817901261383529e-01,1.591539118388367591e-01,1.488514748177670044e-01,1.325857929565810722e-01
1.415000000000000036e+00,2.533275195851244360e-02,5.528725826041226005e-02,7.617044518764855277e-02,7.347224310091597654e-02,3.446642495630584668e-01,1.704217000173658680e-01,7.544139405026938083e-02,4.706894734600524099e-01,9.263400876825074182e-01,5.389933600582751116e-02,1.266234369132724780e+01,1.734004041098293619e-02,2.345179661982357486e-02,2.051885300350727095e-02,1.626363375751025200e-02,1.368169243632539889e-01,1.591119617161525501e-01,1.488302840937123506e-01,1.325023447439808433e-01
1.417499999999999982e+00,2.532854053428070656e-02,5.522531659713254826e-02,7.613745059740266441e-02,7.345028509140119621e-02,3.453243007962324418e-01,1.712101017647810752e-01,7.538047610616742389e-02,4.714005693981699330e-01,9.264754645757177220e-01,5.440234468280106400e-02,1.267095113794524686e+01,1.732609090154279066e-02,2.344278370162468372e-02,2.051598490903933786e-02,1.624549217788514091e-02,1.367518886548794999e-01,1.590697611460565319e-01,1.488090088916103060e-01,1.324187473981204011e-01
1.419999999999999929e+00,2.532461103474223374e-02,5.516314553052882597e-02,7.610434116236029778e-02,7.342525550953198088e-02,3.459873754796654599e-01,1.719998960872047844e-01,7.531953158650663005e-02,4.721104267098277241e-01,9.266121002357439185e-01,5.490634914799923105e-02,1.267958146731477420e+01,1.731212478636708074e-02,2.343372840363049797e-02,2.051312047988915199e-02,1.622734312738614848e-02,1.366866826226927623e-01,1.590273098967010801e-01,1.487876490968381149e-01,1.323350013443243822e-01
1.422500000000000098e+00,2.532096708873391236e-02,5.510074593667842191e-02,7.607111765669201386e-02,7.339714134169127158e-02,3.466534892096352904e-01,1.727910802301928783e-01,7.525856204430460272e-02,4.728190312162210973e-01,9.267499971497519251e-01,5.541134756767149977e-02,1.268823475398942158e+01,1.729814199489206408e-02,2.342463069826877103e-02,2.051025971581659293e-02,1.620918672973373567e-02,1.366213058884020171e-01,1.589846077393771984e-01,1.487662045955926993e-01,1.322511070113605303e-01
1.425000000000000044e+00,2.531761232995985433e-02,5.503811860466266415e-02,7.603778085253087848e-02,7.336592987335152638e-02,3.473226573543359286e-01,1.735836512967204870e-01,7.519756903739815979e-02,4.735263692205605723e-01,9.268891578003979337e-01,5.591733816789680456e-02,1.269691107280262266e+01,1.728414245634668153e-02,2.341549055849058425e-02,2.050740261650296076e-02,1.619102310893617488e-02,1.365557580737863930e-01,1.589416544485357519e-01,1.487446752748797507e-01,1.321670648313388319e-01
1.427499999999999991e+00,2.531455039637452512e-02,5.497526423632078524e-02,7.600433151985794278e-02,7.333160869010182936e-02,3.479948950508677252e-01,1.743776062488578693e-01,7.513655412852260351e-02,4.742324275209497952e-01,9.270295846659815098e-01,5.642431923796459303e-02,1.270561049886973493e+01,1.727012609976603247e-02,2.340630795777924253e-02,2.050454918155079215e-02,1.617285238926591609e-02,1.364900388007361243e-01,1.588984498018073122e-01,1.487230610225028504e-01,1.320828752396081829e-01
1.429999999999999938e+00,2.531178492956189657e-02,5.491218344615456798e-02,7.597077042638659961e-02,7.329416567860920495e-02,3.486702172022917434e-01,1.751729419095837403e-01,7.507551888539382157e-02,4.749371934229961179e-01,9.271712802206074633e-01,5.693228913373808708e-02,1.271433310759031521e+01,1.725609285400496809e-02,2.339708287015906940e-02,2.050169941048366612e-02,1.615467469523557825e-02,1.364241476912929629e-01,1.588549935800212254e-01,1.487013617270517563e-01,1.319985386746508060e-01
1.432500000000000107e+00,2.530931957411152594e-02,5.484887676138790885e-02,7.593709833744496929e-02,7.325358902751280543e-02,3.493486384747559459e-01,1.759696549647360164e-01,7.501446488079242803e-02,4.756406547521526695e-01,9.273142469343579330e-01,5.744124628099667174e-02,1.272307897465042537e+01,1.724204264775174716e-02,2.338781527020403900e-02,2.049885330274600972e-02,1.613649015157356953e-02,1.363580843676898136e-01,1.588112855672231816e-01,1.486795772778895242e-01,1.319140555779740875e-01
1.435000000000000053e+00,2.530715797699139083e-02,5.478534462218497686e-02,7.590331601585639798e-02,7.320986722825020832e-02,3.500301732946932698e-01,1.767677419651050297e-01,7.495339369265043017e-02,4.763427998657775442e-01,9.274584872734695784e-01,5.795118917875650283e-02,1.273184817602506236e+01,1.722797540954179932e-02,2.337850513304627273e-02,2.049601085770289335e-02,1.611829888319937440e-02,1.362918484523907847e-01,1.587673255506918957e-01,1.486577075651397128e-01,1.318294263940003597e-01
1.437500000000000000e+00,2.530530378691732765e-02,5.472158738203064532e-02,7.586942422181805479e-02,7.316298907581390842e-02,3.507148358460924764e-01,1.775671993286691008e-01,7.489230690414019898e-02,4.770436176649091586e-01,9.276040037005216510e-01,5.846211640256713388e-02,1.274064078798072686e+01,1.721389106777154038e-02,2.336915243438439024e-02,2.049317207463982951e-02,1.610010101519849732e-02,1.362254395681307684e-01,1.587231133209543177e-01,1.486357524796723950e-01,1.317446515699542686e-01
1.439999999999999947e+00,2.530376065371997205e-02,5.465760530827761671e-02,7.583542371277771088e-02,7.311294366943793532e-02,3.514026400678481599e-01,1.783680233429765782e-01,7.483120610376661763e-02,4.777430976057485124e-01,9.277507986746312829e-01,5.897402660778268413e-02,1.274945688707803626e+01,1.719978955071227791e-02,2.335975715049167650e-02,2.049033695276255423e-02,1.608189667279711146e-02,1.361588573379548250e-01,1.586786486717998157e-01,1.486137119130896134e-01,1.316597315557483383e-01
1.442500000000000115e+00,2.530253222770854557e-02,5.459339858286200997e-02,7.580131524330831205e-02,7.305972041321116828e-02,3.520935996511813659e-01,1.791702101676740377e-01,7.477009288546176968e-02,4.784412297108394663e-01,9.278988746516582120e-01,5.948691853280545228e-02,1.275829655017448694e+01,1.718567078652417923e-02,2.335031925822410315e-02,2.048750549119681894e-02,1.606368598133637790e-02,1.360921013852571804e-01,1.586339314002928602e-01,1.485915857577101984e-01,1.315746668038658973e-01
1.445000000000000062e+00,2.530162215903217215e-02,5.452896730319269775e-02,7.576709956498051124e-02,7.300330901661944427e-02,3.527877280371478630e-01,1.799737558371836132e-01,7.470896884868241661e-02,4.791380045799449872e-01,9.280482340844138367e-01,6.000079100230076845e-02,1.276715985442728929e+01,1.717153470327031570e-02,2.334083873502814863e-02,2.048467768898816835e-02,1.604546906624651492e-02,1.360251713338206936e-01,1.585889613067849313e-01,1.485693739065540586e-01,1.314894577692426736e-01
1.447500000000000009e+00,2.530103409703846409e-02,5.446431148321539267e-02,7.573277742623321651e-02,7.294369949501204597e-02,3.534850384142207425e-01,1.807786562635303185e-01,7.464783559851154160e-02,4.798334134006121410e-01,9.281988794228828166e-01,6.051564293038117631e-02,1.277604687729633071e+01,1.715738122893075562e-02,2.333131555894843792e-02,2.048185354510171502e-02,1.602724605302057945e-02,1.359580668078553267e-01,1.585437381949246494e-01,1.485470762533257771e-01,1.314041049091460023e-01
1.449999999999999956e+00,2.530077168963005760e-02,5.439943105465624984e-02,7.569834957224168270e-02,7.288088216999434599e-02,3.541855437159597275e-01,1.815849072393217745e-01,7.458669474576233582e-02,4.805274479584175640e-01,9.283508131144507791e-01,6.103147332375853662e-02,1.278495769654721670e+01,1.714321029141671962e-02,2.332174970863519492e-02,2.047903305842191032e-02,1.600901706718800208e-02,1.358907874320366971e-01,1.584982618716666569e-01,1.485246926923972643e-01,1.313186086830521737e-01
1.452500000000000124e+00,2.530083858261850463e-02,5.433432586844617884e-02,7.566381674478353525e-02,7.281484766974401224e-02,3.548892566187626940e-01,1.823925044408807039e-01,7.452554790708636190e-02,4.812201006468921349e-01,9.285040376041389099e-01,6.154828128486233840e-02,1.279389239025443104e+01,1.712902181858478798e-02,2.331214116335147621e-02,2.047621622775230507e-02,1.599078223428788970e-02,1.358233328315444632e-01,1.584525321472794457e-01,1.485022231187902442e-01,1.312329695525222550e-01
1.455000000000000071e+00,2.530123841907633980e-02,5.426899569632927245e-02,7.562917968210258746e-02,7.274558692925060799e-02,3.555961895397042882e-01,1.832014434315308582e-01,7.446439670508551989e-02,4.819113644771180205e-01,9.286585553348466471e-01,6.206606601492298259e-02,1.280285103680459713e+01,1.711481573825116356e-02,2.330248990298019324e-02,2.047340305181531012e-02,1.597254167984211992e-02,1.357557026321005167e-01,1.584065488353518236e-01,1.484796674281580187e-01,1.311471879810761354e-01
1.457500000000000018e+00,2.530197483868699623e-02,5.420344023265740580e-02,7.559443911877025690e-02,7.267309119047750399e-02,3.563063546344614752e-01,1.840117196650394582e-01,7.440324276842809337e-02,4.826012330869910993e-01,9.288143687476040355e-01,6.258482681701831030e-02,1.281183371489982648e+01,1.710059197820596594e-02,2.329279590803091243e-02,2.047059352925195003e-02,1.595429552932822043e-02,1.356878964600067017e-01,1.583603117527975224e-01,1.484570255167662611e-01,1.310612644340646282e-01
1.459999999999999964e+00,2.530305147709301095e-02,5.413765909637235918e-02,7.555959578554446998e-02,7.259735200244528397e-02,3.570197637953301251e-01,1.848233284892140393e-01,7.434208773196884779e-02,4.832897007501482101e-01,9.289714802818288542e-01,6.310456309908220318e-02,1.282084050356118077e+01,1.708635046622757406e-02,2.328305915964642980e-02,2.046778765862161328e-02,1.593604390815206440e-02,1.356199139421823963e-01,1.583138207198590552e-01,1.484342972814737538e-01,1.309751993785404078e-01
1.462500000000000133e+00,2.530447196524250944e-02,5.407165183317896862e-02,7.552465040922648476e-02,7.251836122123675454e-02,3.577364286493288081e-01,1.856362651496583915e-01,7.428093323687411098e-02,4.839767623845533939e-01,9.291298923755931805e-01,6.362527437687408305e-02,1.282987148213223882e+01,1.707209113009699672e-02,2.327327963960909574e-02,2.046498543840178166e-02,1.591778694162041333e-02,1.355517547062018990e-01,1.582670755601098267e-01,1.484114826197119319e-01,1.308889932831272251e-01
1.465000000000000080e+00,2.530623992873374389e-02,5.400541791790888779e-02,7.548960371251527135e-02,7.243611100992167207e-02,3.584563605563976796e-01,1.864505247936822097e-01,7.421978093075168315e-02,4.846624135607353612e-01,9.292896074658955063e-01,6.414696027690733326e-02,1.283892673028275588e+01,1.705781389761228464e-02,2.326345733034689695e-02,2.046218686698777697e-02,1.589952475491329328e-02,1.354834183803315384e-01,1.582200761004549094e-01,1.483885814294645944e-01,1.308026466178877634e-01
1.467500000000000027e+00,2.530835898715884727e-02,5.393895675707767456e-02,7.545445641385904734e-02,7.235059383840240776e-02,3.591795706076906236e-01,1.872661024743719482e-01,7.415863246778567341e-02,4.853466505096810657e-01,9.294506279889432898e-01,6.466962053933619781e-02,1.284800632801242237e+01,1.704351869660295643e-02,2.325359221493926778e-02,2.045939194269247655e-02,1.588125747305624974e-02,1.354149045935662266e-01,1.581728221711302396e-01,1.483655936092462269e-01,1.307161598541901615e-01
1.469999999999999973e+00,2.531083275344564454e-02,5.387226769163612483e-02,7.541920922730500909e-02,7.226180248317776167e-02,3.599060696239598789e-01,1.880829931548171630e-01,7.409748950887715124e-02,4.860294701303702336e-01,9.296129563804381712e-01,6.519325502079953427e-02,1.285711035565471860e+01,1.702920545494444535e-02,2.324368427712266219e-02,2.045660066374604957e-02,1.586298522089246710e-02,1.353462129756662913e-01,1.581253136057006736e-01,1.483425190580804076e-01,1.306295334645733441e-01
1.472499999999999920e+00,2.531366483319839877e-02,5.380534999991602729e-02,7.538386286234594058e-02,7.216973002702753437e-02,3.606358681540401956e-01,1.889011917124946427e-01,7.403635372179039054e-02,4.867108699969598939e-01,9.297765950758730691e-01,6.571786369722025511e-02,1.286623889388089914e+01,1.701487410057256691e-02,2.323373350129581336e-02,2.045381302829565179e-02,1.584470812305481188e-02,1.352773431571933083e-01,1.580775502410562139e-01,1.483193576754772147e-01,1.305427679226109083e-01
1.475000000000000089e+00,2.531685882403777663e-02,5.373820290077169909e-02,7.534841802376503195e-02,7.207436985861481737e-02,3.613689764734279719e-01,1.897206929438103318e-01,7.397522678130541429e-02,4.873908483656042012e-01,9.299415465108316070e-01,6.624344666655944402e-02,1.287539202370402158e+01,1.700052456149800384e-02,2.322373987252474709e-02,2.045102903440514097e-02,1.582642630393777186e-02,1.352082947695463500e-01,1.580295319174069291e-01,1.482961093614105497e-01,1.304558637027744272e-01
1.477500000000000036e+00,2.532041831493926295e-02,5.367082555691757295e-02,7.531287541147747844e-02,7.197571567200783393e-02,3.621054045829598667e-01,1.905414915687998478e-01,7.391411036937703405e-02,4.880694041809152117e-01,9.301078131212985323e-01,6.677000415152437029e-02,1.288456982648314231e+01,1.698615676582078057e-02,2.321370337654746555e-02,2.044824868005477858e-02,1.580813988766933270e-02,1.351390674449973739e-01,1.579812584782764595e-01,1.482727740162943231e-01,1.303688212802950608e-01
1.479999999999999982e+00,2.532434688557124586e-02,5.360321707846103789e-02,7.527723572037034461e-02,7.187376146611980376e-02,3.628451622075914429e-01,1.913635822359823491e-01,7.385300617530082823e-02,4.887465370820573418e-01,9.302753973439739088e-01,6.729753650222854156e-02,1.289377238392752645e+01,1.697177064174475516e-02,2.320362399977835693e-02,2.044547196314091056e-02,1.578984899808281300e-02,1.350696608167265833e-01,1.579327297704936350e-01,1.482493515409587237e-01,1.302816411310247779e-01
1.482499999999999929e+00,2.532864810563199495e-02,5.353537652663193508e-02,7.524149964013936154e-02,7.176850154406799742e-02,3.635882587952776746e-01,1.921869595273738296e-01,7.379191589588622591e-02,4.894222474084741203e-01,9.304443016165944158e-01,6.782604419880400304e-02,1.290299977810104437e+01,1.695736611759210075e-02,2.319350172931229290e-02,2.044269888147565162e-02,1.577155375868865422e-02,1.350000745188574547e-01,1.578839456441830658e-01,1.482258418366256270e-01,1.301943237312964685e-01
1.485000000000000098e+00,2.533332553418631006e-02,5.346730291770626642e-02,7.520566785512387831e-02,7.165993051245136969e-02,3.643347035159530956e-01,1.930116179636521823e-01,7.373084123563783399e-02,4.900965362052450702e-01,9.306145283782629729e-01,6.835552785396396824e-02,1.291225209142661257e+01,1.694294312181777312e-02,2.318333655292838941e-02,2.043992943278656257e-02,1.575325429264620367e-02,1.349303081864913212e-01,1.578349059527537346e-01,1.482022448048835317e-01,1.301068695577832224e-01
1.487500000000000044e+00,2.533838271900110822e-02,5.339899522712520524e-02,7.516974104413859381e-02,7.154804328054674423e-02,3.650845052606169205e-01,1.938375520094771098e-01,7.366978390694406409e-02,4.907694052280706654e-01,9.307860800697822512e-01,6.888598821551542017e-02,1.292152940669071448e+01,1.692850158302398184e-02,2.317312845909346233e-02,2.043716361471629994e-02,1.573495072273547665e-02,1.348603614557417063e-01,1.577856105528861186e-01,1.481785603476620805e-01,1.300192790873571091e-01
1.489999999999999991e+00,2.534382319588113913e-02,5.333045239380703600e-02,7.513371988030390081e-02,7.143283505942474299e-02,3.658376726405221380e-01,1.946647560789634968e-01,7.360874563027523798e-02,4.914408569478820321e-01,9.309589591339963999e-01,6.941742616882083661e-02,1.293083180704808655e+01,1.691404142997462307e-02,2.316287743696513607e-02,2.043440142482228286e-02,1.571664317132896727e-02,1.347902339637682412e-01,1.577360593045180337e-01,1.481547883672060806e-01,1.299315527969470696e-01
1.492499999999999938e+00,2.534965048800411416e-02,5.326167332465166215e-02,7.509760503087289929e-02,7.131430136098453054e-02,3.665942139864687976e-01,1.954932245413038283e-01,7.354772813439007517e-02,4.921108945550751734e-01,9.311331680161366586e-01,6.994984273920812345e-02,1.294015937602642374e+01,1.689956259160970906e-02,2.315258347639461908e-02,2.043164286057632881e-02,1.569833176036345562e-02,1.347199253488104154e-01,1.576862520708283977e-01,1.481309287660491081e-01,1.298436911633964186e-01
1.495000000000000107e+00,2.535586810525544688e-02,5.319265689923465684e-02,7.506139715705695270e-02,7.119243799690889996e-02,3.673541373482033801e-01,1.963229517265396851e-01,7.348673315655199212e-02,4.927795219633663293e-01,9.313087091641758519e-01,7.048323909432779866e-02,1.294951219753122373e+01,1.688506499705975245e-02,2.314224656792912213e-02,2.042888791936428583e-02,1.568001661131188801e-02,1.346494352502208280e-01,1.576361887182197163e-01,1.481069814469865020e-01,1.297556946633199038e-01
1.497500000000000053e+00,2.536247954356322942e-02,5.312340197469109931e-02,7.502509691384824653e-02,7.106724107753946418e-02,3.681174504939247472e-01,1.971539319314820349e-01,7.342576244275546282e-02,4.934467438132691952e-01,9.314855850291852146e-01,7.101761654645769029e-02,1.295889035585071802e+01,1.687054857566012978e-02,2.313186670281391563e-02,2.042613659848565091e-02,1.566169784515531599e-02,1.345787633084980506e-01,1.575858691162988490e-01,1.480829463130480528e-01,1.296675637729603203e-01
1.500000000000000000e+00,2.536948828423269200e-02,5.305390739078501283e-02,7.498870494984087587e-02,7.093870701067235551e-02,3.688841609098973406e-01,1.979861594257730506e-01,7.336481774796305144e-02,4.941125654751880591e-01,9.316637980657006546e-01,7.155297655475284513e-02,1.296829393566088484e+01,1.685601325696540337e-02,2.312144387299404011e-02,2.042338889515318487e-02,1.564337558235490491e-02,1.345079091653192394e-01,1.575352931378561638e-01,1.480588232674701632e-01,1.295792989680448204e-01
1.502499999999999947e+00,2.537689779328116194e-02,5.298417197516249594e-02,7.495222190704885212e-02,7.080683250027657027e-02,3.696542758001734041e-01,1.988196284580939499e-01,7.330390083635274223e-02,4.947769930521335180e-01,9.318433507320914577e-01,7.208932072744198005e-02,1.297772302203056327e+01,1.684145897076359810e-02,2.311097807111562458e-02,2.042064480649250988e-02,1.562504994282405690e-02,1.344368724635722212e-01,1.574844606588428897e-01,1.480346122136677323e-01,1.294909007236408893e-01
1.505000000000000115e+00,2.538471152077279372e-02,5.291419454878679846e-02,7.491564842072344355e-02,7.067161454513289087e-02,3.704278020864226195e-01,1.996543332625098643e-01,7.324301348157823133e-02,4.954400333820485058e-01,9.320242454909365426e-01,7.262665082396821403e-02,1.298717770042666864e+01,1.682688564709043308e-02,2.310046929052683370e-02,2.041790432954168275e-02,1.560672104590063100e-02,1.343656528473874123e-01,1.574333715583470794e-01,1.480103130552052892e-01,1.294023695140123498e-01
1.507500000000000062e+00,2.539293290015373281e-02,5.284397393155002010e-02,7.487898511916692146e-02,7.053305043739793723e-02,3.712047464078712111e-01,2.004902680649526259e-01,7.318215746704011260e-02,4.961016940397542929e-01,9.322064848094040457e-01,7.316496875707473313e-02,1.299665805671947183e+01,1.681229321624350126e-02,2.308991752527842639e-02,2.041516746125078205e-02,1.558838901031930207e-02,1.342942499621691821e-01,1.573820257185676863e-01,1.479859256957682945e-01,1.293137058124753658e-01
1.510000000000000009e+00,2.540156534758744242e-02,5.277350894806061288e-02,7.484223262354576522e-02,7.039113776108980869e-02,3.719851151213520168e-01,2.013274270898371132e-01,7.312133458617058046e-02,4.967619833385077954e-01,9.323900711596380120e-01,7.370427659483395899e-02,1.300616417718798346e+01,1.679768160879638664e-02,2.307932277012392924e-02,2.041243419848145016e-02,1.557005395418405852e-02,1.342226634546268005e-01,1.573304230247870028e-01,1.479614500391333853e-01,1.292249100912540860e-01
1.512499999999999956e+00,2.541061226129044670e-02,5.270279843360092115e-02,7.480539154770134147e-02,7.024587439049999327e-02,3.727689143014641937e-01,2.021658045668085490e-01,7.306054664273159416e-02,4.974209103311741376e-01,9.325750070191485275e-01,7.424457656262092864e-02,1.301569614852544809e+01,1.678305075561272591e-02,2.306868502051939718e-02,2.040970453800644221e-02,1.555171599494085954e-02,1.341508929728052746e-01,1.572785633653416004e-01,1.479368859891387333e-01,1.291359828213367311e-01
1.515000000000000124e+00,2.542007702086868104e-02,5.263184124025214322e-02,7.476846249795920940e-02,7.009725848853129437e-02,3.735561497408435017e-01,2.030053947376163626e-01,7.299979545112658674e-02,4.980784848110106910e-01,9.327612948712085128e-01,7.478587104502895655e-02,1.302525405784488832e+01,1.676840058786020424e-02,2.305800427262278199e-02,2.040697847650915081e-02,1.553337524935047460e-02,1.340789381661152135e-01,1.572264466315911879e-01,1.479122334496537627e-01,1.290469244723317088e-01
1.517500000000000071e+00,2.542996298665407828e-02,5.256063624318142030e-02,7.473144607293670527e-02,6.994528850496131711e-02,3.743468269505439427e-01,2.038461918631107039e-01,7.293908283672725923e-02,4.987347173120620925e-01,9.329489372052528484e-01,7.532816258772863371e-02,1.303483799268475707e+01,1.675373103702446076e-02,2.304728052329288110e-02,2.040425601058312027e-02,1.551503183346150325e-02,1.340067986853629989e-01,1.571740727178862762e-01,1.478874923245487027e-01,1.289577355123239510e-01
1.520000000000000018e+00,2.544027349904194601e-02,5.248918234708720154e-02,7.469434286334922235e-02,6.978996317463471988e-02,3.751409511605323099e-01,2.046881902303597789e-01,7.287841063621534887e-02,4.993896191091685699e-01,9.331379365172832729e-01,7.587145389926906736e-02,1.304444804101468769e+01,1.673904203492293866e-02,2.303651377008786305e-02,2.040153713673154012e-02,1.549668586258360833e-02,1.339344741827799556e-01,1.571214415215336502e-01,1.478626625176636400e-01,1.288684164077317784e-01
1.522499999999999964e+00,2.545101187782914873e-02,5.241747849279784766e-02,7.465715345181510310e-02,6.963128151558492518e-02,3.759385273202928146e-01,2.055313841598810642e-01,7.281778069794084263e-02,5.000432022175835822e-01,9.333282953102791657e-01,7.641574785282084781e-02,1.305408429124129555e+01,1.672433351371864496e-02,2.302570401126339053e-02,2.039882185136671425e-02,1.547833745126096956e-02,1.338619643120513014e-01,1.570685529427605365e-01,1.478377439327772380e-01,1.287789676231637648e-01
1.525000000000000133e+00,2.546218142155263348e-02,5.234552366401807461e-02,7.461987841265965704e-02,6.946924282708510923e-02,3.767395600995438465e-01,2.063757680129837402e-01,7.275719488229662191e-02,5.006954793922022695e-01,9.335200160946103276e-01,7.696104748786104788e-02,1.306374683221410393e+01,1.670960540593382018e-02,2.301485124577029237e-02,2.039611015080952314e-02,1.545998671324596944e-02,1.337892687283447346e-01,1.570154068846766893e-01,1.478127364735752347e-01,1.286893896212764621e-01
1.527500000000000080e+00,2.547378540682923576e-02,5.227331689421815114e-02,7.458251831171745783e-02,6.930384668763192590e-02,3.775440538890700304e-01,2.072213361992164271e-01,7.269665506211031580e-02,5.013464641263982724e-01,9.337131013884543140e-01,7.750735601179944978e-02,1.307343575323152329e+01,1.669485764446351425e-02,2.300395547325182616e-02,2.039340203128886878e-02,1.544163376147313083e-02,1.337163870883385230e-01,1.569620032532351162e-01,1.477876400436186066e-01,1.285996828626326249e-01
1.530000000000000027e+00,2.548582708769617580e-02,5.220085727365977868e-02,7.454507370613464023e-02,6.913509295286154877e-02,3.783520128016626405e-01,2.080680831839174239e-01,7.263616312305484768e-02,5.019961706504733057e-01,9.339075537182189857e-01,7.805467680154667964e-02,1.308315114404692636e+01,1.668009016258907573e-02,2.299301669404047940e-02,2.039069748894108136e-02,1.542327870803332501e-02,1.336433190502491208e-01,1.569083419571909443e-01,1.477624545463112338e-01,1.285098478055599069e-01
1.532499999999999973e+00,2.549830969495226266e-02,5.212814395655307464e-02,7.450754514417035068e-02,6.896298175339986292e-02,3.791634406731760332e-01,2.089160034958601753e-01,7.257572096407771678e-02,5.026446139297128246e-01,9.341033756189682791e-01,7.860301340502218181e-02,1.309289309487480679e+01,1.666530289399153000e-02,2.298203490915434744e-02,2.038799651980932603e-02,1.540492166414825052e-02,1.335700642738582855e-01,1.568544229080583441e-01,1.477371798848675644e-01,1.284198849060103065e-01
1.535000000000000142e+00,2.551123643550060396e-02,5.205517616833834488e-02,7.446993316499696258e-02,6.878751349264827786e-02,3.799783410636949910e-01,2.097650917349901944e-01,7.251533049784947282e-02,5.032918096620511150e-01,9.343005696348505307e-01,7.915236954260393420e-02,1.310266169639700351e+01,1.665049577276485337e-02,2.297101012029306374e-02,2.038529911984297491e-02,1.538656274014521368e-02,1.334966224205399732e-01,1.568002460200662584e-01,1.477118159622797799e-01,1.283297946174206117e-01
1.537500000000000089e+00,2.552461049169200275e-02,5.198195321308538008e-02,7.443223829850115214e-02,6.860868884450770089e-02,3.807967172588156979e-01,2.106153425802449741e-01,7.245499365123343749e-02,5.039377742753496925e-01,9.344991383195330181e-01,7.970274910851857242e-02,1.311245703976902455e+01,1.663566873342914310e-02,2.295994232983327582e-02,2.038260528489695828e-02,1.536820204543221970e-02,1.334229931532863733e-01,1.567458112101118017e-01,1.476863626812847385e-01,1.282395773905734004e-01
1.540000000000000036e+00,2.553843502066973498e-02,5.190847448100490563e-02,7.439446106508382228e-02,6.842650875103940822e-02,3.816185722710395134e-01,2.114667507974580252e-01,7.239471236577610380e-02,5.045825249242786859e-01,9.346990842366359464e-01,8.025415617217183939e-02,1.312227921662644015e+01,1.662082171094366248e-02,2.294883154082367344e-02,2.037991501073108808e-02,1.534983968847337434e-02,1.333491761367340267e-01,1.566911183977126309e-01,1.476608199443307790e-01,1.281492336734593174e-01
1.542499999999999982e+00,2.555271315371534027e-02,5.183473945606384414e-02,7.435660197546097028e-02,6.824097442006696324e-02,3.824439088412786014e-01,2.123193112473316935e-01,7.233448859821994814e-02,5.052260794868116411e-01,9.349004099601747608e-01,8.080659497941969360e-02,1.313212831909133449e+01,1.660595464071976113e-02,2.293767775697956243e-02,2.037722829300937441e-02,1.533147577676463764e-02,1.332751710371887777e-01,1.566361675049569024e-01,1.476351876535439422e-01,1.280587639111400167e-01
1.544999999999999929e+00,2.556744799559585932e-02,5.176074772369783361e-02,7.431866153046420842e-02,6.805208732271887662e-02,3.832727294404753571e-01,2.131730188934804204e-01,7.227432432103897408e-02,5.058684565603276395e-01,9.351031180750004612e-01,8.136006995377917383e-02,1.314200443977886223e+01,1.659106745863368412e-02,2.292648098267698401e-02,2.037454512729928655e-02,1.531311041680991775e-02,1.332009775226508375e-01,1.565809584564520629e-01,1.476094657106943875e-01,1.279681685456124651e-01
1.547500000000000098e+00,2.558264262391232377e-02,5.168649897861306297e-02,7.428064022084232554e-02,6.785984919091526957e-02,3.841050362713345212e-01,2.140278688105329286e-01,7.221422152299841746e-02,5.065096754573245041e-01,9.353072111772460229e-01,8.191458569757996411e-02,1.315190767180386366e+01,1.657616010103924939e-02,2.291524122294636909e-02,2.037186550907101740e-02,1.529474371409752891e-02,1.331265952628391536e-01,1.565254911792718362e-01,1.475836540171622524e-01,1.278774480156744109e-01
1.550000000000000044e+00,2.559830008844962701e-02,5.161199303267030580e-02,7.424253852706330647e-02,6.766426201479830427e-02,3.849408312701650958e-01,2.148838561922908896e-01,7.215418220973852936e-02,5.071497562007390991e-01,9.355126918747759257e-01,8.247014699305550700e-02,1.316183810878755089e+01,1.656123250478037934e-02,2.290395848346574864e-02,2.036918943369668555e-02,1.527637577307703297e-02,1.330520239292150575e-01,1.564697656029012396e-01,1.475577524739032642e-01,1.277866027567907126e-01
1.552499999999999991e+00,2.561442341052789021e-02,5.153722982284224263e-02,7.420435691911762832e-02,6.746532804010796358e-02,3.857801161088389441e-01,2.157409763599326680e-01,7.209420840438442168e-02,5.077887195188778291e-01,9.357195627876351285e-01,8.302675880337437309e-02,1.317179584486427757e+01,1.654628460720350414e-02,2.289263277055347823e-02,2.036651689644954424e-02,1.525800669713646592e-02,1.329772631950059125e-01,1.564137816591804619e-01,1.475317609814144892e-01,1.276956332009616668e-01
1.554999999999999938e+00,2.563101558235542088e-02,5.146220941923685538e-02,7.416609585632265300e-02,6.726304976550709358e-02,3.866228921968573595e-01,2.165992247702589468e-01,7.203430214818222488e-02,5.084265868399601151e-01,9.359278265485038162e-01,8.358442627361151178e-02,1.318178097468835297e+01,1.653131634616980886e-02,2.288126409116052543e-02,2.036384789250313132e-02,1.523963658857997554e-02,1.329023127352277900e-01,1.563575392822465771e-01,1.475056794396995274e-01,1.276045397765920297e-01
1.557500000000000107e+00,2.564807956638303840e-02,5.138693203317782482e-02,7.412775578712865743e-02,6.705742993985337741e-02,3.874691606835309887e-01,2.174585970239722166e-01,7.197446550116252950e-02,5.090633802862689627e-01,9.361374858031540347e-01,8.414315473165907833e-02,1.319179359344095204e+01,1.651632766006735573e-02,2.286985245286228541e-02,2.036118241693039149e-02,1.522126554860586158e-02,1.328271722267077015e-01,1.563010384084737858e-01,1.474795077482334293e-01,1.275133229083618147e-01
1.560000000000000053e+00,2.566561829466037711e-02,5.131139802533316030e-02,7.408933714892666778e-02,6.684847155942380548e-02,3.883189224602711098e-01,2.183190888739786895e-01,7.191470054283215230e-02,5.096991226679145059e-01,9.363485432109058815e-01,8.470294968907723931e-02,1.320183379683708225e+01,1.650131848782303290e-02,2.285839786384992814e-02,2.035852046470278121e-02,1.520289367728506515e-02,1.327518413481057480e-01,1.562442789764123263e-01,1.474532458059280016e-01,1.274219830170988388e-01
1.562500000000000000e+00,2.568363466819360841e-02,5.123560791388426933e-02,7.405084036785829216e-02,6.663617786508932439e-02,3.891721781629916554e-01,2.191806962337110865e-01,7.185500937289526768e-02,5.103338374762063090e-01,9.365610014450899135e-01,8.526381684188480414e-02,1.321190168113260555e+01,1.648628876891435058e-02,2.284690033292129802e-02,2.035586203068931455e-02,1.518452107354008318e-02,1.326763197799361027e-01,1.561872609267251910e-01,1.474268935110961132e-01,1.273305205196523238e-01
1.564999999999999947e+00,2.570213155630511614e-02,5.115956238272535012e-02,7.401226585862819007e-02,6.642055233944428594e-02,3.900289281746229242e-01,2.200434151854606113e-01,7.179539411200479282e-02,5.109675488766414198e-01,9.367748631935068904e-01,8.582576207128915502e-02,1.322199734313133845e+01,1.647123844338108448e-02,2.283535986947134860e-02,2.035320710965559179e-02,1.516614783512434776e-02,1.326006072045879947e-01,1.561299842021238171e-01,1.474004507614165849e-01,1.272389358287687455e-01
1.567500000000000115e+00,2.572111179599501779e-02,5.108326228968455840e-02,7.397361402431885946e-02,6.620159870388984957e-02,3.908891726277335943e-01,2.209072419887099514e-01,7.173585690254473402e-02,5.116002817015004034e-01,9.369901311588936244e-01,8.638879144435612778e-02,1.323212088019220012e+01,1.645616745183675275e-02,2.282377648348211940e-02,2.035055569626277941e-02,1.514777405860206691e-02,1.325247033063458868e-01,1.560724487473017785e-01,1.473739174538984398e-01,1.271472293529689879e-01
1.570000000000000062e+00,2.574057819130463193e-02,5.100670867475712994e-02,7.393488525620876828e-02,6.597932091567393353e-02,3.917529114072651475e-01,2.217721730884592291e-01,7.167639990944509043e-02,5.122320614420603491e-01,9.372068080593873862e-01,8.695291121461939943e-02,1.324227239023642966e+01,1.644107573547991252e-02,2.281215018551225465e-02,2.034790778506654491e-02,1.512939983932854934e-02,1.324486077714091270e-01,1.560146545088672843e-01,1.473472934848451266e-01,1.270554014964274947e-01
1.572500000000000009e+00,2.576053351268185049e-02,5.092990276834175739e-02,7.389607993359344207e-02,6.575372316488925506e-02,3.926201441533722636e-01,2.226382051235389070e-01,7.161702532102950935e-02,5.128629142404191876e-01,9.374248966289924212e-01,8.751812782262932688e-02,1.325245197175486389e+01,1.642596323610529679e-02,2.280048098668607456e-02,2.034526337051597092e-02,1.511102527143101497e-02,1.323723202879113214e-01,1.559566014352737340e-01,1.473205787498186314e-01,1.269634526588534762e-01
1.574999999999999956e+00,2.578098049634867592e-02,5.085284599946960499e-02,7.385719842361045118e-02,6.552480987142965396e-02,3.934908702643777345e-01,2.235053349348965490e-01,7.155773534989767759e-02,5.134928668809345398e-01,9.376443996180494622e-01,8.808444789644130635e-02,1.326265972381525948e+01,1.641082989611476056e-02,2.278876889868219208e-02,2.034262244695239988e-02,1.509265044778991365e-02,1.322958405459386533e-01,1.558982894767491634e-01,1.472937731436034237e-01,1.268713832353735582e-01
1.577500000000000124e+00,2.580192184367098920e-02,5.077554000401715562e-02,7.381824108106810334e-02,6.529258568190685064e-02,3.943650888998290749e-01,2.243735595738517163e-01,7.149853223384243506e-02,5.141219467812792043e-01,9.378653197937035779e-01,8.865187825204366712e-02,1.327289574606967193e+01,1.639567565852806039e-02,2.277701393372169592e-02,2.033998500860825093e-02,1.507427546002075396e-02,1.322191682375482569e-01,1.558397185852240241e-01,1.472668765601703456e-01,1.267791936164171240e-01
1.580000000000000071e+00,2.582336022053043773e-02,5.069798663289164925e-02,7.377920824827856328e-02,6.505705546652870708e-02,3.952427989836683198e-01,2.252428763103084541e-01,7.143941823680372005e-02,5.147501819831103997e-01,9.380876599403755733e-01,8.922042589372473909e-02,1.328316013876190915e+01,1.638050046699343620e-02,2.276521610455586875e-02,2.033735104960578827e-02,1.505590039845646107e-02,1.321423030567854817e-01,1.557808887142574372e-01,1.472398888926400862e-01,1.266868841876030993e-01
1.582500000000000018e+00,2.584529825669870662e-02,5.062018796018084854e-02,7.374010025489562137e-02,6.481822431594043421e-02,3.961239992075074601e-01,2.261132826409159580e-01,7.138039564985933227e-02,5.153776011423596426e-01,9.383114228602320583e-01,8.979009801437946858e-02,1.329345300273498331e+01,1.636530426579801273e-02,2.275337542445349248e-02,2.033472056395583399e-02,1.503752535213026716e-02,1.320652446997010454e-01,1.557217998189621422e-01,1.472128100332470158e-01,1.265944553296293740e-01
1.584999999999999964e+00,2.586773854521422222e-02,5.054214629125539093e-02,7.370091741775713912e-02,6.457609753802941166e-02,3.970086880340094049e-01,2.269847762971688443e-01,7.132146679225453978e-02,5.160042335191354912e-01,9.385366113736587357e-01,9.036090199575508297e-02,1.330377443943868165e+01,1.635008699987799269e-02,2.274149190718770946e-02,2.033209354555643930e-02,1.501915040875915520e-02,1.319879928643673539e-01,1.556624518559280856e-01,1.471856398733024374e-01,1.265019074181641390e-01
1.587500000000000133e+00,2.589068364176145068e-02,5.046386417081399900e-02,7.366166004073310125e-02,6.433068065469410568e-02,3.978968637003766351e-01,2.278573552534347568e-01,7.126263401247082130e-02,5.166301089672498126e-01,9.387632283197311356e-01,9.093284540863597054e-02,1.331412455093711777e+01,1.633484861482867312e-02,2.272956556702246736e-02,2.032946998819148629e-02,1.500077565472785965e-02,1.319105472508942944e-01,1.556028447831445394e-01,1.471583783031580051e-01,1.264092408237396103e-01
1.590000000000000080e+00,2.591413606405255921e-02,5.038534439086160555e-02,7.362232841457931609e-02,6.408197939858054082e-02,3.987885242219464388e-01,2.287310177349031470e-01,7.120389968933542313e-02,5.172552579233611336e-01,9.389912765566886810e-01,9.150593601296760915e-02,1.332450343991636821e+01,1.631958905691424655e-02,2.271759641869853033e-02,2.032684988552926203e-02,1.498240117507343427e-02,1.318329075614445012e-01,1.555429785599209414e-01,1.471310252121690032e-01,1.263164559116481955e-01
1.592500000000000027e+00,2.593809829121210275e-02,5.030658999860987413e-02,7.358292281679672253e-02,6.382999970978375792e-02,3.996836673958873987e-01,2.296057622254417119e-01,7.114526623317252163e-02,5.178797113957410714e-01,9.392207589624070874e-01,9.208018175791951587e-02,1.333491120969212496e+01,1.630430827307740096e-02,2.270558447741910166e-02,2.032423323112095281e-02,1.496402705347040472e-02,1.317550735002481210e-01,1.554828531468065156e-01,1.471035804886574316e-01,1.262235530418408802e-01
1.594999999999999973e+00,2.596257276316447232e-02,5.022760430428844375e-02,7.354344351149783021e-02,6.357474773251815814e-02,4.005822908050051256e-01,2.304815874753501359e-01,7.108673608699696278e-02,5.185035009526619554e-01,9.394516784348715399e-01,9.265559078188717601e-02,1.334534796421741021e+01,1.628900621094870813e-02,2.269352975883501267e-02,2.032162001839909332e-02,1.494565337221650733e-02,1.316770447736167193e-01,1.554224685055084765e-01,1.470760440198751462e-01,1.261305325688281964e-01
1.597500000000000142e+00,2.598756188002385517e-02,5.014839088885836293e-02,7.350389074927923816e-02,6.331622981175569209e-02,4.014843918216473018e-01,2.313584925090041433e-01,7.102831172775211921e-02,5.191266587104075292e-01,9.396840378926494264e-01,9.323217141243220207e-02,1.335581380809030883e+01,1.627368281885581414e-02,2.268143227902954390e-02,2.031901024067594638e-02,1.492728021221903165e-02,1.315988210899570188e-01,1.553618245988092894e-01,1.470484156919667218e-01,1.260373948415838274e-01
1.600000000000000089e+00,2.601306800148806345e-02,5.006895361161525088e-02,7.346426476710168907e-02,6.305445248983397588e-02,4.023899676117135282e-01,2.322364766323730123e-01,7.096999566759265576e-02,5.197492173209126154e-01,9.399178402753636252e-01,9.380993216616176356e-02,1.336630884656174167e+01,1.625833804583240103e-02,2.266929205450284729e-02,2.031640389114182030e-02,1.490890765298177011e-02,1.315204021597837225e-01,1.553009213904825159e-01,1.470206953899325375e-01,1.259441402034505997e-01
1.602500000000000036e+00,2.603909344623459715e-02,4.998929661767275573e-02,7.342456578817742330e-02,6.278942250303275185e-02,4.032990151387680910e-01,2.331155394404067771e-01,7.091179045521331381e-02,5.203712099590219742e-01,9.401530885441646834e-01,9.438888174854569157e-02,1.337683318554327982e+01,1.624297184162692281e-02,2.265710910215598672e-02,2.031380096286333758e-02,1.489053577259259221e-02,1.314417876957317544e-01,1.552397588452076871e-01,1.469928829975914730e-01,1.258507689920491945e-01
1.604999999999999982e+00,2.606564049132076288e-02,4.990942434531462496e-02,7.338479402186567913e-02,6.252114677812255217e-02,4.042115311682518142e-01,2.339956808242746600e-01,7.085369867722503268e-02,5.209926703093861189e-01,9.403897856822025503e-01,9.496902905367279879e-02,1.338738693161496052e+01,1.622758415671114729e-02,2.264488343927462469e-02,2.031120144878160658e-02,1.487216464771164669e-02,1.313629774125682215e-01,1.551783369284841230e-01,1.469649783975437163e-01,1.257572815391897747e-01
1.607499999999999929e+00,2.609271137158683876e-02,4.982934153320580511e-02,7.334494966357617274e-02,6.224963242888321285e-02,4.051275122717976074e-01,2.348769009784488770e-01,7.079572295957940742e-02,5.216136325529798778e-01,9.406279346950980891e-01,9.555038316394405540e-02,1.339797019203315820e+01,1.621217494228844452e-02,2.263261508351233769e-02,2.030860534171035486e-02,1.485379435356019850e-02,1.312839710272033500e-01,1.551166556065435298e-01,1.469369814711334876e-01,1.256636781707861084e-01
1.610000000000000098e+00,2.612030827906277816e-02,4.974905322745095532e-02,7.330503289468164041e-02,6.197488675259336249e-02,4.060469548316434918e-01,2.357592004076188297e-01,7.073786596904270418e-02,5.222341313532559148e-01,9.408675386114124795e-01,9.613295334970486938e-02,1.340858307473848754e+01,1.619674415030185680e-02,2.262030405287359866e-02,2.030601263433396211e-02,1.483542496391011996e-02,1.312047682587012265e-01,1.550547148462620983e-01,1.469088920984117363e-01,1.255699592067727743e-01
1.612500000000000044e+00,2.614843336237879581e-02,4.966856478848968165e-02,7.326504388243908206e-02,6.169691722649227328e-02,4.069698550451452124e-01,2.366425799334259117e-01,7.068013041472064051e-02,5.228542018419292114e-01,9.411086004831183960e-01,9.671674906881404243e-02,1.341922568836366914e+01,1.618129173344194649e-02,2.260795036569641925e-02,2.030342331920544433e-02,1.481705655107403916e-02,1.311253688282895680e-01,1.549925146150709365e-01,1.468807101580986152e-01,1.254761249610250873e-01
1.614999999999999991e+00,2.617708872617971472e-02,4.958788189781828531e-02,7.322498277992049720e-02,6.141573150421296423e-02,4.078962089293889370e-01,2.375270407010046103e-01,7.062251904963456894e-02,5.234738796043993947e-01,9.413511233860656358e-01,9.730177996615071989e-02,1.342989814224147871e+01,1.616581764515438724e-02,2.259555404063467998e-02,2.030083738874433399e-02,1.479868918589614772e-02,1.310457724593691864e-01,1.549300548808666411e-01,1.468524355275462878e-01,1.253821757412820759e-01
1.617499999999999938e+00,2.620627643054332032e-02,4.950701056452697091e-02,7.318484972595380722e-02,6.113133741218753497e-02,4.088260123258981582e-01,2.384125841853209637e-01,7.056503467235127058e-02,5.240932006648085784e-01,9.415951104204509647e-01,9.788805587305807188e-02,1.344060054641269097e+01,1.615032183964733997e-02,2.258311509664013769e-02,2.029825483523450477e-02,1.478032293774369024e-02,1.309659788775226763e-01,1.548673356119199540e-01,1.468240680827010702e-01,1.252881118490724310e-01
1.620000000000000107e+00,2.623599849040285370e-02,4.942595713164198157e-02,7.314464484507345043e-02,6.084374294602402922e-02,4.097592609054406254e-01,2.392992121972928876e-01,7.050768012866612255e-02,5.247122014707378268e-01,9.418405647112806367e-01,9.847558680672437170e-02,1.345133301163400752e+01,1.613480427189857569e-02,2.257063355294415888e-02,2.029567565082189898e-02,1.476195787449913373e-02,1.308859878105226027e-01,1.548043567767847239e-01,1.467956076980663493e-01,1.251939335796435349e-01
1.622500000000000053e+00,2.626625687497384162e-02,4.934472828226134367e-02,7.310436824748214879e-02,6.055295626685549409e-02,4.106959501729282591e-01,2.401869268896795473e-01,7.045045831334247055e-02,5.253309188775452387e-01,9.420874894088362428e-01,9.906438296950001443e-02,1.346209564938602909e+01,1.611926489766235884e-02,2.255810942903917204e-02,2.029309982751217531e-02,1.474359406255302575e-02,1.308057989883390504e-01,1.547411183442054528e-01,1.467670542466646688e-01,1.250996412218937093e-01
1.625000000000000000e+00,2.629705350718551660e-02,4.926333104547516578e-02,7.306402002902333270e-02,6.025898569766091617e-02,4.116360754724142645e-01,2.410757307627325041e-01,7.039337217190654028e-02,5.259493901323505360e-01,9.423358876891352320e-01,9.965445474815123883e-02,1.347288857188122257e+01,1.610370367347608092e-02,2.254554274465983554e-02,2.029052735716826289e-02,1.472523156679755515e-02,1.307254121431463967e-01,1.546776202830246472e-01,1.467384076000003146e-01,1.250052350583074623e-01
1.627499999999999947e+00,2.632839026311683400e-02,4.918177280205762725e-02,7.302360027116483465e-02,5.996183971955740266e-02,4.125796319921822830e-01,2.419656266695856817e-01,7.033642470250039969e-02,5.265676528576622717e-01,9.425857627543926531e-01,1.002458127130499282e-01,1.348371189207188081e+01,1.608812055666664770e-02,2.253293351976399378e-02,2.028795823150783204e-02,1.470687045062081706e-02,1.306448270093297781e-01,1.546138625620894214e-01,1.467096676280216505e-01,1.249107153648939816e-01
1.630000000000000115e+00,2.636026897143734296e-02,4.910006128992244062e-02,7.298310904099483687e-02,5.966152696806371197e-02,4.135266147699295791e-01,2.428566178213812099e-01,7.027961895779377688e-02,5.271857450346556506e-01,9.428371178334773450e-01,1.008384676172982414e-01,1.349456572365810025e+01,1.607251550535660975e-02,2.252028177451336974e-02,2.028539244210067483e-02,1.468851077590179258e-02,1.305640433234906972e-01,1.545498451501577386e-01,1.466808341990835374e-01,1.248160824111292089e-01
1.632500000000000062e+00,2.639269141285318157e-02,4.901820460932974910e-02,7.294254639122940698e-02,5.935805622933474496e-02,4.144770186980419324e-01,2.437487077921108858e-01,7.022295804695562194e-02,5.278037049861022956e-01,9.430899561823684607e-01,1.014324303957894607e-01,1.350545018109573192e+01,1.605688847847004663e-02,2.250758752925407016e-02,2.028282998036596771e-02,1.467015260300604841e-02,1.304830608244521295e-01,1.544855680158042088e-01,1.466519071799096408e-01,1.247213364599008556e-01
1.635000000000000009e+00,2.642565931955820693e-02,4.893621122783458482e-02,7.290191236023281507e-02,5.905143643636603240e-02,4.154308385289596783e-01,2.446419005231617039e-01,7.016644513768668934e-02,5.284215713589529573e-01,9.433442810846086601e-01,1.020277121642028939e-01,1.351636537960434836e+01,1.604123943573819086e-02,2.249485080449688604e-02,2.028027083756946125e-02,1.465179599078216682e-02,1.304018792532629922e-01,1.544210311273256919e-01,1.466228864355547112e-01,1.246264777674570695e-01
1.637499999999999956e+00,2.645917437469076650e-02,4.885408998496708344e-02,7.286120697205079877e-02,5.874167666516817016e-02,4.163880688806347319e-01,2.455362003275528282e-01,7.011008345831466759e-02,5.290393831065791641e-01,9.436000958517546389e-01,1.026243242179334658e-01,1.352731143517518575e+01,1.602556833770478820e-02,2.248207162089740918e-02,2.027771500482055192e-02,1.463344099655890934e-02,1.303204983532019745e-01,1.543562344526463737e-01,1.465937718293669478e-01,1.245315065833583756e-01
1.640000000000000124e+00,2.649323821179598581e-02,4.877185009663286691e-02,7.282043023645672075e-02,5.842878613091104234e-02,4.173487042420747639e-01,2.464316118938470190e-01,7.005387629995234178e-02,5.296571794706751435e-01,9.438574038238251029e-01,1.032222780309553778e-01,1.353828846457906643e+01,1.600987514573120121e-02,2.246924999923601354e-02,2.027516247306924979e-02,1.461508767614311949e-02,1.302389178697808958e-01,1.542911779592229804e-01,1.465645632229503337e-01,1.244364231504332535e-01
1.642500000000000071e+00,2.652785241429407928e-02,4.868950115922558719e-02,7.277958214901172895e-02,5.811277418403506395e-02,4.183127389789780826e-01,2.473281402897265502e-01,6.999782701872048207e-02,5.302749999628222355e-01,9.441162083697456353e-01,1.038215852546194584e-01,1.354929658537432147e+01,1.599415982200124570e-02,2.245638596039768037e-02,2.027261323310304217e-02,1.459673608381837663e-02,1.301571375507470929e-01,1.542258616139497718e-01,1.465352604761268607e-01,1.243412277047371561e-01
1.645000000000000018e+00,2.656301851495452421e-02,4.860705315343900185e-02,7.273866269113843375e-02,5.779365030633117767e-02,4.192801673394521700e-01,2.482257909652139383e-01,6.994193903803667955e-02,5.308928843457234592e-01,9.443765128877906756e-01,1.044222577163830268e-01,1.356033591591469190e+01,1.597842232952576685e-02,2.244347952535172622e-02,2.027006727554363577e-02,1.457838627234440444e-02,1.300751571460856681e-01,1.541602853830635889e-01,1.465058634468987542e-01,1.242459204755150676e-01
1.647499999999999964e+00,2.659873799537692401e-02,4.852451644777075468e-02,7.269767183020929557e-02,5.747142410698733578e-02,4.202509834598218141e-01,2.491245697555260485e-01,6.988621585097058719e-02,5.315108726141064555e-01,9.446383208060218362e-01,1.050243074184732811e-01,1.357140657535715178e+01,1.596266263214693448e-02,2.243053071513141650e-02,2.026752459084360178e-02,1.456003829295723397e-02,1.299929764080208217e-01,1.540944492320489023e-01,1.464763719914109752e-01,1.241505016851679050e-01
1.650000000000000133e+00,2.663501228547814764e-02,4.844190180170742516e-02,7.265660951964894587e-02,5.714610531859995457e-02,4.212251813705200632e-01,2.500244828835480604e-01,6.983066102266730080e-02,5.321290049753020224e-01,9.449016355827239977e-01,1.056277465364820201e-01,1.358250868366980590e+01,1.594688069454228835e-02,2.241753955081353736e-02,2.026498516928287169e-02,1.454169219537014036e-02,1.299105950910165452e-01,1.540283531255431659e-01,1.464467859639131397e-01,1.240549715492222510e-01
1.652500000000000080e+00,2.667184276298650847e-02,4.835922036858059103e-02,7.261547569905231481e-02,5.681770379315165959e-02,4.222027550020621134e-01,2.509255369619080578e-01,6.977527819284037869e-02,5.327473218295027957e-01,9.451664607068348545e-01,1.062325874178922935e-01,1.359364236163963646e+01,1.593107648222848866e-02,2.240450605349789126e-02,2.026244900096515339e-02,1.452334802777533948e-02,1.298280129517770110e-01,1.539619970272425031e-01,1.464171052167221876e-01,1.239593302763042360e-01
1.655000000000000027e+00,2.670923075294279539e-02,4.827648369808477946e-02,7.257427029431706700e-02,5.648622949795117226e-02,4.231836981911035189e-01,2.518277389946393385e-01,6.972007107833416706e-02,5.333658637497034061e-01,9.454327996983753479e-01,1.068388425805366221e-01,1.360480773088030837e+01,1.591524996156480284e-02,2.239143024428679601e-02,2.025991607581417372e-02,1.450500583684646502e-02,1.297452297492458773e-01,1.538953808998074213e-01,1.463873296001843849e-01,1.238635780681166948e-01
1.657499999999999973e+00,2.674717752720882913e-02,4.819370373844805017e-02,7.253299321779206610e-02,5.615169251153685759e-02,4.241680046865793363e-01,2.527310963784157871e-01,6.966504347575842859e-02,5.339846714613296630e-01,9.457006561088714403e-01,1.074465247109849947e-01,1.361600491383987510e+01,1.589940109975632176e-02,2.237831214426455953e-02,2.025738638356983784e-02,1.448666566774183331e-02,1.296622452446055118e-01,1.538285047047695253e-01,1.463574589626376599e-01,1.237677151194205988e-01
1.660000000000000142e+00,2.678568430398358541e-02,4.811089283824569740e-02,7.249164436844166004e-02,5.581410301954099068e-02,4.251556681559223727e-01,2.536356169033425201e-01,6.961019926419505233e-02,5.346037858215577643e-01,9.459700335217757772e-01,1.080556466628635748e-01,1.362723403380845433e+01,1.588352986485689136e-02,2.236515177447700661e-02,2.025485991378422196e-02,1.446832756410847826e-02,1.295790592012750764e-01,1.537613684024382310e-01,1.463274931503738829e-01,1.236717416180199147e-01
1.662500000000000089e+00,2.682475224732687458e-02,4.802806374784745341e-02,7.245022363202555105e-02,5.547347131051472147e-02,4.261466821913603154e-01,2.545413087532879537e-01,6.955554240797830190e-02,5.352232477983331904e-01,9.462409355528805799e-01,1.086662214551028099e-01,1.363849521492587691e+01,1.586763622577176680e-02,2.235194915591104392e-02,2.025233665581744821e-02,1.444999156808698428e-02,1.294956713849086671e-01,1.536939719518088665e-01,1.462974320076012302e-01,1.235756577447507942e-01
1.665000000000000036e+00,2.686438246669158036e-02,4.794522962049005410e-02,7.240873088129556878e-02,5.512980777171122559e-02,4.271410403162922420e-01,2.554481805057377541e-01,6.950107695955017040e-02,5.358430984490892834e-01,9.465133658507312031e-01,1.092782622701140849e-01,1.364978858218924351e+01,1.585172015225997863e-02,2.233870430947430472e-02,2.024981659883341029e-02,1.443165772031711550e-02,1.294120815633921229e-01,1.536263153104706902e-01,1.462672753764063527e-01,1.234794636734741768e-01
1.667499999999999982e+00,2.690457601646402755e-02,4.786240401296561892e-02,7.236716597620850011e-02,5.478312288482756198e-02,4.281387359917394053e-01,2.563562411311600675e-01,6.944680706239127199e-02,5.364633788991755026e-01,9.467873280970311445e-01,1.098917824518953201e-01,1.366111426146044572e+01,1.583578161493642833e-02,2.232541725597491852e-02,2.024729973179536721e-02,1.441332605994423074e-02,1.293282895068396943e-01,1.535583984345166020e-01,1.462370230967168228e-01,1.233831595710728202e-01
1.669999999999999929e+00,2.694533389551306835e-02,4.777960088591701876e-02,7.232552876415618281e-02,5.443342722170135817e-02,4.291397626228716788e-01,2.572654999918589369e-01,6.939273695402889408e-02,5.370841303199967998e-01,9.470628260070437232e-01,1.105067955040640870e-01,1.367247237947363381e+01,1.581982058527369936e-02,2.231208801610139528e-02,2.024478604346137411e-02,1.439499662462651042e-02,1.292442949875901581e-01,1.534902212784534092e-01,1.462066750062631926e-01,1.232867455974520771e-01
1.672500000000000098e+00,2.698665704674814425e-02,4.769683460373247419e-02,7.228381908021178082e-02,5.408073143996409288e-02,4.301441135656070003e-01,2.581759668403047492e-01,6.933887096912269565e-02,5.377053939068725530e-01,9.473398633299889848e-01,1.111233150878180309e-01,1.368386306384258155e+01,1.580383703560356984e-02,2.229871661040269681e-02,2.024227552237957764e-02,1.437666945054297436e-02,1.291600977802019601e-01,1.534217837951133145e-01,1.461762309405415516e-01,1.231902219055446973e-01
1.675000000000000044e+00,2.702854635668664948e-02,4.761411993403023846e-02,7.224203674739425318e-02,5.372504627864615329e-02,4.311517821332827571e-01,2.590876518169207277e-01,6.928521354263010579e-02,5.383272108566212744e-01,9.476184438494344997e-01,1.117413550198220751e-01,1.369528644306802967e+01,1.578783093911825808e-02,2.228530305926848878e-02,2.023976815688335179e-02,1.435834457240231683e-02,1.290756976614482188e-01,1.533530859355667908e-01,1.461456907327758070e-01,1.230935886413198760e-01
1.677499999999999991e+00,2.707100265503081457e-02,4.753147204672499709e-02,7.220018157694926830e-02,5.336638255373568618e-02,4.321627616033988373e-01,2.600005654473110939e-01,6.923176921305122800e-02,5.389496223448748680e-01,9.478985713836813876e-01,1.123609292700213091e-01,1.370674264654489605e+01,1.577180226987136280e-02,2.227184738290963195e-02,2.023726393508626029e-02,1.434002202345253940e-02,1.289910944103108692e-01,1.532841276490364835e-01,1.461150542138799080e-01,1.229968459437961736e-01
1.679999999999999938e+00,2.711402671425443278e-02,4.744890651266851084e-02,7.215825336864807593e-02,5.300475115368727397e-02,4.331770452244272374e-01,2.609147186389119688e-01,6.917854262575547086e-02,5.395726695031327624e-01,9.481802497861450130e-01,1.129820519593800060e-01,1.371823180456945224e+01,1.575575100277852927e-02,2.225834960133893023e-02,2.023476284487688362e-02,1.432170183549140441e-02,1.289062878079742236e-01,1.532149088828130834e-01,1.460843212124202928e-01,1.228999939450587942e-01
1.682500000000000107e+00,2.715761924919982140e-02,4.736643930185645973e-02,7.211625191110379585e-02,5.264016303488004700e-02,4.341946262226915598e-01,2.618301226770477497e-01,6.912553853639025192e-02,5.401963933955609143e-01,9.484634829457302407e-01,1.136047373575452407e-01,1.372975404834640045e+01,1.573967711361781360e-02,2.224480973435217016e-02,2.023226487391345529e-02,1.430338403887768985e-02,1.288212776378181157e-01,1.531454295821723377e-01,1.460534915545780854e-01,1.228030327702807761e-01
1.685000000000000053e+00,2.720178091668506992e-02,4.728408678119341152e-02,7.207417698210551171e-02,5.227262921702465620e-02,4.352154978093098481e-01,2.627467892203773636e-01,6.907276181437282947e-02,5.408208349955418992e-01,9.487482747871982536e-01,1.142289998804348061e-01,1.374130950999583689e+01,1.572358057902977294e-02,2.223122780150948302e-02,2.022977000961834887e-02,1.428506866254326477e-02,1.287360636854104901e-01,1.530756896902941699e-01,1.460225650641117645e-01,1.227059625377486390e-01
1.687500000000000000e+00,2.724651231512226907e-02,4.720186571180853830e-02,7.203202834897019791e-02,5.190216077851586562e-02,4.362396531872034244e-01,2.636647302957074168e-01,6.902021744646709422e-02,5.414460351619861944e-01,9.490346292715308163e-01,1.148548540877492447e-01,1.375289832256015288e+01,1.570746137651725383e-02,2.221760382211707130e-02,2.022727823917236378e-02,1.426675573400598002e-02,1.286506457384991031e-01,1.530056891481834380e-01,1.459915415623192214e-01,1.226087833588920817e-01
1.689999999999999947e+00,2.729181398414683851e-02,4.711979324591487189e-02,7.198980576891214622e-02,5.152876885173221511e-02,4.372670855581661797e-01,2.645839582921625799e-01,6.896791054044482117e-02,5.420720346154112024e-01,9.493225503962865464e-01,1.154823146804070111e-01,1.376452062001081700e+01,1.569131948444488223e-02,2.220393781520933404e-02,2.022478954950885852e-02,1.424844527938336561e-02,1.285650235870031133e-01,1.529354278945927736e-01,1.459604208680003179e-01,1.225114953383178579e-01
1.692500000000000115e+00,2.733768640425790833e-02,4.703788692320513137e-02,7.194750898943087780e-02,5.115246461827775704e-02,4.382977881299947032e-01,2.655044859546846214e-01,6.891584632883415718e-02,5.426988739137965645e-01,9.496120421959485247e-01,1.161113964979021834e-01,1.377617653725504709e+01,1.567515488203828980e-02,2.219022979953141211e-02,2.022230392730768253e-02,1.423013732340715036e-02,1.284791970230039493e-01,1.528649058659478088e-01,1.459292027974193606e-01,1.224140985738482318e-01
1.695000000000000062e+00,2.738412999647094059e-02,4.695616466677593470e-02,7.190513774871648556e-02,5.077325930416851790e-02,4.393317541236775314e-01,2.664263263768510970e-01,6.886403017275508076e-02,5.433265934282244247e-01,9.499031087422711295e-01,1.167421145155848050e-01,1.378786621014239699e+01,1.565896754938301064e-02,2.217647979352221563e-02,2.021982135898893473e-02,1.421183188943860032e-02,1.283931658407352905e-01,1.527941229962741232e-01,1.458978871642671871e-01,1.223165931565631942e-01
1.697500000000000009e+00,2.743114512198197366e-02,4.687464477857569006e-02,7.186269177607301772e-02,5.039116417495989597e-02,4.403689767806395206e-01,2.673494929929894348e-01,6.881246756584322166e-02,5.439552333183133026e-01,9.501957541446121036e-01,1.173744838418627479e-01,1.379958977547119048e+01,1.564275746742311776e-02,2.216268781529794410e-02,2.021734183070651378e-02,1.419352899948466210e-02,1.283069298365732414e-01,1.527230792171274110e-01,1.458664737796239730e-01,1.222189791708476608e-01
1.699999999999999956e+00,2.747873208184447788e-02,4.679334593436744461e-02,7.182017079235984702e-02,5.000619053081546000e-02,4.414094493700423949e-01,2.682739995695714863e-01,6.876116413826309504e-02,5.445848335074582325e-01,9.504899825502647337e-01,1.180085197153248056e-01,1.381134737099487353e+01,1.562652461795955086e-02,2.214885388263615473e-02,2.021486532834149488e-02,1.417522867421492846e-02,1.282204888090252848e-01,1.526517744575254798e-01,1.458349624519214294e-01,1.221212566944423067e-01
1.702500000000000124e+00,2.752689111665879151e-02,4.671228717820177095e-02,7.177757451045037318e-02,4.961834970151431101e-02,4.424531651961350343e-01,2.691998601958645598e-01,6.871012566081181883e-02,5.452154336578800553e-01,9.507857981447781492e-01,1.186442375017844331e-01,1.382313913542819606e+01,1.561026898364815084e-02,2.213497801296041359e-02,2.021239183749528462e-02,1.415693093297941234e-02,1.281338425587190133e-01,1.525802086438834415e-01,1.458033529869052769e-01,1.220234257984992438e-01
1.705000000000000071e+00,2.757562240627453240e-02,4.663148791639299545e-02,7.173490263570918291e-02,4.922765304139858217e-02,4.435001176056579952e-01,2.701270892738278917e-01,6.865935804911400819e-02,5.458470731455024039e-01,9.510832051522717379e-01,1.192816526912443831e-01,1.383496520845331190e+01,1.559399054799740988e-02,2.212106022332557473e-02,2.020992134348257793e-02,1.413863579382713606e-02,1.280469908883904995e-01,1.525083816999517894e-01,1.457716451875977759e-01,1.219254865476418620e-01
1.707500000000000018e+00,2.762492606950646759e-02,4.655096791099263415e-02,7.169215486648598812e-02,4.883411192425769765e-02,4.445502999952908318e-01,2.710557015072279641e-01,6.860886736790891560e-02,5.464797910346603782e-01,9.513822078357417888e-01,1.199207808947806708e-01,1.384682573072570300e+01,1.557768929536592316e-02,2.210710053040371506e-02,2.020745383132411740e-02,1.412034327352552736e-02,1.279599336028718060e-01,1.524362935467572511e-01,1.457398388542600343e-01,1.218274390000290419e-01
1.709999999999999964e+00,2.767480216386385833e-02,4.647074727275469358e-02,7.164933089462732774e-02,4.843773773815019529e-02,4.456037058191482103e-01,2.719857118899581261e-01,6.855865983543076025e-02,5.471136260526566764e-01,9.516828104973601432e-01,1.205616378413466305e-01,1.385872084387997916e+01,1.556136521095955079e-02,2.209309895047077352e-02,2.020498928573922354e-02,1.410205338758062019e-02,1.278726705090783289e-01,1.523639441025470831e-01,1.457079337843546762e-01,1.217292832074237940e-01
1.712500000000000133e+00,2.772525068529397424e-02,4.639084645358696607e-02,7.160643040600549181e-02,4.803854188016290494e-02,4.466603285963189895e-01,2.729171356935419235e-01,6.850874182788335709e-02,5.477486165641732851e-01,9.519850174787659602e-01,1.212042393744959118e-01,1.387065069053551269e+01,1.554501828082828843e-02,2.207905549939394307e-02,2.020252769113810992e-02,1.408376615025806397e-02,1.277852014159953364e-01,1.522913332827365573e-01,1.456759297725079838e-01,1.216310192152661035e-01
1.715000000000000080e+00,2.777627156793970042e-02,4.631128623848310144e-02,7.156345308106454306e-02,4.763653575110457505e-02,4.477201619184442705e-01,2.738499884538014295e-01,6.845911988400979475e-02,5.483848005455553842e-01,9.522888331613461599e-01,1.218486014490247904e-01,1.388261541430195933e+01,1.552864849186284639e-02,2.206497019261985382e-02,2.020006903161399026e-02,1.406548157460492908e-02,1.276975261346643964e-01,1.522184609998602223e-01,1.456438266104727042e-01,1.215326470627505623e-01
1.717500000000000027e+00,2.782786468391182030e-02,4.623208773693082696e-02,7.152039859538272815e-02,4.723173075013622352e-02,4.487831994573349692e-01,2.747842859566710372e-01,6.840980070975788419e-02,5.490222155589717934e-01,9.525942619665104250e-01,1.224947401275327391e-01,1.389461515978456063e+01,1.551225583179093384e-02,2.205084304516358520e-02,2.019761329093493207e-02,1.404719967247231201e-02,1.276096444781690820e-01,1.521453271635265780e-01,1.456116240870902745e-01,1.214341667829079985e-01
1.719999999999999973e+00,2.788002984307633159e-02,4.615327237379057701e-02,7.147726662025170874e-02,4.682413826933710249e-02,4.498494349726230301e-01,2.757200442231378945e-01,6.836079118304284885e-02,5.496608987264769430e-01,9.529013083559554342e-01,1.231426715769023544e-01,1.390665007258934516e+01,1.549584028917326030e-02,2.203667407159855610e-02,2.019516045253549885e-02,1.402892045453872985e-02,1.275215562616202614e-01,1.520719316803769428e-01,1.455793219882534351e-01,1.213355784026918099e-01
1.722500000000000142e+00,2.793276679285684738e-02,4.607486187964075774e-02,7.143405682327172435e-02,4.641376968820450089e-02,4.509188623194463896e-01,2.766572794932887769e-01,6.831209835860779789e-02,5.503008867039757002e-01,9.532099768319227673e-01,1.237924120646967385e-01,1.391872029932809873e+01,1.547940185339924564e-02,2.202246328604735154e-02,2.019271049950815619e-02,1.401064393033430236e-02,1.274332613021409155e-01,1.519982744540478714e-01,1.455469200968685928e-01,1.212368819430683642e-01
1.725000000000000089e+00,2.798607521805250922e-02,4.599687828058482419e-02,7.139076886896283947e-02,4.600063636809097189e-02,4.519914754561631387e-01,2.775960082094451886e-01,6.826372947298270377e-02,5.509422156551124772e-01,9.535202719374440417e-01,1.244439779554759457e-01,1.393082598762321744e+01,1.546294051468244217e-02,2.200821070217350364e-02,2.019026341459441778e-02,1.399237010826571807e-02,1.273447594188507892e-01,1.519243553851384598e-01,1.455144181928183233e-01,1.211380774191122278e-01
1.727500000000000036e+00,2.803995474067188728e-02,4.591934388751635343e-02,7.134740241939119265e-02,4.558474964657522471e-02,4.530672684520908877e-01,2.785362469983677092e-01,6.821569194954332782e-02,5.515849212250997224e-01,9.538321982565802770e-01,1.250973857070312167e-01,1.394296728611232794e+01,1.544645626405566873e-02,2.199391633317430636e-02,2.018781918017575894e-02,1.397409899564197241e-02,1.272560504328501541e-01,1.518501743711813956e-01,1.454818160529238180e-01,1.210391648401053788e-01
1.729999999999999982e+00,2.809440491978288518e-02,4.584228128483802678e-02,7.130395713481074704e-02,4.516612083177014986e-02,4.541462354952707781e-01,2.794780126525102659e-01,6.816799340367062088e-02,5.522290385144936753e-01,9.541457604146487137e-01,1.257526518665379733e-01,1.395514434445275498e+01,1.542994909336586028e-02,2.197958019177467803e-02,2.018537777826428029e-02,1.395583059870087947e-02,1.271671341672035993e-01,1.517757313066190883e-01,1.454491134509072747e-01,1.209401442096411650e-01
1.732499999999999929e+00,2.814942525137927726e-02,4.576571331863088510e-02,7.126043267431908523e-02,4.474476119656725648e-02,4.552283709002511447e-01,2.804213221103036280e-01,6.812064164801141797e-02,5.528746020529425875e-01,9.544609630784431920e-01,1.264097930666268355e-01,1.396735731332578290e+01,1.541341899526863651e-02,2.196520229022215498e-02,2.018293919049311477e-02,1.393756492263634184e-02,1.270780104469231564e-01,1.517010260827841572e-01,1.454163101573544281e-01,1.208410155257322594e-01
1.735000000000000098e+00,2.820501516826345520e-02,4.568966308427117873e-02,7.121682869652762315e-02,4.432068197281809757e-02,4.563136691158874991e-01,2.813661924354540766e-01,6.807364469784163430e-02,5.535216457729165151e-01,9.547778109564406535e-01,1.270688260213734266e-01,1.397960634444071104e+01,1.539686596322258592e-02,2.195078264028304041e-02,2.018050339810656055e-02,1.391930197162637856e-02,1.269886790989512015e-01,1.516260585878852762e-01,1.453834059396768574e-01,1.207417787809233894e-01
1.737500000000000044e+00,2.826117403994697283e-02,4.561415391349057935e-02,7.117314486024535480e-02,4.389389434545365454e-02,4.574021247331552242e-01,2.823126407952310513e-01,6.802701077653273976e-02,5.541702029834361110e-01,9.550963087990016476e-01,1.277297675222068274e-01,1.399189159053872800e+01,1.538028999148327060e-02,2.193632125323976070e-02,2.017807038194996058e-02,1.390104174886189724e-02,1.268991399521427754e-01,1.515508287069977922e-01,1.453504005620744055e-01,1.206424339624080772e-01
1.739999999999999991e+00,2.831790117256757777e-02,4.553920936087849786e-02,7.112938082517532290e-02,4.346440944654496319e-02,4.584937324929730385e-01,2.832606844377345556e-01,6.798074832112203925e-02,5.548203063438261751e-01,9.554164613985569598e-01,1.283926344337377179e-01,1.400421320539653891e+01,1.536369107509694826e-02,2.192181813988949846e-02,2.017564012245931515e-02,1.388278425657621037e-02,1.268093928372478196e-01,1.514753363220598392e-01,1.453172937854976254e-01,1.205429810521499306e-01
1.742499999999999938e+00,2.837519580882423911e-02,4.546485318982252527e-02,7.108553625262357956e-02,4.303223834930242075e-02,4.595884872940299570e-01,2.842103406681162903e-01,6.793486598798828546e-02,5.554719878374960729e-01,9.557382735897871351e-01,1.290574436895051691e-01,1.401657134382981873e+01,1.534706920989402888e-02,2.190727331054412655e-02,2.017321259965060287e-02,1.386452949607526811e-02,1.267194375868928302e-01,1.513995813118739764e-01,1.452840853676098942e-01,1.204434200270080302e-01
1.745000000000000107e+00,2.843305712792981027e-02,4.539110935788623347e-02,7.104161080622009572e-02,4.259739206201910988e-02,4.606863842006173604e-01,2.851616268237403551e-01,6.788937265863326243e-02,5.561252787457816593e-01,9.560617502497870124e-01,1.297242122876443859e-01,1.402896616169641497e+01,1.533042439248224163e-02,2.189268677503151614e-02,2.017078779310883460e-02,1.384627746776862303e-02,1.266292740355624002e-01,1.513235635521145428e-01,1.452507750627500260e-01,1.203437508588668797e-01
1.747500000000000053e+00,2.849148424558176074e-02,4.531800200162147685e-02,7.099760415265042590e-02,4.215988152195802863e-02,4.617874184504550117e-01,2.861145602482663142e-01,6.784427744556968676e-02,5.567802096218581465e-01,9.563868962982228217e-01,1.303929572864748199e-01,1.404139781589933023e+01,1.531375662023954677e-02,2.187805854269826364e-02,2.016836568197681936e-02,1.382802817120109586e-02,1.265389020195802627e-01,1.512472829153409526e-01,1.452173626218944136e-01,1.202439735147704108e-01
1.750000000000000000e+00,2.855047621395121957e-02,4.524555542081414028e-02,7.095351596239786451e-02,4.171971758918600892e-02,4.628915854625126336e-01,2.870691582646359152e-01,6.779958969831752225e-02,5.574368102647477841e-01,9.567137166974786222e-01,1.310636958000092611e-01,1.405386646438947906e+01,1.529706589130676656e-02,2.186338862241388181e-02,2.016594624494362151e-02,1.380978160508513838e-02,1.264483213770899450e-01,1.511707392710168740e-01,1.451838477926190585e-01,1.201440879570601777e-01
1.752499999999999947e+00,2.861003202169038265e-02,4.517379406216253529e-02,7.090934591049527502e-02,4.127691104035621783e-02,4.639988808448216595e-01,2.880254381469468661e-01,6.775531900950833297e-02,5.580951096934404498e-01,9.570422164527867537e-01,1.317364449933859094e-01,1.406637226616818381e+01,1.528035220457995419e-02,2.184867702257652436e-02,2.016352946023274723e-02,1.379153776733388174e-02,1.263575319480356729e-01,1.510939324855360699e-01,1.451502303190621013e-01,1.200440941435179376e-01
1.755000000000000115e+00,2.867015059395879376e-02,4.510274250238652943e-02,7.086509367728566211e-02,4.083147256244264861e-02,4.651093004022687216e-01,2.889834170911995126e-01,6.771147522109952077e-02,5.587551361211472445e-01,9.573724006123522923e-01,1.324112220782226734e-01,1.407891538128945186e+01,1.526361555970250257e-02,2.183392375112028563e-02,2.016111530559001538e-02,1.377329665509486115e-02,1.262665335741423034e-01,1.510168624222545664e-01,1.451165099418857962e-01,1.199439920275122001e-01
1.757500000000000062e+00,2.873083079246850635e-02,4.503242543076827614e-02,7.082075894919069581e-02,4.038341274642863465e-02,4.662228401443719306e-01,2.899431121848964898e-01,6.766806843069886335e-02,5.594169169297157351e-01,9.577042742674628517e-01,1.330880443078960584e-01,1.409149597086200778e+01,1.524685595705698761e-02,2.181912881552413100e-02,2.015870375827111954e-02,1.375505826478439636e-02,1.261753260988953962e-01,1.509395289415294272e-01,1.450826863982384307e-01,1.198437815581489957e-01
1.760000000000000009e+00,2.879207141554829957e-02,4.496286763112356671e-02,7.077634141948666024e-02,3.993274208095244637e-02,4.673394962930315089e-01,2.909045403754861314e-01,6.762510899800067143e-02,5.600804786442176164e-01,9.580378425525853947e-01,1.337669289727453636e-01,1.410411419705102176e+01,1.523007339775675484e-02,2.180429222282252374e-02,2.015629479502888469e-02,1.373682259212261579e-02,1.260839093675212019e-01,1.508619319007649118e-01,1.450487594217166887e-01,1.197434626804267099e-01
1.762499999999999956e+00,2.885387119822722946e-02,4.489409396320439422e-02,7.073184078908593964e-02,3.947947094591489764e-02,4.684592652902495602e-01,2.918677184376293199e-01,6.758260755133409237e-02,5.607458469077432062e-01,9.583731106454553839e-01,1.344478933952029664e-01,1.411677022307963014e+01,1.521326788363726139e-02,2.178941397961777979e-02,2.015388839210019781e-02,1.371858963216911718e-02,1.259922832269659565e-01,1.507840711544650159e-01,1.450147287423272369e-01,1.196430353353948040e-01
1.765000000000000124e+00,2.891622881233775130e-02,4.482612934353371464e-02,7.068725676732502683e-02,3.902360960605030793e-02,4.695821438058178088e-01,2.928326629392792313e-01,6.754057499432512823e-02,5.614130464564173195e-01,9.587100837671487241e-01,1.351309549248532471e-01,1.412946421323016644e+01,1.519643941724715605e-02,2.177449409209423689e-02,2.015148452519262279e-02,1.370035937935923723e-02,1.259004475258753419e-01,1.507059465542940624e-01,1.449805940864488107e-01,1.195424994603166702e-01
1.767500000000000071e+00,2.897914286663826403e-02,4.475899872567307147e-02,7.064258907275537680e-02,3.856516820446732885e-02,4.707081287449623175e-01,2.937993902065612617e-01,6.749902251267247966e-02,5.620821010946679408e-01,9.590487671821433802e-01,1.358161309334202094e-01,1.414219633284511879e+01,1.517958800183912167e-02,2.175953256603426617e-02,2.014908316947068220e-02,1.368213182754093003e-02,1.258084021145738918e-01,1.506275579491445638e-01,1.449463551767939395e-01,1.194418549888364295e-01
1.770000000000000018e+00,2.904261190695542685e-02,4.469272707992536647e-02,7.059783743393903410e-02,3.810415675616135589e-02,4.718372172559434641e-01,2.947679162874387582e-01,6.745796158103928297e-02,5.627530336707647907e-01,9.593891661983701136e-01,1.365034388096865448e-01,1.415496674832781032e+01,1.516271364136047468e-02,2.174452940683620911e-02,2.014668429954180953e-02,1.366390697001221635e-02,1.257161468450436193e-01,1.505489051852127169e-01,1.449120117323705326e-01,1.193411018511492949e-01
1.772499999999999964e+00,2.910663441634653639e-02,4.462733937247396337e-02,7.055300159024543993e-02,3.764058514150478429e-02,4.729694067376075672e-01,2.957382569141562834e-01,6.741740397006097674e-02,5.634258660526608731e-01,9.597312861672471218e-01,1.371928959543462501e-01,1.416777562714280059e+01,1.514581634044352698e-02,2.172948461953425753e-02,2.014428788944195095e-02,1.364568479955920871e-02,1.256236815709032284e-01,1.504699881060820033e-01,1.448775634684436042e-01,1.192402399741760016e-01
1.775000000000000133e+00,2.917120881528176279e-02,4.456286054396157992e-02,7.050808129265002944e-02,3.717446309972004953e-02,4.741046948468767841e-01,2.967104274644472572e-01,6.737736175347082412e-02,5.641006191041566531e-01,9.600751324837034639e-01,1.378845197747911588e-01,1.418062313781601169e+01,1.512889610439571188e-02,2.171439820882038393e-02,2.014189391262084100e-02,1.362746530849467778e-02,1.255310061473867700e-01,1.503908065528150872e-01,1.448430100964966105e-01,1.191392692817409421e-01
1.777500000000000080e+00,2.923633346184633872e-02,4.449931548751134835e-02,7.046307630453291226e-02,3.670580022233888712e-02,4.752430795061803326e-01,2.976844429214990928e-01,6.733784731534364632e-02,5.647773126614202832e-01,9.604207105861899407e-01,1.385783276798356056e-01,1.419350944993452046e+01,1.511195293918949148e-02,2.169927017906832928e-02,2.013950234192690356e-02,1.360924848869714439e-02,1.254381204313223530e-01,1.503113603640538753e-01,1.448083513241928966e-01,1.190381896947537571e-01
1.780000000000000027e+00,2.930200665196299251e-02,4.443672902619427711e-02,7.041798640247623475e-02,3.623460594665580542e-02,4.763845589108142708e-01,2.986603178326671104e-01,6.729887335745947385e-02,5.654559655098837512e-01,9.607680259566759862e-01,1.392743370743798059e-01,1.420643473414611435e+01,1.509498685145202815e-02,2.168410053435973137e-02,2.013711314959181625e-02,1.359103433165048669e-02,1.253450242811105786e-01,1.502316493761281790e-01,1.447735868553367555e-01,1.189370011313946596e-01
1.782499999999999973e+00,2.936822661963475051e-02,4.437512588994668716e-02,7.037281137705962697e-02,3.576088954917832491e-02,4.775291315362266698e-01,2.996380662669309580e-01,6.726045290678832334e-02,5.661365953615462576e-01,9.611170841206316817e-01,1.399725653540154491e-01,1.421939916215849387e+01,1.507799784845464779e-02,2.166888927851245289e-02,2.013472630721469675e-02,1.357282282848402966e-02,1.252517175567033625e-01,1.501516734231734262e-01,1.447387163898346540e-01,1.188357035073032836e-01
1.785000000000000142e+00,2.943499153720750827e-02,4.431453069194220273e-02,7.032755103365193050e-02,3.528466013908343468e-02,4.786767961452212949e-01,3.006177017710874866e-01,6.722259932309630759e-02,5.668192188327183523e-01,9.614678906469997788e-01,1.406730298995761130e-01,1.423240290673817654e+01,1.506098593810208802e-02,2.165363641511115073e-02,2.013234178574594205e-02,1.355461397001309944e-02,1.251582001195821470e-01,1.500714323372571157e-01,1.447037396236559859e-01,1.187342967357707252e-01
1.787500000000000089e+00,2.950229951565330744e-02,4.425496790442480510e-02,7.028220519319841597e-02,3.480592665168411731e-02,4.798275517950732483e-01,3.015992373246774716e-01,6.718532630667564676e-02,5.675038514222245922e-01,9.618204511481506236e-01,1.413757480716346659e-01,1.424544614170912205e+01,1.504395112892153823e-02,2.163834194754014895e-02,2.012995955547066187e-02,1.353640774678002701e-02,1.250644718327365013e-01,1.499909259485146806e-01,1.446686562487939365e-01,1.186327807279351915e-01
1.790000000000000036e+00,2.957014860487356192e-02,4.419646183400737643e-02,7.023677369300225515e-02,3.432469784191327644e-02,4.809813978445478533e-01,3.025826852936419620e-01,6.714864790619892720e-02,5.681905074901059116e-01,9.621747712798249808e-01,1.420807372049513462e-01,1.425852904195101090e+01,1.502689343005148177e-02,2.162300587901867105e-02,2.012757958599176514e-02,1.351820414909556123e-02,1.249705325606425693e-01,1.499101540852945946e-01,1.446334659532258204e-01,1.185311553929805778e-01
1.792499999999999982e+00,2.963853679402252139e-02,4.413903659644348443e-02,7.019125638749819374e-02,3.384098227783257501e-02,4.821383339608177887e-01,3.035680573827113093e-01,6.711257852669902380e-02,5.688792002368450174e-01,9.625308567410618688e-01,1.427880146028756847e-01,1.427165178339720342e+01,1.500981285123034054e-02,2.160762821263848346e-02,2.012520184621264044e-02,1.350000316708069130e-02,1.248763821692417120e-01,1.498291165743133868e-01,1.445981684208737239e-01,1.184294206383384590e-01
1.794999999999999929e+00,2.970746201185101368e-02,4.408271609087893034e-02,7.014565314901824444e-02,3.335478833417249156e-02,4.832983601262724749e-01,3.045553645865233250e-01,6.707713293767675333e-02,5.695699416831474515e-01,9.628887132741146271e-01,1.434975975317052677e-01,1.428481454303239140e+01,1.499270940278493031e-02,2.159220895140400581e-02,2.012282630431944802e-02,1.348180479070882828e-02,1.247820205259188298e-01,1.497478132408200380e-01,1.445627633315642591e-01,1.183275763698927868e-01
1.797500000000000098e+00,2.977692212707014341e-02,4.402752397359182418e-02,7.009996386854708272e-02,3.286612418591215723e-02,4.844614766452084442e-01,3.055446171394778365e-01,6.704232628133663385e-02,5.702627426503121821e-01,9.632483466643488867e-01,1.442095032150056133e-01,1.429801749888992468e+01,1.497558309561874100e-02,2.157674809827495391e-02,2.012045292776301966e-02,1.346360900984834574e-02,1.246874474994812687e-01,1.496662439087708685e-01,1.445272503609888459e-01,1.182256224921879040e-01
1.800000000000000044e+00,2.984691494873507531e-02,4.397348363122952075e-02,7.005418845646629866e-02,3.237499780190580823e-02,4.856276841503964214e-01,3.065358244643307528e-01,6.700817408095305350e-02,5.709576127412173685e-01,9.636097627401305488e-01,1.449237488278946606e-01,1.431126083004878602e+01,1.495843394120003472e-02,2.156124565621154662e-02,2.011808168324034918e-02,1.344541581430542566e-02,1.245926629601373653e-01,1.495844084010143904e-01,1.444916291806629949e-01,1.181235589086389037e-01
1.802499999999999991e+00,2.991743822664856209e-02,4.392061815355180476e-02,7.000832684328578415e-02,3.188141693856438169e-02,4.867969836095163982e-01,3.075289951195340210e-01,6.697469224936787591e-02,5.716545603219616023e-01,9.639729673726969983e-01,1.456403514912956998e-01,1.432454471663024798e+01,1.494126195154977729e-02,2.154570162822233570e-02,2.011571253667567005e-02,1.342722519386720624e-02,1.244976667794753522e-01,1.495023065394865958e-01,1.444558994578859223e-01,1.180213855217449731e-01
1.804999999999999938e+00,2.998848965178447720e-02,4.386895030569142734e-02,6.996237898036117286e-02,3.138538913360058857e-02,4.879693763314527089e-01,3.085241367453342987e-01,6.694189709762145279e-02,5.723535925041881578e-01,9.643379664760132197e-01,1.463593282661638517e-01,1.433786933979419942e+01,1.492406713922941365e-02,2.153011601741473130e-02,2.011334545320112716e-02,1.340903713834518986e-02,1.244024588304424583e-01,1.494199381454168751e-01,1.444200608556995558e-01,1.179191022333053035e-01
1.807500000000000107e+00,3.006006685673057871e-02,4.381850249994283242e-02,6.991634484059552901e-02,3.088692169984654998e-02,4.891448639724411129e-01,3.095212560086380571e-01,6.690980534371818167e-02,5.730547151281258911e-01,9.647047660066169206e-01,1.470806961476896213e-01,1.435123488173511852e+01,1.490684951732848887e-02,2.151448882704823373e-02,2.011098039713701477e-02,1.339085163761888526e-02,1.243070389873239673e-01,1.493373030395447332e-01,1.443841130328472611e-01,1.178167089446371801e-01
1.810000000000000053e+00,3.013216741615099697e-02,4.376929676709061939e-02,6.987022441912420223e-02,3.038602171915213979e-02,4.903234485420604472e-01,3.105203585466612126e-01,6.687843412152927325e-02,5.737579327463839807e-01,9.650733719634441155e-01,1.478044720594853256e-01,1.436464152567771002e+01,1.488960909945211825e-02,2.149882006059045808e-02,2.010861733197158441e-02,1.337266868167965618e-02,1.242114071257227476e-01,1.492544010423473844e-01,1.443480556437323759e-01,1.177142055567967222e-01
1.812500000000000000e+00,3.020478884726767593e-02,4.372135472729239691e-02,6.982401773398080880e-02,2.988269603637372374e-02,4.915051324090589646e-01,3.115214489093774408e-01,6.684780098983295060e-02,5.744632486085314849e-01,9.654437903876452731e-01,1.485306728477587268e-01,1.437808945587220855e+01,1.487234589970833076e-02,2.148310972177597603e-02,2.010625622034042936e-02,1.335448826067474164e-02,1.241155631225386996e-01,1.491712319742785897e-01,1.443118883383762152e-01,1.176115919708014129e-01
1.814999999999999947e+00,3.027792861036089980e-02,4.367469756052858726e-02,6.977772482674349241e-02,2.937695125346255140e-02,4.926899183070092558e-01,3.125245305007868235e-01,6.681792394149581316e-02,5.751706646464951334e-01,9.658160273623831449e-01,1.492593152754795316e-01,1.439157885758932842e+01,1.485505993269527550e-02,2.146735781466802342e-02,2.010389702400541823e-02,1.333631036495142030e-02,1.240195068559487024e-01,1.490877956560186235e-01,1.442756107623758000e-01,1.175088680878549896e-01
1.817500000000000115e+00,3.035158410928839867e-02,4.362934597663511299e-02,6.973134576315960509e-02,2.886879372366268209e-02,4.938778093397799274e-01,3.135296055190284203e-01,6.678882141279576801e-02,5.758801814608183189e-01,9.661900890126180474e-01,1.499904160165438927e-01,1.440510991711486888e+01,1.483775121348831529e-02,2.145156434372313264e-02,2.010153970383317043e-02,1.331813498510128410e-02,1.239232382053867265e-01,1.490040919087358418e-01,1.442392225568612241e-01,1.174060338095739287e-01
1.820000000000000062e+00,3.042575269202306421e-02,4.358532018493509186e-02,6.968488063374714270e-02,2.835822954582848526e-02,4.950688089868185982e-01,3.145366748953584146e-01,6.676051229288933186e-02,5.765917983078016062e-01,9.665659815048769365e-01,1.507239916499432675e-01,1.441868282174396576e+01,1.482041975762700588e-02,2.143572931385871044e-02,2.009918421977309119e-02,1.329996211200458640e-02,1.238267570515242666e-01,1.489201205543599360e-01,1.442027233584524670e-01,1.173030890382158464e-01
1.822500000000000009e+00,3.050043165120833177e-02,4.354263986348637372e-02,6.963832955437182504e-02,2.784526455887097879e-02,4.962629211082352221e-01,3.155457382320297488e-01,6.673301593342539917e-02,5.773055130875783814e-01,9.669437110470109342e-01,1.514600586539431581e-01,1.443229775977503238e+01,1.480306558110197276e-02,2.141985273052361693e-02,2.009683053083494153e-02,1.328179173687463535e-02,1.237300632762510372e-01,1.488358814158664556e-01,1.441661127992157621e-01,1.172000336769092599e-01
1.824999999999999956e+00,3.057561822473178759e-02,4.350132412796416798e-02,6.959169266679784971e-02,2.732990433634473887e-02,4.974601499496781321e-01,3.165567937390983411e-01,6.670635215830707232e-02,5.780213223331446271e-01,9.673232838879334272e-01,1.521986334002786989e-01,1.444595492050329000e+01,1.478568870034169778e-02,2.140393459977178031e-02,2.009447859506592604e-02,1.326362385130219063e-02,1.236331567626561684e-01,1.487513743175739589e-01,1.441293905066196035e-01,1.170968676298849848e-01
1.827500000000000124e+00,3.065130959631592877e-02,4.346139150019737163e-02,6.954497013921120963e-02,2.681215418118497798e-02,4.986605001469915921e-01,3.175698381701975714e-01,6.668054127360464878e-02,5.787392212003916736e-01,9.677047063173486174e-01,1.529397321483731698e-01,1.445965449421401772e+01,1.476828913219922768e-02,2.138797492833887509e-02,2.009212836952731576e-02,1.324545844729983421e-02,1.235360373950096791e-01,1.486665990854524610e-01,1.440925561034901159e-01,1.169935908027085469e-01
1.830000000000000071e+00,3.072750289612578151e-02,4.342285987638067751e-02,6.949816216671345082e-02,2.629201912060595905e-02,4.998639767306479742e-01,3.185848667573190074e-01,6.665560407762122219e-02,5.794592034591692364e-01,9.680879846654626419e-01,1.536833710395866248e-01,1.447339667217540615e+01,1.475086689393880109e-02,2.137197372372211593e-02,2.008977981027057838e-02,1.322729551734627175e-02,1.234387050587442969e-01,1.485815555474445382e-01,1.440556092079658956e-01,1.168902031025136762e-01
1.832500000000000018e+00,3.080419520139333553e-02,4.338574649498339042e-02,6.945126897178532932e-02,2.576950390117069278e-02,5.010705851299444014e-01,3.196018731446406691e-01,6.663156187111453355e-02,5.801812614854178207e-01,9.684731253026821474e-01,1.544295660915016855e-01,1.448718164663111452e+01,1.473342200322242182e-02,2.135593099426317393e-02,2.008743287231303312e-02,1.320913505443053505e-02,1.233411596404378197e-01,1.484962435337982556e-01,1.440185494334521865e-01,1.167867044382367436e-01
1.834999999999999964e+00,3.088138353705790345e-02,4.335006790437985480e-02,6.940429080471731405e-02,2.524461298404583054e-02,5.022803311769549195e-01,3.206208493214533495e-01,6.660843646767614090e-02,5.809053862544105717e-01,9.688601346392961000e-01,1.551783331922544640e-01,1.450100961079243156e+01,1.471595447809637656e-02,2.133984674923425709e-02,2.008508750961298175e-02,1.319097705209604059e-02,1.232434010277959902e-01,1.484106628774127801e-01,1.439813763885745834e-01,1.166830947208518654e-01
1.837500000000000133e+00,3.095906487642223134e-02,4.331583993022525281e-02,6.935722794400704661e-02,2.471735054044860852e-02,5.034932211102254307e-01,3.216417855542366144e-01,6.658625020427162700e-02,5.816315673351328819e-01,9.692490191251469378e-01,1.559296880949176400e-01,1.451488075883013984e+01,1.469846433697771619e-02,2.132372099892737571e-02,2.008274367504435734e-02,1.317282150448446584e-02,1.231454291096356485e-01,1.483248134141960939e-01,1.439440896771320699e-01,1.165793738636064086e-01
1.840000000000000080e+00,3.103723614182358689e-02,4.328307764260368867e-02,6.931008069672099647e-02,2.418772044730153892e-02,5.047092615782090563e-01,3.226646703179374409e-01,6.656502595194437044e-02,5.823597928858439410e-01,9.696397852492847358e-01,1.566836464119444883e-01,1.452879528586604252e+01,1.468095159864070409e-02,2.130755375474682398e-02,2.008040132037084563e-02,1.315466840637940366e-02,1.230472437758685506e-01,1.482386949834352818e-01,1.439066888980490566e-01,1.164755417822569000e-01
1.842500000000000027e+00,3.111589420531960665e-02,4.325179532297655782e-02,6.926284939881957592e-02,2.365572628310391029e-02,5.059284596424240554e-01,3.236894902265139984e-01,6.654478712668546181e-02,5.830900496508487629e-01,9.700324395396096033e-01,1.574402236096821561e-01,1.454275338796411532e+01,1.466341628220324544e-02,2.129134502930487075e-02,2.007806039621948258e-02,1.313651775324975977e-02,1.229488449174857556e-01,1.481523074281795860e-01,1.438691736453270031e-01,1.163715983953049066e-01
1.844999999999999973e+00,3.119503588938816324e-02,4.322200643096002493e-02,6.921553441544346652e-02,2.312137132403168163e-02,5.071508227803314117e-01,3.247162299628110205e-01,6.652555770047262340e-02,5.838223229585240981e-01,9.704269885624986491e-01,1.581994350029622409e-01,1.455675526212138848e+01,1.464585840711331646e-02,2.127509483652069433e-02,2.007572085205373488e-02,1.311836954129284340e-02,1.228502324265424717e-01,1.480656505956355895e-01,1.438315435079951243e-01,1.162675436242329718e-01
1.847500000000000142e+00,3.127465796764044431e-02,4.319372357096348120e-02,6.916813614116093523e-02,2.258465854027877015e-02,5.083763588879186557e-01,3.257448722078325476e-01,6.650736221248167157e-02,5.845565967206277636e-01,9.708234389224216221e-01,1.589612957497793522e-01,1.457080110625846103e+01,1.462827799313539193e-02,2.125880319172257851e-02,2.007338263614603241e-02,1.310022376747711423e-02,1.227514061961435532e-01,1.479787243375754180e-01,1.437937980700602358e-01,1.161633773937400527e-01
1.850000000000000089e+00,3.135475716554707304e-02,4.316695845872030313e-02,6.912065500017258723e-02,2.204559059265045681e-02,5.096050762819812618e-01,3.267753975694896451e-01,6.649022578047285303e-02,5.852928534329295829e-01,9.712217972615414530e-01,1.597258208460642370e-01,1.458489111920971659e+01,1.461067506033689699e-02,2.124247011175333516e-02,2.007104569554976278e-02,1.308208042958453748e-02,1.226523661204295818e-01,1.478915285107571809e-01,1.437559369104557949e-01,1.160590996319764701e-01
1.852500000000000036e+00,3.143533016117658341e-02,4.314172188774648142e-02,6.907309144647490184e-02,2.150416982942100069e-02,5.108369837020936277e-01,3.278077845109017563e-01,6.647417411235612139e-02,5.860310741771993515e-01,9.716220702593030278e-01,1.604930251205647918e-01,1.459902550071323013e+01,1.459304962907467980e-02,2.122609561507900200e-02,2.006870997607069704e-02,1.306393952625251563e-02,1.225531120945637237e-01,1.478040629773584025e-01,1.437179596029898032e-01,1.159547102707781663e-01
1.854999999999999982e+00,3.151637358594491095e-02,4.311802369576246685e-02,6.902544596397823529e-02,2.096039828346710904e-02,5.120720903122566448e-01,3.288420092783356785e-01,6.645923351793772693e-02,5.867712386245865774e-01,9.720242646320096380e-01,1.612629232298417314e-01,1.461320445140036384e+01,1.457540171998153965e-02,2.120967972190078432e-02,2.006637542223787402e-02,1.304580105701533266e-02,1.224536440147189625e-01,1.477163276054215546e-01,1.436798657162919046e-01,1.158502092458998101e-01
1.857499999999999929e+00,3.159788402537613838e-02,4.309587273111557815e-02,6.897771906658022034e-02,2.041427766968976695e-02,5.133104057022164213e-01,3.298780458288718687e-01,6.644543092085222757e-02,5.875133250404235286e-01,9.724283871323841089e-01,1.620355296533910194e-01,1.462742817278505925e+01,1.455773135395279846e-02,2.119322245427023715e-02,2.006404197727389496e-02,1.302766502234508489e-02,1.223539617780665112e-01,1.476283222693126618e-01,1.436416548137595395e-01,1.157455964972469442e-01
1.860000000000000098e+00,3.167985801987303895e-02,4.307527681924334245e-02,6.892991129819213414e-02,1.986580938273458177e-02,5.145519398884416118e-01,3.309158657578942231e-01,6.643279387068323771e-02,5.882573102904876672e-01,9.728344445491229342e-01,1.628108586889030485e-01,1.464169686725287001e+01,1.454003855213294866e-02,2.117672383620767401e-02,2.006170958306464913e-02,1.300953142369204625e-02,1.222540652827643626e-01,1.475400468501918139e-01,1.436033264535025999e-01,1.156408719691063153e-01
1.862500000000000044e+00,3.176229206549724404e-02,4.305624272921809020e-02,6.888202323271644389e-02,1.931499449502527277e-02,5.157967033147532465e-01,3.319554382265044734e-01,6.642135055527571830e-02,5.890031698487573353e-01,9.732424437064345346e-01,1.635889244476704529e-01,1.465601073804968379e+01,1.452232333590237900e-02,2.116018389382379530e-02,2.005937818012844959e-02,1.299140026352441774e-02,1.221539544279470618e-01,1.474515012364964739e-01,1.435648801882872527e-01,1.155360356103747876e-01
1.864999999999999991e+00,3.184518261475772355e-02,4.303877614041731747e-02,6.883405547397566937e-02,1.876183375511906309e-02,5.170447068525911849e-01,3.329967298889622285e-01,6.641112981324440168e-02,5.897508778066924418e-01,9.736523914635679677e-01,1.643697408501541557e-01,1.467036998927020797e+01,1.450458572686419943e-02,2.114360265544448086e-02,2.005704770758456185e-02,1.297327154536741765e-02,1.220536291137160473e-01,1.473626853244368595e-01,1.435263155654785128e-01,1.154310873747861482e-01
1.867499999999999938e+00,3.192852607740707255e-02,4.302288160936306588e-02,6.878600865559013344e-02,1.820632758639719601e-02,5.182959618009199687e-01,3.340397048202708441e-01,6.640216114668172354e-02,5.905004068840670195e-01,9.740642947143298702e-01,1.651533216217213051e-01,1.468477482584616034e+01,1.448682574683116987e-02,2.112698015173875704e-02,2.005471810312113926e-02,1.295514527384167107e-02,1.219530892411307826e-01,1.472735990185035648e-01,1.434876321269814292e-01,1.153260272211358850e-01
1.870000000000000107e+00,3.201231882124484091e-02,4.300856253677914909e-02,6.873788344080393464e-02,1.764847608610253804e-02,5.195504798857502049e-01,3.350843244440174784e-01,6.639447473406837053e-02,5.912517284413947305e-01,9.744781603865927400e-01,1.659396802885657884e-01,1.469922545353426280e+01,1.446904341781275749e-02,2.111031641584985852e-02,2.005238930296252692e-02,1.293702145470083942e-02,1.218523347122007494e-01,1.471842422319868948e-01,1.434488294091808003e-01,1.152208551135032455e-01
1.872500000000000053e+00,3.209655717292670546e-02,4.299582113491313973e-02,6.868968052225761511e-02,1.708827902473436522e-02,5.208082732592801412e-01,3.361305474605951749e-01,6.638810144339085673e-02,5.920048124939668588e-01,9.748939954417916720e-01,1.667288301738238387e-01,1.471372207890395956e+01,1.445123876200232749e-02,2.109361148352938142e-02,2.005006124183595501e-02,1.291890009486845563e-02,1.217513654298782444e-01,1.470946148875084125e-01,1.434099069428797224e-01,1.151155710214707556e-01
1.875000000000000000e+00,3.218123741877922800e-02,4.298465839517596337e-02,6.864140062170687173e-02,1.652573584581314148e-02,5.220693544986402257e-01,3.371783297759359810e-01,6.638307284546977882e-02,5.927596277275389847e-01,9.753118068744115465e-01,1.675207843938980035e-01,1.472826490932497912e+01,1.443341180176448482e-02,2.107686539327444097e-02,2.004773385293758328e-02,1.290078120247390402e-02,1.216501812980521069e-01,1.470047169175638380e-01,1.433708642532365019e-01,1.150101749203408102e-01
1.877499999999999947e+00,3.226635580561842270e-02,4.297507405614983678e-02,6.859304448968608914e-02,1.596084566602602034e-02,5.233337366042370986e-01,3.382276244308854984e-01,6.637942122750238594e-02,5.935161415156915421e-01,9.757316017114661122e-01,1.683155558550019359e-01,1.474285415295459778e+01,1.441556255962258594e-02,2.106007818646781285e-02,2.004540706789790724e-02,1.288266478688750855e-02,1.215487822215422370e-01,1.469145482650772716e-01,1.433317008596999842e-01,1.149046667913488917e-01
1.880000000000000115e+00,3.235190854157207058e-02,4.296706657202002677e-02,6.854461290511554283e-02,1.539360727576286753e-02,5.246014329976843582e-01,3.392783815313598628e-01,6.637717960682318341e-02,5.942743199388892394e-01,9.761533870119685208e-01,1.691131572499386393e-01,1.475749001872483923e+01,1.439769105824642743e-02,2.104324990752095420e-02,2.004308081674650160e-02,1.286455085875467044e-02,1.214471681060951130e-01,1.468241088839667696e-01,1.432924162759431908e-01,1.147990466218733324e-01
1.882500000000000062e+00,3.243789179690421964e-02,4.296063308148784232e-02,6.849610667485162008e-02,1.482401914005629200e-02,5.258724575193181039e-01,3.403305481794347553e-01,6.637638174488678933e-02,5.950341278052714289e-01,9.765771698663948674e-01,1.699136010551278719e-01,1.477217271632940054e+01,1.437979732044013075e-02,2.102638060401986614e-02,2.004075502787610458e-02,1.284643943002900662e-02,1.213453388583800585e-01,1.467333987397203554e-01,1.432530100097952064e-01,1.146933144056411641e-01
1.885000000000000009e+00,3.252430170484162109e-02,4.295576937722095368e-02,6.844752663317894836e-02,1.425207939993466434e-02,5.271468244252837110e-01,3.413840684055102770e-01,6.637706216147656879e-02,5.957955286731904110e-01,9.770029573961380720e-01,1.707168995278943446e-01,1.478690245621049826e+01,1.436188136913023848e-02,2.100947032687370403e-02,2.003842962800602562e-02,1.282833051400445595e-02,1.212432943859867301e-01,1.466424178099829945e-01,1.432134815631715685e-01,1.145874701429301784e-01
1.887499999999999956e+00,3.261113436239974905e-02,4.295246987590355808e-02,6.839887364124359881e-02,1.367778587419766351e-02,5.284245483841905067e-01,3.424388831017126100e-01,6.637925614914209904e-02,5.965584848755255409e-01,9.774307567529578744e-01,1.715230647040325296e-01,1.480167944954555459e+01,1.434394322735403106e-02,2.099251913046604537e-02,2.003610454214485581e-02,1.281022412534627702e-02,1.211410345974233138e-01,1.465511660851534503e-01,1.431738304320021304e-01,1.144815138407663663e-01
1.890000000000000124e+00,3.269838583120945885e-02,4.295072758894733639e-02,6.835014858642722568e-02,1.310113606162755309e-02,5.297056444733266867e-01,3.434949299566930070e-01,6.638299978787050304e-02,5.973229575457946749e-01,9.778605751184251682e-01,1.723321083956620703e-01,1.481650390823377883e+01,1.432598291824808967e-02,2.097552707280871814e-02,2.003377969355248783e-02,1.279212028012091142e-02,1.210385594021157057e-01,1.464596435689908827e-01,1.431340561061575645e-01,1.143754455131168329e-01
1.892500000000000071e+00,3.278605213834108467e-02,4.295053409392691340e-02,6.830135238166044898e-02,1.252212714364395185e-02,5.309901281744257018e-01,3.445521433919891408e-01,6.638832995999370545e-02,5.980889066460814973e-01,9.782924197033591174e-01,1.731440421893884474e-01,1.483137604488267591e+01,1.430800046503710905e-02,2.095849421569810980e-02,2.003145500370143509e-02,1.277401899582464827e-02,1.209358687104078595e-01,1.463678502792309377e-01,1.430941580693732562e-01,1.142692651810777588e-01
1.895000000000000018e+00,3.287412927712653893e-02,4.295187950680624811e-02,6.825248596467589635e-02,1.194075598741198285e-02,5.322780153689821159e-01,3.456104545001230099e-01,6.639528436533603806e-02,5.988562909968005998e-01,9.787262977472611647e-01,1.739588774447854980e-01,1.484629607279446262e+01,1.428999589102298434e-02,2.094142062487381120e-02,2.002913039223740838e-02,1.275592029141105373e-02,1.208329624335630070e-01,1.462757862482109983e-01,1.430541357991714779e-01,1.141629728730572807e-01
1.897499999999999964e+00,3.296261320797774785e-02,4.295475245502182460e-02,6.820355029719976647e-02,1.135701914941475953e-02,5.335693223331052781e-01,3.466697909846085390e-01,6.640390153660483130e-02,5.996250683083124144e-01,9.791622165177479298e-01,1.747766252932132225e-01,1.486126420595247843e+01,1.427196921957417722e-02,2.092430637017949138e-02,2.002680577693918482e-02,1.273782418731709935e-02,1.207298404837657269e-01,1.461834515235032605e-01,1.430139887667808418e-01,1.140565686249526006e-01
1.900000000000000133e+00,3.305149985920030620e-02,4.295914005149287229e-02,6.815454636408176115e-02,1.077091287949825428e-02,5.348640657319115865e-01,3.477300771020512826e-01,6.641422085502725337e-02,6.003951952144126469e-01,9.796001833099777789e-01,1.755972966369888366e-01,1.487628065900756802e+01,1.425392047411539603e-02,2.090715152572587485e-02,2.002448107367772040e-02,1.271973070548795999e-02,1.206265027741253992e-01,1.460908461685563320e-01,1.429737164370535885e-01,1.139500524803215703e-01
1.902500000000000080e+00,3.314078512780124081e-02,4.296502786962743542e-02,6.810547517236284487e-02,1.018243312539792410e-02,5.361622626134465719e-01,3.487912336065244201e-01,6.642628256623603344e-02,6.011666273076978761e-01,9.800402054460775059e-01,1.764209021489254736e-01,1.489134564726446541e+01,1.423584967811757605e-02,2.088995617005567906e-02,2.002215619637450969e-02,1.270163986940041172e-02,1.205229492186804530e-01,1.459979702633442122e-01,1.429333182683805437e-01,1.138434244905481146e-01
1.905000000000000027e+00,3.323046488029029327e-02,4.297239991939654641e-02,6.805633775028087362e-02,9.591575537755730324e-03,5.374639304021324726e-01,3.498531776964101114e-01,6.644012779640673383e-02,6.019393191768317442e-01,9.804822902745694568e-01,1.772474522722565782e-01,1.490645938666824577e+01,1.421775685508819970e-02,2.087272038631036650e-02,2.001983105695918919e-02,1.268355170408479865e-02,1.204191797324035140e-01,1.459048239050216855e-01,1.428927937126031333e-01,1.137366847150011184e-01
1.907499999999999973e+00,3.332053495347290367e-02,4.298123862454945876e-02,6.800713514621360700e-02,8.998335475636505543e-03,5.387690868917394127e-01,3.509158229638957849e-01,6.645579856864884671e-02,6.027132244457169552e-01,9.809264451697977671e-01,1.780769572209614515e-01,1.492162209379082327e+01,1.419964202856196372e-02,2.085544426239854809e-02,2.001750556532634964e-02,1.266546623614550789e-02,1.203151942312079142e-01,1.458114072085862356e-01,1.428521422149228448e-01,1.136298332211868184e-01
1.910000000000000142e+00,3.341099115523448598e-02,4.299152480104232593e-02,6.795786842755914547e-02,8.402708012550962058e-03,5.400777502378740769e-01,3.519790793473216439e-01,6.647333781965220068e-02,6.034882958145771914e-01,9.813726775313543760e-01,1.789094269805094894e-01,1.493683398581756627e+01,1.418150522209180725e-02,2.083812789116588210e-02,2.001517962929157124e-02,1.264738349377991442e-02,1.202109926319550604e-01,1.457177203075457339e-01,1.428113632138080236e-01,1.135228700848941868e-01
1.912500000000000089e+00,3.350182926531428823e-02,4.300323763675738958e-02,6.790853867955366774e-02,7.804687942994191670e-03,5.413899389499873260e-01,3.530428530865789560e-01,6.649278941659017561e-02,6.042644851029649322e-01,9.818209947835118134e-01,1.797448713090412098e-01,1.495209528053405101e+01,1.416334645924031098e-02,2.082077137056628433e-02,2.001285315454664690e-02,1.262930350679574050e-02,1.201065748524627191e-01,1.456237633545904298e-01,1.427704561408974504e-01,1.134157953903328492e-01
1.915000000000000036e+00,3.359304503606803938e-02,4.301635467258594497e-02,6.785914700402713440e-02,7.204269789506340636e-03,5.427056718828907611e-01,3.541070466817528573e-01,6.651419817428087800e-02,6.050417432946927354e-01,9.822714043746548773e-01,1.805832997390017791e-01,1.496740619631296454e+01,1.414516576357149891e-02,2.080337480383427293e-02,2.001052604461400763e-02,1.261122630662678441e-02,1.200019408115146069e-01,1.455295365222695481e-01,1.427294204209010597e-01,1.133086092302636599e-01
1.917499999999999982e+00,3.368463419321852947e-02,4.303085178495181379e-02,6.780969451809625015e-02,6.601447810263416129e-03,5.440249682277901178e-01,3.551715588552131209e-01,6.653760987260655402e-02,6.058200205846970832e-01,9.827239137767194155e-01,1.814247215792477719e-01,1.498276695210122789e+01,1.412696315864303380e-02,2.078593829965823953e-02,2.000819820080031175e-02,1.259315192634697864e-02,1.198970904288707978e-01,1.454350400036713287e-01,1.426882554714974938e-01,1.132013117061212992e-01
1.919999999999999929e+00,3.377659243659212468e-02,4.304670316985231143e-02,6.776018235279562818e-02,5.996216007205473590e-03,5.453478475028257222e-01,3.562362845173568937e-01,6.656307127419065772e-02,6.065992664278260227e-01,9.831785304846368811e-01,1.822691459176418172e-01,1.499817776740734487e+01,1.410873866799884635e-02,2.076846197235445585e-02,2.000586952214919792e-02,1.257508040068272201e-02,1.197920236252792842e-01,1.453402740131053417e-01,1.426469607032281317e-01,1.130939029281285979e-01
1.922500000000000098e+00,3.386891544084135591e-02,4.306388132849258560e-02,6.771061165164729556e-02,5.388568134707334527e-03,5.466743295431255589e-01,3.573011147362004647e-01,6.659063014233214395e-02,6.073794295895615925e-01,9.836352620157849946e-01,1.831165816241576150e-01,1.501363886228905109e+01,1.409049231516219282e-02,2.075094594204161466e-02,2.000353990539319865e-02,1.255701176602344420e-02,1.196867403224884802e-01,1.452452387867868566e-01,1.426055355193880936e-01,1.129863830154025500e-01
1.925000000000000044e+00,3.396159885615123580e-02,4.308235705458925840e-02,6.766098356916940004e-02,4.778497708801813723e-03,5.480044344903686193e-01,3.583659367110232363e-01,6.662033525919459909e-02,6.081604581986682634e-01,9.840941159094478419e-01,1.839670373545105042e-01,1.502915045734123822e+01,1.407222412362916023e-02,2.073339033481564481e-02,2.000120924490478985e-02,1.253894606043036430e-02,1.195812404432607251e-01,1.451499345835221000e-01,1.425639793159132751e-01,1.128787520960514296e-01
1.927499999999999991e+00,3.405463830892903332e-02,4.310209942342048406e-02,6.761129926932392398e-02,4.165998016957262601e-03,5.493381827818561991e-01,3.594306337502635174e-01,6.665223644424911331e-02,6.089422998017551825e-01,9.845550997262856319e-01,1.848205215543347602e-01,1.504471277368428339e+01,1.405393411686264860e-02,2.071579528292460948e-02,1.999887743264656612e-02,1.252088332364339335e-02,1.194755239113868273e-01,1.450543616853933182e-01,1.425222914812639130e-01,1.127710103072628450e-01
1.929999999999999938e+00,3.414802940247613217e-02,4.312307578269654329e-02,6.756155992390511233e-02,3.551062128420113748e-03,5.506755951391011372e-01,3.604950852538638117e-01,6.668638457296528765e-02,6.097249014197606565e-01,9.850182210478145572e-01,1.856770424639262729e-01,1.506032603295272665e+01,1.403562231828681638e-02,2.069816092494342410e-02,1.999654435812054515e-02,1.250282359708613893e-02,1.193695906517015931e-01,1.449585203984432302e-01,1.424804713963044034e-01,1.126631577953824404e-01
1.932500000000000107e+00,3.424176771764068233e-02,4.314525174532687912e-02,6.751176671086853154e-02,2.933682905124330477e-03,5.520166925559274462e-01,3.615591667002630571e-01,6.672283159574768363e-02,6.105082096063372266e-01,9.854834874759005325e-01,1.865366081235702578e-01,1.507599045728442810e+01,1.401728875128202892e-02,2.068048740594816137e-02,1.999420990831655975e-02,1.248476692386896875e-02,1.192634405901002032e-01,1.448624110533574538e-01,1.424385184341790123e-01,1.125551947159829647e-01
1.935000000000000053e+00,3.433584881345051049e-02,4.316859118415480173e-02,6.746192081260229956e-02,2.313853013177093361e-03,5.533614962860902153e-01,3.626227496382210536e-01,6.676163055711147043e-02,6.112921705081290069e-01,9.859509066322658111e-01,1.873992263794738711e-01,1.509170626931018688e+01,1.399893343918030483e-02,2.066277487768968316e-02,1.999187396765977204e-02,1.246671334879010003e-02,1.191570736535556840e-01,1.447660340061439899e-01,1.423964319601835893e-01,1.124471212339233361e-01
1.937500000000000000e+00,3.443026822772438794e-02,4.319305622873353262e-02,6.741202341414125054e-02,1.691564934923628968e-03,5.547100278304148979e-01,3.636857016836700929e-01,6.680283561509009482e-02,6.120767299269361805e-01,9.864204861580130324e-01,1.882649048903240752e-01,1.510747369214388769e+01,1.398055640526128796e-02,2.064502349876631143e-02,1.998953641795724046e-02,1.244866291833466795e-02,1.190504897701370884e-01,1.446693896388088207e-01,1.423542113316329238e-01,1.123389375233973947e-01
1.939999999999999947e+00,3.452502147766158686e-02,4.321860726421229704e-02,6.736207570132500544e-02,1.066810981598287095e-03,5.560623089234640881e-01,3.647478865217683164e-01,6.684650206086666102e-02,6.128618333837356769e-01,9.868922337131647016e-01,1.891336511344905713e-01,1.512329294937325130e+01,1.396215767274874495e-02,2.062723343479530916e-02,1.998719713834360215e-02,1.243061568067173675e-02,1.189436888690287158e-01,1.445724783600265684e-01,1.423118558977240489e-01,1.122306437679722046e-01
1.942500000000000115e+00,3.462010406040793437e-02,4.324520293239997315e-02,6.731207885890166942e-02,4.395833065664759361e-04,5.574183615197344510e-01,3.658091639143353779e-01,6.689268633862055502e-02,6.136474261845584754e-01,9.873661569762207657e-01,1.900054724178957821e-01,1.513916426505116419e+01,1.394373726480760411e-02,2.060940485858286236e-02,1.998485600522578731e-02,1.241257168564921694e-02,1.188366708805501659e-01,1.444753006058052125e-01,1.422693649993947707e-01,1.121222401606156716e-01
1.945000000000000062e+00,3.471551145359760143e-02,4.327280013507161377e-02,6.726203406857787781e-02,-1.901260808354104026e-04,5.587782077793891355e-01,3.668693897128338932e-01,6.694144606557572708e-02,6.144334534881962240e-01,9.878422636437406146e-01,1.908803758825716457e-01,1.515508786368771332e+01,1.392529520454156150e-02,2.059153795029228240e-02,1.998251289222680721e-02,1.239453098478665062e-02,1.187294357361770303e-01,1.443778568401430928e-01,1.422267379691775357e-01,1.120137269037126543e-01
1.947500000000000009e+00,3.481123911586981451e-02,4.330135403958049189e-02,6.721194250701714723e-02,-8.223253008598346023e-04,5.601418700535342188e-01,3.679284158770599888e-01,6.699284005223961336e-02,6.152198603757129680e-01,9.883205614299427344e-01,1.917583685159254536e-01,1.517106397024294040e+01,1.390683151499123860e-02,2.057363289761013694e-02,1.998016767012859157e-02,1.237649363126583531e-02,1.186219833685626113e-01,1.442801475556782786e-01,1.421839741310487737e-01,1.119051042090701137e-01
1.949999999999999956e+00,3.490728248735919248e-02,4.333081808683309638e-02,6.716180534378801692e-02,-1.457022588297859954e-03,5.615093708690467311e-01,3.689860904996906110e-01,6.704692832281615444e-02,6.160065919217518893e-01,9.888010580663314508e-01,1.926394571607359385e-01,1.518709281012034573e+01,1.388834621913293162e-02,2.055568989591002524e-02,1.997782020681386494e-02,1.235845967991924289e-02,1.185143137115601264e-01,1.441821732743277518e-01,1.421410728002730217e-01,1.117963722979103125e-01
1.952500000000000124e+00,3.500363699015926477e-02,4.336114400168363664e-02,6.711162373926336799e-02,-2.094226276817037422e-03,5.628807329129589254e-01,3.700422578368294246e-01,6.710377213577663202e-02,6.167935932676006372e-01,9.892837613013479858e-01,1.935236485259022865e-01,1.520317460916124475e+01,1.386983933987794015e-02,2.053770914841367146e-02,1.997547036720705160e-02,1.234042918721621473e-02,1.184064267002458010e-01,1.440839345479164313e-01,1.420980332832422477e-01,1.116875314008522885e-01
1.955000000000000071e+00,3.510029802875736654e-02,4.339228180579787764e-02,6.706139884247293292e-02,-2.733944782679089813e-03,5.642559790164123346e-01,3.710967583446799223e-01,6.716343400456839530e-02,6.175808096959967131e-01,9.897686789000509355e-01,1.944109491979674476e-01,1.521930959363997538e+01,1.385131090007250126e-02,2.051969086634904474e-02,1.997311801321422983e-02,1.232240221124688770e-02,1.182983222709423909e-01,1.439854319587937914e-01,1.420548548773096775e-01,1.115785817578809486e-01
1.957500000000000018e+00,3.519726099044129253e-02,4.342417983303437784e-02,6.701113178891099365e-02,-3.376186587832562778e-03,5.656351321381879460e-01,3.721494287224625386e-01,6.722597771843942527e-02,6.183681867076494809e-01,9.902558186438247256e-01,1.953013656534400844e-01,1.523549799026005758e+01,1.383276092249832549e-02,2.050163526910519368e-02,1.997076300366208354e-02,1.230437881170383906e-02,1.181900003612434691e-01,1.438866661204376007e-01,1.420115368706186265e-01,1.114695236183038396e-01
1.959999999999999964e+00,3.529452124567589860e-02,4.345678474738280672e-02,6.696082369830101688e-02,-4.020960222373293896e-03,5.670182153478249276e-01,3.732001019616768556e-01,6.729146836335533899e-02,6.191556700994409468e-01,9.907451883301210405e-01,1.961949042719359493e-01,1.525174002615132451e+01,1.381418942987375914e-02,2.048354258438347258e-02,1.996840519423589977e-02,1.228635904986140163e-02,1.180814609100380996e-01,1.437876376780431731e-01,1.419680785419254465e-01,1.113603572406951375e-01
1.962500000000000133e+00,3.539207414844905419e-02,4.349004156349873390e-02,6.691047567231944715e-02,-4.668274246366395201e-03,5.684052518083365646e-01,3.742486074018024356e-01,6.735997234297956548e-02,6.199432060442859882e-01,9.912367957722340028e-01,1.970915713501653344e-01,1.526803592886807692e+01,1.379559644485556409e-02,2.046541304834485417e-02,1.996604443741657395e-02,1.226834298855264405e-02,1.179727038575360265e-01,1.436883473090968533e-01,1.419244791604172828e-01,1.112510828928266055e-01
1.965000000000000080e+00,3.548991503658650848e-02,4.352389366986308267e-02,6.686008879228094726e-02,-5.318137231023529858e-03,5.697962647585406160e-01,3.752947707925092247e-01,6.743155739968814677e-02,6.207307411726146196e-01,9.917306487991115471e-01,1.979913731167877444e-01,1.528438592638837434e+01,1.377698199004133948e-02,2.044724690575300610e-02,1.996368058241662982e-02,1.225033069214396912e-02,1.178637291452932084e-01,1.435887957239326274e-01,1.418807379855235862e-01,1.111417008515854371e-01
1.967500000000000027e+00,3.558803923203469194e-02,4.355828285459324017e-02,6.680966411678718186e-02,-5.970557739225025411e-03,5.711912774950100857e-01,3.763384143624363132e-01,6.750629263558399762e-02,6.215182226554508693e-01,9.922267552552040959e-01,1.988943157481597723e-01,1.530079024711443125e+01,1.375834608797258350e-02,2.042904441011279479e-02,1.996131347511527487e-02,1.223232222650733579e-02,1.177545367162377982e-01,1.434889836662705531e-01,1.418368542667222953e-01,1.110322114028785556e-01
1.969999999999999973e+00,3.568644204111088430e-02,4.359314933392403890e-02,6.675920267934204455e-02,-6.625544305382425649e-03,5.725903133536626166e-01,3.773793568945795207e-01,6.758424853347440309e-02,6.223055982890517424e-01,9.927251230003554250e-01,1.998004053850011563e-01,1.531724911987422999e+01,1.373968876113839700e-02,2.041080582380394234e-02,1.995894295799246002e-02,1.221431765899004540e-02,1.176451265146960939e-01,1.433889119137354007e-01,1.417928272433393033e-01,1.109226148415231039e-01
1.972500000000000142e+00,3.578511875471992315e-02,4.362843178336979488e-02,6.670870548593488270e-02,-7.283105414629812042e-03,5.739933956910006074e-01,3.784174138083132299e-01,6.766549697776927386e-02,6.230928165810781794e-01,9.932257599097337186e-01,2.007096481500036389e-01,1.533376277392441089e+01,1.372101003197984982e-02,2.039253141820946552e-02,1.995656887006198518e-02,1.219631705838211157e-02,1.175354984864190322e-01,1.432885812783549484e-01,1.417486561443426774e-01,1.108129114711232654e-01
1.975000000000000089e+00,3.588406464853746702e-02,4.366406737157411261e-02,6.665817351259599455e-02,-7.943249481335847365e-03,5.754005478650218164e-01,3.794523972480486340e-01,6.775011127525705501e-02,6.238798268382567125e-01,9.937286738738121405e-01,2.016220501664096054e-01,1.535033143895445207e+01,1.370230992289500800e-02,2.037422147383862597e-02,1.995419104680362654e-02,1.217832049488116325e-02,1.174256525786083749e-01,1.431879926070356579e-01,1.417043401881296349e-01,1.107031016039324439e-01
1.977500000000000036e+00,3.598327498315846695e-02,4.369999179684441043e-02,6.660760770292506461e-02,-8.605984826925004716e-03,5.768117932158055572e-01,3.804841161785160186e-01,6.783816617570620489e-02,6.246665792555116115e-01,9.942338727983915936e-01,2.025376175775865373e-01,1.536695534509224892e+01,1.368358845624461848e-02,2.035587628044404837e-02,1.995180932009431307e-02,1.216032804005487931e-02,1.173155887399432024e-01,1.430871467820153953e-01,1.416598785823079132e-01,1.105931855607015235e-01
1.979999999999999982e+00,3.608274500421130432e-02,4.373613932636036955e-02,6.655700896559720026e-02,-9.271319656998408890e-03,5.782271550458036868e-01,3.815123764866342193e-01,6.792973789224038272e-02,6.254530250065202246e-01,9.947413646046786573e-01,2.034563565676244801e-01,1.538363472291107925e+01,1.366484565435846683e-02,2.033749613713272536e-02,1.994942351813835946e-02,1.214233976680094071e-02,1.172053069206060727e-01,1.429860447212912833e-01,1.416152705234702547e-01,1.104831636705121273e-01
1.982500000000000151e+00,3.618246994243629749e-02,4.377244283804138103e-02,6.650637817184835987e-02,-9.939262037740512895e-03,5.796466565998436016e-01,3.825369810899158507e-01,6.802490412142650489e-02,6.262391163356673118e-01,9.952511572294129305e-01,2.043782733829851428e-01,1.540036980343810669e+01,1.364608153954240816e-02,2.031908135247057975e-02,1.994703346539676916e-02,1.212435574930447423e-02,1.170948070723090984e-01,1.428846873790219074e-01,1.415705151969623432e-01,1.103730362705951651e-01
1.985000000000000098e+00,3.628244501372924341e-02,4.380883386504439564e-02,6.645571615294354473e-02,-1.060981987159990113e-02,5.810703210448667777e-01,3.835577300513299814e-01,6.812374406301217877e-02,6.270248066513597340e-01,9.957632586250522166e-01,2.053033743552297175e-01,1.541716081816437978e+01,1.362729613408607439e-02,2.030063224458030988e-02,1.994463898251563894e-02,1.210637606299298785e-02,1.169840891483196477e-01,1.427830757459019884e-01,1.415256117766442168e-01,1.102628037061342686e-01
1.987500000000000044e+00,3.638266541914881441e-02,4.384524264286021600e-02,6.640502369763087720e-02,-1.128300087222798218e-02,5.824981714494188445e-01,3.845744207005247217e-01,6.822633843924184871e-02,6.278100506206715226e-01,9.962776767600145522e-01,2.062316659248570327e-01,1.543400799905642096e+01,1.360848946027125479e-02,2.028214914123222662e-02,1.994223988625365776e-02,1.208840078448877690e-02,1.168731531034856996e-01,1.426812108495091325e-01,1.414805594246446863e-01,1.101524663300539469e-01
1.989999999999999991e+00,3.648312634488844880e-02,4.388159815896514743e-02,6.635430154958515958e-02,-1.195881253866209679e-02,5.839302307629109512e-01,3.855868477612957590e-01,6.833276951367625585e-02,6.285948042652861334e-01,9.967944196189797434e-01,2.071631546662799084e-01,1.545091157856949593e+01,1.358966154038095640e-02,2.026363237992777344e-02,1.993983598940875235e-02,1.207042999155879918e-02,1.167619988942606435e-01,1.425790937546210224e-01,1.414353572911091483e-01,1.100420245027923655e-01
1.992499999999999938e+00,3.658382296221213831e-02,4.391782820497688172e-02,6.630355040484292584e-02,-1.263726212873450029e-02,5.853665217946708577e-01,3.865948034851524051e-01,6.844312110943150118e-02,6.293790250587033563e-01,9.973134952032601808e-01,2.080978473139724616e-01,1.546787178966253151e+01,1.357081239670914104e-02,2.024508230797551073e-02,1.993742710074389649e-02,1.205246376306200184e-02,1.166506264787272457e-01,1.424767255635013552e-01,1.413900045139400985e-01,1.099314785920581516e-01
1.995000000000000107e+00,3.668475042735400843e-02,4.395385943125564715e-02,6.625277090923409329e-02,-1.331835663168959120e-02,5.868070671928065085e-01,3.875980777908287211e-01,6.855747862674982374e-02,6.301626720246801261e-01,9.978349115312316053e-01,2.090357507898189249e-01,1.548488886581483293e+01,1.355194205157114404e-02,2.022649928255924878e-02,1.993501302491212240e-02,1.203450217889410166e-02,1.165390358166211449e-01,1.423741074161548048e-01,1.413445002185311494e-01,1.098208289725716436e-01
1.997500000000000053e+00,3.678590388138253120e-02,4.398961740388210306e-02,6.620196365581219877e-02,-1.400210273998935516e-02,5.882518894229002981e-01,3.885964584095468743e-01,6.867592905980500484e-02,6.309457058368769244e-01,9.983586766388384826e-01,2.099768722316973923e-01,1.550196304104454548e+01,1.353305052731476783e-02,2.020788367079811437e-02,1.993259356238076888e-02,1.201654531992980661e-02,1.164272268693532231e-01,1.422712404905484562e-01,1.412988435174936663e-01,1.097100760257898461e-01
2.000000000000000000e+00,3.688727845002863492e-02,4.402502666393452030e-02,6.615112918228761851e-02,-1.468850682028581198e-02,5.897010107465572304e-01,3.895897310358326093e-01,6.879856101263845392e-02,6.317280889196813520e-01,9.988847985801715401e-01,2.109212190233328843e-01,1.551909454992899917e+01,1.351413784633204856e-02,2.018923584979831487e-02,1.993016850935501461e-02,1.199859326796248044e-02,1.163151996000308802e-01,1.421681260027992666e-01,1.412530335103764634e-01,1.095992201396151222e-01
