m,q,available_strain_impulse_I,stage_energy_ratio,time_ratio,Jreq_area_gate,energy_sum_ok,time_sum_ok,area_gate_ok,all_three_ok
2.000000000000000000e+00,3.000000000000000062e-03,1.000000000000000000e+00,1.200000000000000025e-02,4.500000000000000114e-06,6.155716580594000398e+00,1.000000000000000000e+00,1.000000000000000000e+00,0.000000000000000000e+00,0.000000000000000000e+00
2.000000000000000000e+00,3.000000000000000062e-03,2.000000000000000000e+00,1.200000000000000025e-02,4.500000000000000114e-06,6.155716580594000398e+00,1.000000000000000000e+00,1.000000000000000000e+00,0.000000000000000000e+00,0.000000000000000000e+00
2.000000000000000000e+00,3.000000000000000062e-03,3.000000000000000000e+00,1.200000000000000025e-02,4.500000000000000114e-06,6.155716580594000398e+00,1.000000000000000000e+00,1.000000000000000000e+00,0.000000000000000000e+00,0.000000000000000000e+00
2.000000000000000000e+00,3.000000000000000062e-03,4.000000000000000000e+00,1.200000000000000025e-02,4.500000000000000114e-06,6.155716580594000398e+00,1.000000000000000000e+00,1.000000000000000000e+00,0.000000000000000000e+00,0.000000000000000000e+00
2.000000000000000000e+00,3.059847775757609280e-03,1.000000000000000000e+00,1.223939110303043712e-02,4.681334205404394558e-06,6.135963701019659489e+00,1.000000000000000000e+00,1.000000000000000000e+00,0.000000000000000000e+00,0.000000000000000000e+00
2.000000000000000000e+00,3.059847775757609280e-03,2.000000000000000000e+00,1.223939110303043712e-02,4.681334205404394558e-06,6.135963701019659489e+00,1.000000000000000000e+00,1.000000000000000000e+00,0.000000000000000000e+00,0.000000000000000000e+00
2.000000000000000000e+00,3.059847775757609280e-03,3.000000000000000000e+00,1.223939110303043712e-02,4.681334205404394558e-06,6.135963701019659489e+00,1.000000000000000000e+00,1.000000000000000000e+00,0.000000000000000000e+00,0.000000000000000000e+00
2.000000000000000000e+00,3.059847775757609280e-03,4.000000000000000000e+00,1.223939110303043712e-02,4.681334205404394558e-06,6.135963701019659489e+00,1.000000000000000000e+00,1.000000000000000000e+00,0.000000000000000000e+00,0.000000000000000000e+00
2.000000000000000000e+00,3.120889470269591886e-03,1.000000000000000000e+00,1.248355788107836754e-02,4.869975542819807156e-06,6.116210821445319468e+00,1.000000000000000000e+00,1.000000000000000000e+00,0.000000000000000000e+00,0.000000000000000000e+00
2.000000000000000000e+00,3.120889470269591886e-03,2.000000000000000000e+00,1.248355788107836754e-02,4.869975542819807156e-06,6.116210821445319468e+00,1.000000000000000000e+00,1.000000000000000000e+00,0.000000000000000000e+00,0.000000000000000000e+00
2.000000000000000000e+00,3.120889470269591886e-03,3.000000000000000000e+00,1.248355788107836754e-02,4.869975542819807156e-06,6.116210821445319468e+00,1.000000000000000000e+00,1.000000000000000000e+00,0.000000000000000000e+00,0.000000000000000000e+00
2.000000000000000000e+00,3.120889470269591886e-03,4.000000000000000000e+00,1.248355788107836754e-02,4.869975542819807156e-06,6.116210821445319468e+00,1.000000000000000000e+00,1.000000000000000000e+00,0.000000000000000000e+00,0.000000000000000000e+00
2.000000000000000000e+00,3.183148901329917180e-03,1.000000000000000000e+00,1.273259560531966872e-02,5.066218464018929432e-06,6.096457941870978559e+00,1.000000000000000000e+00,1.000000000000000000e+00,0.000000000000000000e+00,0.000000000000000000e+00
2.000000000000000000e+00,3.183148901329917180e-03,2.000000000000000000e+00,1.273259560531966872e-02,5.066218464018929432e-06,6.096457941870978559e+00,1.000000000000000000e+00,1.000000000000000000e+00,0.000000000000000000e+00,0.000000000000000000e+00
2.000000000000000000e+00,3.183148901329917180e-03,3.000000000000000000e+00,1.273259560531966872e-02,5.066218464018929432e-06,6.096457941870978559e+00,1.000000000000000000e+00,1.000000000000000000e+00,0.000000000000000000e+00,0.000000000000000000e+00
2.000000000000000000e+00,3.183148901329917180e-03,4.000000000000000000e+00,1.273259560531966872e-02,5.066218464018929432e-06,6.096457941870978559e+00,1.000000000000000000e+00,1.000000000000000000e+00,0.000000000000000000e+00,0.000000000000000000e+00
2.000000000000000000e+00,3.246650361879870484e-03,1.000000000000000000e+00,1.298660144751948194e-02,5.270369286147346617e-06,6.076705062296639426e+00,1.000000000000000000e+00,1.000000000000000000e+00,0.000000000000000000e+00,0.000000000000000000e+00
2.000000000000000000e+00,3.246650361879870484e-03,2.000000000000000000e+00,1.298660144751948194e-02,5.270369286147346617e-06,6.076705062296639426e+00,1.000000000000000000e+00,1.000000000000000000e+00,0.000000000000000000e+00,0.000000000000000000e+00
2.000000000000000000e+00,3.246650361879870484e-03,3.000000000000000000e+00,1.298660144751948194e-02,5.270369286147346617e-06,6.076705062296639426e+00,1.000000000000000000e+00,1.000000000000000000e+00,0.000000000000000000e+00,0.000000000000000000e+00
2.000000000000000000e+00,3.246650361879870484e-03,4.000000000000000000e+00,1.298660144751948194e-02,5.270369286147346617e-06,6.076705062296639426e+00,1.000000000000000000e+00,1.000000000000000000e+00,0.000000000000000000e+00,0.000000000000000000e+00
2.000000000000000000e+00,3.311418629486918321e-03,1.000000000000000000e+00,1.324567451794767328e-02,5.482746669856510218e-06,6.056952182722298517e+00,1.000000000000000000e+00,1.000000000000000000e+00,0.000000000000000000e+00,0.000000000000000000e+00
2.000000000000000000e+00,3.311418629486918321e-03,2.000000000000000000e+00,1.324567451794767328e-02,5.482746669856510218e-06,6.056952182722298517e+00,1.000000000000000000e+00,1.000000000000000000e+00,0.000000000000000000e+00,0.000000000000000000e+00
2.000000000000000000e+00,3.311418629486918321e-03,3.000000000000000000e+00,1.324567451794767328e-02,5.482746669856510218e-06,6.056952182722298517e+00,1.000000000000000000e+00,1.000000000000000000e+00,0.000000000000000000e+00,0.000000000000000000e+00
2.000000000000000000e+00,3.311418629486918321e-03,4.000000000000000000e+00,1.324567451794767328e-02,5.482746669856510218e-06,6.056952182722298517e+00,1.000000000000000000e+00,1.000000000000000000e+00,0.000000000000000000e+00,0.000000000000000000e+00
2.000000000000000000e+00,3.377478976012614643e-03,1.000000000000000000e+00,1.350991590405045857e-02,5.703682116703609990e-06,6.037199303147959384e+00,1.000000000000000000e+00,1.000000000000000000e+00,0.000000000000000000e+00,0.000000000000000000e+00
2.000000000000000000e+00,3.377478976012614643e-03,2.000000000000000000e+00,1.350991590405045857e-02,5.703682116703609990e-06,6.037199303147959384e+00,1.000000000000000000e+00,1.000000000000000000e+00,0.000000000000000000e+00,0.000000000000000000e+00
2.000000000000000000e+00,3.377478976012614643e-03,3.000000000000000000e+00,1.350991590405045857e-02,5.703682116703609990e-06,6.037199303147959384e+00,1.000000000000000000e+00,1.000000000000000000e+00,0.000000000000000000e+00,0.000000000000000000e+00
2.000000000000000000e+00,3.377478976012614643e-03,4.000000000000000000e+00,1.350991590405045857e-02,5.703682116703609990e-06,6.037199303147959384e+00,1.000000000000000000e+00,1.000000000000000000e+00,0.000000000000000000e+00,0.000000000000000000e+00
2.000000000000000000e+00,3.444857177473427835e-03,1.000000000000000000e+00,1.377942870989371134e-02,5.933520486595095715e-06,6.017446423573618475e+00,1.000000000000000000e+00,1.000000000000000000e+00,0.000000000000000000e+00,0.000000000000000000e+00
2.000000000000000000e+00,3.444857177473427835e-03,2.000000000000000000e+00,1.377942870989371134e-02,5.933520486595095715e-06,6.017446423573618475e+00,1.000000000000000000e+00,1.000000000000000000e+00,0.000000000000000000e+00,0.000000000000000000e+00
2.000000000000000000e+00,3.444857177473427835e-03,3.000000000000000000e+00,1.377942870989371134e-02,5.933520486595095715e-06,6.017446423573618475e+00,1.000000000000000000e+00,1.000000000000000000e+00,0.000000000000000000e+00,0.000000000000000000e+00
2.000000000000000000e+00,3.444857177473427835e-03,4.000000000000000000e+00,1.377942870989371134e-02,5.933520486595095715e-06,6.017446423573618475e+00,1.000000000000000000e+00,1.000000000000000000e+00,0.000000000000000000e+00,0.000000000000000000e+00
2.000000000000000000e+00,3.513579524098229840e-03,1.000000000000000000e+00,1.405431809639291936e-02,6.172620536081171960e-06,5.997693543999279342e+00,1.000000000000000000e+00,1.000000000000000000e+00,0.000000000000000000e+00,0.000000000000000000e+00
2.000000000000000000e+00,3.513579524098229840e-03,2.000000000000000000e+00,1.405431809639291936e-02,6.172620536081171960e-06,5.997693543999279342e+00,1.000000000000000000e+00,1.000000000000000000e+00,0.000000000000000000e+00,0.000000000000000000e+00
2.000000000000000000e+00,3.513579524098229840e-03,3.000000000000000000e+00,1.405431809639291936e-02,6.172620536081171960e-06,5.997693543999279342e+00,1.000000000000000000e+00,1.000000000000000000e+00,0.000000000000000000e+00,0.000000000000000000e+00
2.000000000000000000e+00,3.513579524098229840e-03,4.000000000000000000e+00,1.405431809639291936e-02,6.172620536081171960e-06,5.997693543999279342e+00,1.000000000000000000e+00,1.000000000000000000e+00,0.000000000000000000e+00,0.000000000000000000e+00
2.000000000000000000e+00,3.583672830586481523e-03,1.000000000000000000e+00,1.433469132234592609e-02,6.421355478341862190e-06,5.977940664424938433e+00,1.000000000000000000e+00,1.000000000000000000e+00,0.000000000000000000e+00,0.000000000000000000e+00
2.000000000000000000e+00,3.583672830586481523e-03,2.000000000000000000e+00,1.433469132234592609e-02,6.421355478341862190e-06,5.977940664424938433e+00,1.000000000000000000e+00,1.000000000000000000e+00,0.000000000000000000e+00,0.000000000000000000e+00
2.000000000000000000e+00,3.583672830586481523e-03,3.000000000000000000e+00,1.433469132234592609e-02,6.421355478341862190e-06,5.977940664424938433e+00,1.000000000000000000e+00,1.000000000000000000e+00,0.000000000000000000e+00,0.000000000000000000e+00
2.000000000000000000e+00,3.583672830586481523e-03,4.000000000000000000e+00,1.433469132234592609e-02,6.421355478341862190e-06,5.977940664424938433e+00,1.000000000000000000e+00,1.000000000000000000e+00,0.000000000000000000e+00,0.000000000000000000e+00
2.000000000000000000e+00,3.655164446571001775e-03,1.000000000000000000e+00,1.462065778628400710e-02,6.680113565738349066e-06,5.958187784850599300e+00,1.000000000000000000e+00,1.000000000000000000e+00,0.000000000000000000e+00,0.000000000000000000e+00
2.000000000000000000e+00,3.655164446571001775e-03,2.000000000000000000e+00,1.462065778628400710e-02,6.680113565738349066e-06,5.958187784850599300e+00,1.000000000000000000e+00,1.000000000000000000e+00,0.000000000000000000e+00,0.000000000000000000e+00
2.000000000000000000e+00,3.655164446571001775e-03,3.000000000000000000e+00,1.462065778628400710e-02,6.680113565738349066e-06,5.958187784850599300e+00,1.000000000000000000e+00,1.000000000000000000e+00,0.000000000000000000e+00,0.000000000000000000e+00
2.000000000000000000e+00,3.655164446571001775e-03,4.000000000000000000e+00,1.462065778628400710e-02,6.680113565738349066e-06,5.958187784850599300e+00,1.000000000000000000e+00,1.000000000000000000e+00,0.000000000000000000e+00,0.000000000000000000e+00
2.000000000000000000e+00,3.728082267289523164e-03,1.000000000000000000e+00,1.491232906915809266e-02,6.949298695839295865e-06,5.938434905276258391e+00,1.000000000000000000e+00,1.000000000000000000e+00,0.000000000000000000e+00,0.000000000000000000e+00
2.000000000000000000e+00,3.728082267289523164e-03,2.000000000000000000e+00,1.491232906915809266e-02,6.949298695839295865e-06,5.938434905276258391e+00,1.000000000000000000e+00,1.000000000000000000e+00,0.000000000000000000e+00,0.000000000000000000e+00
2.000000000000000000e+00,3.728082267289523164e-03,3.000000000000000000e+00,1.491232906915809266e-02,6.949298695839295865e-06,5.938434905276258391e+00,1.000000000000000000e+00,1.000000000000000000e+00,0.000000000000000000e+00,0.000000000000000000e+00
2.000000000000000000e+00,3.728082267289523164e-03,4.000000000000000000e+00,1.491232906915809266e-02,6.949298695839295865e-06,5.938434905276258391e+00,1.000000000000000000e+00,1.000000000000000000e+00,0.000000000000000000e+00,0.000000000000000000e+00
2.000000000000000000e+00,3.802454744469072143e-03,1.000000000000000000e+00,1.520981897787628857e-02,7.229331041867678338e-06,5.918682025701919258e+00,1.000000000000000000e+00,1.000000000000000000e+00,0.000000000000000000e+00,0.000000000000000000e+00
2.000000000000000000e+00,3.802454744469072143e-03,2.000000000000000000e+00,1.520981897787628857e-02,7.229331041867678338e-06,5.918682025701919258e+00,1.000000000000000000e+00,1.000000000000000000e+00,0.000000000000000000e+00,0.000000000000000000e+00
2.000000000000000000e+00,3.802454744469072143e-03,3.000000000000000000e+00,1.520981897787628857e-02,7.229331041867678338e-06,5.918682025701919258e+00,1.000000000000000000e+00,1.000000000000000000e+00,0.000000000000000000e+00,0.000000000000000000e+00
2.000000000000000000e+00,3.802454744469072143e-03,4.000000000000000000e+00,1.520981897787628857e-02,7.229331041867678338e-06,5.918682025701919258e+00,1.000000000000000000e+00,1.000000000000000000e+00,0.000000000000000000e+00,0.000000000000000000e+00
2.000000000000000000e+00,3.878310897427551807e-03,1.000000000000000000e+00,1.551324358971020723e-02,7.520647708552651191e-06,5.898929146127578349e+00,1.000000000000000000e+00,1.000000000000000000e+00,0.000000000000000000e+00,0.000000000000000000e+00
2.000000000000000000e+00,3.878310897427551807e-03,2.000000000000000000e+00,1.551324358971020723e-02,7.520647708552651191e-06,5.898929146127578349e+00,1.000000000000000000e+00,1.000000000000000000e+00,0.000000000000000000e+00,0.000000000000000000e+00
2.000000000000000000e+00,3.878310897427551807e-03,3.000000000000000000e+00,1.551324358971020723e-02,7.520647708552651191e-06,5.898929146127578349e+00,1.000000000000000000e+00,1.000000000000000000e+00,0.000000000000000000e+00,0.000000000000000000e+00
2.000000000000000000e+00,3.878310897427551807e-03,4.000000000000000000e+00,1.551324358971020723e-02,7.520647708552651191e-06,5.898929146127578349e+00,1.000000000000000000e+00,1.000000000000000000e+00,0.000000000000000000e+00,0.000000000000000000e+00
2.000000000000000000e+00,3.955680324396728710e-03,1.000000000000000000e+00,1.582272129758691484e-02,7.823703414409704802e-06,5.879176266553238328e+00,1.000000000000000000e+00,1.000000000000000000e+00,0.000000000000000000e+00,0.000000000000000000e+00
2.000000000000000000e+00,3.955680324396728710e-03,2.000000000000000000e+00,1.582272129758691484e-02,7.823703414409704802e-06,5.879176266553238328e+00,1.000000000000000000e+00,1.000000000000000000e+00,0.000000000000000000e+00,0.000000000000000000e+00
2.000000000000000000e+00,3.955680324396728710e-03,3.000000000000000000e+00,1.582272129758691484e-02,7.823703414409704802e-06,5.879176266553238328e+00,1.000000000000000000e+00,1.000000000000000000e+00,0.000000000000000000e+00,0.000000000000000000e+00
2.000000000000000000e+00,3.955680324396728710e-03,4.000000000000000000e+00,1.582272129758691484e-02,7.823703414409704802e-06,5.879176266553238328e+00,1.000000000000000000e+00,1.000000000000000000e+00,0.000000000000000000e+00,0.000000000000000000e+00
2.000000000000000000e+00,4.034593214071150943e-03,1.000000000000000000e+00,1.613837285628460377e-02,8.138971201514489881e-06,5.859423386978898307e+00,1.000000000000000000e+00,1.000000000000000000e+00,0.000000000000000000e+00,0.000000000000000000e+00
2.000000000000000000e+00,4.034593214071150943e-03,2.000000000000000000e+00,1.613837285628460377e-02,8.138971201514489881e-06,5.859423386978898307e+00,1.000000000000000000e+00,1.000000000000000000e+00,0.000000000000000000e+00,0.000000000000000000e+00
2.000000000000000000e+00,4.034593214071150943e-03,3.000000000000000000e+00,1.613837285628460377e-02,8.138971201514489881e-06,5.859423386978898307e+00,1.000000000000000000e+00,1.000000000000000000e+00,0.000000000000000000e+00,0.000000000000000000e+00
2.000000000000000000e+00,4.034593214071150943e-03,4.000000000000000000e+00,1.613837285628460377e-02,8.138971201514489881e-06,5.859423386978898307e+00,1.000000000000000000e+00,1.000000000000000000e+00,0.000000000000000000e+00,0.000000000000000000e+00
2.000000000000000000e+00,4.115080357387450490e-03,1.000000000000000000e+00,1.646032142954980196e-02,8.466943173878013179e-06,5.839670507404558286e+00,1.000000000000000000e+00,1.000000000000000000e+00,0.000000000000000000e+00,0.000000000000000000e+00
2.000000000000000000e+00,4.115080357387450490e-03,2.000000000000000000e+00,1.646032142954980196e-02,8.466943173878013179e-06,5.839670507404558286e+00,1.000000000000000000e+00,1.000000000000000000e+00,0.000000000000000000e+00,0.000000000000000000e+00
2.000000000000000000e+00,4.115080357387450490e-03,3.000000000000000000e+00,1.646032142954980196e-02,8.466943173878013179e-06,5.839670507404558286e+00,1.000000000000000000e+00,1.000000000000000000e+00,0.000000000000000000e+00,0.000000000000000000e+00
2.000000000000000000e+00,4.115080357387450490e-03,4.000000000000000000e+00,1.646032142954980196e-02,8.466943173878013179e-06,5.839670507404558286e+00,1.000000000000000000e+00,1.000000000000000000e+00,0.000000000000000000e+00,0.000000000000000000e+00
2.000000000000000000e+00,4.197173159538600436e-03,1.000000000000000000e+00,1.678869263815440174e-02,8.808131265575619678e-06,5.819917627830218265e+00,1.000000000000000000e+00,1.000000000000000000e+00,0.000000000000000000e+00,0.000000000000000000e+00
2.000000000000000000e+00,4.197173159538600436e-03,2.000000000000000000e+00,1.678869263815440174e-02,8.808131265575619678e-06,5.819917627830218265e+00,1.000000000000000000e+00,1.000000000000000000e+00,0.000000000000000000e+00,0.000000000000000000e+00
2.000000000000000000e+00,4.197173159538600436e-03,3.000000000000000000e+00,1.678869263815440174e-02,8.808131265575619678e-06,5.819917627830218265e+00,1.000000000000000000e+00,1.000000000000000000e+00,0.000000000000000000e+00,0.000000000000000000e+00
2.000000000000000000e+00,4.197173159538600436e-03,4.000000000000000000e+00,1.678869263815440174e-02,8.808131265575619678e-06,5.819917627830218265e+00,1.000000000000000000e+00,1.000000000000000000e+00,0.000000000000000000e+00,0.000000000000000000e+00
2.000000000000000000e+00,4.280903652227906198e-03,1.000000000000000000e+00,1.712361460891162479e-02,9.163068039829113317e-06,5.800164748255878244e+00,1.000000000000000000e+00,1.000000000000000000e+00,0.000000000000000000e+00,0.000000000000000000e+00
2.000000000000000000e+00,4.280903652227906198e-03,2.000000000000000000e+00,1.712361460891162479e-02,9.163068039829113317e-06,5.800164748255878244e+00,1.000000000000000000e+00,1.000000000000000000e+00,0.000000000000000000e+00,0.000000000000000000e+00
2.000000000000000000e+00,4.280903652227906198e-03,3.000000000000000000e+00,1.712361460891162479e-02,9.163068039829113317e-06,5.800164748255878244e+00,1.000000000000000000e+00,1.000000000000000000e+00,0.000000000000000000e+00,0.000000000000000000e+00
2.000000000000000000e+00,4.280903652227906198e-03,4.000000000000000000e+00,1.712361460891162479e-02,9.163068039829113317e-06,5.800164748255878244e+00,1.000000000000000000e+00,1.000000000000000000e+00,0.000000000000000000e+00,0.000000000000000000e+00
2.000000000000000000e+00,4.366304506167388924e-03,1.000000000000000000e+00,1.746521802466955570e-02,9.532307520288823359e-06,5.780411868681538223e+00,1.000000000000000000e+00,1.000000000000000000e+00,0.000000000000000000e+00,0.000000000000000000e+00
2.000000000000000000e+00,4.366304506167388924e-03,2.000000000000000000e+00,1.746521802466955570e-02,9.532307520288823359e-06,5.780411868681538223e+00,1.000000000000000000e+00,1.000000000000000000e+00,0.000000000000000000e+00,0.000000000000000000e+00
2.000000000000000000e+00,4.366304506167388924e-03,3.000000000000000000e+00,1.746521802466955570e-02,9.532307520288823359e-06,5.780411868681538223e+00,1.000000000000000000e+00,1.000000000000000000e+00,0.000000000000000000e+00,0.000000000000000000e+00
2.000000000000000000e+00,4.366304506167388924e-03,4.000000000000000000e+00,1.746521802466955570e-02,9.532307520288823359e-06,5.780411868681538223e+00,1.000000000000000000e+00,1.000000000000000000e+00,0.000000000000000000e+00,0.000000000000000000e+00
2.000000000000000000e+00,4.453409043825569229e-03,1.000000000000000000e+00,1.781363617530227691e-02,9.916426055813685903e-06,5.760658989107197314e+00,1.000000000000000000e+00,1.000000000000000000e+00,0.000000000000000000e+00,0.000000000000000000e+00
2.000000000000000000e+00,4.453409043825569229e-03,2.000000000000000000e+00,1.781363617530227691e-02,9.916426055813685903e-06,5.760658989107197314e+00,1.000000000000000000e+00,1.000000000000000000e+00,0.000000000000000000e+00,0.000000000000000000e+00
2.000000000000000000e+00,4.453409043825569229e-03,3.000000000000000000e+00,1.781363617530227691e-02,9.916426055813685903e-06,5.760658989107197314e+00,1.000000000000000000e+00,1.000000000000000000e+00,0.000000000000000000e+00,0.000000000000000000e+00
2.000000000000000000e+00,4.453409043825569229e-03,4.000000000000000000e+00,1.781363617530227691e-02,9.916426055813685903e-06,5.760658989107197314e+00,1.000000000000000000e+00,1.000000000000000000e+00,0.000000000000000000e+00,0.000000000000000000e+00
2.000000000000000000e+00,4.542251252429490259e-03,1.000000000000000000e+00,1.816900500971796104e-02,1.031602322009863693e-05,5.740906109532858181e+00,1.000000000000000000e+00,1.000000000000000000e+00,0.000000000000000000e+00,0.000000000000000000e+00
2.000000000000000000e+00,4.542251252429490259e-03,2.000000000000000000e+00,1.816900500971796104e-02,1.031602322009863693e-05,5.740906109532858181e+00,1.000000000000000000e+00,1.000000000000000000e+00,0.000000000000000000e+00,0.000000000000000000e+00
2.000000000000000000e+00,4.542251252429490259e-03,3.000000000000000000e+00,1.816900500971796104e-02,1.031602322009863693e-05,5.740906109532858181e+00,1.000000000000000000e+00,1.000000000000000000e+00,0.000000000000000000e+00,0.000000000000000000e+00
2.000000000000000000e+00,4.542251252429490259e-03,4.000000000000000000e+00,1.816900500971796104e-02,1.031602322009863693e-05,5.740906109532858181e+00,1.000000000000000000e+00,1.000000000000000000e+00,0.000000000000000000e+00,0.000000000000000000e+00
2.000000000000000000e+00,4.632865797226195549e-03,1.000000000000000000e+00,1.853146318890478220e-02,1.073172274755415661e-05,5.721153229958517272e+00,1.000000000000000000e+00,1.000000000000000000e+00,0.000000000000000000e+00,0.000000000000000000e+00
2.000000000000000000e+00,4.632865797226195549e-03,2.000000000000000000e+00,1.853146318890478220e-02,1.073172274755415661e-05,5.721153229958517272e+00,1.000000000000000000e+00,1.000000000000000000e+00,0.000000000000000000e+00,0.000000000000000000e+00
2.000000000000000000e+00,4.632865797226195549e-03,3.000000000000000000e+00,1.853146318890478220e-02,1.073172274755415661e-05,5.721153229958517272e+00,1.000000000000000000e+00,1.000000000000000000e+00,0.000000000000000000e+00,0.000000000000000000e+00
2.000000000000000000e+00,4.632865797226195549e-03,4.000000000000000000e+00,1.853146318890478220e-02,1.073172274755415661e-05,5.721153229958517272e+00,1.000000000000000000e+00,1.000000000000000000e+00,0.000000000000000000e+00,0.000000000000000000e+00
2.000000000000000000e+00,4.725288035008685418e-03,1.000000000000000000e+00,1.890115214003474167e-02,1.116417350689812090e-05,5.701400350384178140e+00,1.000000000000000000e+00,1.000000000000000000e+00,0.000000000000000000e+00,0.000000000000000000e+00
2.000000000000000000e+00,4.725288035008685418e-03,2.000000000000000000e+00,1.890115214003474167e-02,1.116417350689812090e-05,5.701400350384178140e+00,1.000000000000000000e+00,1.000000000000000000e+00,0.000000000000000000e+00,0.000000000000000000e+00
2.000000000000000000e+00,4.725288035008685418e-03,3.000000000000000000e+00,1.890115214003474167e-02,1.116417350689812090e-05,5.701400350384178140e+00,1.000000000000000000e+00,1.000000000000000000e+00,0.000000000000000000e+00,0.000000000000000000e+00
2.000000000000000000e+00,4.725288035008685418e-03,4.000000000000000000e+00,1.890115214003474167e-02,1.116417350689812090e-05,5.701400350384178140e+00,1.000000000000000000e+00,1.000000000000000000e+00,0.000000000000000000e+00,0.000000000000000000e+00
2.000000000000000000e+00,4.819554027911788531e-03,1.000000000000000000e+00,1.927821611164715412e-02,1.161405051398037272e-05,5.681647470809837230e+00,1.000000000000000000e+00,1.000000000000000000e+00,0.000000000000000000e+00,0.000000000000000000e+00
2.000000000000000000e+00,4.819554027911788531e-03,2.000000000000000000e+00,1.927821611164715412e-02,1.161405051398037272e-05,5.681647470809837230e+00,1.000000000000000000e+00,1.000000000000000000e+00,0.000000000000000000e+00,0.000000000000000000e+00
2.000000000000000000e+00,4.819554027911788531e-03,3.000000000000000000e+00,1.927821611164715412e-02,1.161405051398037272e-05,5.681647470809837230e+00,1.000000000000000000e+00,1.000000000000000000e+00,0.000000000000000000e+00,0.000000000000000000e+00
2.000000000000000000e+00,4.819554027911788531e-03,4.000000000000000000e+00,1.927821611164715412e-02,1.161405051398037272e-05,5.681647470809837230e+00,1.000000000000000000e+00,1.000000000000000000e+00,0.000000000000000000e+00,0.000000000000000000e+00
2.000000000000000000e+00,4.915700557483164077e-03,1.000000000000000000e+00,1.966280222993265631e-02,1.208205598542014424e-05,5.661894591235498098e+00,1.000000000000000000e+00,1.000000000000000000e+00,0.000000000000000000e+00,0.000000000000000000e+00
2.000000000000000000e+00,4.915700557483164077e-03,2.000000000000000000e+00,1.966280222993265631e-02,1.208205598542014424e-05,5.661894591235498098e+00,1.000000000000000000e+00,1.000000000000000000e+00,0.000000000000000000e+00,0.000000000000000000e+00
2.000000000000000000e+00,4.915700557483164077e-03,3.000000000000000000e+00,1.966280222993265631e-02,1.208205598542014424e-05,5.661894591235498098e+00,1.000000000000000000e+00,1.000000000000000000e+00,0.000000000000000000e+00,0.000000000000000000e+00
2.000000000000000000e+00,4.915700557483164077e-03,4.000000000000000000e+00,1.966280222993265631e-02,1.208205598542014424e-05,5.661894591235498098e+00,1.000000000000000000e+00,1.000000000000000000e+00,0.000000000000000000e+00,0.000000000000000000e+00
2.000000000000000000e+00,5.013765139035098427e-03,1.000000000000000000e+00,2.005506055614039371e-02,1.256892043470182044e-05,5.642141711661157188e+00,1.000000000000000000e+00,1.000000000000000000e+00,0.000000000000000000e+00,0.000000000000000000e+00
2.000000000000000000e+00,5.013765139035098427e-03,2.000000000000000000e+00,2.005506055614039371e-02,1.256892043470182044e-05,5.642141711661157188e+00,1.000000000000000000e+00,1.000000000000000000e+00,0.000000000000000000e+00,0.000000000000000000e+00
2.000000000000000000e+00,5.013765139035098427e-03,3.000000000000000000e+00,2.005506055614039371e-02,1.256892043470182044e-05,5.642141711661157188e+00,1.000000000000000000e+00,1.000000000000000000e+00,0.000000000000000000e+00,0.000000000000000000e+00
2.000000000000000000e+00,5.013765139035098427e-03,4.000000000000000000e+00,2.005506055614039371e-02,1.256892043470182044e-05,5.642141711661157188e+00,1.000000000000000000e+00,1.000000000000000000e+00,0.000000000000000000e+00,0.000000000000000000e+00
2.000000000000000000e+00,5.113786036282521631e-03,1.000000000000000000e+00,2.045514414513008652e-02,1.307540381243905112e-05,5.622388832086818056e+00,1.000000000000000000e+00,1.000000000000000000e+00,0.000000000000000000e+00,0.000000000000000000e+00
2.000000000000000000e+00,5.113786036282521631e-03,2.000000000000000000e+00,2.045514414513008652e-02,1.307540381243905112e-05,5.622388832086818056e+00,1.000000000000000000e+00,1.000000000000000000e+00,0.000000000000000000e+00,0.000000000000000000e+00
2.000000000000000000e+00,5.113786036282521631e-03,3.000000000000000000e+00,2.045514414513008652e-02,1.307540381243905112e-05,5.622388832086818056e+00,1.000000000000000000e+00,1.000000000000000000e+00,0.000000000000000000e+00,0.000000000000000000e+00
2.000000000000000000e+00,5.113786036282521631e-03,4.000000000000000000e+00,2.045514414513008652e-02,1.307540381243905112e-05,5.622388832086818056e+00,1.000000000000000000e+00,1.000000000000000000e+00,0.000000000000000000e+00,0.000000000000000000e+00
2.000000000000000000e+00,5.215802276273130526e-03,1.000000000000000000e+00,2.086320910509252211e-02,1.360229669258798449e-05,5.602635952512477147e+00,1.000000000000000000e+00,1.000000000000000000e+00,0.000000000000000000e+00,0.000000000000000000e+00
2.000000000000000000e+00,5.215802276273130526e-03,2.000000000000000000e+00,2.086320910509252211e-02,1.360229669258798449e-05,5.602635952512477147e+00,1.000000000000000000e+00,1.000000000000000000e+00,0.000000000000000000e+00,0.000000000000000000e+00
2.000000000000000000e+00,5.215802276273130526e-03,3.000000000000000000e+00,2.086320910509252211e-02,1.360229669258798449e-05,5.602635952512477147e+00,1.000000000000000000e+00,1.000000000000000000e+00,0.000000000000000000e+00,0.000000000000000000e+00
2.000000000000000000e+00,5.215802276273130526e-03,4.000000000000000000e+00,2.086320910509252211e-02,1.360229669258798449e-05,5.602635952512477147e+00,1.000000000000000000e+00,1.000000000000000000e+00,0.000000000000000000e+00,0.000000000000000000e+00
2.000000000000000000e+00,5.319853664615263253e-03,1.000000000000000000e+00,2.127941465846105301e-02,1.415042150646022345e-05,5.582883072938138014e+00,1.000000000000000000e+00,1.000000000000000000e+00,0.000000000000000000e+00,0.000000000000000000e+00
2.000000000000000000e+00,5.319853664615263253e-03,2.000000000000000000e+00,2.127941465846105301e-02,1.415042150646022345e-05,5.582883072938138014e+00,1.000000000000000000e+00,1.000000000000000000e+00,0.000000000000000000e+00,0.000000000000000000e+00
2.000000000000000000e+00,5.319853664615263253e-03,3.000000000000000000e+00,2.127941465846105301e-02,1.415042150646022345e-05,5.582883072938138014e+00,1.000000000000000000e+00,1.000000000000000000e+00,0.000000000000000000e+00,0.000000000000000000e+00
2.000000000000000000e+00,5.319853664615263253e-03,4.000000000000000000e+00,2.127941465846105301e-02,1.415042150646022345e-05,5.582883072938138014e+00,1.000000000000000000e+00,1.000000000000000000e+00,0.000000000000000000e+00,0.000000000000000000e+00
2.000000000000000000e+00,5.425980801009658294e-03,1.000000000000000000e+00,2.170392320403863318e-02,1.472063382646270596e-05,5.563130193363797105e+00,1.000000000000000000e+00,1.000000000000000000e+00,0.000000000000000000e+00,0.000000000000000000e+00
2.000000000000000000e+00,5.425980801009658294e-03,2.000000000000000000e+00,2.170392320403863318e-02,1.472063382646270596e-05,5.563130193363797105e+00,1.000000000000000000e+00,1.000000000000000000e+00,0.000000000000000000e+00,0.000000000000000000e+00
2.000000000000000000e+00,5.425980801009658294e-03,3.000000000000000000e+00,2.170392320403863318e-02,1.472063382646270596e-05,5.563130193363797105e+00,1.000000000000000000e+00,1.000000000000000000e+00,0.000000000000000000e+00,0.000000000000000000e+00
2.000000000000000000e+00,5.425980801009658294e-03,4.000000000000000000e+00,2.170392320403863318e-02,1.472063382646270596e-05,5.563130193363797105e+00,1.000000000000000000e+00,1.000000000000000000e+00,0.000000000000000000e+00,0.000000000000000000e+00
2.000000000000000000e+00,5.534225095090963137e-03,1.000000000000000000e+00,2.213690038036385255e-02,1.531382370156728859e-05,5.543377313789457084e+00,1.000000000000000000e+00,1.000000000000000000e+00,0.000000000000000000e+00,0.000000000000000000e+00
2.000000000000000000e+00,5.534225095090963137e-03,2.000000000000000000e+00,2.213690038036385255e-02,1.531382370156728859e-05,5.543377313789457084e+00,1.000000000000000000e+00,1.000000000000000000e+00,0.000000000000000000e+00,0.000000000000000000e+00
2.000000000000000000e+00,5.534225095090963137e-03,3.000000000000000000e+00,2.213690038036385255e-02,1.531382370156728859e-05,5.543377313789457084e+00,1.000000000000000000e+00,1.000000000000000000e+00,0.000000000000000000e+00,0.000000000000000000e+00
2.000000000000000000e+00,5.534225095090963137e-03,4.000000000000000000e+00,2.213690038036385255e-02,1.531382370156728859e-05,5.543377313789457084e+00,1.000000000000000000e+00,1.000000000000000000e+00,0.000000000000000000e+00,0.000000000000000000e+00
2.000000000000000000e+00,5.644628782585334702e-03,1.000000000000000000e+00,2.257851513034133881e-02,1.593091704659539768e-05,5.523624434215117063e+00,1.000000000000000000e+00,1.000000000000000000e+00,0.000000000000000000e+00,0.000000000000000000e+00
2.000000000000000000e+00,5.644628782585334702e-03,2.000000000000000000e+00,2.257851513034133881e-02,1.593091704659539768e-05,5.523624434215117063e+00,1.000000000000000000e+00,1.000000000000000000e+00,0.000000000000000000e+00,0.000000000000000000e+00
2.000000000000000000e+00,5.644628782585334702e-03,3.000000000000000000e+00,2.257851513034133881e-02,1.593091704659539768e-05,5.523624434215117063e+00,1.000000000000000000e+00,1.000000000000000000e+00,0.000000000000000000e+00,0.000000000000000000e+00
2.000000000000000000e+00,5.644628782585334702e-03,4.000000000000000000e+00,2.257851513034133881e-02,1.593091704659539768e-05,5.523624434215117063e+00,1.000000000000000000e+00,1.000000000000000000e+00,0.000000000000000000e+00,0.000000000000000000e+00
2.000000000000000000e+00,5.757234941790370479e-03,1.000000000000000000e+00,2.302893976716148192e-02,1.657287708748598660e-05,5.503871554640776154e+00,1.000000000000000000e+00,1.000000000000000000e+00,0.000000000000000000e+00,0.000000000000000000e+00
2.000000000000000000e+00,5.757234941790370479e-03,2.000000000000000000e+00,2.302893976716148192e-02,1.657287708748598660e-05,5.503871554640776154e+00,1.000000000000000000e+00,1.000000000000000000e+00,0.000000000000000000e+00,0.000000000000000000e+00
2.000000000000000000e+00,5.757234941790370479e-03,3.000000000000000000e+00,2.302893976716148192e-02,1.657287708748598660e-05,5.503871554640776154e+00,1.000000000000000000e+00,1.000000000000000000e+00,0.000000000000000000e+00,0.000000000000000000e+00
2.000000000000000000e+00,5.757234941790370479e-03,4.000000000000000000e+00,2.302893976716148192e-02,1.657287708748598660e-05,5.503871554640776154e+00,1.000000000000000000e+00,1.000000000000000000e+00,0.000000000000000000e+00,0.000000000000000000e+00
2.000000000000000000e+00,5.872087510383742874e-03,1.000000000000000000e+00,2.348835004153497150e-02,1.724070586480237318e-05,5.484118675066437021e+00,1.000000000000000000e+00,1.000000000000000000e+00,0.000000000000000000e+00,0.000000000000000000e+00
2.000000000000000000e+00,5.872087510383742874e-03,2.000000000000000000e+00,2.348835004153497150e-02,1.724070586480237318e-05,5.484118675066437021e+00,1.000000000000000000e+00,1.000000000000000000e+00,0.000000000000000000e+00,0.000000000000000000e+00
2.000000000000000000e+00,5.872087510383742874e-03,3.000000000000000000e+00,2.348835004153497150e-02,1.724070586480237318e-05,5.484118675066437021e+00,1.000000000000000000e+00,1.000000000000000000e+00,0.000000000000000000e+00,0.000000000000000000e+00
2.000000000000000000e+00,5.872087510383742874e-03,4.000000000000000000e+00,2.348835004153497150e-02,1.724070586480237318e-05,5.484118675066437021e+00,1.000000000000000000e+00,1.000000000000000000e+00,0.000000000000000000e+00,0.000000000000000000e+00
2.000000000000000000e+00,5.989231302567242336e-03,1.000000000000000000e+00,2.395692521026896935e-02,1.793544579782565325e-05,5.464365795492097000e+00,1.000000000000000000e+00,1.000000000000000000e+00,0.000000000000000000e+00,0.000000000000000000e+00
2.000000000000000000e+00,5.989231302567242336e-03,2.000000000000000000e+00,2.395692521026896935e-02,1.793544579782565325e-05,5.464365795492097000e+00,1.000000000000000000e+00,1.000000000000000000e+00,0.000000000000000000e+00,0.000000000000000000e+00
2.000000000000000000e+00,5.989231302567242336e-03,3.000000000000000000e+00,2.395692521026896935e-02,1.793544579782565325e-05,5.464365795492097000e+00,1.000000000000000000e+00,1.000000000000000000e+00,0.000000000000000000e+00,0.000000000000000000e+00
2.000000000000000000e+00,5.989231302567242336e-03,4.000000000000000000e+00,2.395692521026896935e-02,1.793544579782565325e-05,5.464365795492097000e+00,1.000000000000000000e+00,1.000000000000000000e+00,0.000000000000000000e+00,0.000000000000000000e+00
2.000000000000000000e+00,6.108712026552733619e-03,1.000000000000000000e+00,2.443484810621093448e-02,1.865818131167500395e-05,5.444612915917756979e+00,1.000000000000000000e+00,1.000000000000000000e+00,0.000000000000000000e+00,0.000000000000000000e+00
2.000000000000000000e+00,6.108712026552733619e-03,2.000000000000000000e+00,2.443484810621093448e-02,1.865818131167500395e-05,5.444612915917756979e+00,1.000000000000000000e+00,1.000000000000000000e+00,0.000000000000000000e+00,0.000000000000000000e+00
2.000000000000000000e+00,6.108712026552733619e-03,3.000000000000000000e+00,2.443484810621093448e-02,1.865818131167500395e-05,5.444612915917756979e+00,1.000000000000000000e+00,1.000000000000000000e+00,0.000000000000000000e+00,0.000000000000000000e+00
2.000000000000000000e+00,6.108712026552733619e-03,4.000000000000000000e+00,2.443484810621093448e-02,1.865818131167500395e-05,5.444612915917756979e+00,1.000000000000000000e+00,1.000000000000000000e+00,0.000000000000000000e+00,0.000000000000000000e+00
2.000000000000000000e+00,6.230576302397044727e-03,1.000000000000000000e+00,2.492230520958817891e-02,1.941004052999581475e-05,5.424860036343416070e+00,1.000000000000000000e+00,1.000000000000000000e+00,0.000000000000000000e+00,0.000000000000000000e+00
2.000000000000000000e+00,6.230576302397044727e-03,2.000000000000000000e+00,2.492230520958817891e-02,1.941004052999581475e-05,5.424860036343416070e+00,1.000000000000000000e+00,1.000000000000000000e+00,0.000000000000000000e+00,0.000000000000000000e+00
2.000000000000000000e+00,6.230576302397044727e-03,3.000000000000000000e+00,2.492230520958817891e-02,1.941004052999581475e-05,5.424860036343416070e+00,1.000000000000000000e+00,1.000000000000000000e+00,0.000000000000000000e+00,0.000000000000000000e+00
2.000000000000000000e+00,6.230576302397044727e-03,4.000000000000000000e+00,2.492230520958817891e-02,1.941004052999581475e-05,5.424860036343416070e+00,1.000000000000000000e+00,1.000000000000000000e+00,0.000000000000000000e+00,0.000000000000000000e+00
2.000000000000000000e+00,6.354871680192547036e-03,1.000000000000000000e+00,2.541948672077018814e-02,2.019219703585662382e-05,5.405107156769076937e+00,1.000000000000000000e+00,1.000000000000000000e+00,0.000000000000000000e+00,0.000000000000000000e+00
2.000000000000000000e+00,6.354871680192547036e-03,2.000000000000000000e+00,2.541948672077018814e-02,2.019219703585662382e-05,5.405107156769076937e+00,1.000000000000000000e+00,1.000000000000000000e+00,0.000000000000000000e+00,0.000000000000000000e+00
2.000000000000000000e+00,6.354871680192547036e-03,3.000000000000000000e+00,2.541948672077018814e-02,2.019219703585662382e-05,5.405107156769076937e+00,1.000000000000000000e+00,1.000000000000000000e+00,0.000000000000000000e+00,0.000000000000000000e+00
2.000000000000000000e+00,6.354871680192547036e-03,4.000000000000000000e+00,2.541948672077018814e-02,2.019219703585662382e-05,5.405107156769076937e+00,1.000000000000000000e+00,1.000000000000000000e+00,0.000000000000000000e+00,0.000000000000000000e+00
2.000000000000000000e+00,6.481646658620726295e-03,1.000000000000000000e+00,2.592658663448290518e-02,2.100587170360461325e-05,5.385354277194736028e+00,1.000000000000000000e+00,1.000000000000000000e+00,0.000000000000000000e+00,0.000000000000000000e+00
2.000000000000000000e+00,6.481646658620726295e-03,2.000000000000000000e+00,2.592658663448290518e-02,2.100587170360461325e-05,5.385354277194736028e+00,1.000000000000000000e+00,1.000000000000000000e+00,0.000000000000000000e+00,0.000000000000000000e+00
2.000000000000000000e+00,6.481646658620726295e-03,3.000000000000000000e+00,2.592658663448290518e-02,2.100587170360461325e-05,5.385354277194736028e+00,1.000000000000000000e+00,1.000000000000000000e+00,0.000000000000000000e+00,0.000000000000000000e+00
2.000000000000000000e+00,6.481646658620726295e-03,4.000000000000000000e+00,2.592658663448290518e-02,2.100587170360461325e-05,5.385354277194736028e+00,1.000000000000000000e+00,1.000000000000000000e+00,0.000000000000000000e+00,0.000000000000000000e+00
2.000000000000000000e+00,6.610950703875780564e-03,1.000000000000000000e+00,2.644380281550312226e-02,2.185233460453784023e-05,5.365601397620396895e+00,1.000000000000000000e+00,1.000000000000000000e+00,0.000000000000000000e+00,0.000000000000000000e+00
2.000000000000000000e+00,6.610950703875780564e-03,2.000000000000000000e+00,2.644380281550312226e-02,2.185233460453784023e-05,5.365601397620396895e+00,1.000000000000000000e+00,1.000000000000000000e+00,0.000000000000000000e+00,0.000000000000000000e+00
2.000000000000000000e+00,6.610950703875780564e-03,3.000000000000000000e+00,2.644380281550312226e-02,2.185233460453784023e-05,5.365601397620396895e+00,1.000000000000000000e+00,1.000000000000000000e+00,0.000000000000000000e+00,0.000000000000000000e+00
2.000000000000000000e+00,6.610950703875780564e-03,4.000000000000000000e+00,2.644380281550312226e-02,2.185233460453784023e-05,5.365601397620396895e+00,1.000000000000000000e+00,1.000000000000000000e+00,0.000000000000000000e+00,0.000000000000000000e+00
2.000000000000000000e+00,6.742834268965834481e-03,1.000000000000000000e+00,2.697133707586333792e-02,2.273290698937001058e-05,5.345848518046055986e+00,1.000000000000000000e+00,1.000000000000000000e+00,0.000000000000000000e+00,0.000000000000000000e+00
2.000000000000000000e+00,6.742834268965834481e-03,2.000000000000000000e+00,2.697133707586333792e-02,2.273290698937001058e-05,5.345848518046055986e+00,1.000000000000000000e+00,1.000000000000000000e+00,0.000000000000000000e+00,0.000000000000000000e+00
2.000000000000000000e+00,6.742834268965834481e-03,3.000000000000000000e+00,2.697133707586333792e-02,2.273290698937001058e-05,5.345848518046055986e+00,1.000000000000000000e+00,1.000000000000000000e+00,0.000000000000000000e+00,0.000000000000000000e+00
2.000000000000000000e+00,6.742834268965834481e-03,4.000000000000000000e+00,2.697133707586333792e-02,2.273290698937001058e-05,5.345848518046055986e+00,1.000000000000000000e+00,1.000000000000000000e+00,0.000000000000000000e+00,0.000000000000000000e+00
2.000000000000000000e+00,6.877348813399087810e-03,1.000000000000000000e+00,2.750939525359635124e-02,2.364896335058092177e-05,5.326095638471716853e+00,1.000000000000000000e+00,1.000000000000000000e+00,0.000000000000000000e+00,0.000000000000000000e+00
2.000000000000000000e+00,6.877348813399087810e-03,2.000000000000000000e+00,2.750939525359635124e-02,2.364896335058092177e-05,5.326095638471716853e+00,1.000000000000000000e+00,1.000000000000000000e+00,0.000000000000000000e+00,0.000000000000000000e+00
2.000000000000000000e+00,6.877348813399087810e-03,3.000000000000000000e+00,2.750939525359635124e-02,2.364896335058092177e-05,5.326095638471716853e+00,1.000000000000000000e+00,1.000000000000000000e+00,0.000000000000000000e+00,0.000000000000000000e+00
2.000000000000000000e+00,6.877348813399087810e-03,4.000000000000000000e+00,2.750939525359635124e-02,2.364896335058092177e-05,5.326095638471716853e+00,1.000000000000000000e+00,1.000000000000000000e+00,0.000000000000000000e+00,0.000000000000000000e+00
2.000000000000000000e+00,7.014546823262808595e-03,1.000000000000000000e+00,2.805818729305123438e-02,2.460193356787318105e-05,5.306342758897375944e+00,1.000000000000000000e+00,1.000000000000000000e+00,0.000000000000000000e+00,0.000000000000000000e+00
2.000000000000000000e+00,7.014546823262808595e-03,2.000000000000000000e+00,2.805818729305123438e-02,2.460193356787318105e-05,5.306342758897375944e+00,1.000000000000000000e+00,1.000000000000000000e+00,0.000000000000000000e+00,0.000000000000000000e+00
2.000000000000000000e+00,7.014546823262808595e-03,3.000000000000000000e+00,2.805818729305123438e-02,2.460193356787318105e-05,5.306342758897375944e+00,1.000000000000000000e+00,1.000000000000000000e+00,0.000000000000000000e+00,0.000000000000000000e+00
2.000000000000000000e+00,7.014546823262808595e-03,4.000000000000000000e+00,2.805818729305123438e-02,2.460193356787318105e-05,5.306342758897375944e+00,1.000000000000000000e+00,1.000000000000000000e+00,0.000000000000000000e+00,0.000000000000000000e+00
2.000000000000000000e+00,7.154481831702767282e-03,1.000000000000000000e+00,2.861792732681106913e-02,2.559330514008249322e-05,5.286589879323035923e+00,1.000000000000000000e+00,1.000000000000000000e+00,0.000000000000000000e+00,0.000000000000000000e+00
2.000000000000000000e+00,7.154481831702767282e-03,2.000000000000000000e+00,2.861792732681106913e-02,2.559330514008249322e-05,5.286589879323035923e+00,1.000000000000000000e+00,1.000000000000000000e+00,0.000000000000000000e+00,0.000000000000000000e+00
2.000000000000000000e+00,7.154481831702767282e-03,3.000000000000000000e+00,2.861792732681106913e-02,2.559330514008249322e-05,5.286589879323035923e+00,1.000000000000000000e+00,1.000000000000000000e+00,0.000000000000000000e+00,0.000000000000000000e+00
2.000000000000000000e+00,7.154481831702767282e-03,4.000000000000000000e+00,2.861792732681106913e-02,2.559330514008249322e-05,5.286589879323035923e+00,1.000000000000000000e+00,1.000000000000000000e+00,0.000000000000000000e+00,0.000000000000000000e+00
2.000000000000000000e+00,7.297208439811303168e-03,1.000000000000000000e+00,2.918883375924521267e-02,2.662462550702665559e-05,5.266836999748695902e+00,1.000000000000000000e+00,1.000000000000000000e+00,0.000000000000000000e+00,0.000000000000000000e+00
2.000000000000000000e+00,7.297208439811303168e-03,2.000000000000000000e+00,2.918883375924521267e-02,2.662462550702665559e-05,5.266836999748695902e+00,1.000000000000000000e+00,1.000000000000000000e+00,0.000000000000000000e+00,0.000000000000000000e+00
2.000000000000000000e+00,7.297208439811303168e-03,3.000000000000000000e+00,2.918883375924521267e-02,2.662462550702665559e-05,5.266836999748695902e+00,1.000000000000000000e+00,1.000000000000000000e+00,0.000000000000000000e+00,0.000000000000000000e+00
2.000000000000000000e+00,7.297208439811303168e-03,4.000000000000000000e+00,2.918883375924521267e-02,2.662462550702665559e-05,5.266836999748695902e+00,1.000000000000000000e+00,1.000000000000000000e+00,0.000000000000000000e+00,0.000000000000000000e+00
2.000000000000000000e+00,7.442782337932087044e-03,1.000000000000000000e+00,2.977112935172834818e-02,2.769750446491691108e-05,5.247084120174355881e+00,1.000000000000000000e+00,1.000000000000000000e+00,0.000000000000000000e+00,0.000000000000000000e+00
2.000000000000000000e+00,7.442782337932087044e-03,2.000000000000000000e+00,2.977112935172834818e-02,2.769750446491691108e-05,5.247084120174355881e+00,1.000000000000000000e+00,1.000000000000000000e+00,0.000000000000000000e+00,0.000000000000000000e+00
2.000000000000000000e+00,7.442782337932087044e-03,3.000000000000000000e+00,2.977112935172834818e-02,2.769750446491691108e-05,5.247084120174355881e+00,1.000000000000000000e+00,1.000000000000000000e+00,0.000000000000000000e+00,0.000000000000000000e+00
2.000000000000000000e+00,7.442782337932087044e-03,4.000000000000000000e+00,2.977112935172834818e-02,2.769750446491691108e-05,5.247084120174355881e+00,1.000000000000000000e+00,1.000000000000000000e+00,0.000000000000000000e+00,0.000000000000000000e+00
2.000000000000000000e+00,7.591260327389827769e-03,1.000000000000000000e+00,3.036504130955931108e-02,2.881361667910135912e-05,5.227331240600015860e+00,1.000000000000000000e+00,1.000000000000000000e+00,0.000000000000000000e+00,0.000000000000000000e+00
2.000000000000000000e+00,7.591260327389827769e-03,2.000000000000000000e+00,3.036504130955931108e-02,2.881361667910135912e-05,5.227331240600015860e+00,1.000000000000000000e+00,1.000000000000000000e+00,0.000000000000000000e+00,0.000000000000000000e+00
2.000000000000000000e+00,7.591260327389827769e-03,3.000000000000000000e+00,3.036504130955931108e-02,2.881361667910135912e-05,5.227331240600015860e+00,1.000000000000000000e+00,1.000000000000000000e+00,0.000000000000000000e+00,0.000000000000000000e+00
2.000000000000000000e+00,7.591260327389827769e-03,4.000000000000000000e+00,3.036504130955931108e-02,2.881361667910135912e-05,5.227331240600015860e+00,1.000000000000000000e+00,1.000000000000000000e+00,0.000000000000000000e+00,0.000000000000000000e+00
2.000000000000000000e+00,7.742700342653579919e-03,1.000000000000000000e+00,3.097080137061431968e-02,2.997470429806393198e-05,5.207578361025674951e+00,1.000000000000000000e+00,1.000000000000000000e+00,0.000000000000000000e+00,0.000000000000000000e+00
2.000000000000000000e+00,7.742700342653579919e-03,2.000000000000000000e+00,3.097080137061431968e-02,2.997470429806393198e-05,5.207578361025674951e+00,1.000000000000000000e+00,1.000000000000000000e+00,0.000000000000000000e+00,0.000000000000000000e+00
2.000000000000000000e+00,7.742700342653579919e-03,3.000000000000000000e+00,3.097080137061431968e-02,2.997470429806393198e-05,5.207578361025674951e+00,1.000000000000000000e+00,1.000000000000000000e+00,0.000000000000000000e+00,0.000000000000000000e+00
2.000000000000000000e+00,7.742700342653579919e-03,4.000000000000000000e+00,3.097080137061431968e-02,2.997470429806393198e-05,5.207578361025674951e+00,1.000000000000000000e+00,1.000000000000000000e+00,0.000000000000000000e+00,0.000000000000000000e+00
2.000000000000000000e+00,7.897161473942067647e-03,1.000000000000000000e+00,3.158864589576827059e-02,3.118257967275742722e-05,5.187825481451335818e+00,1.000000000000000000e+00,1.000000000000000000e+00,0.000000000000000000e+00,0.000000000000000000e+00
2.000000000000000000e+00,7.897161473942067647e-03,2.000000000000000000e+00,3.158864589576827059e-02,3.118257967275742722e-05,5.187825481451335818e+00,1.000000000000000000e+00,1.000000000000000000e+00,0.000000000000000000e+00,0.000000000000000000e+00
2.000000000000000000e+00,7.897161473942067647e-03,3.000000000000000000e+00,3.158864589576827059e-02,3.118257967275742722e-05,5.187825481451335818e+00,1.000000000000000000e+00,1.000000000000000000e+00,0.000000000000000000e+00,0.000000000000000000e+00
2.000000000000000000e+00,7.897161473942067647e-03,4.000000000000000000e+00,3.158864589576827059e-02,3.118257967275742722e-05,5.187825481451335818e+00,1.000000000000000000e+00,1.000000000000000000e+00,0.000000000000000000e+00,0.000000000000000000e+00
2.000000000000000000e+00,8.054703990280102574e-03,1.000000000000000000e+00,3.221881596112041030e-02,3.243912818551710435e-05,5.168072601876995797e+00,1.000000000000000000e+00,1.000000000000000000e+00,0.000000000000000000e+00,0.000000000000000000e+00
2.000000000000000000e+00,8.054703990280102574e-03,2.000000000000000000e+00,3.221881596112041030e-02,3.243912818551710435e-05,5.168072601876995797e+00,1.000000000000000000e+00,1.000000000000000000e+00,0.000000000000000000e+00,0.000000000000000000e+00
2.000000000000000000e+00,8.054703990280102574e-03,3.000000000000000000e+00,3.221881596112041030e-02,3.243912818551710435e-05,5.168072601876995797e+00,1.000000000000000000e+00,1.000000000000000000e+00,0.000000000000000000e+00,0.000000000000000000e+00
2.000000000000000000e+00,8.054703990280102574e-03,4.000000000000000000e+00,3.221881596112041030e-02,3.243912818551710435e-05,5.168072601876995797e+00,1.000000000000000000e+00,1.000000000000000000e+00,0.000000000000000000e+00,0.000000000000000000e+00
2.000000000000000000e+00,8.215389363014826557e-03,1.000000000000000000e+00,3.286155745205930623e-02,3.374631119296858206e-05,5.148319722302655777e+00,1.000000000000000000e+00,1.000000000000000000e+00,0.000000000000000000e+00,0.000000000000000000e+00
2.000000000000000000e+00,8.215389363014826557e-03,2.000000000000000000e+00,3.286155745205930623e-02,3.374631119296858206e-05,5.148319722302655777e+00,1.000000000000000000e+00,1.000000000000000000e+00,0.000000000000000000e+00,0.000000000000000000e+00
2.000000000000000000e+00,8.215389363014826557e-03,3.000000000000000000e+00,3.286155745205930623e-02,3.374631119296858206e-05,5.148319722302655777e+00,1.000000000000000000e+00,1.000000000000000000e+00,0.000000000000000000e+00,0.000000000000000000e+00
2.000000000000000000e+00,8.215389363014826557e-03,4.000000000000000000e+00,3.286155745205930623e-02,3.374631119296858206e-05,5.148319722302655777e+00,1.000000000000000000e+00,1.000000000000000000e+00,0.000000000000000000e+00,0.000000000000000000e+00
2.000000000000000000e+00,8.379280289801210174e-03,1.000000000000000000e+00,3.351712115920484070e-02,3.510616908752552849e-05,5.128566842728314867e+00,1.000000000000000000e+00,1.000000000000000000e+00,0.000000000000000000e+00,0.000000000000000000e+00
2.000000000000000000e+00,8.379280289801210174e-03,2.000000000000000000e+00,3.351712115920484070e-02,3.510616908752552849e-05,5.128566842728314867e+00,1.000000000000000000e+00,1.000000000000000000e+00,0.000000000000000000e+00,0.000000000000000000e+00
2.000000000000000000e+00,8.379280289801210174e-03,3.000000000000000000e+00,3.351712115920484070e-02,3.510616908752552849e-05,5.128566842728314867e+00,1.000000000000000000e+00,1.000000000000000000e+00,0.000000000000000000e+00,0.000000000000000000e+00
2.000000000000000000e+00,8.379280289801210174e-03,4.000000000000000000e+00,3.351712115920484070e-02,3.510616908752552849e-05,5.128566842728314867e+00,1.000000000000000000e+00,1.000000000000000000e+00,0.000000000000000000e+00,0.000000000000000000e+00
2.000000000000000000e+00,8.546440719065925493e-03,1.000000000000000000e+00,3.418576287626370197e-02,3.652082448225404455e-05,5.108813963153975735e+00,1.000000000000000000e+00,1.000000000000000000e+00,0.000000000000000000e+00,0.000000000000000000e+00
2.000000000000000000e+00,8.546440719065925493e-03,2.000000000000000000e+00,3.418576287626370197e-02,3.652082448225404455e-05,5.108813963153975735e+00,1.000000000000000000e+00,1.000000000000000000e+00,0.000000000000000000e+00,0.000000000000000000e+00
2.000000000000000000e+00,8.546440719065925493e-03,3.000000000000000000e+00,3.418576287626370197e-02,3.652082448225404455e-05,5.108813963153975735e+00,1.000000000000000000e+00,1.000000000000000000e+00,0.000000000000000000e+00,0.000000000000000000e+00
2.000000000000000000e+00,8.546440719065925493e-03,4.000000000000000000e+00,3.418576287626370197e-02,3.652082448225404455e-05,5.108813963153975735e+00,1.000000000000000000e+00,1.000000000000000000e+00,0.000000000000000000e+00,0.000000000000000000e+00
2.000000000000000000e+00,8.716935874959374358e-03,1.000000000000000000e+00,3.486774349983749743e-02,3.799248552407687380e-05,5.089061083579634825e+00,1.000000000000000000e+00,1.000000000000000000e+00,0.000000000000000000e+00,0.000000000000000000e+00
2.000000000000000000e+00,8.716935874959374358e-03,2.000000000000000000e+00,3.486774349983749743e-02,3.799248552407687380e-05,5.089061083579634825e+00,1.000000000000000000e+00,1.000000000000000000e+00,0.000000000000000000e+00,0.000000000000000000e+00
2.000000000000000000e+00,8.716935874959374358e-03,3.000000000000000000e+00,3.486774349983749743e-02,3.799248552407687380e-05,5.089061083579634825e+00,1.000000000000000000e+00,1.000000000000000000e+00,0.000000000000000000e+00,0.000000000000000000e+00
2.000000000000000000e+00,8.716935874959374358e-03,4.000000000000000000e+00,3.486774349983749743e-02,3.799248552407687380e-05,5.089061083579634825e+00,1.000000000000000000e+00,1.000000000000000000e+00,0.000000000000000000e+00,0.000000000000000000e+00
2.000000000000000000e+00,8.890832282805372425e-03,1.000000000000000000e+00,3.556332913122148970e-02,3.952344934048709468e-05,5.069308204005295693e+00,1.000000000000000000e+00,1.000000000000000000e+00,0.000000000000000000e+00,0.000000000000000000e+00
2.000000000000000000e+00,8.890832282805372425e-03,2.000000000000000000e+00,3.556332913122148970e-02,3.952344934048709468e-05,5.069308204005295693e+00,1.000000000000000000e+00,1.000000000000000000e+00,0.000000000000000000e+00,0.000000000000000000e+00
2.000000000000000000e+00,8.890832282805372425e-03,3.000000000000000000e+00,3.556332913122148970e-02,3.952344934048709468e-05,5.069308204005295693e+00,1.000000000000000000e+00,1.000000000000000000e+00,0.000000000000000000e+00,0.000000000000000000e+00
2.000000000000000000e+00,8.890832282805372425e-03,4.000000000000000000e+00,3.556332913122148970e-02,3.952344934048709468e-05,5.069308204005295693e+00,1.000000000000000000e+00,1.000000000000000000e+00,0.000000000000000000e+00,0.000000000000000000e+00
2.000000000000000000e+00,9.068197795058650923e-03,1.000000000000000000e+00,3.627279118023460369e-02,4.111610562515328804e-05,5.049555324430954784e+00,1.000000000000000000e+00,1.000000000000000000e+00,0.000000000000000000e+00,0.000000000000000000e+00
2.000000000000000000e+00,9.068197795058650923e-03,2.000000000000000000e+00,3.627279118023460369e-02,4.111610562515328804e-05,5.049555324430954784e+00,1.000000000000000000e+00,1.000000000000000000e+00,0.000000000000000000e+00,0.000000000000000000e+00
2.000000000000000000e+00,9.068197795058650923e-03,3.000000000000000000e+00,3.627279118023460369e-02,4.111610562515328804e-05,5.049555324430954784e+00,1.000000000000000000e+00,1.000000000000000000e+00,0.000000000000000000e+00,0.000000000000000000e+00
2.000000000000000000e+00,9.068197795058650923e-03,4.000000000000000000e+00,3.627279118023460369e-02,4.111610562515328804e-05,5.049555324430954784e+00,1.000000000000000000e+00,1.000000000000000000e+00,0.000000000000000000e+00,0.000000000000000000e+00
2.000000000000000000e+00,9.249101617780086659e-03,1.000000000000000000e+00,3.699640647112034664e-02,4.277294036801111048e-05,5.029802444856614763e+00,1.000000000000000000e+00,1.000000000000000000e+00,0.000000000000000000e+00,0.000000000000000000e+00
2.000000000000000000e+00,9.249101617780086659e-03,2.000000000000000000e+00,3.699640647112034664e-02,4.277294036801111048e-05,5.029802444856614763e+00,1.000000000000000000e+00,1.000000000000000000e+00,0.000000000000000000e+00,0.000000000000000000e+00
2.000000000000000000e+00,9.249101617780086659e-03,3.000000000000000000e+00,3.699640647112034664e-02,4.277294036801111048e-05,5.029802444856614763e+00,1.000000000000000000e+00,1.000000000000000000e+00,0.000000000000000000e+00,0.000000000000000000e+00
2.000000000000000000e+00,9.249101617780086659e-03,4.000000000000000000e+00,3.699640647112034664e-02,4.277294036801111048e-05,5.029802444856614763e+00,1.000000000000000000e+00,1.000000000000000000e+00,0.000000000000000000e+00,0.000000000000000000e+00
2.000000000000000000e+00,9.433614337640155306e-03,1.000000000000000000e+00,3.773445735056062122e-02,4.449653973566495028e-05,5.010049565282274742e+00,1.000000000000000000e+00,1.000000000000000000e+00,0.000000000000000000e+00,0.000000000000000000e+00
2.000000000000000000e+00,9.433614337640155306e-03,2.000000000000000000e+00,3.773445735056062122e-02,4.449653973566495028e-05,5.010049565282274742e+00,1.000000000000000000e+00,1.000000000000000000e+00,0.000000000000000000e+00,0.000000000000000000e+00
2.000000000000000000e+00,9.433614337640155306e-03,3.000000000000000000e+00,3.773445735056062122e-02,4.449653973566495028e-05,5.010049565282274742e+00,1.000000000000000000e+00,1.000000000000000000e+00,0.000000000000000000e+00,0.000000000000000000e+00
2.000000000000000000e+00,9.433614337640155306e-03,4.000000000000000000e+00,3.773445735056062122e-02,4.449653973566495028e-05,5.010049565282274742e+00,1.000000000000000000e+00,1.000000000000000000e+00,0.000000000000000000e+00,0.000000000000000000e+00
2.000000000000000000e+00,9.621807949461094397e-03,1.000000000000000000e+00,3.848723179784437759e-02,4.628959410815635804e-05,4.990296685707935609e+00,1.000000000000000000e+00,1.000000000000000000e+00,0.000000000000000000e+00,0.000000000000000000e+00
2.000000000000000000e+00,9.621807949461094397e-03,2.000000000000000000e+00,3.848723179784437759e-02,4.628959410815635804e-05,4.990296685707935609e+00,1.000000000000000000e+00,1.000000000000000000e+00,0.000000000000000000e+00,0.000000000000000000e+00
2.000000000000000000e+00,9.621807949461094397e-03,3.000000000000000000e+00,3.848723179784437759e-02,4.628959410815635804e-05,4.990296685707935609e+00,1.000000000000000000e+00,1.000000000000000000e+00,0.000000000000000000e+00,0.000000000000000000e+00
2.000000000000000000e+00,9.621807949461094397e-03,4.000000000000000000e+00,3.848723179784437759e-02,4.628959410815635804e-05,4.990296685707935609e+00,1.000000000000000000e+00,1.000000000000000000e+00,0.000000000000000000e+00,0.000000000000000000e+00
2.000000000000000000e+00,9.813755884308467126e-03,1.000000000000000000e+00,3.925502353723386850e-02,4.815490227839953056e-05,4.970543806133594700e+00,1.000000000000000000e+00,1.000000000000000000e+00,0.000000000000000000e+00,0.000000000000000000e+00
2.000000000000000000e+00,9.813755884308467126e-03,2.000000000000000000e+00,3.925502353723386850e-02,4.815490227839953056e-05,4.970543806133594700e+00,1.000000000000000000e+00,1.000000000000000000e+00,0.000000000000000000e+00,0.000000000000000000e+00
2.000000000000000000e+00,9.813755884308467126e-03,3.000000000000000000e+00,3.925502353723386850e-02,4.815490227839953056e-05,4.970543806133594700e+00,1.000000000000000000e+00,1.000000000000000000e+00,0.000000000000000000e+00,0.000000000000000000e+00
2.000000000000000000e+00,9.813755884308467126e-03,4.000000000000000000e+00,3.925502353723386850e-02,4.815490227839953056e-05,4.970543806133594700e+00,1.000000000000000000e+00,1.000000000000000000e+00,0.000000000000000000e+00,0.000000000000000000e+00
2.000000000000000000e+00,1.000953303814313550e-02,1.000000000000000000e+00,4.003813215257254199e-02,5.009537582083947634e-05,4.950790926559253791e+00,1.000000000000000000e+00,1.000000000000000000e+00,0.000000000000000000e+00,0.000000000000000000e+00
2.000000000000000000e+00,1.000953303814313550e-02,2.000000000000000000e+00,4.003813215257254199e-02,5.009537582083947634e-05,4.950790926559253791e+00,1.000000000000000000e+00,1.000000000000000000e+00,0.000000000000000000e+00,0.000000000000000000e+00
2.000000000000000000e+00,1.000953303814313550e-02,3.000000000000000000e+00,4.003813215257254199e-02,5.009537582083947634e-05,4.950790926559253791e+00,1.000000000000000000e+00,1.000000000000000000e+00,0.000000000000000000e+00,0.000000000000000000e+00
2.000000000000000000e+00,1.000953303814313550e-02,4.000000000000000000e+00,4.003813215257254199e-02,5.009537582083947634e-05,4.950790926559253791e+00,1.000000000000000000e+00,1.000000000000000000e+00,0.000000000000000000e+00,0.000000000000000000e+00
2.000000000000000000e+00,1.020921580104484569e-02,1.000000000000000000e+00,4.083686320417938276e-02,5.211404363615187784e-05,4.931038046984914658e+00,1.000000000000000000e+00,1.000000000000000000e+00,0.000000000000000000e+00,0.000000000000000000e+00
2.000000000000000000e+00,1.020921580104484569e-02,2.000000000000000000e+00,4.083686320417938276e-02,5.211404363615187784e-05,4.931038046984914658e+00,1.000000000000000000e+00,1.000000000000000000e+00,0.000000000000000000e+00,0.000000000000000000e+00
2.000000000000000000e+00,1.020921580104484569e-02,3.000000000000000000e+00,4.083686320417938276e-02,5.211404363615187784e-05,4.931038046984914658e+00,1.000000000000000000e+00,1.000000000000000000e+00,0.000000000000000000e+00,0.000000000000000000e+00
2.000000000000000000e+00,1.020921580104484569e-02,4.000000000000000000e+00,4.083686320417938276e-02,5.211404363615187784e-05,4.931038046984914658e+00,1.000000000000000000e+00,1.000000000000000000e+00,0.000000000000000000e+00,0.000000000000000000e+00
2.000000000000000000e+00,1.041288208701883315e-02,1.000000000000000000e+00,4.165152834807533261e-02,5.421405667907884263e-05,4.911285167410573749e+00,1.000000000000000000e+00,1.000000000000000000e+00,0.000000000000000000e+00,0.000000000000000000e+00
2.000000000000000000e+00,1.041288208701883315e-02,2.000000000000000000e+00,4.165152834807533261e-02,5.421405667907884263e-05,4.911285167410573749e+00,1.000000000000000000e+00,1.000000000000000000e+00,0.000000000000000000e+00,0.000000000000000000e+00
2.000000000000000000e+00,1.041288208701883315e-02,3.000000000000000000e+00,4.165152834807533261e-02,5.421405667907884263e-05,4.911285167410573749e+00,1.000000000000000000e+00,1.000000000000000000e+00,0.000000000000000000e+00,0.000000000000000000e+00
2.000000000000000000e+00,1.041288208701883315e-02,4.000000000000000000e+00,4.165152834807533261e-02,5.421405667907884263e-05,4.911285167410573749e+00,1.000000000000000000e+00,1.000000000000000000e+00,0.000000000000000000e+00,0.000000000000000000e+00
2.000000000000000000e+00,1.062061136439692785e-02,1.000000000000000000e+00,4.248244545758771140e-02,5.639869287677858685e-05,4.891532287836234616e+00,1.000000000000000000e+00,1.000000000000000000e+00,0.000000000000000000e+00,0.000000000000000000e+00
2.000000000000000000e+00,1.062061136439692785e-02,2.000000000000000000e+00,4.248244545758771140e-02,5.639869287677858685e-05,4.891532287836234616e+00,1.000000000000000000e+00,1.000000000000000000e+00,0.000000000000000000e+00,0.000000000000000000e+00
2.000000000000000000e+00,1.062061136439692785e-02,3.000000000000000000e+00,4.248244545758771140e-02,5.639869287677858685e-05,4.891532287836234616e+00,1.000000000000000000e+00,1.000000000000000000e+00,0.000000000000000000e+00,0.000000000000000000e+00
2.000000000000000000e+00,1.062061136439692785e-02,4.000000000000000000e+00,4.248244545758771140e-02,5.639869287677858685e-05,4.891532287836234616e+00,1.000000000000000000e+00,1.000000000000000000e+00,0.000000000000000000e+00,0.000000000000000000e+00
2.000000000000000000e+00,1.083248468684530445e-02,1.000000000000000000e+00,4.332993874738121781e-02,5.867136224536900367e-05,4.871779408261894595e+00,1.000000000000000000e+00,1.000000000000000000e+00,0.000000000000000000e+00,0.000000000000000000e+00
2.000000000000000000e+00,1.083248468684530445e-02,2.000000000000000000e+00,4.332993874738121781e-02,5.867136224536900367e-05,4.871779408261894595e+00,1.000000000000000000e+00,1.000000000000000000e+00,0.000000000000000000e+00,0.000000000000000000e+00
2.000000000000000000e+00,1.083248468684530445e-02,3.000000000000000000e+00,4.332993874738121781e-02,5.867136224536900367e-05,4.871779408261894595e+00,1.000000000000000000e+00,1.000000000000000000e+00,0.000000000000000000e+00,0.000000000000000000e+00
2.000000000000000000e+00,1.083248468684530445e-02,4.000000000000000000e+00,4.332993874738121781e-02,5.867136224536900367e-05,4.871779408261894595e+00,1.000000000000000000e+00,1.000000000000000000e+00,0.000000000000000000e+00,0.000000000000000000e+00
2.000000000000000000e+00,1.104858472499064062e-02,1.000000000000000000e+00,4.419433889996256248e-02,6.103561221264825333e-05,4.852026528687554574e+00,1.000000000000000000e+00,1.000000000000000000e+00,0.000000000000000000e+00,0.000000000000000000e+00
2.000000000000000000e+00,1.104858472499064062e-02,2.000000000000000000e+00,4.419433889996256248e-02,6.103561221264825333e-05,4.852026528687554574e+00,1.000000000000000000e+00,1.000000000000000000e+00,0.000000000000000000e+00,0.000000000000000000e+00
2.000000000000000000e+00,1.104858472499064062e-02,3.000000000000000000e+00,4.419433889996256248e-02,6.103561221264825333e-05,4.852026528687554574e+00,1.000000000000000000e+00,1.000000000000000000e+00,0.000000000000000000e+00,0.000000000000000000e+00
2.000000000000000000e+00,1.104858472499064062e-02,4.000000000000000000e+00,4.419433889996256248e-02,6.103561221264825333e-05,4.852026528687554574e+00,1.000000000000000000e+00,1.000000000000000000e+00,0.000000000000000000e+00,0.000000000000000000e+00
2.000000000000000000e+00,1.126899579867736596e-02,1.000000000000000000e+00,4.507598319470946385e-02,6.349513315530405828e-05,4.832273649113214553e+00,1.000000000000000000e+00,1.000000000000000000e+00,0.000000000000000000e+00,0.000000000000000000e+00
2.000000000000000000e+00,1.126899579867736596e-02,2.000000000000000000e+00,4.507598319470946385e-02,6.349513315530405828e-05,4.832273649113214553e+00,1.000000000000000000e+00,1.000000000000000000e+00,0.000000000000000000e+00,0.000000000000000000e+00
2.000000000000000000e+00,1.126899579867736596e-02,3.000000000000000000e+00,4.507598319470946385e-02,6.349513315530405828e-05,4.832273649113214553e+00,1.000000000000000000e+00,1.000000000000000000e+00,0.000000000000000000e+00,0.000000000000000000e+00
2.000000000000000000e+00,1.126899579867736596e-02,4.000000000000000000e+00,4.507598319470946385e-02,6.349513315530405828e-05,4.832273649113214553e+00,1.000000000000000000e+00,1.000000000000000000e+00,0.000000000000000000e+00,0.000000000000000000e+00
2.000000000000000000e+00,1.149380390986825054e-02,1.000000000000000000e+00,4.597521563947300216e-02,6.605376415925133787e-05,4.812520769538874532e+00,1.000000000000000000e+00,1.000000000000000000e+00,0.000000000000000000e+00,0.000000000000000000e+00
2.000000000000000000e+00,1.149380390986825054e-02,2.000000000000000000e+00,4.597521563947300216e-02,6.605376415925133787e-05,4.812520769538874532e+00,1.000000000000000000e+00,1.000000000000000000e+00,0.000000000000000000e+00,0.000000000000000000e+00
2.000000000000000000e+00,1.149380390986825054e-02,3.000000000000000000e+00,4.597521563947300216e-02,6.605376415925133787e-05,4.812520769538874532e+00,1.000000000000000000e+00,1.000000000000000000e+00,0.000000000000000000e+00,0.000000000000000000e+00
2.000000000000000000e+00,1.149380390986825054e-02,4.000000000000000000e+00,4.597521563947300216e-02,6.605376415925133787e-05,4.812520769538874532e+00,1.000000000000000000e+00,1.000000000000000000e+00,0.000000000000000000e+00,0.000000000000000000e+00
2.000000000000000000e+00,1.172309677620148385e-02,1.000000000000000000e+00,4.689238710480593542e-02,6.871549901209280504e-05,4.792767889964533623e+00,1.000000000000000000e+00,1.000000000000000000e+00,0.000000000000000000e+00,0.000000000000000000e+00
2.000000000000000000e+00,1.172309677620148385e-02,2.000000000000000000e+00,4.689238710480593542e-02,6.871549901209280504e-05,4.792767889964533623e+00,1.000000000000000000e+00,1.000000000000000000e+00,0.000000000000000000e+00,0.000000000000000000e+00
2.000000000000000000e+00,1.172309677620148385e-02,3.000000000000000000e+00,4.689238710480593542e-02,6.871549901209280504e-05,4.792767889964533623e+00,1.000000000000000000e+00,1.000000000000000000e+00,0.000000000000000000e+00,0.000000000000000000e+00
2.000000000000000000e+00,1.172309677620148385e-02,4.000000000000000000e+00,4.689238710480593542e-02,6.871549901209280504e-05,4.792767889964533623e+00,1.000000000000000000e+00,1.000000000000000000e+00,0.000000000000000000e+00,0.000000000000000000e+00
2.000000000000000000e+00,1.195696386521709342e-02,1.000000000000000000e+00,4.782785546086837369e-02,7.148449243705365375e-05,4.773015010390193602e+00,1.000000000000000000e+00,1.000000000000000000e+00,0.000000000000000000e+00,0.000000000000000000e+00
2.000000000000000000e+00,1.195696386521709342e-02,2.000000000000000000e+00,4.782785546086837369e-02,7.148449243705365375e-05,4.773015010390193602e+00,1.000000000000000000e+00,1.000000000000000000e+00,0.000000000000000000e+00,0.000000000000000000e+00
2.000000000000000000e+00,1.195696386521709342e-02,3.000000000000000000e+00,4.782785546086837369e-02,7.148449243705365375e-05,4.773015010390193602e+00,1.000000000000000000e+00,1.000000000000000000e+00,0.000000000000000000e+00,0.000000000000000000e+00
2.000000000000000000e+00,1.195696386521709342e-02,4.000000000000000000e+00,4.782785546086837369e-02,7.148449243705365375e-05,4.773015010390193602e+00,1.000000000000000000e+00,1.000000000000000000e+00,0.000000000000000000e+00,0.000000000000000000e+00
2.000000000000000000e+00,1.219549642926619909e-02,1.000000000000000000e+00,4.878198571706479636e-02,7.436506657812231181e-05,4.753262130815853581e+00,1.000000000000000000e+00,1.000000000000000000e+00,0.000000000000000000e+00,0.000000000000000000e+00
2.000000000000000000e+00,1.219549642926619909e-02,2.000000000000000000e+00,4.878198571706479636e-02,7.436506657812231181e-05,4.753262130815853581e+00,1.000000000000000000e+00,1.000000000000000000e+00,0.000000000000000000e+00,0.000000000000000000e+00
2.000000000000000000e+00,1.219549642926619909e-02,3.000000000000000000e+00,4.878198571706479636e-02,7.436506657812231181e-05,4.753262130815853581e+00,1.000000000000000000e+00,1.000000000000000000e+00,0.000000000000000000e+00,0.000000000000000000e+00
2.000000000000000000e+00,1.219549642926619909e-02,4.000000000000000000e+00,4.878198571706479636e-02,7.436506657812231181e-05,4.753262130815853581e+00,1.000000000000000000e+00,1.000000000000000000e+00,0.000000000000000000e+00,0.000000000000000000e+00
2.000000000000000000e+00,1.243878754111667033e-02,1.000000000000000000e+00,4.975515016446668132e-02,7.736171774651965532e-05,4.733509251241513560e+00,1.000000000000000000e+00,1.000000000000000000e+00,0.000000000000000000e+00,0.000000000000000000e+00
2.000000000000000000e+00,1.243878754111667033e-02,2.000000000000000000e+00,4.975515016446668132e-02,7.736171774651965532e-05,4.733509251241513560e+00,1.000000000000000000e+00,1.000000000000000000e+00,0.000000000000000000e+00,0.000000000000000000e+00
2.000000000000000000e+00,1.243878754111667033e-02,3.000000000000000000e+00,4.975515016446668132e-02,7.736171774651965532e-05,4.733509251241513560e+00,1.000000000000000000e+00,1.000000000000000000e+00,0.000000000000000000e+00,0.000000000000000000e+00
2.000000000000000000e+00,1.243878754111667033e-02,4.000000000000000000e+00,4.975515016446668132e-02,7.736171774651965532e-05,4.733509251241513560e+00,1.000000000000000000e+00,1.000000000000000000e+00,0.000000000000000000e+00,0.000000000000000000e+00
2.000000000000000000e+00,1.268693213026909211e-02,1.000000000000000000e+00,5.074772852107636845e-02,8.047912343902712028e-05,4.713756371667173539e+00,1.000000000000000000e+00,1.000000000000000000e+00,0.000000000000000000e+00,0.000000000000000000e+00
2.000000000000000000e+00,1.268693213026909211e-02,2.000000000000000000e+00,5.074772852107636845e-02,8.047912343902712028e-05,4.713756371667173539e+00,1.000000000000000000e+00,1.000000000000000000e+00,0.000000000000000000e+00,0.000000000000000000e+00
2.000000000000000000e+00,1.268693213026909211e-02,3.000000000000000000e+00,5.074772852107636845e-02,8.047912343902712028e-05,4.713756371667173539e+00,1.000000000000000000e+00,1.000000000000000000e+00,0.000000000000000000e+00,0.000000000000000000e+00
2.000000000000000000e+00,1.268693213026909211e-02,4.000000000000000000e+00,5.074772852107636845e-02,8.047912343902712028e-05,4.713756371667173539e+00,1.000000000000000000e+00,1.000000000000000000e+00,0.000000000000000000e+00,0.000000000000000000e+00
2.000000000000000000e+00,1.294002701999719812e-02,1.000000000000000000e+00,5.176010807998879248e-02,8.372214963912878824e-05,4.694003492092833518e+00,1.000000000000000000e+00,1.000000000000000000e+00,0.000000000000000000e+00,0.000000000000000000e+00
2.000000000000000000e+00,1.294002701999719812e-02,2.000000000000000000e+00,5.176010807998879248e-02,8.372214963912878824e-05,4.694003492092833518e+00,1.000000000000000000e+00,1.000000000000000000e+00,0.000000000000000000e+00,0.000000000000000000e+00
2.000000000000000000e+00,1.294002701999719812e-02,3.000000000000000000e+00,5.176010807998879248e-02,8.372214963912878824e-05,4.694003492092833518e+00,1.000000000000000000e+00,1.000000000000000000e+00,0.000000000000000000e+00,0.000000000000000000e+00
2.000000000000000000e+00,1.294002701999719812e-02,4.000000000000000000e+00,5.176010807998879248e-02,8.372214963912878824e-05,4.694003492092833518e+00,1.000000000000000000e+00,1.000000000000000000e+00,0.000000000000000000e+00,0.000000000000000000e+00
2.000000000000000000e+00,1.319817096512725281e-02,1.000000000000000000e+00,5.279268386050901124e-02,8.709585841236402364e-05,4.674250612518493497e+00,1.000000000000000000e+00,1.000000000000000000e+00,0.000000000000000000e+00,0.000000000000000000e+00
2.000000000000000000e+00,1.319817096512725281e-02,2.000000000000000000e+00,5.279268386050901124e-02,8.709585841236402364e-05,4.674250612518493497e+00,1.000000000000000000e+00,1.000000000000000000e+00,0.000000000000000000e+00,0.000000000000000000e+00
2.000000000000000000e+00,1.319817096512725281e-02,3.000000000000000000e+00,5.279268386050901124e-02,8.709585841236402364e-05,4.674250612518493497e+00,1.000000000000000000e+00,1.000000000000000000e+00,0.000000000000000000e+00,0.000000000000000000e+00
2.000000000000000000e+00,1.319817096512725281e-02,4.000000000000000000e+00,5.279268386050901124e-02,8.709585841236402364e-05,4.674250612518493497e+00,1.000000000000000000e+00,1.000000000000000000e+00,0.000000000000000000e+00,0.000000000000000000e+00
2.000000000000000000e+00,1.346146469057108927e-02,1.000000000000000000e+00,5.384585876228435708e-02,9.060551580774610174e-05,4.654497732944153476e+00,1.000000000000000000e+00,1.000000000000000000e+00,0.000000000000000000e+00,0.000000000000000000e+00
2.000000000000000000e+00,1.346146469057108927e-02,2.000000000000000000e+00,5.384585876228435708e-02,9.060551580774610174e-05,4.654497732944153476e+00,1.000000000000000000e+00,1.000000000000000000e+00,0.000000000000000000e+00,0.000000000000000000e+00
2.000000000000000000e+00,1.346146469057108927e-02,3.000000000000000000e+00,5.384585876228435708e-02,9.060551580774610174e-05,4.654497732944153476e+00,1.000000000000000000e+00,1.000000000000000000e+00,0.000000000000000000e+00,0.000000000000000000e+00
2.000000000000000000e+00,1.346146469057108927e-02,4.000000000000000000e+00,5.384585876228435708e-02,9.060551580774610174e-05,4.654497732944153476e+00,1.000000000000000000e+00,1.000000000000000000e+00,0.000000000000000000e+00,0.000000000000000000e+00
2.000000000000000000e+00,1.373001093062782910e-02,1.000000000000000000e+00,5.492004372251131639e-02,9.425660007757983043e-05,4.634744853369813455e+00,1.000000000000000000e+00,1.000000000000000000e+00,0.000000000000000000e+00,0.000000000000000000e+00
2.000000000000000000e+00,1.373001093062782910e-02,2.000000000000000000e+00,5.492004372251131639e-02,9.425660007757983043e-05,4.634744853369813455e+00,1.000000000000000000e+00,1.000000000000000000e+00,0.000000000000000000e+00,0.000000000000000000e+00
2.000000000000000000e+00,1.373001093062782910e-02,3.000000000000000000e+00,5.492004372251131639e-02,9.425660007757983043e-05,4.634744853369813455e+00,1.000000000000000000e+00,1.000000000000000000e+00,0.000000000000000000e+00,0.000000000000000000e+00
2.000000000000000000e+00,1.373001093062782910e-02,4.000000000000000000e+00,5.492004372251131639e-02,9.425660007757983043e-05,4.634744853369813455e+00,1.000000000000000000e+00,1.000000000000000000e+00,0.000000000000000000e+00,0.000000000000000000e+00
2.000000000000000000e+00,1.400391446906973716e-02,1.000000000000000000e+00,5.601565787627894866e-02,9.805481022851037583e-05,4.614991973795472546e+00,1.000000000000000000e+00,1.000000000000000000e+00,0.000000000000000000e+00,0.000000000000000000e+00
2.000000000000000000e+00,1.400391446906973716e-02,2.000000000000000000e+00,5.601565787627894866e-02,9.805481022851037583e-05,4.614991973795472546e+00,1.000000000000000000e+00,1.000000000000000000e+00,0.000000000000000000e+00,0.000000000000000000e+00
2.000000000000000000e+00,1.400391446906973716e-02,3.000000000000000000e+00,5.601565787627894866e-02,9.805481022851037583e-05,4.614991973795472546e+00,1.000000000000000000e+00,1.000000000000000000e+00,0.000000000000000000e+00,0.000000000000000000e+00
2.000000000000000000e+00,1.400391446906973716e-02,4.000000000000000000e+00,5.601565787627894866e-02,9.805481022851037583e-05,4.614991973795472546e+00,1.000000000000000000e+00,1.000000000000000000e+00,0.000000000000000000e+00,0.000000000000000000e+00
2.000000000000000000e+00,1.428328218002759310e-02,1.000000000000000000e+00,5.713312872011037241e-02,1.020060749171468936e-04,4.595239094221133413e+00,1.000000000000000000e+00,1.000000000000000000e+00,0.000000000000000000e+00,0.000000000000000000e+00
2.000000000000000000e+00,1.428328218002759310e-02,2.000000000000000000e+00,5.713312872011037241e-02,1.020060749171468936e-04,4.595239094221133413e+00,1.000000000000000000e+00,1.000000000000000000e+00,0.000000000000000000e+00,0.000000000000000000e+00
2.000000000000000000e+00,1.428328218002759310e-02,3.000000000000000000e+00,5.713312872011037241e-02,1.020060749171468936e-04,4.595239094221133413e+00,1.000000000000000000e+00,1.000000000000000000e+00,0.000000000000000000e+00,0.000000000000000000e+00
2.000000000000000000e+00,1.428328218002759310e-02,4.000000000000000000e+00,5.713312872011037241e-02,1.020060749171468936e-04,4.595239094221133413e+00,1.000000000000000000e+00,1.000000000000000000e+00,0.000000000000000000e+00,0.000000000000000000e+00
2.000000000000000000e+00,1.456822306969190323e-02,1.000000000000000000e+00,5.827289227876761291e-02,1.061165617041516957e-04,4.575486214646792504e+00,1.000000000000000000e+00,1.000000000000000000e+00,0.000000000000000000e+00,0.000000000000000000e+00
2.000000000000000000e+00,1.456822306969190323e-02,2.000000000000000000e+00,5.827289227876761291e-02,1.061165617041516957e-04,4.575486214646792504e+00,1.000000000000000000e+00,1.000000000000000000e+00,0.000000000000000000e+00,0.000000000000000000e+00
2.000000000000000000e+00,1.456822306969190323e-02,3.000000000000000000e+00,5.827289227876761291e-02,1.061165617041516957e-04,4.575486214646792504e+00,1.000000000000000000e+00,1.000000000000000000e+00,0.000000000000000000e+00,0.000000000000000000e+00
2.000000000000000000e+00,1.456822306969190323e-02,4.000000000000000000e+00,5.827289227876761291e-02,1.061165617041516957e-04,4.575486214646792504e+00,1.000000000000000000e+00,1.000000000000000000e+00,0.000000000000000000e+00,0.000000000000000000e+00
2.000000000000000000e+00,1.485884831884579961e-02,1.000000000000000000e+00,5.943539327538319844e-02,1.103926866812333284e-04,4.555733335072453372e+00,1.000000000000000000e+00,1.000000000000000000e+00,0.000000000000000000e+00,0.000000000000000000e+00
2.000000000000000000e+00,1.485884831884579961e-02,2.000000000000000000e+00,5.943539327538319844e-02,1.103926866812333284e-04,4.555733335072453372e+00,1.000000000000000000e+00,1.000000000000000000e+00,0.000000000000000000e+00,0.000000000000000000e+00
2.000000000000000000e+00,1.485884831884579961e-02,3.000000000000000000e+00,5.943539327538319844e-02,1.103926866812333284e-04,4.555733335072453372e+00,1.000000000000000000e+00,1.000000000000000000e+00,0.000000000000000000e+00,0.000000000000000000e+00
2.000000000000000000e+00,1.485884831884579961e-02,4.000000000000000000e+00,5.943539327538319844e-02,1.103926866812333284e-04,4.555733335072453372e+00,1.000000000000000000e+00,1.000000000000000000e+00,0.000000000000000000e+00,0.000000000000000000e+00
2.000000000000000000e+00,1.515527132624666651e-02,1.000000000000000000e+00,6.062108530498666603e-02,1.148411244860772019e-04,4.535980455498112462e+00,1.000000000000000000e+00,1.000000000000000000e+00,0.000000000000000000e+00,0.000000000000000000e+00
2.000000000000000000e+00,1.515527132624666651e-02,2.000000000000000000e+00,6.062108530498666603e-02,1.148411244860772019e-04,4.535980455498112462e+00,1.000000000000000000e+00,1.000000000000000000e+00,0.000000000000000000e+00,0.000000000000000000e+00
2.000000000000000000e+00,1.515527132624666651e-02,3.000000000000000000e+00,6.062108530498666603e-02,1.148411244860772019e-04,4.535980455498112462e+00,1.000000000000000000e+00,1.000000000000000000e+00,0.000000000000000000e+00,0.000000000000000000e+00
2.000000000000000000e+00,1.515527132624666651e-02,4.000000000000000000e+00,6.062108530498666603e-02,1.148411244860772019e-04,4.535980455498112462e+00,1.000000000000000000e+00,1.000000000000000000e+00,0.000000000000000000e+00,0.000000000000000000e+00
2.000000000000000000e+00,1.545760775287296530e-02,1.000000000000000000e+00,6.183043101149186122e-02,1.194688187208392001e-04,4.516227575923772442e+00,1.000000000000000000e+00,1.000000000000000000e+00,0.000000000000000000e+00,0.000000000000000000e+00
2.000000000000000000e+00,1.545760775287296530e-02,2.000000000000000000e+00,6.183043101149186122e-02,1.194688187208392001e-04,4.516227575923772442e+00,1.000000000000000000e+00,1.000000000000000000e+00,0.000000000000000000e+00,0.000000000000000000e+00
2.000000000000000000e+00,1.545760775287296530e-02,3.000000000000000000e+00,6.183043101149186122e-02,1.194688187208392001e-04,4.516227575923772442e+00,1.000000000000000000e+00,1.000000000000000000e+00,0.000000000000000000e+00,0.000000000000000000e+00
2.000000000000000000e+00,1.545760775287296530e-02,4.000000000000000000e+00,6.183043101149186122e-02,1.194688187208392001e-04,4.516227575923772442e+00,1.000000000000000000e+00,1.000000000000000000e+00,0.000000000000000000e+00,0.000000000000000000e+00
2.000000000000000000e+00,1.576597556705395739e-02,1.000000000000000000e+00,6.306390226821582956e-02,1.242829927904711708e-04,4.496474696349433309e+00,1.000000000000000000e+00,1.000000000000000000e+00,0.000000000000000000e+00,0.000000000000000000e+00
2.000000000000000000e+00,1.576597556705395739e-02,2.000000000000000000e+00,6.306390226821582956e-02,1.242829927904711708e-04,4.496474696349433309e+00,1.000000000000000000e+00,1.000000000000000000e+00,0.000000000000000000e+00,0.000000000000000000e+00
2.000000000000000000e+00,1.576597556705395739e-02,3.000000000000000000e+00,6.306390226821582956e-02,1.242829927904711708e-04,4.496474696349433309e+00,1.000000000000000000e+00,1.000000000000000000e+00,0.000000000000000000e+00,0.000000000000000000e+00
2.000000000000000000e+00,1.576597556705395739e-02,4.000000000000000000e+00,6.306390226821582956e-02,1.242829927904711708e-04,4.496474696349433309e+00,1.000000000000000000e+00,1.000000000000000000e+00,0.000000000000000000e+00,0.000000000000000000e+00
2.000000000000000000e+00,1.608049509049960801e-02,1.000000000000000000e+00,6.432198036199843205e-02,1.292911611777909956e-04,4.476721816775092400e+00,1.000000000000000000e+00,1.000000000000000000e+00,0.000000000000000000e+00,0.000000000000000000e+00
2.000000000000000000e+00,1.608049509049960801e-02,2.000000000000000000e+00,6.432198036199843205e-02,1.292911611777909956e-04,4.476721816775092400e+00,1.000000000000000000e+00,1.000000000000000000e+00,0.000000000000000000e+00,0.000000000000000000e+00
2.000000000000000000e+00,1.608049509049960801e-02,3.000000000000000000e+00,6.432198036199843205e-02,1.292911611777909956e-04,4.476721816775092400e+00,1.000000000000000000e+00,1.000000000000000000e+00,0.000000000000000000e+00,0.000000000000000000e+00
2.000000000000000000e+00,1.608049509049960801e-02,4.000000000000000000e+00,6.432198036199843205e-02,1.292911611777909956e-04,4.476721816775092400e+00,1.000000000000000000e+00,1.000000000000000000e+00,0.000000000000000000e+00,0.000000000000000000e+00
2.000000000000000000e+00,1.640128904524877987e-02,1.000000000000000000e+00,6.560515618099511947e-02,1.345011411728988158e-04,4.456968937200752379e+00,1.000000000000000000e+00,1.000000000000000000e+00,0.000000000000000000e+00,0.000000000000000000e+00
2.000000000000000000e+00,1.640128904524877987e-02,2.000000000000000000e+00,6.560515618099511947e-02,1.345011411728988158e-04,4.456968937200752379e+00,1.000000000000000000e+00,1.000000000000000000e+00,0.000000000000000000e+00,0.000000000000000000e+00
2.000000000000000000e+00,1.640128904524877987e-02,3.000000000000000000e+00,6.560515618099511947e-02,1.345011411728988158e-04,4.456968937200752379e+00,1.000000000000000000e+00,1.000000000000000000e+00,0.000000000000000000e+00,0.000000000000000000e+00
2.000000000000000000e+00,1.640128904524877987e-02,4.000000000000000000e+00,6.560515618099511947e-02,1.345011411728988158e-04,4.456968937200752379e+00,1.000000000000000000e+00,1.000000000000000000e+00,0.000000000000000000e+00,0.000000000000000000e+00
2.000000000000000000e+00,1.672848260155402819e-02,1.000000000000000000e+00,6.691393040621611277e-02,1.399210650752479154e-04,4.437216057626412358e+00,1.000000000000000000e+00,1.000000000000000000e+00,0.000000000000000000e+00,0.000000000000000000e+00
2.000000000000000000e+00,1.672848260155402819e-02,2.000000000000000000e+00,6.691393040621611277e-02,1.399210650752479154e-04,4.437216057626412358e+00,1.000000000000000000e+00,1.000000000000000000e+00,0.000000000000000000e+00,0.000000000000000000e+00
2.000000000000000000e+00,1.672848260155402819e-02,3.000000000000000000e+00,6.691393040621611277e-02,1.399210650752479154e-04,4.437216057626412358e+00,1.000000000000000000e+00,1.000000000000000000e+00,0.000000000000000000e+00,0.000000000000000000e+00
2.000000000000000000e+00,1.672848260155402819e-02,4.000000000000000000e+00,6.691393040621611277e-02,1.399210650752479154e-04,4.437216057626412358e+00,1.000000000000000000e+00,1.000000000000000000e+00,0.000000000000000000e+00,0.000000000000000000e+00
2.000000000000000000e+00,1.706220342672163867e-02,1.000000000000000000e+00,6.824881370688655469e-02,1.455593928874158180e-04,4.417463178052072337e+00,1.000000000000000000e+00,1.000000000000000000e+00,0.000000000000000000e+00,0.000000000000000000e+00
2.000000000000000000e+00,1.706220342672163867e-02,2.000000000000000000e+00,6.824881370688655469e-02,1.455593928874158180e-04,4.417463178052072337e+00,1.000000000000000000e+00,1.000000000000000000e+00,0.000000000000000000e+00,0.000000000000000000e+00
2.000000000000000000e+00,1.706220342672163867e-02,3.000000000000000000e+00,6.824881370688655469e-02,1.455593928874158180e-04,4.417463178052072337e+00,1.000000000000000000e+00,1.000000000000000000e+00,0.000000000000000000e+00,0.000000000000000000e+00
2.000000000000000000e+00,1.706220342672163867e-02,4.000000000000000000e+00,6.824881370688655469e-02,1.455593928874158180e-04,4.417463178052072337e+00,1.000000000000000000e+00,1.000000000000000000e+00,0.000000000000000000e+00,0.000000000000000000e+00
2.000000000000000000e+00,1.740258173492601271e-02,1.000000000000000000e+00,6.961032693970405083e-02,1.514249255203902454e-04,4.397710298477732316e+00,1.000000000000000000e+00,1.000000000000000000e+00,0.000000000000000000e+00,0.000000000000000000e+00
2.000000000000000000e+00,1.740258173492601271e-02,2.000000000000000000e+00,6.961032693970405083e-02,1.514249255203902454e-04,4.397710298477732316e+00,1.000000000000000000e+00,1.000000000000000000e+00,0.000000000000000000e+00,0.000000000000000000e+00
2.000000000000000000e+00,1.740258173492601271e-02,3.000000000000000000e+00,6.961032693970405083e-02,1.514249255203902454e-04,4.397710298477732316e+00,1.000000000000000000e+00,1.000000000000000000e+00,0.000000000000000000e+00,0.000000000000000000e+00
2.000000000000000000e+00,1.740258173492601271e-02,4.000000000000000000e+00,6.961032693970405083e-02,1.514249255203902454e-04,4.397710298477732316e+00,1.000000000000000000e+00,1.000000000000000000e+00,0.000000000000000000e+00,0.000000000000000000e+00
2.000000000000000000e+00,1.774975033801776472e-02,1.000000000000000000e+00,7.099900135207105889e-02,1.575268185309808787e-04,4.377957418903392295e+00,1.000000000000000000e+00,1.000000000000000000e+00,0.000000000000000000e+00,0.000000000000000000e+00
2.000000000000000000e+00,1.774975033801776472e-02,2.000000000000000000e+00,7.099900135207105889e-02,1.575268185309808787e-04,4.377957418903392295e+00,1.000000000000000000e+00,1.000000000000000000e+00,0.000000000000000000e+00,0.000000000000000000e+00
2.000000000000000000e+00,1.774975033801776472e-02,3.000000000000000000e+00,7.099900135207105889e-02,1.575268185309808787e-04,4.377957418903392295e+00,1.000000000000000000e+00,1.000000000000000000e+00,0.000000000000000000e+00,0.000000000000000000e+00
2.000000000000000000e+00,1.774975033801776472e-02,4.000000000000000000e+00,7.099900135207105889e-02,1.575268185309808787e-04,4.377957418903392295e+00,1.000000000000000000e+00,1.000000000000000000e+00,0.000000000000000000e+00,0.000000000000000000e+00
2.000000000000000000e+00,1.810384469734550167e-02,1.000000000000000000e+00,7.241537878938200667e-02,1.638745964128024153e-04,4.358204539329052274e+00,1.000000000000000000e+00,1.000000000000000000e+00,0.000000000000000000e+00,0.000000000000000000e+00
2.000000000000000000e+00,1.810384469734550167e-02,2.000000000000000000e+00,7.241537878938200667e-02,1.638745964128024153e-04,4.358204539329052274e+00,1.000000000000000000e+00,1.000000000000000000e+00,0.000000000000000000e+00,0.000000000000000000e+00
2.000000000000000000e+00,1.810384469734550167e-02,3.000000000000000000e+00,7.241537878938200667e-02,1.638745964128024153e-04,4.358204539329052274e+00,1.000000000000000000e+00,1.000000000000000000e+00,0.000000000000000000e+00,0.000000000000000000e+00
2.000000000000000000e+00,1.810384469734550167e-02,4.000000000000000000e+00,7.241537878938200667e-02,1.638745964128024153e-04,4.358204539329052274e+00,1.000000000000000000e+00,1.000000000000000000e+00,0.000000000000000000e+00,0.000000000000000000e+00
2.000000000000000000e+00,1.846500297661124793e-02,1.000000000000000000e+00,7.386001190644499170e-02,1.704781674631311204e-04,4.338451659754712253e+00,1.000000000000000000e+00,1.000000000000000000e+00,0.000000000000000000e+00,0.000000000000000000e+00
2.000000000000000000e+00,1.846500297661124793e-02,2.000000000000000000e+00,7.386001190644499170e-02,1.704781674631311204e-04,4.338451659754712253e+00,1.000000000000000000e+00,1.000000000000000000e+00,0.000000000000000000e+00,0.000000000000000000e+00
2.000000000000000000e+00,1.846500297661124793e-02,3.000000000000000000e+00,7.386001190644499170e-02,1.704781674631311204e-04,4.338451659754712253e+00,1.000000000000000000e+00,1.000000000000000000e+00,0.000000000000000000e+00,0.000000000000000000e+00
2.000000000000000000e+00,1.846500297661124793e-02,4.000000000000000000e+00,7.386001190644499170e-02,1.704781674631311204e-04,4.338451659754712253e+00,1.000000000000000000e+00,1.000000000000000000e+00,0.000000000000000000e+00,0.000000000000000000e+00
2.000000000000000000e+00,1.883336609578051615e-02,1.000000000000000000e+00,7.533346438312206461e-02,1.773478392488475087e-04,4.318698780180371344e+00,1.000000000000000000e+00,1.000000000000000000e+00,0.000000000000000000e+00,0.000000000000000000e+00
2.000000000000000000e+00,1.883336609578051615e-02,2.000000000000000000e+00,7.533346438312206461e-02,1.773478392488475087e-04,4.318698780180371344e+00,1.000000000000000000e+00,1.000000000000000000e+00,0.000000000000000000e+00,0.000000000000000000e+00
2.000000000000000000e+00,1.883336609578051615e-02,3.000000000000000000e+00,7.533346438312206461e-02,1.773478392488475087e-04,4.318698780180371344e+00,1.000000000000000000e+00,1.000000000000000000e+00,0.000000000000000000e+00,0.000000000000000000e+00
2.000000000000000000e+00,1.883336609578051615e-02,4.000000000000000000e+00,7.533346438312206461e-02,1.773478392488475087e-04,4.318698780180371344e+00,1.000000000000000000e+00,1.000000000000000000e+00,0.000000000000000000e+00,0.000000000000000000e+00
2.000000000000000000e+00,1.920907778606756669e-02,1.000000000000000000e+00,7.683631114427026676e-02,1.844943346955972183e-04,4.298945900606032211e+00,1.000000000000000000e+00,1.000000000000000000e+00,0.000000000000000000e+00,0.000000000000000000e+00
2.000000000000000000e+00,1.920907778606756669e-02,2.000000000000000000e+00,7.683631114427026676e-02,1.844943346955972183e-04,4.298945900606032211e+00,1.000000000000000000e+00,1.000000000000000000e+00,0.000000000000000000e+00,0.000000000000000000e+00
2.000000000000000000e+00,1.920907778606756669e-02,3.000000000000000000e+00,7.683631114427026676e-02,1.844943346955972183e-04,4.298945900606032211e+00,1.000000000000000000e+00,1.000000000000000000e+00,0.000000000000000000e+00,0.000000000000000000e+00
2.000000000000000000e+00,1.920907778606756669e-02,4.000000000000000000e+00,7.683631114427026676e-02,1.844943346955972183e-04,4.298945900606032211e+00,1.000000000000000000e+00,1.000000000000000000e+00,0.000000000000000000e+00,0.000000000000000000e+00
2.000000000000000000e+00,1.959228464601790731e-02,1.000000000000000000e+00,7.836913858407162925e-02,1.919288088252945105e-04,4.279193021031692190e+00,1.000000000000000000e+00,1.000000000000000000e+00,0.000000000000000000e+00,0.000000000000000000e+00
2.000000000000000000e+00,1.959228464601790731e-02,2.000000000000000000e+00,7.836913858407162925e-02,1.919288088252945105e-04,4.279193021031692190e+00,1.000000000000000000e+00,1.000000000000000000e+00,0.000000000000000000e+00,0.000000000000000000e+00
2.000000000000000000e+00,1.959228464601790731e-02,3.000000000000000000e+00,7.836913858407162925e-02,1.919288088252945105e-04,4.279193021031692190e+00,1.000000000000000000e+00,1.000000000000000000e+00,0.000000000000000000e+00,0.000000000000000000e+00
2.000000000000000000e+00,1.959228464601790731e-02,4.000000000000000000e+00,7.836913858407162925e-02,1.919288088252945105e-04,4.279193021031692190e+00,1.000000000000000000e+00,1.000000000000000000e+00,0.000000000000000000e+00,0.000000000000000000e+00
2.000000000000000000e+00,1.998313619870926983e-02,1.000000000000000000e+00,7.993254479483707930e-02,1.996628661680823814e-04,4.259440141457351281e+00,1.000000000000000000e+00,1.000000000000000000e+00,0.000000000000000000e+00,0.000000000000000000e+00
2.000000000000000000e+00,1.998313619870926983e-02,2.000000000000000000e+00,7.993254479483707930e-02,1.996628661680823814e-04,4.259440141457351281e+00,1.000000000000000000e+00,1.000000000000000000e+00,0.000000000000000000e+00,0.000000000000000000e+00
2.000000000000000000e+00,1.998313619870926983e-02,3.000000000000000000e+00,7.993254479483707930e-02,1.996628661680823814e-04,4.259440141457351281e+00,1.000000000000000000e+00,1.000000000000000000e+00,0.000000000000000000e+00,0.000000000000000000e+00
2.000000000000000000e+00,1.998313619870926983e-02,4.000000000000000000e+00,7.993254479483707930e-02,1.996628661680823814e-04,4.259440141457351281e+00,1.000000000000000000e+00,1.000000000000000000e+00,0.000000000000000000e+00,0.000000000000000000e+00
2.000000000000000000e+00,2.038178495009395491e-02,1.000000000000000000e+00,8.152713980037581964e-02,2.077085788759382298e-04,4.239687261883012148e+00,1.000000000000000000e+00,1.000000000000000000e+00,0.000000000000000000e+00,0.000000000000000000e+00
2.000000000000000000e+00,2.038178495009395491e-02,2.000000000000000000e+00,8.152713980037581964e-02,2.077085788759382298e-04,4.239687261883012148e+00,1.000000000000000000e+00,1.000000000000000000e+00,0.000000000000000000e+00,0.000000000000000000e+00
2.000000000000000000e+00,2.038178495009395491e-02,3.000000000000000000e+00,8.152713980037581964e-02,2.077085788759382298e-04,4.239687261883012148e+00,1.000000000000000000e+00,1.000000000000000000e+00,0.000000000000000000e+00,0.000000000000000000e+00
2.000000000000000000e+00,2.038178495009395491e-02,4.000000000000000000e+00,8.152713980037581964e-02,2.077085788759382298e-04,4.239687261883012148e+00,1.000000000000000000e+00,1.000000000000000000e+00,0.000000000000000000e+00,0.000000000000000000e+00
2.000000000000000000e+00,2.078838644850495090e-02,1.000000000000000000e+00,8.315354579401980362e-02,2.160785055661921552e-04,4.219934382308671239e+00,1.000000000000000000e+00,1.000000000000000000e+00,0.000000000000000000e+00,0.000000000000000000e+00
2.000000000000000000e+00,2.078838644850495090e-02,2.000000000000000000e+00,8.315354579401980362e-02,2.160785055661921552e-04,4.219934382308671239e+00,1.000000000000000000e+00,1.000000000000000000e+00,0.000000000000000000e+00,0.000000000000000000e+00
2.000000000000000000e+00,2.078838644850495090e-02,3.000000000000000000e+00,8.315354579401980362e-02,2.160785055661921552e-04,4.219934382308671239e+00,1.000000000000000000e+00,1.000000000000000000e+00,0.000000000000000000e+00,0.000000000000000000e+00
2.000000000000000000e+00,2.078838644850495090e-02,4.000000000000000000e+00,8.315354579401980362e-02,2.160785055661921552e-04,4.219934382308671239e+00,1.000000000000000000e+00,1.000000000000000000e+00,0.000000000000000000e+00,0.000000000000000000e+00
2.000000000000000000e+00,2.120309934534914814e-02,1.000000000000000000e+00,8.481239738139659257e-02,2.247857109243727261e-04,4.200181502734331218e+00,1.000000000000000000e+00,1.000000000000000000e+00,0.000000000000000000e+00,0.000000000000000000e+00
2.000000000000000000e+00,2.120309934534914814e-02,2.000000000000000000e+00,8.481239738139659257e-02,2.247857109243727261e-04,4.200181502734331218e+00,1.000000000000000000e+00,1.000000000000000000e+00,0.000000000000000000e+00,0.000000000000000000e+00
2.000000000000000000e+00,2.120309934534914814e-02,3.000000000000000000e+00,8.481239738139659257e-02,2.247857109243727261e-04,4.200181502734331218e+00,1.000000000000000000e+00,1.000000000000000000e+00,0.000000000000000000e+00,0.000000000000000000e+00
2.000000000000000000e+00,2.120309934534914814e-02,4.000000000000000000e+00,8.481239738139659257e-02,2.247857109243727261e-04,4.200181502734331218e+00,1.000000000000000000e+00,1.000000000000000000e+00,0.000000000000000000e+00,0.000000000000000000e+00
2.000000000000000000e+00,2.162608545701138682e-02,1.000000000000000000e+00,8.650434182804554728e-02,2.338437860969797097e-04,4.180428623159991197e+00,1.000000000000000000e+00,1.000000000000000000e+00,0.000000000000000000e+00,0.000000000000000000e+00
2.000000000000000000e+00,2.162608545701138682e-02,2.000000000000000000e+00,8.650434182804554728e-02,2.338437860969797097e-04,4.180428623159991197e+00,1.000000000000000000e+00,1.000000000000000000e+00,0.000000000000000000e+00,0.000000000000000000e+00
2.000000000000000000e+00,2.162608545701138682e-02,3.000000000000000000e+00,8.650434182804554728e-02,2.338437860969797097e-04,4.180428623159991197e+00,1.000000000000000000e+00,1.000000000000000000e+00,0.000000000000000000e+00,0.000000000000000000e+00
2.000000000000000000e+00,2.162608545701138682e-02,4.000000000000000000e+00,8.650434182804554728e-02,2.338437860969797097e-04,4.180428623159991197e+00,1.000000000000000000e+00,1.000000000000000000e+00,0.000000000000000000e+00,0.000000000000000000e+00
2.000000000000000000e+00,2.205750982799340593e-02,1.000000000000000000e+00,8.823003931197362371e-02,2.432668699060128495e-04,4.160675743585651176e+00,1.000000000000000000e+00,1.000000000000000000e+00,0.000000000000000000e+00,0.000000000000000000e+00
2.000000000000000000e+00,2.205750982799340593e-02,2.000000000000000000e+00,8.823003931197362371e-02,2.432668699060128495e-04,4.160675743585651176e+00,1.000000000000000000e+00,1.000000000000000000e+00,0.000000000000000000e+00,0.000000000000000000e+00
2.000000000000000000e+00,2.205750982799340593e-02,3.000000000000000000e+00,8.823003931197362371e-02,2.432668699060128495e-04,4.160675743585651176e+00,1.000000000000000000e+00,1.000000000000000000e+00,0.000000000000000000e+00,0.000000000000000000e+00
2.000000000000000000e+00,2.205750982799340593e-02,4.000000000000000000e+00,8.823003931197362371e-02,2.432668699060128495e-04,4.160675743585651176e+00,1.000000000000000000e+00,1.000000000000000000e+00,0.000000000000000000e+00,0.000000000000000000e+00
2.000000000000000000e+00,2.249754079531238876e-02,1.000000000000000000e+00,8.999016318124955505e-02,2.530696709183725881e-04,4.140922864011311155e+00,1.000000000000000000e+00,1.000000000000000000e+00,0.000000000000000000e+00,0.000000000000000000e+00
2.000000000000000000e+00,2.249754079531238876e-02,2.000000000000000000e+00,8.999016318124955505e-02,2.530696709183725881e-04,4.140922864011311155e+00,1.000000000000000000e+00,1.000000000000000000e+00,0.000000000000000000e+00,0.000000000000000000e+00
2.000000000000000000e+00,2.249754079531238876e-02,3.000000000000000000e+00,8.999016318124955505e-02,2.530696709183725881e-04,4.140922864011311155e+00,1.000000000000000000e+00,1.000000000000000000e+00,0.000000000000000000e+00,0.000000000000000000e+00
2.000000000000000000e+00,2.249754079531238876e-02,4.000000000000000000e+00,8.999016318124955505e-02,2.530696709183725881e-04,4.140922864011311155e+00,1.000000000000000000e+00,1.000000000000000000e+00,0.000000000000000000e+00,0.000000000000000000e+00
2.000000000000000000e+00,2.294635005418420998e-02,1.000000000000000000e+00,9.178540021673683991e-02,2.632674904045798720e-04,4.121169984436971134e+00,1.000000000000000000e+00,1.000000000000000000e+00,0.000000000000000000e+00,0.000000000000000000e+00
2.000000000000000000e+00,2.294635005418420998e-02,2.000000000000000000e+00,9.178540021673683991e-02,2.632674904045798720e-04,4.121169984436971134e+00,1.000000000000000000e+00,1.000000000000000000e+00,0.000000000000000000e+00,0.000000000000000000e+00
2.000000000000000000e+00,2.294635005418420998e-02,3.000000000000000000e+00,9.178540021673683991e-02,2.632674904045798720e-04,4.121169984436971134e+00,1.000000000000000000e+00,1.000000000000000000e+00,0.000000000000000000e+00,0.000000000000000000e+00
2.000000000000000000e+00,2.294635005418420998e-02,4.000000000000000000e+00,9.178540021673683991e-02,2.632674904045798720e-04,4.121169984436971134e+00,1.000000000000000000e+00,1.000000000000000000e+00,0.000000000000000000e+00,0.000000000000000000e+00
2.000000000000000000e+00,2.340411272501700946e-02,1.000000000000000000e+00,9.361645090006803782e-02,2.738762462226515797e-04,4.101417104862631113e+00,1.000000000000000000e+00,1.000000000000000000e+00,0.000000000000000000e+00,0.000000000000000000e+00
2.000000000000000000e+00,2.340411272501700946e-02,2.000000000000000000e+00,9.361645090006803782e-02,2.738762462226515797e-04,4.101417104862631113e+00,1.000000000000000000e+00,1.000000000000000000e+00,0.000000000000000000e+00,0.000000000000000000e+00
2.000000000000000000e+00,2.340411272501700946e-02,3.000000000000000000e+00,9.361645090006803782e-02,2.738762462226515797e-04,4.101417104862631113e+00,1.000000000000000000e+00,1.000000000000000000e+00,0.000000000000000000e+00,0.000000000000000000e+00
2.000000000000000000e+00,2.340411272501700946e-02,4.000000000000000000e+00,9.361645090006803782e-02,2.738762462226515797e-04,4.101417104862631113e+00,1.000000000000000000e+00,1.000000000000000000e+00,0.000000000000000000e+00,0.000000000000000000e+00
2.000000000000000000e+00,2.387100742174118675e-02,1.000000000000000000e+00,9.548402968696474702e-02,2.849124976644114293e-04,4.081664225288291092e+00,1.000000000000000000e+00,1.000000000000000000e+00,0.000000000000000000e+00,0.000000000000000000e+00
2.000000000000000000e+00,2.387100742174118675e-02,2.000000000000000000e+00,9.548402968696474702e-02,2.849124976644114293e-04,4.081664225288291092e+00,1.000000000000000000e+00,1.000000000000000000e+00,0.000000000000000000e+00,0.000000000000000000e+00
2.000000000000000000e+00,2.387100742174118675e-02,3.000000000000000000e+00,9.548402968696474702e-02,2.849124976644114293e-04,4.081664225288291092e+00,1.000000000000000000e+00,1.000000000000000000e+00,0.000000000000000000e+00,0.000000000000000000e+00
2.000000000000000000e+00,2.387100742174118675e-02,4.000000000000000000e+00,9.548402968696474702e-02,2.849124976644114293e-04,4.081664225288291092e+00,1.000000000000000000e+00,1.000000000000000000e+00,0.000000000000000000e+00,0.000000000000000000e+00
2.000000000000000000e+00,2.434721632150271126e-02,1.000000000000000000e+00,9.738886528601084502e-02,2.963934713030239986e-04,4.061911345713951071e+00,1.000000000000000000e+00,1.000000000000000000e+00,0.000000000000000000e+00,0.000000000000000000e+00
2.000000000000000000e+00,2.434721632150271126e-02,2.000000000000000000e+00,9.738886528601084502e-02,2.963934713030239986e-04,4.061911345713951071e+00,1.000000000000000000e+00,1.000000000000000000e+00,0.000000000000000000e+00,0.000000000000000000e+00
2.000000000000000000e+00,2.434721632150271126e-02,3.000000000000000000e+00,9.738886528601084502e-02,2.963934713030239986e-04,4.061911345713951071e+00,1.000000000000000000e+00,1.000000000000000000e+00,0.000000000000000000e+00,0.000000000000000000e+00
2.000000000000000000e+00,2.434721632150271126e-02,4.000000000000000000e+00,9.738886528601084502e-02,2.963934713030239986e-04,4.061911345713951071e+00,1.000000000000000000e+00,1.000000000000000000e+00,0.000000000000000000e+00,0.000000000000000000e+00
2.000000000000000000e+00,2.483292523574644195e-02,1.000000000000000000e+00,9.933170094298576780e-02,3.083370878820862644e-04,4.042158466139611050e+00,1.000000000000000000e+00,1.000000000000000000e+00,0.000000000000000000e+00,0.000000000000000000e+00
2.000000000000000000e+00,2.483292523574644195e-02,2.000000000000000000e+00,9.933170094298576780e-02,3.083370878820862644e-04,4.042158466139611050e+00,1.000000000000000000e+00,1.000000000000000000e+00,0.000000000000000000e+00,0.000000000000000000e+00
2.000000000000000000e+00,2.483292523574644195e-02,3.000000000000000000e+00,9.933170094298576780e-02,3.083370878820862644e-04,4.042158466139611050e+00,1.000000000000000000e+00,1.000000000000000000e+00,0.000000000000000000e+00,0.000000000000000000e+00
2.000000000000000000e+00,2.483292523574644195e-02,4.000000000000000000e+00,9.933170094298576780e-02,3.083370878820862644e-04,4.042158466139611050e+00,1.000000000000000000e+00,1.000000000000000000e+00,0.000000000000000000e+00,0.000000000000000000e+00
2.000000000000000000e+00,2.532832368271790979e-02,1.000000000000000000e+00,1.013132947308716392e-01,3.207619902882644504e-04,4.022405586565271030e+00,1.000000000000000000e+00,1.000000000000000000e+00,0.000000000000000000e+00,0.000000000000000000e+00
2.000000000000000000e+00,2.532832368271790979e-02,2.000000000000000000e+00,1.013132947308716392e-01,3.207619902882644504e-04,4.022405586565271030e+00,1.000000000000000000e+00,1.000000000000000000e+00,0.000000000000000000e+00,0.000000000000000000e+00
2.000000000000000000e+00,2.532832368271790979e-02,3.000000000000000000e+00,1.013132947308716392e-01,3.207619902882644504e-04,4.022405586565271030e+00,1.000000000000000000e+00,1.000000000000000000e+00,0.000000000000000000e+00,0.000000000000000000e+00
2.000000000000000000e+00,2.532832368271790979e-02,4.000000000000000000e+00,1.013132947308716392e-01,3.207619902882644504e-04,4.022405586565271030e+00,1.000000000000000000e+00,1.000000000000000000e+00,0.000000000000000000e+00,0.000000000000000000e+00
2.000000000000000000e+00,2.583360496141102330e-02,1.000000000000000000e+00,1.033344198456440932e-01,3.336875726511201457e-04,4.002652706990931009e+00,1.000000000000000000e+00,1.000000000000000000e+00,0.000000000000000000e+00,0.000000000000000000e+00
2.000000000000000000e+00,2.583360496141102330e-02,2.000000000000000000e+00,1.033344198456440932e-01,3.336875726511201457e-04,4.002652706990931009e+00,1.000000000000000000e+00,1.000000000000000000e+00,0.000000000000000000e+00,0.000000000000000000e+00
2.000000000000000000e+00,2.583360496141102330e-02,3.000000000000000000e+00,1.033344198456440932e-01,3.336875726511201457e-04,4.002652706990931009e+00,1.000000000000000000e+00,1.000000000000000000e+00,0.000000000000000000e+00,0.000000000000000000e+00
2.000000000000000000e+00,2.583360496141102330e-02,4.000000000000000000e+00,1.033344198456440932e-01,3.336875726511201457e-04,4.002652706990931009e+00,1.000000000000000000e+00,1.000000000000000000e+00,0.000000000000000000e+00,0.000000000000000000e+00
2.000000000000000000e+00,2.634896622699140975e-02,1.000000000000000000e+00,1.053958649079656390e-01,3.471340106155669384e-04,3.982899827416590544e+00,1.000000000000000000e+00,1.000000000000000000e+00,0.000000000000000000e+00,0.000000000000000000e+00
2.000000000000000000e+00,2.634896622699140975e-02,2.000000000000000000e+00,1.053958649079656390e-01,3.471340106155669384e-04,3.982899827416590544e+00,1.000000000000000000e+00,1.000000000000000000e+00,0.000000000000000000e+00,0.000000000000000000e+00
2.000000000000000000e+00,2.634896622699140975e-02,3.000000000000000000e+00,1.053958649079656390e-01,3.471340106155669384e-04,3.982899827416590544e+00,1.000000000000000000e+00,1.000000000000000000e+00,0.000000000000000000e+00,0.000000000000000000e+00
2.000000000000000000e+00,2.634896622699140975e-02,4.000000000000000000e+00,1.053958649079656390e-01,3.471340106155669384e-04,3.982899827416590544e+00,1.000000000000000000e+00,1.000000000000000000e+00,1.000000000000000000e+00,1.000000000000000000e+00
2.000000000000000000e+00,2.687460856772398710e-02,1.000000000000000000e+00,1.074984342708959484e-01,3.611222928341917531e-04,3.963146947842250523e+00,1.000000000000000000e+00,1.000000000000000000e+00,0.000000000000000000e+00,0.000000000000000000e+00
2.000000000000000000e+00,2.687460856772398710e-02,2.000000000000000000e+00,1.074984342708959484e-01,3.611222928341917531e-04,3.963146947842250523e+00,1.000000000000000000e+00,1.000000000000000000e+00,0.000000000000000000e+00,0.000000000000000000e+00
2.000000000000000000e+00,2.687460856772398710e-02,3.000000000000000000e+00,1.074984342708959484e-01,3.611222928341917531e-04,3.963146947842250523e+00,1.000000000000000000e+00,1.000000000000000000e+00,0.000000000000000000e+00,0.000000000000000000e+00
2.000000000000000000e+00,2.687460856772398710e-02,4.000000000000000000e+00,1.074984342708959484e-01,3.611222928341917531e-04,3.963146947842250523e+00,1.000000000000000000e+00,1.000000000000000000e+00,1.000000000000000000e+00,1.000000000000000000e+00
2.000000000000000000e+00,2.741073708343551990e-02,1.000000000000000000e+00,1.096429483337420796e-01,3.756742537286135810e-04,3.943394068267910502e+00,1.000000000000000000e+00,1.000000000000000000e+00,0.000000000000000000e+00,0.000000000000000000e+00
2.000000000000000000e+00,2.741073708343551990e-02,2.000000000000000000e+00,1.096429483337420796e-01,3.756742537286135810e-04,3.943394068267910502e+00,1.000000000000000000e+00,1.000000000000000000e+00,0.000000000000000000e+00,0.000000000000000000e+00
2.000000000000000000e+00,2.741073708343551990e-02,3.000000000000000000e+00,1.096429483337420796e-01,3.756742537286135810e-04,3.943394068267910502e+00,1.000000000000000000e+00,1.000000000000000000e+00,0.000000000000000000e+00,0.000000000000000000e+00
2.000000000000000000e+00,2.741073708343551990e-02,4.000000000000000000e+00,1.096429483337420796e-01,3.756742537286135810e-04,3.943394068267910502e+00,1.000000000000000000e+00,1.000000000000000000e+00,1.000000000000000000e+00,1.000000000000000000e+00
2.000000000000000000e+00,2.795756096554223927e-02,1.000000000000000000e+00,1.118302438621689571e-01,3.908126075710055352e-04,3.923641188693570481e+00,1.000000000000000000e+00,1.000000000000000000e+00,0.000000000000000000e+00,0.000000000000000000e+00
2.000000000000000000e+00,2.795756096554223927e-02,2.000000000000000000e+00,1.118302438621689571e-01,3.908126075710055352e-04,3.923641188693570481e+00,1.000000000000000000e+00,1.000000000000000000e+00,0.000000000000000000e+00,0.000000000000000000e+00
2.000000000000000000e+00,2.795756096554223927e-02,3.000000000000000000e+00,1.118302438621689571e-01,3.908126075710055352e-04,3.923641188693570481e+00,1.000000000000000000e+00,1.000000000000000000e+00,0.000000000000000000e+00,0.000000000000000000e+00
2.000000000000000000e+00,2.795756096554223927e-02,4.000000000000000000e+00,1.118302438621689571e-01,3.908126075710055352e-04,3.923641188693570481e+00,1.000000000000000000e+00,1.000000000000000000e+00,1.000000000000000000e+00,1.000000000000000000e+00
2.000000000000000000e+00,2.851529357867403636e-02,1.000000000000000000e+00,1.140611743146961454e-01,4.065609839389843633e-04,3.903888309119230460e+00,1.000000000000000000e+00,1.000000000000000000e+00,0.000000000000000000e+00,0.000000000000000000e+00
2.000000000000000000e+00,2.851529357867403636e-02,2.000000000000000000e+00,1.140611743146961454e-01,4.065609839389843633e-04,3.903888309119230460e+00,1.000000000000000000e+00,1.000000000000000000e+00,0.000000000000000000e+00,0.000000000000000000e+00
2.000000000000000000e+00,2.851529357867403636e-02,3.000000000000000000e+00,1.140611743146961454e-01,4.065609839389843633e-04,3.903888309119230460e+00,1.000000000000000000e+00,1.000000000000000000e+00,0.000000000000000000e+00,0.000000000000000000e+00
2.000000000000000000e+00,2.851529357867403636e-02,4.000000000000000000e+00,1.140611743146961454e-01,4.065609839389843633e-04,3.903888309119230460e+00,1.000000000000000000e+00,1.000000000000000000e+00,1.000000000000000000e+00,1.000000000000000000e+00
2.000000000000000000e+00,2.908415254392697144e-02,1.000000000000000000e+00,1.163366101757078858e-01,4.229439645992068850e-04,3.884135429544890439e+00,1.000000000000000000e+00,1.000000000000000000e+00,0.000000000000000000e+00,0.000000000000000000e+00
2.000000000000000000e+00,2.908415254392697144e-02,2.000000000000000000e+00,1.163366101757078858e-01,4.229439645992068850e-04,3.884135429544890439e+00,1.000000000000000000e+00,1.000000000000000000e+00,0.000000000000000000e+00,0.000000000000000000e+00
2.000000000000000000e+00,2.908415254392697144e-02,3.000000000000000000e+00,1.163366101757078858e-01,4.229439645992068850e-04,3.884135429544890439e+00,1.000000000000000000e+00,1.000000000000000000e+00,0.000000000000000000e+00,0.000000000000000000e+00
2.000000000000000000e+00,2.908415254392697144e-02,4.000000000000000000e+00,1.163366101757078858e-01,4.229439645992068850e-04,3.884135429544890439e+00,1.000000000000000000e+00,1.000000000000000000e+00,1.000000000000000000e+00,1.000000000000000000e+00
2.000000000000000000e+00,2.966435982377662803e-02,1.000000000000000000e+00,1.186574392951065121e-01,4.399871218772464956e-04,3.864382549970550418e+00,1.000000000000000000e+00,1.000000000000000000e+00,0.000000000000000000e+00,0.000000000000000000e+00
2.000000000000000000e+00,2.966435982377662803e-02,2.000000000000000000e+00,1.186574392951065121e-01,4.399871218772464956e-04,3.864382549970550418e+00,1.000000000000000000e+00,1.000000000000000000e+00,0.000000000000000000e+00,0.000000000000000000e+00
2.000000000000000000e+00,2.966435982377662803e-02,3.000000000000000000e+00,1.186574392951065121e-01,4.399871218772464956e-04,3.864382549970550418e+00,1.000000000000000000e+00,1.000000000000000000e+00,0.000000000000000000e+00,0.000000000000000000e+00
2.000000000000000000e+00,2.966435982377662803e-02,4.000000000000000000e+00,1.186574392951065121e-01,4.399871218772464956e-04,3.864382549970550418e+00,1.000000000000000000e+00,1.000000000000000000e+00,1.000000000000000000e+00,1.000000000000000000e+00
2.000000000000000000e+00,3.025614180868540712e-02,1.000000000000000000e+00,1.210245672347416285e-01,4.577170585736405214e-04,3.844629670396210397e+00,1.000000000000000000e+00,1.000000000000000000e+00,0.000000000000000000e+00,0.000000000000000000e+00
2.000000000000000000e+00,3.025614180868540712e-02,2.000000000000000000e+00,1.210245672347416285e-01,4.577170585736405214e-04,3.844629670396210397e+00,1.000000000000000000e+00,1.000000000000000000e+00,0.000000000000000000e+00,0.000000000000000000e+00
2.000000000000000000e+00,3.025614180868540712e-02,3.000000000000000000e+00,1.210245672347416285e-01,4.577170585736405214e-04,3.844629670396210397e+00,1.000000000000000000e+00,1.000000000000000000e+00,0.000000000000000000e+00,0.000000000000000000e+00
2.000000000000000000e+00,3.025614180868540712e-02,4.000000000000000000e+00,1.210245672347416285e-01,4.577170585736405214e-04,3.844629670396210397e+00,1.000000000000000000e+00,1.000000000000000000e+00,1.000000000000000000e+00,1.000000000000000000e+00
2.000000000000000000e+00,3.085972940543759216e-02,1.000000000000000000e+00,1.234389176217503686e-01,4.761614494884148152e-04,3.824876790821870376e+00,1.000000000000000000e+00,1.000000000000000000e+00,0.000000000000000000e+00,0.000000000000000000e+00
2.000000000000000000e+00,3.085972940543759216e-02,2.000000000000000000e+00,1.234389176217503686e-01,4.761614494884148152e-04,3.824876790821870376e+00,1.000000000000000000e+00,1.000000000000000000e+00,0.000000000000000000e+00,0.000000000000000000e+00
2.000000000000000000e+00,3.085972940543759216e-02,3.000000000000000000e+00,1.234389176217503686e-01,4.761614494884148152e-04,3.824876790821870376e+00,1.000000000000000000e+00,1.000000000000000000e+00,0.000000000000000000e+00,0.000000000000000000e+00
2.000000000000000000e+00,3.085972940543759216e-02,4.000000000000000000e+00,1.234389176217503686e-01,4.761614494884148152e-04,3.824876790821870376e+00,1.000000000000000000e+00,1.000000000000000000e+00,1.000000000000000000e+00,1.000000000000000000e+00
2.000000000000000000e+00,3.147535812723660509e-02,1.000000000000000000e+00,1.259014325089464204e-01,4.953490846188997408e-04,3.805123911247530355e+00,1.000000000000000000e+00,1.000000000000000000e+00,0.000000000000000000e+00,0.000000000000000000e+00
2.000000000000000000e+00,3.147535812723660509e-02,2.000000000000000000e+00,1.259014325089464204e-01,4.953490846188997408e-04,3.805123911247530355e+00,1.000000000000000000e+00,1.000000000000000000e+00,0.000000000000000000e+00,0.000000000000000000e+00
2.000000000000000000e+00,3.147535812723660509e-02,3.000000000000000000e+00,1.259014325089464204e-01,4.953490846188997408e-04,3.805123911247530355e+00,1.000000000000000000e+00,1.000000000000000000e+00,0.000000000000000000e+00,0.000000000000000000e+00
2.000000000000000000e+00,3.147535812723660509e-02,4.000000000000000000e+00,1.259014325089464204e-01,4.953490846188997408e-04,3.805123911247530355e+00,1.000000000000000000e+00,1.000000000000000000e+00,1.000000000000000000e+00,1.000000000000000000e+00
2.000000000000000000e+00,3.210326818559967876e-02,1.000000000000000000e+00,1.284130727423987151e-01,5.153099140982682520e-04,3.785371031673190334e+00,1.000000000000000000e+00,1.000000000000000000e+00,0.000000000000000000e+00,0.000000000000000000e+00
2.000000000000000000e+00,3.210326818559967876e-02,2.000000000000000000e+00,1.284130727423987151e-01,5.153099140982682520e-04,3.785371031673190334e+00,1.000000000000000000e+00,1.000000000000000000e+00,0.000000000000000000e+00,0.000000000000000000e+00
2.000000000000000000e+00,3.210326818559967876e-02,3.000000000000000000e+00,1.284130727423987151e-01,5.153099140982682520e-04,3.785371031673190334e+00,1.000000000000000000e+00,1.000000000000000000e+00,0.000000000000000000e+00,0.000000000000000000e+00
2.000000000000000000e+00,3.210326818559967876e-02,4.000000000000000000e+00,1.284130727423987151e-01,5.153099140982682520e-04,3.785371031673190334e+00,1.000000000000000000e+00,1.000000000000000000e+00,1.000000000000000000e+00,1.000000000000000000e+00
2.000000000000000000e+00,3.274370458408572271e-02,1.000000000000000000e+00,1.309748183363428908e-01,5.360750949449382026e-04,3.765618152098849425e+00,1.000000000000000000e+00,1.000000000000000000e+00,0.000000000000000000e+00,0.000000000000000000e+00
2.000000000000000000e+00,3.274370458408572271e-02,2.000000000000000000e+00,1.309748183363428908e-01,5.360750949449382026e-04,3.765618152098849425e+00,1.000000000000000000e+00,1.000000000000000000e+00,0.000000000000000000e+00,0.000000000000000000e+00
2.000000000000000000e+00,3.274370458408572271e-02,3.000000000000000000e+00,1.309748183363428908e-01,5.360750949449382026e-04,3.765618152098849425e+00,1.000000000000000000e+00,1.000000000000000000e+00,0.000000000000000000e+00,0.000000000000000000e+00
2.000000000000000000e+00,3.274370458408572271e-02,4.000000000000000000e+00,1.309748183363428908e-01,5.360750949449382026e-04,3.765618152098849425e+00,1.000000000000000000e+00,1.000000000000000000e+00,1.000000000000000000e+00,1.000000000000000000e+00
2.000000000000000000e+00,3.339691721389295015e-02,1.000000000000000000e+00,1.335876688555718006e-01,5.576770396958095942e-04,3.745865272524509404e+00,1.000000000000000000e+00,1.000000000000000000e+00,0.000000000000000000e+00,0.000000000000000000e+00
2.000000000000000000e+00,3.339691721389295015e-02,2.000000000000000000e+00,1.335876688555718006e-01,5.576770396958095942e-04,3.745865272524509404e+00,1.000000000000000000e+00,1.000000000000000000e+00,0.000000000000000000e+00,0.000000000000000000e+00
2.000000000000000000e+00,3.339691721389295015e-02,3.000000000000000000e+00,1.335876688555718006e-01,5.576770396958095942e-04,3.745865272524509404e+00,1.000000000000000000e+00,1.000000000000000000e+00,0.000000000000000000e+00,0.000000000000000000e+00
2.000000000000000000e+00,3.339691721389295015e-02,4.000000000000000000e+00,1.335876688555718006e-01,5.576770396958095942e-04,3.745865272524509404e+00,1.000000000000000000e+00,1.000000000000000000e+00,1.000000000000000000e+00,1.000000000000000000e+00
2.000000000000000000e+00,3.406316095136375371e-02,1.000000000000000000e+00,1.362526438054550149e-01,5.801494669992561786e-04,3.726112392950169383e+00,1.000000000000000000e+00,1.000000000000000000e+00,0.000000000000000000e+00,0.000000000000000000e+00
2.000000000000000000e+00,3.406316095136375371e-02,2.000000000000000000e+00,1.362526438054550149e-01,5.801494669992561786e-04,3.726112392950169383e+00,1.000000000000000000e+00,1.000000000000000000e+00,0.000000000000000000e+00,0.000000000000000000e+00
2.000000000000000000e+00,3.406316095136375371e-02,3.000000000000000000e+00,1.362526438054550149e-01,5.801494669992561786e-04,3.726112392950169383e+00,1.000000000000000000e+00,1.000000000000000000e+00,0.000000000000000000e+00,0.000000000000000000e+00
2.000000000000000000e+00,3.406316095136375371e-02,4.000000000000000000e+00,1.362526438054550149e-01,5.801494669992561786e-04,3.726112392950169383e+00,1.000000000000000000e+00,1.000000000000000000e+00,1.000000000000000000e+00,1.000000000000000000e+00
2.000000000000000000e+00,3.474269575743458432e-02,1.000000000000000000e+00,1.389707830297383373e-01,6.035274542468315254e-04,3.706359513375829362e+00,1.000000000000000000e+00,1.000000000000000000e+00,0.000000000000000000e+00,0.000000000000000000e+00
2.000000000000000000e+00,3.474269575743458432e-02,2.000000000000000000e+00,1.389707830297383373e-01,6.035274542468315254e-04,3.706359513375829362e+00,1.000000000000000000e+00,1.000000000000000000e+00,0.000000000000000000e+00,0.000000000000000000e+00
2.000000000000000000e+00,3.474269575743458432e-02,3.000000000000000000e+00,1.389707830297383373e-01,6.035274542468315254e-04,3.706359513375829362e+00,1.000000000000000000e+00,1.000000000000000000e+00,0.000000000000000000e+00,0.000000000000000000e+00
2.000000000000000000e+00,3.474269575743458432e-02,4.000000000000000000e+00,1.389707830297383373e-01,6.035274542468315254e-04,3.706359513375829362e+00,1.000000000000000000e+00,1.000000000000000000e+00,1.000000000000000000e+00,1.000000000000000000e+00
2.000000000000000000e+00,3.543578677906981250e-02,1.000000000000000000e+00,1.417431471162792500e-01,6.278474923258494213e-04,3.686606633801489341e+00,1.000000000000000000e+00,1.000000000000000000e+00,0.000000000000000000e+00,0.000000000000000000e+00
2.000000000000000000e+00,3.543578677906981250e-02,2.000000000000000000e+00,1.417431471162792500e-01,6.278474923258494213e-04,3.686606633801489341e+00,1.000000000000000000e+00,1.000000000000000000e+00,0.000000000000000000e+00,0.000000000000000000e+00
2.000000000000000000e+00,3.543578677906981250e-02,3.000000000000000000e+00,1.417431471162792500e-01,6.278474923258494213e-04,3.686606633801489341e+00,1.000000000000000000e+00,1.000000000000000000e+00,0.000000000000000000e+00,0.000000000000000000e+00
2.000000000000000000e+00,3.543578677906981250e-02,4.000000000000000000e+00,1.417431471162792500e-01,6.278474923258494213e-04,3.686606633801489341e+00,1.000000000000000000e+00,1.000000000000000000e+00,1.000000000000000000e+00,1.000000000000000000e+00
2.000000000000000000e+00,3.614270445271919319e-02,1.000000000000000000e+00,1.445708178108767727e-01,6.531475425783038729e-04,3.666853754227149320e+00,1.000000000000000000e+00,1.000000000000000000e+00,0.000000000000000000e+00,0.000000000000000000e+00
2.000000000000000000e+00,3.614270445271919319e-02,2.000000000000000000e+00,1.445708178108767727e-01,6.531475425783038729e-04,3.666853754227149320e+00,1.000000000000000000e+00,1.000000000000000000e+00,0.000000000000000000e+00,0.000000000000000000e+00
2.000000000000000000e+00,3.614270445271919319e-02,3.000000000000000000e+00,1.445708178108767727e-01,6.531475425783038729e-04,3.666853754227149320e+00,1.000000000000000000e+00,1.000000000000000000e+00,0.000000000000000000e+00,0.000000000000000000e+00
2.000000000000000000e+00,3.614270445271919319e-02,4.000000000000000000e+00,1.445708178108767727e-01,6.531475425783038729e-04,3.666853754227149320e+00,1.000000000000000000e+00,1.000000000000000000e+00,1.000000000000000000e+00,1.000000000000000000e+00
2.000000000000000000e+00,3.686372460983912414e-02,1.000000000000000000e+00,1.474548984393564965e-01,6.794670960550293869e-04,3.647100874652809299e+00,1.000000000000000000e+00,1.000000000000000000e+00,0.000000000000000000e+00,0.000000000000000000e+00
2.000000000000000000e+00,3.686372460983912414e-02,2.000000000000000000e+00,1.474548984393564965e-01,6.794670960550293869e-04,3.647100874652809299e+00,1.000000000000000000e+00,1.000000000000000000e+00,0.000000000000000000e+00,0.000000000000000000e+00
2.000000000000000000e+00,3.686372460983912414e-02,3.000000000000000000e+00,1.474548984393564965e-01,6.794670960550293869e-04,3.647100874652809299e+00,1.000000000000000000e+00,1.000000000000000000e+00,0.000000000000000000e+00,0.000000000000000000e+00
2.000000000000000000e+00,3.686372460983912414e-02,4.000000000000000000e+00,1.474548984393564965e-01,6.794670960550293869e-04,3.647100874652809299e+00,1.000000000000000000e+00,1.000000000000000000e+00,1.000000000000000000e+00,1.000000000000000000e+00
2.000000000000000000e+00,3.759912858451906065e-02,1.000000000000000000e+00,1.503965143380762426e-01,7.068472351575991533e-04,3.627347995078469278e+00,1.000000000000000000e+00,1.000000000000000000e+00,0.000000000000000000e+00,0.000000000000000000e+00
2.000000000000000000e+00,3.759912858451906065e-02,2.000000000000000000e+00,1.503965143380762426e-01,7.068472351575991533e-04,3.627347995078469278e+00,1.000000000000000000e+00,1.000000000000000000e+00,0.000000000000000000e+00,0.000000000000000000e+00
2.000000000000000000e+00,3.759912858451906065e-02,3.000000000000000000e+00,1.503965143380762426e-01,7.068472351575991533e-04,3.627347995078469278e+00,1.000000000000000000e+00,1.000000000000000000e+00,0.000000000000000000e+00,0.000000000000000000e+00
2.000000000000000000e+00,3.759912858451906065e-02,4.000000000000000000e+00,1.503965143380762426e-01,7.068472351575991533e-04,3.627347995078469278e+00,1.000000000000000000e+00,1.000000000000000000e+00,1.000000000000000000e+00,1.000000000000000000e+00
2.000000000000000000e+00,3.834920332325496284e-02,1.000000000000000000e+00,1.533968132930198514e-01,7.353306977641747497e-04,3.607595115504129257e+00,1.000000000000000000e+00,1.000000000000000000e+00,0.000000000000000000e+00,0.000000000000000000e+00
2.000000000000000000e+00,3.834920332325496284e-02,2.000000000000000000e+00,1.533968132930198514e-01,7.353306977641747497e-04,3.607595115504129257e+00,1.000000000000000000e+00,1.000000000000000000e+00,0.000000000000000000e+00,0.000000000000000000e+00
2.000000000000000000e+00,3.834920332325496284e-02,3.000000000000000000e+00,1.533968132930198514e-01,7.353306977641747497e-04,3.607595115504129257e+00,1.000000000000000000e+00,1.000000000000000000e+00,0.000000000000000000e+00,0.000000000000000000e+00
2.000000000000000000e+00,3.834920332325496284e-02,4.000000000000000000e+00,1.533968132930198514e-01,7.353306977641747497e-04,3.607595115504129257e+00,1.000000000000000000e+00,1.000000000000000000e+00,1.000000000000000000e+00,1.000000000000000000e+00
2.000000000000000000e+00,3.911424149691264396e-02,1.000000000000000000e+00,1.564569659876505758e-01,7.649619439394015610e-04,3.587842235929788792e+00,1.000000000000000000e+00,1.000000000000000000e+00,0.000000000000000000e+00,0.000000000000000000e+00
2.000000000000000000e+00,3.911424149691264396e-02,2.000000000000000000e+00,1.564569659876505758e-01,7.649619439394015610e-04,3.587842235929788792e+00,1.000000000000000000e+00,1.000000000000000000e+00,0.000000000000000000e+00,0.000000000000000000e+00
2.000000000000000000e+00,3.911424149691264396e-02,3.000000000000000000e+00,1.564569659876505758e-01,7.649619439394015610e-04,3.587842235929788792e+00,1.000000000000000000e+00,1.000000000000000000e+00,0.000000000000000000e+00,0.000000000000000000e+00
2.000000000000000000e+00,3.911424149691264396e-02,4.000000000000000000e+00,1.564569659876505758e-01,7.649619439394015610e-04,3.587842235929788792e+00,1.000000000000000000e+00,1.000000000000000000e+00,1.000000000000000000e+00,1.000000000000000000e+00
2.000000000000000000e+00,3.989454161492467232e-02,1.000000000000000000e+00,1.595781664596986893e-01,7.957872253324782107e-04,3.568089356355449215e+00,1.000000000000000000e+00,1.000000000000000000e+00,0.000000000000000000e+00,0.000000000000000000e+00
2.000000000000000000e+00,3.989454161492467232e-02,2.000000000000000000e+00,1.595781664596986893e-01,7.957872253324782107e-04,3.568089356355449215e+00,1.000000000000000000e+00,1.000000000000000000e+00,0.000000000000000000e+00,0.000000000000000000e+00
2.000000000000000000e+00,3.989454161492467232e-02,3.000000000000000000e+00,1.595781664596986893e-01,7.957872253324782107e-04,3.568089356355449215e+00,1.000000000000000000e+00,1.000000000000000000e+00,0.000000000000000000e+00,0.000000000000000000e+00
2.000000000000000000e+00,3.989454161492467232e-02,4.000000000000000000e+00,1.595781664596986893e-01,7.957872253324782107e-04,3.568089356355449215e+00,1.000000000000000000e+00,1.000000000000000000e+00,1.000000000000000000e+00,1.000000000000000000e+00
2.000000000000000000e+00,4.069040814176551335e-02,1.000000000000000000e+00,1.627616325670620534e-01,8.278546573717286043e-04,3.548336476781109194e+00,1.000000000000000000e+00,1.000000000000000000e+00,0.000000000000000000e+00,0.000000000000000000e+00
2.000000000000000000e+00,4.069040814176551335e-02,2.000000000000000000e+00,1.627616325670620534e-01,8.278546573717286043e-04,3.548336476781109194e+00,1.000000000000000000e+00,1.000000000000000000e+00,0.000000000000000000e+00,0.000000000000000000e+00
2.000000000000000000e+00,4.069040814176551335e-02,3.000000000000000000e+00,1.627616325670620534e-01,8.278546573717286043e-04,3.548336476781109194e+00,1.000000000000000000e+00,1.000000000000000000e+00,0.000000000000000000e+00,0.000000000000000000e+00
2.000000000000000000e+00,4.069040814176551335e-02,4.000000000000000000e+00,1.627616325670620534e-01,8.278546573717286043e-04,3.548336476781109194e+00,1.000000000000000000e+00,1.000000000000000000e+00,1.000000000000000000e+00,1.000000000000000000e+00
2.000000000000000000e+00,4.150215161575013939e-02,1.000000000000000000e+00,1.660086064630005576e-01,8.612142943683559829e-04,3.528583597206769173e+00,1.000000000000000000e+00,1.000000000000000000e+00,0.000000000000000000e+00,0.000000000000000000e+00
2.000000000000000000e+00,4.150215161575013939e-02,2.000000000000000000e+00,1.660086064630005576e-01,8.612142943683559829e-04,3.528583597206769173e+00,1.000000000000000000e+00,1.000000000000000000e+00,0.000000000000000000e+00,0.000000000000000000e+00
2.000000000000000000e+00,4.150215161575013939e-02,3.000000000000000000e+00,1.660086064630005576e-01,8.612142943683559829e-04,3.528583597206769173e+00,1.000000000000000000e+00,1.000000000000000000e+00,0.000000000000000000e+00,0.000000000000000000e+00
2.000000000000000000e+00,4.150215161575013939e-02,4.000000000000000000e+00,1.660086064630005576e-01,8.612142943683559829e-04,3.528583597206769173e+00,1.000000000000000000e+00,1.000000000000000000e+00,1.000000000000000000e+00,1.000000000000000000e+00
2.000000000000000000e+00,4.233008877020267430e-02,1.000000000000000000e+00,1.693203550808106972e-01,8.959182076466192966e-04,3.508830717632429153e+00,1.000000000000000000e+00,1.000000000000000000e+00,0.000000000000000000e+00,0.000000000000000000e+00
2.000000000000000000e+00,4.233008877020267430e-02,2.000000000000000000e+00,1.693203550808106972e-01,8.959182076466192966e-04,3.508830717632429153e+00,1.000000000000000000e+00,1.000000000000000000e+00,0.000000000000000000e+00,0.000000000000000000e+00
2.000000000000000000e+00,4.233008877020267430e-02,3.000000000000000000e+00,1.693203550808106972e-01,8.959182076466192966e-04,3.508830717632429153e+00,1.000000000000000000e+00,1.000000000000000000e+00,0.000000000000000000e+00,0.000000000000000000e+00
2.000000000000000000e+00,4.233008877020267430e-02,4.000000000000000000e+00,1.693203550808106972e-01,8.959182076466192966e-04,3.508830717632429153e+00,1.000000000000000000e+00,1.000000000000000000e+00,1.000000000000000000e+00,1.000000000000000000e+00
2.000000000000000000e+00,4.317454265704222943e-02,1.000000000000000000e+00,1.726981706281689177e-01,9.320205668223795984e-04,3.489077838058089132e+00,1.000000000000000000e+00,1.000000000000000000e+00,0.000000000000000000e+00,0.000000000000000000e+00
2.000000000000000000e+00,4.317454265704222943e-02,2.000000000000000000e+00,1.726981706281689177e-01,9.320205668223795984e-04,3.489077838058089132e+00,1.000000000000000000e+00,1.000000000000000000e+00,0.000000000000000000e+00,0.000000000000000000e+00
2.000000000000000000e+00,4.317454265704222943e-02,3.000000000000000000e+00,1.726981706281689177e-01,9.320205668223795984e-04,3.489077838058089132e+00,1.000000000000000000e+00,1.000000000000000000e+00,0.000000000000000000e+00,0.000000000000000000e+00
2.000000000000000000e+00,4.317454265704222943e-02,4.000000000000000000e+00,1.726981706281689177e-01,9.320205668223795984e-04,3.489077838058089132e+00,1.000000000000000000e+00,1.000000000000000000e+00,1.000000000000000000e+00,1.000000000000000000e+00
2.000000000000000000e+00,4.403584277283421888e-02,1.000000000000000000e+00,1.761433710913368755e-01,9.695777243568878432e-04,3.469324958483748222e+00,1.000000000000000000e+00,1.000000000000000000e+00,0.000000000000000000e+00,0.000000000000000000e+00
2.000000000000000000e+00,4.403584277283421888e-02,2.000000000000000000e+00,1.761433710913368755e-01,9.695777243568878432e-04,3.469324958483748222e+00,1.000000000000000000e+00,1.000000000000000000e+00,0.000000000000000000e+00,0.000000000000000000e+00
2.000000000000000000e+00,4.403584277283421888e-02,3.000000000000000000e+00,1.761433710913368755e-01,9.695777243568878432e-04,3.469324958483748222e+00,1.000000000000000000e+00,1.000000000000000000e+00,0.000000000000000000e+00,0.000000000000000000e+00
2.000000000000000000e+00,4.403584277283421888e-02,4.000000000000000000e+00,1.761433710913368755e-01,9.695777243568878432e-04,3.469324958483748222e+00,1.000000000000000000e+00,1.000000000000000000e+00,1.000000000000000000e+00,1.000000000000000000e+00
2.000000000000000000e+00,4.491432518735614943e-02,1.000000000000000000e+00,1.796573007494245977e-01,1.008648303517787519e-03,3.449572078909408201e+00,1.000000000000000000e+00,1.000000000000000000e+00,0.000000000000000000e+00,0.000000000000000000e+00
2.000000000000000000e+00,4.491432518735614943e-02,2.000000000000000000e+00,1.796573007494245977e-01,1.008648303517787519e-03,3.449572078909408201e+00,1.000000000000000000e+00,1.000000000000000000e+00,0.000000000000000000e+00,0.000000000000000000e+00
2.000000000000000000e+00,4.491432518735614943e-02,3.000000000000000000e+00,1.796573007494245977e-01,1.008648303517787519e-03,3.449572078909408201e+00,1.000000000000000000e+00,1.000000000000000000e+00,0.000000000000000000e+00,0.000000000000000000e+00
2.000000000000000000e+00,4.491432518735614943e-02,4.000000000000000000e+00,1.796573007494245977e-01,1.008648303517787519e-03,3.449572078909408201e+00,1.000000000000000000e+00,1.000000000000000000e+00,1.000000000000000000e+00,1.000000000000000000e+00
2.000000000000000000e+00,4.581033267472852527e-02,1.000000000000000000e+00,1.832413306989141011e-01,1.049293289884649892e-03,3.429819199335068181e+00,1.000000000000000000e+00,1.000000000000000000e+00,0.000000000000000000e+00,0.000000000000000000e+00
2.000000000000000000e+00,4.581033267472852527e-02,2.000000000000000000e+00,1.832413306989141011e-01,1.049293289884649892e-03,3.429819199335068181e+00,1.000000000000000000e+00,1.000000000000000000e+00,0.000000000000000000e+00,0.000000000000000000e+00
2.000000000000000000e+00,4.581033267472852527e-02,3.000000000000000000e+00,1.832413306989141011e-01,1.049293289884649892e-03,3.429819199335068181e+00,1.000000000000000000e+00,1.000000000000000000e+00,0.000000000000000000e+00,0.000000000000000000e+00
2.000000000000000000e+00,4.581033267472852527e-02,4.000000000000000000e+00,1.832413306989141011e-01,1.049293289884649892e-03,3.429819199335068181e+00,1.000000000000000000e+00,1.000000000000000000e+00,1.000000000000000000e+00,1.000000000000000000e+00
2.000000000000000000e+00,4.672421484716136192e-02,1.000000000000000000e+00,1.868968593886454477e-01,1.091576126541847231e-03,3.410066319760728160e+00,1.000000000000000000e+00,1.000000000000000000e+00,0.000000000000000000e+00,0.000000000000000000e+00
2.000000000000000000e+00,4.672421484716136192e-02,2.000000000000000000e+00,1.868968593886454477e-01,1.091576126541847231e-03,3.410066319760728160e+00,1.000000000000000000e+00,1.000000000000000000e+00,0.000000000000000000e+00,0.000000000000000000e+00
2.000000000000000000e+00,4.672421484716136192e-02,3.000000000000000000e+00,1.868968593886454477e-01,1.091576126541847231e-03,3.410066319760728160e+00,1.000000000000000000e+00,1.000000000000000000e+00,0.000000000000000000e+00,0.000000000000000000e+00
2.000000000000000000e+00,4.672421484716136192e-02,4.000000000000000000e+00,1.868968593886454477e-01,1.091576126541847231e-03,3.410066319760728160e+00,1.000000000000000000e+00,1.000000000000000000e+00,1.000000000000000000e+00,1.000000000000000000e+00
2.000000000000000000e+00,4.765632829136907944e-02,1.000000000000000000e+00,1.906253131654763178e-01,1.135562813107372565e-03,3.390313440186388139e+00,1.000000000000000000e+00,1.000000000000000000e+00,0.000000000000000000e+00,0.000000000000000000e+00
2.000000000000000000e+00,4.765632829136907944e-02,2.000000000000000000e+00,1.906253131654763178e-01,1.135562813107372565e-03,3.390313440186388139e+00,1.000000000000000000e+00,1.000000000000000000e+00,0.000000000000000000e+00,0.000000000000000000e+00
2.000000000000000000e+00,4.765632829136907944e-02,3.000000000000000000e+00,1.906253131654763178e-01,1.135562813107372565e-03,3.390313440186388139e+00,1.000000000000000000e+00,1.000000000000000000e+00,0.000000000000000000e+00,0.000000000000000000e+00
2.000000000000000000e+00,4.765632829136907944e-02,4.000000000000000000e+00,1.906253131654763178e-01,1.135562813107372565e-03,3.390313440186388139e+00,1.000000000000000000e+00,1.000000000000000000e+00,1.000000000000000000e+00,1.000000000000000000e+00
2.000000000000000000e+00,4.860703670770665646e-02,1.000000000000000000e+00,1.944281468308266259e-01,1.181322008752171138e-03,3.370560560612048118e+00,1.000000000000000000e+00,1.000000000000000000e+00,0.000000000000000000e+00,0.000000000000000000e+00
2.000000000000000000e+00,4.860703670770665646e-02,2.000000000000000000e+00,1.944281468308266259e-01,1.181322008752171138e-03,3.370560560612048118e+00,1.000000000000000000e+00,1.000000000000000000e+00,0.000000000000000000e+00,0.000000000000000000e+00
2.000000000000000000e+00,4.860703670770665646e-02,3.000000000000000000e+00,1.944281468308266259e-01,1.181322008752171138e-03,3.370560560612048118e+00,1.000000000000000000e+00,1.000000000000000000e+00,0.000000000000000000e+00,0.000000000000000000e+00
2.000000000000000000e+00,4.860703670770665646e-02,4.000000000000000000e+00,1.944281468308266259e-01,1.181322008752171138e-03,3.370560560612048118e+00,1.000000000000000000e+00,1.000000000000000000e+00,1.000000000000000000e+00,1.000000000000000000e+00
2.000000000000000000e+00,4.957671105208152212e-02,1.000000000000000000e+00,1.983068442083260885e-01,1.228925139370791019e-03,3.350807681037708097e+00,1.000000000000000000e+00,1.000000000000000000e+00,0.000000000000000000e+00,0.000000000000000000e+00
2.000000000000000000e+00,4.957671105208152212e-02,2.000000000000000000e+00,1.983068442083260885e-01,1.228925139370791019e-03,3.350807681037708097e+00,1.000000000000000000e+00,1.000000000000000000e+00,0.000000000000000000e+00,0.000000000000000000e+00
2.000000000000000000e+00,4.957671105208152212e-02,3.000000000000000000e+00,1.983068442083260885e-01,1.228925139370791019e-03,3.350807681037708097e+00,1.000000000000000000e+00,1.000000000000000000e+00,0.000000000000000000e+00,0.000000000000000000e+00
2.000000000000000000e+00,4.957671105208152212e-02,4.000000000000000000e+00,1.983068442083260885e-01,1.228925139370791019e-03,3.350807681037708097e+00,1.000000000000000000e+00,1.000000000000000000e+00,1.000000000000000000e+00,1.000000000000000000e+00
2.000000000000000000e+00,5.056572968069639878e-02,1.000000000000000000e+00,2.022629187227855951e-01,1.278446509070630408e-03,3.331054801463368076e+00,1.000000000000000000e+00,1.000000000000000000e+00,0.000000000000000000e+00,0.000000000000000000e+00
2.000000000000000000e+00,5.056572968069639878e-02,2.000000000000000000e+00,2.022629187227855951e-01,1.278446509070630408e-03,3.331054801463368076e+00,1.000000000000000000e+00,1.000000000000000000e+00,0.000000000000000000e+00,0.000000000000000000e+00
2.000000000000000000e+00,5.056572968069639878e-02,3.000000000000000000e+00,2.022629187227855951e-01,1.278446509070630408e-03,3.331054801463368076e+00,1.000000000000000000e+00,1.000000000000000000e+00,0.000000000000000000e+00,0.000000000000000000e+00
2.000000000000000000e+00,5.056572968069639878e-02,4.000000000000000000e+00,2.022629187227855951e-01,1.278446509070630408e-03,3.331054801463368076e+00,1.000000000000000000e+00,1.000000000000000000e+00,1.000000000000000000e+00,1.000000000000000000e+00
2.000000000000000000e+00,5.157447849767975850e-02,1.000000000000000000e+00,2.062979139907190340e-01,1.329963416153815813e-03,3.311301921889028055e+00,1.000000000000000000e+00,1.000000000000000000e+00,0.000000000000000000e+00,0.000000000000000000e+00
2.000000000000000000e+00,5.157447849767975850e-02,2.000000000000000000e+00,2.062979139907190340e-01,1.329963416153815813e-03,3.311301921889028055e+00,1.000000000000000000e+00,1.000000000000000000e+00,0.000000000000000000e+00,0.000000000000000000e+00
2.000000000000000000e+00,5.157447849767975850e-02,3.000000000000000000e+00,2.062979139907190340e-01,1.329963416153815813e-03,3.311301921889028055e+00,1.000000000000000000e+00,1.000000000000000000e+00,0.000000000000000000e+00,0.000000000000000000e+00
2.000000000000000000e+00,5.157447849767975850e-02,4.000000000000000000e+00,2.062979139907190340e-01,1.329963416153815813e-03,3.311301921889028055e+00,1.000000000000000000e+00,1.000000000000000000e+00,1.000000000000000000e+00,1.000000000000000000e+00
2.000000000000000000e+00,5.260335110566130568e-02,1.000000000000000000e+00,2.104134044226452227e-01,1.383556273772739266e-03,3.291549042314688034e+00,1.000000000000000000e+00,1.000000000000000000e+00,0.000000000000000000e+00,0.000000000000000000e+00
2.000000000000000000e+00,5.260335110566130568e-02,2.000000000000000000e+00,2.104134044226452227e-01,1.383556273772739266e-03,3.291549042314688034e+00,1.000000000000000000e+00,1.000000000000000000e+00,0.000000000000000000e+00,0.000000000000000000e+00
2.000000000000000000e+00,5.260335110566130568e-02,3.000000000000000000e+00,2.104134044226452227e-01,1.383556273772739266e-03,3.291549042314688034e+00,1.000000000000000000e+00,1.000000000000000000e+00,0.000000000000000000e+00,0.000000000000000000e+00
2.000000000000000000e+00,5.260335110566130568e-02,4.000000000000000000e+00,2.104134044226452227e-01,1.383556273772739266e-03,3.291549042314688034e+00,1.000000000000000000e+00,1.000000000000000000e+00,1.000000000000000000e+00,1.000000000000000000e+00
2.000000000000000000e+00,5.365274895935139010e-02,1.000000000000000000e+00,2.146109958374055604e-01,1.439308735447590885e-03,3.271796162740348013e+00,1.000000000000000000e+00,1.000000000000000000e+00,0.000000000000000000e+00,0.000000000000000000e+00
2.000000000000000000e+00,5.365274895935139010e-02,2.000000000000000000e+00,2.146109958374055604e-01,1.439308735447590885e-03,3.271796162740348013e+00,1.000000000000000000e+00,1.000000000000000000e+00,0.000000000000000000e+00,0.000000000000000000e+00
2.000000000000000000e+00,5.365274895935139010e-02,3.000000000000000000e+00,2.146109958374055604e-01,1.439308735447590885e-03,3.271796162740348013e+00,1.000000000000000000e+00,1.000000000000000000e+00,0.000000000000000000e+00,0.000000000000000000e+00
2.000000000000000000e+00,5.365274895935139010e-02,4.000000000000000000e+00,2.146109958374055604e-01,1.439308735447590885e-03,3.271796162740348013e+00,1.000000000000000000e+00,1.000000000000000000e+00,1.000000000000000000e+00,1.000000000000000000e+00
2.000000000000000000e+00,5.472308152218419847e-02,1.000000000000000000e+00,2.188923260887367939e-01,1.497307825641808849e-03,3.252043283166007992e+00,1.000000000000000000e+00,1.000000000000000000e+00,0.000000000000000000e+00,0.000000000000000000e+00
2.000000000000000000e+00,5.472308152218419847e-02,2.000000000000000000e+00,2.188923260887367939e-01,1.497307825641808849e-03,3.252043283166007992e+00,1.000000000000000000e+00,1.000000000000000000e+00,0.000000000000000000e+00,0.000000000000000000e+00
2.000000000000000000e+00,5.472308152218419847e-02,3.000000000000000000e+00,2.188923260887367939e-01,1.497307825641808849e-03,3.252043283166007992e+00,1.000000000000000000e+00,1.000000000000000000e+00,0.000000000000000000e+00,0.000000000000000000e+00
2.000000000000000000e+00,5.472308152218419847e-02,4.000000000000000000e+00,2.188923260887367939e-01,1.497307825641808849e-03,3.252043283166007992e+00,1.000000000000000000e+00,1.000000000000000000e+00,1.000000000000000000e+00,1.000000000000000000e+00
2.000000000000000000e+00,5.581476642608583505e-02,1.000000000000000000e+00,2.232590657043433402e-01,1.557644075599259230e-03,3.232290403591667971e+00,1.000000000000000000e+00,1.000000000000000000e+00,0.000000000000000000e+00,0.000000000000000000e+00
2.000000000000000000e+00,5.581476642608583505e-02,2.000000000000000000e+00,2.232590657043433402e-01,1.557644075599259230e-03,3.232290403591667971e+00,1.000000000000000000e+00,1.000000000000000000e+00,0.000000000000000000e+00,0.000000000000000000e+00
2.000000000000000000e+00,5.581476642608583505e-02,3.000000000000000000e+00,2.232590657043433402e-01,1.557644075599259230e-03,3.232290403591667971e+00,1.000000000000000000e+00,1.000000000000000000e+00,0.000000000000000000e+00,0.000000000000000000e+00
2.000000000000000000e+00,5.581476642608583505e-02,4.000000000000000000e+00,2.232590657043433402e-01,1.557644075599259230e-03,3.232290403591667971e+00,1.000000000000000000e+00,1.000000000000000000e+00,1.000000000000000000e+00,1.000000000000000000e+00
2.000000000000000000e+00,5.692822963442969314e-02,1.000000000000000000e+00,2.277129185377187726e-01,1.620411664655179622e-03,3.212537524017327950e+00,1.000000000000000000e+00,1.000000000000000000e+00,0.000000000000000000e+00,0.000000000000000000e+00
2.000000000000000000e+00,5.692822963442969314e-02,2.000000000000000000e+00,2.277129185377187726e-01,1.620411664655179622e-03,3.212537524017327950e+00,1.000000000000000000e+00,1.000000000000000000e+00,0.000000000000000000e+00,0.000000000000000000e+00
2.000000000000000000e+00,5.692822963442969314e-02,3.000000000000000000e+00,2.277129185377187726e-01,1.620411664655179622e-03,3.212537524017327950e+00,1.000000000000000000e+00,1.000000000000000000e+00,0.000000000000000000e+00,0.000000000000000000e+00
2.000000000000000000e+00,5.692822963442969314e-02,4.000000000000000000e+00,2.277129185377187726e-01,1.620411664655179622e-03,3.212537524017327950e+00,1.000000000000000000e+00,1.000000000000000000e+00,1.000000000000000000e+00,1.000000000000000000e+00
2.000000000000000000e+00,5.806390560824268438e-02,1.000000000000000000e+00,2.322556224329707375e-01,1.685708567241458187e-03,3.192784644442987041e+00,1.000000000000000000e+00,1.000000000000000000e+00,0.000000000000000000e+00,0.000000000000000000e+00
2.000000000000000000e+00,5.806390560824268438e-02,2.000000000000000000e+00,2.322556224329707375e-01,1.685708567241458187e-03,3.192784644442987041e+00,1.000000000000000000e+00,1.000000000000000000e+00,0.000000000000000000e+00,0.000000000000000000e+00
2.000000000000000000e+00,5.806390560824268438e-02,3.000000000000000000e+00,2.322556224329707375e-01,1.685708567241458187e-03,3.192784644442987041e+00,1.000000000000000000e+00,1.000000000000000000e+00,0.000000000000000000e+00,0.000000000000000000e+00
2.000000000000000000e+00,5.806390560824268438e-02,4.000000000000000000e+00,2.322556224329707375e-01,1.685708567241458187e-03,3.192784644442987041e+00,1.000000000000000000e+00,1.000000000000000000e+00,1.000000000000000000e+00,1.000000000000000000e+00
2.000000000000000000e+00,5.922223747572700342e-02,1.000000000000000000e+00,2.368889499029080137e-01,1.753636705815701932e-03,3.173031764868647020e+00,1.000000000000000000e+00,1.000000000000000000e+00,0.000000000000000000e+00,0.000000000000000000e+00
2.000000000000000000e+00,5.922223747572700342e-02,2.000000000000000000e+00,2.368889499029080137e-01,1.753636705815701932e-03,3.173031764868647020e+00,1.000000000000000000e+00,1.000000000000000000e+00,0.000000000000000000e+00,0.000000000000000000e+00
2.000000000000000000e+00,5.922223747572700342e-02,3.000000000000000000e+00,2.368889499029080137e-01,1.753636705815701932e-03,3.173031764868647020e+00,1.000000000000000000e+00,1.000000000000000000e+00,0.000000000000000000e+00,0.000000000000000000e+00
2.000000000000000000e+00,5.922223747572700342e-02,4.000000000000000000e+00,2.368889499029080137e-01,1.753636705815701932e-03,3.173031764868647020e+00,1.000000000000000000e+00,1.000000000000000000e+00,1.000000000000000000e+00,1.000000000000000000e+00
2.000000000000000000e+00,6.040367720516401362e-02,1.000000000000000000e+00,2.416147088206560545e-01,1.824302109952825358e-03,3.153278885294306999e+00,1.000000000000000000e+00,1.000000000000000000e+00,0.000000000000000000e+00,0.000000000000000000e+00
2.000000000000000000e+00,6.040367720516401362e-02,2.000000000000000000e+00,2.416147088206560545e-01,1.824302109952825358e-03,3.153278885294306999e+00,1.000000000000000000e+00,1.000000000000000000e+00,0.000000000000000000e+00,0.000000000000000000e+00
2.000000000000000000e+00,6.040367720516401362e-02,3.000000000000000000e+00,2.416147088206560545e-01,1.824302109952825358e-03,3.153278885294306999e+00,1.000000000000000000e+00,1.000000000000000000e+00,0.000000000000000000e+00,0.000000000000000000e+00
2.000000000000000000e+00,6.040367720516401362e-02,4.000000000000000000e+00,2.416147088206560545e-01,1.824302109952825358e-03,3.153278885294306999e+00,1.000000000000000000e+00,1.000000000000000000e+00,1.000000000000000000e+00,1.000000000000000000e+00
2.000000000000000000e+00,6.160868578126718620e-02,1.000000000000000000e+00,2.464347431250687448e-01,1.897815081847456726e-03,3.133526005719966978e+00,1.000000000000000000e+00,1.000000000000000000e+00,0.000000000000000000e+00,0.000000000000000000e+00
2.000000000000000000e+00,6.160868578126718620e-02,2.000000000000000000e+00,2.464347431250687448e-01,1.897815081847456726e-03,3.133526005719966978e+00,1.000000000000000000e+00,1.000000000000000000e+00,0.000000000000000000e+00,0.000000000000000000e+00
2.000000000000000000e+00,6.160868578126718620e-02,3.000000000000000000e+00,2.464347431250687448e-01,1.897815081847456726e-03,3.133526005719966978e+00,1.000000000000000000e+00,1.000000000000000000e+00,0.000000000000000000e+00,0.000000000000000000e+00
2.000000000000000000e+00,6.160868578126718620e-02,4.000000000000000000e+00,2.464347431250687448e-01,1.897815081847456726e-03,3.133526005719966978e+00,1.000000000000000000e+00,1.000000000000000000e+00,1.000000000000000000e+00,1.000000000000000000e+00
2.000000000000000000e+00,6.283773338505323214e-02,1.000000000000000000e+00,2.513509335402129286e-01,1.974290368485516912e-03,3.113773126145626957e+00,1.000000000000000000e+00,1.000000000000000000e+00,0.000000000000000000e+00,0.000000000000000000e+00
2.000000000000000000e+00,6.283773338505323214e-02,2.000000000000000000e+00,2.513509335402129286e-01,1.974290368485516912e-03,3.113773126145626957e+00,1.000000000000000000e+00,1.000000000000000000e+00,0.000000000000000000e+00,0.000000000000000000e+00
2.000000000000000000e+00,6.283773338505323214e-02,3.000000000000000000e+00,2.513509335402129286e-01,1.974290368485516912e-03,3.113773126145626957e+00,1.000000000000000000e+00,1.000000000000000000e+00,0.000000000000000000e+00,0.000000000000000000e+00
2.000000000000000000e+00,6.283773338505323214e-02,4.000000000000000000e+00,2.513509335402129286e-01,1.974290368485516912e-03,3.113773126145626957e+00,1.000000000000000000e+00,1.000000000000000000e+00,1.000000000000000000e+00,1.000000000000000000e+00
2.000000000000000000e+00,6.409129957730154425e-02,1.000000000000000000e+00,2.563651983092061770e-01,2.053847340753706639e-03,3.094020246571286936e+00,1.000000000000000000e+00,1.000000000000000000e+00,0.000000000000000000e+00,0.000000000000000000e+00
2.000000000000000000e+00,6.409129957730154425e-02,2.000000000000000000e+00,2.563651983092061770e-01,2.053847340753706639e-03,3.094020246571286936e+00,1.000000000000000000e+00,1.000000000000000000e+00,0.000000000000000000e+00,0.000000000000000000e+00
2.000000000000000000e+00,6.409129957730154425e-02,3.000000000000000000e+00,2.563651983092061770e-01,2.053847340753706639e-03,3.094020246571286936e+00,1.000000000000000000e+00,1.000000000000000000e+00,0.000000000000000000e+00,0.000000000000000000e+00
2.000000000000000000e+00,6.409129957730154425e-02,4.000000000000000000e+00,2.563651983092061770e-01,2.053847340753706639e-03,3.094020246571286936e+00,1.000000000000000000e+00,1.000000000000000000e+00,1.000000000000000000e+00,1.000000000000000000e+00
2.000000000000000000e+00,6.536987348567352418e-02,1.000000000000000000e+00,2.614794939426940967e-01,2.136610179766481373e-03,3.074267366996946915e+00,1.000000000000000000e+00,1.000000000000000000e+00,0.000000000000000000e+00,0.000000000000000000e+00
2.000000000000000000e+00,6.536987348567352418e-02,2.000000000000000000e+00,2.614794939426940967e-01,2.136610179766481373e-03,3.074267366996946915e+00,1.000000000000000000e+00,1.000000000000000000e+00,0.000000000000000000e+00,0.000000000000000000e+00
2.000000000000000000e+00,6.536987348567352418e-02,3.000000000000000000e+00,2.614794939426940967e-01,2.136610179766481373e-03,3.074267366996946915e+00,1.000000000000000000e+00,1.000000000000000000e+00,0.000000000000000000e+00,0.000000000000000000e+00
2.000000000000000000e+00,6.536987348567352418e-02,4.000000000000000000e+00,2.614794939426940967e-01,2.136610179766481373e-03,3.074267366996946915e+00,1.000000000000000000e+00,1.000000000000000000e+00,1.000000000000000000e+00,1.000000000000000000e+00
2.000000000000000000e+00,6.667395399556474977e-02,1.000000000000000000e+00,2.666958159822589991e-01,2.222708070701342239e-03,3.054514487422606894e+00,1.000000000000000000e+00,1.000000000000000000e+00,0.000000000000000000e+00,0.000000000000000000e+00
2.000000000000000000e+00,6.667395399556474977e-02,2.000000000000000000e+00,2.666958159822589991e-01,2.222708070701342239e-03,3.054514487422606894e+00,1.000000000000000000e+00,1.000000000000000000e+00,0.000000000000000000e+00,0.000000000000000000e+00
2.000000000000000000e+00,6.667395399556474977e-02,3.000000000000000000e+00,2.666958159822589991e-01,2.222708070701342239e-03,3.054514487422606894e+00,1.000000000000000000e+00,1.000000000000000000e+00,0.000000000000000000e+00,0.000000000000000000e+00
2.000000000000000000e+00,6.667395399556474977e-02,4.000000000000000000e+00,2.666958159822589991e-01,2.222708070701342239e-03,3.054514487422606894e+00,1.000000000000000000e+00,1.000000000000000000e+00,1.000000000000000000e+00,1.000000000000000000e+00
2.000000000000000000e+00,6.800404994476459686e-02,1.000000000000000000e+00,2.720161997790583874e-01,2.312275404445019063e-03,3.034761607848266873e+00,1.000000000000000000e+00,1.000000000000000000e+00,0.000000000000000000e+00,0.000000000000000000e+00
2.000000000000000000e+00,6.800404994476459686e-02,2.000000000000000000e+00,2.720161997790583874e-01,2.312275404445019063e-03,3.034761607848266873e+00,1.000000000000000000e+00,1.000000000000000000e+00,0.000000000000000000e+00,0.000000000000000000e+00
2.000000000000000000e+00,6.800404994476459686e-02,3.000000000000000000e+00,2.720161997790583874e-01,2.312275404445019063e-03,3.034761607848266873e+00,1.000000000000000000e+00,1.000000000000000000e+00,0.000000000000000000e+00,0.000000000000000000e+00
2.000000000000000000e+00,6.800404994476459686e-02,4.000000000000000000e+00,2.720161997790583874e-01,2.312275404445019063e-03,3.034761607848266873e+00,1.000000000000000000e+00,1.000000000000000000e+00,1.000000000000000000e+00,1.000000000000000000e+00
2.000000000000000000e+00,6.936068032199904643e-02,1.000000000000000000e+00,2.774427212879961857e-01,2.405451987365272732e-03,3.015008728273926852e+00,1.000000000000000000e+00,1.000000000000000000e+00,0.000000000000000000e+00,0.000000000000000000e+00
2.000000000000000000e+00,6.936068032199904643e-02,2.000000000000000000e+00,2.774427212879961857e-01,2.405451987365272732e-03,3.015008728273926852e+00,1.000000000000000000e+00,1.000000000000000000e+00,0.000000000000000000e+00,0.000000000000000000e+00
2.000000000000000000e+00,6.936068032199904643e-02,3.000000000000000000e+00,2.774427212879961857e-01,2.405451987365272732e-03,3.015008728273926852e+00,1.000000000000000000e+00,1.000000000000000000e+00,0.000000000000000000e+00,0.000000000000000000e+00
2.000000000000000000e+00,6.936068032199904643e-02,4.000000000000000000e+00,2.774427212879961857e-01,2.405451987365272732e-03,3.015008728273926852e+00,1.000000000000000000e+00,1.000000000000000000e+00,1.000000000000000000e+00,1.000000000000000000e+00
2.000000000000000000e+00,7.074437446943439289e-02,1.000000000000000000e+00,2.829774978777375716e-01,2.502383259535780405e-03,2.995255848699586831e+00,1.000000000000000000e+00,1.000000000000000000e+00,0.000000000000000000e+00,0.000000000000000000e+00
2.000000000000000000e+00,7.074437446943439289e-02,2.000000000000000000e+00,2.829774978777375716e-01,2.502383259535780405e-03,2.995255848699586831e+00,1.000000000000000000e+00,1.000000000000000000e+00,0.000000000000000000e+00,0.000000000000000000e+00
2.000000000000000000e+00,7.074437446943439289e-02,3.000000000000000000e+00,2.829774978777375716e-01,2.502383259535780405e-03,2.995255848699586831e+00,1.000000000000000000e+00,1.000000000000000000e+00,1.000000000000000000e+00,1.000000000000000000e+00
2.000000000000000000e+00,7.074437446943439289e-02,4.000000000000000000e+00,2.829774978777375716e-01,2.502383259535780405e-03,2.995255848699586831e+00,1.000000000000000000e+00,1.000000000000000000e+00,1.000000000000000000e+00,1.000000000000000000e+00
2.000000000000000000e+00,7.215567228922069309e-02,1.000000000000000000e+00,2.886226891568827724e-01,2.603220521754705686e-03,2.975502969125246366e+00,1.000000000000000000e+00,1.000000000000000000e+00,0.000000000000000000e+00,0.000000000000000000e+00
2.000000000000000000e+00,7.215567228922069309e-02,2.000000000000000000e+00,2.886226891568827724e-01,2.603220521754705686e-03,2.975502969125246366e+00,1.000000000000000000e+00,1.000000000000000000e+00,0.000000000000000000e+00,0.000000000000000000e+00
2.000000000000000000e+00,7.215567228922069309e-02,3.000000000000000000e+00,2.886226891568827724e-01,2.603220521754705686e-03,2.975502969125246366e+00,1.000000000000000000e+00,1.000000000000000000e+00,1.000000000000000000e+00,1.000000000000000000e+00
2.000000000000000000e+00,7.215567228922069309e-02,4.000000000000000000e+00,2.886226891568827724e-01,2.603220521754705686e-03,2.975502969125246366e+00,1.000000000000000000e+00,1.000000000000000000e+00,1.000000000000000000e+00,1.000000000000000000e+00
2.000000000000000000e+00,7.359512445415555826e-02,1.000000000000000000e+00,2.943804978166222330e-01,2.708121171711322644e-03,2.955750089550906790e+00,1.000000000000000000e+00,1.000000000000000000e+00,0.000000000000000000e+00,0.000000000000000000e+00
2.000000000000000000e+00,7.359512445415555826e-02,2.000000000000000000e+00,2.943804978166222330e-01,2.708121171711322644e-03,2.955750089550906790e+00,1.000000000000000000e+00,1.000000000000000000e+00,0.000000000000000000e+00,0.000000000000000000e+00
2.000000000000000000e+00,7.359512445415555826e-02,3.000000000000000000e+00,2.943804978166222330e-01,2.708121171711322644e-03,2.955750089550906790e+00,1.000000000000000000e+00,1.000000000000000000e+00,1.000000000000000000e+00,1.000000000000000000e+00
2.000000000000000000e+00,7.359512445415555826e-02,4.000000000000000000e+00,2.943804978166222330e-01,2.708121171711322644e-03,2.955750089550906790e+00,1.000000000000000000e+00,1.000000000000000000e+00,1.000000000000000000e+00,1.000000000000000000e+00
2.000000000000000000e+00,7.506329262255070911e-02,1.000000000000000000e+00,3.002531704902028364e-01,2.817248949669338021e-03,2.935997209976566769e+00,1.000000000000000000e+00,1.000000000000000000e+00,0.000000000000000000e+00,0.000000000000000000e+00
2.000000000000000000e+00,7.506329262255070911e-02,2.000000000000000000e+00,3.002531704902028364e-01,2.817248949669338021e-03,2.935997209976566769e+00,1.000000000000000000e+00,1.000000000000000000e+00,0.000000000000000000e+00,0.000000000000000000e+00
2.000000000000000000e+00,7.506329262255070911e-02,3.000000000000000000e+00,3.002531704902028364e-01,2.817248949669338021e-03,2.935997209976566769e+00,1.000000000000000000e+00,1.000000000000000000e+00,1.000000000000000000e+00,1.000000000000000000e+00
2.000000000000000000e+00,7.506329262255070911e-02,4.000000000000000000e+00,3.002531704902028364e-01,2.817248949669338021e-03,2.935997209976566769e+00,1.000000000000000000e+00,1.000000000000000000e+00,1.000000000000000000e+00,1.000000000000000000e+00
2.000000000000000000e+00,7.656074965738476901e-02,1.000000000000000000e+00,3.062429986295390760e-01,2.930774194050370964e-03,2.916244330402225859e+00,1.000000000000000000e+00,1.000000000000000000e+00,0.000000000000000000e+00,0.000000000000000000e+00
2.000000000000000000e+00,7.656074965738476901e-02,2.000000000000000000e+00,3.062429986295390760e-01,2.930774194050370964e-03,2.916244330402225859e+00,1.000000000000000000e+00,1.000000000000000000e+00,0.000000000000000000e+00,0.000000000000000000e+00
2.000000000000000000e+00,7.656074965738476901e-02,3.000000000000000000e+00,3.062429986295390760e-01,2.930774194050370964e-03,2.916244330402225859e+00,1.000000000000000000e+00,1.000000000000000000e+00,1.000000000000000000e+00,1.000000000000000000e+00
2.000000000000000000e+00,7.656074965738476901e-02,4.000000000000000000e+00,3.062429986295390760e-01,2.930774194050370964e-03,2.916244330402225859e+00,1.000000000000000000e+00,1.000000000000000000e+00,1.000000000000000000e+00,1.000000000000000000e+00
2.000000000000000000e+00,7.808807984982790718e-02,1.000000000000000000e+00,3.123523193993116287e-01,3.048874107316549772e-03,2.896491450827885838e+00,1.000000000000000000e+00,1.000000000000000000e+00,0.000000000000000000e+00,0.000000000000000000e+00
2.000000000000000000e+00,7.808807984982790718e-02,2.000000000000000000e+00,3.123523193993116287e-01,3.048874107316549772e-03,2.896491450827885838e+00,1.000000000000000000e+00,1.000000000000000000e+00,0.000000000000000000e+00,0.000000000000000000e+00
2.000000000000000000e+00,7.808807984982790718e-02,3.000000000000000000e+00,3.123523193993116287e-01,3.048874107316549772e-03,2.896491450827885838e+00,1.000000000000000000e+00,1.000000000000000000e+00,1.000000000000000000e+00,1.000000000000000000e+00
2.000000000000000000e+00,7.808807984982790718e-02,4.000000000000000000e+00,3.123523193993116287e-01,3.048874107316549772e-03,2.896491450827885838e+00,1.000000000000000000e+00,1.000000000000000000e+00,1.000000000000000000e+00,1.000000000000000000e+00
2.000000000000000000e+00,7.964587914722609518e-02,1.000000000000000000e+00,3.185835165889043807e-01,3.171733032567272161e-03,2.876738571253545818e+00,1.000000000000000000e+00,1.000000000000000000e+00,0.000000000000000000e+00,0.000000000000000000e+00
2.000000000000000000e+00,7.964587914722609518e-02,2.000000000000000000e+00,3.185835165889043807e-01,3.171733032567272161e-03,2.876738571253545818e+00,1.000000000000000000e+00,1.000000000000000000e+00,0.000000000000000000e+00,0.000000000000000000e+00
2.000000000000000000e+00,7.964587914722609518e-02,3.000000000000000000e+00,3.185835165889043807e-01,3.171733032567272161e-03,2.876738571253545818e+00,1.000000000000000000e+00,1.000000000000000000e+00,1.000000000000000000e+00,1.000000000000000000e+00
2.000000000000000000e+00,7.964587914722609518e-02,4.000000000000000000e+00,3.185835165889043807e-01,3.171733032567272161e-03,2.876738571253545818e+00,1.000000000000000000e+00,1.000000000000000000e+00,1.000000000000000000e+00,1.000000000000000000e+00
2.000000000000000000e+00,8.123475538563297571e-02,1.000000000000000000e+00,3.249390215425319028e-01,3.299542741281812769e-03,2.856985691679205797e+00,1.000000000000000000e+00,1.000000000000000000e+00,0.000000000000000000e+00,0.000000000000000000e+00
2.000000000000000000e+00,8.123475538563297571e-02,2.000000000000000000e+00,3.249390215425319028e-01,3.299542741281812769e-03,2.856985691679205797e+00,1.000000000000000000e+00,1.000000000000000000e+00,0.000000000000000000e+00,0.000000000000000000e+00
2.000000000000000000e+00,8.123475538563297571e-02,3.000000000000000000e+00,3.249390215425319028e-01,3.299542741281812769e-03,2.856985691679205797e+00,1.000000000000000000e+00,1.000000000000000000e+00,1.000000000000000000e+00,1.000000000000000000e+00
2.000000000000000000e+00,8.123475538563297571e-02,4.000000000000000000e+00,3.249390215425319028e-01,3.299542741281812769e-03,2.856985691679205797e+00,1.000000000000000000e+00,1.000000000000000000e+00,1.000000000000000000e+00,1.000000000000000000e+00
2.000000000000000000e+00,8.285532852698077044e-02,1.000000000000000000e+00,3.314213141079230818e-01,3.432502732656956840e-03,2.837232812104865776e+00,1.000000000000000000e+00,1.000000000000000000e+00,0.000000000000000000e+00,0.000000000000000000e+00
2.000000000000000000e+00,8.285532852698077044e-02,2.000000000000000000e+00,3.314213141079230818e-01,3.432502732656956840e-03,2.837232812104865776e+00,1.000000000000000000e+00,1.000000000000000000e+00,0.000000000000000000e+00,0.000000000000000000e+00
2.000000000000000000e+00,8.285532852698077044e-02,3.000000000000000000e+00,3.314213141079230818e-01,3.432502732656956840e-03,2.837232812104865776e+00,1.000000000000000000e+00,1.000000000000000000e+00,1.000000000000000000e+00,1.000000000000000000e+00
2.000000000000000000e+00,8.285532852698077044e-02,4.000000000000000000e+00,3.314213141079230818e-01,3.432502732656956840e-03,2.837232812104865776e+00,1.000000000000000000e+00,1.000000000000000000e+00,1.000000000000000000e+00,1.000000000000000000e+00
2.000000000000000000e+00,8.450823090098262547e-02,1.000000000000000000e+00,3.380329236039305019e-01,3.570820545006897408e-03,2.817479932530525755e+00,1.000000000000000000e+00,1.000000000000000000e+00,0.000000000000000000e+00,0.000000000000000000e+00
2.000000000000000000e+00,8.450823090098262547e-02,2.000000000000000000e+00,3.380329236039305019e-01,3.570820545006897408e-03,2.817479932530525755e+00,1.000000000000000000e+00,1.000000000000000000e+00,0.000000000000000000e+00,0.000000000000000000e+00
2.000000000000000000e+00,8.450823090098262547e-02,3.000000000000000000e+00,3.380329236039305019e-01,3.570820545006897408e-03,2.817479932530525755e+00,1.000000000000000000e+00,1.000000000000000000e+00,1.000000000000000000e+00,1.000000000000000000e+00
2.000000000000000000e+00,8.450823090098262547e-02,4.000000000000000000e+00,3.380329236039305019e-01,3.570820545006897408e-03,2.817479932530525755e+00,1.000000000000000000e+00,1.000000000000000000e+00,1.000000000000000000e+00,1.000000000000000000e+00
2.000000000000000000e+00,8.619410745186065204e-02,1.000000000000000000e+00,3.447764298074426081e-01,3.714712079711449903e-03,2.797727052956185734e+00,1.000000000000000000e+00,1.000000000000000000e+00,0.000000000000000000e+00,0.000000000000000000e+00
2.000000000000000000e+00,8.619410745186065204e-02,2.000000000000000000e+00,3.447764298074426081e-01,3.714712079711449903e-03,2.797727052956185734e+00,1.000000000000000000e+00,1.000000000000000000e+00,0.000000000000000000e+00,0.000000000000000000e+00
2.000000000000000000e+00,8.619410745186065204e-02,3.000000000000000000e+00,3.447764298074426081e-01,3.714712079711449903e-03,2.797727052956185734e+00,1.000000000000000000e+00,1.000000000000000000e+00,1.000000000000000000e+00,1.000000000000000000e+00
2.000000000000000000e+00,8.619410745186065204e-02,4.000000000000000000e+00,3.447764298074426081e-01,3.714712079711449903e-03,2.797727052956185734e+00,1.000000000000000000e+00,1.000000000000000000e+00,1.000000000000000000e+00,1.000000000000000000e+00
2.000000000000000000e+00,8.791361598999597460e-02,1.000000000000000000e+00,3.516544639599838984e-01,3.864401938218237856e-03,2.777974173381845713e+00,1.000000000000000000e+00,1.000000000000000000e+00,0.000000000000000000e+00,0.000000000000000000e+00
2.000000000000000000e+00,8.791361598999597460e-02,2.000000000000000000e+00,3.516544639599838984e-01,3.864401938218237856e-03,2.777974173381845713e+00,1.000000000000000000e+00,1.000000000000000000e+00,0.000000000000000000e+00,0.000000000000000000e+00
2.000000000000000000e+00,8.791361598999597460e-02,3.000000000000000000e+00,3.516544639599838984e-01,3.864401938218237856e-03,2.777974173381845713e+00,1.000000000000000000e+00,1.000000000000000000e+00,1.000000000000000000e+00,1.000000000000000000e+00
2.000000000000000000e+00,8.791361598999597460e-02,4.000000000000000000e+00,3.516544639599838984e-01,3.864401938218237856e-03,2.777974173381845713e+00,1.000000000000000000e+00,1.000000000000000000e+00,1.000000000000000000e+00,1.000000000000000000e+00
2.000000000000000000e+00,8.966742744859919345e-02,1.000000000000000000e+00,3.586697097943967738e-01,4.020123772624900269e-03,2.758221293807505692e+00,1.000000000000000000e+00,1.000000000000000000e+00,0.000000000000000000e+00,0.000000000000000000e+00
2.000000000000000000e+00,8.966742744859919345e-02,2.000000000000000000e+00,3.586697097943967738e-01,4.020123772624900269e-03,2.758221293807505692e+00,1.000000000000000000e+00,1.000000000000000000e+00,0.000000000000000000e+00,0.000000000000000000e+00
2.000000000000000000e+00,8.966742744859919345e-02,3.000000000000000000e+00,3.586697097943967738e-01,4.020123772624900269e-03,2.758221293807505692e+00,1.000000000000000000e+00,1.000000000000000000e+00,1.000000000000000000e+00,1.000000000000000000e+00
2.000000000000000000e+00,8.966742744859919345e-02,4.000000000000000000e+00,3.586697097943967738e-01,4.020123772624900269e-03,2.758221293807505692e+00,1.000000000000000000e+00,1.000000000000000000e+00,1.000000000000000000e+00,1.000000000000000000e+00
2.000000000000000000e+00,9.145622614550093232e-02,1.000000000000000000e+00,3.658249045820037293e-01,4.182120650388504446e-03,2.738468414233165671e+00,1.000000000000000000e+00,1.000000000000000000e+00,0.000000000000000000e+00,0.000000000000000000e+00
2.000000000000000000e+00,9.145622614550093232e-02,2.000000000000000000e+00,3.658249045820037293e-01,4.182120650388504446e-03,2.738468414233165671e+00,1.000000000000000000e+00,1.000000000000000000e+00,0.000000000000000000e+00,0.000000000000000000e+00
2.000000000000000000e+00,9.145622614550093232e-02,3.000000000000000000e+00,3.658249045820037293e-01,4.182120650388504446e-03,2.738468414233165671e+00,1.000000000000000000e+00,1.000000000000000000e+00,1.000000000000000000e+00,1.000000000000000000e+00
2.000000000000000000e+00,9.145622614550093232e-02,4.000000000000000000e+00,3.658249045820037293e-01,4.182120650388504446e-03,2.738468414233165671e+00,1.000000000000000000e+00,1.000000000000000000e+00,1.000000000000000000e+00,1.000000000000000000e+00
2.000000000000000000e+00,9.328071005016523587e-02,1.000000000000000000e+00,3.731228402006609435e-01,4.350645433731498840e-03,2.718715534658825650e+00,1.000000000000000000e+00,1.000000000000000000e+00,0.000000000000000000e+00,0.000000000000000000e+00
2.000000000000000000e+00,9.328071005016523587e-02,2.000000000000000000e+00,3.731228402006609435e-01,4.350645433731498840e-03,2.718715534658825650e+00,1.000000000000000000e+00,1.000000000000000000e+00,0.000000000000000000e+00,0.000000000000000000e+00
2.000000000000000000e+00,9.328071005016523587e-02,3.000000000000000000e+00,3.731228402006609435e-01,4.350645433731498840e-03,2.718715534658825650e+00,1.000000000000000000e+00,1.000000000000000000e+00,1.000000000000000000e+00,1.000000000000000000e+00
2.000000000000000000e+00,9.328071005016523587e-02,4.000000000000000000e+00,3.731228402006609435e-01,4.350645433731498840e-03,2.718715534658825650e+00,1.000000000000000000e+00,1.000000000000000000e+00,1.000000000000000000e+00,1.000000000000000000e+00
2.000000000000000000e+00,9.514159105602944255e-02,1.000000000000000000e+00,3.805663642241177702e-01,4.525961174336371080e-03,2.698962655084485629e+00,1.000000000000000000e+00,1.000000000000000000e+00,0.000000000000000000e+00,0.000000000000000000e+00
2.000000000000000000e+00,9.514159105602944255e-02,2.000000000000000000e+00,3.805663642241177702e-01,4.525961174336371080e-03,2.698962655084485629e+00,1.000000000000000000e+00,1.000000000000000000e+00,0.000000000000000000e+00,0.000000000000000000e+00
2.000000000000000000e+00,9.514159105602944255e-02,3.000000000000000000e+00,3.805663642241177702e-01,4.525961174336371080e-03,2.698962655084485629e+00,1.000000000000000000e+00,1.000000000000000000e+00,1.000000000000000000e+00,1.000000000000000000e+00
2.000000000000000000e+00,9.514159105602944255e-02,4.000000000000000000e+00,3.805663642241177702e-01,4.525961174336371080e-03,2.698962655084485629e+00,1.000000000000000000e+00,1.000000000000000000e+00,1.000000000000000000e+00,1.000000000000000000e+00
2.000000000000000000e+00,9.703959525827715593e-02,1.000000000000000000e+00,3.881583810331086237e-01,4.708341523945122967e-03,2.679209775510145608e+00,1.000000000000000000e+00,1.000000000000000000e+00,0.000000000000000000e+00,0.000000000000000000e+00
2.000000000000000000e+00,9.703959525827715593e-02,2.000000000000000000e+00,3.881583810331086237e-01,4.708341523945122967e-03,2.679209775510145608e+00,1.000000000000000000e+00,1.000000000000000000e+00,0.000000000000000000e+00,0.000000000000000000e+00
2.000000000000000000e+00,9.703959525827715593e-02,3.000000000000000000e+00,3.881583810331086237e-01,4.708341523945122967e-03,2.679209775510145608e+00,1.000000000000000000e+00,1.000000000000000000e+00,1.000000000000000000e+00,1.000000000000000000e+00
2.000000000000000000e+00,9.703959525827715593e-02,4.000000000000000000e+00,3.881583810331086237e-01,4.708341523945122967e-03,2.679209775510145608e+00,1.000000000000000000e+00,1.000000000000000000e+00,1.000000000000000000e+00,1.000000000000000000e+00
2.000000000000000000e+00,9.897546323715258887e-02,1.000000000000000000e+00,3.959018529486103555e-01,4.898071161504471624e-03,2.659456895935805587e+00,1.000000000000000000e+00,1.000000000000000000e+00,0.000000000000000000e+00,0.000000000000000000e+00
2.000000000000000000e+00,9.897546323715258887e-02,2.000000000000000000e+00,3.959018529486103555e-01,4.898071161504471624e-03,2.659456895935805587e+00,1.000000000000000000e+00,1.000000000000000000e+00,0.000000000000000000e+00,0.000000000000000000e+00
2.000000000000000000e+00,9.897546323715258887e-02,3.000000000000000000e+00,3.959018529486103555e-01,4.898071161504471624e-03,2.659456895935805587e+00,1.000000000000000000e+00,1.000000000000000000e+00,1.000000000000000000e+00,1.000000000000000000e+00
2.000000000000000000e+00,9.897546323715258887e-02,4.000000000000000000e+00,3.959018529486103555e-01,4.898071161504471624e-03,2.659456895935805587e+00,1.000000000000000000e+00,1.000000000000000000e+00,1.000000000000000000e+00,1.000000000000000000e+00
2.000000000000000000e+00,1.009499503469267478e-01,1.000000000000000000e+00,4.037998013877069914e-01,5.095446237523487860e-03,2.639704016361464678e+00,1.000000000000000000e+00,1.000000000000000000e+00,0.000000000000000000e+00,0.000000000000000000e+00
2.000000000000000000e+00,1.009499503469267478e-01,2.000000000000000000e+00,4.037998013877069914e-01,5.095446237523487860e-03,2.639704016361464678e+00,1.000000000000000000e+00,1.000000000000000000e+00,0.000000000000000000e+00,0.000000000000000000e+00
2.000000000000000000e+00,1.009499503469267478e-01,3.000000000000000000e+00,4.037998013877069914e-01,5.095446237523487860e-03,2.639704016361464678e+00,1.000000000000000000e+00,1.000000000000000000e+00,1.000000000000000000e+00,1.000000000000000000e+00
2.000000000000000000e+00,1.009499503469267478e-01,4.000000000000000000e+00,4.037998013877069914e-01,5.095446237523487860e-03,2.639704016361464678e+00,1.000000000000000000e+00,1.000000000000000000e+00,1.000000000000000000e+00,1.000000000000000000e+00
2.000000000000000000e+00,1.029638270106282144e-01,1.000000000000000000e+00,4.118553080425128576e-01,5.300774836337286168e-03,2.619951136787125101e+00,1.000000000000000000e+00,1.000000000000000000e+00,0.000000000000000000e+00,0.000000000000000000e+00
2.000000000000000000e+00,1.029638270106282144e-01,2.000000000000000000e+00,4.118553080425128576e-01,5.300774836337286168e-03,2.619951136787125101e+00,1.000000000000000000e+00,1.000000000000000000e+00,0.000000000000000000e+00,0.000000000000000000e+00
2.000000000000000000e+00,1.029638270106282144e-01,3.000000000000000000e+00,4.118553080425128576e-01,5.300774836337286168e-03,2.619951136787125101e+00,1.000000000000000000e+00,1.000000000000000000e+00,1.000000000000000000e+00,1.000000000000000000e+00
2.000000000000000000e+00,1.029638270106282144e-01,4.000000000000000000e+00,4.118553080425128576e-01,5.300774836337286168e-03,2.619951136787125101e+00,1.000000000000000000e+00,1.000000000000000000e+00,1.000000000000000000e+00,1.000000000000000000e+00
2.000000000000000000e+00,1.050178790206539176e-01,1.000000000000000000e+00,4.200715160826156702e-01,5.514377456998351482e-03,2.600198257212784636e+00,1.000000000000000000e+00,1.000000000000000000e+00,0.000000000000000000e+00,0.000000000000000000e+00
2.000000000000000000e+00,1.050178790206539176e-01,2.000000000000000000e+00,4.200715160826156702e-01,5.514377456998351482e-03,2.600198257212784636e+00,1.000000000000000000e+00,1.000000000000000000e+00,0.000000000000000000e+00,0.000000000000000000e+00
2.000000000000000000e+00,1.050178790206539176e-01,3.000000000000000000e+00,4.200715160826156702e-01,5.514377456998351482e-03,2.600198257212784636e+00,1.000000000000000000e+00,1.000000000000000000e+00,1.000000000000000000e+00,1.000000000000000000e+00
2.000000000000000000e+00,1.050178790206539176e-01,4.000000000000000000e+00,4.200715160826156702e-01,5.514377456998351482e-03,2.600198257212784636e+00,1.000000000000000000e+00,1.000000000000000000e+00,1.000000000000000000e+00,1.000000000000000000e+00
2.000000000000000000e+00,1.071129078453764288e-01,1.000000000000000000e+00,4.284516313815057154e-01,5.736587513546051627e-03,2.580445377638444615e+00,1.000000000000000000e+00,1.000000000000000000e+00,0.000000000000000000e+00,0.000000000000000000e+00
2.000000000000000000e+00,1.071129078453764288e-01,2.000000000000000000e+00,4.284516313815057154e-01,5.736587513546051627e-03,2.580445377638444615e+00,1.000000000000000000e+00,1.000000000000000000e+00,0.000000000000000000e+00,0.000000000000000000e+00
2.000000000000000000e+00,1.071129078453764288e-01,3.000000000000000000e+00,4.284516313815057154e-01,5.736587513546051627e-03,2.580445377638444615e+00,1.000000000000000000e+00,1.000000000000000000e+00,1.000000000000000000e+00,1.000000000000000000e+00
2.000000000000000000e+00,1.071129078453764288e-01,4.000000000000000000e+00,4.284516313815057154e-01,5.736587513546051627e-03,2.580445377638444615e+00,1.000000000000000000e+00,1.000000000000000000e+00,1.000000000000000000e+00,1.000000000000000000e+00
2.000000000000000000e+00,1.092497309418681839e-01,1.000000000000000000e+00,4.369989237674727356e-01,5.967751855435294954e-03,2.560692498064104594e+00,1.000000000000000000e+00,1.000000000000000000e+00,0.000000000000000000e+00,0.000000000000000000e+00
2.000000000000000000e+00,1.092497309418681839e-01,2.000000000000000000e+00,4.369989237674727356e-01,5.967751855435294954e-03,2.560692498064104594e+00,1.000000000000000000e+00,1.000000000000000000e+00,0.000000000000000000e+00,0.000000000000000000e+00
2.000000000000000000e+00,1.092497309418681839e-01,3.000000000000000000e+00,4.369989237674727356e-01,5.967751855435294954e-03,2.560692498064104594e+00,1.000000000000000000e+00,1.000000000000000000e+00,1.000000000000000000e+00,1.000000000000000000e+00
2.000000000000000000e+00,1.092497309418681839e-01,4.000000000000000000e+00,4.369989237674727356e-01,5.967751855435294954e-03,2.560692498064104594e+00,1.000000000000000000e+00,1.000000000000000000e+00,1.000000000000000000e+00,1.000000000000000000e+00
2.000000000000000000e+00,1.114291820748641165e-01,1.000000000000000000e+00,4.457167282994564661e-01,6.208231308936609620e-03,2.540939618489764573e+00,1.000000000000000000e+00,1.000000000000000000e+00,0.000000000000000000e+00,0.000000000000000000e+00
2.000000000000000000e+00,1.114291820748641165e-01,2.000000000000000000e+00,4.457167282994564661e-01,6.208231308936609620e-03,2.540939618489764573e+00,1.000000000000000000e+00,1.000000000000000000e+00,0.000000000000000000e+00,0.000000000000000000e+00
2.000000000000000000e+00,1.114291820748641165e-01,3.000000000000000000e+00,4.457167282994564661e-01,6.208231308936609620e-03,2.540939618489764573e+00,1.000000000000000000e+00,1.000000000000000000e+00,1.000000000000000000e+00,1.000000000000000000e+00
2.000000000000000000e+00,1.114291820748641165e-01,4.000000000000000000e+00,4.457167282994564661e-01,6.208231308936609620e-03,2.540939618489764573e+00,1.000000000000000000e+00,1.000000000000000000e+00,1.000000000000000000e+00,1.000000000000000000e+00
2.000000000000000000e+00,1.136521116420874528e-01,1.000000000000000000e+00,4.546084465683498110e-01,6.458401240352754959e-03,2.521186738915424552e+00,1.000000000000000000e+00,1.000000000000000000e+00,0.000000000000000000e+00,0.000000000000000000e+00
2.000000000000000000e+00,1.136521116420874528e-01,2.000000000000000000e+00,4.546084465683498110e-01,6.458401240352754959e-03,2.521186738915424552e+00,1.000000000000000000e+00,1.000000000000000000e+00,0.000000000000000000e+00,0.000000000000000000e+00
2.000000000000000000e+00,1.136521116420874528e-01,3.000000000000000000e+00,4.546084465683498110e-01,6.458401240352754959e-03,2.521186738915424552e+00,1.000000000000000000e+00,1.000000000000000000e+00,1.000000000000000000e+00,1.000000000000000000e+00
2.000000000000000000e+00,1.136521116420874528e-01,4.000000000000000000e+00,4.546084465683498110e-01,6.458401240352754959e-03,2.521186738915424552e+00,1.000000000000000000e+00,1.000000000000000000e+00,1.000000000000000000e+00,1.000000000000000000e+00
2.000000000000000000e+00,1.159193870060654941e-01,1.000000000000000000e+00,4.636775480242619762e-01,6.718652141930992437e-03,2.501433859341084531e+00,1.000000000000000000e+00,1.000000000000000000e+00,0.000000000000000000e+00,0.000000000000000000e+00
2.000000000000000000e+00,1.159193870060654941e-01,2.000000000000000000e+00,4.636775480242619762e-01,6.718652141930992437e-03,2.501433859341084531e+00,1.000000000000000000e+00,1.000000000000000000e+00,0.000000000000000000e+00,0.000000000000000000e+00
2.000000000000000000e+00,1.159193870060654941e-01,3.000000000000000000e+00,4.636775480242619762e-01,6.718652141930992437e-03,2.501433859341084531e+00,1.000000000000000000e+00,1.000000000000000000e+00,1.000000000000000000e+00,1.000000000000000000e+00
2.000000000000000000e+00,1.159193870060654941e-01,4.000000000000000000e+00,4.636775480242619762e-01,6.718652141930992437e-03,2.501433859341084531e+00,1.000000000000000000e+00,1.000000000000000000e+00,1.000000000000000000e+00,1.000000000000000000e+00
2.000000000000000000e+00,1.182318928325648971e-01,1.000000000000000000e+00,4.729275713302595885e-01,6.989390241385555480e-03,2.481680979766744510e+00,1.000000000000000000e+00,1.000000000000000000e+00,0.000000000000000000e+00,0.000000000000000000e+00
2.000000000000000000e+00,1.182318928325648971e-01,2.000000000000000000e+00,4.729275713302595885e-01,6.989390241385555480e-03,2.481680979766744510e+00,1.000000000000000000e+00,1.000000000000000000e+00,0.000000000000000000e+00,0.000000000000000000e+00
2.000000000000000000e+00,1.182318928325648971e-01,3.000000000000000000e+00,4.729275713302595885e-01,6.989390241385555480e-03,2.481680979766744510e+00,1.000000000000000000e+00,1.000000000000000000e+00,1.000000000000000000e+00,1.000000000000000000e+00
2.000000000000000000e+00,1.182318928325648971e-01,4.000000000000000000e+00,4.729275713302595885e-01,6.989390241385555480e-03,2.481680979766744510e+00,1.000000000000000000e+00,1.000000000000000000e+00,1.000000000000000000e+00,1.000000000000000000e+00
2.000000000000000000e+00,1.205905314357784697e-01,1.000000000000000000e+00,4.823621257431138787e-01,7.271038135981737656e-03,2.461928100192404489e+00,1.000000000000000000e+00,1.000000000000000000e+00,0.000000000000000000e+00,0.000000000000000000e+00
2.000000000000000000e+00,1.205905314357784697e-01,2.000000000000000000e+00,4.823621257431138787e-01,7.271038135981737656e-03,2.461928100192404489e+00,1.000000000000000000e+00,1.000000000000000000e+00,0.000000000000000000e+00,0.000000000000000000e+00
2.000000000000000000e+00,1.205905314357784697e-01,3.000000000000000000e+00,4.823621257431138787e-01,7.271038135981737656e-03,2.461928100192404489e+00,1.000000000000000000e+00,1.000000000000000000e+00,1.000000000000000000e+00,1.000000000000000000e+00
2.000000000000000000e+00,1.205905314357784697e-01,4.000000000000000000e+00,4.823621257431138787e-01,7.271038135981737656e-03,2.461928100192404489e+00,1.000000000000000000e+00,1.000000000000000000e+00,1.000000000000000000e+00,1.000000000000000000e+00
2.000000000000000000e+00,1.229962231303981662e-01,1.000000000000000000e+00,4.919848925215926649e-01,7.564035452171346575e-03,2.442175220618064468e+00,1.000000000000000000e+00,1.000000000000000000e+00,0.000000000000000000e+00,0.000000000000000000e+00
2.000000000000000000e+00,1.229962231303981662e-01,2.000000000000000000e+00,4.919848925215926649e-01,7.564035452171346575e-03,2.442175220618064468e+00,1.000000000000000000e+00,1.000000000000000000e+00,0.000000000000000000e+00,0.000000000000000000e+00
2.000000000000000000e+00,1.229962231303981662e-01,3.000000000000000000e+00,4.919848925215926649e-01,7.564035452171346575e-03,2.442175220618064468e+00,1.000000000000000000e+00,1.000000000000000000e+00,1.000000000000000000e+00,1.000000000000000000e+00
2.000000000000000000e+00,1.229962231303981662e-01,4.000000000000000000e+00,4.919848925215926649e-01,7.564035452171346575e-03,2.442175220618064468e+00,1.000000000000000000e+00,1.000000000000000000e+00,1.000000000000000000e+00,1.000000000000000000e+00
2.000000000000000000e+00,1.254499065907117017e-01,1.000000000000000000e+00,5.017996263628468068e-01,7.868839531809146068e-03,2.422422341043724447e+00,1.000000000000000000e+00,1.000000000000000000e+00,0.000000000000000000e+00,0.000000000000000000e+00
2.000000000000000000e+00,1.254499065907117017e-01,2.000000000000000000e+00,5.017996263628468068e-01,7.868839531809146068e-03,2.422422341043724447e+00,1.000000000000000000e+00,1.000000000000000000e+00,0.000000000000000000e+00,0.000000000000000000e+00
2.000000000000000000e+00,1.254499065907117017e-01,3.000000000000000000e+00,5.017996263628468068e-01,7.868839531809146068e-03,2.422422341043724447e+00,1.000000000000000000e+00,1.000000000000000000e+00,1.000000000000000000e+00,1.000000000000000000e+00
2.000000000000000000e+00,1.254499065907117017e-01,4.000000000000000000e+00,5.017996263628468068e-01,7.868839531809146068e-03,2.422422341043724447e+00,1.000000000000000000e+00,1.000000000000000000e+00,1.000000000000000000e+00,1.000000000000000000e+00
2.000000000000000000e+00,1.279525392168629205e-01,1.000000000000000000e+00,5.118101568674516821e-01,8.185926146021422004e-03,2.402669461469384427e+00,1.000000000000000000e+00,1.000000000000000000e+00,0.000000000000000000e+00,0.000000000000000000e+00
2.000000000000000000e+00,1.279525392168629205e-01,2.000000000000000000e+00,5.118101568674516821e-01,8.185926146021422004e-03,2.402669461469384427e+00,1.000000000000000000e+00,1.000000000000000000e+00,0.000000000000000000e+00,0.000000000000000000e+00
2.000000000000000000e+00,1.279525392168629205e-01,3.000000000000000000e+00,5.118101568674516821e-01,8.185926146021422004e-03,2.402669461469384427e+00,1.000000000000000000e+00,1.000000000000000000e+00,1.000000000000000000e+00,1.000000000000000000e+00
2.000000000000000000e+00,1.279525392168629205e-01,4.000000000000000000e+00,5.118101568674516821e-01,8.185926146021422004e-03,2.402669461469384427e+00,1.000000000000000000e+00,1.000000000000000000e+00,1.000000000000000000e+00,1.000000000000000000e+00
2.000000000000000000e+00,1.305050975084186549e-01,1.000000000000000000e+00,5.220203900336746194e-01,8.515790237840929755e-03,2.382916581895044406e+00,1.000000000000000000e+00,1.000000000000000000e+00,0.000000000000000000e+00,0.000000000000000000e+00
2.000000000000000000e+00,1.305050975084186549e-01,2.000000000000000000e+00,5.220203900336746194e-01,8.515790237840929755e-03,2.382916581895044406e+00,1.000000000000000000e+00,1.000000000000000000e+00,0.000000000000000000e+00,0.000000000000000000e+00
2.000000000000000000e+00,1.305050975084186549e-01,3.000000000000000000e+00,5.220203900336746194e-01,8.515790237840929755e-03,2.382916581895044406e+00,1.000000000000000000e+00,1.000000000000000000e+00,1.000000000000000000e+00,1.000000000000000000e+00
2.000000000000000000e+00,1.305050975084186549e-01,4.000000000000000000e+00,5.220203900336746194e-01,8.515790237840929755e-03,2.382916581895044406e+00,1.000000000000000000e+00,1.000000000000000000e+00,1.000000000000000000e+00,1.000000000000000000e+00
2.000000000000000000e+00,1.331085774453881765e-01,1.000000000000000000e+00,5.324343097815527059e-01,8.858946694767451391e-03,2.363163702320703941e+00,1.000000000000000000e+00,1.000000000000000000e+00,0.000000000000000000e+00,0.000000000000000000e+00
2.000000000000000000e+00,1.331085774453881765e-01,2.000000000000000000e+00,5.324343097815527059e-01,8.858946694767451391e-03,2.363163702320703941e+00,1.000000000000000000e+00,1.000000000000000000e+00,0.000000000000000000e+00,0.000000000000000000e+00
2.000000000000000000e+00,1.331085774453881765e-01,3.000000000000000000e+00,5.324343097815527059e-01,8.858946694767451391e-03,2.363163702320703941e+00,1.000000000000000000e+00,1.000000000000000000e+00,1.000000000000000000e+00,1.000000000000000000e+00
2.000000000000000000e+00,1.331085774453881765e-01,4.000000000000000000e+00,5.324343097815527059e-01,8.858946694767451391e-03,2.363163702320703941e+00,1.000000000000000000e+00,1.000000000000000000e+00,1.000000000000000000e+00,1.000000000000000000e+00
2.000000000000000000e+00,1.357639948768434024e-01,1.000000000000000000e+00,5.430559795073736096e-01,9.215931152459781034e-03,2.343410822746363475e+00,1.000000000000000000e+00,1.000000000000000000e+00,0.000000000000000000e+00,0.000000000000000000e+00
2.000000000000000000e+00,1.357639948768434024e-01,2.000000000000000000e+00,5.430559795073736096e-01,9.215931152459781034e-03,2.343410822746363475e+00,1.000000000000000000e+00,1.000000000000000000e+00,0.000000000000000000e+00,0.000000000000000000e+00
2.000000000000000000e+00,1.357639948768434024e-01,3.000000000000000000e+00,5.430559795073736096e-01,9.215931152459781034e-03,2.343410822746363475e+00,1.000000000000000000e+00,1.000000000000000000e+00,1.000000000000000000e+00,1.000000000000000000e+00
2.000000000000000000e+00,1.357639948768434024e-01,4.000000000000000000e+00,5.430559795073736096e-01,9.215931152459781034e-03,2.343410822746363475e+00,1.000000000000000000e+00,1.000000000000000000e+00,1.000000000000000000e+00,1.000000000000000000e+00
2.000000000000000000e+00,1.384723859172921068e-01,1.000000000000000000e+00,5.538895436691684271e-01,9.587300830813738975e-03,2.323657943172023899e+00,1.000000000000000000e+00,1.000000000000000000e+00,0.000000000000000000e+00,0.000000000000000000e+00
2.000000000000000000e+00,1.384723859172921068e-01,2.000000000000000000e+00,5.538895436691684271e-01,9.587300830813738975e-03,2.323657943172023899e+00,1.000000000000000000e+00,1.000000000000000000e+00,0.000000000000000000e+00,0.000000000000000000e+00
2.000000000000000000e+00,1.384723859172921068e-01,3.000000000000000000e+00,5.538895436691684271e-01,9.587300830813738975e-03,2.323657943172023899e+00,1.000000000000000000e+00,1.000000000000000000e+00,1.000000000000000000e+00,1.000000000000000000e+00
2.000000000000000000e+00,1.384723859172921068e-01,4.000000000000000000e+00,5.538895436691684271e-01,9.587300830813738975e-03,2.323657943172023899e+00,1.000000000000000000e+00,1.000000000000000000e+00,1.000000000000000000e+00,1.000000000000000000e+00
2.000000000000000000e+00,1.412348073509584190e-01,1.000000000000000000e+00,5.649392294038336759e-01,9.973635403731169816e-03,2.303905063597683434e+00,1.000000000000000000e+00,1.000000000000000000e+00,0.000000000000000000e+00,0.000000000000000000e+00
2.000000000000000000e+00,1.412348073509584190e-01,2.000000000000000000e+00,5.649392294038336759e-01,9.973635403731169816e-03,2.303905063597683434e+00,1.000000000000000000e+00,1.000000000000000000e+00,0.000000000000000000e+00,0.000000000000000000e+00
2.000000000000000000e+00,1.412348073509584190e-01,3.000000000000000000e+00,5.649392294038336759e-01,9.973635403731169816e-03,2.303905063597683434e+00,1.000000000000000000e+00,1.000000000000000000e+00,1.000000000000000000e+00,1.000000000000000000e+00
2.000000000000000000e+00,1.412348073509584190e-01,4.000000000000000000e+00,5.649392294038336759e-01,9.973635403731169816e-03,2.303905063597683434e+00,1.000000000000000000e+00,1.000000000000000000e+00,1.000000000000000000e+00,1.000000000000000000e+00
2.000000000000000000e+00,1.440523370441280648e-01,1.000000000000000000e+00,5.762093481765122593e-01,1.037553790393753485e-02,2.284152184023343413e+00,1.000000000000000000e+00,1.000000000000000000e+00,0.000000000000000000e+00,0.000000000000000000e+00
2.000000000000000000e+00,1.440523370441280648e-01,2.000000000000000000e+00,5.762093481765122593e-01,1.037553790393753485e-02,2.284152184023343413e+00,1.000000000000000000e+00,1.000000000000000000e+00,0.000000000000000000e+00,0.000000000000000000e+00
2.000000000000000000e+00,1.440523370441280648e-01,3.000000000000000000e+00,5.762093481765122593e-01,1.037553790393753485e-02,2.284152184023343413e+00,1.000000000000000000e+00,1.000000000000000000e+00,1.000000000000000000e+00,1.000000000000000000e+00
2.000000000000000000e+00,1.440523370441280648e-01,4.000000000000000000e+00,5.762093481765122593e-01,1.037553790393753485e-02,2.284152184023343413e+00,1.000000000000000000e+00,1.000000000000000000e+00,1.000000000000000000e+00,1.000000000000000000e+00
2.000000000000000000e+00,1.469260743657201107e-01,1.000000000000000000e+00,5.877042974628804428e-01,1.079363566426055736e-02,2.264399304449003392e+00,1.000000000000000000e+00,1.000000000000000000e+00,0.000000000000000000e+00,0.000000000000000000e+00
2.000000000000000000e+00,1.469260743657201107e-01,2.000000000000000000e+00,5.877042974628804428e-01,1.079363566426055736e-02,2.264399304449003392e+00,1.000000000000000000e+00,1.000000000000000000e+00,0.000000000000000000e+00,0.000000000000000000e+00
2.000000000000000000e+00,1.469260743657201107e-01,3.000000000000000000e+00,5.877042974628804428e-01,1.079363566426055736e-02,2.264399304449003392e+00,1.000000000000000000e+00,1.000000000000000000e+00,1.000000000000000000e+00,1.000000000000000000e+00
2.000000000000000000e+00,1.469260743657201107e-01,4.000000000000000000e+00,5.877042974628804428e-01,1.079363566426055736e-02,2.264399304449003392e+00,1.000000000000000000e+00,1.000000000000000000e+00,1.000000000000000000e+00,1.000000000000000000e+00
2.000000000000000000e+00,1.498571406162484410e-01,1.000000000000000000e+00,5.994285624649937638e-01,1.122858129683902868e-02,2.244646424874663371e+00,1.000000000000000000e+00,1.000000000000000000e+00,0.000000000000000000e+00,0.000000000000000000e+00
2.000000000000000000e+00,1.498571406162484410e-01,2.000000000000000000e+00,5.994285624649937638e-01,1.122858129683902868e-02,2.244646424874663371e+00,1.000000000000000000e+00,1.000000000000000000e+00,0.000000000000000000e+00,0.000000000000000000e+00
2.000000000000000000e+00,1.498571406162484410e-01,3.000000000000000000e+00,5.994285624649937638e-01,1.122858129683902868e-02,2.244646424874663371e+00,1.000000000000000000e+00,1.000000000000000000e+00,1.000000000000000000e+00,1.000000000000000000e+00
2.000000000000000000e+00,1.498571406162484410e-01,4.000000000000000000e+00,5.994285624649937638e-01,1.122858129683902868e-02,2.244646424874663371e+00,1.000000000000000000e+00,1.000000000000000000e+00,1.000000000000000000e+00,1.000000000000000000e+00
2.000000000000000000e+00,1.528466794653409178e-01,1.000000000000000000e+00,6.113867178613636710e-01,1.168105371179033528e-02,2.224893545300323350e+00,1.000000000000000000e+00,1.000000000000000000e+00,0.000000000000000000e+00,0.000000000000000000e+00
2.000000000000000000e+00,1.528466794653409178e-01,2.000000000000000000e+00,6.113867178613636710e-01,1.168105371179033528e-02,2.224893545300323350e+00,1.000000000000000000e+00,1.000000000000000000e+00,0.000000000000000000e+00,0.000000000000000000e+00
2.000000000000000000e+00,1.528466794653409178e-01,3.000000000000000000e+00,6.113867178613636710e-01,1.168105371179033528e-02,2.224893545300323350e+00,1.000000000000000000e+00,1.000000000000000000e+00,1.000000000000000000e+00,1.000000000000000000e+00
2.000000000000000000e+00,1.528466794653409178e-01,4.000000000000000000e+00,6.113867178613636710e-01,1.168105371179033528e-02,2.224893545300323350e+00,1.000000000000000000e+00,1.000000000000000000e+00,1.000000000000000000e+00,1.000000000000000000e+00
2.000000000000000000e+00,1.558958573979864204e-01,1.000000000000000000e+00,6.235834295919456816e-01,1.215175917692665891e-02,2.205140665725983329e+00,1.000000000000000000e+00,1.000000000000000000e+00,0.000000000000000000e+00,0.000000000000000000e+00
2.000000000000000000e+00,1.558958573979864204e-01,2.000000000000000000e+00,6.235834295919456816e-01,1.215175917692665891e-02,2.205140665725983329e+00,1.000000000000000000e+00,1.000000000000000000e+00,0.000000000000000000e+00,0.000000000000000000e+00
2.000000000000000000e+00,1.558958573979864204e-01,3.000000000000000000e+00,6.235834295919456816e-01,1.215175917692665891e-02,2.205140665725983329e+00,1.000000000000000000e+00,1.000000000000000000e+00,1.000000000000000000e+00,1.000000000000000000e+00
2.000000000000000000e+00,1.558958573979864204e-01,4.000000000000000000e+00,6.235834295919456816e-01,1.215175917692665891e-02,2.205140665725983329e+00,1.000000000000000000e+00,1.000000000000000000e+00,1.000000000000000000e+00,1.000000000000000000e+00
2.000000000000000000e+00,1.590058641696845687e-01,1.000000000000000000e+00,6.360234566787382748e-01,1.264143242017408929e-02,2.185387786151643308e+00,1.000000000000000000e+00,1.000000000000000000e+00,0.000000000000000000e+00,0.000000000000000000e+00
2.000000000000000000e+00,1.590058641696845687e-01,2.000000000000000000e+00,6.360234566787382748e-01,1.264143242017408929e-02,2.185387786151643308e+00,1.000000000000000000e+00,1.000000000000000000e+00,0.000000000000000000e+00,0.000000000000000000e+00
2.000000000000000000e+00,1.590058641696845687e-01,3.000000000000000000e+00,6.360234566787382748e-01,1.264143242017408929e-02,2.185387786151643308e+00,1.000000000000000000e+00,1.000000000000000000e+00,1.000000000000000000e+00,1.000000000000000000e+00
2.000000000000000000e+00,1.590058641696845687e-01,4.000000000000000000e+00,6.360234566787382748e-01,1.264143242017408929e-02,2.185387786151643308e+00,1.000000000000000000e+00,1.000000000000000000e+00,1.000000000000000000e+00,1.000000000000000000e+00
2.000000000000000000e+00,1.621779132706751558e-01,1.000000000000000000e+00,6.487116530827006233e-01,1.315083777641531601e-02,2.165634906577303287e+00,1.000000000000000000e+00,1.000000000000000000e+00,0.000000000000000000e+00,0.000000000000000000e+00
2.000000000000000000e+00,1.621779132706751558e-01,2.000000000000000000e+00,6.487116530827006233e-01,1.315083777641531601e-02,2.165634906577303287e+00,1.000000000000000000e+00,1.000000000000000000e+00,0.000000000000000000e+00,0.000000000000000000e+00
2.000000000000000000e+00,1.621779132706751558e-01,3.000000000000000000e+00,6.487116530827006233e-01,1.315083777641531601e-02,2.165634906577303287e+00,1.000000000000000000e+00,1.000000000000000000e+00,1.000000000000000000e+00,1.000000000000000000e+00
2.000000000000000000e+00,1.621779132706751558e-01,4.000000000000000000e+00,6.487116530827006233e-01,1.315083777641531601e-02,2.165634906577303287e+00,1.000000000000000000e+00,1.000000000000000000e+00,1.000000000000000000e+00,1.000000000000000000e+00
2.000000000000000000e+00,1.654132423994284784e-01,1.000000000000000000e+00,6.616529695977139136e-01,1.368077038054604094e-02,2.145882027002963266e+00,1.000000000000000000e+00,1.000000000000000000e+00,0.000000000000000000e+00,0.000000000000000000e+00
2.000000000000000000e+00,1.654132423994284784e-01,2.000000000000000000e+00,6.616529695977139136e-01,1.368077038054604094e-02,2.145882027002963266e+00,1.000000000000000000e+00,1.000000000000000000e+00,0.000000000000000000e+00,0.000000000000000000e+00
2.000000000000000000e+00,1.654132423994284784e-01,3.000000000000000000e+00,6.616529695977139136e-01,1.368077038054604094e-02,2.145882027002963266e+00,1.000000000000000000e+00,1.000000000000000000e+00,1.000000000000000000e+00,1.000000000000000000e+00
2.000000000000000000e+00,1.654132423994284784e-01,4.000000000000000000e+00,6.616529695977139136e-01,1.368077038054604094e-02,2.145882027002963266e+00,1.000000000000000000e+00,1.000000000000000000e+00,1.000000000000000000e+00,1.000000000000000000e+00
2.000000000000000000e+00,1.687131139455816942e-01,1.000000000000000000e+00,6.748524557823267767e-01,1.423205740860741635e-02,2.126129147428623245e+00,1.000000000000000000e+00,1.000000000000000000e+00,0.000000000000000000e+00,0.000000000000000000e+00
2.000000000000000000e+00,1.687131139455816942e-01,2.000000000000000000e+00,6.748524557823267767e-01,1.423205740860741635e-02,2.126129147428623245e+00,1.000000000000000000e+00,1.000000000000000000e+00,0.000000000000000000e+00,0.000000000000000000e+00
2.000000000000000000e+00,1.687131139455816942e-01,3.000000000000000000e+00,6.748524557823267767e-01,1.423205740860741635e-02,2.126129147428623245e+00,1.000000000000000000e+00,1.000000000000000000e+00,1.000000000000000000e+00,1.000000000000000000e+00
2.000000000000000000e+00,1.687131139455816942e-01,4.000000000000000000e+00,6.748524557823267767e-01,1.423205740860741635e-02,2.126129147428623245e+00,1.000000000000000000e+00,1.000000000000000000e+00,1.000000000000000000e+00,1.000000000000000000e+00
2.000000000000000000e+00,1.720788154825092509e-01,1.000000000000000000e+00,6.883152619300370034e-01,1.480555936893173351e-02,2.106376267854283224e+00,1.000000000000000000e+00,1.000000000000000000e+00,0.000000000000000000e+00,0.000000000000000000e+00
2.000000000000000000e+00,1.720788154825092509e-01,2.000000000000000000e+00,6.883152619300370034e-01,1.480555936893173351e-02,2.106376267854283224e+00,1.000000000000000000e+00,1.000000000000000000e+00,0.000000000000000000e+00,0.000000000000000000e+00
2.000000000000000000e+00,1.720788154825092509e-01,3.000000000000000000e+00,6.883152619300370034e-01,1.480555936893173351e-02,2.106376267854283224e+00,1.000000000000000000e+00,1.000000000000000000e+00,1.000000000000000000e+00,1.000000000000000000e+00
2.000000000000000000e+00,1.720788154825092509e-01,4.000000000000000000e+00,6.883152619300370034e-01,1.480555936893173351e-02,2.106376267854283224e+00,1.000000000000000000e+00,1.000000000000000000e+00,1.000000000000000000e+00,1.000000000000000000e+00
2.000000000000000000e+00,1.755116602697198436e-01,1.000000000000000000e+00,7.020466410788793743e-01,1.540217144531677747e-02,2.086623388279943203e+00,1.000000000000000000e+00,1.000000000000000000e+00,0.000000000000000000e+00,0.000000000000000000e+00
2.000000000000000000e+00,1.755116602697198436e-01,2.000000000000000000e+00,7.020466410788793743e-01,1.540217144531677747e-02,2.086623388279943203e+00,1.000000000000000000e+00,1.000000000000000000e+00,0.000000000000000000e+00,0.000000000000000000e+00
2.000000000000000000e+00,1.755116602697198436e-01,3.000000000000000000e+00,7.020466410788793743e-01,1.540217144531677747e-02,2.086623388279943203e+00,1.000000000000000000e+00,1.000000000000000000e+00,1.000000000000000000e+00,1.000000000000000000e+00
2.000000000000000000e+00,1.755116602697198436e-01,4.000000000000000000e+00,7.020466410788793743e-01,1.540217144531677747e-02,2.086623388279943203e+00,1.000000000000000000e+00,1.000000000000000000e+00,1.000000000000000000e+00,1.000000000000000000e+00
2.000000000000000000e+00,1.790129877652757440e-01,1.000000000000000000e+00,7.160519510611029759e-01,1.602282489432538259e-02,2.066870508705602294e+00,1.000000000000000000e+00,1.000000000000000000e+00,0.000000000000000000e+00,0.000000000000000000e+00
2.000000000000000000e+00,1.790129877652757440e-01,2.000000000000000000e+00,7.160519510611029759e-01,1.602282489432538259e-02,2.066870508705602294e+00,1.000000000000000000e+00,1.000000000000000000e+00,0.000000000000000000e+00,0.000000000000000000e+00
2.000000000000000000e+00,1.790129877652757440e-01,3.000000000000000000e+00,7.160519510611029759e-01,1.602282489432538259e-02,2.066870508705602294e+00,1.000000000000000000e+00,1.000000000000000000e+00,1.000000000000000000e+00,1.000000000000000000e+00
2.000000000000000000e+00,1.790129877652757440e-01,4.000000000000000000e+00,7.160519510611029759e-01,1.602282489432538259e-02,2.066870508705602294e+00,1.000000000000000000e+00,1.000000000000000000e+00,1.000000000000000000e+00,1.000000000000000000e+00
2.000000000000000000e+00,1.825841641484342304e-01,1.000000000000000000e+00,7.303366565937369215e-01,1.666848849889118744e-02,2.047117629131262273e+00,1.000000000000000000e+00,1.000000000000000000e+00,0.000000000000000000e+00,0.000000000000000000e+00
2.000000000000000000e+00,1.825841641484342304e-01,2.000000000000000000e+00,7.303366565937369215e-01,1.666848849889118744e-02,2.047117629131262273e+00,1.000000000000000000e+00,1.000000000000000000e+00,0.000000000000000000e+00,0.000000000000000000e+00
2.000000000000000000e+00,1.825841641484342304e-01,3.000000000000000000e+00,7.303366565937369215e-01,1.666848849889118744e-02,2.047117629131262273e+00,1.000000000000000000e+00,1.000000000000000000e+00,1.000000000000000000e+00,1.000000000000000000e+00
2.000000000000000000e+00,1.825841641484342304e-01,4.000000000000000000e+00,7.303366565937369215e-01,1.666848849889118744e-02,2.047117629131262273e+00,1.000000000000000000e+00,1.000000000000000000e+00,1.000000000000000000e+00,1.000000000000000000e+00
2.000000000000000000e+00,1.862265828527160660e-01,1.000000000000000000e+00,7.449063314108642642e-01,1.734017008049976161e-02,2.027364749556922252e+00,1.000000000000000000e+00,1.000000000000000000e+00,0.000000000000000000e+00,0.000000000000000000e+00
2.000000000000000000e+00,1.862265828527160660e-01,2.000000000000000000e+00,7.449063314108642642e-01,1.734017008049976161e-02,2.027364749556922252e+00,1.000000000000000000e+00,1.000000000000000000e+00,0.000000000000000000e+00,0.000000000000000000e+00
2.000000000000000000e+00,1.862265828527160660e-01,3.000000000000000000e+00,7.449063314108642642e-01,1.734017008049976161e-02,2.027364749556922252e+00,1.000000000000000000e+00,1.000000000000000000e+00,1.000000000000000000e+00,1.000000000000000000e+00
2.000000000000000000e+00,1.862265828527160660e-01,4.000000000000000000e+00,7.449063314108642642e-01,1.734017008049976161e-02,2.027364749556922252e+00,1.000000000000000000e+00,1.000000000000000000e+00,1.000000000000000000e+00,1.000000000000000000e+00
2.000000000000000000e+00,1.899416651096076381e-01,1.000000000000000000e+00,7.597666604384305522e-01,1.803891807230516980e-02,2.007611869982582231e+00,1.000000000000000000e+00,1.000000000000000000e+00,0.000000000000000000e+00,0.000000000000000000e+00
2.000000000000000000e+00,1.899416651096076381e-01,2.000000000000000000e+00,7.597666604384305522e-01,1.803891807230516980e-02,2.007611869982582231e+00,1.000000000000000000e+00,1.000000000000000000e+00,0.000000000000000000e+00,0.000000000000000000e+00
2.000000000000000000e+00,1.899416651096076381e-01,3.000000000000000000e+00,7.597666604384305522e-01,1.803891807230516980e-02,2.007611869982582231e+00,1.000000000000000000e+00,1.000000000000000000e+00,1.000000000000000000e+00,1.000000000000000000e+00
2.000000000000000000e+00,1.899416651096076381e-01,4.000000000000000000e+00,7.597666604384305522e-01,1.803891807230516980e-02,2.007611869982582231e+00,1.000000000000000000e+00,1.000000000000000000e+00,1.000000000000000000e+00,1.000000000000000000e+00
2.000000000000000000e+00,1.937308605031096975e-01,1.000000000000000000e+00,7.749234420124387901e-01,1.876582315563767381e-02,1.987858990408242432e+00,1.000000000000000000e+00,1.000000000000000000e+00,0.000000000000000000e+00,0.000000000000000000e+00
2.000000000000000000e+00,1.937308605031096975e-01,2.000000000000000000e+00,7.749234420124387901e-01,1.876582315563767381e-02,1.987858990408242432e+00,1.000000000000000000e+00,1.000000000000000000e+00,1.000000000000000000e+00,1.000000000000000000e+00
2.000000000000000000e+00,1.937308605031096975e-01,3.000000000000000000e+00,7.749234420124387901e-01,1.876582315563767381e-02,1.987858990408242432e+00,1.000000000000000000e+00,1.000000000000000000e+00,1.000000000000000000e+00,1.000000000000000000e+00
2.000000000000000000e+00,1.937308605031096975e-01,4.000000000000000000e+00,7.749234420124387901e-01,1.876582315563767381e-02,1.987858990408242432e+00,1.000000000000000000e+00,1.000000000000000000e+00,1.000000000000000000e+00,1.000000000000000000e+00
2.000000000000000000e+00,1.975956475353491393e-01,1.000000000000000000e+00,7.903825901413965571e-01,1.952201996245696292e-02,1.968106110833902411e+00,1.000000000000000000e+00,1.000000000000000000e+00,0.000000000000000000e+00,0.000000000000000000e+00
2.000000000000000000e+00,1.975956475353491393e-01,2.000000000000000000e+00,7.903825901413965571e-01,1.952201996245696292e-02,1.968106110833902411e+00,1.000000000000000000e+00,1.000000000000000000e+00,1.000000000000000000e+00,1.000000000000000000e+00
2.000000000000000000e+00,1.975956475353491393e-01,3.000000000000000000e+00,7.903825901413965571e-01,1.952201996245696292e-02,1.968106110833902411e+00,1.000000000000000000e+00,1.000000000000000000e+00,1.000000000000000000e+00,1.000000000000000000e+00
2.000000000000000000e+00,1.975956475353491393e-01,4.000000000000000000e+00,7.903825901413965571e-01,1.952201996245696292e-02,1.968106110833902411e+00,1.000000000000000000e+00,1.000000000000000000e+00,1.000000000000000000e+00,1.000000000000000000e+00
2.000000000000000000e+00,2.015375342034740058e-01,1.000000000000000000e+00,8.061501368138960233e-01,2.030868884640822658e-02,1.948353231259562390e+00,1.000000000000000000e+00,1.000000000000000000e+00,0.000000000000000000e+00,0.000000000000000000e+00
2.000000000000000000e+00,2.015375342034740058e-01,2.000000000000000000e+00,8.061501368138960233e-01,2.030868884640822658e-02,1.948353231259562390e+00,1.000000000000000000e+00,1.000000000000000000e+00,1.000000000000000000e+00,1.000000000000000000e+00
2.000000000000000000e+00,2.015375342034740058e-01,3.000000000000000000e+00,8.061501368138960233e-01,2.030868884640822658e-02,1.948353231259562390e+00,1.000000000000000000e+00,1.000000000000000000e+00,1.000000000000000000e+00,1.000000000000000000e+00
2.000000000000000000e+00,2.015375342034740058e-01,4.000000000000000000e+00,8.061501368138960233e-01,2.030868884640822658e-02,1.948353231259562390e+00,1.000000000000000000e+00,1.000000000000000000e+00,1.000000000000000000e+00,1.000000000000000000e+00
2.000000000000000000e+00,2.055580585880575073e-01,1.000000000000000000e+00,8.222322343522300292e-01,2.112705772524564249e-02,1.928600351685222147e+00,1.000000000000000000e+00,1.000000000000000000e+00,0.000000000000000000e+00,0.000000000000000000e+00
2.000000000000000000e+00,2.055580585880575073e-01,2.000000000000000000e+00,8.222322343522300292e-01,2.112705772524564249e-02,1.928600351685222147e+00,1.000000000000000000e+00,1.000000000000000000e+00,1.000000000000000000e+00,1.000000000000000000e+00
2.000000000000000000e+00,2.055580585880575073e-01,3.000000000000000000e+00,8.222322343522300292e-01,2.112705772524564249e-02,1.928600351685222147e+00,1.000000000000000000e+00,1.000000000000000000e+00,1.000000000000000000e+00,1.000000000000000000e+00
2.000000000000000000e+00,2.055580585880575073e-01,4.000000000000000000e+00,8.222322343522300292e-01,2.112705772524564249e-02,1.928600351685222147e+00,1.000000000000000000e+00,1.000000000000000000e+00,1.000000000000000000e+00,1.000000000000000000e+00
2.000000000000000000e+00,2.096587894532398744e-01,1.000000000000000000e+00,8.386351578129594975e-01,2.197840399749898324e-02,1.908847472110882126e+00,1.000000000000000000e+00,1.000000000000000000e+00,0.000000000000000000e+00,0.000000000000000000e+00
2.000000000000000000e+00,2.096587894532398744e-01,2.000000000000000000e+00,8.386351578129594975e-01,2.197840399749898324e-02,1.908847472110882126e+00,1.000000000000000000e+00,1.000000000000000000e+00,1.000000000000000000e+00,1.000000000000000000e+00
2.000000000000000000e+00,2.096587894532398744e-01,3.000000000000000000e+00,8.386351578129594975e-01,2.197840399749898324e-02,1.908847472110882126e+00,1.000000000000000000e+00,1.000000000000000000e+00,1.000000000000000000e+00,1.000000000000000000e+00
2.000000000000000000e+00,2.096587894532398744e-01,4.000000000000000000e+00,8.386351578129594975e-01,2.197840399749898324e-02,1.908847472110882126e+00,1.000000000000000000e+00,1.000000000000000000e+00,1.000000000000000000e+00,1.000000000000000000e+00
2.000000000000000000e+00,2.138413268588427729e-01,1.000000000000000000e+00,8.553653074353710917e-01,2.286405653637521573e-02,1.889094592536542105e+00,1.000000000000000000e+00,1.000000000000000000e+00,0.000000000000000000e+00,0.000000000000000000e+00
2.000000000000000000e+00,2.138413268588427729e-01,2.000000000000000000e+00,8.553653074353710917e-01,2.286405653637521573e-02,1.889094592536542105e+00,1.000000000000000000e+00,1.000000000000000000e+00,1.000000000000000000e+00,1.000000000000000000e+00
2.000000000000000000e+00,2.138413268588427729e-01,3.000000000000000000e+00,8.553653074353710917e-01,2.286405653637521573e-02,1.889094592536542105e+00,1.000000000000000000e+00,1.000000000000000000e+00,1.000000000000000000e+00,1.000000000000000000e+00
2.000000000000000000e+00,2.138413268588427729e-01,4.000000000000000000e+00,8.553653074353710917e-01,2.286405653637521573e-02,1.889094592536542105e+00,1.000000000000000000e+00,1.000000000000000000e+00,1.000000000000000000e+00,1.000000000000000000e+00
2.000000000000000000e+00,2.181073027846951451e-01,1.000000000000000000e+00,8.724292111387805804e-01,2.378539776400734329e-02,1.869341712962202084e+00,1.000000000000000000e+00,1.000000000000000000e+00,0.000000000000000000e+00,0.000000000000000000e+00
2.000000000000000000e+00,2.181073027846951451e-01,2.000000000000000000e+00,8.724292111387805804e-01,2.378539776400734329e-02,1.869341712962202084e+00,1.000000000000000000e+00,1.000000000000000000e+00,1.000000000000000000e+00,1.000000000000000000e+00
2.000000000000000000e+00,2.181073027846951451e-01,3.000000000000000000e+00,8.724292111387805804e-01,2.378539776400734329e-02,1.869341712962202084e+00,1.000000000000000000e+00,1.000000000000000000e+00,1.000000000000000000e+00,1.000000000000000000e+00
2.000000000000000000e+00,2.181073027846951451e-01,4.000000000000000000e+00,8.724292111387805804e-01,2.378539776400734329e-02,1.869341712962202084e+00,1.000000000000000000e+00,1.000000000000000000e+00,1.000000000000000000e+00,1.000000000000000000e+00
2.000000000000000000e+00,2.224583817674134212e-01,1.000000000000000000e+00,8.898335270696536847e-01,2.474386580928812640e-02,1.849588833387862064e+00,1.000000000000000000e+00,1.000000000000000000e+00,0.000000000000000000e+00,0.000000000000000000e+00
2.000000000000000000e+00,2.224583817674134212e-01,2.000000000000000000e+00,8.898335270696536847e-01,2.474386580928812640e-02,1.849588833387862064e+00,1.000000000000000000e+00,1.000000000000000000e+00,1.000000000000000000e+00,1.000000000000000000e+00
2.000000000000000000e+00,2.224583817674134212e-01,3.000000000000000000e+00,8.898335270696536847e-01,2.474386580928812640e-02,1.849588833387862064e+00,1.000000000000000000e+00,1.000000000000000000e+00,1.000000000000000000e+00,1.000000000000000000e+00
2.000000000000000000e+00,2.224583817674134212e-01,4.000000000000000000e+00,8.898335270696536847e-01,2.474386580928812640e-02,1.849588833387862064e+00,1.000000000000000000e+00,1.000000000000000000e+00,1.000000000000000000e+00,1.000000000000000000e+00
2.000000000000000000e+00,2.268962615498854862e-01,1.000000000000000000e+00,9.075850461995419449e-01,2.574095675265702238e-02,1.829835953813522043e+00,1.000000000000000000e+00,1.000000000000000000e+00,0.000000000000000000e+00,0.000000000000000000e+00
2.000000000000000000e+00,2.268962615498854862e-01,2.000000000000000000e+00,9.075850461995419449e-01,2.574095675265702238e-02,1.829835953813522043e+00,1.000000000000000000e+00,1.000000000000000000e+00,1.000000000000000000e+00,1.000000000000000000e+00
2.000000000000000000e+00,2.268962615498854862e-01,3.000000000000000000e+00,9.075850461995419449e-01,2.574095675265702238e-02,1.829835953813522043e+00,1.000000000000000000e+00,1.000000000000000000e+00,1.000000000000000000e+00,1.000000000000000000e+00
2.000000000000000000e+00,2.268962615498854862e-01,4.000000000000000000e+00,9.075850461995419449e-01,2.574095675265702238e-02,1.829835953813522043e+00,1.000000000000000000e+00,1.000000000000000000e+00,1.000000000000000000e+00,1.000000000000000000e+00
2.000000000000000000e+00,2.314226737437111159e-01,1.000000000000000000e+00,9.256906949748444635e-01,2.677822696134407945e-02,1.810083074239181800e+00,1.000000000000000000e+00,1.000000000000000000e+00,0.000000000000000000e+00,0.000000000000000000e+00
2.000000000000000000e+00,2.314226737437111159e-01,2.000000000000000000e+00,9.256906949748444635e-01,2.677822696134407945e-02,1.810083074239181800e+00,1.000000000000000000e+00,1.000000000000000000e+00,1.000000000000000000e+00,1.000000000000000000e+00
2.000000000000000000e+00,2.314226737437111159e-01,3.000000000000000000e+00,9.256906949748444635e-01,2.677822696134407945e-02,1.810083074239181800e+00,1.000000000000000000e+00,1.000000000000000000e+00,1.000000000000000000e+00,1.000000000000000000e+00
2.000000000000000000e+00,2.314226737437111159e-01,4.000000000000000000e+00,9.256906949748444635e-01,2.677822696134407945e-02,1.810083074239181800e+00,1.000000000000000000e+00,1.000000000000000000e+00,1.000000000000000000e+00,1.000000000000000000e+00
2.000000000000000000e+00,2.360393845048576744e-01,1.000000000000000000e+00,9.441575380194306977e-01,2.785729551871602219e-02,1.790330194664841335e+00,1.000000000000000000e+00,1.000000000000000000e+00,0.000000000000000000e+00,0.000000000000000000e+00
2.000000000000000000e+00,2.360393845048576744e-01,2.000000000000000000e+00,9.441575380194306977e-01,2.785729551871602219e-02,1.790330194664841335e+00,1.000000000000000000e+00,1.000000000000000000e+00,1.000000000000000000e+00,1.000000000000000000e+00
2.000000000000000000e+00,2.360393845048576744e-01,3.000000000000000000e+00,9.441575380194306977e-01,2.785729551871602219e-02,1.790330194664841335e+00,1.000000000000000000e+00,1.000000000000000000e+00,1.000000000000000000e+00,1.000000000000000000e+00
2.000000000000000000e+00,2.360393845048576744e-01,4.000000000000000000e+00,9.441575380194306977e-01,2.785729551871602219e-02,1.790330194664841335e+00,1.000000000000000000e+00,1.000000000000000000e+00,1.000000000000000000e+00,1.000000000000000000e+00
2.000000000000000000e+00,2.407481952227944200e-01,1.000000000000000000e+00,9.629927808911776799e-01,2.897984675151636658e-02,1.770577315090501314e+00,1.000000000000000000e+00,1.000000000000000000e+00,0.000000000000000000e+00,0.000000000000000000e+00
2.000000000000000000e+00,2.407481952227944200e-01,2.000000000000000000e+00,9.629927808911776799e-01,2.897984675151636658e-02,1.770577315090501314e+00,1.000000000000000000e+00,1.000000000000000000e+00,1.000000000000000000e+00,1.000000000000000000e+00
2.000000000000000000e+00,2.407481952227944200e-01,3.000000000000000000e+00,9.629927808911776799e-01,2.897984675151636658e-02,1.770577315090501314e+00,1.000000000000000000e+00,1.000000000000000000e+00,1.000000000000000000e+00,1.000000000000000000e+00
2.000000000000000000e+00,2.407481952227944200e-01,4.000000000000000000e+00,9.629927808911776799e-01,2.897984675151636658e-02,1.770577315090501314e+00,1.000000000000000000e+00,1.000000000000000000e+00,1.000000000000000000e+00,1.000000000000000000e+00
2.000000000000000000e+00,2.455509432233752010e-01,1.000000000000000000e+00,9.822037728935008039e-01,3.014763285894461742e-02,1.750824435516161293e+00,1.000000000000000000e+00,1.000000000000000000e+00,0.000000000000000000e+00,0.000000000000000000e+00
2.000000000000000000e+00,2.455509432233752010e-01,2.000000000000000000e+00,9.822037728935008039e-01,3.014763285894461742e-02,1.750824435516161293e+00,1.000000000000000000e+00,1.000000000000000000e+00,1.000000000000000000e+00,1.000000000000000000e+00
2.000000000000000000e+00,2.455509432233752010e-01,3.000000000000000000e+00,9.822037728935008039e-01,3.014763285894461742e-02,1.750824435516161293e+00,1.000000000000000000e+00,1.000000000000000000e+00,1.000000000000000000e+00,1.000000000000000000e+00
2.000000000000000000e+00,2.455509432233752010e-01,4.000000000000000000e+00,9.822037728935008039e-01,3.014763285894461742e-02,1.750824435516161293e+00,1.000000000000000000e+00,1.000000000000000000e+00,1.000000000000000000e+00,1.000000000000000000e+00
2.000000000000000000e+00,2.504495024857423258e-01,1.000000000000000000e+00,1.001798009942969303e+00,3.136247664767792542e-02,1.731071555941821272e+00,0.000000000000000000e+00,1.000000000000000000e+00,0.000000000000000000e+00,0.000000000000000000e+00
2.000000000000000000e+00,2.504495024857423258e-01,2.000000000000000000e+00,1.001798009942969303e+00,3.136247664767792542e-02,1.731071555941821272e+00,0.000000000000000000e+00,1.000000000000000000e+00,1.000000000000000000e+00,0.000000000000000000e+00
2.000000000000000000e+00,2.504495024857423258e-01,3.000000000000000000e+00,1.001798009942969303e+00,3.136247664767792542e-02,1.731071555941821272e+00,0.000000000000000000e+00,1.000000000000000000e+00,1.000000000000000000e+00,0.000000000000000000e+00
2.000000000000000000e+00,2.504495024857423258e-01,4.000000000000000000e+00,1.001798009942969303e+00,3.136247664767792542e-02,1.731071555941821272e+00,0.000000000000000000e+00,1.000000000000000000e+00,1.000000000000000000e+00,0.000000000000000000e+00
2.000000000000000000e+00,2.554457843735326028e-01,1.000000000000000000e+00,1.021783137494130411e+00,3.262627437710465678e-02,1.711318676367481251e+00,0.000000000000000000e+00,1.000000000000000000e+00,0.000000000000000000e+00,0.000000000000000000e+00
2.000000000000000000e+00,2.554457843735326028e-01,2.000000000000000000e+00,1.021783137494130411e+00,3.262627437710465678e-02,1.711318676367481251e+00,0.000000000000000000e+00,1.000000000000000000e+00,1.000000000000000000e+00,0.000000000000000000e+00
2.000000000000000000e+00,2.554457843735326028e-01,3.000000000000000000e+00,1.021783137494130411e+00,3.262627437710465678e-02,1.711318676367481251e+00,0.000000000000000000e+00,1.000000000000000000e+00,1.000000000000000000e+00,0.000000000000000000e+00
2.000000000000000000e+00,2.554457843735326028e-01,4.000000000000000000e+00,1.021783137494130411e+00,3.262627437710465678e-02,1.711318676367481251e+00,0.000000000000000000e+00,1.000000000000000000e+00,1.000000000000000000e+00,0.000000000000000000e+00
2.000000000000000000e+00,2.605417383806702958e-01,1.000000000000000000e+00,1.042166953522681183e+00,3.394099871921082284e-02,1.691565796793141230e+00,0.000000000000000000e+00,1.000000000000000000e+00,0.000000000000000000e+00,0.000000000000000000e+00
2.000000000000000000e+00,2.605417383806702958e-01,2.000000000000000000e+00,1.042166953522681183e+00,3.394099871921082284e-02,1.691565796793141230e+00,0.000000000000000000e+00,1.000000000000000000e+00,1.000000000000000000e+00,0.000000000000000000e+00
2.000000000000000000e+00,2.605417383806702958e-01,3.000000000000000000e+00,1.042166953522681183e+00,3.394099871921082284e-02,1.691565796793141230e+00,0.000000000000000000e+00,1.000000000000000000e+00,1.000000000000000000e+00,0.000000000000000000e+00
2.000000000000000000e+00,2.605417383806702958e-01,4.000000000000000000e+00,1.042166953522681183e+00,3.394099871921082284e-02,1.691565796793141230e+00,0.000000000000000000e+00,1.000000000000000000e+00,1.000000000000000000e+00,0.000000000000000000e+00
2.000000000000000000e+00,2.657393528920380943e-01,1.000000000000000000e+00,1.062957411568152377e+00,3.530870183773957699e-02,1.671812917218801209e+00,0.000000000000000000e+00,1.000000000000000000e+00,0.000000000000000000e+00,0.000000000000000000e+00
2.000000000000000000e+00,2.657393528920380943e-01,2.000000000000000000e+00,1.062957411568152377e+00,3.530870183773957699e-02,1.671812917218801209e+00,0.000000000000000000e+00,1.000000000000000000e+00,1.000000000000000000e+00,0.000000000000000000e+00
2.000000000000000000e+00,2.657393528920380943e-01,3.000000000000000000e+00,1.062957411568152377e+00,3.530870183773957699e-02,1.671812917218801209e+00,0.000000000000000000e+00,1.000000000000000000e+00,1.000000000000000000e+00,0.000000000000000000e+00
2.000000000000000000e+00,2.657393528920380943e-01,4.000000000000000000e+00,1.062957411568152377e+00,3.530870183773957699e-02,1.671812917218801209e+00,0.000000000000000000e+00,1.000000000000000000e+00,1.000000000000000000e+00,0.000000000000000000e+00
2.000000000000000000e+00,2.710406559593228071e-01,1.000000000000000000e+00,1.084162623837291228e+00,3.673151859142999298e-02,1.652060037644461188e+00,0.000000000000000000e+00,1.000000000000000000e+00,0.000000000000000000e+00,0.000000000000000000e+00
2.000000000000000000e+00,2.710406559593228071e-01,2.000000000000000000e+00,1.084162623837291228e+00,3.673151859142999298e-02,1.652060037644461188e+00,0.000000000000000000e+00,1.000000000000000000e+00,1.000000000000000000e+00,0.000000000000000000e+00
2.000000000000000000e+00,2.710406559593228071e-01,3.000000000000000000e+00,1.084162623837291228e+00,3.673151859142999298e-02,1.652060037644461188e+00,0.000000000000000000e+00,1.000000000000000000e+00,1.000000000000000000e+00,0.000000000000000000e+00
2.000000000000000000e+00,2.710406559593228071e-01,4.000000000000000000e+00,1.084162623837291228e+00,3.673151859142999298e-02,1.652060037644461188e+00,0.000000000000000000e+00,1.000000000000000000e+00,1.000000000000000000e+00,0.000000000000000000e+00
2.000000000000000000e+00,2.764477160923388688e-01,1.000000000000000000e+00,1.105790864369355475e+00,3.821166986633519475e-02,1.632307158070121167e+00,0.000000000000000000e+00,1.000000000000000000e+00,0.000000000000000000e+00,0.000000000000000000e+00
2.000000000000000000e+00,2.764477160923388688e-01,2.000000000000000000e+00,1.105790864369355475e+00,3.821166986633519475e-02,1.632307158070121167e+00,0.000000000000000000e+00,1.000000000000000000e+00,1.000000000000000000e+00,0.000000000000000000e+00
2.000000000000000000e+00,2.764477160923388688e-01,3.000000000000000000e+00,1.105790864369355475e+00,3.821166986633519475e-02,1.632307158070121167e+00,0.000000000000000000e+00,1.000000000000000000e+00,1.000000000000000000e+00,0.000000000000000000e+00
2.000000000000000000e+00,2.764477160923388688e-01,4.000000000000000000e+00,1.105790864369355475e+00,3.821166986633519475e-02,1.632307158070121167e+00,0.000000000000000000e+00,1.000000000000000000e+00,1.000000000000000000e+00,0.000000000000000000e+00
2.000000000000000000e+00,2.819626430661378302e-01,1.000000000000000000e+00,1.127850572264551321e+00,3.975146604242112136e-02,1.612554278495780924e+00,0.000000000000000000e+00,1.000000000000000000e+00,0.000000000000000000e+00,0.000000000000000000e+00
2.000000000000000000e+00,2.819626430661378302e-01,2.000000000000000000e+00,1.127850572264551321e+00,3.975146604242112136e-02,1.612554278495780924e+00,0.000000000000000000e+00,1.000000000000000000e+00,1.000000000000000000e+00,0.000000000000000000e+00
2.000000000000000000e+00,2.819626430661378302e-01,3.000000000000000000e+00,1.127850572264551321e+00,3.975146604242112136e-02,1.612554278495780924e+00,0.000000000000000000e+00,1.000000000000000000e+00,1.000000000000000000e+00,0.000000000000000000e+00
2.000000000000000000e+00,2.819626430661378302e-01,4.000000000000000000e+00,1.127850572264551321e+00,3.975146604242112136e-02,1.612554278495780924e+00,0.000000000000000000e+00,1.000000000000000000e+00,1.000000000000000000e+00,0.000000000000000000e+00
2.000000000000000000e+00,2.875875887442192469e-01,1.000000000000000000e+00,1.150350354976876988e+00,4.135331059985709184e-02,1.592801398921440903e+00,0.000000000000000000e+00,1.000000000000000000e+00,0.000000000000000000e+00,0.000000000000000000e+00
2.000000000000000000e+00,2.875875887442192469e-01,2.000000000000000000e+00,1.150350354976876988e+00,4.135331059985709184e-02,1.592801398921440903e+00,0.000000000000000000e+00,1.000000000000000000e+00,1.000000000000000000e+00,0.000000000000000000e+00
2.000000000000000000e+00,2.875875887442192469e-01,3.000000000000000000e+00,1.150350354976876988e+00,4.135331059985709184e-02,1.592801398921440903e+00,0.000000000000000000e+00,1.000000000000000000e+00,1.000000000000000000e+00,0.000000000000000000e+00
2.000000000000000000e+00,2.875875887442192469e-01,4.000000000000000000e+00,1.150350354976876988e+00,4.135331059985709184e-02,1.592801398921440903e+00,0.000000000000000000e+00,1.000000000000000000e+00,1.000000000000000000e+00,0.000000000000000000e+00
2.000000000000000000e+00,2.933247479181642081e-01,1.000000000000000000e+00,1.173298991672656832e+00,4.301970387062729190e-02,1.573048519347100882e+00,0.000000000000000000e+00,1.000000000000000000e+00,0.000000000000000000e+00,0.000000000000000000e+00
2.000000000000000000e+00,2.933247479181642081e-01,2.000000000000000000e+00,1.173298991672656832e+00,4.301970387062729190e-02,1.573048519347100882e+00,0.000000000000000000e+00,1.000000000000000000e+00,1.000000000000000000e+00,0.000000000000000000e+00
2.000000000000000000e+00,2.933247479181642081e-01,3.000000000000000000e+00,1.173298991672656832e+00,4.301970387062729190e-02,1.573048519347100882e+00,0.000000000000000000e+00,1.000000000000000000e+00,1.000000000000000000e+00,0.000000000000000000e+00
2.000000000000000000e+00,2.933247479181642081e-01,4.000000000000000000e+00,1.173298991672656832e+00,4.301970387062729190e-02,1.573048519347100882e+00,0.000000000000000000e+00,1.000000000000000000e+00,1.000000000000000000e+00,0.000000000000000000e+00
2.000000000000000000e+00,2.991763591640184683e-01,1.000000000000000000e+00,1.196705436656073873e+00,4.475324694131888742e-02,1.553295639772760861e+00,0.000000000000000000e+00,1.000000000000000000e+00,0.000000000000000000e+00,0.000000000000000000e+00
2.000000000000000000e+00,2.991763591640184683e-01,2.000000000000000000e+00,1.196705436656073873e+00,4.475324694131888742e-02,1.553295639772760861e+00,0.000000000000000000e+00,1.000000000000000000e+00,1.000000000000000000e+00,0.000000000000000000e+00
2.000000000000000000e+00,2.991763591640184683e-01,3.000000000000000000e+00,1.196705436656073873e+00,4.475324694131888742e-02,1.553295639772760861e+00,0.000000000000000000e+00,1.000000000000000000e+00,1.000000000000000000e+00,0.000000000000000000e+00
2.000000000000000000e+00,2.991763591640184683e-01,4.000000000000000000e+00,1.196705436656073873e+00,4.475324694131888742e-02,1.553295639772760861e+00,0.000000000000000000e+00,1.000000000000000000e+00,1.000000000000000000e+00,0.000000000000000000e+00
2.000000000000000000e+00,3.051447057157602449e-01,1.000000000000000000e+00,1.220578822863040980e+00,4.655664571317896100e-02,1.533542760198420840e+00,0.000000000000000000e+00,1.000000000000000000e+00,0.000000000000000000e+00,0.000000000000000000e+00
2.000000000000000000e+00,3.051447057157602449e-01,2.000000000000000000e+00,1.220578822863040980e+00,4.655664571317896100e-02,1.533542760198420840e+00,0.000000000000000000e+00,1.000000000000000000e+00,1.000000000000000000e+00,0.000000000000000000e+00
2.000000000000000000e+00,3.051447057157602449e-01,3.000000000000000000e+00,1.220578822863040980e+00,4.655664571317896100e-02,1.533542760198420840e+00,0.000000000000000000e+00,1.000000000000000000e+00,1.000000000000000000e+00,0.000000000000000000e+00
2.000000000000000000e+00,3.051447057157602449e-01,4.000000000000000000e+00,1.220578822863040980e+00,4.655664571317896100e-02,1.533542760198420840e+00,0.000000000000000000e+00,1.000000000000000000e+00,1.000000000000000000e+00,0.000000000000000000e+00
2.000000000000000000e+00,3.112321163561929671e-01,1.000000000000000000e+00,1.244928465424771868e+00,4.843271512577741744e-02,1.513789880624080153e+00,0.000000000000000000e+00,1.000000000000000000e+00,0.000000000000000000e+00,0.000000000000000000e+00
2.000000000000000000e+00,3.112321163561929671e-01,2.000000000000000000e+00,1.244928465424771868e+00,4.843271512577741744e-02,1.513789880624080153e+00,0.000000000000000000e+00,1.000000000000000000e+00,1.000000000000000000e+00,0.000000000000000000e+00
2.000000000000000000e+00,3.112321163561929671e-01,3.000000000000000000e+00,1.244928465424771868e+00,4.843271512577741744e-02,1.513789880624080153e+00,0.000000000000000000e+00,1.000000000000000000e+00,1.000000000000000000e+00,0.000000000000000000e+00
2.000000000000000000e+00,3.112321163561929671e-01,4.000000000000000000e+00,1.244928465424771868e+00,4.843271512577741744e-02,1.513789880624080153e+00,0.000000000000000000e+00,1.000000000000000000e+00,1.000000000000000000e+00,0.000000000000000000e+00
2.000000000000000000e+00,3.174409663256097525e-01,1.000000000000000000e+00,1.269763865302439010e+00,5.038438355086845288e-02,1.494037001049740576e+00,0.000000000000000000e+00,1.000000000000000000e+00,0.000000000000000000e+00,0.000000000000000000e+00
2.000000000000000000e+00,3.174409663256097525e-01,2.000000000000000000e+00,1.269763865302439010e+00,5.038438355086845288e-02,1.494037001049740576e+00,0.000000000000000000e+00,1.000000000000000000e+00,1.000000000000000000e+00,0.000000000000000000e+00
2.000000000000000000e+00,3.174409663256097525e-01,3.000000000000000000e+00,1.269763865302439010e+00,5.038438355086845288e-02,1.494037001049740576e+00,0.000000000000000000e+00,1.000000000000000000e+00,1.000000000000000000e+00,0.000000000000000000e+00
2.000000000000000000e+00,3.174409663256097525e-01,4.000000000000000000e+00,1.269763865302439010e+00,5.038438355086845288e-02,1.494037001049740576e+00,0.000000000000000000e+00,1.000000000000000000e+00,1.000000000000000000e+00,0.000000000000000000e+00
2.000000000000000000e+00,3.237736782485876041e-01,1.000000000000000000e+00,1.295094712994350417e+00,5.241469736330996165e-02,1.474284121475400111e+00,0.000000000000000000e+00,1.000000000000000000e+00,0.000000000000000000e+00,0.000000000000000000e+00
2.000000000000000000e+00,3.237736782485876041e-01,2.000000000000000000e+00,1.295094712994350417e+00,5.241469736330996165e-02,1.474284121475400111e+00,0.000000000000000000e+00,1.000000000000000000e+00,1.000000000000000000e+00,0.000000000000000000e+00
2.000000000000000000e+00,3.237736782485876041e-01,3.000000000000000000e+00,1.295094712994350417e+00,5.241469736330996165e-02,1.474284121475400111e+00,0.000000000000000000e+00,1.000000000000000000e+00,1.000000000000000000e+00,0.000000000000000000e+00
2.000000000000000000e+00,3.237736782485876041e-01,4.000000000000000000e+00,1.295094712994350417e+00,5.241469736330996165e-02,1.474284121475400111e+00,0.000000000000000000e+00,1.000000000000000000e+00,1.000000000000000000e+00,0.000000000000000000e+00
2.000000000000000000e+00,3.302327230792663770e-01,1.000000000000000000e+00,1.320930892317065508e+00,5.452682569617371688e-02,1.454531241901060756e+00,0.000000000000000000e+00,1.000000000000000000e+00,0.000000000000000000e+00,0.000000000000000000e+00
2.000000000000000000e+00,3.302327230792663770e-01,2.000000000000000000e+00,1.320930892317065508e+00,5.452682569617371688e-02,1.454531241901060756e+00,0.000000000000000000e+00,1.000000000000000000e+00,1.000000000000000000e+00,0.000000000000000000e+00
2.000000000000000000e+00,3.302327230792663770e-01,3.000000000000000000e+00,1.320930892317065508e+00,5.452682569617371688e-02,1.454531241901060756e+00,0.000000000000000000e+00,1.000000000000000000e+00,1.000000000000000000e+00,0.000000000000000000e+00
2.000000000000000000e+00,3.302327230792663770e-01,4.000000000000000000e+00,1.320930892317065508e+00,5.452682569617371688e-02,1.454531241901060756e+00,0.000000000000000000e+00,1.000000000000000000e+00,1.000000000000000000e+00,0.000000000000000000e+00
2.000000000000000000e+00,3.368206210654904886e-01,1.000000000000000000e+00,1.347282484261961955e+00,5.672406538747136462e-02,1.434778362326720069e+00,0.000000000000000000e+00,1.000000000000000000e+00,0.000000000000000000e+00,0.000000000000000000e+00
2.000000000000000000e+00,3.368206210654904886e-01,2.000000000000000000e+00,1.347282484261961955e+00,5.672406538747136462e-02,1.434778362326720069e+00,0.000000000000000000e+00,1.000000000000000000e+00,1.000000000000000000e+00,0.000000000000000000e+00
2.000000000000000000e+00,3.368206210654904886e-01,3.000000000000000000e+00,1.347282484261961955e+00,5.672406538747136462e-02,1.434778362326720069e+00,0.000000000000000000e+00,1.000000000000000000e+00,1.000000000000000000e+00,0.000000000000000000e+00
2.000000000000000000e+00,3.368206210654904886e-01,4.000000000000000000e+00,1.347282484261961955e+00,5.672406538747136462e-02,1.434778362326720069e+00,0.000000000000000000e+00,1.000000000000000000e+00,1.000000000000000000e+00,0.000000000000000000e+00
2.000000000000000000e+00,3.435399427321787491e-01,1.000000000000000000e+00,1.374159770928714996e+00,5.900984612621432840e-02,1.415025482752380492e+00,0.000000000000000000e+00,1.000000000000000000e+00,0.000000000000000000e+00,0.000000000000000000e+00
2.000000000000000000e+00,3.435399427321787491e-01,2.000000000000000000e+00,1.374159770928714996e+00,5.900984612621432840e-02,1.415025482752380492e+00,0.000000000000000000e+00,1.000000000000000000e+00,1.000000000000000000e+00,0.000000000000000000e+00
2.000000000000000000e+00,3.435399427321787491e-01,3.000000000000000000e+00,1.374159770928714996e+00,5.900984612621432840e-02,1.415025482752380492e+00,0.000000000000000000e+00,1.000000000000000000e+00,1.000000000000000000e+00,0.000000000000000000e+00
2.000000000000000000e+00,3.435399427321787491e-01,4.000000000000000000e+00,1.374159770928714996e+00,5.900984612621432840e-02,1.415025482752380492e+00,0.000000000000000000e+00,1.000000000000000000e+00,1.000000000000000000e+00,0.000000000000000000e+00
2.000000000000000000e+00,3.503933098843177163e-01,1.000000000000000000e+00,1.401573239537270865e+00,6.138773580584375167e-02,1.395272603178040027e+00,0.000000000000000000e+00,1.000000000000000000e+00,0.000000000000000000e+00,0.000000000000000000e+00
2.000000000000000000e+00,3.503933098843177163e-01,2.000000000000000000e+00,1.401573239537270865e+00,6.138773580584375167e-02,1.395272603178040027e+00,0.000000000000000000e+00,1.000000000000000000e+00,1.000000000000000000e+00,0.000000000000000000e+00
2.000000000000000000e+00,3.503933098843177163e-01,3.000000000000000000e+00,1.401573239537270865e+00,6.138773580584375167e-02,1.395272603178040027e+00,0.000000000000000000e+00,1.000000000000000000e+00,1.000000000000000000e+00,0.000000000000000000e+00
2.000000000000000000e+00,3.503933098843177163e-01,4.000000000000000000e+00,1.401573239537270865e+00,6.138773580584375167e-02,1.395272603178040027e+00,0.000000000000000000e+00,1.000000000000000000e+00,1.000000000000000000e+00,0.000000000000000000e+00
2.000000000000000000e+00,3.573833966299586606e-01,1.000000000000000000e+00,1.429533586519834643e+00,6.386144609338317846e-02,1.375519723603699340e+00,0.000000000000000000e+00,1.000000000000000000e+00,0.000000000000000000e+00,0.000000000000000000e+00
2.000000000000000000e+00,3.573833966299586606e-01,2.000000000000000000e+00,1.429533586519834643e+00,6.386144609338317846e-02,1.375519723603699340e+00,0.000000000000000000e+00,1.000000000000000000e+00,1.000000000000000000e+00,0.000000000000000000e+00
2.000000000000000000e+00,3.573833966299586606e-01,3.000000000000000000e+00,1.429533586519834643e+00,6.386144609338317846e-02,1.375519723603699340e+00,0.000000000000000000e+00,1.000000000000000000e+00,1.000000000000000000e+00,0.000000000000000000e+00
2.000000000000000000e+00,3.573833966299586606e-01,4.000000000000000000e+00,1.429533586519834643e+00,6.386144609338317846e-02,1.375519723603699340e+00,0.000000000000000000e+00,1.000000000000000000e+00,1.000000000000000000e+00,0.000000000000000000e+00
2.000000000000000000e+00,3.645129304236256473e-01,1.000000000000000000e+00,1.458051721694502589e+00,6.643483822300948194e-02,1.355766844029359763e+00,0.000000000000000000e+00,1.000000000000000000e+00,0.000000000000000000e+00,0.000000000000000000e+00
2.000000000000000000e+00,3.645129304236256473e-01,2.000000000000000000e+00,1.458051721694502589e+00,6.643483822300948194e-02,1.355766844029359763e+00,0.000000000000000000e+00,1.000000000000000000e+00,1.000000000000000000e+00,0.000000000000000000e+00
2.000000000000000000e+00,3.645129304236256473e-01,3.000000000000000000e+00,1.458051721694502589e+00,6.643483822300948194e-02,1.355766844029359763e+00,0.000000000000000000e+00,1.000000000000000000e+00,1.000000000000000000e+00,0.000000000000000000e+00
2.000000000000000000e+00,3.645129304236256473e-01,4.000000000000000000e+00,1.458051721694502589e+00,6.643483822300948194e-02,1.355766844029359763e+00,0.000000000000000000e+00,1.000000000000000000e+00,1.000000000000000000e+00,0.000000000000000000e+00
2.000000000000000000e+00,3.717846931305395786e-01,1.000000000000000000e+00,1.487138772522158314e+00,6.911192902308474495e-02,1.336013964455019298e+00,0.000000000000000000e+00,1.000000000000000000e+00,0.000000000000000000e+00,0.000000000000000000e+00
2.000000000000000000e+00,3.717846931305395786e-01,2.000000000000000000e+00,1.487138772522158314e+00,6.911192902308474495e-02,1.336013964455019298e+00,0.000000000000000000e+00,1.000000000000000000e+00,1.000000000000000000e+00,0.000000000000000000e+00
2.000000000000000000e+00,3.717846931305395786e-01,3.000000000000000000e+00,1.487138772522158314e+00,6.911192902308474495e-02,1.336013964455019298e+00,0.000000000000000000e+00,1.000000000000000000e+00,1.000000000000000000e+00,0.000000000000000000e+00
2.000000000000000000e+00,3.717846931305395786e-01,4.000000000000000000e+00,1.487138772522158314e+00,6.911192902308474495e-02,1.336013964455019298e+00,0.000000000000000000e+00,1.000000000000000000e+00,1.000000000000000000e+00,0.000000000000000000e+00
2.000000000000000000e+00,3.792015221120684232e-01,1.000000000000000000e+00,1.516806088448273693e+00,7.189689718605475621e-02,1.316261084880679944e+00,0.000000000000000000e+00,1.000000000000000000e+00,0.000000000000000000e+00,0.000000000000000000e+00
2.000000000000000000e+00,3.792015221120684232e-01,2.000000000000000000e+00,1.516806088448273693e+00,7.189689718605475621e-02,1.316261084880679944e+00,0.000000000000000000e+00,1.000000000000000000e+00,1.000000000000000000e+00,0.000000000000000000e+00
2.000000000000000000e+00,3.792015221120684232e-01,3.000000000000000000e+00,1.516806088448273693e+00,7.189689718605475621e-02,1.316261084880679944e+00,0.000000000000000000e+00,1.000000000000000000e+00,1.000000000000000000e+00,0.000000000000000000e+00
2.000000000000000000e+00,3.792015221120684232e-01,4.000000000000000000e+00,1.516806088448273693e+00,7.189689718605475621e-02,1.316261084880679944e+00,0.000000000000000000e+00,1.000000000000000000e+00,1.000000000000000000e+00,0.000000000000000000e+00
2.000000000000000000e+00,3.867663113328373425e-01,1.000000000000000000e+00,1.547065245331349370e+00,7.479408979100463095e-02,1.296508205306339256e+00,0.000000000000000000e+00,1.000000000000000000e+00,0.000000000000000000e+00,0.000000000000000000e+00
2.000000000000000000e+00,3.867663113328373425e-01,2.000000000000000000e+00,1.547065245331349370e+00,7.479408979100463095e-02,1.296508205306339256e+00,0.000000000000000000e+00,1.000000000000000000e+00,1.000000000000000000e+00,0.000000000000000000e+00
2.000000000000000000e+00,3.867663113328373425e-01,3.000000000000000000e+00,1.547065245331349370e+00,7.479408979100463095e-02,1.296508205306339256e+00,0.000000000000000000e+00,1.000000000000000000e+00,1.000000000000000000e+00,0.000000000000000000e+00
2.000000000000000000e+00,3.867663113328373425e-01,4.000000000000000000e+00,1.547065245331349370e+00,7.479408979100463095e-02,1.296508205306339256e+00,0.000000000000000000e+00,1.000000000000000000e+00,1.000000000000000000e+00,0.000000000000000000e+00
2.000000000000000000e+00,3.944820124899185987e-01,1.000000000000000000e+00,1.577928049959674395e+00,7.780802908904814463e-02,1.276755325731999680e+00,0.000000000000000000e+00,1.000000000000000000e+00,0.000000000000000000e+00,0.000000000000000000e+00
2.000000000000000000e+00,3.944820124899185987e-01,2.000000000000000000e+00,1.577928049959674395e+00,7.780802908904814463e-02,1.276755325731999680e+00,0.000000000000000000e+00,1.000000000000000000e+00,1.000000000000000000e+00,0.000000000000000000e+00
2.000000000000000000e+00,3.944820124899185987e-01,3.000000000000000000e+00,1.577928049959674395e+00,7.780802908904814463e-02,1.276755325731999680e+00,0.000000000000000000e+00,1.000000000000000000e+00,1.000000000000000000e+00,0.000000000000000000e+00
2.000000000000000000e+00,3.944820124899185987e-01,4.000000000000000000e+00,1.577928049959674395e+00,7.780802908904814463e-02,1.276755325731999680e+00,0.000000000000000000e+00,1.000000000000000000e+00,1.000000000000000000e+00,0.000000000000000000e+00
2.000000000000000000e+00,4.023516361645541606e-01,1.000000000000000000e+00,1.609406544658216642e+00,8.094341956214688716e-02,1.257002446157659215e+00,0.000000000000000000e+00,1.000000000000000000e+00,0.000000000000000000e+00,0.000000000000000000e+00
2.000000000000000000e+00,4.023516361645541606e-01,2.000000000000000000e+00,1.609406544658216642e+00,8.094341956214688716e-02,1.257002446157659215e+00,0.000000000000000000e+00,1.000000000000000000e+00,1.000000000000000000e+00,0.000000000000000000e+00
2.000000000000000000e+00,4.023516361645541606e-01,3.000000000000000000e+00,1.609406544658216642e+00,8.094341956214688716e-02,1.257002446157659215e+00,0.000000000000000000e+00,1.000000000000000000e+00,1.000000000000000000e+00,0.000000000000000000e+00
2.000000000000000000e+00,4.023516361645541606e-01,4.000000000000000000e+00,1.609406544658216642e+00,8.094341956214688716e-02,1.257002446157659215e+00,0.000000000000000000e+00,1.000000000000000000e+00,1.000000000000000000e+00,0.000000000000000000e+00
2.000000000000000000e+00,4.103782529968480475e-01,1.000000000000000000e+00,1.641513011987392190e+00,8.420515526637251114e-02,1.237249566583319638e+00,0.000000000000000000e+00,1.000000000000000000e+00,0.000000000000000000e+00,0.000000000000000000e+00
2.000000000000000000e+00,4.103782529968480475e-01,2.000000000000000000e+00,1.641513011987392190e+00,8.420515526637251114e-02,1.237249566583319638e+00,0.000000000000000000e+00,1.000000000000000000e+00,1.000000000000000000e+00,0.000000000000000000e+00
2.000000000000000000e+00,4.103782529968480475e-01,3.000000000000000000e+00,1.641513011987392190e+00,8.420515526637251114e-02,1.237249566583319638e+00,0.000000000000000000e+00,1.000000000000000000e+00,1.000000000000000000e+00,0.000000000000000000e+00
2.000000000000000000e+00,4.103782529968480475e-01,4.000000000000000000e+00,1.641513011987392190e+00,8.420515526637251114e-02,1.237249566583319638e+00,0.000000000000000000e+00,1.000000000000000000e+00,1.000000000000000000e+00,0.000000000000000000e+00
2.000000000000000000e+00,4.185649948838995327e-01,1.000000000000000000e+00,1.674259979535598131e+00,8.759832747107941520e-02,1.217496687008979173e+00,0.000000000000000000e+00,1.000000000000000000e+00,0.000000000000000000e+00,0.000000000000000000e+00
2.000000000000000000e+00,4.185649948838995327e-01,2.000000000000000000e+00,1.674259979535598131e+00,8.759832747107941520e-02,1.217496687008979173e+00,0.000000000000000000e+00,1.000000000000000000e+00,1.000000000000000000e+00,0.000000000000000000e+00
2.000000000000000000e+00,4.185649948838995327e-01,3.000000000000000000e+00,1.674259979535598131e+00,8.759832747107941520e-02,1.217496687008979173e+00,0.000000000000000000e+00,1.000000000000000000e+00,1.000000000000000000e+00,0.000000000000000000e+00
2.000000000000000000e+00,4.185649948838995327e-01,4.000000000000000000e+00,1.674259979535598131e+00,8.759832747107941520e-02,1.217496687008979173e+00,0.000000000000000000e+00,1.000000000000000000e+00,1.000000000000000000e+00,0.000000000000000000e+00
2.000000000000000000e+00,4.269150562018311224e-01,1.000000000000000000e+00,1.707660224807324489e+00,9.112823260590631469e-02,1.197743807434639374e+00,0.000000000000000000e+00,1.000000000000000000e+00,0.000000000000000000e+00,0.000000000000000000e+00
2.000000000000000000e+00,4.269150562018311224e-01,2.000000000000000000e+00,1.707660224807324489e+00,9.112823260590631469e-02,1.197743807434639374e+00,0.000000000000000000e+00,1.000000000000000000e+00,1.000000000000000000e+00,0.000000000000000000e+00
2.000000000000000000e+00,4.269150562018311224e-01,3.000000000000000000e+00,1.707660224807324489e+00,9.112823260590631469e-02,1.197743807434639374e+00,0.000000000000000000e+00,1.000000000000000000e+00,1.000000000000000000e+00,0.000000000000000000e+00
2.000000000000000000e+00,4.269150562018311224e-01,4.000000000000000000e+00,1.707660224807324489e+00,9.112823260590631469e-02,1.197743807434639374e+00,0.000000000000000000e+00,1.000000000000000000e+00,1.000000000000000000e+00,0.000000000000000000e+00
2.000000000000000000e+00,4.354316950522024166e-01,1.000000000000000000e+00,1.741726780208809666e+00,9.480038052801710580e-02,1.177990927860298909e+00,0.000000000000000000e+00,1.000000000000000000e+00,0.000000000000000000e+00,0.000000000000000000e+00
2.000000000000000000e+00,4.354316950522024166e-01,2.000000000000000000e+00,1.741726780208809666e+00,9.480038052801710580e-02,1.177990927860298909e+00,0.000000000000000000e+00,1.000000000000000000e+00,1.000000000000000000e+00,0.000000000000000000e+00
2.000000000000000000e+00,4.354316950522024166e-01,3.000000000000000000e+00,1.741726780208809666e+00,9.480038052801710580e-02,1.177990927860298909e+00,0.000000000000000000e+00,1.000000000000000000e+00,1.000000000000000000e+00,0.000000000000000000e+00
2.000000000000000000e+00,4.354316950522024166e-01,4.000000000000000000e+00,1.741726780208809666e+00,9.480038052801710580e-02,1.177990927860298909e+00,0.000000000000000000e+00,1.000000000000000000e+00,1.000000000000000000e+00,0.000000000000000000e+00
2.000000000000000000e+00,4.441182345332817527e-01,1.000000000000000000e+00,1.776472938133127011e+00,9.862050312247952477e-02,1.158238048285959554e+00,0.000000000000000000e+00,1.000000000000000000e+00,0.000000000000000000e+00,0.000000000000000000e+00
2.000000000000000000e+00,4.441182345332817527e-01,2.000000000000000000e+00,1.776472938133127011e+00,9.862050312247952477e-02,1.158238048285959554e+00,0.000000000000000000e+00,1.000000000000000000e+00,1.000000000000000000e+00,0.000000000000000000e+00
2.000000000000000000e+00,4.441182345332817527e-01,3.000000000000000000e+00,1.776472938133127011e+00,9.862050312247952477e-02,1.158238048285959554e+00,0.000000000000000000e+00,1.000000000000000000e+00,1.000000000000000000e+00,0.000000000000000000e+00
2.000000000000000000e+00,4.441182345332817527e-01,4.000000000000000000e+00,1.776472938133127011e+00,9.862050312247952477e-02,1.158238048285959554e+00,0.000000000000000000e+00,1.000000000000000000e+00,1.000000000000000000e+00,0.000000000000000000e+00
2.000000000000000000e+00,4.529780640366860012e-01,1.000000000000000000e+00,1.811912256146744005e+00,1.025945632492119980e-01,1.138485168711618867e+00,0.000000000000000000e+00,1.000000000000000000e+00,0.000000000000000000e+00,0.000000000000000000e+00
2.000000000000000000e+00,4.529780640366860012e-01,2.000000000000000000e+00,1.811912256146744005e+00,1.025945632492119980e-01,1.138485168711618867e+00,0.000000000000000000e+00,1.000000000000000000e+00,1.000000000000000000e+00,0.000000000000000000e+00
2.000000000000000000e+00,4.529780640366860012e-01,3.000000000000000000e+00,1.811912256146744005e+00,1.025945632492119980e-01,1.138485168711618867e+00,0.000000000000000000e+00,1.000000000000000000e+00,1.000000000000000000e+00,0.000000000000000000e+00
2.000000000000000000e+00,4.529780640366860012e-01,4.000000000000000000e+00,1.811912256146744005e+00,1.025945632492119980e-01,1.138485168711618867e+00,0.000000000000000000e+00,1.000000000000000000e+00,1.000000000000000000e+00,0.000000000000000000e+00
2.000000000000000000e+00,4.620146405698798975e-01,1.000000000000000000e+00,1.848058562279519590e+00,1.067287640504576557e-01,1.118732289137279290e+00,0.000000000000000000e+00,1.000000000000000000e+00,0.000000000000000000e+00,0.000000000000000000e+00
2.000000000000000000e+00,4.620146405698798975e-01,2.000000000000000000e+00,1.848058562279519590e+00,1.067287640504576557e-01,1.118732289137279290e+00,0.000000000000000000e+00,1.000000000000000000e+00,1.000000000000000000e+00,0.000000000000000000e+00
2.000000000000000000e+00,4.620146405698798975e-01,3.000000000000000000e+00,1.848058562279519590e+00,1.067287640504576557e-01,1.118732289137279290e+00,0.000000000000000000e+00,1.000000000000000000e+00,1.000000000000000000e+00,0.000000000000000000e+00
2.000000000000000000e+00,4.620146405698798975e-01,4.000000000000000000e+00,1.848058562279519590e+00,1.067287640504576557e-01,1.118732289137279290e+00,0.000000000000000000e+00,1.000000000000000000e+00,1.000000000000000000e+00,0.000000000000000000e+00
2.000000000000000000e+00,4.712314901050659310e-01,1.000000000000000000e+00,1.884925960420263724e+00,1.110295586333204243e-01,1.098979409562938825e+00,0.000000000000000000e+00,1.000000000000000000e+00,0.000000000000000000e+00,0.000000000000000000e+00
2.000000000000000000e+00,4.712314901050659310e-01,2.000000000000000000e+00,1.884925960420263724e+00,1.110295586333204243e-01,1.098979409562938825e+00,0.000000000000000000e+00,1.000000000000000000e+00,1.000000000000000000e+00,0.000000000000000000e+00
2.000000000000000000e+00,4.712314901050659310e-01,3.000000000000000000e+00,1.884925960420263724e+00,1.110295586333204243e-01,1.098979409562938825e+00,0.000000000000000000e+00,1.000000000000000000e+00,1.000000000000000000e+00,0.000000000000000000e+00
2.000000000000000000e+00,4.712314901050659310e-01,4.000000000000000000e+00,1.884925960420263724e+00,1.110295586333204243e-01,1.098979409562938825e+00,0.000000000000000000e+00,1.000000000000000000e+00,1.000000000000000000e+00,0.000000000000000000e+00
2.000000000000000000e+00,4.806322089549764365e-01,1.000000000000000000e+00,1.922528835819905746e+00,1.155036601424700715e-01,1.079226529988598360e+00,0.000000000000000000e+00,1.000000000000000000e+00,0.000000000000000000e+00,0.000000000000000000e+00
2.000000000000000000e+00,4.806322089549764365e-01,2.000000000000000000e+00,1.922528835819905746e+00,1.155036601424700715e-01,1.079226529988598360e+00,0.000000000000000000e+00,1.000000000000000000e+00,1.000000000000000000e+00,0.000000000000000000e+00
2.000000000000000000e+00,4.806322089549764365e-01,3.000000000000000000e+00,1.922528835819905746e+00,1.155036601424700715e-01,1.079226529988598360e+00,0.000000000000000000e+00,1.000000000000000000e+00,1.000000000000000000e+00,0.000000000000000000e+00
2.000000000000000000e+00,4.806322089549764365e-01,4.000000000000000000e+00,1.922528835819905746e+00,1.155036601424700715e-01,1.079226529988598360e+00,0.000000000000000000e+00,1.000000000000000000e+00,1.000000000000000000e+00,0.000000000000000000e+00
2.000000000000000000e+00,4.902204651761163934e-01,1.000000000000000000e+00,1.960881860704465574e+00,1.201580522387439703e-01,1.059473650414258783e+00,0.000000000000000000e+00,1.000000000000000000e+00,0.000000000000000000e+00,0.000000000000000000e+00
2.000000000000000000e+00,4.902204651761163934e-01,2.000000000000000000e+00,1.960881860704465574e+00,1.201580522387439703e-01,1.059473650414258783e+00,0.000000000000000000e+00,1.000000000000000000e+00,1.000000000000000000e+00,0.000000000000000000e+00
2.000000000000000000e+00,4.902204651761163934e-01,3.000000000000000000e+00,1.960881860704465574e+00,1.201580522387439703e-01,1.059473650414258783e+00,0.000000000000000000e+00,1.000000000000000000e+00,1.000000000000000000e+00,0.000000000000000000e+00
2.000000000000000000e+00,4.902204651761163934e-01,4.000000000000000000e+00,1.960881860704465574e+00,1.201580522387439703e-01,1.059473650414258783e+00,0.000000000000000000e+00,1.000000000000000000e+00,1.000000000000000000e+00,0.000000000000000000e+00
2.000000000000000000e+00,5.000000000000000000e-01,1.000000000000000000e+00,2.000000000000000000e+00,1.250000000000000000e-01,1.039720770839917874e+00,0.000000000000000000e+00,1.000000000000000000e+00,0.000000000000000000e+00,0.000000000000000000e+00
2.000000000000000000e+00,5.000000000000000000e-01,2.000000000000000000e+00,2.000000000000000000e+00,1.250000000000000000e-01,1.039720770839917874e+00,0.000000000000000000e+00,1.000000000000000000e+00,1.000000000000000000e+00,0.000000000000000000e+00
2.000000000000000000e+00,5.000000000000000000e-01,3.000000000000000000e+00,2.000000000000000000e+00,1.250000000000000000e-01,1.039720770839917874e+00,0.000000000000000000e+00,1.000000000000000000e+00,1.000000000000000000e+00,0.000000000000000000e+00
2.000000000000000000e+00,5.000000000000000000e-01,4.000000000000000000e+00,2.000000000000000000e+00,1.250000000000000000e-01,1.039720770839917874e+00,0.000000000000000000e+00,1.000000000000000000e+00,1.000000000000000000e+00,0.000000000000000000e+00
3.000000000000000000e+00,3.000000000000000062e-03,1.000000000000000000e+00,2.699999999999999969e-02,3.000000000000000076e-06,6.358449134648082257e+00,1.000000000000000000e+00,1.000000000000000000e+00,0.000000000000000000e+00,0.000000000000000000e+00
3.000000000000000000e+00,3.000000000000000062e-03,2.000000000000000000e+00,2.699999999999999969e-02,3.000000000000000076e-06,6.358449134648082257e+00,1.000000000000000000e+00,1.000000000000000000e+00,0.000000000000000000e+00,0.000000000000000000e+00
3.000000000000000000e+00,3.000000000000000062e-03,3.000000000000000000e+00,2.699999999999999969e-02,3.000000000000000076e-06,6.358449134648082257e+00,1.000000000000000000e+00,1.000000000000000000e+00,0.000000000000000000e+00,0.000000000000000000e+00
3.000000000000000000e+00,3.000000000000000062e-03,4.000000000000000000e+00,2.699999999999999969e-02,3.000000000000000076e-06,6.358449134648082257e+00,1.000000000000000000e+00,1.000000000000000000e+00,0.000000000000000000e+00,0.000000000000000000e+00
3.000000000000000000e+00,3.059847775757609280e-03,1.000000000000000000e+00,2.753862998181848265e-02,3.120889470269596372e-06,6.338696255073741348e+00,1.000000000000000000e+00,1.000000000000000000e+00,0.000000000000000000e+00,0.000000000000000000e+00
3.000000000000000000e+00,3.059847775757609280e-03,2.000000000000000000e+00,2.753862998181848265e-02,3.120889470269596372e-06,6.338696255073741348e+00,1.000000000000000000e+00,1.000000000000000000e+00,0.000000000000000000e+00,0.000000000000000000e+00
3.000000000000000000e+00,3.059847775757609280e-03,3.000000000000000000e+00,2.753862998181848265e-02,3.120889470269596372e-06,6.338696255073741348e+00,1.000000000000000000e+00,1.000000000000000000e+00,0.000000000000000000e+00,0.000000000000000000e+00
3.000000000000000000e+00,3.059847775757609280e-03,4.000000000000000000e+00,2.753862998181848265e-02,3.120889470269596372e-06,6.338696255073741348e+00,1.000000000000000000e+00,1.000000000000000000e+00,0.000000000000000000e+00,0.000000000000000000e+00
3.000000000000000000e+00,3.120889470269591886e-03,1.000000000000000000e+00,2.808800523242632741e-02,3.246650361879871578e-06,6.318943375499401327e+00,1.000000000000000000e+00,1.000000000000000000e+00,0.000000000000000000e+00,0.000000000000000000e+00
3.000000000000000000e+00,3.120889470269591886e-03,2.000000000000000000e+00,2.808800523242632741e-02,3.246650361879871578e-06,6.318943375499401327e+00,1.000000000000000000e+00,1.000000000000000000e+00,0.000000000000000000e+00,0.000000000000000000e+00
3.000000000000000000e+00,3.120889470269591886e-03,3.000000000000000000e+00,2.808800523242632741e-02,3.246650361879871578e-06,6.318943375499401327e+00,1.000000000000000000e+00,1.000000000000000000e+00,0.000000000000000000e+00,0.000000000000000000e+00
3.000000000000000000e+00,3.120889470269591886e-03,4.000000000000000000e+00,2.808800523242632741e-02,3.246650361879871578e-06,6.318943375499401327e+00,1.000000000000000000e+00,1.000000000000000000e+00,0.000000000000000000e+00,0.000000000000000000e+00
3.000000000000000000e+00,3.183148901329917180e-03,1.000000000000000000e+00,2.864834011196925462e-02,3.377478976012619762e-06,6.299190495925061306e+00,1.000000000000000000e+00,1.000000000000000000e+00,0.000000000000000000e+00,0.000000000000000000e+00
3.000000000000000000e+00,3.183148901329917180e-03,2.000000000000000000e+00,2.864834011196925462e-02,3.377478976012619762e-06,6.299190495925061306e+00,1.000000000000000000e+00,1.000000000000000000e+00,0.000000000000000000e+00,0.000000000000000000e+00
3.000000000000000000e+00,3.183148901329917180e-03,3.000000000000000000e+00,2.864834011196925462e-02,3.377478976012619762e-06,6.299190495925061306e+00,1.000000000000000000e+00,1.000000000000000000e+00,0.000000000000000000e+00,0.000000000000000000e+00
3.000000000000000000e+00,3.183148901329917180e-03,4.000000000000000000e+00,2.864834011196925462e-02,3.377478976012619762e-06,6.299190495925061306e+00,1.000000000000000000e+00,1.000000000000000000e+00,0.000000000000000000e+00,0.000000000000000000e+00
3.000000000000000000e+00,3.246650361879870484e-03,1.000000000000000000e+00,2.921985325691883392e-02,3.513579524098231219e-06,6.279437616350721285e+00,1.000000000000000000e+00,1.000000000000000000e+00,0.000000000000000000e+00,0.000000000000000000e+00
3.000000000000000000e+00,3.246650361879870484e-03,2.000000000000000000e+00,2.921985325691883392e-02,3.513579524098231219e-06,6.279437616350721285e+00,1.000000000000000000e+00,1.000000000000000000e+00,0.000000000000000000e+00,0.000000000000000000e+00
3.000000000000000000e+00,3.246650361879870484e-03,3.000000000000000000e+00,2.921985325691883392e-02,3.513579524098231219e-06,6.279437616350721285e+00,1.000000000000000000e+00,1.000000000000000000e+00,0.000000000000000000e+00,0.000000000000000000e+00
3.000000000000000000e+00,3.246650361879870484e-03,4.000000000000000000e+00,2.921985325691883392e-02,3.513579524098231219e-06,6.279437616350721285e+00,1.000000000000000000e+00,1.000000000000000000e+00,0.000000000000000000e+00,0.000000000000000000e+00
3.000000000000000000e+00,3.311418629486918321e-03,1.000000000000000000e+00,2.980276766538226402e-02,3.655164446571006671e-06,6.259684736776381264e+00,1.000000000000000000e+00,1.000000000000000000e+00,0.000000000000000000e+00,0.000000000000000000e+00
3.000000000000000000e+00,3.311418629486918321e-03,2.000000000000000000e+00,2.980276766538226402e-02,3.655164446571006671e-06,6.259684736776381264e+00,1.000000000000000000e+00,1.000000000000000000e+00,0.000000000000000000e+00,0.000000000000000000e+00
3.000000000000000000e+00,3.311418629486918321e-03,3.000000000000000000e+00,2.980276766538226402e-02,3.655164446571006671e-06,6.259684736776381264e+00,1.000000000000000000e+00,1.000000000000000000e+00,0.000000000000000000e+00,0.000000000000000000e+00
3.000000000000000000e+00,3.311418629486918321e-03,4.000000000000000000e+00,2.980276766538226402e-02,3.655164446571006671e-06,6.259684736776381264e+00,1.000000000000000000e+00,1.000000000000000000e+00,0.000000000000000000e+00,0.000000000000000000e+00
3.000000000000000000e+00,3.377478976012614643e-03,1.000000000000000000e+00,3.039731078411353135e-02,3.802454744469073468e-06,6.239931857202041243e+00,1.000000000000000000e+00,1.000000000000000000e+00,0.000000000000000000e+00,0.000000000000000000e+00
3.000000000000000000e+00,3.377478976012614643e-03,2.000000000000000000e+00,3.039731078411353135e-02,3.802454744469073468e-06,6.239931857202041243e+00,1.000000000000000000e+00,1.000000000000000000e+00,0.000000000000000000e+00,0.000000000000000000e+00
3.000000000000000000e+00,3.377478976012614643e-03,3.000000000000000000e+00,3.039731078411353135e-02,3.802454744469073468e-06,6.239931857202041243e+00,1.000000000000000000e+00,1.000000000000000000e+00,0.000000000000000000e+00,0.000000000000000000e+00
3.000000000000000000e+00,3.377478976012614643e-03,4.000000000000000000e+00,3.039731078411353135e-02,3.802454744469073468e-06,6.239931857202041243e+00,1.000000000000000000e+00,1.000000000000000000e+00,0.000000000000000000e+00,0.000000000000000000e+00
3.000000000000000000e+00,3.444857177473427835e-03,1.000000000000000000e+00,3.100371459726085008e-02,3.955680324396730194e-06,6.220178977627701222e+00,1.000000000000000000e+00,1.000000000000000000e+00,0.000000000000000000e+00,0.000000000000000000e+00
3.000000000000000000e+00,3.444857177473427835e-03,2.000000000000000000e+00,3.100371459726085008e-02,3.955680324396730194e-06,6.220178977627701222e+00,1.000000000000000000e+00,1.000000000000000000e+00,0.000000000000000000e+00,0.000000000000000000e+00
3.000000000000000000e+00,3.444857177473427835e-03,3.000000000000000000e+00,3.100371459726085008e-02,3.955680324396730194e-06,6.220178977627701222e+00,1.000000000000000000e+00,1.000000000000000000e+00,0.000000000000000000e+00,0.000000000000000000e+00
3.000000000000000000e+00,3.444857177473427835e-03,4.000000000000000000e+00,3.100371459726085008e-02,3.955680324396730194e-06,6.220178977627701222e+00,1.000000000000000000e+00,1.000000000000000000e+00,0.000000000000000000e+00,0.000000000000000000e+00
3.000000000000000000e+00,3.513579524098229840e-03,1.000000000000000000e+00,3.162221571688406813e-02,4.115080357387447691e-06,6.200426098053361201e+00,1.000000000000000000e+00,1.000000000000000000e+00,0.000000000000000000e+00,0.000000000000000000e+00
3.000000000000000000e+00,3.513579524098229840e-03,2.000000000000000000e+00,3.162221571688406813e-02,4.115080357387447691e-06,6.200426098053361201e+00,1.000000000000000000e+00,1.000000000000000000e+00,0.000000000000000000e+00,0.000000000000000000e+00
3.000000000000000000e+00,3.513579524098229840e-03,3.000000000000000000e+00,3.162221571688406813e-02,4.115080357387447691e-06,6.200426098053361201e+00,1.000000000000000000e+00,1.000000000000000000e+00,0.000000000000000000e+00,0.000000000000000000e+00
3.000000000000000000e+00,3.513579524098229840e-03,4.000000000000000000e+00,3.162221571688406813e-02,4.115080357387447691e-06,6.200426098053361201e+00,1.000000000000000000e+00,1.000000000000000000e+00,0.000000000000000000e+00,0.000000000000000000e+00
3.000000000000000000e+00,3.583672830586481523e-03,1.000000000000000000e+00,3.225305547527833328e-02,4.280903652227907844e-06,6.180673218479021180e+00,1.000000000000000000e+00,1.000000000000000000e+00,0.000000000000000000e+00,0.000000000000000000e+00
3.000000000000000000e+00,3.583672830586481523e-03,2.000000000000000000e+00,3.225305547527833328e-02,4.280903652227907844e-06,6.180673218479021180e+00,1.000000000000000000e+00,1.000000000000000000e+00,0.000000000000000000e+00,0.000000000000000000e+00
3.000000000000000000e+00,3.583672830586481523e-03,3.000000000000000000e+00,3.225305547527833328e-02,4.280903652227907844e-06,6.180673218479021180e+00,1.000000000000000000e+00,1.000000000000000000e+00,0.000000000000000000e+00,0.000000000000000000e+00
3.000000000000000000e+00,3.583672830586481523e-03,4.000000000000000000e+00,3.225305547527833328e-02,4.280903652227907844e-06,6.180673218479021180e+00,1.000000000000000000e+00,1.000000000000000000e+00,0.000000000000000000e+00,0.000000000000000000e+00
3.000000000000000000e+00,3.655164446571001775e-03,1.000000000000000000e+00,3.289648001913901554e-02,4.453409043825566044e-06,6.160920338904681159e+00,1.000000000000000000e+00,1.000000000000000000e+00,0.000000000000000000e+00,0.000000000000000000e+00
3.000000000000000000e+00,3.655164446571001775e-03,2.000000000000000000e+00,3.289648001913901554e-02,4.453409043825566044e-06,6.160920338904681159e+00,1.000000000000000000e+00,1.000000000000000000e+00,0.000000000000000000e+00,0.000000000000000000e+00
3.000000000000000000e+00,3.655164446571001775e-03,3.000000000000000000e+00,3.289648001913901554e-02,4.453409043825566044e-06,6.160920338904681159e+00,1.000000000000000000e+00,1.000000000000000000e+00,0.000000000000000000e+00,0.000000000000000000e+00
3.000000000000000000e+00,3.655164446571001775e-03,4.000000000000000000e+00,3.289648001913901554e-02,4.453409043825566044e-06,6.160920338904681159e+00,1.000000000000000000e+00,1.000000000000000000e+00,0.000000000000000000e+00,0.000000000000000000e+00
3.000000000000000000e+00,3.728082267289523164e-03,1.000000000000000000e+00,3.355274040560570631e-02,4.632865797226197243e-06,6.141167459330341138e+00,1.000000000000000000e+00,1.000000000000000000e+00,0.000000000000000000e+00,0.000000000000000000e+00
3.000000000000000000e+00,3.728082267289523164e-03,2.000000000000000000e+00,3.355274040560570631e-02,4.632865797226197243e-06,6.141167459330341138e+00,1.000000000000000000e+00,1.000000000000000000e+00,0.000000000000000000e+00,0.000000000000000000e+00
3.000000000000000000e+00,3.728082267289523164e-03,3.000000000000000000e+00,3.355274040560570631e-02,4.632865797226197243e-06,6.141167459330341138e+00,1.000000000000000000e+00,1.000000000000000000e+00,0.000000000000000000e+00,0.000000000000000000e+00
3.000000000000000000e+00,3.728082267289523164e-03,4.000000000000000000e+00,3.355274040560570631e-02,4.632865797226197243e-06,6.141167459330341138e+00,1.000000000000000000e+00,1.000000000000000000e+00,0.000000000000000000e+00,0.000000000000000000e+00
3.000000000000000000e+00,3.802454744469072143e-03,1.000000000000000000e+00,3.422209270022164712e-02,4.819554027911785841e-06,6.121414579756001118e+00,1.000000000000000000e+00,1.000000000000000000e+00,0.000000000000000000e+00,0.000000000000000000e+00
3.000000000000000000e+00,3.802454744469072143e-03,2.000000000000000000e+00,3.422209270022164712e-02,4.819554027911785841e-06,6.121414579756001118e+00,1.000000000000000000e+00,1.000000000000000000e+00,0.000000000000000000e+00,0.000000000000000000e+00
3.000000000000000000e+00,3.802454744469072143e-03,3.000000000000000000e+00,3.422209270022164712e-02,4.819554027911785841e-06,6.121414579756001118e+00,1.000000000000000000e+00,1.000000000000000000e+00,0.000000000000000000e+00,0.000000000000000000e+00
3.000000000000000000e+00,3.802454744469072143e-03,4.000000000000000000e+00,3.422209270022164712e-02,4.819554027911785841e-06,6.121414579756001118e+00,1.000000000000000000e+00,1.000000000000000000e+00,0.000000000000000000e+00,0.000000000000000000e+00
3.000000000000000000e+00,3.878310897427551807e-03,1.000000000000000000e+00,3.490479807684796626e-02,5.013765139035101076e-06,6.101661700181661097e+00,1.000000000000000000e+00,1.000000000000000000e+00,0.000000000000000000e+00,0.000000000000000000e+00
3.000000000000000000e+00,3.878310897427551807e-03,2.000000000000000000e+00,3.490479807684796626e-02,5.013765139035101076e-06,6.101661700181661097e+00,1.000000000000000000e+00,1.000000000000000000e+00,0.000000000000000000e+00,0.000000000000000000e+00
3.000000000000000000e+00,3.878310897427551807e-03,3.000000000000000000e+00,3.490479807684796626e-02,5.013765139035101076e-06,6.101661700181661097e+00,1.000000000000000000e+00,1.000000000000000000e+00,0.000000000000000000e+00,0.000000000000000000e+00
3.000000000000000000e+00,3.878310897427551807e-03,4.000000000000000000e+00,3.490479807684796626e-02,5.013765139035101076e-06,6.101661700181661097e+00,1.000000000000000000e+00,1.000000000000000000e+00,0.000000000000000000e+00,0.000000000000000000e+00
3.000000000000000000e+00,3.955680324396728710e-03,1.000000000000000000e+00,3.560112291957055752e-02,5.215802276273136252e-06,6.081908820607320187e+00,1.000000000000000000e+00,1.000000000000000000e+00,0.000000000000000000e+00,0.000000000000000000e+00
3.000000000000000000e+00,3.955680324396728710e-03,2.000000000000000000e+00,3.560112291957055752e-02,5.215802276273136252e-06,6.081908820607320187e+00,1.000000000000000000e+00,1.000000000000000000e+00,0.000000000000000000e+00,0.000000000000000000e+00
3.000000000000000000e+00,3.955680324396728710e-03,3.000000000000000000e+00,3.560112291957055752e-02,5.215802276273136252e-06,6.081908820607320187e+00,1.000000000000000000e+00,1.000000000000000000e+00,0.000000000000000000e+00,0.000000000000000000e+00
3.000000000000000000e+00,3.955680324396728710e-03,4.000000000000000000e+00,3.560112291957055752e-02,5.215802276273136252e-06,6.081908820607320187e+00,1.000000000000000000e+00,1.000000000000000000e+00,0.000000000000000000e+00,0.000000000000000000e+00
3.000000000000000000e+00,4.034593214071150943e-03,1.000000000000000000e+00,3.631133892664036023e-02,5.425980801009659921e-06,6.062155941032981055e+00,1.000000000000000000e+00,1.000000000000000000e+00,0.000000000000000000e+00,0.000000000000000000e+00
3.000000000000000000e+00,4.034593214071150943e-03,2.000000000000000000e+00,3.631133892664036023e-02,5.425980801009659921e-06,6.062155941032981055e+00,1.000000000000000000e+00,1.000000000000000000e+00,0.000000000000000000e+00,0.000000000000000000e+00
3.000000000000000000e+00,4.034593214071150943e-03,3.000000000000000000e+00,3.631133892664036023e-02,5.425980801009659921e-06,6.062155941032981055e+00,1.000000000000000000e+00,1.000000000000000000e+00,0.000000000000000000e+00,0.000000000000000000e+00
3.000000000000000000e+00,4.034593214071150943e-03,4.000000000000000000e+00,3.631133892664036023e-02,5.425980801009659921e-06,6.062155941032981055e+00,1.000000000000000000e+00,1.000000000000000000e+00,0.000000000000000000e+00,0.000000000000000000e+00
3.000000000000000000e+00,4.115080357387450490e-03,1.000000000000000000e+00,3.703572321648705701e-02,5.644628782585341837e-06,6.042403061458640146e+00,1.000000000000000000e+00,1.000000000000000000e+00,0.000000000000000000e+00,0.000000000000000000e+00
3.000000000000000000e+00,4.115080357387450490e-03,2.000000000000000000e+00,3.703572321648705701e-02,5.644628782585341837e-06,6.042403061458640146e+00,1.000000000000000000e+00,1.000000000000000000e+00,0.000000000000000000e+00,0.000000000000000000e+00
3.000000000000000000e+00,4.115080357387450490e-03,3.000000000000000000e+00,3.703572321648705701e-02,5.644628782585341837e-06,6.042403061458640146e+00,1.000000000000000000e+00,1.000000000000000000e+00,0.000000000000000000e+00,0.000000000000000000e+00
3.000000000000000000e+00,4.115080357387450490e-03,4.000000000000000000e+00,3.703572321648705701e-02,5.644628782585341837e-06,6.042403061458640146e+00,1.000000000000000000e+00,1.000000000000000000e+00,0.000000000000000000e+00,0.000000000000000000e+00
3.000000000000000000e+00,4.197173159538600436e-03,1.000000000000000000e+00,3.777455843584740652e-02,5.872087510383746452e-06,6.022650181884300125e+00,1.000000000000000000e+00,1.000000000000000000e+00,0.000000000000000000e+00,0.000000000000000000e+00
3.000000000000000000e+00,4.197173159538600436e-03,2.000000000000000000e+00,3.777455843584740652e-02,5.872087510383746452e-06,6.022650181884300125e+00,1.000000000000000000e+00,1.000000000000000000e+00,0.000000000000000000e+00,0.000000000000000000e+00
3.000000000000000000e+00,4.197173159538600436e-03,3.000000000000000000e+00,3.777455843584740652e-02,5.872087510383746452e-06,6.022650181884300125e+00,1.000000000000000000e+00,1.000000000000000000e+00,0.000000000000000000e+00,0.000000000000000000e+00
3.000000000000000000e+00,4.197173159538600436e-03,4.000000000000000000e+00,3.777455843584740652e-02,5.872087510383746452e-06,6.022650181884300125e+00,1.000000000000000000e+00,1.000000000000000000e+00,0.000000000000000000e+00,0.000000000000000000e+00
3.000000000000000000e+00,4.280903652227906198e-03,1.000000000000000000e+00,3.852813287005115578e-02,6.108712026552742211e-06,6.002897302309960104e+00,1.000000000000000000e+00,1.000000000000000000e+00,0.000000000000000000e+00,0.000000000000000000e+00
3.000000000000000000e+00,4.280903652227906198e-03,2.000000000000000000e+00,3.852813287005115578e-02,6.108712026552742211e-06,6.002897302309960104e+00,1.000000000000000000e+00,1.000000000000000000e+00,0.000000000000000000e+00,0.000000000000000000e+00
3.000000000000000000e+00,4.280903652227906198e-03,3.000000000000000000e+00,3.852813287005115578e-02,6.108712026552742211e-06,6.002897302309960104e+00,1.000000000000000000e+00,1.000000000000000000e+00,0.000000000000000000e+00,0.000000000000000000e+00
3.000000000000000000e+00,4.280903652227906198e-03,4.000000000000000000e+00,3.852813287005115578e-02,6.108712026552742211e-06,6.002897302309960104e+00,1.000000000000000000e+00,1.000000000000000000e+00,0.000000000000000000e+00,0.000000000000000000e+00
3.000000000000000000e+00,4.366304506167388924e-03,1.000000000000000000e+00,3.929674055550649858e-02,6.354871680192548906e-06,5.983144422735620083e+00,1.000000000000000000e+00,1.000000000000000000e+00,0.000000000000000000e+00,0.000000000000000000e+00
3.000000000000000000e+00,4.366304506167388924e-03,2.000000000000000000e+00,3.929674055550649858e-02,6.354871680192548906e-06,5.983144422735620083e+00,1.000000000000000000e+00,1.000000000000000000e+00,0.000000000000000000e+00,0.000000000000000000e+00
3.000000000000000000e+00,4.366304506167388924e-03,3.000000000000000000e+00,3.929674055550649858e-02,6.354871680192548906e-06,5.983144422735620083e+00,1.000000000000000000e+00,1.000000000000000000e+00,0.000000000000000000e+00,0.000000000000000000e+00
3.000000000000000000e+00,4.366304506167388924e-03,4.000000000000000000e+00,3.929674055550649858e-02,6.354871680192548906e-06,5.983144422735620083e+00,1.000000000000000000e+00,1.000000000000000000e+00,0.000000000000000000e+00,0.000000000000000000e+00
3.000000000000000000e+00,4.453409043825569229e-03,1.000000000000000000e+00,4.008068139443012046e-02,6.610950703875790884e-06,5.963391543161280062e+00,1.000000000000000000e+00,1.000000000000000000e+00,0.000000000000000000e+00,0.000000000000000000e+00
3.000000000000000000e+00,4.453409043825569229e-03,2.000000000000000000e+00,4.008068139443012046e-02,6.610950703875790884e-06,5.963391543161280062e+00,1.000000000000000000e+00,1.000000000000000000e+00,0.000000000000000000e+00,0.000000000000000000e+00
3.000000000000000000e+00,4.453409043825569229e-03,3.000000000000000000e+00,4.008068139443012046e-02,6.610950703875790884e-06,5.963391543161280062e+00,1.000000000000000000e+00,1.000000000000000000e+00,0.000000000000000000e+00,0.000000000000000000e+00
3.000000000000000000e+00,4.453409043825569229e-03,4.000000000000000000e+00,4.008068139443012046e-02,6.610950703875790884e-06,5.963391543161280062e+00,1.000000000000000000e+00,1.000000000000000000e+00,0.000000000000000000e+00,0.000000000000000000e+00
3.000000000000000000e+00,4.542251252429490259e-03,1.000000000000000000e+00,4.088026127186541320e-02,6.877348813399091570e-06,5.943638663586940041e+00,1.000000000000000000e+00,1.000000000000000000e+00,0.000000000000000000e+00,0.000000000000000000e+00
3.000000000000000000e+00,4.542251252429490259e-03,2.000000000000000000e+00,4.088026127186541320e-02,6.877348813399091570e-06,5.943638663586940041e+00,1.000000000000000000e+00,1.000000000000000000e+00,0.000000000000000000e+00,0.000000000000000000e+00
3.000000000000000000e+00,4.542251252429490259e-03,3.000000000000000000e+00,4.088026127186541320e-02,6.877348813399091570e-06,5.943638663586940041e+00,1.000000000000000000e+00,1.000000000000000000e+00,0.000000000000000000e+00,0.000000000000000000e+00
3.000000000000000000e+00,4.542251252429490259e-03,4.000000000000000000e+00,4.088026127186541320e-02,6.877348813399091570e-06,5.943638663586940041e+00,1.000000000000000000e+00,1.000000000000000000e+00,0.000000000000000000e+00,0.000000000000000000e+00
3.000000000000000000e+00,4.632865797226195549e-03,1.000000000000000000e+00,4.169579217503575908e-02,7.154481831702771077e-06,5.923885784012600020e+00,1.000000000000000000e+00,1.000000000000000000e+00,0.000000000000000000e+00,0.000000000000000000e+00
3.000000000000000000e+00,4.632865797226195549e-03,2.000000000000000000e+00,4.169579217503575908e-02,7.154481831702771077e-06,5.923885784012600020e+00,1.000000000000000000e+00,1.000000000000000000e+00,0.000000000000000000e+00,0.000000000000000000e+00
3.000000000000000000e+00,4.632865797226195549e-03,3.000000000000000000e+00,4.169579217503575908e-02,7.154481831702771077e-06,5.923885784012600020e+00,1.000000000000000000e+00,1.000000000000000000e+00,0.000000000000000000e+00,0.000000000000000000e+00
3.000000000000000000e+00,4.632865797226195549e-03,4.000000000000000000e+00,4.169579217503575908e-02,7.154481831702771077e-06,5.923885784012600020e+00,1.000000000000000000e+00,1.000000000000000000e+00,0.000000000000000000e+00,0.000000000000000000e+00
3.000000000000000000e+00,4.725288035008685418e-03,1.000000000000000000e+00,4.252759231507816789e-02,7.442782337932080885e-06,5.904132904438259999e+00,1.000000000000000000e+00,1.000000000000000000e+00,0.000000000000000000e+00,0.000000000000000000e+00
3.000000000000000000e+00,4.725288035008685418e-03,2.000000000000000000e+00,4.252759231507816789e-02,7.442782337932080885e-06,5.904132904438259999e+00,1.000000000000000000e+00,1.000000000000000000e+00,0.000000000000000000e+00,0.000000000000000000e+00
3.000000000000000000e+00,4.725288035008685418e-03,3.000000000000000000e+00,4.252759231507816789e-02,7.442782337932080885e-06,5.904132904438259999e+00,1.000000000000000000e+00,1.000000000000000000e+00,0.000000000000000000e+00,0.000000000000000000e+00
3.000000000000000000e+00,4.725288035008685418e-03,4.000000000000000000e+00,4.252759231507816789e-02,7.442782337932080885e-06,5.904132904438259999e+00,1.000000000000000000e+00,1.000000000000000000e+00,0.000000000000000000e+00,0.000000000000000000e+00
3.000000000000000000e+00,4.819554027911788531e-03,1.000000000000000000e+00,4.337598625120609591e-02,7.742700342653581816e-06,5.884380024863919978e+00,1.000000000000000000e+00,1.000000000000000000e+00,0.000000000000000000e+00,0.000000000000000000e+00
3.000000000000000000e+00,4.819554027911788531e-03,2.000000000000000000e+00,4.337598625120609591e-02,7.742700342653581816e-06,5.884380024863919978e+00,1.000000000000000000e+00,1.000000000000000000e+00,0.000000000000000000e+00,0.000000000000000000e+00
3.000000000000000000e+00,4.819554027911788531e-03,3.000000000000000000e+00,4.337598625120609591e-02,7.742700342653581816e-06,5.884380024863919978e+00,1.000000000000000000e+00,1.000000000000000000e+00,0.000000000000000000e+00,0.000000000000000000e+00
3.000000000000000000e+00,4.819554027911788531e-03,4.000000000000000000e+00,4.337598625120609591e-02,7.742700342653581816e-06,5.884380024863919978e+00,1.000000000000000000e+00,1.000000000000000000e+00,0.000000000000000000e+00,0.000000000000000000e+00
3.000000000000000000e+00,4.915700557483164077e-03,1.000000000000000000e+00,4.424130501734847842e-02,8.054703990280095594e-06,5.864627145289579957e+00,1.000000000000000000e+00,1.000000000000000000e+00,0.000000000000000000e+00,0.000000000000000000e+00
3.000000000000000000e+00,4.915700557483164077e-03,2.000000000000000000e+00,4.424130501734847842e-02,8.054703990280095594e-06,5.864627145289579957e+00,1.000000000000000000e+00,1.000000000000000000e+00,0.000000000000000000e+00,0.000000000000000000e+00
3.000000000000000000e+00,4.915700557483164077e-03,3.000000000000000000e+00,4.424130501734847842e-02,8.054703990280095594e-06,5.864627145289579957e+00,1.000000000000000000e+00,1.000000000000000000e+00,0.000000000000000000e+00,0.000000000000000000e+00
3.000000000000000000e+00,4.915700557483164077e-03,4.000000000000000000e+00,4.424130501734847842e-02,8.054703990280095594e-06,5.864627145289579957e+00,1.000000000000000000e+00,1.000000000000000000e+00,0.000000000000000000e+00,0.000000000000000000e+00
3.000000000000000000e+00,5.013765139035098427e-03,1.000000000000000000e+00,4.512388625131588671e-02,8.379280289801213061e-06,5.844874265715239936e+00,1.000000000000000000e+00,1.000000000000000000e+00,0.000000000000000000e+00,0.000000000000000000e+00
3.000000000000000000e+00,5.013765139035098427e-03,2.000000000000000000e+00,4.512388625131588671e-02,8.379280289801213061e-06,5.844874265715239936e+00,1.000000000000000000e+00,1.000000000000000000e+00,0.000000000000000000e+00,0.000000000000000000e+00
3.000000000000000000e+00,5.013765139035098427e-03,3.000000000000000000e+00,4.512388625131588671e-02,8.379280289801213061e-06,5.844874265715239936e+00,1.000000000000000000e+00,1.000000000000000000e+00,0.000000000000000000e+00,0.000000000000000000e+00
3.000000000000000000e+00,5.013765139035098427e-03,4.000000000000000000e+00,4.512388625131588671e-02,8.379280289801213061e-06,5.844874265715239936e+00,1.000000000000000000e+00,1.000000000000000000e+00,0.000000000000000000e+00,0.000000000000000000e+00
3.000000000000000000e+00,5.113786036282521631e-03,1.000000000000000000e+00,4.602407432654269381e-02,8.716935874959367975e-06,5.825121386140899915e+00,1.000000000000000000e+00,1.000000000000000000e+00,0.000000000000000000e+00,0.000000000000000000e+00
3.000000000000000000e+00,5.113786036282521631e-03,2.000000000000000000e+00,4.602407432654269381e-02,8.716935874959367975e-06,5.825121386140899915e+00,1.000000000000000000e+00,1.000000000000000000e+00,0.000000000000000000e+00,0.000000000000000000e+00
3.000000000000000000e+00,5.113786036282521631e-03,3.000000000000000000e+00,4.602407432654269381e-02,8.716935874959367975e-06,5.825121386140899915e+00,1.000000000000000000e+00,1.000000000000000000e+00,0.000000000000000000e+00,0.000000000000000000e+00
3.000000000000000000e+00,5.113786036282521631e-03,4.000000000000000000e+00,4.602407432654269381e-02,8.716935874959367975e-06,5.825121386140899915e+00,1.000000000000000000e+00,1.000000000000000000e+00,0.000000000000000000e+00,0.000000000000000000e+00
3.000000000000000000e+00,5.215802276273130526e-03,1.000000000000000000e+00,4.694222048645817214e-02,9.068197795058655761e-06,5.805368506566559894e+00,1.000000000000000000e+00,1.000000000000000000e+00,0.000000000000000000e+00,0.000000000000000000e+00
3.000000000000000000e+00,5.215802276273130526e-03,2.000000000000000000e+00,4.694222048645817214e-02,9.068197795058655761e-06,5.805368506566559894e+00,1.000000000000000000e+00,1.000000000000000000e+00,0.000000000000000000e+00,0.000000000000000000e+00
3.000000000000000000e+00,5.215802276273130526e-03,3.000000000000000000e+00,4.694222048645817214e-02,9.068197795058655761e-06,5.805368506566559894e+00,1.000000000000000000e+00,1.000000000000000000e+00,0.000000000000000000e+00,0.000000000000000000e+00
3.000000000000000000e+00,5.215802276273130526e-03,4.000000000000000000e+00,4.694222048645817214e-02,9.068197795058655761e-06,5.805368506566559894e+00,1.000000000000000000e+00,1.000000000000000000e+00,0.000000000000000000e+00,0.000000000000000000e+00
3.000000000000000000e+00,5.319853664615263253e-03,1.000000000000000000e+00,4.787868298153737101e-02,9.433614337640148964e-06,5.785615626992219873e+00,1.000000000000000000e+00,1.000000000000000000e+00,0.000000000000000000e+00,0.000000000000000000e+00
3.000000000000000000e+00,5.319853664615263253e-03,2.000000000000000000e+00,4.787868298153737101e-02,9.433614337640148964e-06,5.785615626992219873e+00,1.000000000000000000e+00,1.000000000000000000e+00,0.000000000000000000e+00,0.000000000000000000e+00
3.000000000000000000e+00,5.319853664615263253e-03,3.000000000000000000e+00,4.787868298153737101e-02,9.433614337640148964e-06,5.785615626992219873e+00,1.000000000000000000e+00,1.000000000000000000e+00,0.000000000000000000e+00,0.000000000000000000e+00
3.000000000000000000e+00,5.319853664615263253e-03,4.000000000000000000e+00,4.787868298153737101e-02,9.433614337640148964e-06,5.785615626992219873e+00,1.000000000000000000e+00,1.000000000000000000e+00,0.000000000000000000e+00,0.000000000000000000e+00
3.000000000000000000e+00,5.425980801009658294e-03,1.000000000000000000e+00,4.883382720908692465e-02,9.813755884308471205e-06,5.765862747417879852e+00,1.000000000000000000e+00,1.000000000000000000e+00,0.000000000000000000e+00,0.000000000000000000e+00
3.000000000000000000e+00,5.425980801009658294e-03,2.000000000000000000e+00,4.883382720908692465e-02,9.813755884308471205e-06,5.765862747417879852e+00,1.000000000000000000e+00,1.000000000000000000e+00,0.000000000000000000e+00,0.000000000000000000e+00
3.000000000000000000e+00,5.425980801009658294e-03,3.000000000000000000e+00,4.883382720908692465e-02,9.813755884308471205e-06,5.765862747417879852e+00,1.000000000000000000e+00,1.000000000000000000e+00,0.000000000000000000e+00,0.000000000000000000e+00
3.000000000000000000e+00,5.425980801009658294e-03,4.000000000000000000e+00,4.883382720908692465e-02,9.813755884308471205e-06,5.765862747417879852e+00,1.000000000000000000e+00,1.000000000000000000e+00,0.000000000000000000e+00,0.000000000000000000e+00
3.000000000000000000e+00,5.534225095090963137e-03,1.000000000000000000e+00,4.980802585581867170e-02,1.020921580104485850e-05,5.746109867843538943e+00,1.000000000000000000e+00,1.000000000000000000e+00,0.000000000000000000e+00,0.000000000000000000e+00
3.000000000000000000e+00,5.534225095090963137e-03,2.000000000000000000e+00,4.980802585581867170e-02,1.020921580104485850e-05,5.746109867843538943e+00,1.000000000000000000e+00,1.000000000000000000e+00,0.000000000000000000e+00,0.000000000000000000e+00
3.000000000000000000e+00,5.534225095090963137e-03,3.000000000000000000e+00,4.980802585581867170e-02,1.020921580104485850e-05,5.746109867843538943e+00,1.000000000000000000e+00,1.000000000000000000e+00,0.000000000000000000e+00,0.000000000000000000e+00
3.000000000000000000e+00,5.534225095090963137e-03,4.000000000000000000e+00,4.980802585581867170e-02,1.020921580104485850e-05,5.746109867843538943e+00,1.000000000000000000e+00,1.000000000000000000e+00,0.000000000000000000e+00,0.000000000000000000e+00
3.000000000000000000e+00,5.644628782585334702e-03,1.000000000000000000e+00,5.080165904326801318e-02,1.062061136439693122e-05,5.726356988269198922e+00,1.000000000000000000e+00,1.000000000000000000e+00,0.000000000000000000e+00,0.000000000000000000e+00
3.000000000000000000e+00,5.644628782585334702e-03,2.000000000000000000e+00,5.080165904326801318e-02,1.062061136439693122e-05,5.726356988269198922e+00,1.000000000000000000e+00,1.000000000000000000e+00,0.000000000000000000e+00,0.000000000000000000e+00
3.000000000000000000e+00,5.644628782585334702e-03,3.000000000000000000e+00,5.080165904326801318e-02,1.062061136439693122e-05,5.726356988269198922e+00,1.000000000000000000e+00,1.000000000000000000e+00,0.000000000000000000e+00,0.000000000000000000e+00
3.000000000000000000e+00,5.644628782585334702e-03,4.000000000000000000e+00,5.080165904326801318e-02,1.062061136439693122e-05,5.726356988269198922e+00,1.000000000000000000e+00,1.000000000000000000e+00,0.000000000000000000e+00,0.000000000000000000e+00
3.000000000000000000e+00,5.757234941790370479e-03,1.000000000000000000e+00,5.181511447611333171e-02,1.104858472499065717e-05,5.706604108694858901e+00,1.000000000000000000e+00,1.000000000000000000e+00,0.000000000000000000e+00,0.000000000000000000e+00
3.000000000000000000e+00,5.757234941790370479e-03,2.000000000000000000e+00,5.181511447611333171e-02,1.104858472499065717e-05,5.706604108694858901e+00,1.000000000000000000e+00,1.000000000000000000e+00,0.000000000000000000e+00,0.000000000000000000e+00
3.000000000000000000e+00,5.757234941790370479e-03,3.000000000000000000e+00,5.181511447611333171e-02,1.104858472499065717e-05,5.706604108694858901e+00,1.000000000000000000e+00,1.000000000000000000e+00,0.000000000000000000e+00,0.000000000000000000e+00
3.000000000000000000e+00,5.757234941790370479e-03,4.000000000000000000e+00,5.181511447611333171e-02,1.104858472499065717e-05,5.706604108694858901e+00,1.000000000000000000e+00,1.000000000000000000e+00,0.000000000000000000e+00,0.000000000000000000e+00
3.000000000000000000e+00,5.872087510383742874e-03,1.000000000000000000e+00,5.284878759345368326e-02,1.149380390986824822e-05,5.686851229120518880e+00,1.000000000000000000e+00,1.000000000000000000e+00,0.000000000000000000e+00,0.000000000000000000e+00
3.000000000000000000e+00,5.872087510383742874e-03,2.000000000000000000e+00,5.284878759345368326e-02,1.149380390986824822e-05,5.686851229120518880e+00,1.000000000000000000e+00,1.000000000000000000e+00,0.000000000000000000e+00,0.000000000000000000e+00
3.000000000000000000e+00,5.872087510383742874e-03,3.000000000000000000e+00,5.284878759345368326e-02,1.149380390986824822e-05,5.686851229120518880e+00,1.000000000000000000e+00,1.000000000000000000e+00,0.000000000000000000e+00,0.000000000000000000e+00
3.000000000000000000e+00,5.872087510383742874e-03,4.000000000000000000e+00,5.284878759345368326e-02,1.149380390986824822e-05,5.686851229120518880e+00,1.000000000000000000e+00,1.000000000000000000e+00,0.000000000000000000e+00,0.000000000000000000e+00
3.000000000000000000e+00,5.989231302567242336e-03,1.000000000000000000e+00,5.390308172310517842e-02,1.195696386521710273e-05,5.667098349546178859e+00,1.000000000000000000e+00,1.000000000000000000e+00,0.000000000000000000e+00,0.000000000000000000e+00
3.000000000000000000e+00,5.989231302567242336e-03,2.000000000000000000e+00,5.390308172310517842e-02,1.195696386521710273e-05,5.667098349546178859e+00,1.000000000000000000e+00,1.000000000000000000e+00,0.000000000000000000e+00,0.000000000000000000e+00
3.000000000000000000e+00,5.989231302567242336e-03,3.000000000000000000e+00,5.390308172310517842e-02,1.195696386521710273e-05,5.667098349546178859e+00,1.000000000000000000e+00,1.000000000000000000e+00,0.000000000000000000e+00,0.000000000000000000e+00
3.000000000000000000e+00,5.989231302567242336e-03,4.000000000000000000e+00,5.390308172310517842e-02,1.195696386521710273e-05,5.667098349546178859e+00,1.000000000000000000e+00,1.000000000000000000e+00,0.000000000000000000e+00,0.000000000000000000e+00
3.000000000000000000e+00,6.108712026552733619e-03,1.000000000000000000e+00,5.497840823897460344e-02,1.243878754111666930e-05,5.647345469971838838e+00,1.000000000000000000e+00,1.000000000000000000e+00,0.000000000000000000e+00,0.000000000000000000e+00
3.000000000000000000e+00,6.108712026552733619e-03,2.000000000000000000e+00,5.497840823897460344e-02,1.243878754111666930e-05,5.647345469971838838e+00,1.000000000000000000e+00,1.000000000000000000e+00,0.000000000000000000e+00,0.000000000000000000e+00
3.000000000000000000e+00,6.108712026552733619e-03,3.000000000000000000e+00,5.497840823897460344e-02,1.243878754111666930e-05,5.647345469971838838e+00,1.000000000000000000e+00,1.000000000000000000e+00,0.000000000000000000e+00,0.000000000000000000e+00
3.000000000000000000e+00,6.108712026552733619e-03,4.000000000000000000e+00,5.497840823897460344e-02,1.243878754111666930e-05,5.647345469971838838e+00,1.000000000000000000e+00,1.000000000000000000e+00,0.000000000000000000e+00,0.000000000000000000e+00
3.000000000000000000e+00,6.230576302397044727e-03,1.000000000000000000e+00,5.607518672157340428e-02,1.294002701999720983e-05,5.627592590397498817e+00,1.000000000000000000e+00,1.000000000000000000e+00,0.000000000000000000e+00,0.000000000000000000e+00
3.000000000000000000e+00,6.230576302397044727e-03,2.000000000000000000e+00,5.607518672157340428e-02,1.294002701999720983e-05,5.627592590397498817e+00,1.000000000000000000e+00,1.000000000000000000e+00,0.000000000000000000e+00,0.000000000000000000e+00
3.000000000000000000e+00,6.230576302397044727e-03,3.000000000000000000e+00,5.607518672157340428e-02,1.294002701999720983e-05,5.627592590397498817e+00,1.000000000000000000e+00,1.000000000000000000e+00,0.000000000000000000e+00,0.000000000000000000e+00
3.000000000000000000e+00,6.230576302397044727e-03,4.000000000000000000e+00,5.607518672157340428e-02,1.294002701999720983e-05,5.627592590397498817e+00,1.000000000000000000e+00,1.000000000000000000e+00,0.000000000000000000e+00,0.000000000000000000e+00
3.000000000000000000e+00,6.354871680192547036e-03,1.000000000000000000e+00,5.719384512173292245e-02,1.346146469057108255e-05,5.607839710823158796e+00,1.000000000000000000e+00,1.000000000000000000e+00,0.000000000000000000e+00,0.000000000000000000e+00
3.000000000000000000e+00,6.354871680192547036e-03,2.000000000000000000e+00,5.719384512173292245e-02,1.346146469057108255e-05,5.607839710823158796e+00,1.000000000000000000e+00,1.000000000000000000e+00,0.000000000000000000e+00,0.000000000000000000e+00
3.000000000000000000e+00,6.354871680192547036e-03,3.000000000000000000e+00,5.719384512173292245e-02,1.346146469057108255e-05,5.607839710823158796e+00,1.000000000000000000e+00,1.000000000000000000e+00,0.000000000000000000e+00,0.000000000000000000e+00
3.000000000000000000e+00,6.354871680192547036e-03,4.000000000000000000e+00,5.719384512173292245e-02,1.346146469057108255e-05,5.607839710823158796e+00,1.000000000000000000e+00,1.000000000000000000e+00,0.000000000000000000e+00,0.000000000000000000e+00
3.000000000000000000e+00,6.481646658620726295e-03,1.000000000000000000e+00,5.833481992758653839e-02,1.400391446906974273e-05,5.588086831248818775e+00,1.000000000000000000e+00,1.000000000000000000e+00,0.000000000000000000e+00,0.000000000000000000e+00
3.000000000000000000e+00,6.481646658620726295e-03,2.000000000000000000e+00,5.833481992758653839e-02,1.400391446906974273e-05,5.588086831248818775e+00,1.000000000000000000e+00,1.000000000000000000e+00,0.000000000000000000e+00,0.000000000000000000e+00
3.000000000000000000e+00,6.481646658620726295e-03,3.000000000000000000e+00,5.833481992758653839e-02,1.400391446906974273e-05,5.588086831248818775e+00,1.000000000000000000e+00,1.000000000000000000e+00,0.000000000000000000e+00,0.000000000000000000e+00
3.000000000000000000e+00,6.481646658620726295e-03,4.000000000000000000e+00,5.833481992758653839e-02,1.400391446906974273e-05,5.588086831248818775e+00,1.000000000000000000e+00,1.000000000000000000e+00,0.000000000000000000e+00,0.000000000000000000e+00
3.000000000000000000e+00,6.610950703875780564e-03,1.000000000000000000e+00,5.949855633488202594e-02,1.456822306969189405e-05,5.568333951674478755e+00,1.000000000000000000e+00,1.000000000000000000e+00,0.000000000000000000e+00,0.000000000000000000e+00
3.000000000000000000e+00,6.610950703875780564e-03,2.000000000000000000e+00,5.949855633488202594e-02,1.456822306969189405e-05,5.568333951674478755e+00,1.000000000000000000e+00,1.000000000000000000e+00,0.000000000000000000e+00,0.000000000000000000e+00
3.000000000000000000e+00,6.610950703875780564e-03,3.000000000000000000e+00,5.949855633488202594e-02,1.456822306969189405e-05,5.568333951674478755e+00,1.000000000000000000e+00,1.000000000000000000e+00,0.000000000000000000e+00,0.000000000000000000e+00
3.000000000000000000e+00,6.610950703875780564e-03,4.000000000000000000e+00,5.949855633488202594e-02,1.456822306969189405e-05,5.568333951674478755e+00,1.000000000000000000e+00,1.000000000000000000e+00,0.000000000000000000e+00,0.000000000000000000e+00
3.000000000000000000e+00,6.742834268965834481e-03,1.000000000000000000e+00,6.068550842069250773e-02,1.515527132624667372e-05,5.548581072100138734e+00,1.000000000000000000e+00,1.000000000000000000e+00,0.000000000000000000e+00,0.000000000000000000e+00
3.000000000000000000e+00,6.742834268965834481e-03,2.000000000000000000e+00,6.068550842069250773e-02,1.515527132624667372e-05,5.548581072100138734e+00,1.000000000000000000e+00,1.000000000000000000e+00,0.000000000000000000e+00,0.000000000000000000e+00
3.000000000000000000e+00,6.742834268965834481e-03,3.000000000000000000e+00,6.068550842069250773e-02,1.515527132624667372e-05,5.548581072100138734e+00,1.000000000000000000e+00,1.000000000000000000e+00,0.000000000000000000e+00,0.000000000000000000e+00
3.000000000000000000e+00,6.742834268965834481e-03,4.000000000000000000e+00,6.068550842069250773e-02,1.515527132624667372e-05,5.548581072100138734e+00,1.000000000000000000e+00,1.000000000000000000e+00,0.000000000000000000e+00,0.000000000000000000e+00
3.000000000000000000e+00,6.877348813399087810e-03,1.000000000000000000e+00,6.189613932059179202e-02,1.576597556705394785e-05,5.528828192525798713e+00,1.000000000000000000e+00,1.000000000000000000e+00,0.000000000000000000e+00,0.000000000000000000e+00
3.000000000000000000e+00,6.877348813399087810e-03,2.000000000000000000e+00,6.189613932059179202e-02,1.576597556705394785e-05,5.528828192525798713e+00,1.000000000000000000e+00,1.000000000000000000e+00,0.000000000000000000e+00,0.000000000000000000e+00
3.000000000000000000e+00,6.877348813399087810e-03,3.000000000000000000e+00,6.189613932059179202e-02,1.576597556705394785e-05,5.528828192525798713e+00,1.000000000000000000e+00,1.000000000000000000e+00,0.000000000000000000e+00,0.000000000000000000e+00
3.000000000000000000e+00,6.877348813399087810e-03,4.000000000000000000e+00,6.189613932059179202e-02,1.576597556705394785e-05,5.528828192525798713e+00,1.000000000000000000e+00,1.000000000000000000e+00,0.000000000000000000e+00,0.000000000000000000e+00
3.000000000000000000e+00,7.014546823262808595e-03,1.000000000000000000e+00,6.313092140936527041e-02,1.640128904524878624e-05,5.509075312951458692e+00,1.000000000000000000e+00,1.000000000000000000e+00,0.000000000000000000e+00,0.000000000000000000e+00
3.000000000000000000e+00,7.014546823262808595e-03,2.000000000000000000e+00,6.313092140936527041e-02,1.640128904524878624e-05,5.509075312951458692e+00,1.000000000000000000e+00,1.000000000000000000e+00,0.000000000000000000e+00,0.000000000000000000e+00
3.000000000000000000e+00,7.014546823262808595e-03,3.000000000000000000e+00,6.313092140936527041e-02,1.640128904524878624e-05,5.509075312951458692e+00,1.000000000000000000e+00,1.000000000000000000e+00,0.000000000000000000e+00,0.000000000000000000e+00
3.000000000000000000e+00,7.014546823262808595e-03,4.000000000000000000e+00,6.313092140936527041e-02,1.640128904524878624e-05,5.509075312951458692e+00,1.000000000000000000e+00,1.000000000000000000e+00,0.000000000000000000e+00,0.000000000000000000e+00
3.000000000000000000e+00,7.154481831702767282e-03,1.000000000000000000e+00,6.439033648532491161e-02,1.706220342672166214e-05,5.489322433377117783e+00,1.000000000000000000e+00,1.000000000000000000e+00,0.000000000000000000e+00,0.000000000000000000e+00
3.000000000000000000e+00,7.154481831702767282e-03,2.000000000000000000e+00,6.439033648532491161e-02,1.706220342672166214e-05,5.489322433377117783e+00,1.000000000000000000e+00,1.000000000000000000e+00,0.000000000000000000e+00,0.000000000000000000e+00
3.000000000000000000e+00,7.154481831702767282e-03,3.000000000000000000e+00,6.439033648532491161e-02,1.706220342672166214e-05,5.489322433377117783e+00,1.000000000000000000e+00,1.000000000000000000e+00,0.000000000000000000e+00,0.000000000000000000e+00
3.000000000000000000e+00,7.154481831702767282e-03,4.000000000000000000e+00,6.439033648532491161e-02,1.706220342672166214e-05,5.489322433377117783e+00,1.000000000000000000e+00,1.000000000000000000e+00,0.000000000000000000e+00,0.000000000000000000e+00
3.000000000000000000e+00,7.297208439811303168e-03,1.000000000000000000e+00,6.567487595830172331e-02,1.774975033801777153e-05,5.469569553802777762e+00,1.000000000000000000e+00,1.000000000000000000e+00,0.000000000000000000e+00,0.000000000000000000e+00
3.000000000000000000e+00,7.297208439811303168e-03,2.000000000000000000e+00,6.567487595830172331e-02,1.774975033801777153e-05,5.469569553802777762e+00,1.000000000000000000e+00,1.000000000000000000e+00,0.000000000000000000e+00,0.000000000000000000e+00
3.000000000000000000e+00,7.297208439811303168e-03,3.000000000000000000e+00,6.567487595830172331e-02,1.774975033801777153e-05,5.469569553802777762e+00,1.000000000000000000e+00,1.000000000000000000e+00,0.000000000000000000e+00,0.000000000000000000e+00
3.000000000000000000e+00,7.297208439811303168e-03,4.000000000000000000e+00,6.567487595830172331e-02,1.774975033801777153e-05,5.469569553802777762e+00,1.000000000000000000e+00,1.000000000000000000e+00,0.000000000000000000e+00,0.000000000000000000e+00
3.000000000000000000e+00,7.442782337932087044e-03,1.000000000000000000e+00,6.698504104138877646e-02,1.846500297661127405e-05,5.449816674228437741e+00,1.000000000000000000e+00,1.000000000000000000e+00,0.000000000000000000e+00,0.000000000000000000e+00
3.000000000000000000e+00,7.442782337932087044e-03,2.000000000000000000e+00,6.698504104138877646e-02,1.846500297661127405e-05,5.449816674228437741e+00,1.000000000000000000e+00,1.000000000000000000e+00,0.000000000000000000e+00,0.000000000000000000e+00
3.000000000000000000e+00,7.442782337932087044e-03,3.000000000000000000e+00,6.698504104138877646e-02,1.846500297661127405e-05,5.449816674228437741e+00,1.000000000000000000e+00,1.000000000000000000e+00,0.000000000000000000e+00,0.000000000000000000e+00
3.000000000000000000e+00,7.442782337932087044e-03,4.000000000000000000e+00,6.698504104138877646e-02,1.846500297661127405e-05,5.449816674228437741e+00,1.000000000000000000e+00,1.000000000000000000e+00,0.000000000000000000e+00,0.000000000000000000e+00
3.000000000000000000e+00,7.591260327389827769e-03,1.000000000000000000e+00,6.832134294650844819e-02,1.920907778606757387e-05,5.430063794654098608e+00,1.000000000000000000e+00,1.000000000000000000e+00,0.000000000000000000e+00,0.000000000000000000e+00
3.000000000000000000e+00,7.591260327389827769e-03,2.000000000000000000e+00,6.832134294650844819e-02,1.920907778606757387e-05,5.430063794654098608e+00,1.000000000000000000e+00,1.000000000000000000e+00,0.000000000000000000e+00,0.000000000000000000e+00
3.000000000000000000e+00,7.591260327389827769e-03,3.000000000000000000e+00,6.832134294650844819e-02,1.920907778606757387e-05,5.430063794654098608e+00,1.000000000000000000e+00,1.000000000000000000e+00,0.000000000000000000e+00,0.000000000000000000e+00
3.000000000000000000e+00,7.591260327389827769e-03,4.000000000000000000e+00,6.832134294650844819e-02,1.920907778606757387e-05,5.430063794654098608e+00,1.000000000000000000e+00,1.000000000000000000e+00,0.000000000000000000e+00,0.000000000000000000e+00
3.000000000000000000e+00,7.742700342653579919e-03,1.000000000000000000e+00,6.968430308388222361e-02,1.998313619870928799e-05,5.410310915079757699e+00,1.000000000000000000e+00,1.000000000000000000e+00,0.000000000000000000e+00,0.000000000000000000e+00
3.000000000000000000e+00,7.742700342653579919e-03,2.000000000000000000e+00,6.968430308388222361e-02,1.998313619870928799e-05,5.410310915079757699e+00,1.000000000000000000e+00,1.000000000000000000e+00,0.000000000000000000e+00,0.000000000000000000e+00
3.000000000000000000e+00,7.742700342653579919e-03,3.000000000000000000e+00,6.968430308388222361e-02,1.998313619870928799e-05,5.410310915079757699e+00,1.000000000000000000e+00,1.000000000000000000e+00,0.000000000000000000e+00,0.000000000000000000e+00
3.000000000000000000e+00,7.742700342653579919e-03,4.000000000000000000e+00,6.968430308388222361e-02,1.998313619870928799e-05,5.410310915079757699e+00,1.000000000000000000e+00,1.000000000000000000e+00,0.000000000000000000e+00,0.000000000000000000e+00
3.000000000000000000e+00,7.897161473942067647e-03,1.000000000000000000e+00,7.107445326547860709e-02,2.078838644850495261e-05,5.390558035505417678e+00,1.000000000000000000e+00,1.000000000000000000e+00,0.000000000000000000e+00,0.000000000000000000e+00
3.000000000000000000e+00,7.897161473942067647e-03,2.000000000000000000e+00,7.107445326547860709e-02,2.078838644850495261e-05,5.390558035505417678e+00,1.000000000000000000e+00,1.000000000000000000e+00,0.000000000000000000e+00,0.000000000000000000e+00
3.000000000000000000e+00,7.897161473942067647e-03,3.000000000000000000e+00,7.107445326547860709e-02,2.078838644850495261e-05,5.390558035505417678e+00,1.000000000000000000e+00,1.000000000000000000e+00,0.000000000000000000e+00,0.000000000000000000e+00
3.000000000000000000e+00,7.897161473942067647e-03,4.000000000000000000e+00,7.107445326547860709e-02,2.078838644850495261e-05,5.390558035505417678e+00,1.000000000000000000e+00,1.000000000000000000e+00,0.000000000000000000e+00,0.000000000000000000e+00
3.000000000000000000e+00,8.054703990280102574e-03,1.000000000000000000e+00,7.249233591252092490e-02,2.162608545701140403e-05,5.370805155931077657e+00,1.000000000000000000e+00,1.000000000000000000e+00,0.000000000000000000e+00,0.000000000000000000e+00
3.000000000000000000e+00,8.054703990280102574e-03,2.000000000000000000e+00,7.249233591252092490e-02,2.162608545701140403e-05,5.370805155931077657e+00,1.000000000000000000e+00,1.000000000000000000e+00,0.000000000000000000e+00,0.000000000000000000e+00
3.000000000000000000e+00,8.054703990280102574e-03,3.000000000000000000e+00,7.249233591252092490e-02,2.162608545701140403e-05,5.370805155931077657e+00,1.000000000000000000e+00,1.000000000000000000e+00,0.000000000000000000e+00,0.000000000000000000e+00
3.000000000000000000e+00,8.054703990280102574e-03,4.000000000000000000e+00,7.249233591252092490e-02,2.162608545701140403e-05,5.370805155931077657e+00,1.000000000000000000e+00,1.000000000000000000e+00,0.000000000000000000e+00,0.000000000000000000e+00
3.000000000000000000e+00,8.215389363014826557e-03,1.000000000000000000e+00,7.393850426713344248e-02,2.249754079531238917e-05,5.351052276356737636e+00,1.000000000000000000e+00,1.000000000000000000e+00,0.000000000000000000e+00,0.000000000000000000e+00
3.000000000000000000e+00,8.215389363014826557e-03,2.000000000000000000e+00,7.393850426713344248e-02,2.249754079531238917e-05,5.351052276356737636e+00,1.000000000000000000e+00,1.000000000000000000e+00,0.000000000000000000e+00,0.000000000000000000e+00
3.000000000000000000e+00,8.215389363014826557e-03,3.000000000000000000e+00,7.393850426713344248e-02,2.249754079531238917e-05,5.351052276356737636e+00,1.000000000000000000e+00,1.000000000000000000e+00,0.000000000000000000e+00,0.000000000000000000e+00
3.000000000000000000e+00,8.215389363014826557e-03,4.000000000000000000e+00,7.393850426713344248e-02,2.249754079531238917e-05,5.351052276356737636e+00,1.000000000000000000e+00,1.000000000000000000e+00,0.000000000000000000e+00,0.000000000000000000e+00
3.000000000000000000e+00,8.379280289801210174e-03,1.000000000000000000e+00,7.541352260821089504e-02,2.340411272501701900e-05,5.331299396782397615e+00,1.000000000000000000e+00,1.000000000000000000e+00,0.000000000000000000e+00,0.000000000000000000e+00
3.000000000000000000e+00,8.379280289801210174e-03,2.000000000000000000e+00,7.541352260821089504e-02,2.340411272501701900e-05,5.331299396782397615e+00,1.000000000000000000e+00,1.000000000000000000e+00,0.000000000000000000e+00,0.000000000000000000e+00
3.000000000000000000e+00,8.379280289801210174e-03,3.000000000000000000e+00,7.541352260821089504e-02,2.340411272501701900e-05,5.331299396782397615e+00,1.000000000000000000e+00,1.000000000000000000e+00,0.000000000000000000e+00,0.000000000000000000e+00
3.000000000000000000e+00,8.379280289801210174e-03,4.000000000000000000e+00,7.541352260821089504e-02,2.340411272501701900e-05,5.331299396782397615e+00,1.000000000000000000e+00,1.000000000000000000e+00,0.000000000000000000e+00,0.000000000000000000e+00
3.000000000000000000e+00,8.546440719065925493e-03,1.000000000000000000e+00,7.691796647159332423e-02,2.434721632150269524e-05,5.311546517208057594e+00,1.000000000000000000e+00,1.000000000000000000e+00,0.000000000000000000e+00,0.000000000000000000e+00
3.000000000000000000e+00,8.546440719065925493e-03,2.000000000000000000e+00,7.691796647159332423e-02,2.434721632150269524e-05,5.311546517208057594e+00,1.000000000000000000e+00,1.000000000000000000e+00,0.000000000000000000e+00,0.000000000000000000e+00
3.000000000000000000e+00,8.546440719065925493e-03,3.000000000000000000e+00,7.691796647159332423e-02,2.434721632150269524e-05,5.311546517208057594e+00,1.000000000000000000e+00,1.000000000000000000e+00,0.000000000000000000e+00,0.000000000000000000e+00
3.000000000000000000e+00,8.546440719065925493e-03,4.000000000000000000e+00,7.691796647159332423e-02,2.434721632150269524e-05,5.311546517208057594e+00,1.000000000000000000e+00,1.000000000000000000e+00,0.000000000000000000e+00,0.000000000000000000e+00
3.000000000000000000e+00,8.716935874959374358e-03,1.000000000000000000e+00,7.845242287463437270e-02,2.532832368271791586e-05,5.291793637633717573e+00,1.000000000000000000e+00,1.000000000000000000e+00,0.000000000000000000e+00,0.000000000000000000e+00
3.000000000000000000e+00,8.716935874959374358e-03,2.000000000000000000e+00,7.845242287463437270e-02,2.532832368271791586e-05,5.291793637633717573e+00,1.000000000000000000e+00,1.000000000000000000e+00,0.000000000000000000e+00,0.000000000000000000e+00
3.000000000000000000e+00,8.716935874959374358e-03,3.000000000000000000e+00,7.845242287463437270e-02,2.532832368271791586e-05,5.291793637633717573e+00,1.000000000000000000e+00,1.000000000000000000e+00,0.000000000000000000e+00,0.000000000000000000e+00
3.000000000000000000e+00,8.716935874959374358e-03,4.000000000000000000e+00,7.845242287463437270e-02,2.532832368271791586e-05,5.291793637633717573e+00,1.000000000000000000e+00,1.000000000000000000e+00,0.000000000000000000e+00,0.000000000000000000e+00
3.000000000000000000e+00,8.890832282805372425e-03,1.000000000000000000e+00,8.001749054524835703e-02,2.634896622699139758e-05,5.272040758059377552e+00,1.000000000000000000e+00,1.000000000000000000e+00,0.000000000000000000e+00,0.000000000000000000e+00
3.000000000000000000e+00,8.890832282805372425e-03,2.000000000000000000e+00,8.001749054524835703e-02,2.634896622699139758e-05,5.272040758059377552e+00,1.000000000000000000e+00,1.000000000000000000e+00,0.000000000000000000e+00,0.000000000000000000e+00
3.000000000000000000e+00,8.890832282805372425e-03,3.000000000000000000e+00,8.001749054524835703e-02,2.634896622699139758e-05,5.272040758059377552e+00,1.000000000000000000e+00,1.000000000000000000e+00,0.000000000000000000e+00,0.000000000000000000e+00
3.000000000000000000e+00,8.890832282805372425e-03,4.000000000000000000e+00,8.001749054524835703e-02,2.634896622699139758e-05,5.272040758059377552e+00,1.000000000000000000e+00,1.000000000000000000e+00,0.000000000000000000e+00,0.000000000000000000e+00
3.000000000000000000e+00,9.068197795058650923e-03,1.000000000000000000e+00,8.161378015552786525e-02,2.741073708343552649e-05,5.252287878485037531e+00,1.000000000000000000e+00,1.000000000000000000e+00,0.000000000000000000e+00,0.000000000000000000e+00
3.000000000000000000e+00,9.068197795058650923e-03,2.000000000000000000e+00,8.161378015552786525e-02,2.741073708343552649e-05,5.252287878485037531e+00,1.000000000000000000e+00,1.000000000000000000e+00,0.000000000000000000e+00,0.000000000000000000e+00
3.000000000000000000e+00,9.068197795058650923e-03,3.000000000000000000e+00,8.161378015552786525e-02,2.741073708343552649e-05,5.252287878485037531e+00,1.000000000000000000e+00,1.000000000000000000e+00,0.000000000000000000e+00,0.000000000000000000e+00
3.000000000000000000e+00,9.068197795058650923e-03,4.000000000000000000e+00,8.161378015552786525e-02,2.741073708343552649e-05,5.252287878485037531e+00,1.000000000000000000e+00,1.000000000000000000e+00,0.000000000000000000e+00,0.000000000000000000e+00
3.000000000000000000e+00,9.249101617780086659e-03,1.000000000000000000e+00,8.324191456002077993e-02,2.851529357867407365e-05,5.232534998910696622e+00,1.000000000000000000e+00,1.000000000000000000e+00,0.000000000000000000e+00,0.000000000000000000e+00
3.000000000000000000e+00,9.249101617780086659e-03,2.000000000000000000e+00,8.324191456002077993e-02,2.851529357867407365e-05,5.232534998910696622e+00,1.000000000000000000e+00,1.000000000000000000e+00,0.000000000000000000e+00,0.000000000000000000e+00
3.000000000000000000e+00,9.249101617780086659e-03,3.000000000000000000e+00,8.324191456002077993e-02,2.851529357867407365e-05,5.232534998910696622e+00,1.000000000000000000e+00,1.000000000000000000e+00,0.000000000000000000e+00,0.000000000000000000e+00
3.000000000000000000e+00,9.249101617780086659e-03,4.000000000000000000e+00,8.324191456002077993e-02,2.851529357867407365e-05,5.232534998910696622e+00,1.000000000000000000e+00,1.000000000000000000e+00,0.000000000000000000e+00,0.000000000000000000e+00
3.000000000000000000e+00,9.433614337640155306e-03,1.000000000000000000e+00,8.490252903876140123e-02,2.966435982377663239e-05,5.212782119336357489e+00,1.000000000000000000e+00,1.000000000000000000e+00,0.000000000000000000e+00,0.000000000000000000e+00
3.000000000000000000e+00,9.433614337640155306e-03,2.000000000000000000e+00,8.490252903876140123e-02,2.966435982377663239e-05,5.212782119336357489e+00,1.000000000000000000e+00,1.000000000000000000e+00,0.000000000000000000e+00,0.000000000000000000e+00
3.000000000000000000e+00,9.433614337640155306e-03,3.000000000000000000e+00,8.490252903876140123e-02,2.966435982377663239e-05,5.212782119336357489e+00,1.000000000000000000e+00,1.000000000000000000e+00,0.000000000000000000e+00,0.000000000000000000e+00
3.000000000000000000e+00,9.433614337640155306e-03,4.000000000000000000e+00,8.490252903876140123e-02,2.966435982377663239e-05,5.212782119336357489e+00,1.000000000000000000e+00,1.000000000000000000e+00,0.000000000000000000e+00,0.000000000000000000e+00
3.000000000000000000e+00,9.621807949461094397e-03,1.000000000000000000e+00,8.659627154514984437e-02,3.085972940543756977e-05,5.193029239762017468e+00,1.000000000000000000e+00,1.000000000000000000e+00,0.000000000000000000e+00,0.000000000000000000e+00
3.000000000000000000e+00,9.621807949461094397e-03,2.000000000000000000e+00,8.659627154514984437e-02,3.085972940543756977e-05,5.193029239762017468e+00,1.000000000000000000e+00,1.000000000000000000e+00,0.000000000000000000e+00,0.000000000000000000e+00
3.000000000000000000e+00,9.621807949461094397e-03,3.000000000000000000e+00,8.659627154514984437e-02,3.085972940543756977e-05,5.193029239762017468e+00,1.000000000000000000e+00,1.000000000000000000e+00,0.000000000000000000e+00,0.000000000000000000e+00
3.000000000000000000e+00,9.621807949461094397e-03,4.000000000000000000e+00,8.659627154514984437e-02,3.085972940543756977e-05,5.193029239762017468e+00,1.000000000000000000e+00,1.000000000000000000e+00,0.000000000000000000e+00,0.000000000000000000e+00
3.000000000000000000e+00,9.813755884308467126e-03,1.000000000000000000e+00,8.832380295877620413e-02,3.210326818559968478e-05,5.173276360187677447e+00,1.000000000000000000e+00,1.000000000000000000e+00,0.000000000000000000e+00,0.000000000000000000e+00
3.000000000000000000e+00,9.813755884308467126e-03,2.000000000000000000e+00,8.832380295877620413e-02,3.210326818559968478e-05,5.173276360187677447e+00,1.000000000000000000e+00,1.000000000000000000e+00,0.000000000000000000e+00,0.000000000000000000e+00
3.000000000000000000e+00,9.813755884308467126e-03,3.000000000000000000e+00,8.832380295877620413e-02,3.210326818559968478e-05,5.173276360187677447e+00,1.000000000000000000e+00,1.000000000000000000e+00,0.000000000000000000e+00,0.000000000000000000e+00
3.000000000000000000e+00,9.813755884308467126e-03,4.000000000000000000e+00,8.832380295877620413e-02,3.210326818559968478e-05,5.173276360187677447e+00,1.000000000000000000e+00,1.000000000000000000e+00,0.000000000000000000e+00,0.000000000000000000e+00
3.000000000000000000e+00,1.000953303814313550e-02,1.000000000000000000e+00,9.008579734328822641e-02,3.339691721389298197e-05,5.153523480613336538e+00,1.000000000000000000e+00,1.000000000000000000e+00,0.000000000000000000e+00,0.000000000000000000e+00
3.000000000000000000e+00,1.000953303814313550e-02,2.000000000000000000e+00,9.008579734328822641e-02,3.339691721389298197e-05,5.153523480613336538e+00,1.000000000000000000e+00,1.000000000000000000e+00,0.000000000000000000e+00,0.000000000000000000e+00
3.000000000000000000e+00,1.000953303814313550e-02,3.000000000000000000e+00,9.008579734328822641e-02,3.339691721389298197e-05,5.153523480613336538e+00,1.000000000000000000e+00,1.000000000000000000e+00,0.000000000000000000e+00,0.000000000000000000e+00
3.000000000000000000e+00,1.000953303814313550e-02,4.000000000000000000e+00,9.008579734328822641e-02,3.339691721389298197e-05,5.153523480613336538e+00,1.000000000000000000e+00,1.000000000000000000e+00,0.000000000000000000e+00,0.000000000000000000e+00
3.000000000000000000e+00,1.020921580104484569e-02,1.000000000000000000e+00,9.188294220940361468e-02,3.474269575743458297e-05,5.133770601038996517e+00,1.000000000000000000e+00,1.000000000000000000e+00,0.000000000000000000e+00,0.000000000000000000e+00
3.000000000000000000e+00,1.020921580104484569e-02,2.000000000000000000e+00,9.188294220940361468e-02,3.474269575743458297e-05,5.133770601038996517e+00,1.000000000000000000e+00,1.000000000000000000e+00,0.000000000000000000e+00,0.000000000000000000e+00
3.000000000000000000e+00,1.020921580104484569e-02,3.000000000000000000e+00,9.188294220940361468e-02,3.474269575743458297e-05,5.133770601038996517e+00,1.000000000000000000e+00,1.000000000000000000e+00,0.000000000000000000e+00,0.000000000000000000e+00
3.000000000000000000e+00,1.020921580104484569e-02,4.000000000000000000e+00,9.188294220940361468e-02,3.474269575743458297e-05,5.133770601038996517e+00,1.000000000000000000e+00,1.000000000000000000e+00,0.000000000000000000e+00,0.000000000000000000e+00
3.000000000000000000e+00,1.041288208701883315e-02,1.000000000000000000e+00,9.371593878316950010e-02,3.614270445271922842e-05,5.114017721464656496e+00,1.000000000000000000e+00,1.000000000000000000e+00,0.000000000000000000e+00,0.000000000000000000e+00
3.000000000000000000e+00,1.041288208701883315e-02,2.000000000000000000e+00,9.371593878316950010e-02,3.614270445271922842e-05,5.114017721464656496e+00,1.000000000000000000e+00,1.000000000000000000e+00,0.000000000000000000e+00,0.000000000000000000e+00
3.000000000000000000e+00,1.041288208701883315e-02,3.000000000000000000e+00,9.371593878316950010e-02,3.614270445271922842e-05,5.114017721464656496e+00,1.000000000000000000e+00,1.000000000000000000e+00,0.000000000000000000e+00,0.000000000000000000e+00
3.000000000000000000e+00,1.041288208701883315e-02,4.000000000000000000e+00,9.371593878316950010e-02,3.614270445271922842e-05,5.114017721464656496e+00,1.000000000000000000e+00,1.000000000000000000e+00,0.000000000000000000e+00,0.000000000000000000e+00
3.000000000000000000e+00,1.062061136439692785e-02,1.000000000000000000e+00,9.558550227957235412e-02,3.759912858451906016e-05,5.094264841890316475e+00,1.000000000000000000e+00,1.000000000000000000e+00,0.000000000000000000e+00,0.000000000000000000e+00
3.000000000000000000e+00,1.062061136439692785e-02,2.000000000000000000e+00,9.558550227957235412e-02,3.759912858451906016e-05,5.094264841890316475e+00,1.000000000000000000e+00,1.000000000000000000e+00,0.000000000000000000e+00,0.000000000000000000e+00
3.000000000000000000e+00,1.062061136439692785e-02,3.000000000000000000e+00,9.558550227957235412e-02,3.759912858451906016e-05,5.094264841890316475e+00,1.000000000000000000e+00,1.000000000000000000e+00,0.000000000000000000e+00,0.000000000000000000e+00
3.000000000000000000e+00,1.062061136439692785e-02,4.000000000000000000e+00,9.558550227957235412e-02,3.759912858451906016e-05,5.094264841890316475e+00,1.000000000000000000e+00,1.000000000000000000e+00,0.000000000000000000e+00,0.000000000000000000e+00
3.000000000000000000e+00,1.083248468684530445e-02,1.000000000000000000e+00,9.749236218160774181e-02,3.911424149691266911e-05,5.074511962315976454e+00,1.000000000000000000e+00,1.000000000000000000e+00,0.000000000000000000e+00,0.000000000000000000e+00
3.000000000000000000e+00,1.083248468684530445e-02,2.000000000000000000e+00,9.749236218160774181e-02,3.911424149691266911e-05,5.074511962315976454e+00,1.000000000000000000e+00,1.000000000000000000e+00,0.000000000000000000e+00,0.000000000000000000e+00
3.000000000000000000e+00,1.083248468684530445e-02,3.000000000000000000e+00,9.749236218160774181e-02,3.911424149691266911e-05,5.074511962315976454e+00,1.000000000000000000e+00,1.000000000000000000e+00,0.000000000000000000e+00,0.000000000000000000e+00
3.000000000000000000e+00,1.083248468684530445e-02,4.000000000000000000e+00,9.749236218160774181e-02,3.911424149691266911e-05,5.074511962315976454e+00,1.000000000000000000e+00,1.000000000000000000e+00,0.000000000000000000e+00,0.000000000000000000e+00
3.000000000000000000e+00,1.104858472499064062e-02,1.000000000000000000e+00,9.943726252491576212e-02,4.069040814176549996e-05,5.054759082741636433e+00,1.000000000000000000e+00,1.000000000000000000e+00,0.000000000000000000e+00,0.000000000000000000e+00
3.000000000000000000e+00,1.104858472499064062e-02,2.000000000000000000e+00,9.943726252491576212e-02,4.069040814176549996e-05,5.054759082741636433e+00,1.000000000000000000e+00,1.000000000000000000e+00,0.000000000000000000e+00,0.000000000000000000e+00
3.000000000000000000e+00,1.104858472499064062e-02,3.000000000000000000e+00,9.943726252491576212e-02,4.069040814176549996e-05,5.054759082741636433e+00,1.000000000000000000e+00,1.000000000000000000e+00,0.000000000000000000e+00,0.000000000000000000e+00
3.000000000000000000e+00,1.104858472499064062e-02,4.000000000000000000e+00,9.943726252491576212e-02,4.069040814176549996e-05,5.054759082741636433e+00,1.000000000000000000e+00,1.000000000000000000e+00,0.000000000000000000e+00,0.000000000000000000e+00
3.000000000000000000e+00,1.126899579867736596e-02,1.000000000000000000e+00,1.014209621880962919e-01,4.233008877020270552e-05,5.035006203167296412e+00,1.000000000000000000e+00,1.000000000000000000e+00,0.000000000000000000e+00,0.000000000000000000e+00
3.000000000000000000e+00,1.126899579867736596e-02,2.000000000000000000e+00,1.014209621880962919e-01,4.233008877020270552e-05,5.035006203167296412e+00,1.000000000000000000e+00,1.000000000000000000e+00,0.000000000000000000e+00,0.000000000000000000e+00
3.000000000000000000e+00,1.126899579867736596e-02,3.000000000000000000e+00,1.014209621880962919e-01,4.233008877020270552e-05,5.035006203167296412e+00,1.000000000000000000e+00,1.000000000000000000e+00,0.000000000000000000e+00,0.000000000000000000e+00
3.000000000000000000e+00,1.126899579867736596e-02,4.000000000000000000e+00,1.014209621880962919e-01,4.233008877020270552e-05,5.035006203167296412e+00,1.000000000000000000e+00,1.000000000000000000e+00,0.000000000000000000e+00,0.000000000000000000e+00
3.000000000000000000e+00,1.149380390986825054e-02,1.000000000000000000e+00,1.034442351888142514e-01,4.403584277283422750e-05,5.015253323592956392e+00,1.000000000000000000e+00,1.000000000000000000e+00,0.000000000000000000e+00,0.000000000000000000e+00
3.000000000000000000e+00,1.149380390986825054e-02,2.000000000000000000e+00,1.034442351888142514e-01,4.403584277283422750e-05,5.015253323592956392e+00,1.000000000000000000e+00,1.000000000000000000e+00,0.000000000000000000e+00,0.000000000000000000e+00
3.000000000000000000e+00,1.149380390986825054e-02,3.000000000000000000e+00,1.034442351888142514e-01,4.403584277283422750e-05,5.015253323592956392e+00,1.000000000000000000e+00,1.000000000000000000e+00,0.000000000000000000e+00,0.000000000000000000e+00
3.000000000000000000e+00,1.149380390986825054e-02,4.000000000000000000e+00,1.034442351888142514e-01,4.403584277283422750e-05,5.015253323592956392e+00,1.000000000000000000e+00,1.000000000000000000e+00,0.000000000000000000e+00,0.000000000000000000e+00
3.000000000000000000e+00,1.172309677620148385e-02,1.000000000000000000e+00,1.055078709858133512e-01,4.581033267472853443e-05,4.995500444018616371e+00,1.000000000000000000e+00,1.000000000000000000e+00,0.000000000000000000e+00,0.000000000000000000e+00
3.000000000000000000e+00,1.172309677620148385e-02,2.000000000000000000e+00,1.055078709858133512e-01,4.581033267472853443e-05,4.995500444018616371e+00,1.000000000000000000e+00,1.000000000000000000e+00,0.000000000000000000e+00,0.000000000000000000e+00
3.000000000000000000e+00,1.172309677620148385e-02,3.000000000000000000e+00,1.055078709858133512e-01,4.581033267472853443e-05,4.995500444018616371e+00,1.000000000000000000e+00,1.000000000000000000e+00,0.000000000000000000e+00,0.000000000000000000e+00
3.000000000000000000e+00,1.172309677620148385e-02,4.000000000000000000e+00,1.055078709858133512e-01,4.581033267472853443e-05,4.995500444018616371e+00,1.000000000000000000e+00,1.000000000000000000e+00,0.000000000000000000e+00,0.000000000000000000e+00
3.000000000000000000e+00,1.195696386521709342e-02,1.000000000000000000e+00,1.076126747869538408e-01,4.765632829136910476e-05,4.975747564444276350e+00,1.000000000000000000e+00,1.000000000000000000e+00,0.000000000000000000e+00,0.000000000000000000e+00
3.000000000000000000e+00,1.195696386521709342e-02,2.000000000000000000e+00,1.076126747869538408e-01,4.765632829136910476e-05,4.975747564444276350e+00,1.000000000000000000e+00,1.000000000000000000e+00,0.000000000000000000e+00,0.000000000000000000e+00
3.000000000000000000e+00,1.195696386521709342e-02,3.000000000000000000e+00,1.076126747869538408e-01,4.765632829136910476e-05,4.975747564444276350e+00,1.000000000000000000e+00,1.000000000000000000e+00,0.000000000000000000e+00,0.000000000000000000e+00
3.000000000000000000e+00,1.195696386521709342e-02,4.000000000000000000e+00,1.076126747869538408e-01,4.765632829136910476e-05,4.975747564444276350e+00,1.000000000000000000e+00,1.000000000000000000e+00,0.000000000000000000e+00,0.000000000000000000e+00
3.000000000000000000e+00,1.219549642926619909e-02,1.000000000000000000e+00,1.097594678633957987e-01,4.957671105208154121e-05,4.955994684869936329e+00,1.000000000000000000e+00,1.000000000000000000e+00,0.000000000000000000e+00,0.000000000000000000e+00
3.000000000000000000e+00,1.219549642926619909e-02,2.000000000000000000e+00,1.097594678633957987e-01,4.957671105208154121e-05,4.955994684869936329e+00,1.000000000000000000e+00,1.000000000000000000e+00,0.000000000000000000e+00,0.000000000000000000e+00
3.000000000000000000e+00,1.219549642926619909e-02,3.000000000000000000e+00,1.097594678633957987e-01,4.957671105208154121e-05,4.955994684869936329e+00,1.000000000000000000e+00,1.000000000000000000e+00,0.000000000000000000e+00,0.000000000000000000e+00
3.000000000000000000e+00,1.219549642926619909e-02,4.000000000000000000e+00,1.097594678633957987e-01,4.957671105208154121e-05,4.955994684869936329e+00,1.000000000000000000e+00,1.000000000000000000e+00,0.000000000000000000e+00,0.000000000000000000e+00
3.000000000000000000e+00,1.243878754111667033e-02,1.000000000000000000e+00,1.119490878700500347e-01,5.157447849767977021e-05,4.936241805295596308e+00,1.000000000000000000e+00,1.000000000000000000e+00,0.000000000000000000e+00,0.000000000000000000e+00
3.000000000000000000e+00,1.243878754111667033e-02,2.000000000000000000e+00,1.119490878700500347e-01,5.157447849767977021e-05,4.936241805295596308e+00,1.000000000000000000e+00,1.000000000000000000e+00,0.000000000000000000e+00,0.000000000000000000e+00
3.000000000000000000e+00,1.243878754111667033e-02,3.000000000000000000e+00,1.119490878700500347e-01,5.157447849767977021e-05,4.936241805295596308e+00,1.000000000000000000e+00,1.000000000000000000e+00,0.000000000000000000e+00,0.000000000000000000e+00
3.000000000000000000e+00,1.243878754111667033e-02,4.000000000000000000e+00,1.119490878700500347e-01,5.157447849767977021e-05,4.936241805295596308e+00,1.000000000000000000e+00,1.000000000000000000e+00,0.000000000000000000e+00,0.000000000000000000e+00
3.000000000000000000e+00,1.268693213026909211e-02,1.000000000000000000e+00,1.141823891724218221e-01,5.365274895935141352e-05,4.916488925721256287e+00,1.000000000000000000e+00,1.000000000000000000e+00,0.000000000000000000e+00,0.000000000000000000e+00
3.000000000000000000e+00,1.268693213026909211e-02,2.000000000000000000e+00,1.141823891724218221e-01,5.365274895935141352e-05,4.916488925721256287e+00,1.000000000000000000e+00,1.000000000000000000e+00,0.000000000000000000e+00,0.000000000000000000e+00
3.000000000000000000e+00,1.268693213026909211e-02,3.000000000000000000e+00,1.141823891724218221e-01,5.365274895935141352e-05,4.916488925721256287e+00,1.000000000000000000e+00,1.000000000000000000e+00,0.000000000000000000e+00,0.000000000000000000e+00
3.000000000000000000e+00,1.268693213026909211e-02,4.000000000000000000e+00,1.141823891724218221e-01,5.365274895935141352e-05,4.916488925721256287e+00,1.000000000000000000e+00,1.000000000000000000e+00,0.000000000000000000e+00,0.000000000000000000e+00
3.000000000000000000e+00,1.294002701999719812e-02,1.000000000000000000e+00,1.164602431799747762e-01,5.581476642608585657e-05,4.896736046146916266e+00,1.000000000000000000e+00,1.000000000000000000e+00,0.000000000000000000e+00,0.000000000000000000e+00
3.000000000000000000e+00,1.294002701999719812e-02,2.000000000000000000e+00,1.164602431799747762e-01,5.581476642608585657e-05,4.896736046146916266e+00,1.000000000000000000e+00,1.000000000000000000e+00,0.000000000000000000e+00,0.000000000000000000e+00
3.000000000000000000e+00,1.294002701999719812e-02,3.000000000000000000e+00,1.164602431799747762e-01,5.581476642608585657e-05,4.896736046146916266e+00,1.000000000000000000e+00,1.000000000000000000e+00,0.000000000000000000e+00,0.000000000000000000e+00
3.000000000000000000e+00,1.294002701999719812e-02,4.000000000000000000e+00,1.164602431799747762e-01,5.581476642608585657e-05,4.896736046146916266e+00,1.000000000000000000e+00,1.000000000000000000e+00,0.000000000000000000e+00,0.000000000000000000e+00
3.000000000000000000e+00,1.319817096512725281e-02,1.000000000000000000e+00,1.187835386861452736e-01,5.806390560824268242e-05,4.876983166572576245e+00,1.000000000000000000e+00,1.000000000000000000e+00,0.000000000000000000e+00,0.000000000000000000e+00
3.000000000000000000e+00,1.319817096512725281e-02,2.000000000000000000e+00,1.187835386861452736e-01,5.806390560824268242e-05,4.876983166572576245e+00,1.000000000000000000e+00,1.000000000000000000e+00,0.000000000000000000e+00,0.000000000000000000e+00
3.000000000000000000e+00,1.319817096512725281e-02,3.000000000000000000e+00,1.187835386861452736e-01,5.806390560824268242e-05,4.876983166572576245e+00,1.000000000000000000e+00,1.000000000000000000e+00,0.000000000000000000e+00,0.000000000000000000e+00
3.000000000000000000e+00,1.319817096512725281e-02,4.000000000000000000e+00,1.187835386861452736e-01,5.806390560824268242e-05,4.876983166572576245e+00,1.000000000000000000e+00,1.000000000000000000e+00,0.000000000000000000e+00,0.000000000000000000e+00
3.000000000000000000e+00,1.346146469057108927e-02,1.000000000000000000e+00,1.211531822151398069e-01,6.040367720516406783e-05,4.857230286998235336e+00,1.000000000000000000e+00,1.000000000000000000e+00,0.000000000000000000e+00,0.000000000000000000e+00
3.000000000000000000e+00,1.346146469057108927e-02,2.000000000000000000e+00,1.211531822151398069e-01,6.040367720516406783e-05,4.857230286998235336e+00,1.000000000000000000e+00,1.000000000000000000e+00,0.000000000000000000e+00,0.000000000000000000e+00
3.000000000000000000e+00,1.346146469057108927e-02,3.000000000000000000e+00,1.211531822151398069e-01,6.040367720516406783e-05,4.857230286998235336e+00,1.000000000000000000e+00,1.000000000000000000e+00,0.000000000000000000e+00,0.000000000000000000e+00
3.000000000000000000e+00,1.346146469057108927e-02,4.000000000000000000e+00,1.211531822151398069e-01,6.040367720516406783e-05,4.857230286998235336e+00,1.000000000000000000e+00,1.000000000000000000e+00,0.000000000000000000e+00,0.000000000000000000e+00
3.000000000000000000e+00,1.373001093062782910e-02,1.000000000000000000e+00,1.235700983756504584e-01,6.283773338505321577e-05,4.837477407423896203e+00,1.000000000000000000e+00,1.000000000000000000e+00,0.000000000000000000e+00,0.000000000000000000e+00
3.000000000000000000e+00,1.373001093062782910e-02,2.000000000000000000e+00,1.235700983756504584e-01,6.283773338505321577e-05,4.837477407423896203e+00,1.000000000000000000e+00,1.000000000000000000e+00,0.000000000000000000e+00,0.000000000000000000e+00
3.000000000000000000e+00,1.373001093062782910e-02,3.000000000000000000e+00,1.235700983756504584e-01,6.283773338505321577e-05,4.837477407423896203e+00,1.000000000000000000e+00,1.000000000000000000e+00,0.000000000000000000e+00,0.000000000000000000e+00
3.000000000000000000e+00,1.373001093062782910e-02,4.000000000000000000e+00,1.235700983756504584e-01,6.283773338505321577e-05,4.837477407423896203e+00,1.000000000000000000e+00,1.000000000000000000e+00,0.000000000000000000e+00,0.000000000000000000e+00
3.000000000000000000e+00,1.400391446906973716e-02,1.000000000000000000e+00,1.260352302216276310e-01,6.536987348567357937e-05,4.817724527849555294e+00,1.000000000000000000e+00,1.000000000000000000e+00,0.000000000000000000e+00,0.000000000000000000e+00
3.000000000000000000e+00,1.400391446906973716e-02,2.000000000000000000e+00,1.260352302216276310e-01,6.536987348567357937e-05,4.817724527849555294e+00,1.000000000000000000e+00,1.000000000000000000e+00,0.000000000000000000e+00,0.000000000000000000e+00
3.000000000000000000e+00,1.400391446906973716e-02,3.000000000000000000e+00,1.260352302216276310e-01,6.536987348567357937e-05,4.817724527849555294e+00,1.000000000000000000e+00,1.000000000000000000e+00,0.000000000000000000e+00,0.000000000000000000e+00
3.000000000000000000e+00,1.400391446906973716e-02,4.000000000000000000e+00,1.260352302216276310e-01,6.536987348567357937e-05,4.817724527849555294e+00,1.000000000000000000e+00,1.000000000000000000e+00,0.000000000000000000e+00,0.000000000000000000e+00
3.000000000000000000e+00,1.428328218002759310e-02,1.000000000000000000e+00,1.285495396202483431e-01,6.800404994476460022e-05,4.797971648275215273e+00,1.000000000000000000e+00,1.000000000000000000e+00,0.000000000000000000e+00,0.000000000000000000e+00
3.000000000000000000e+00,1.428328218002759310e-02,2.000000000000000000e+00,1.285495396202483431e-01,6.800404994476460022e-05,4.797971648275215273e+00,1.000000000000000000e+00,1.000000000000000000e+00,0.000000000000000000e+00,0.000000000000000000e+00
3.000000000000000000e+00,1.428328218002759310e-02,3.000000000000000000e+00,1.285495396202483431e-01,6.800404994476460022e-05,4.797971648275215273e+00,1.000000000000000000e+00,1.000000000000000000e+00,0.000000000000000000e+00,0.000000000000000000e+00
3.000000000000000000e+00,1.428328218002759310e-02,4.000000000000000000e+00,1.285495396202483431e-01,6.800404994476460022e-05,4.797971648275215273e+00,1.000000000000000000e+00,1.000000000000000000e+00,0.000000000000000000e+00,0.000000000000000000e+00
3.000000000000000000e+00,1.456822306969190323e-02,1.000000000000000000e+00,1.311140076272271360e-01,7.074437446943446380e-05,4.778218768700875252e+00,1.000000000000000000e+00,1.000000000000000000e+00,0.000000000000000000e+00,0.000000000000000000e+00
3.000000000000000000e+00,1.456822306969190323e-02,2.000000000000000000e+00,1.311140076272271360e-01,7.074437446943446380e-05,4.778218768700875252e+00,1.000000000000000000e+00,1.000000000000000000e+00,0.000000000000000000e+00,0.000000000000000000e+00
3.000000000000000000e+00,1.456822306969190323e-02,3.000000000000000000e+00,1.311140076272271360e-01,7.074437446943446380e-05,4.778218768700875252e+00,1.000000000000000000e+00,1.000000000000000000e+00,0.000000000000000000e+00,0.000000000000000000e+00
3.000000000000000000e+00,1.456822306969190323e-02,4.000000000000000000e+00,1.311140076272271360e-01,7.074437446943446380e-05,4.778218768700875252e+00,1.000000000000000000e+00,1.000000000000000000e+00,0.000000000000000000e+00,0.000000000000000000e+00
3.000000000000000000e+00,1.485884831884579961e-02,1.000000000000000000e+00,1.337296348696122017e-01,7.359512445415554774e-05,4.758465889126535231e+00,1.000000000000000000e+00,1.000000000000000000e+00,0.000000000000000000e+00,0.000000000000000000e+00
3.000000000000000000e+00,1.485884831884579961e-02,2.000000000000000000e+00,1.337296348696122017e-01,7.359512445415554774e-05,4.758465889126535231e+00,1.000000000000000000e+00,1.000000000000000000e+00,0.000000000000000000e+00,0.000000000000000000e+00
3.000000000000000000e+00,1.485884831884579961e-02,3.000000000000000000e+00,1.337296348696122017e-01,7.359512445415554774e-05,4.758465889126535231e+00,1.000000000000000000e+00,1.000000000000000000e+00,0.000000000000000000e+00,0.000000000000000000e+00
3.000000000000000000e+00,1.485884831884579961e-02,4.000000000000000000e+00,1.337296348696122017e-01,7.359512445415554774e-05,4.758465889126535231e+00,1.000000000000000000e+00,1.000000000000000000e+00,0.000000000000000000e+00,0.000000000000000000e+00
3.000000000000000000e+00,1.515527132624666651e-02,1.000000000000000000e+00,1.363974419362199986e-01,7.656074965738480576e-05,4.738713009552195210e+00,1.000000000000000000e+00,1.000000000000000000e+00,0.000000000000000000e+00,0.000000000000000000e+00
3.000000000000000000e+00,1.515527132624666651e-02,2.000000000000000000e+00,1.363974419362199986e-01,7.656074965738480576e-05,4.738713009552195210e+00,1.000000000000000000e+00,1.000000000000000000e+00,0.000000000000000000e+00,0.000000000000000000e+00
3.000000000000000000e+00,1.515527132624666651e-02,3.000000000000000000e+00,1.363974419362199986e-01,7.656074965738480576e-05,4.738713009552195210e+00,1.000000000000000000e+00,1.000000000000000000e+00,0.000000000000000000e+00,0.000000000000000000e+00
3.000000000000000000e+00,1.515527132624666651e-02,4.000000000000000000e+00,1.363974419362199986e-01,7.656074965738480576e-05,4.738713009552195210e+00,1.000000000000000000e+00,1.000000000000000000e+00,0.000000000000000000e+00,0.000000000000000000e+00
3.000000000000000000e+00,1.545760775287296530e-02,1.000000000000000000e+00,1.391184697758566791e-01,7.964587914722612890e-05,4.718960129977855189e+00,1.000000000000000000e+00,1.000000000000000000e+00,0.000000000000000000e+00,0.000000000000000000e+00
3.000000000000000000e+00,1.545760775287296530e-02,2.000000000000000000e+00,1.391184697758566791e-01,7.964587914722612890e-05,4.718960129977855189e+00,1.000000000000000000e+00,1.000000000000000000e+00,0.000000000000000000e+00,0.000000000000000000e+00
3.000000000000000000e+00,1.545760775287296530e-02,3.000000000000000000e+00,1.391184697758566791e-01,7.964587914722612890e-05,4.718960129977855189e+00,1.000000000000000000e+00,1.000000000000000000e+00,0.000000000000000000e+00,0.000000000000000000e+00
3.000000000000000000e+00,1.545760775287296530e-02,4.000000000000000000e+00,1.391184697758566791e-01,7.964587914722612890e-05,4.718960129977855189e+00,1.000000000000000000e+00,1.000000000000000000e+00,0.000000000000000000e+00,0.000000000000000000e+00
3.000000000000000000e+00,1.576597556705395739e-02,1.000000000000000000e+00,1.418937801034856061e-01,8.285532852698078508e-05,4.699207250403515168e+00,1.000000000000000000e+00,1.000000000000000000e+00,0.000000000000000000e+00,0.000000000000000000e+00
3.000000000000000000e+00,1.576597556705395739e-02,2.000000000000000000e+00,1.418937801034856061e-01,8.285532852698078508e-05,4.699207250403515168e+00,1.000000000000000000e+00,1.000000000000000000e+00,0.000000000000000000e+00,0.000000000000000000e+00
3.000000000000000000e+00,1.576597556705395739e-02,3.000000000000000000e+00,1.418937801034856061e-01,8.285532852698078508e-05,4.699207250403515168e+00,1.000000000000000000e+00,1.000000000000000000e+00,0.000000000000000000e+00,0.000000000000000000e+00
3.000000000000000000e+00,1.576597556705395739e-02,4.000000000000000000e+00,1.418937801034856061e-01,8.285532852698078508e-05,4.699207250403515168e+00,1.000000000000000000e+00,1.000000000000000000e+00,0.000000000000000000e+00,0.000000000000000000e+00
3.000000000000000000e+00,1.608049509049960801e-02,1.000000000000000000e+00,1.447244558144964721e-01,8.619410745186066375e-05,4.679454370829175147e+00,1.000000000000000000e+00,1.000000000000000000e+00,0.000000000000000000e+00,0.000000000000000000e+00
3.000000000000000000e+00,1.608049509049960801e-02,2.000000000000000000e+00,1.447244558144964721e-01,8.619410745186066375e-05,4.679454370829175147e+00,1.000000000000000000e+00,1.000000000000000000e+00,0.000000000000000000e+00,0.000000000000000000e+00
3.000000000000000000e+00,1.608049509049960801e-02,3.000000000000000000e+00,1.447244558144964721e-01,8.619410745186066375e-05,4.679454370829175147e+00,1.000000000000000000e+00,1.000000000000000000e+00,0.000000000000000000e+00,0.000000000000000000e+00
3.000000000000000000e+00,1.608049509049960801e-02,4.000000000000000000e+00,1.447244558144964721e-01,8.619410745186066375e-05,4.679454370829175147e+00,1.000000000000000000e+00,1.000000000000000000e+00,0.000000000000000000e+00,0.000000000000000000e+00
3.000000000000000000e+00,1.640128904524877987e-02,1.000000000000000000e+00,1.476116014072390292e-01,8.966742744859921503e-05,4.659701491254835126e+00,1.000000000000000000e+00,1.000000000000000000e+00,0.000000000000000000e+00,0.000000000000000000e+00
3.000000000000000000e+00,1.640128904524877987e-02,2.000000000000000000e+00,1.476116014072390292e-01,8.966742744859921503e-05,4.659701491254835126e+00,1.000000000000000000e+00,1.000000000000000000e+00,0.000000000000000000e+00,0.000000000000000000e+00
3.000000000000000000e+00,1.640128904524877987e-02,3.000000000000000000e+00,1.476116014072390292e-01,8.966742744859921503e-05,4.659701491254835126e+00,1.000000000000000000e+00,1.000000000000000000e+00,0.000000000000000000e+00,0.000000000000000000e+00
3.000000000000000000e+00,1.640128904524877987e-02,4.000000000000000000e+00,1.476116014072390292e-01,8.966742744859921503e-05,4.659701491254835126e+00,1.000000000000000000e+00,1.000000000000000000e+00,0.000000000000000000e+00,0.000000000000000000e+00
3.000000000000000000e+00,1.672848260155402819e-02,1.000000000000000000e+00,1.505563434139862433e-01,9.328071005016527241e-05,4.639948611680495105e+00,1.000000000000000000e+00,1.000000000000000000e+00,0.000000000000000000e+00,0.000000000000000000e+00
3.000000000000000000e+00,1.672848260155402819e-02,2.000000000000000000e+00,1.505563434139862433e-01,9.328071005016527241e-05,4.639948611680495105e+00,1.000000000000000000e+00,1.000000000000000000e+00,0.000000000000000000e+00,0.000000000000000000e+00
3.000000000000000000e+00,1.672848260155402819e-02,3.000000000000000000e+00,1.505563434139862433e-01,9.328071005016527241e-05,4.639948611680495105e+00,1.000000000000000000e+00,1.000000000000000000e+00,0.000000000000000000e+00,0.000000000000000000e+00
3.000000000000000000e+00,1.672848260155402819e-02,4.000000000000000000e+00,1.505563434139862433e-01,9.328071005016527241e-05,4.639948611680495105e+00,1.000000000000000000e+00,1.000000000000000000e+00,0.000000000000000000e+00,0.000000000000000000e+00
3.000000000000000000e+00,1.706220342672163867e-02,1.000000000000000000e+00,1.535598308404947376e-01,9.703959525827721654e-05,4.620195732106155084e+00,1.000000000000000000e+00,1.000000000000000000e+00,0.000000000000000000e+00,0.000000000000000000e+00
3.000000000000000000e+00,1.706220342672163867e-02,2.000000000000000000e+00,1.535598308404947376e-01,9.703959525827721654e-05,4.620195732106155084e+00,1.000000000000000000e+00,1.000000000000000000e+00,0.000000000000000000e+00,0.000000000000000000e+00
3.000000000000000000e+00,1.706220342672163867e-02,3.000000000000000000e+00,1.535598308404947376e-01,9.703959525827721654e-05,4.620195732106155084e+00,1.000000000000000000e+00,1.000000000000000000e+00,0.000000000000000000e+00,0.000000000000000000e+00
3.000000000000000000e+00,1.706220342672163867e-02,4.000000000000000000e+00,1.535598308404947376e-01,9.703959525827721654e-05,4.620195732106155084e+00,1.000000000000000000e+00,1.000000000000000000e+00,0.000000000000000000e+00,0.000000000000000000e+00
3.000000000000000000e+00,1.740258173492601271e-02,1.000000000000000000e+00,1.566232356143341109e-01,1.009499503469268302e-04,4.600442852531814175e+00,1.000000000000000000e+00,1.000000000000000000e+00,0.000000000000000000e+00,0.000000000000000000e+00
3.000000000000000000e+00,1.740258173492601271e-02,2.000000000000000000e+00,1.566232356143341109e-01,1.009499503469268302e-04,4.600442852531814175e+00,1.000000000000000000e+00,1.000000000000000000e+00,0.000000000000000000e+00,0.000000000000000000e+00
3.000000000000000000e+00,1.740258173492601271e-02,3.000000000000000000e+00,1.566232356143341109e-01,1.009499503469268302e-04,4.600442852531814175e+00,1.000000000000000000e+00,1.000000000000000000e+00,0.000000000000000000e+00,0.000000000000000000e+00
3.000000000000000000e+00,1.740258173492601271e-02,4.000000000000000000e+00,1.566232356143341109e-01,1.009499503469268302e-04,4.600442852531814175e+00,1.000000000000000000e+00,1.000000000000000000e+00,0.000000000000000000e+00,0.000000000000000000e+00
3.000000000000000000e+00,1.774975033801776472e-02,1.000000000000000000e+00,1.597477530421598790e-01,1.050178790206539146e-04,4.580689972957474154e+00,1.000000000000000000e+00,1.000000000000000000e+00,0.000000000000000000e+00,0.000000000000000000e+00
3.000000000000000000e+00,1.774975033801776472e-02,2.000000000000000000e+00,1.597477530421598790e-01,1.050178790206539146e-04,4.580689972957474154e+00,1.000000000000000000e+00,1.000000000000000000e+00,0.000000000000000000e+00,0.000000000000000000e+00
3.000000000000000000e+00,1.774975033801776472e-02,3.000000000000000000e+00,1.597477530421598790e-01,1.050178790206539146e-04,4.580689972957474154e+00,1.000000000000000000e+00,1.000000000000000000e+00,0.000000000000000000e+00,0.000000000000000000e+00
3.000000000000000000e+00,1.774975033801776472e-02,4.000000000000000000e+00,1.597477530421598790e-01,1.050178790206539146e-04,4.580689972957474154e+00,1.000000000000000000e+00,1.000000000000000000e+00,0.000000000000000000e+00,0.000000000000000000e+00
3.000000000000000000e+00,1.810384469734550167e-02,1.000000000000000000e+00,1.629346022761095081e-01,1.092497309418682814e-04,4.560937093383134133e+00,1.000000000000000000e+00,1.000000000000000000e+00,0.000000000000000000e+00,0.000000000000000000e+00
3.000000000000000000e+00,1.810384469734550167e-02,2.000000000000000000e+00,1.629346022761095081e-01,1.092497309418682814e-04,4.560937093383134133e+00,1.000000000000000000e+00,1.000000000000000000e+00,0.000000000000000000e+00,0.000000000000000000e+00
3.000000000000000000e+00,1.810384469734550167e-02,3.000000000000000000e+00,1.629346022761095081e-01,1.092497309418682814e-04,4.560937093383134133e+00,1.000000000000000000e+00,1.000000000000000000e+00,0.000000000000000000e+00,0.000000000000000000e+00
3.000000000000000000e+00,1.810384469734550167e-02,4.000000000000000000e+00,1.629346022761095081e-01,1.092497309418682814e-04,4.560937093383134133e+00,1.000000000000000000e+00,1.000000000000000000e+00,0.000000000000000000e+00,0.000000000000000000e+00
3.000000000000000000e+00,1.846500297661124793e-02,1.000000000000000000e+00,1.661850267895012279e-01,1.136521116420874091e-04,4.541184213808795000e+00,1.000000000000000000e+00,1.000000000000000000e+00,0.000000000000000000e+00,0.000000000000000000e+00
3.000000000000000000e+00,1.846500297661124793e-02,2.000000000000000000e+00,1.661850267895012279e-01,1.136521116420874091e-04,4.541184213808795000e+00,1.000000000000000000e+00,1.000000000000000000e+00,0.000000000000000000e+00,0.000000000000000000e+00
3.000000000000000000e+00,1.846500297661124793e-02,3.000000000000000000e+00,1.661850267895012279e-01,1.136521116420874091e-04,4.541184213808795000e+00,1.000000000000000000e+00,1.000000000000000000e+00,0.000000000000000000e+00,0.000000000000000000e+00
3.000000000000000000e+00,1.846500297661124793e-02,4.000000000000000000e+00,1.661850267895012279e-01,1.136521116420874091e-04,4.541184213808795000e+00,1.000000000000000000e+00,1.000000000000000000e+00,0.000000000000000000e+00,0.000000000000000000e+00
3.000000000000000000e+00,1.883336609578051615e-02,1.000000000000000000e+00,1.695002948620246419e-01,1.182318928325650013e-04,4.521431334234454091e+00,1.000000000000000000e+00,1.000000000000000000e+00,0.000000000000000000e+00,0.000000000000000000e+00
3.000000000000000000e+00,1.883336609578051615e-02,2.000000000000000000e+00,1.695002948620246419e-01,1.182318928325650013e-04,4.521431334234454091e+00,1.000000000000000000e+00,1.000000000000000000e+00,0.000000000000000000e+00,0.000000000000000000e+00
3.000000000000000000e+00,1.883336609578051615e-02,3.000000000000000000e+00,1.695002948620246419e-01,1.182318928325650013e-04,4.521431334234454091e+00,1.000000000000000000e+00,1.000000000000000000e+00,0.000000000000000000e+00,0.000000000000000000e+00
3.000000000000000000e+00,1.883336609578051615e-02,4.000000000000000000e+00,1.695002948620246419e-01,1.182318928325650013e-04,4.521431334234454091e+00,1.000000000000000000e+00,1.000000000000000000e+00,0.000000000000000000e+00,0.000000000000000000e+00
3.000000000000000000e+00,1.920907778606756669e-02,1.000000000000000000e+00,1.728817000746080967e-01,1.229962231303981365e-04,4.501678454660114959e+00,1.000000000000000000e+00,1.000000000000000000e+00,0.000000000000000000e+00,0.000000000000000000e+00
3.000000000000000000e+00,1.920907778606756669e-02,2.000000000000000000e+00,1.728817000746080967e-01,1.229962231303981365e-04,4.501678454660114959e+00,1.000000000000000000e+00,1.000000000000000000e+00,0.000000000000000000e+00,0.000000000000000000e+00
3.000000000000000000e+00,1.920907778606756669e-02,3.000000000000000000e+00,1.728817000746080967e-01,1.229962231303981365e-04,4.501678454660114959e+00,1.000000000000000000e+00,1.000000000000000000e+00,0.000000000000000000e+00,0.000000000000000000e+00
3.000000000000000000e+00,1.920907778606756669e-02,4.000000000000000000e+00,1.728817000746080967e-01,1.229962231303981365e-04,4.501678454660114959e+00,1.000000000000000000e+00,1.000000000000000000e+00,0.000000000000000000e+00,0.000000000000000000e+00
3.000000000000000000e+00,1.959228464601790731e-02,1.000000000000000000e+00,1.763305618141611797e-01,1.279525392168629979e-04,4.481925575085774049e+00,1.000000000000000000e+00,1.000000000000000000e+00,0.000000000000000000e+00,0.000000000000000000e+00
3.000000000000000000e+00,1.959228464601790731e-02,2.000000000000000000e+00,1.763305618141611797e-01,1.279525392168629979e-04,4.481925575085774049e+00,1.000000000000000000e+00,1.000000000000000000e+00,0.000000000000000000e+00,0.000000000000000000e+00
3.000000000000000000e+00,1.959228464601790731e-02,3.000000000000000000e+00,1.763305618141611797e-01,1.279525392168629979e-04,4.481925575085774049e+00,1.000000000000000000e+00,1.000000000000000000e+00,0.000000000000000000e+00,0.000000000000000000e+00
3.000000000000000000e+00,1.959228464601790731e-02,4.000000000000000000e+00,1.763305618141611797e-01,1.279525392168629979e-04,4.481925575085774049e+00,1.000000000000000000e+00,1.000000000000000000e+00,0.000000000000000000e+00,0.000000000000000000e+00
3.000000000000000000e+00,1.998313619870926983e-02,1.000000000000000000e+00,1.798482257883834423e-01,1.331085774453882452e-04,4.462172695511434029e+00,1.000000000000000000e+00,1.000000000000000000e+00,0.000000000000000000e+00,0.000000000000000000e+00
3.000000000000000000e+00,1.998313619870926983e-02,2.000000000000000000e+00,1.798482257883834423e-01,1.331085774453882452e-04,4.462172695511434029e+00,1.000000000000000000e+00,1.000000000000000000e+00,0.000000000000000000e+00,0.000000000000000000e+00
3.000000000000000000e+00,1.998313619870926983e-02,3.000000000000000000e+00,1.798482257883834423e-01,1.331085774453882452e-04,4.462172695511434029e+00,1.000000000000000000e+00,1.000000000000000000e+00,0.000000000000000000e+00,0.000000000000000000e+00
3.000000000000000000e+00,1.998313619870926983e-02,4.000000000000000000e+00,1.798482257883834423e-01,1.331085774453882452e-04,4.462172695511434029e+00,1.000000000000000000e+00,1.000000000000000000e+00,0.000000000000000000e+00,0.000000000000000000e+00
3.000000000000000000e+00,2.038178495009395491e-02,1.000000000000000000e+00,1.834360645508456011e-01,1.384723859172921532e-04,4.442419815937094008e+00,1.000000000000000000e+00,1.000000000000000000e+00,0.000000000000000000e+00,0.000000000000000000e+00
3.000000000000000000e+00,2.038178495009395491e-02,2.000000000000000000e+00,1.834360645508456011e-01,1.384723859172921532e-04,4.442419815937094008e+00,1.000000000000000000e+00,1.000000000000000000e+00,0.000000000000000000e+00,0.000000000000000000e+00
3.000000000000000000e+00,2.038178495009395491e-02,3.000000000000000000e+00,1.834360645508456011e-01,1.384723859172921532e-04,4.442419815937094008e+00,1.000000000000000000e+00,1.000000000000000000e+00,0.000000000000000000e+00,0.000000000000000000e+00
3.000000000000000000e+00,2.038178495009395491e-02,4.000000000000000000e+00,1.834360645508456011e-01,1.384723859172921532e-04,4.442419815937094008e+00,1.000000000000000000e+00,1.000000000000000000e+00,0.000000000000000000e+00,0.000000000000000000e+00
3.000000000000000000e+00,2.078838644850495090e-02,1.000000000000000000e+00,1.870954780365445547e-01,1.440523370441281034e-04,4.422666936362753987e+00,1.000000000000000000e+00,1.000000000000000000e+00,0.000000000000000000e+00,0.000000000000000000e+00
3.000000000000000000e+00,2.078838644850495090e-02,2.000000000000000000e+00,1.870954780365445547e-01,1.440523370441281034e-04,4.422666936362753987e+00,1.000000000000000000e+00,1.000000000000000000e+00,0.000000000000000000e+00,0.000000000000000000e+00
3.000000000000000000e+00,2.078838644850495090e-02,3.000000000000000000e+00,1.870954780365445547e-01,1.440523370441281034e-04,4.422666936362753987e+00,1.000000000000000000e+00,1.000000000000000000e+00,0.000000000000000000e+00,0.000000000000000000e+00
3.000000000000000000e+00,2.078838644850495090e-02,4.000000000000000000e+00,1.870954780365445547e-01,1.440523370441281034e-04,4.422666936362753987e+00,1.000000000000000000e+00,1.000000000000000000e+00,0.000000000000000000e+00,0.000000000000000000e+00
3.000000000000000000e+00,2.120309934534914814e-02,1.000000000000000000e+00,1.908278941081423263e-01,1.498571406162484750e-04,4.402914056788413966e+00,1.000000000000000000e+00,1.000000000000000000e+00,0.000000000000000000e+00,0.000000000000000000e+00
3.000000000000000000e+00,2.120309934534914814e-02,2.000000000000000000e+00,1.908278941081423263e-01,1.498571406162484750e-04,4.402914056788413966e+00,1.000000000000000000e+00,1.000000000000000000e+00,0.000000000000000000e+00,0.000000000000000000e+00
3.000000000000000000e+00,2.120309934534914814e-02,3.000000000000000000e+00,1.908278941081423263e-01,1.498571406162484750e-04,4.402914056788413966e+00,1.000000000000000000e+00,1.000000000000000000e+00,0.000000000000000000e+00,0.000000000000000000e+00
3.000000000000000000e+00,2.120309934534914814e-02,4.000000000000000000e+00,1.908278941081423263e-01,1.498571406162484750e-04,4.402914056788413966e+00,1.000000000000000000e+00,1.000000000000000000e+00,0.000000000000000000e+00,0.000000000000000000e+00
3.000000000000000000e+00,2.162608545701138682e-02,1.000000000000000000e+00,1.946347691131024848e-01,1.558958573979864822e-04,4.383161177214073945e+00,1.000000000000000000e+00,1.000000000000000000e+00,0.000000000000000000e+00,0.000000000000000000e+00
3.000000000000000000e+00,2.162608545701138682e-02,2.000000000000000000e+00,1.946347691131024848e-01,1.558958573979864822e-04,4.383161177214073945e+00,1.000000000000000000e+00,1.000000000000000000e+00,0.000000000000000000e+00,0.000000000000000000e+00
3.000000000000000000e+00,2.162608545701138682e-02,3.000000000000000000e+00,1.946347691131024848e-01,1.558958573979864822e-04,4.383161177214073945e+00,1.000000000000000000e+00,1.000000000000000000e+00,0.000000000000000000e+00,0.000000000000000000e+00
3.000000000000000000e+00,2.162608545701138682e-02,4.000000000000000000e+00,1.946347691131024848e-01,1.558958573979864822e-04,4.383161177214073945e+00,1.000000000000000000e+00,1.000000000000000000e+00,0.000000000000000000e+00,0.000000000000000000e+00
3.000000000000000000e+00,2.205750982799340593e-02,1.000000000000000000e+00,1.985175884519406464e-01,1.621779132706752330e-04,4.363408297639733924e+00,1.000000000000000000e+00,1.000000000000000000e+00,0.000000000000000000e+00,0.000000000000000000e+00
3.000000000000000000e+00,2.205750982799340593e-02,2.000000000000000000e+00,1.985175884519406464e-01,1.621779132706752330e-04,4.363408297639733924e+00,1.000000000000000000e+00,1.000000000000000000e+00,0.000000000000000000e+00,0.000000000000000000e+00
3.000000000000000000e+00,2.205750982799340593e-02,3.000000000000000000e+00,1.985175884519406464e-01,1.621779132706752330e-04,4.363408297639733924e+00,1.000000000000000000e+00,1.000000000000000000e+00,0.000000000000000000e+00,0.000000000000000000e+00
3.000000000000000000e+00,2.205750982799340593e-02,4.000000000000000000e+00,1.985175884519406464e-01,1.621779132706752330e-04,4.363408297639733924e+00,1.000000000000000000e+00,1.000000000000000000e+00,0.000000000000000000e+00,0.000000000000000000e+00
3.000000000000000000e+00,2.249754079531238876e-02,1.000000000000000000e+00,2.024778671578114919e-01,1.687131139455817254e-04,4.343655418065393903e+00,1.000000000000000000e+00,1.000000000000000000e+00,0.000000000000000000e+00,0.000000000000000000e+00
3.000000000000000000e+00,2.249754079531238876e-02,2.000000000000000000e+00,2.024778671578114919e-01,1.687131139455817254e-04,4.343655418065393903e+00,1.000000000000000000e+00,1.000000000000000000e+00,0.000000000000000000e+00,0.000000000000000000e+00
3.000000000000000000e+00,2.249754079531238876e-02,3.000000000000000000e+00,2.024778671578114919e-01,1.687131139455817254e-04,4.343655418065393903e+00,1.000000000000000000e+00,1.000000000000000000e+00,0.000000000000000000e+00,0.000000000000000000e+00
3.000000000000000000e+00,2.249754079531238876e-02,4.000000000000000000e+00,2.024778671578114919e-01,1.687131139455817254e-04,4.343655418065393903e+00,1.000000000000000000e+00,1.000000000000000000e+00,0.000000000000000000e+00,0.000000000000000000e+00
3.000000000000000000e+00,2.294635005418420998e-02,1.000000000000000000e+00,2.065171504876578967e-01,1.755116602697199147e-04,4.323902538491053882e+00,1.000000000000000000e+00,1.000000000000000000e+00,0.000000000000000000e+00,0.000000000000000000e+00
3.000000000000000000e+00,2.294635005418420998e-02,2.000000000000000000e+00,2.065171504876578967e-01,1.755116602697199147e-04,4.323902538491053882e+00,1.000000000000000000e+00,1.000000000000000000e+00,0.000000000000000000e+00,0.000000000000000000e+00
3.000000000000000000e+00,2.294635005418420998e-02,3.000000000000000000e+00,2.065171504876578967e-01,1.755116602697199147e-04,4.323902538491053882e+00,1.000000000000000000e+00,1.000000000000000000e+00,0.000000000000000000e+00,0.000000000000000000e+00
3.000000000000000000e+00,2.294635005418420998e-02,4.000000000000000000e+00,2.065171504876578967e-01,1.755116602697199147e-04,4.323902538491053882e+00,1.000000000000000000e+00,1.000000000000000000e+00,0.000000000000000000e+00,0.000000000000000000e+00
3.000000000000000000e+00,2.340411272501700946e-02,1.000000000000000000e+00,2.106370145251530990e-01,1.825841641484343865e-04,4.304149658916712973e+00,1.000000000000000000e+00,1.000000000000000000e+00,0.000000000000000000e+00,0.000000000000000000e+00
3.000000000000000000e+00,2.340411272501700946e-02,2.000000000000000000e+00,2.106370145251530990e-01,1.825841641484343865e-04,4.304149658916712973e+00,1.000000000000000000e+00,1.000000000000000000e+00,0.000000000000000000e+00,0.000000000000000000e+00
3.000000000000000000e+00,2.340411272501700946e-02,3.000000000000000000e+00,2.106370145251530990e-01,1.825841641484343865e-04,4.304149658916712973e+00,1.000000000000000000e+00,1.000000000000000000e+00,0.000000000000000000e+00,0.000000000000000000e+00
3.000000000000000000e+00,2.340411272501700946e-02,4.000000000000000000e+00,2.106370145251530990e-01,1.825841641484343865e-04,4.304149658916712973e+00,1.000000000000000000e+00,1.000000000000000000e+00,0.000000000000000000e+00,0.000000000000000000e+00
3.000000000000000000e+00,2.387100742174118675e-02,1.000000000000000000e+00,2.148390667956706912e-01,1.899416651096076105e-04,4.284396779342373840e+00,1.000000000000000000e+00,1.000000000000000000e+00,0.000000000000000000e+00,0.000000000000000000e+00
3.000000000000000000e+00,2.387100742174118675e-02,2.000000000000000000e+00,2.148390667956706912e-01,1.899416651096076105e-04,4.284396779342373840e+00,1.000000000000000000e+00,1.000000000000000000e+00,0.000000000000000000e+00,0.000000000000000000e+00
3.000000000000000000e+00,2.387100742174118675e-02,3.000000000000000000e+00,2.148390667956706912e-01,1.899416651096076105e-04,4.284396779342373840e+00,1.000000000000000000e+00,1.000000000000000000e+00,0.000000000000000000e+00,0.000000000000000000e+00
3.000000000000000000e+00,2.387100742174118675e-02,4.000000000000000000e+00,2.148390667956706912e-01,1.899416651096076105e-04,4.284396779342373840e+00,1.000000000000000000e+00,1.000000000000000000e+00,0.000000000000000000e+00,0.000000000000000000e+00
3.000000000000000000e+00,2.434721632150271126e-02,1.000000000000000000e+00,2.191249468935244082e-01,1.975956475353493234e-04,4.264643899768032931e+00,1.000000000000000000e+00,1.000000000000000000e+00,0.000000000000000000e+00,0.000000000000000000e+00
3.000000000000000000e+00,2.434721632150271126e-02,2.000000000000000000e+00,2.191249468935244082e-01,1.975956475353493234e-04,4.264643899768032931e+00,1.000000000000000000e+00,1.000000000000000000e+00,0.000000000000000000e+00,0.000000000000000000e+00
3.000000000000000000e+00,2.434721632150271126e-02,3.000000000000000000e+00,2.191249468935244082e-01,1.975956475353493234e-04,4.264643899768032931e+00,1.000000000000000000e+00,1.000000000000000000e+00,0.000000000000000000e+00,0.000000000000000000e+00
3.000000000000000000e+00,2.434721632150271126e-02,4.000000000000000000e+00,2.191249468935244082e-01,1.975956475353493234e-04,4.264643899768032931e+00,1.000000000000000000e+00,1.000000000000000000e+00,0.000000000000000000e+00,0.000000000000000000e+00
3.000000000000000000e+00,2.483292523574644195e-02,1.000000000000000000e+00,2.234963271217179637e-01,2.055580585880575006e-04,4.244891020193692910e+00,1.000000000000000000e+00,1.000000000000000000e+00,0.000000000000000000e+00,0.000000000000000000e+00
3.000000000000000000e+00,2.483292523574644195e-02,2.000000000000000000e+00,2.234963271217179637e-01,2.055580585880575006e-04,4.244891020193692910e+00,1.000000000000000000e+00,1.000000000000000000e+00,0.000000000000000000e+00,0.000000000000000000e+00
3.000000000000000000e+00,2.483292523574644195e-02,3.000000000000000000e+00,2.234963271217179637e-01,2.055580585880575006e-04,4.244891020193692910e+00,1.000000000000000000e+00,1.000000000000000000e+00,0.000000000000000000e+00,0.000000000000000000e+00
3.000000000000000000e+00,2.483292523574644195e-02,4.000000000000000000e+00,2.234963271217179637e-01,2.055580585880575006e-04,4.244891020193692910e+00,1.000000000000000000e+00,1.000000000000000000e+00,0.000000000000000000e+00,0.000000000000000000e+00
3.000000000000000000e+00,2.532832368271790979e-02,1.000000000000000000e+00,2.279549131444612020e-01,2.138413268588429579e-04,4.225138140619352889e+00,1.000000000000000000e+00,1.000000000000000000e+00,0.000000000000000000e+00,0.000000000000000000e+00
3.000000000000000000e+00,2.532832368271790979e-02,2.000000000000000000e+00,2.279549131444612020e-01,2.138413268588429579e-04,4.225138140619352889e+00,1.000000000000000000e+00,1.000000000000000000e+00,0.000000000000000000e+00,0.000000000000000000e+00
3.000000000000000000e+00,2.532832368271790979e-02,3.000000000000000000e+00,2.279549131444612020e-01,2.138413268588429579e-04,4.225138140619352889e+00,1.000000000000000000e+00,1.000000000000000000e+00,0.000000000000000000e+00,0.000000000000000000e+00
3.000000000000000000e+00,2.532832368271790979e-02,4.000000000000000000e+00,2.279549131444612020e-01,2.138413268588429579e-04,4.225138140619352889e+00,1.000000000000000000e+00,1.000000000000000000e+00,0.000000000000000000e+00,0.000000000000000000e+00
3.000000000000000000e+00,2.583360496141102330e-02,1.000000000000000000e+00,2.325024446526992028e-01,2.224583817674134214e-04,4.205385261045012868e+00,1.000000000000000000e+00,1.000000000000000000e+00,0.000000000000000000e+00,0.000000000000000000e+00
3.000000000000000000e+00,2.583360496141102330e-02,2.000000000000000000e+00,2.325024446526992028e-01,2.224583817674134214e-04,4.205385261045012868e+00,1.000000000000000000e+00,1.000000000000000000e+00,0.000000000000000000e+00,0.000000000000000000e+00
3.000000000000000000e+00,2.583360496141102330e-02,3.000000000000000000e+00,2.325024446526992028e-01,2.224583817674134214e-04,4.205385261045012868e+00,1.000000000000000000e+00,1.000000000000000000e+00,0.000000000000000000e+00,0.000000000000000000e+00
3.000000000000000000e+00,2.583360496141102330e-02,4.000000000000000000e+00,2.325024446526992028e-01,2.224583817674134214e-04,4.205385261045012868e+00,1.000000000000000000e+00,1.000000000000000000e+00,0.000000000000000000e+00,0.000000000000000000e+00
3.000000000000000000e+00,2.634896622699140975e-02,1.000000000000000000e+00,2.371406960429226773e-01,2.314226737437113013e-04,4.185632381470672847e+00,1.000000000000000000e+00,1.000000000000000000e+00,0.000000000000000000e+00,0.000000000000000000e+00
3.000000000000000000e+00,2.634896622699140975e-02,2.000000000000000000e+00,2.371406960429226773e-01,2.314226737437113013e-04,4.185632381470672847e+00,1.000000000000000000e+00,1.000000000000000000e+00,0.000000000000000000e+00,0.000000000000000000e+00
3.000000000000000000e+00,2.634896622699140975e-02,3.000000000000000000e+00,2.371406960429226773e-01,2.314226737437113013e-04,4.185632381470672847e+00,1.000000000000000000e+00,1.000000000000000000e+00,0.000000000000000000e+00,0.000000000000000000e+00
3.000000000000000000e+00,2.634896622699140975e-02,4.000000000000000000e+00,2.371406960429226773e-01,2.314226737437113013e-04,4.185632381470672847e+00,1.000000000000000000e+00,1.000000000000000000e+00,0.000000000000000000e+00,0.000000000000000000e+00
3.000000000000000000e+00,2.687460856772398710e-02,1.000000000000000000e+00,2.418714771095158977e-01,2.407481952227944930e-04,4.165879501896332826e+00,1.000000000000000000e+00,1.000000000000000000e+00,0.000000000000000000e+00,0.000000000000000000e+00
3.000000000000000000e+00,2.687460856772398710e-02,2.000000000000000000e+00,2.418714771095158977e-01,2.407481952227944930e-04,4.165879501896332826e+00,1.000000000000000000e+00,1.000000000000000000e+00,0.000000000000000000e+00,0.000000000000000000e+00
3.000000000000000000e+00,2.687460856772398710e-02,3.000000000000000000e+00,2.418714771095158977e-01,2.407481952227944930e-04,4.165879501896332826e+00,1.000000000000000000e+00,1.000000000000000000e+00,0.000000000000000000e+00,0.000000000000000000e+00
3.000000000000000000e+00,2.687460856772398710e-02,4.000000000000000000e+00,2.418714771095158977e-01,2.407481952227944930e-04,4.165879501896332826e+00,1.000000000000000000e+00,1.000000000000000000e+00,0.000000000000000000e+00,0.000000000000000000e+00
3.000000000000000000e+00,2.741073708343551990e-02,1.000000000000000000e+00,2.466966337509196860e-01,2.504495024857423873e-04,4.146126622321992805e+00,1.000000000000000000e+00,1.000000000000000000e+00,0.000000000000000000e+00,0.000000000000000000e+00
3.000000000000000000e+00,2.741073708343551990e-02,2.000000000000000000e+00,2.466966337509196860e-01,2.504495024857423873e-04,4.146126622321992805e+00,1.000000000000000000e+00,1.000000000000000000e+00,0.000000000000000000e+00,0.000000000000000000e+00
3.000000000000000000e+00,2.741073708343551990e-02,3.000000000000000000e+00,2.466966337509196860e-01,2.504495024857423873e-04,4.146126622321992805e+00,1.000000000000000000e+00,1.000000000000000000e+00,0.000000000000000000e+00,0.000000000000000000e+00
3.000000000000000000e+00,2.741073708343551990e-02,4.000000000000000000e+00,2.466966337509196860e-01,2.504495024857423873e-04,4.146126622321992805e+00,1.000000000000000000e+00,1.000000000000000000e+00,0.000000000000000000e+00,0.000000000000000000e+00
3.000000000000000000e+00,2.795756096554223927e-02,1.000000000000000000e+00,2.516180486898801361e-01,2.605417383806703387e-04,4.126373742747652784e+00,1.000000000000000000e+00,1.000000000000000000e+00,0.000000000000000000e+00,0.000000000000000000e+00
3.000000000000000000e+00,2.795756096554223927e-02,2.000000000000000000e+00,2.516180486898801361e-01,2.605417383806703387e-04,4.126373742747652784e+00,1.000000000000000000e+00,1.000000000000000000e+00,0.000000000000000000e+00,0.000000000000000000e+00
3.000000000000000000e+00,2.795756096554223927e-02,3.000000000000000000e+00,2.516180486898801361e-01,2.605417383806703387e-04,4.126373742747652784e+00,1.000000000000000000e+00,1.000000000000000000e+00,0.000000000000000000e+00,0.000000000000000000e+00
3.000000000000000000e+00,2.795756096554223927e-02,4.000000000000000000e+00,2.516180486898801361e-01,2.605417383806703387e-04,4.126373742747652784e+00,1.000000000000000000e+00,1.000000000000000000e+00,0.000000000000000000e+00,0.000000000000000000e+00
3.000000000000000000e+00,2.851529357867403636e-02,1.000000000000000000e+00,2.566376422080663411e-01,2.710406559593228908e-04,4.106620863173312763e+00,1.000000000000000000e+00,1.000000000000000000e+00,0.000000000000000000e+00,0.000000000000000000e+00
3.000000000000000000e+00,2.851529357867403636e-02,2.000000000000000000e+00,2.566376422080663411e-01,2.710406559593228908e-04,4.106620863173312763e+00,1.000000000000000000e+00,1.000000000000000000e+00,0.000000000000000000e+00,0.000000000000000000e+00
3.000000000000000000e+00,2.851529357867403636e-02,3.000000000000000000e+00,2.566376422080663411e-01,2.710406559593228908e-04,4.106620863173312763e+00,1.000000000000000000e+00,1.000000000000000000e+00,0.000000000000000000e+00,0.000000000000000000e+00
3.000000000000000000e+00,2.851529357867403636e-02,4.000000000000000000e+00,2.566376422080663411e-01,2.710406559593228908e-04,4.106620863173312763e+00,1.000000000000000000e+00,1.000000000000000000e+00,0.000000000000000000e+00,0.000000000000000000e+00
3.000000000000000000e+00,2.908415254392697144e-02,1.000000000000000000e+00,2.617573728953427326e-01,2.819626430661379053e-04,4.086867983598972742e+00,1.000000000000000000e+00,1.000000000000000000e+00,0.000000000000000000e+00,0.000000000000000000e+00
3.000000000000000000e+00,2.908415254392697144e-02,2.000000000000000000e+00,2.617573728953427326e-01,2.819626430661379053e-04,4.086867983598972742e+00,1.000000000000000000e+00,1.000000000000000000e+00,0.000000000000000000e+00,0.000000000000000000e+00
3.000000000000000000e+00,2.908415254392697144e-02,3.000000000000000000e+00,2.617573728953427326e-01,2.819626430661379053e-04,4.086867983598972742e+00,1.000000000000000000e+00,1.000000000000000000e+00,0.000000000000000000e+00,0.000000000000000000e+00
3.000000000000000000e+00,2.908415254392697144e-02,4.000000000000000000e+00,2.617573728953427326e-01,2.819626430661379053e-04,4.086867983598972742e+00,1.000000000000000000e+00,1.000000000000000000e+00,0.000000000000000000e+00,0.000000000000000000e+00
3.000000000000000000e+00,2.966435982377662803e-02,1.000000000000000000e+00,2.669792384139896280e-01,2.933247479181643304e-04,4.067115104024632721e+00,1.000000000000000000e+00,1.000000000000000000e+00,0.000000000000000000e+00,0.000000000000000000e+00
3.000000000000000000e+00,2.966435982377662803e-02,2.000000000000000000e+00,2.669792384139896280e-01,2.933247479181643304e-04,4.067115104024632721e+00,1.000000000000000000e+00,1.000000000000000000e+00,0.000000000000000000e+00,0.000000000000000000e+00
3.000000000000000000e+00,2.966435982377662803e-02,3.000000000000000000e+00,2.669792384139896280e-01,2.933247479181643304e-04,4.067115104024632721e+00,1.000000000000000000e+00,1.000000000000000000e+00,0.000000000000000000e+00,0.000000000000000000e+00
3.000000000000000000e+00,2.966435982377662803e-02,4.000000000000000000e+00,2.669792384139896280e-01,2.933247479181643304e-04,4.067115104024632721e+00,1.000000000000000000e+00,1.000000000000000000e+00,0.000000000000000000e+00,0.000000000000000000e+00
3.000000000000000000e+00,3.025614180868540712e-02,1.000000000000000000e+00,2.723052762781686398e-01,3.051447057157603295e-04,4.047362224450292700e+00,1.000000000000000000e+00,1.000000000000000000e+00,0.000000000000000000e+00,0.000000000000000000e+00
3.000000000000000000e+00,3.025614180868540712e-02,2.000000000000000000e+00,2.723052762781686398e-01,3.051447057157603295e-04,4.047362224450292700e+00,1.000000000000000000e+00,1.000000000000000000e+00,0.000000000000000000e+00,0.000000000000000000e+00
3.000000000000000000e+00,3.025614180868540712e-02,3.000000000000000000e+00,2.723052762781686398e-01,3.051447057157603295e-04,4.047362224450292700e+00,1.000000000000000000e+00,1.000000000000000000e+00,0.000000000000000000e+00,0.000000000000000000e+00
3.000000000000000000e+00,3.025614180868540712e-02,4.000000000000000000e+00,2.723052762781686398e-01,3.051447057157603295e-04,4.047362224450292700e+00,1.000000000000000000e+00,1.000000000000000000e+00,0.000000000000000000e+00,0.000000000000000000e+00
3.000000000000000000e+00,3.085972940543759216e-02,1.000000000000000000e+00,2.777375646489383398e-01,3.174409663256098587e-04,4.027609344875952679e+00,1.000000000000000000e+00,1.000000000000000000e+00,0.000000000000000000e+00,0.000000000000000000e+00
3.000000000000000000e+00,3.085972940543759216e-02,2.000000000000000000e+00,2.777375646489383398e-01,3.174409663256098587e-04,4.027609344875952679e+00,1.000000000000000000e+00,1.000000000000000000e+00,0.000000000000000000e+00,0.000000000000000000e+00
3.000000000000000000e+00,3.085972940543759216e-02,3.000000000000000000e+00,2.777375646489383398e-01,3.174409663256098587e-04,4.027609344875952679e+00,1.000000000000000000e+00,1.000000000000000000e+00,0.000000000000000000e+00,0.000000000000000000e+00
3.000000000000000000e+00,3.085972940543759216e-02,4.000000000000000000e+00,2.777375646489383398e-01,3.174409663256098587e-04,4.027609344875952679e+00,1.000000000000000000e+00,1.000000000000000000e+00,0.000000000000000000e+00,0.000000000000000000e+00
3.000000000000000000e+00,3.147535812723660509e-02,1.000000000000000000e+00,2.832782231451294597e-01,3.302327230792665119e-04,4.007856465301612658e+00,1.000000000000000000e+00,1.000000000000000000e+00,0.000000000000000000e+00,0.000000000000000000e+00
3.000000000000000000e+00,3.147535812723660509e-02,2.000000000000000000e+00,2.832782231451294597e-01,3.302327230792665119e-04,4.007856465301612658e+00,1.000000000000000000e+00,1.000000000000000000e+00,0.000000000000000000e+00,0.000000000000000000e+00
3.000000000000000000e+00,3.147535812723660509e-02,3.000000000000000000e+00,2.832782231451294597e-01,3.302327230792665119e-04,4.007856465301612658e+00,1.000000000000000000e+00,1.000000000000000000e+00,0.000000000000000000e+00,0.000000000000000000e+00
3.000000000000000000e+00,3.147535812723660509e-02,4.000000000000000000e+00,2.832782231451294597e-01,3.302327230792665119e-04,4.007856465301612658e+00,1.000000000000000000e+00,1.000000000000000000e+00,0.000000000000000000e+00,0.000000000000000000e+00
3.000000000000000000e+00,3.210326818559967876e-02,1.000000000000000000e+00,2.889294136703970950e-01,3.435399427321788528e-04,3.988103585727272193e+00,1.000000000000000000e+00,1.000000000000000000e+00,0.000000000000000000e+00,0.000000000000000000e+00
3.000000000000000000e+00,3.210326818559967876e-02,2.000000000000000000e+00,2.889294136703970950e-01,3.435399427321788528e-04,3.988103585727272193e+00,1.000000000000000000e+00,1.000000000000000000e+00,0.000000000000000000e+00,0.000000000000000000e+00
3.000000000000000000e+00,3.210326818559967876e-02,3.000000000000000000e+00,2.889294136703970950e-01,3.435399427321788528e-04,3.988103585727272193e+00,1.000000000000000000e+00,1.000000000000000000e+00,0.000000000000000000e+00,0.000000000000000000e+00
3.000000000000000000e+00,3.210326818559967876e-02,4.000000000000000000e+00,2.889294136703970950e-01,3.435399427321788528e-04,3.988103585727272193e+00,1.000000000000000000e+00,1.000000000000000000e+00,1.000000000000000000e+00,1.000000000000000000e+00
3.000000000000000000e+00,3.274370458408572271e-02,1.000000000000000000e+00,2.946933412567714905e-01,3.573833966299588198e-04,3.968350706152931728e+00,1.000000000000000000e+00,1.000000000000000000e+00,0.000000000000000000e+00,0.000000000000000000e+00
3.000000000000000000e+00,3.274370458408572271e-02,2.000000000000000000e+00,2.946933412567714905e-01,3.573833966299588198e-04,3.968350706152931728e+00,1.000000000000000000e+00,1.000000000000000000e+00,0.000000000000000000e+00,0.000000000000000000e+00
3.000000000000000000e+00,3.274370458408572271e-02,3.000000000000000000e+00,2.946933412567714905e-01,3.573833966299588198e-04,3.968350706152931728e+00,1.000000000000000000e+00,1.000000000000000000e+00,0.000000000000000000e+00,0.000000000000000000e+00
3.000000000000000000e+00,3.274370458408572271e-02,4.000000000000000000e+00,2.946933412567714905e-01,3.573833966299588198e-04,3.968350706152931728e+00,1.000000000000000000e+00,1.000000000000000000e+00,1.000000000000000000e+00,1.000000000000000000e+00
3.000000000000000000e+00,3.339691721389295015e-02,1.000000000000000000e+00,3.005722549250365305e-01,3.717846931305397295e-04,3.948597826578591707e+00,1.000000000000000000e+00,1.000000000000000000e+00,0.000000000000000000e+00,0.000000000000000000e+00
3.000000000000000000e+00,3.339691721389295015e-02,2.000000000000000000e+00,3.005722549250365305e-01,3.717846931305397295e-04,3.948597826578591707e+00,1.000000000000000000e+00,1.000000000000000000e+00,0.000000000000000000e+00,0.000000000000000000e+00
3.000000000000000000e+00,3.339691721389295015e-02,3.000000000000000000e+00,3.005722549250365305e-01,3.717846931305397295e-04,3.948597826578591707e+00,1.000000000000000000e+00,1.000000000000000000e+00,0.000000000000000000e+00,0.000000000000000000e+00
3.000000000000000000e+00,3.339691721389295015e-02,4.000000000000000000e+00,3.005722549250365305e-01,3.717846931305397295e-04,3.948597826578591707e+00,1.000000000000000000e+00,1.000000000000000000e+00,1.000000000000000000e+00,1.000000000000000000e+00
3.000000000000000000e+00,3.406316095136375371e-02,1.000000000000000000e+00,3.065684485622737765e-01,3.867663113328374705e-04,3.928844947004251686e+00,1.000000000000000000e+00,1.000000000000000000e+00,0.000000000000000000e+00,0.000000000000000000e+00
3.000000000000000000e+00,3.406316095136375371e-02,2.000000000000000000e+00,3.065684485622737765e-01,3.867663113328374705e-04,3.928844947004251686e+00,1.000000000000000000e+00,1.000000000000000000e+00,0.000000000000000000e+00,0.000000000000000000e+00
3.000000000000000000e+00,3.406316095136375371e-02,3.000000000000000000e+00,3.065684485622737765e-01,3.867663113328374705e-04,3.928844947004251686e+00,1.000000000000000000e+00,1.000000000000000000e+00,0.000000000000000000e+00,0.000000000000000000e+00
3.000000000000000000e+00,3.406316095136375371e-02,4.000000000000000000e+00,3.065684485622737765e-01,3.867663113328374705e-04,3.928844947004251686e+00,1.000000000000000000e+00,1.000000000000000000e+00,1.000000000000000000e+00,1.000000000000000000e+00
3.000000000000000000e+00,3.474269575743458432e-02,1.000000000000000000e+00,3.126842618169112797e-01,4.023516361645543683e-04,3.909092067429911665e+00,1.000000000000000000e+00,1.000000000000000000e+00,0.000000000000000000e+00,0.000000000000000000e+00
3.000000000000000000e+00,3.474269575743458432e-02,2.000000000000000000e+00,3.126842618169112797e-01,4.023516361645543683e-04,3.909092067429911665e+00,1.000000000000000000e+00,1.000000000000000000e+00,0.000000000000000000e+00,0.000000000000000000e+00
3.000000000000000000e+00,3.474269575743458432e-02,3.000000000000000000e+00,3.126842618169112797e-01,4.023516361645543683e-04,3.909092067429911665e+00,1.000000000000000000e+00,1.000000000000000000e+00,0.000000000000000000e+00,0.000000000000000000e+00
3.000000000000000000e+00,3.474269575743458432e-02,4.000000000000000000e+00,3.126842618169112797e-01,4.023516361645543683e-04,3.909092067429911665e+00,1.000000000000000000e+00,1.000000000000000000e+00,1.000000000000000000e+00,1.000000000000000000e+00
3.000000000000000000e+00,3.543578677906981250e-02,1.000000000000000000e+00,3.189220810116283333e-01,4.185649948838996142e-04,3.889339187855571645e+00,1.000000000000000000e+00,1.000000000000000000e+00,0.000000000000000000e+00,0.000000000000000000e+00
3.000000000000000000e+00,3.543578677906981250e-02,2.000000000000000000e+00,3.189220810116283333e-01,4.185649948838996142e-04,3.889339187855571645e+00,1.000000000000000000e+00,1.000000000000000000e+00,0.000000000000000000e+00,0.000000000000000000e+00
3.000000000000000000e+00,3.543578677906981250e-02,3.000000000000000000e+00,3.189220810116283333e-01,4.185649948838996142e-04,3.889339187855571645e+00,1.000000000000000000e+00,1.000000000000000000e+00,0.000000000000000000e+00,0.000000000000000000e+00
3.000000000000000000e+00,3.543578677906981250e-02,4.000000000000000000e+00,3.189220810116283333e-01,4.185649948838996142e-04,3.889339187855571645e+00,1.000000000000000000e+00,1.000000000000000000e+00,1.000000000000000000e+00,1.000000000000000000e+00
3.000000000000000000e+00,3.614270445271919319e-02,1.000000000000000000e+00,3.252843400744727109e-01,4.354316950522026000e-04,3.869586308281231624e+00,1.000000000000000000e+00,1.000000000000000000e+00,0.000000000000000000e+00,0.000000000000000000e+00
3.000000000000000000e+00,3.614270445271919319e-02,2.000000000000000000e+00,3.252843400744727109e-01,4.354316950522026000e-04,3.869586308281231624e+00,1.000000000000000000e+00,1.000000000000000000e+00,0.000000000000000000e+00,0.000000000000000000e+00
3.000000000000000000e+00,3.614270445271919319e-02,3.000000000000000000e+00,3.252843400744727109e-01,4.354316950522026000e-04,3.869586308281231624e+00,1.000000000000000000e+00,1.000000000000000000e+00,0.000000000000000000e+00,0.000000000000000000e+00
3.000000000000000000e+00,3.614270445271919319e-02,4.000000000000000000e+00,3.252843400744727109e-01,4.354316950522026000e-04,3.869586308281231624e+00,1.000000000000000000e+00,1.000000000000000000e+00,1.000000000000000000e+00,1.000000000000000000e+00
3.000000000000000000e+00,3.686372460983912414e-02,1.000000000000000000e+00,3.317735214885521033e-01,4.529780640366862579e-04,3.849833428706891159e+00,1.000000000000000000e+00,1.000000000000000000e+00,0.000000000000000000e+00,0.000000000000000000e+00
3.000000000000000000e+00,3.686372460983912414e-02,2.000000000000000000e+00,3.317735214885521033e-01,4.529780640366862579e-04,3.849833428706891159e+00,1.000000000000000000e+00,1.000000000000000000e+00,0.000000000000000000e+00,0.000000000000000000e+00
3.000000000000000000e+00,3.686372460983912414e-02,3.000000000000000000e+00,3.317735214885521033e-01,4.529780640366862579e-04,3.849833428706891159e+00,1.000000000000000000e+00,1.000000000000000000e+00,0.000000000000000000e+00,0.000000000000000000e+00
3.000000000000000000e+00,3.686372460983912414e-02,4.000000000000000000e+00,3.317735214885521033e-01,4.529780640366862579e-04,3.849833428706891159e+00,1.000000000000000000e+00,1.000000000000000000e+00,1.000000000000000000e+00,1.000000000000000000e+00
3.000000000000000000e+00,3.759912858451906065e-02,1.000000000000000000e+00,3.383921572606715666e-01,4.712314901050660841e-04,3.830080549132551582e+00,1.000000000000000000e+00,1.000000000000000000e+00,0.000000000000000000e+00,0.000000000000000000e+00
3.000000000000000000e+00,3.759912858451906065e-02,2.000000000000000000e+00,3.383921572606715666e-01,4.712314901050660841e-04,3.830080549132551582e+00,1.000000000000000000e+00,1.000000000000000000e+00,0.000000000000000000e+00,0.000000000000000000e+00
3.000000000000000000e+00,3.759912858451906065e-02,3.000000000000000000e+00,3.383921572606715666e-01,4.712314901050660841e-04,3.830080549132551582e+00,1.000000000000000000e+00,1.000000000000000000e+00,0.000000000000000000e+00,0.000000000000000000e+00
3.000000000000000000e+00,3.759912858451906065e-02,4.000000000000000000e+00,3.383921572606715666e-01,4.712314901050660841e-04,3.830080549132551582e+00,1.000000000000000000e+00,1.000000000000000000e+00,1.000000000000000000e+00,1.000000000000000000e+00
3.000000000000000000e+00,3.834920332325496284e-02,1.000000000000000000e+00,3.451428299092946794e-01,4.902204651761164636e-04,3.810327669558211561e+00,1.000000000000000000e+00,1.000000000000000000e+00,0.000000000000000000e+00,0.000000000000000000e+00
3.000000000000000000e+00,3.834920332325496284e-02,2.000000000000000000e+00,3.451428299092946794e-01,4.902204651761164636e-04,3.810327669558211561e+00,1.000000000000000000e+00,1.000000000000000000e+00,0.000000000000000000e+00,0.000000000000000000e+00
3.000000000000000000e+00,3.834920332325496284e-02,3.000000000000000000e+00,3.451428299092946794e-01,4.902204651761164636e-04,3.810327669558211561e+00,1.000000000000000000e+00,1.000000000000000000e+00,0.000000000000000000e+00,0.000000000000000000e+00
3.000000000000000000e+00,3.834920332325496284e-02,4.000000000000000000e+00,3.451428299092946794e-01,4.902204651761164636e-04,3.810327669558211561e+00,1.000000000000000000e+00,1.000000000000000000e+00,1.000000000000000000e+00,1.000000000000000000e+00
3.000000000000000000e+00,3.911424149691264396e-02,1.000000000000000000e+00,3.520281734722138234e-01,5.099746292929343379e-04,3.790574789983871096e+00,1.000000000000000000e+00,1.000000000000000000e+00,0.000000000000000000e+00,0.000000000000000000e+00
3.000000000000000000e+00,3.911424149691264396e-02,2.000000000000000000e+00,3.520281734722138234e-01,5.099746292929343379e-04,3.790574789983871096e+00,1.000000000000000000e+00,1.000000000000000000e+00,0.000000000000000000e+00,0.000000000000000000e+00
3.000000000000000000e+00,3.911424149691264396e-02,3.000000000000000000e+00,3.520281734722138234e-01,5.099746292929343379e-04,3.790574789983871096e+00,1.000000000000000000e+00,1.000000000000000000e+00,0.000000000000000000e+00,0.000000000000000000e+00
3.000000000000000000e+00,3.911424149691264396e-02,4.000000000000000000e+00,3.520281734722138234e-01,5.099746292929343379e-04,3.790574789983871096e+00,1.000000000000000000e+00,1.000000000000000000e+00,1.000000000000000000e+00,1.000000000000000000e+00
3.000000000000000000e+00,3.989454161492467232e-02,1.000000000000000000e+00,3.590508745343220509e-01,5.305248168883188072e-04,3.770821910409531519e+00,1.000000000000000000e+00,1.000000000000000000e+00,0.000000000000000000e+00,0.000000000000000000e+00
3.000000000000000000e+00,3.989454161492467232e-02,2.000000000000000000e+00,3.590508745343220509e-01,5.305248168883188072e-04,3.770821910409531519e+00,1.000000000000000000e+00,1.000000000000000000e+00,0.000000000000000000e+00,0.000000000000000000e+00
3.000000000000000000e+00,3.989454161492467232e-02,3.000000000000000000e+00,3.590508745343220509e-01,5.305248168883188072e-04,3.770821910409531519e+00,1.000000000000000000e+00,1.000000000000000000e+00,0.000000000000000000e+00,0.000000000000000000e+00
3.000000000000000000e+00,3.989454161492467232e-02,4.000000000000000000e+00,3.590508745343220509e-01,5.305248168883188072e-04,3.770821910409531519e+00,1.000000000000000000e+00,1.000000000000000000e+00,1.000000000000000000e+00,1.000000000000000000e+00
3.000000000000000000e+00,4.069040814176551335e-02,1.000000000000000000e+00,3.662136732758896063e-01,5.519031049144857001e-04,3.751069030835191054e+00,1.000000000000000000e+00,1.000000000000000000e+00,0.000000000000000000e+00,0.000000000000000000e+00
3.000000000000000000e+00,4.069040814176551335e-02,2.000000000000000000e+00,3.662136732758896063e-01,5.519031049144857001e-04,3.751069030835191054e+00,1.000000000000000000e+00,1.000000000000000000e+00,0.000000000000000000e+00,0.000000000000000000e+00
3.000000000000000000e+00,4.069040814176551335e-02,3.000000000000000000e+00,3.662136732758896063e-01,5.519031049144857001e-04,3.751069030835191054e+00,1.000000000000000000e+00,1.000000000000000000e+00,0.000000000000000000e+00,0.000000000000000000e+00
3.000000000000000000e+00,4.069040814176551335e-02,4.000000000000000000e+00,3.662136732758896063e-01,5.519031049144857001e-04,3.751069030835191054e+00,1.000000000000000000e+00,1.000000000000000000e+00,1.000000000000000000e+00,1.000000000000000000e+00
3.000000000000000000e+00,4.150215161575013939e-02,1.000000000000000000e+00,3.735193645417512753e-01,5.741428629122373581e-04,3.731316151260851033e+00,1.000000000000000000e+00,1.000000000000000000e+00,0.000000000000000000e+00,0.000000000000000000e+00
3.000000000000000000e+00,4.150215161575013939e-02,2.000000000000000000e+00,3.735193645417512753e-01,5.741428629122373581e-04,3.731316151260851033e+00,1.000000000000000000e+00,1.000000000000000000e+00,0.000000000000000000e+00,0.000000000000000000e+00
3.000000000000000000e+00,4.150215161575013939e-02,3.000000000000000000e+00,3.735193645417512753e-01,5.741428629122373581e-04,3.731316151260851033e+00,1.000000000000000000e+00,1.000000000000000000e+00,0.000000000000000000e+00,0.000000000000000000e+00
3.000000000000000000e+00,4.150215161575013939e-02,4.000000000000000000e+00,3.735193645417512753e-01,5.741428629122373581e-04,3.731316151260851033e+00,1.000000000000000000e+00,1.000000000000000000e+00,1.000000000000000000e+00,1.000000000000000000e+00
3.000000000000000000e+00,4.233008877020267430e-02,1.000000000000000000e+00,3.809707989318240617e-01,5.972788050977461977e-04,3.711563271686511012e+00,1.000000000000000000e+00,1.000000000000000000e+00,0.000000000000000000e+00,0.000000000000000000e+00
3.000000000000000000e+00,4.233008877020267430e-02,2.000000000000000000e+00,3.809707989318240617e-01,5.972788050977461977e-04,3.711563271686511012e+00,1.000000000000000000e+00,1.000000000000000000e+00,0.000000000000000000e+00,0.000000000000000000e+00
3.000000000000000000e+00,4.233008877020267430e-02,3.000000000000000000e+00,3.809707989318240617e-01,5.972788050977461977e-04,3.711563271686511012e+00,1.000000000000000000e+00,1.000000000000000000e+00,0.000000000000000000e+00,0.000000000000000000e+00
3.000000000000000000e+00,4.233008877020267430e-02,4.000000000000000000e+00,3.809707989318240617e-01,5.972788050977461977e-04,3.711563271686511012e+00,1.000000000000000000e+00,1.000000000000000000e+00,1.000000000000000000e+00,1.000000000000000000e+00
3.000000000000000000e+00,4.317454265704222943e-02,1.000000000000000000e+00,3.885708839133800718e-01,6.213470445482530656e-04,3.691810392112170991e+00,1.000000000000000000e+00,1.000000000000000000e+00,0.000000000000000000e+00,0.000000000000000000e+00
3.000000000000000000e+00,4.317454265704222943e-02,2.000000000000000000e+00,3.885708839133800718e-01,6.213470445482530656e-04,3.691810392112170991e+00,1.000000000000000000e+00,1.000000000000000000e+00,0.000000000000000000e+00,0.000000000000000000e+00
3.000000000000000000e+00,4.317454265704222943e-02,3.000000000000000000e+00,3.885708839133800718e-01,6.213470445482530656e-04,3.691810392112170991e+00,1.000000000000000000e+00,1.000000000000000000e+00,0.000000000000000000e+00,0.000000000000000000e+00
3.000000000000000000e+00,4.317454265704222943e-02,4.000000000000000000e+00,3.885708839133800718e-01,6.213470445482530656e-04,3.691810392112170991e+00,1.000000000000000000e+00,1.000000000000000000e+00,1.000000000000000000e+00,1.000000000000000000e+00
3.000000000000000000e+00,4.403584277283421888e-02,1.000000000000000000e+00,3.963225849555079838e-01,6.463851495712585622e-04,3.672057512537830526e+00,1.000000000000000000e+00,1.000000000000000000e+00,0.000000000000000000e+00,0.000000000000000000e+00
3.000000000000000000e+00,4.403584277283421888e-02,2.000000000000000000e+00,3.963225849555079838e-01,6.463851495712585622e-04,3.672057512537830526e+00,1.000000000000000000e+00,1.000000000000000000e+00,0.000000000000000000e+00,0.000000000000000000e+00
3.000000000000000000e+00,4.403584277283421888e-02,3.000000000000000000e+00,3.963225849555079838e-01,6.463851495712585622e-04,3.672057512537830526e+00,1.000000000000000000e+00,1.000000000000000000e+00,0.000000000000000000e+00,0.000000000000000000e+00
3.000000000000000000e+00,4.403584277283421888e-02,4.000000000000000000e+00,3.963225849555079838e-01,6.463851495712585622e-04,3.672057512537830526e+00,1.000000000000000000e+00,1.000000000000000000e+00,1.000000000000000000e+00,1.000000000000000000e+00
3.000000000000000000e+00,4.491432518735614943e-02,1.000000000000000000e+00,4.042289266862053587e-01,6.724322023451916432e-04,3.652304632963490505e+00,1.000000000000000000e+00,1.000000000000000000e+00,0.000000000000000000e+00,0.000000000000000000e+00
3.000000000000000000e+00,4.491432518735614943e-02,2.000000000000000000e+00,4.042289266862053587e-01,6.724322023451916432e-04,3.652304632963490505e+00,1.000000000000000000e+00,1.000000000000000000e+00,0.000000000000000000e+00,0.000000000000000000e+00
3.000000000000000000e+00,4.491432518735614943e-02,3.000000000000000000e+00,4.042289266862053587e-01,6.724322023451916432e-04,3.652304632963490505e+00,1.000000000000000000e+00,1.000000000000000000e+00,0.000000000000000000e+00,0.000000000000000000e+00
3.000000000000000000e+00,4.491432518735614943e-02,4.000000000000000000e+00,4.042289266862053587e-01,6.724322023451916432e-04,3.652304632963490505e+00,1.000000000000000000e+00,1.000000000000000000e+00,1.000000000000000000e+00,1.000000000000000000e+00
3.000000000000000000e+00,4.581033267472852527e-02,1.000000000000000000e+00,4.122929940725567066e-01,6.995288599230998919e-04,3.632551753389150484e+00,1.000000000000000000e+00,1.000000000000000000e+00,0.000000000000000000e+00,0.000000000000000000e+00
3.000000000000000000e+00,4.581033267472852527e-02,2.000000000000000000e+00,4.122929940725567066e-01,6.995288599230998919e-04,3.632551753389150484e+00,1.000000000000000000e+00,1.000000000000000000e+00,0.000000000000000000e+00,0.000000000000000000e+00
3.000000000000000000e+00,4.581033267472852527e-02,3.000000000000000000e+00,4.122929940725567066e-01,6.995288599230998919e-04,3.632551753389150484e+00,1.000000000000000000e+00,1.000000000000000000e+00,0.000000000000000000e+00,0.000000000000000000e+00
3.000000000000000000e+00,4.581033267472852527e-02,4.000000000000000000e+00,4.122929940725567066e-01,6.995288599230998919e-04,3.632551753389150484e+00,1.000000000000000000e+00,1.000000000000000000e+00,1.000000000000000000e+00,1.000000000000000000e+00
3.000000000000000000e+00,4.672421484716136192e-02,1.000000000000000000e+00,4.205179336244522781e-01,7.277174176945648207e-04,3.612798873814810463e+00,1.000000000000000000e+00,1.000000000000000000e+00,0.000000000000000000e+00,0.000000000000000000e+00
3.000000000000000000e+00,4.672421484716136192e-02,2.000000000000000000e+00,4.205179336244522781e-01,7.277174176945648207e-04,3.612798873814810463e+00,1.000000000000000000e+00,1.000000000000000000e+00,0.000000000000000000e+00,0.000000000000000000e+00
3.000000000000000000e+00,4.672421484716136192e-02,3.000000000000000000e+00,4.205179336244522781e-01,7.277174176945648207e-04,3.612798873814810463e+00,1.000000000000000000e+00,1.000000000000000000e+00,0.000000000000000000e+00,0.000000000000000000e+00
3.000000000000000000e+00,4.672421484716136192e-02,4.000000000000000000e+00,4.205179336244522781e-01,7.277174176945648207e-04,3.612798873814810463e+00,1.000000000000000000e+00,1.000000000000000000e+00,1.000000000000000000e+00,1.000000000000000000e+00
3.000000000000000000e+00,4.765632829136907944e-02,1.000000000000000000e+00,4.289069546223217011e-01,7.570418754049150793e-04,3.593045994240469998e+00,1.000000000000000000e+00,1.000000000000000000e+00,0.000000000000000000e+00,0.000000000000000000e+00
3.000000000000000000e+00,4.765632829136907944e-02,2.000000000000000000e+00,4.289069546223217011e-01,7.570418754049150793e-04,3.593045994240469998e+00,1.000000000000000000e+00,1.000000000000000000e+00,0.000000000000000000e+00,0.000000000000000000e+00
3.000000000000000000e+00,4.765632829136907944e-02,3.000000000000000000e+00,4.289069546223217011e-01,7.570418754049150793e-04,3.593045994240469998e+00,1.000000000000000000e+00,1.000000000000000000e+00,0.000000000000000000e+00,0.000000000000000000e+00
3.000000000000000000e+00,4.765632829136907944e-02,4.000000000000000000e+00,4.289069546223217011e-01,7.570418754049150793e-04,3.593045994240469998e+00,1.000000000000000000e+00,1.000000000000000000e+00,1.000000000000000000e+00,1.000000000000000000e+00
3.000000000000000000e+00,4.860703670770665646e-02,1.000000000000000000e+00,4.374633303693599151e-01,7.875480058347807946e-04,3.573293114666130421e+00,1.000000000000000000e+00,1.000000000000000000e+00,0.000000000000000000e+00,0.000000000000000000e+00
3.000000000000000000e+00,4.860703670770665646e-02,2.000000000000000000e+00,4.374633303693599151e-01,7.875480058347807946e-04,3.573293114666130421e+00,1.000000000000000000e+00,1.000000000000000000e+00,0.000000000000000000e+00,0.000000000000000000e+00
3.000000000000000000e+00,4.860703670770665646e-02,3.000000000000000000e+00,4.374633303693599151e-01,7.875480058347807946e-04,3.573293114666130421e+00,1.000000000000000000e+00,1.000000000000000000e+00,0.000000000000000000e+00,0.000000000000000000e+00
3.000000000000000000e+00,4.860703670770665646e-02,4.000000000000000000e+00,4.374633303693599151e-01,7.875480058347807946e-04,3.573293114666130421e+00,1.000000000000000000e+00,1.000000000000000000e+00,1.000000000000000000e+00,1.000000000000000000e+00
3.000000000000000000e+00,4.957671105208152212e-02,1.000000000000000000e+00,4.461903994687336783e-01,8.192834262471939766e-04,3.553540235091789956e+00,1.000000000000000000e+00,1.000000000000000000e+00,0.000000000000000000e+00,0.000000000000000000e+00
3.000000000000000000e+00,4.957671105208152212e-02,2.000000000000000000e+00,4.461903994687336783e-01,8.192834262471939766e-04,3.553540235091789956e+00,1.000000000000000000e+00,1.000000000000000000e+00,0.000000000000000000e+00,0.000000000000000000e+00
3.000000000000000000e+00,4.957671105208152212e-02,3.000000000000000000e+00,4.461903994687336783e-01,8.192834262471939766e-04,3.553540235091789956e+00,1.000000000000000000e+00,1.000000000000000000e+00,0.000000000000000000e+00,0.000000000000000000e+00
3.000000000000000000e+00,4.957671105208152212e-02,4.000000000000000000e+00,4.461903994687336783e-01,8.192834262471939766e-04,3.553540235091789956e+00,1.000000000000000000e+00,1.000000000000000000e+00,1.000000000000000000e+00,1.000000000000000000e+00
3.000000000000000000e+00,5.056572968069639878e-02,1.000000000000000000e+00,4.550915671262675821e-01,8.522976727137536413e-04,3.533787355517450379e+00,1.000000000000000000e+00,1.000000000000000000e+00,0.000000000000000000e+00,0.000000000000000000e+00
3.000000000000000000e+00,5.056572968069639878e-02,2.000000000000000000e+00,4.550915671262675821e-01,8.522976727137536413e-04,3.533787355517450379e+00,1.000000000000000000e+00,1.000000000000000000e+00,0.000000000000000000e+00,0.000000000000000000e+00
3.000000000000000000e+00,5.056572968069639878e-02,3.000000000000000000e+00,4.550915671262675821e-01,8.522976727137536413e-04,3.533787355517450379e+00,1.000000000000000000e+00,1.000000000000000000e+00,0.000000000000000000e+00,0.000000000000000000e+00
3.000000000000000000e+00,5.056572968069639878e-02,4.000000000000000000e+00,4.550915671262675821e-01,8.522976727137536413e-04,3.533787355517450379e+00,1.000000000000000000e+00,1.000000000000000000e+00,1.000000000000000000e+00,1.000000000000000000e+00
3.000000000000000000e+00,5.157447849767975850e-02,1.000000000000000000e+00,4.641703064791178335e-01,8.866422774358772088e-04,3.514034475943109914e+00,1.000000000000000000e+00,1.000000000000000000e+00,0.000000000000000000e+00,0.000000000000000000e+00
3.000000000000000000e+00,5.157447849767975850e-02,2.000000000000000000e+00,4.641703064791178335e-01,8.866422774358772088e-04,3.514034475943109914e+00,1.000000000000000000e+00,1.000000000000000000e+00,0.000000000000000000e+00,0.000000000000000000e+00
3.000000000000000000e+00,5.157447849767975850e-02,3.000000000000000000e+00,4.641703064791178335e-01,8.866422774358772088e-04,3.514034475943109914e+00,1.000000000000000000e+00,1.000000000000000000e+00,0.000000000000000000e+00,0.000000000000000000e+00
3.000000000000000000e+00,5.157447849767975850e-02,4.000000000000000000e+00,4.641703064791178335e-01,8.866422774358772088e-04,3.514034475943109914e+00,1.000000000000000000e+00,1.000000000000000000e+00,1.000000000000000000e+00,1.000000000000000000e+00
3.000000000000000000e+00,5.260335110566130568e-02,1.000000000000000000e+00,4.734301599509517233e-01,9.223708491818261414e-04,3.494281596368769893e+00,1.000000000000000000e+00,1.000000000000000000e+00,0.000000000000000000e+00,0.000000000000000000e+00
3.000000000000000000e+00,5.260335110566130568e-02,2.000000000000000000e+00,4.734301599509517233e-01,9.223708491818261414e-04,3.494281596368769893e+00,1.000000000000000000e+00,1.000000000000000000e+00,0.000000000000000000e+00,0.000000000000000000e+00
3.000000000000000000e+00,5.260335110566130568e-02,3.000000000000000000e+00,4.734301599509517233e-01,9.223708491818261414e-04,3.494281596368769893e+00,1.000000000000000000e+00,1.000000000000000000e+00,0.000000000000000000e+00,0.000000000000000000e+00
3.000000000000000000e+00,5.260335110566130568e-02,4.000000000000000000e+00,4.734301599509517233e-01,9.223708491818261414e-04,3.494281596368769893e+00,1.000000000000000000e+00,1.000000000000000000e+00,1.000000000000000000e+00,1.000000000000000000e+00
3.000000000000000000e+00,5.365274895935139010e-02,1.000000000000000000e+00,4.828747406341625248e-01,9.595391569650605539e-04,3.474528716794429872e+00,1.000000000000000000e+00,1.000000000000000000e+00,0.000000000000000000e+00,0.000000000000000000e+00
3.000000000000000000e+00,5.365274895935139010e-02,2.000000000000000000e+00,4.828747406341625248e-01,9.595391569650605539e-04,3.474528716794429872e+00,1.000000000000000000e+00,1.000000000000000000e+00,0.000000000000000000e+00,0.000000000000000000e+00
3.000000000000000000e+00,5.365274895935139010e-02,3.000000000000000000e+00,4.828747406341625248e-01,9.595391569650605539e-04,3.474528716794429872e+00,1.000000000000000000e+00,1.000000000000000000e+00,0.000000000000000000e+00,0.000000000000000000e+00
3.000000000000000000e+00,5.365274895935139010e-02,4.000000000000000000e+00,4.828747406341625248e-01,9.595391569650605539e-04,3.474528716794429872e+00,1.000000000000000000e+00,1.000000000000000000e+00,1.000000000000000000e+00,1.000000000000000000e+00
3.000000000000000000e+00,5.472308152218419847e-02,1.000000000000000000e+00,4.925077336996577793e-01,9.982052170945392329e-04,3.454775837220089851e+00,1.000000000000000000e+00,1.000000000000000000e+00,0.000000000000000000e+00,0.000000000000000000e+00
3.000000000000000000e+00,5.472308152218419847e-02,2.000000000000000000e+00,4.925077336996577793e-01,9.982052170945392329e-04,3.454775837220089851e+00,1.000000000000000000e+00,1.000000000000000000e+00,0.000000000000000000e+00,0.000000000000000000e+00
3.000000000000000000e+00,5.472308152218419847e-02,3.000000000000000000e+00,4.925077336996577793e-01,9.982052170945392329e-04,3.454775837220089851e+00,1.000000000000000000e+00,1.000000000000000000e+00,0.000000000000000000e+00,0.000000000000000000e+00
3.000000000000000000e+00,5.472308152218419847e-02,4.000000000000000000e+00,4.925077336996577793e-01,9.982052170945392329e-04,3.454775837220089851e+00,1.000000000000000000e+00,1.000000000000000000e+00,1.000000000000000000e+00,1.000000000000000000e+00
3.000000000000000000e+00,5.581476642608583505e-02,1.000000000000000000e+00,5.023328978347725293e-01,1.038429383732839559e-03,3.435022957645749830e+00,1.000000000000000000e+00,1.000000000000000000e+00,0.000000000000000000e+00,0.000000000000000000e+00
3.000000000000000000e+00,5.581476642608583505e-02,2.000000000000000000e+00,5.023328978347725293e-01,1.038429383732839559e-03,3.435022957645749830e+00,1.000000000000000000e+00,1.000000000000000000e+00,0.000000000000000000e+00,0.000000000000000000e+00
3.000000000000000000e+00,5.581476642608583505e-02,3.000000000000000000e+00,5.023328978347725293e-01,1.038429383732839559e-03,3.435022957645749830e+00,1.000000000000000000e+00,1.000000000000000000e+00,0.000000000000000000e+00,0.000000000000000000e+00
3.000000000000000000e+00,5.581476642608583505e-02,4.000000000000000000e+00,5.023328978347725293e-01,1.038429383732839559e-03,3.435022957645749830e+00,1.000000000000000000e+00,1.000000000000000000e+00,1.000000000000000000e+00,1.000000000000000000e+00
3.000000000000000000e+00,5.692822963442969314e-02,1.000000000000000000e+00,5.123540667098672730e-01,1.080274443103453009e-03,3.415270078071409809e+00,1.000000000000000000e+00,1.000000000000000000e+00,0.000000000000000000e+00,0.000000000000000000e+00
3.000000000000000000e+00,5.692822963442969314e-02,2.000000000000000000e+00,5.123540667098672730e-01,1.080274443103453009e-03,3.415270078071409809e+00,1.000000000000000000e+00,1.000000000000000000e+00,0.000000000000000000e+00,0.000000000000000000e+00
3.000000000000000000e+00,5.692822963442969314e-02,3.000000000000000000e+00,5.123540667098672730e-01,1.080274443103453009e-03,3.415270078071409809e+00,1.000000000000000000e+00,1.000000000000000000e+00,0.000000000000000000e+00,0.000000000000000000e+00
3.000000000000000000e+00,5.692822963442969314e-02,4.000000000000000000e+00,5.123540667098672730e-01,1.080274443103453009e-03,3.415270078071409809e+00,1.000000000000000000e+00,1.000000000000000000e+00,1.000000000000000000e+00,1.000000000000000000e+00
3.000000000000000000e+00,5.806390560824268438e-02,1.000000000000000000e+00,5.225751504741841247e-01,1.123805711494305385e-03,3.395517198497069344e+00,1.000000000000000000e+00,1.000000000000000000e+00,0.000000000000000000e+00,0.000000000000000000e+00
3.000000000000000000e+00,5.806390560824268438e-02,2.000000000000000000e+00,5.225751504741841247e-01,1.123805711494305385e-03,3.395517198497069344e+00,1.000000000000000000e+00,1.000000000000000000e+00,0.000000000000000000e+00,0.000000000000000000e+00
3.000000000000000000e+00,5.806390560824268438e-02,3.000000000000000000e+00,5.225751504741841247e-01,1.123805711494305385e-03,3.395517198497069344e+00,1.000000000000000000e+00,1.000000000000000000e+00,0.000000000000000000e+00,0.000000000000000000e+00
3.000000000000000000e+00,5.806390560824268438e-02,4.000000000000000000e+00,5.225751504741841247e-01,1.123805711494305385e-03,3.395517198497069344e+00,1.000000000000000000e+00,1.000000000000000000e+00,1.000000000000000000e+00,1.000000000000000000e+00
3.000000000000000000e+00,5.922223747572700342e-02,1.000000000000000000e+00,5.330001372815430516e-01,1.169091137210467955e-03,3.375764318922729323e+00,1.000000000000000000e+00,1.000000000000000000e+00,0.000000000000000000e+00,0.000000000000000000e+00
3.000000000000000000e+00,5.922223747572700342e-02,2.000000000000000000e+00,5.330001372815430516e-01,1.169091137210467955e-03,3.375764318922729323e+00,1.000000000000000000e+00,1.000000000000000000e+00,0.000000000000000000e+00,0.000000000000000000e+00
3.000000000000000000e+00,5.922223747572700342e-02,3.000000000000000000e+00,5.330001372815430516e-01,1.169091137210467955e-03,3.375764318922729323e+00,1.000000000000000000e+00,1.000000000000000000e+00,0.000000000000000000e+00,0.000000000000000000e+00
3.000000000000000000e+00,5.922223747572700342e-02,4.000000000000000000e+00,5.330001372815430516e-01,1.169091137210467955e-03,3.375764318922729323e+00,1.000000000000000000e+00,1.000000000000000000e+00,1.000000000000000000e+00,1.000000000000000000e+00
3.000000000000000000e+00,6.040367720516401362e-02,1.000000000000000000e+00,5.436330948464761503e-01,1.216201406635216906e-03,3.356011439348389302e+00,1.000000000000000000e+00,1.000000000000000000e+00,0.000000000000000000e+00,0.000000000000000000e+00
3.000000000000000000e+00,6.040367720516401362e-02,2.000000000000000000e+00,5.436330948464761503e-01,1.216201406635216906e-03,3.356011439348389302e+00,1.000000000000000000e+00,1.000000000000000000e+00,0.000000000000000000e+00,0.000000000000000000e+00
3.000000000000000000e+00,6.040367720516401362e-02,3.000000000000000000e+00,5.436330948464761503e-01,1.216201406635216906e-03,3.356011439348389302e+00,1.000000000000000000e+00,1.000000000000000000e+00,0.000000000000000000e+00,0.000000000000000000e+00
3.000000000000000000e+00,6.040367720516401362e-02,4.000000000000000000e+00,5.436330948464761503e-01,1.216201406635216906e-03,3.356011439348389302e+00,1.000000000000000000e+00,1.000000000000000000e+00,1.000000000000000000e+00,1.000000000000000000e+00
3.000000000000000000e+00,6.160868578126718620e-02,1.000000000000000000e+00,5.544781720314047035e-01,1.265210054564971150e-03,3.336258559774049282e+00,1.000000000000000000e+00,1.000000000000000000e+00,0.000000000000000000e+00,0.000000000000000000e+00
3.000000000000000000e+00,6.160868578126718620e-02,2.000000000000000000e+00,5.544781720314047035e-01,1.265210054564971150e-03,3.336258559774049282e+00,1.000000000000000000e+00,1.000000000000000000e+00,0.000000000000000000e+00,0.000000000000000000e+00
3.000000000000000000e+00,6.160868578126718620e-02,3.000000000000000000e+00,5.544781720314047035e-01,1.265210054564971150e-03,3.336258559774049282e+00,1.000000000000000000e+00,1.000000000000000000e+00,0.000000000000000000e+00,0.000000000000000000e+00
3.000000000000000000e+00,6.160868578126718620e-02,4.000000000000000000e+00,5.544781720314047035e-01,1.265210054564971150e-03,3.336258559774049282e+00,1.000000000000000000e+00,1.000000000000000000e+00,1.000000000000000000e+00,1.000000000000000000e+00
3.000000000000000000e+00,6.283773338505323214e-02,1.000000000000000000e+00,5.655396004654791309e-01,1.316193578990344608e-03,3.316505680199709261e+00,1.000000000000000000e+00,1.000000000000000000e+00,0.000000000000000000e+00,0.000000000000000000e+00
3.000000000000000000e+00,6.283773338505323214e-02,2.000000000000000000e+00,5.655396004654791309e-01,1.316193578990344608e-03,3.316505680199709261e+00,1.000000000000000000e+00,1.000000000000000000e+00,0.000000000000000000e+00,0.000000000000000000e+00
3.000000000000000000e+00,6.283773338505323214e-02,3.000000000000000000e+00,5.655396004654791309e-01,1.316193578990344608e-03,3.316505680199709261e+00,1.000000000000000000e+00,1.000000000000000000e+00,0.000000000000000000e+00,0.000000000000000000e+00
3.000000000000000000e+00,6.283773338505323214e-02,4.000000000000000000e+00,5.655396004654791309e-01,1.316193578990344608e-03,3.316505680199709261e+00,1.000000000000000000e+00,1.000000000000000000e+00,1.000000000000000000e+00,1.000000000000000000e+00
3.000000000000000000e+00,6.409129957730154425e-02,1.000000000000000000e+00,5.768216961957138844e-01,1.369231560502471093e-03,3.296752800625369240e+00,1.000000000000000000e+00,1.000000000000000000e+00,0.000000000000000000e+00,0.000000000000000000e+00
3.000000000000000000e+00,6.409129957730154425e-02,2.000000000000000000e+00,5.768216961957138844e-01,1.369231560502471093e-03,3.296752800625369240e+00,1.000000000000000000e+00,1.000000000000000000e+00,0.000000000000000000e+00,0.000000000000000000e+00
3.000000000000000000e+00,6.409129957730154425e-02,3.000000000000000000e+00,5.768216961957138844e-01,1.369231560502471093e-03,3.296752800625369240e+00,1.000000000000000000e+00,1.000000000000000000e+00,0.000000000000000000e+00,0.000000000000000000e+00
3.000000000000000000e+00,6.409129957730154425e-02,4.000000000000000000e+00,5.768216961957138844e-01,1.369231560502471093e-03,3.296752800625369240e+00,1.000000000000000000e+00,1.000000000000000000e+00,1.000000000000000000e+00,1.000000000000000000e+00
3.000000000000000000e+00,6.536987348567352418e-02,1.000000000000000000e+00,5.883288613710617732e-01,1.424406786510987654e-03,3.276999921051029219e+00,1.000000000000000000e+00,1.000000000000000000e+00,0.000000000000000000e+00,0.000000000000000000e+00
3.000000000000000000e+00,6.536987348567352418e-02,2.000000000000000000e+00,5.883288613710617732e-01,1.424406786510987654e-03,3.276999921051029219e+00,1.000000000000000000e+00,1.000000000000000000e+00,0.000000000000000000e+00,0.000000000000000000e+00
3.000000000000000000e+00,6.536987348567352418e-02,3.000000000000000000e+00,5.883288613710617732e-01,1.424406786510987654e-03,3.276999921051029219e+00,1.000000000000000000e+00,1.000000000000000000e+00,0.000000000000000000e+00,0.000000000000000000e+00
3.000000000000000000e+00,6.536987348567352418e-02,4.000000000000000000e+00,5.883288613710617732e-01,1.424406786510987654e-03,3.276999921051029219e+00,1.000000000000000000e+00,1.000000000000000000e+00,1.000000000000000000e+00,1.000000000000000000e+00
3.000000000000000000e+00,6.667395399556474977e-02,1.000000000000000000e+00,6.000655859600827480e-01,1.481805380467561420e-03,3.257247041476689198e+00,1.000000000000000000e+00,1.000000000000000000e+00,0.000000000000000000e+00,0.000000000000000000e+00
3.000000000000000000e+00,6.667395399556474977e-02,2.000000000000000000e+00,6.000655859600827480e-01,1.481805380467561420e-03,3.257247041476689198e+00,1.000000000000000000e+00,1.000000000000000000e+00,0.000000000000000000e+00,0.000000000000000000e+00
3.000000000000000000e+00,6.667395399556474977e-02,3.000000000000000000e+00,6.000655859600827480e-01,1.481805380467561420e-03,3.257247041476689198e+00,1.000000000000000000e+00,1.000000000000000000e+00,0.000000000000000000e+00,0.000000000000000000e+00
3.000000000000000000e+00,6.667395399556474977e-02,4.000000000000000000e+00,6.000655859600827480e-01,1.481805380467561420e-03,3.257247041476689198e+00,1.000000000000000000e+00,1.000000000000000000e+00,1.000000000000000000e+00,1.000000000000000000e+00
3.000000000000000000e+00,6.800404994476459686e-02,1.000000000000000000e+00,6.120364495028813856e-01,1.541516936296679447e-03,3.237494161902349177e+00,1.000000000000000000e+00,1.000000000000000000e+00,0.000000000000000000e+00,0.000000000000000000e+00
3.000000000000000000e+00,6.800404994476459686e-02,2.000000000000000000e+00,6.120364495028813856e-01,1.541516936296679447e-03,3.237494161902349177e+00,1.000000000000000000e+00,1.000000000000000000e+00,0.000000000000000000e+00,0.000000000000000000e+00
3.000000000000000000e+00,6.800404994476459686e-02,3.000000000000000000e+00,6.120364495028813856e-01,1.541516936296679447e-03,3.237494161902349177e+00,1.000000000000000000e+00,1.000000000000000000e+00,0.000000000000000000e+00,0.000000000000000000e+00
3.000000000000000000e+00,6.800404994476459686e-02,4.000000000000000000e+00,6.120364495028813856e-01,1.541516936296679447e-03,3.237494161902349177e+00,1.000000000000000000e+00,1.000000000000000000e+00,1.000000000000000000e+00,1.000000000000000000e+00
3.000000000000000000e+00,6.936068032199904643e-02,1.000000000000000000e+00,6.242461228979914178e-01,1.603634658243515082e-03,3.217741282328009156e+00,1.000000000000000000e+00,1.000000000000000000e+00,0.000000000000000000e+00,0.000000000000000000e+00
3.000000000000000000e+00,6.936068032199904643e-02,2.000000000000000000e+00,6.242461228979914178e-01,1.603634658243515082e-03,3.217741282328009156e+00,1.000000000000000000e+00,1.000000000000000000e+00,0.000000000000000000e+00,0.000000000000000000e+00
3.000000000000000000e+00,6.936068032199904643e-02,3.000000000000000000e+00,6.242461228979914178e-01,1.603634658243515082e-03,3.217741282328009156e+00,1.000000000000000000e+00,1.000000000000000000e+00,0.000000000000000000e+00,0.000000000000000000e+00
3.000000000000000000e+00,6.936068032199904643e-02,4.000000000000000000e+00,6.242461228979914178e-01,1.603634658243515082e-03,3.217741282328009156e+00,1.000000000000000000e+00,1.000000000000000000e+00,1.000000000000000000e+00,1.000000000000000000e+00
3.000000000000000000e+00,7.074437446943439289e-02,1.000000000000000000e+00,6.366993702249095222e-01,1.668255506357186864e-03,3.197988402753669135e+00,1.000000000000000000e+00,1.000000000000000000e+00,0.000000000000000000e+00,0.000000000000000000e+00
3.000000000000000000e+00,7.074437446943439289e-02,2.000000000000000000e+00,6.366993702249095222e-01,1.668255506357186864e-03,3.197988402753669135e+00,1.000000000000000000e+00,1.000000000000000000e+00,0.000000000000000000e+00,0.000000000000000000e+00
3.000000000000000000e+00,7.074437446943439289e-02,3.000000000000000000e+00,6.366993702249095222e-01,1.668255506357186864e-03,3.197988402753669135e+00,1.000000000000000000e+00,1.000000000000000000e+00,0.000000000000000000e+00,0.000000000000000000e+00
3.000000000000000000e+00,7.074437446943439289e-02,4.000000000000000000e+00,6.366993702249095222e-01,1.668255506357186864e-03,3.197988402753669135e+00,1.000000000000000000e+00,1.000000000000000000e+00,1.000000000000000000e+00,1.000000000000000000e+00
3.000000000000000000e+00,7.215567228922069309e-02,1.000000000000000000e+00,6.494010506029862517e-01,1.735480347836470530e-03,3.178235523179328670e+00,1.000000000000000000e+00,1.000000000000000000e+00,0.000000000000000000e+00,0.000000000000000000e+00
3.000000000000000000e+00,7.215567228922069309e-02,2.000000000000000000e+00,6.494010506029862517e-01,1.735480347836470530e-03,3.178235523179328670e+00,1.000000000000000000e+00,1.000000000000000000e+00,0.000000000000000000e+00,0.000000000000000000e+00
3.000000000000000000e+00,7.215567228922069309e-02,3.000000000000000000e+00,6.494010506029862517e-01,1.735480347836470530e-03,3.178235523179328670e+00,1.000000000000000000e+00,1.000000000000000000e+00,0.000000000000000000e+00,0.000000000000000000e+00
3.000000000000000000e+00,7.215567228922069309e-02,4.000000000000000000e+00,6.494010506029862517e-01,1.735480347836470530e-03,3.178235523179328670e+00,1.000000000000000000e+00,1.000000000000000000e+00,1.000000000000000000e+00,1.000000000000000000e+00
3.000000000000000000e+00,7.359512445415555826e-02,1.000000000000000000e+00,6.623561200873999688e-01,1.805414114474215024e-03,3.158482643604989093e+00,1.000000000000000000e+00,1.000000000000000000e+00,0.000000000000000000e+00,0.000000000000000000e+00
3.000000000000000000e+00,7.359512445415555826e-02,2.000000000000000000e+00,6.623561200873999688e-01,1.805414114474215024e-03,3.158482643604989093e+00,1.000000000000000000e+00,1.000000000000000000e+00,0.000000000000000000e+00,0.000000000000000000e+00
3.000000000000000000e+00,7.359512445415555826e-02,3.000000000000000000e+00,6.623561200873999688e-01,1.805414114474215024e-03,3.158482643604989093e+00,1.000000000000000000e+00,1.000000000000000000e+00,0.000000000000000000e+00,0.000000000000000000e+00
3.000000000000000000e+00,7.359512445415555826e-02,4.000000000000000000e+00,6.623561200873999688e-01,1.805414114474215024e-03,3.158482643604989093e+00,1.000000000000000000e+00,1.000000000000000000e+00,1.000000000000000000e+00,1.000000000000000000e+00
3.000000000000000000e+00,7.506329262255070911e-02,1.000000000000000000e+00,6.755696336029564097e-01,1.878165966446225348e-03,3.138729764030649072e+00,1.000000000000000000e+00,1.000000000000000000e+00,0.000000000000000000e+00,0.000000000000000000e+00
3.000000000000000000e+00,7.506329262255070911e-02,2.000000000000000000e+00,6.755696336029564097e-01,1.878165966446225348e-03,3.138729764030649072e+00,1.000000000000000000e+00,1.000000000000000000e+00,0.000000000000000000e+00,0.000000000000000000e+00
3.000000000000000000e+00,7.506329262255070911e-02,3.000000000000000000e+00,6.755696336029564097e-01,1.878165966446225348e-03,3.138729764030649072e+00,1.000000000000000000e+00,1.000000000000000000e+00,0.000000000000000000e+00,0.000000000000000000e+00
3.000000000000000000e+00,7.506329262255070911e-02,4.000000000000000000e+00,6.755696336029564097e-01,1.878165966446225348e-03,3.138729764030649072e+00,1.000000000000000000e+00,1.000000000000000000e+00,1.000000000000000000e+00,1.000000000000000000e+00
3.000000000000000000e+00,7.656074965738476901e-02,1.000000000000000000e+00,6.890467469164629488e-01,1.953849462700247164e-03,3.118976884456308163e+00,1.000000000000000000e+00,1.000000000000000000e+00,0.000000000000000000e+00,0.000000000000000000e+00
3.000000000000000000e+00,7.656074965738476901e-02,2.000000000000000000e+00,6.890467469164629488e-01,1.953849462700247164e-03,3.118976884456308163e+00,1.000000000000000000e+00,1.000000000000000000e+00,0.000000000000000000e+00,0.000000000000000000e+00
3.000000000000000000e+00,7.656074965738476901e-02,3.000000000000000000e+00,6.890467469164629488e-01,1.953849462700247164e-03,3.118976884456308163e+00,1.000000000000000000e+00,1.000000000000000000e+00,0.000000000000000000e+00,0.000000000000000000e+00
3.000000000000000000e+00,7.656074965738476901e-02,4.000000000000000000e+00,6.890467469164629488e-01,1.953849462700247164e-03,3.118976884456308163e+00,1.000000000000000000e+00,1.000000000000000000e+00,1.000000000000000000e+00,1.000000000000000000e+00
3.000000000000000000e+00,7.808807984982790718e-02,1.000000000000000000e+00,7.027927186484511646e-01,2.032582738211033326e-03,3.099224004881968142e+00,1.000000000000000000e+00,1.000000000000000000e+00,0.000000000000000000e+00,0.000000000000000000e+00
3.000000000000000000e+00,7.808807984982790718e-02,2.000000000000000000e+00,7.027927186484511646e-01,2.032582738211033326e-03,3.099224004881968142e+00,1.000000000000000000e+00,1.000000000000000000e+00,0.000000000000000000e+00,0.000000000000000000e+00
3.000000000000000000e+00,7.808807984982790718e-02,3.000000000000000000e+00,7.027927186484511646e-01,2.032582738211033326e-03,3.099224004881968142e+00,1.000000000000000000e+00,1.000000000000000000e+00,0.000000000000000000e+00,0.000000000000000000e+00
3.000000000000000000e+00,7.808807984982790718e-02,4.000000000000000000e+00,7.027927186484511646e-01,2.032582738211033326e-03,3.099224004881968142e+00,1.000000000000000000e+00,1.000000000000000000e+00,1.000000000000000000e+00,1.000000000000000000e+00
3.000000000000000000e+00,7.964587914722609518e-02,1.000000000000000000e+00,7.168129123250348567e-01,2.114488688378181585e-03,3.079471125307628121e+00,1.000000000000000000e+00,1.000000000000000000e+00,0.000000000000000000e+00,0.000000000000000000e+00
3.000000000000000000e+00,7.964587914722609518e-02,2.000000000000000000e+00,7.168129123250348567e-01,2.114488688378181585e-03,3.079471125307628121e+00,1.000000000000000000e+00,1.000000000000000000e+00,0.000000000000000000e+00,0.000000000000000000e+00
3.000000000000000000e+00,7.964587914722609518e-02,3.000000000000000000e+00,7.168129123250348567e-01,2.114488688378181585e-03,3.079471125307628121e+00,1.000000000000000000e+00,1.000000000000000000e+00,0.000000000000000000e+00,0.000000000000000000e+00
3.000000000000000000e+00,7.964587914722609518e-02,4.000000000000000000e+00,7.168129123250348567e-01,2.114488688378181585e-03,3.079471125307628121e+00,1.000000000000000000e+00,1.000000000000000000e+00,1.000000000000000000e+00,1.000000000000000000e+00
3.000000000000000000e+00,8.123475538563297571e-02,1.000000000000000000e+00,7.311127984706967675e-01,2.199695160854541701e-03,3.059718245733288100e+00,1.000000000000000000e+00,1.000000000000000000e+00,0.000000000000000000e+00,0.000000000000000000e+00
3.000000000000000000e+00,8.123475538563297571e-02,2.000000000000000000e+00,7.311127984706967675e-01,2.199695160854541701e-03,3.059718245733288100e+00,1.000000000000000000e+00,1.000000000000000000e+00,0.000000000000000000e+00,0.000000000000000000e+00
3.000000000000000000e+00,8.123475538563297571e-02,3.000000000000000000e+00,7.311127984706967675e-01,2.199695160854541701e-03,3.059718245733288100e+00,1.000000000000000000e+00,1.000000000000000000e+00,0.000000000000000000e+00,0.000000000000000000e+00
3.000000000000000000e+00,8.123475538563297571e-02,4.000000000000000000e+00,7.311127984706967675e-01,2.199695160854541701e-03,3.059718245733288100e+00,1.000000000000000000e+00,1.000000000000000000e+00,1.000000000000000000e+00,1.000000000000000000e+00
3.000000000000000000e+00,8.285532852698077044e-02,1.000000000000000000e+00,7.456979567428269062e-01,2.288335155104637749e-03,3.039965366158948079e+00,1.000000000000000000e+00,1.000000000000000000e+00,0.000000000000000000e+00,0.000000000000000000e+00
3.000000000000000000e+00,8.285532852698077044e-02,2.000000000000000000e+00,7.456979567428269062e-01,2.288335155104637749e-03,3.039965366158948079e+00,1.000000000000000000e+00,1.000000000000000000e+00,0.000000000000000000e+00,0.000000000000000000e+00
3.000000000000000000e+00,8.285532852698077044e-02,3.000000000000000000e+00,7.456979567428269062e-01,2.288335155104637749e-03,3.039965366158948079e+00,1.000000000000000000e+00,1.000000000000000000e+00,0.000000000000000000e+00,0.000000000000000000e+00
3.000000000000000000e+00,8.285532852698077044e-02,4.000000000000000000e+00,7.456979567428269062e-01,2.288335155104637749e-03,3.039965366158948079e+00,1.000000000000000000e+00,1.000000000000000000e+00,1.000000000000000000e+00,1.000000000000000000e+00
3.000000000000000000e+00,8.450823090098262547e-02,1.000000000000000000e+00,7.605740781088435876e-01,2.380547030004598417e-03,3.020212486584608058e+00,1.000000000000000000e+00,1.000000000000000000e+00,0.000000000000000000e+00,0.000000000000000000e+00
3.000000000000000000e+00,8.450823090098262547e-02,2.000000000000000000e+00,7.605740781088435876e-01,2.380547030004598417e-03,3.020212486584608058e+00,1.000000000000000000e+00,1.000000000000000000e+00,0.000000000000000000e+00,0.000000000000000000e+00
3.000000000000000000e+00,8.450823090098262547e-02,3.000000000000000000e+00,7.605740781088435876e-01,2.380547030004598417e-03,3.020212486584608058e+00,1.000000000000000000e+00,1.000000000000000000e+00,0.000000000000000000e+00,0.000000000000000000e+00
3.000000000000000000e+00,8.450823090098262547e-02,4.000000000000000000e+00,7.605740781088435876e-01,2.380547030004598417e-03,3.020212486584608058e+00,1.000000000000000000e+00,1.000000000000000000e+00,1.000000000000000000e+00,1.000000000000000000e+00
3.000000000000000000e+00,8.619410745186065204e-02,1.000000000000000000e+00,7.757469670667458406e-01,2.476474719807633413e-03,3.000459607010268037e+00,1.000000000000000000e+00,1.000000000000000000e+00,0.000000000000000000e+00,0.000000000000000000e+00
3.000000000000000000e+00,8.619410745186065204e-02,2.000000000000000000e+00,7.757469670667458406e-01,2.476474719807633413e-03,3.000459607010268037e+00,1.000000000000000000e+00,1.000000000000000000e+00,0.000000000000000000e+00,0.000000000000000000e+00
3.000000000000000000e+00,8.619410745186065204e-02,3.000000000000000000e+00,7.757469670667458406e-01,2.476474719807633413e-03,3.000459607010268037e+00,1.000000000000000000e+00,1.000000000000000000e+00,0.000000000000000000e+00,0.000000000000000000e+00
3.000000000000000000e+00,8.619410745186065204e-02,4.000000000000000000e+00,7.757469670667458406e-01,2.476474719807633413e-03,3.000459607010268037e+00,1.000000000000000000e+00,1.000000000000000000e+00,1.000000000000000000e+00,1.000000000000000000e+00
3.000000000000000000e+00,8.791361598999597460e-02,1.000000000000000000e+00,7.912225439099638269e-01,2.576267958812158716e-03,2.980706727435928016e+00,1.000000000000000000e+00,1.000000000000000000e+00,0.000000000000000000e+00,0.000000000000000000e+00
3.000000000000000000e+00,8.791361598999597460e-02,2.000000000000000000e+00,7.912225439099638269e-01,2.576267958812158716e-03,2.980706727435928016e+00,1.000000000000000000e+00,1.000000000000000000e+00,0.000000000000000000e+00,0.000000000000000000e+00
3.000000000000000000e+00,8.791361598999597460e-02,3.000000000000000000e+00,7.912225439099638269e-01,2.576267958812158716e-03,2.980706727435928016e+00,1.000000000000000000e+00,1.000000000000000000e+00,1.000000000000000000e+00,1.000000000000000000e+00
3.000000000000000000e+00,8.791361598999597460e-02,4.000000000000000000e+00,7.912225439099638269e-01,2.576267958812158716e-03,2.980706727435928016e+00,1.000000000000000000e+00,1.000000000000000000e+00,1.000000000000000000e+00,1.000000000000000000e+00
3.000000000000000000e+00,8.966742744859919345e-02,1.000000000000000000e+00,8.070068470373927827e-01,2.680082515083266701e-03,2.960953847861587995e+00,1.000000000000000000e+00,1.000000000000000000e+00,0.000000000000000000e+00,0.000000000000000000e+00
3.000000000000000000e+00,8.966742744859919345e-02,2.000000000000000000e+00,8.070068470373927827e-01,2.680082515083266701e-03,2.960953847861587995e+00,1.000000000000000000e+00,1.000000000000000000e+00,0.000000000000000000e+00,0.000000000000000000e+00
3.000000000000000000e+00,8.966742744859919345e-02,3.000000000000000000e+00,8.070068470373927827e-01,2.680082515083266701e-03,2.960953847861587995e+00,1.000000000000000000e+00,1.000000000000000000e+00,1.000000000000000000e+00,1.000000000000000000e+00
3.000000000000000000e+00,8.966742744859919345e-02,4.000000000000000000e+00,8.070068470373927827e-01,2.680082515083266701e-03,2.960953847861587995e+00,1.000000000000000000e+00,1.000000000000000000e+00,1.000000000000000000e+00,1.000000000000000000e+00
3.000000000000000000e+00,9.145622614550093232e-02,1.000000000000000000e+00,8.231060353095084325e-01,2.788080433592336153e-03,2.941200968287247974e+00,1.000000000000000000e+00,1.000000000000000000e+00,0.000000000000000000e+00,0.000000000000000000e+00
3.000000000000000000e+00,9.145622614550093232e-02,2.000000000000000000e+00,8.231060353095084325e-01,2.788080433592336153e-03,2.941200968287247974e+00,1.000000000000000000e+00,1.000000000000000000e+00,0.000000000000000000e+00,0.000000000000000000e+00
3.000000000000000000e+00,9.145622614550093232e-02,3.000000000000000000e+00,8.231060353095084325e-01,2.788080433592336153e-03,2.941200968287247974e+00,1.000000000000000000e+00,1.000000000000000000e+00,1.000000000000000000e+00,1.000000000000000000e+00
3.000000000000000000e+00,9.145622614550093232e-02,4.000000000000000000e+00,8.231060353095084325e-01,2.788080433592336153e-03,2.941200968287247974e+00,1.000000000000000000e+00,1.000000000000000000e+00,1.000000000000000000e+00,1.000000000000000000e+00
3.000000000000000000e+00,9.328071005016523587e-02,1.000000000000000000e+00,8.395263904514871367e-01,2.900430289154332705e-03,2.921448088712907509e+00,1.000000000000000000e+00,1.000000000000000000e+00,0.000000000000000000e+00,0.000000000000000000e+00
3.000000000000000000e+00,9.328071005016523587e-02,2.000000000000000000e+00,8.395263904514871367e-01,2.900430289154332705e-03,2.921448088712907509e+00,1.000000000000000000e+00,1.000000000000000000e+00,0.000000000000000000e+00,0.000000000000000000e+00
3.000000000000000000e+00,9.328071005016523587e-02,3.000000000000000000e+00,8.395263904514871367e-01,2.900430289154332705e-03,2.921448088712907509e+00,1.000000000000000000e+00,1.000000000000000000e+00,1.000000000000000000e+00,1.000000000000000000e+00
3.000000000000000000e+00,9.328071005016523587e-02,4.000000000000000000e+00,8.395263904514871367e-01,2.900430289154332705e-03,2.921448088712907509e+00,1.000000000000000000e+00,1.000000000000000000e+00,1.000000000000000000e+00,1.000000000000000000e+00
3.000000000000000000e+00,9.514159105602944255e-02,1.000000000000000000e+00,8.562743195042650246e-01,3.017307449557580720e-03,2.901695209138567488e+00,1.000000000000000000e+00,1.000000000000000000e+00,0.000000000000000000e+00,0.000000000000000000e+00
3.000000000000000000e+00,9.514159105602944255e-02,2.000000000000000000e+00,8.562743195042650246e-01,3.017307449557580720e-03,2.901695209138567488e+00,1.000000000000000000e+00,1.000000000000000000e+00,0.000000000000000000e+00,0.000000000000000000e+00
3.000000000000000000e+00,9.514159105602944255e-02,3.000000000000000000e+00,8.562743195042650246e-01,3.017307449557580720e-03,2.901695209138567488e+00,1.000000000000000000e+00,1.000000000000000000e+00,1.000000000000000000e+00,1.000000000000000000e+00
3.000000000000000000e+00,9.514159105602944255e-02,4.000000000000000000e+00,8.562743195042650246e-01,3.017307449557580720e-03,2.901695209138567488e+00,1.000000000000000000e+00,1.000000000000000000e+00,1.000000000000000000e+00,1.000000000000000000e+00
3.000000000000000000e+00,9.703959525827715593e-02,1.000000000000000000e+00,8.733563573244944589e-01,3.138894349296748789e-03,2.881942329564227911e+00,1.000000000000000000e+00,1.000000000000000000e+00,0.000000000000000000e+00,0.000000000000000000e+00
3.000000000000000000e+00,9.703959525827715593e-02,2.000000000000000000e+00,8.733563573244944589e-01,3.138894349296748789e-03,2.881942329564227911e+00,1.000000000000000000e+00,1.000000000000000000e+00,0.000000000000000000e+00,0.000000000000000000e+00
3.000000000000000000e+00,9.703959525827715593e-02,3.000000000000000000e+00,8.733563573244944589e-01,3.138894349296748789e-03,2.881942329564227911e+00,1.000000000000000000e+00,1.000000000000000000e+00,1.000000000000000000e+00,1.000000000000000000e+00
3.000000000000000000e+00,9.703959525827715593e-02,4.000000000000000000e+00,8.733563573244944589e-01,3.138894349296748789e-03,2.881942329564227911e+00,1.000000000000000000e+00,1.000000000000000000e+00,1.000000000000000000e+00,1.000000000000000000e+00
3.000000000000000000e+00,9.897546323715258887e-02,1.000000000000000000e+00,8.907791691343732721e-01,3.265380774336314271e-03,2.862189449989887446e+00,1.000000000000000000e+00,1.000000000000000000e+00,0.000000000000000000e+00,0.000000000000000000e+00
3.000000000000000000e+00,9.897546323715258887e-02,2.000000000000000000e+00,8.907791691343732721e-01,3.265380774336314271e-03,2.862189449989887446e+00,1.000000000000000000e+00,1.000000000000000000e+00,0.000000000000000000e+00,0.000000000000000000e+00
3.000000000000000000e+00,9.897546323715258887e-02,3.000000000000000000e+00,8.907791691343732721e-01,3.265380774336314271e-03,2.862189449989887446e+00,1.000000000000000000e+00,1.000000000000000000e+00,1.000000000000000000e+00,1.000000000000000000e+00
3.000000000000000000e+00,9.897546323715258887e-02,4.000000000000000000e+00,8.907791691343732721e-01,3.265380774336314271e-03,2.862189449989887446e+00,1.000000000000000000e+00,1.000000000000000000e+00,1.000000000000000000e+00,1.000000000000000000e+00
3.000000000000000000e+00,1.009499503469267478e-01,1.000000000000000000e+00,9.085495531223407584e-01,3.396964158348992052e-03,2.842436570415546981e+00,1.000000000000000000e+00,1.000000000000000000e+00,0.000000000000000000e+00,0.000000000000000000e+00
3.000000000000000000e+00,1.009499503469267478e-01,2.000000000000000000e+00,9.085495531223407584e-01,3.396964158348992052e-03,2.842436570415546981e+00,1.000000000000000000e+00,1.000000000000000000e+00,0.000000000000000000e+00,0.000000000000000000e+00
3.000000000000000000e+00,1.009499503469267478e-01,3.000000000000000000e+00,9.085495531223407584e-01,3.396964158348992052e-03,2.842436570415546981e+00,1.000000000000000000e+00,1.000000000000000000e+00,1.000000000000000000e+00,1.000000000000000000e+00
3.000000000000000000e+00,1.009499503469267478e-01,4.000000000000000000e+00,9.085495531223407584e-01,3.396964158348992052e-03,2.842436570415546981e+00,1.000000000000000000e+00,1.000000000000000000e+00,1.000000000000000000e+00,1.000000000000000000e+00
3.000000000000000000e+00,1.029638270106282144e-01,1.000000000000000000e+00,9.266744430956539436e-01,3.533849890891524112e-03,2.822683690841206960e+00,1.000000000000000000e+00,1.000000000000000000e+00,0.000000000000000000e+00,0.000000000000000000e+00
3.000000000000000000e+00,1.029638270106282144e-01,2.000000000000000000e+00,9.266744430956539436e-01,3.533849890891524112e-03,2.822683690841206960e+00,1.000000000000000000e+00,1.000000000000000000e+00,0.000000000000000000e+00,0.000000000000000000e+00
3.000000000000000000e+00,1.029638270106282144e-01,3.000000000000000000e+00,9.266744430956539436e-01,3.533849890891524112e-03,2.822683690841206960e+00,1.000000000000000000e+00,1.000000000000000000e+00,1.000000000000000000e+00,1.000000000000000000e+00
3.000000000000000000e+00,1.029638270106282144e-01,4.000000000000000000e+00,9.266744430956539436e-01,3.533849890891524112e-03,2.822683690841206960e+00,1.000000000000000000e+00,1.000000000000000000e+00,1.000000000000000000e+00,1.000000000000000000e+00
3.000000000000000000e+00,1.050178790206539176e-01,1.000000000000000000e+00,9.451609111858852996e-01,3.676251637998900843e-03,2.802930811266866939e+00,1.000000000000000000e+00,1.000000000000000000e+00,0.000000000000000000e+00,0.000000000000000000e+00
3.000000000000000000e+00,1.050178790206539176e-01,2.000000000000000000e+00,9.451609111858852996e-01,3.676251637998900843e-03,2.802930811266866939e+00,1.000000000000000000e+00,1.000000000000000000e+00,0.000000000000000000e+00,0.000000000000000000e+00
3.000000000000000000e+00,1.050178790206539176e-01,3.000000000000000000e+00,9.451609111858852996e-01,3.676251637998900843e-03,2.802930811266866939e+00,1.000000000000000000e+00,1.000000000000000000e+00,1.000000000000000000e+00,1.000000000000000000e+00
3.000000000000000000e+00,1.050178790206539176e-01,4.000000000000000000e+00,9.451609111858852996e-01,3.676251637998900843e-03,2.802930811266866939e+00,1.000000000000000000e+00,1.000000000000000000e+00,1.000000000000000000e+00,1.000000000000000000e+00
3.000000000000000000e+00,1.071129078453764288e-01,1.000000000000000000e+00,9.640161706083878457e-01,3.824391675697367751e-03,2.783177931692526919e+00,1.000000000000000000e+00,1.000000000000000000e+00,0.000000000000000000e+00,0.000000000000000000e+00
3.000000000000000000e+00,1.071129078453764288e-01,2.000000000000000000e+00,9.640161706083878457e-01,3.824391675697367751e-03,2.783177931692526919e+00,1.000000000000000000e+00,1.000000000000000000e+00,0.000000000000000000e+00,0.000000000000000000e+00
3.000000000000000000e+00,1.071129078453764288e-01,3.000000000000000000e+00,9.640161706083878457e-01,3.824391675697367751e-03,2.783177931692526919e+00,1.000000000000000000e+00,1.000000000000000000e+00,1.000000000000000000e+00,1.000000000000000000e+00
3.000000000000000000e+00,1.071129078453764288e-01,4.000000000000000000e+00,9.640161706083878457e-01,3.824391675697367751e-03,2.783177931692526919e+00,1.000000000000000000e+00,1.000000000000000000e+00,1.000000000000000000e+00,1.000000000000000000e+00
3.000000000000000000e+00,1.092497309418681839e-01,1.000000000000000000e+00,9.832475784768136551e-01,3.978501236956863592e-03,2.763425052118186898e+00,1.000000000000000000e+00,1.000000000000000000e+00,0.000000000000000000e+00,0.000000000000000000e+00
3.000000000000000000e+00,1.092497309418681839e-01,2.000000000000000000e+00,9.832475784768136551e-01,3.978501236956863592e-03,2.763425052118186898e+00,1.000000000000000000e+00,1.000000000000000000e+00,0.000000000000000000e+00,0.000000000000000000e+00
3.000000000000000000e+00,1.092497309418681839e-01,3.000000000000000000e+00,9.832475784768136551e-01,3.978501236956863592e-03,2.763425052118186898e+00,1.000000000000000000e+00,1.000000000000000000e+00,1.000000000000000000e+00,1.000000000000000000e+00
3.000000000000000000e+00,1.092497309418681839e-01,4.000000000000000000e+00,9.832475784768136551e-01,3.978501236956863592e-03,2.763425052118186898e+00,1.000000000000000000e+00,1.000000000000000000e+00,1.000000000000000000e+00,1.000000000000000000e+00
3.000000000000000000e+00,1.114291820748641165e-01,1.000000000000000000e+00,1.002862638673777118e+00,4.138820872624406413e-03,2.743672172543846877e+00,0.000000000000000000e+00,1.000000000000000000e+00,0.000000000000000000e+00,0.000000000000000000e+00
3.000000000000000000e+00,1.114291820748641165e-01,2.000000000000000000e+00,1.002862638673777118e+00,4.138820872624406413e-03,2.743672172543846877e+00,0.000000000000000000e+00,1.000000000000000000e+00,0.000000000000000000e+00,0.000000000000000000e+00
3.000000000000000000e+00,1.114291820748641165e-01,3.000000000000000000e+00,1.002862638673777118e+00,4.138820872624406413e-03,2.743672172543846877e+00,0.000000000000000000e+00,1.000000000000000000e+00,1.000000000000000000e+00,0.000000000000000000e+00
3.000000000000000000e+00,1.114291820748641165e-01,4.000000000000000000e+00,1.002862638673777118e+00,4.138820872624406413e-03,2.743672172543846877e+00,0.000000000000000000e+00,1.000000000000000000e+00,1.000000000000000000e+00,0.000000000000000000e+00
3.000000000000000000e+00,1.136521116420874528e-01,1.000000000000000000e+00,1.022869004778787172e+00,4.305600826901836639e-03,2.723919292969506856e+00,0.000000000000000000e+00,1.000000000000000000e+00,0.000000000000000000e+00,0.000000000000000000e+00
3.000000000000000000e+00,1.136521116420874528e-01,2.000000000000000000e+00,1.022869004778787172e+00,4.305600826901836639e-03,2.723919292969506856e+00,0.000000000000000000e+00,1.000000000000000000e+00,0.000000000000000000e+00,0.000000000000000000e+00
3.000000000000000000e+00,1.136521116420874528e-01,3.000000000000000000e+00,1.022869004778787172e+00,4.305600826901836639e-03,2.723919292969506856e+00,0.000000000000000000e+00,1.000000000000000000e+00,1.000000000000000000e+00,0.000000000000000000e+00
3.000000000000000000e+00,1.136521116420874528e-01,4.000000000000000000e+00,1.022869004778787172e+00,4.305600826901836639e-03,2.723919292969506856e+00,0.000000000000000000e+00,1.000000000000000000e+00,1.000000000000000000e+00,0.000000000000000000e+00
3.000000000000000000e+00,1.159193870060654941e-01,1.000000000000000000e+00,1.043274483054589474e+00,4.479101427953995247e-03,2.704166413395166835e+00,0.000000000000000000e+00,1.000000000000000000e+00,0.000000000000000000e+00,0.000000000000000000e+00
3.000000000000000000e+00,1.159193870060654941e-01,2.000000000000000000e+00,1.043274483054589474e+00,4.479101427953995247e-03,2.704166413395166835e+00,0.000000000000000000e+00,1.000000000000000000e+00,0.000000000000000000e+00,0.000000000000000000e+00
3.000000000000000000e+00,1.159193870060654941e-01,3.000000000000000000e+00,1.043274483054589474e+00,4.479101427953995247e-03,2.704166413395166835e+00,0.000000000000000000e+00,1.000000000000000000e+00,1.000000000000000000e+00,0.000000000000000000e+00
3.000000000000000000e+00,1.159193870060654941e-01,4.000000000000000000e+00,1.043274483054589474e+00,4.479101427953995247e-03,2.704166413395166835e+00,0.000000000000000000e+00,1.000000000000000000e+00,1.000000000000000000e+00,0.000000000000000000e+00
3.000000000000000000e+00,1.182318928325648971e-01,1.000000000000000000e+00,1.064087035493084032e+00,4.659593494257037276e-03,2.684413533820826814e+00,0.000000000000000000e+00,1.000000000000000000e+00,0.000000000000000000e+00,0.000000000000000000e+00
3.000000000000000000e+00,1.182318928325648971e-01,2.000000000000000000e+00,1.064087035493084032e+00,4.659593494257037276e-03,2.684413533820826814e+00,0.000000000000000000e+00,1.000000000000000000e+00,0.000000000000000000e+00,0.000000000000000000e+00
3.000000000000000000e+00,1.182318928325648971e-01,3.000000000000000000e+00,1.064087035493084032e+00,4.659593494257037276e-03,2.684413533820826814e+00,0.000000000000000000e+00,1.000000000000000000e+00,1.000000000000000000e+00,0.000000000000000000e+00
3.000000000000000000e+00,1.182318928325648971e-01,4.000000000000000000e+00,1.064087035493084032e+00,4.659593494257037276e-03,2.684413533820826814e+00,0.000000000000000000e+00,1.000000000000000000e+00,1.000000000000000000e+00,0.000000000000000000e+00
3.000000000000000000e+00,1.205905314357784697e-01,1.000000000000000000e+00,1.085314782922006227e+00,4.847358757321158437e-03,2.664660654246486793e+00,0.000000000000000000e+00,1.000000000000000000e+00,0.000000000000000000e+00,0.000000000000000000e+00
3.000000000000000000e+00,1.205905314357784697e-01,2.000000000000000000e+00,1.085314782922006227e+00,4.847358757321158437e-03,2.664660654246486793e+00,0.000000000000000000e+00,1.000000000000000000e+00,0.000000000000000000e+00,0.000000000000000000e+00
3.000000000000000000e+00,1.205905314357784697e-01,3.000000000000000000e+00,1.085314782922006227e+00,4.847358757321158437e-03,2.664660654246486793e+00,0.000000000000000000e+00,1.000000000000000000e+00,1.000000000000000000e+00,0.000000000000000000e+00
3.000000000000000000e+00,1.205905314357784697e-01,4.000000000000000000e+00,1.085314782922006227e+00,4.847358757321158437e-03,2.664660654246486793e+00,0.000000000000000000e+00,1.000000000000000000e+00,1.000000000000000000e+00,0.000000000000000000e+00
3.000000000000000000e+00,1.229962231303981662e-01,1.000000000000000000e+00,1.106966008173583482e+00,5.042690301447564673e-03,2.644907774672146772e+00,0.000000000000000000e+00,1.000000000000000000e+00,0.000000000000000000e+00,0.000000000000000000e+00
3.000000000000000000e+00,1.229962231303981662e-01,2.000000000000000000e+00,1.106966008173583482e+00,5.042690301447564673e-03,2.644907774672146772e+00,0.000000000000000000e+00,1.000000000000000000e+00,0.000000000000000000e+00,0.000000000000000000e+00
3.000000000000000000e+00,1.229962231303981662e-01,3.000000000000000000e+00,1.106966008173583482e+00,5.042690301447564673e-03,2.644907774672146772e+00,0.000000000000000000e+00,1.000000000000000000e+00,1.000000000000000000e+00,0.000000000000000000e+00
3.000000000000000000e+00,1.229962231303981662e-01,4.000000000000000000e+00,1.106966008173583482e+00,5.042690301447564673e-03,2.644907774672146772e+00,0.000000000000000000e+00,1.000000000000000000e+00,1.000000000000000000e+00,0.000000000000000000e+00
3.000000000000000000e+00,1.254499065907117017e-01,1.000000000000000000e+00,1.129049159316405371e+00,5.245893021206097379e-03,2.625154895097806751e+00,0.000000000000000000e+00,1.000000000000000000e+00,0.000000000000000000e+00,0.000000000000000000e+00
3.000000000000000000e+00,1.254499065907117017e-01,2.000000000000000000e+00,1.129049159316405371e+00,5.245893021206097379e-03,2.625154895097806751e+00,0.000000000000000000e+00,1.000000000000000000e+00,0.000000000000000000e+00,0.000000000000000000e+00
3.000000000000000000e+00,1.254499065907117017e-01,3.000000000000000000e+00,1.129049159316405371e+00,5.245893021206097379e-03,2.625154895097806751e+00,0.000000000000000000e+00,1.000000000000000000e+00,1.000000000000000000e+00,0.000000000000000000e+00
3.000000000000000000e+00,1.254499065907117017e-01,4.000000000000000000e+00,1.129049159316405371e+00,5.245893021206097379e-03,2.625154895097806751e+00,0.000000000000000000e+00,1.000000000000000000e+00,1.000000000000000000e+00,0.000000000000000000e+00
3.000000000000000000e+00,1.279525392168629205e-01,1.000000000000000000e+00,1.151572852951766368e+00,5.457284097347614958e-03,2.605402015523466286e+00,0.000000000000000000e+00,1.000000000000000000e+00,0.000000000000000000e+00,0.000000000000000000e+00
3.000000000000000000e+00,1.279525392168629205e-01,2.000000000000000000e+00,1.151572852951766368e+00,5.457284097347614958e-03,2.605402015523466286e+00,0.000000000000000000e+00,1.000000000000000000e+00,0.000000000000000000e+00,0.000000000000000000e+00
3.000000000000000000e+00,1.279525392168629205e-01,3.000000000000000000e+00,1.151572852951766368e+00,5.457284097347614958e-03,2.605402015523466286e+00,0.000000000000000000e+00,1.000000000000000000e+00,1.000000000000000000e+00,0.000000000000000000e+00
3.000000000000000000e+00,1.279525392168629205e-01,4.000000000000000000e+00,1.151572852951766368e+00,5.457284097347614958e-03,2.605402015523466286e+00,0.000000000000000000e+00,1.000000000000000000e+00,1.000000000000000000e+00,0.000000000000000000e+00
3.000000000000000000e+00,1.305050975084186549e-01,1.000000000000000000e+00,1.174545877575767783e+00,5.677193491893953170e-03,2.585649135949126265e+00,0.000000000000000000e+00,1.000000000000000000e+00,0.000000000000000000e+00,0.000000000000000000e+00
3.000000000000000000e+00,1.305050975084186549e-01,2.000000000000000000e+00,1.174545877575767783e+00,5.677193491893953170e-03,2.585649135949126265e+00,0.000000000000000000e+00,1.000000000000000000e+00,0.000000000000000000e+00,0.000000000000000000e+00
3.000000000000000000e+00,1.305050975084186549e-01,3.000000000000000000e+00,1.174545877575767783e+00,5.677193491893953170e-03,2.585649135949126265e+00,0.000000000000000000e+00,1.000000000000000000e+00,1.000000000000000000e+00,0.000000000000000000e+00
3.000000000000000000e+00,1.305050975084186549e-01,4.000000000000000000e+00,1.174545877575767783e+00,5.677193491893953170e-03,2.585649135949126265e+00,0.000000000000000000e+00,1.000000000000000000e+00,1.000000000000000000e+00,0.000000000000000000e+00
3.000000000000000000e+00,1.331085774453881765e-01,1.000000000000000000e+00,1.197977197008493588e+00,5.905964463178300927e-03,2.565896256374785800e+00,0.000000000000000000e+00,1.000000000000000000e+00,0.000000000000000000e+00,0.000000000000000000e+00
3.000000000000000000e+00,1.331085774453881765e-01,2.000000000000000000e+00,1.197977197008493588e+00,5.905964463178300927e-03,2.565896256374785800e+00,0.000000000000000000e+00,1.000000000000000000e+00,0.000000000000000000e+00,0.000000000000000000e+00
3.000000000000000000e+00,1.331085774453881765e-01,3.000000000000000000e+00,1.197977197008493588e+00,5.905964463178300927e-03,2.565896256374785800e+00,0.000000000000000000e+00,1.000000000000000000e+00,1.000000000000000000e+00,0.000000000000000000e+00
3.000000000000000000e+00,1.331085774453881765e-01,4.000000000000000000e+00,1.197977197008493588e+00,5.905964463178300927e-03,2.565896256374785800e+00,0.000000000000000000e+00,1.000000000000000000e+00,1.000000000000000000e+00,0.000000000000000000e+00
3.000000000000000000e+00,1.357639948768434024e-01,1.000000000000000000e+00,1.221875953891590649e+00,6.143954101639853733e-03,2.546143376800445779e+00,0.000000000000000000e+00,1.000000000000000000e+00,0.000000000000000000e+00,0.000000000000000000e+00
3.000000000000000000e+00,1.357639948768434024e-01,2.000000000000000000e+00,1.221875953891590649e+00,6.143954101639853733e-03,2.546143376800445779e+00,0.000000000000000000e+00,1.000000000000000000e+00,0.000000000000000000e+00,0.000000000000000000e+00
3.000000000000000000e+00,1.357639948768434024e-01,3.000000000000000000e+00,1.221875953891590649e+00,6.143954101639853733e-03,2.546143376800445779e+00,0.000000000000000000e+00,1.000000000000000000e+00,1.000000000000000000e+00,0.000000000000000000e+00
3.000000000000000000e+00,1.357639948768434024e-01,4.000000000000000000e+00,1.221875953891590649e+00,6.143954101639853733e-03,2.546143376800445779e+00,0.000000000000000000e+00,1.000000000000000000e+00,1.000000000000000000e+00,0.000000000000000000e+00
3.000000000000000000e+00,1.384723859172921068e-01,1.000000000000000000e+00,1.246251473255628905e+00,6.391533887209159027e-03,2.526390497226105758e+00,0.000000000000000000e+00,1.000000000000000000e+00,0.000000000000000000e+00,0.000000000000000000e+00
3.000000000000000000e+00,1.384723859172921068e-01,2.000000000000000000e+00,1.246251473255628905e+00,6.391533887209159027e-03,2.526390497226105758e+00,0.000000000000000000e+00,1.000000000000000000e+00,0.000000000000000000e+00,0.000000000000000000e+00
3.000000000000000000e+00,1.384723859172921068e-01,3.000000000000000000e+00,1.246251473255628905e+00,6.391533887209159027e-03,2.526390497226105758e+00,0.000000000000000000e+00,1.000000000000000000e+00,1.000000000000000000e+00,0.000000000000000000e+00
3.000000000000000000e+00,1.384723859172921068e-01,4.000000000000000000e+00,1.246251473255628905e+00,6.391533887209159027e-03,2.526390497226105758e+00,0.000000000000000000e+00,1.000000000000000000e+00,1.000000000000000000e+00,0.000000000000000000e+00
3.000000000000000000e+00,1.412348073509584190e-01,1.000000000000000000e+00,1.271113266158625743e+00,6.649090269154112921e-03,2.506637617651765737e+00,0.000000000000000000e+00,1.000000000000000000e+00,0.000000000000000000e+00,0.000000000000000000e+00
3.000000000000000000e+00,1.412348073509584190e-01,2.000000000000000000e+00,1.271113266158625743e+00,6.649090269154112921e-03,2.506637617651765737e+00,0.000000000000000000e+00,1.000000000000000000e+00,0.000000000000000000e+00,0.000000000000000000e+00
3.000000000000000000e+00,1.412348073509584190e-01,3.000000000000000000e+00,1.271113266158625743e+00,6.649090269154112921e-03,2.506637617651765737e+00,0.000000000000000000e+00,1.000000000000000000e+00,1.000000000000000000e+00,0.000000000000000000e+00
3.000000000000000000e+00,1.412348073509584190e-01,4.000000000000000000e+00,1.271113266158625743e+00,6.649090269154112921e-03,2.506637617651765737e+00,0.000000000000000000e+00,1.000000000000000000e+00,1.000000000000000000e+00,0.000000000000000000e+00
3.000000000000000000e+00,1.440523370441280648e-01,1.000000000000000000e+00,1.296471033397152528e+00,6.917025269291689898e-03,2.486884738077425716e+00,0.000000000000000000e+00,1.000000000000000000e+00,0.000000000000000000e+00,0.000000000000000000e+00
3.000000000000000000e+00,1.440523370441280648e-01,2.000000000000000000e+00,1.296471033397152528e+00,6.917025269291689898e-03,2.486884738077425716e+00,0.000000000000000000e+00,1.000000000000000000e+00,0.000000000000000000e+00,0.000000000000000000e+00
3.000000000000000000e+00,1.440523370441280648e-01,3.000000000000000000e+00,1.296471033397152528e+00,6.917025269291689898e-03,2.486884738077425716e+00,0.000000000000000000e+00,1.000000000000000000e+00,1.000000000000000000e+00,0.000000000000000000e+00
3.000000000000000000e+00,1.440523370441280648e-01,4.000000000000000000e+00,1.296471033397152528e+00,6.917025269291689898e-03,2.486884738077425716e+00,0.000000000000000000e+00,1.000000000000000000e+00,1.000000000000000000e+00,0.000000000000000000e+00
3.000000000000000000e+00,1.469260743657201107e-01,1.000000000000000000e+00,1.322334669291481024e+00,7.195757109507038528e-03,2.467131858503085695e+00,0.000000000000000000e+00,1.000000000000000000e+00,0.000000000000000000e+00,0.000000000000000000e+00
3.000000000000000000e+00,1.469260743657201107e-01,2.000000000000000000e+00,1.322334669291481024e+00,7.195757109507038528e-03,2.467131858503085695e+00,0.000000000000000000e+00,1.000000000000000000e+00,0.000000000000000000e+00,0.000000000000000000e+00
3.000000000000000000e+00,1.469260743657201107e-01,3.000000000000000000e+00,1.322334669291481024e+00,7.195757109507038528e-03,2.467131858503085695e+00,0.000000000000000000e+00,1.000000000000000000e+00,1.000000000000000000e+00,0.000000000000000000e+00
3.000000000000000000e+00,1.469260743657201107e-01,4.000000000000000000e+00,1.322334669291481024e+00,7.195757109507038528e-03,2.467131858503085695e+00,0.000000000000000000e+00,1.000000000000000000e+00,1.000000000000000000e+00,0.000000000000000000e+00
3.000000000000000000e+00,1.498571406162484410e-01,1.000000000000000000e+00,1.348714265546235858e+00,7.485720864559352455e-03,2.447378978928745674e+00,0.000000000000000000e+00,1.000000000000000000e+00,0.000000000000000000e+00,0.000000000000000000e+00
3.000000000000000000e+00,1.498571406162484410e-01,2.000000000000000000e+00,1.348714265546235858e+00,7.485720864559352455e-03,2.447378978928745674e+00,0.000000000000000000e+00,1.000000000000000000e+00,0.000000000000000000e+00,0.000000000000000000e+00
3.000000000000000000e+00,1.498571406162484410e-01,3.000000000000000000e+00,1.348714265546235858e+00,7.485720864559352455e-03,2.447378978928745674e+00,0.000000000000000000e+00,1.000000000000000000e+00,1.000000000000000000e+00,0.000000000000000000e+00
3.000000000000000000e+00,1.498571406162484410e-01,4.000000000000000000e+00,1.348714265546235858e+00,7.485720864559352455e-03,2.447378978928745674e+00,0.000000000000000000e+00,1.000000000000000000e+00,1.000000000000000000e+00,0.000000000000000000e+00
3.000000000000000000e+00,1.528466794653409178e-01,1.000000000000000000e+00,1.375620115188068260e+00,7.787369141193556561e-03,2.427626099354405653e+00,0.000000000000000000e+00,1.000000000000000000e+00,0.000000000000000000e+00,0.000000000000000000e+00
3.000000000000000000e+00,1.528466794653409178e-01,2.000000000000000000e+00,1.375620115188068260e+00,7.787369141193556561e-03,2.427626099354405653e+00,0.000000000000000000e+00,1.000000000000000000e+00,0.000000000000000000e+00,0.000000000000000000e+00
3.000000000000000000e+00,1.528466794653409178e-01,3.000000000000000000e+00,1.375620115188068260e+00,7.787369141193556561e-03,2.427626099354405653e+00,0.000000000000000000e+00,1.000000000000000000e+00,1.000000000000000000e+00,0.000000000000000000e+00
3.000000000000000000e+00,1.528466794653409178e-01,4.000000000000000000e+00,1.375620115188068260e+00,7.787369141193556561e-03,2.427626099354405653e+00,0.000000000000000000e+00,1.000000000000000000e+00,1.000000000000000000e+00,0.000000000000000000e+00
3.000000000000000000e+00,1.558958573979864204e-01,1.000000000000000000e+00,1.403062716581877867e+00,8.101172784617772030e-03,2.407873219780065632e+00,0.000000000000000000e+00,1.000000000000000000e+00,0.000000000000000000e+00,0.000000000000000000e+00
3.000000000000000000e+00,1.558958573979864204e-01,2.000000000000000000e+00,1.403062716581877867e+00,8.101172784617772030e-03,2.407873219780065632e+00,0.000000000000000000e+00,1.000000000000000000e+00,0.000000000000000000e+00,0.000000000000000000e+00
3.000000000000000000e+00,1.558958573979864204e-01,3.000000000000000000e+00,1.403062716581877867e+00,8.101172784617772030e-03,2.407873219780065632e+00,0.000000000000000000e+00,1.000000000000000000e+00,1.000000000000000000e+00,0.000000000000000000e+00
3.000000000000000000e+00,1.558958573979864204e-01,4.000000000000000000e+00,1.403062716581877867e+00,8.101172784617772030e-03,2.407873219780065632e+00,0.000000000000000000e+00,1.000000000000000000e+00,1.000000000000000000e+00,0.000000000000000000e+00
3.000000000000000000e+00,1.590058641696845687e-01,1.000000000000000000e+00,1.431052777527161091e+00,8.427621613449393437e-03,2.388120340205725611e+00,0.000000000000000000e+00,1.000000000000000000e+00,0.000000000000000000e+00,0.000000000000000000e+00
3.000000000000000000e+00,1.590058641696845687e-01,2.000000000000000000e+00,1.431052777527161091e+00,8.427621613449393437e-03,2.388120340205725611e+00,0.000000000000000000e+00,1.000000000000000000e+00,0.000000000000000000e+00,0.000000000000000000e+00
3.000000000000000000e+00,1.590058641696845687e-01,3.000000000000000000e+00,1.431052777527161091e+00,8.427621613449393437e-03,2.388120340205725611e+00,0.000000000000000000e+00,1.000000000000000000e+00,1.000000000000000000e+00,0.000000000000000000e+00
3.000000000000000000e+00,1.590058641696845687e-01,4.000000000000000000e+00,1.431052777527161091e+00,8.427621613449393437e-03,2.388120340205725611e+00,0.000000000000000000e+00,1.000000000000000000e+00,1.000000000000000000e+00,0.000000000000000000e+00
3.000000000000000000e+00,1.621779132706751558e-01,1.000000000000000000e+00,1.459601219436076347e+00,8.767225184276876762e-03,2.368367460631385590e+00,0.000000000000000000e+00,1.000000000000000000e+00,0.000000000000000000e+00,0.000000000000000000e+00
3.000000000000000000e+00,1.621779132706751558e-01,2.000000000000000000e+00,1.459601219436076347e+00,8.767225184276876762e-03,2.368367460631385590e+00,0.000000000000000000e+00,1.000000000000000000e+00,0.000000000000000000e+00,0.000000000000000000e+00
3.000000000000000000e+00,1.621779132706751558e-01,3.000000000000000000e+00,1.459601219436076347e+00,8.767225184276876762e-03,2.368367460631385590e+00,0.000000000000000000e+00,1.000000000000000000e+00,1.000000000000000000e+00,0.000000000000000000e+00
3.000000000000000000e+00,1.621779132706751558e-01,4.000000000000000000e+00,1.459601219436076347e+00,8.767225184276876762e-03,2.368367460631385590e+00,0.000000000000000000e+00,1.000000000000000000e+00,1.000000000000000000e+00,0.000000000000000000e+00
3.000000000000000000e+00,1.654132423994284784e-01,1.000000000000000000e+00,1.488719181594856389e+00,9.120513587030693384e-03,2.348614581057045569e+00,0.000000000000000000e+00,1.000000000000000000e+00,0.000000000000000000e+00,0.000000000000000000e+00
3.000000000000000000e+00,1.654132423994284784e-01,2.000000000000000000e+00,1.488719181594856389e+00,9.120513587030693384e-03,2.348614581057045569e+00,0.000000000000000000e+00,1.000000000000000000e+00,0.000000000000000000e+00,0.000000000000000000e+00
3.000000000000000000e+00,1.654132423994284784e-01,3.000000000000000000e+00,1.488719181594856389e+00,9.120513587030693384e-03,2.348614581057045569e+00,0.000000000000000000e+00,1.000000000000000000e+00,1.000000000000000000e+00,0.000000000000000000e+00
3.000000000000000000e+00,1.654132423994284784e-01,4.000000000000000000e+00,1.488719181594856389e+00,9.120513587030693384e-03,2.348614581057045569e+00,0.000000000000000000e+00,1.000000000000000000e+00,1.000000000000000000e+00,0.000000000000000000e+00
3.000000000000000000e+00,1.687131139455816942e-01,1.000000000000000000e+00,1.518418025510235303e+00,9.488038272404944809e-03,2.328861701482705548e+00,0.000000000000000000e+00,1.000000000000000000e+00,0.000000000000000000e+00,0.000000000000000000e+00
3.000000000000000000e+00,1.687131139455816942e-01,2.000000000000000000e+00,1.518418025510235303e+00,9.488038272404944809e-03,2.328861701482705548e+00,0.000000000000000000e+00,1.000000000000000000e+00,0.000000000000000000e+00,0.000000000000000000e+00
3.000000000000000000e+00,1.687131139455816942e-01,3.000000000000000000e+00,1.518418025510235303e+00,9.488038272404944809e-03,2.328861701482705548e+00,0.000000000000000000e+00,1.000000000000000000e+00,1.000000000000000000e+00,0.000000000000000000e+00
3.000000000000000000e+00,1.687131139455816942e-01,4.000000000000000000e+00,1.518418025510235303e+00,9.488038272404944809e-03,2.328861701482705548e+00,0.000000000000000000e+00,1.000000000000000000e+00,1.000000000000000000e+00,0.000000000000000000e+00
3.000000000000000000e+00,1.720788154825092509e-01,1.000000000000000000e+00,1.548709339342583258e+00,9.870372912621156250e-03,2.309108821908365528e+00,0.000000000000000000e+00,1.000000000000000000e+00,0.000000000000000000e+00,0.000000000000000000e+00
3.000000000000000000e+00,1.720788154825092509e-01,2.000000000000000000e+00,1.548709339342583258e+00,9.870372912621156250e-03,2.309108821908365528e+00,0.000000000000000000e+00,1.000000000000000000e+00,0.000000000000000000e+00,0.000000000000000000e+00
3.000000000000000000e+00,1.720788154825092509e-01,3.000000000000000000e+00,1.548709339342583258e+00,9.870372912621156250e-03,2.309108821908365528e+00,0.000000000000000000e+00,1.000000000000000000e+00,1.000000000000000000e+00,0.000000000000000000e+00
3.000000000000000000e+00,1.720788154825092509e-01,4.000000000000000000e+00,1.548709339342583258e+00,9.870372912621156250e-03,2.309108821908365528e+00,0.000000000000000000e+00,1.000000000000000000e+00,1.000000000000000000e+00,0.000000000000000000e+00
3.000000000000000000e+00,1.755116602697198436e-01,1.000000000000000000e+00,1.579604942427478509e+00,1.026811429687785222e-02,2.289355942334025507e+00,0.000000000000000000e+00,1.000000000000000000e+00,0.000000000000000000e+00,0.000000000000000000e+00
3.000000000000000000e+00,1.755116602697198436e-01,2.000000000000000000e+00,1.579604942427478509e+00,1.026811429687785222e-02,2.289355942334025507e+00,0.000000000000000000e+00,1.000000000000000000e+00,0.000000000000000000e+00,0.000000000000000000e+00
3.000000000000000000e+00,1.755116602697198436e-01,3.000000000000000000e+00,1.579604942427478509e+00,1.026811429687785222e-02,2.289355942334025507e+00,0.000000000000000000e+00,1.000000000000000000e+00,1.000000000000000000e+00,0.000000000000000000e+00
3.000000000000000000e+00,1.755116602697198436e-01,4.000000000000000000e+00,1.579604942427478509e+00,1.026811429687785222e-02,2.289355942334025507e+00,0.000000000000000000e+00,1.000000000000000000e+00,1.000000000000000000e+00,0.000000000000000000e+00
3.000000000000000000e+00,1.790129877652757440e-01,1.000000000000000000e+00,1.611116889887481696e+00,1.068188326288358782e-02,2.269603062759684597e+00,0.000000000000000000e+00,1.000000000000000000e+00,0.000000000000000000e+00,0.000000000000000000e+00
3.000000000000000000e+00,1.790129877652757440e-01,2.000000000000000000e+00,1.611116889887481696e+00,1.068188326288358782e-02,2.269603062759684597e+00,0.000000000000000000e+00,1.000000000000000000e+00,0.000000000000000000e+00,0.000000000000000000e+00
3.000000000000000000e+00,1.790129877652757440e-01,3.000000000000000000e+00,1.611116889887481696e+00,1.068188326288358782e-02,2.269603062759684597e+00,0.000000000000000000e+00,1.000000000000000000e+00,1.000000000000000000e+00,0.000000000000000000e+00
3.000000000000000000e+00,1.790129877652757440e-01,4.000000000000000000e+00,1.611116889887481696e+00,1.068188326288358782e-02,2.269603062759684597e+00,0.000000000000000000e+00,1.000000000000000000e+00,1.000000000000000000e+00,0.000000000000000000e+00
3.000000000000000000e+00,1.825841641484342304e-01,1.000000000000000000e+00,1.643257477335908101e+00,1.111232566592745830e-02,2.249850183185344576e+00,0.000000000000000000e+00,1.000000000000000000e+00,0.000000000000000000e+00,0.000000000000000000e+00
3.000000000000000000e+00,1.825841641484342304e-01,2.000000000000000000e+00,1.643257477335908101e+00,1.111232566592745830e-02,2.249850183185344576e+00,0.000000000000000000e+00,1.000000000000000000e+00,0.000000000000000000e+00,0.000000000000000000e+00
3.000000000000000000e+00,1.825841641484342304e-01,3.000000000000000000e+00,1.643257477335908101e+00,1.111232566592745830e-02,2.249850183185344576e+00,0.000000000000000000e+00,1.000000000000000000e+00,1.000000000000000000e+00,0.000000000000000000e+00
3.000000000000000000e+00,1.825841641484342304e-01,4.000000000000000000e+00,1.643257477335908101e+00,1.111232566592745830e-02,2.249850183185344576e+00,0.000000000000000000e+00,1.000000000000000000e+00,1.000000000000000000e+00,0.000000000000000000e+00
3.000000000000000000e+00,1.862265828527160660e-01,1.000000000000000000e+00,1.676039245674444622e+00,1.156011338699984049e-02,2.230097303611004556e+00,0.000000000000000000e+00,1.000000000000000000e+00,0.000000000000000000e+00,0.000000000000000000e+00
3.000000000000000000e+00,1.862265828527160660e-01,2.000000000000000000e+00,1.676039245674444622e+00,1.156011338699984049e-02,2.230097303611004556e+00,0.000000000000000000e+00,1.000000000000000000e+00,0.000000000000000000e+00,0.000000000000000000e+00
3.000000000000000000e+00,1.862265828527160660e-01,3.000000000000000000e+00,1.676039245674444622e+00,1.156011338699984049e-02,2.230097303611004556e+00,0.000000000000000000e+00,1.000000000000000000e+00,1.000000000000000000e+00,0.000000000000000000e+00
3.000000000000000000e+00,1.862265828527160660e-01,4.000000000000000000e+00,1.676039245674444622e+00,1.156011338699984049e-02,2.230097303611004556e+00,0.000000000000000000e+00,1.000000000000000000e+00,1.000000000000000000e+00,0.000000000000000000e+00
3.000000000000000000e+00,1.899416651096076381e-01,1.000000000000000000e+00,1.709474985986468631e+00,1.202594538153677929e-02,2.210344424036664535e+00,0.000000000000000000e+00,1.000000000000000000e+00,0.000000000000000000e+00,0.000000000000000000e+00
3.000000000000000000e+00,1.899416651096076381e-01,2.000000000000000000e+00,1.709474985986468631e+00,1.202594538153677929e-02,2.210344424036664535e+00,0.000000000000000000e+00,1.000000000000000000e+00,0.000000000000000000e+00,0.000000000000000000e+00
3.000000000000000000e+00,1.899416651096076381e-01,3.000000000000000000e+00,1.709474985986468631e+00,1.202594538153677929e-02,2.210344424036664535e+00,0.000000000000000000e+00,1.000000000000000000e+00,1.000000000000000000e+00,0.000000000000000000e+00
3.000000000000000000e+00,1.899416651096076381e-01,4.000000000000000000e+00,1.709474985986468631e+00,1.202594538153677929e-02,2.210344424036664535e+00,0.000000000000000000e+00,1.000000000000000000e+00,1.000000000000000000e+00,0.000000000000000000e+00
3.000000000000000000e+00,1.937308605031096975e-01,1.000000000000000000e+00,1.743577744527987194e+00,1.251054877042511587e-02,2.190591544462324514e+00,0.000000000000000000e+00,1.000000000000000000e+00,0.000000000000000000e+00,0.000000000000000000e+00
3.000000000000000000e+00,1.937308605031096975e-01,2.000000000000000000e+00,1.743577744527987194e+00,1.251054877042511587e-02,2.190591544462324514e+00,0.000000000000000000e+00,1.000000000000000000e+00,0.000000000000000000e+00,0.000000000000000000e+00
3.000000000000000000e+00,1.937308605031096975e-01,3.000000000000000000e+00,1.743577744527987194e+00,1.251054877042511587e-02,2.190591544462324514e+00,0.000000000000000000e+00,1.000000000000000000e+00,1.000000000000000000e+00,0.000000000000000000e+00
3.000000000000000000e+00,1.937308605031096975e-01,4.000000000000000000e+00,1.743577744527987194e+00,1.251054877042511587e-02,2.190591544462324514e+00,0.000000000000000000e+00,1.000000000000000000e+00,1.000000000000000000e+00,0.000000000000000000e+00
3.000000000000000000e+00,1.975956475353491393e-01,1.000000000000000000e+00,1.778360827818142198e+00,1.301467997497130803e-02,2.170838664887984493e+00,0.000000000000000000e+00,1.000000000000000000e+00,0.000000000000000000e+00,0.000000000000000000e+00
3.000000000000000000e+00,1.975956475353491393e-01,2.000000000000000000e+00,1.778360827818142198e+00,1.301467997497130803e-02,2.170838664887984493e+00,0.000000000000000000e+00,1.000000000000000000e+00,0.000000000000000000e+00,0.000000000000000000e+00
3.000000000000000000e+00,1.975956475353491393e-01,3.000000000000000000e+00,1.778360827818142198e+00,1.301467997497130803e-02,2.170838664887984493e+00,0.000000000000000000e+00,1.000000000000000000e+00,1.000000000000000000e+00,0.000000000000000000e+00
3.000000000000000000e+00,1.975956475353491393e-01,4.000000000000000000e+00,1.778360827818142198e+00,1.301467997497130803e-02,2.170838664887984493e+00,0.000000000000000000e+00,1.000000000000000000e+00,1.000000000000000000e+00,0.000000000000000000e+00
3.000000000000000000e+00,2.015375342034740058e-01,1.000000000000000000e+00,1.813837807831266025e+00,1.353912589760548381e-02,2.151085785313644472e+00,0.000000000000000000e+00,1.000000000000000000e+00,0.000000000000000000e+00,0.000000000000000000e+00
3.000000000000000000e+00,2.015375342034740058e-01,2.000000000000000000e+00,1.813837807831266025e+00,1.353912589760548381e-02,2.151085785313644472e+00,0.000000000000000000e+00,1.000000000000000000e+00,0.000000000000000000e+00,0.000000000000000000e+00
3.000000000000000000e+00,2.015375342034740058e-01,3.000000000000000000e+00,1.813837807831266025e+00,1.353912589760548381e-02,2.151085785313644472e+00,0.000000000000000000e+00,1.000000000000000000e+00,1.000000000000000000e+00,0.000000000000000000e+00
3.000000000000000000e+00,2.015375342034740058e-01,4.000000000000000000e+00,1.813837807831266025e+00,1.353912589760548381e-02,2.151085785313644472e+00,0.000000000000000000e+00,1.000000000000000000e+00,1.000000000000000000e+00,0.000000000000000000e+00
3.000000000000000000e+00,2.055580585880575073e-01,1.000000000000000000e+00,1.850022527292517482e+00,1.408470515016376108e-02,2.131332905739304451e+00,0.000000000000000000e+00,1.000000000000000000e+00,0.000000000000000000e+00,0.000000000000000000e+00
3.000000000000000000e+00,2.055580585880575073e-01,2.000000000000000000e+00,1.850022527292517482e+00,1.408470515016376108e-02,2.131332905739304451e+00,0.000000000000000000e+00,1.000000000000000000e+00,0.000000000000000000e+00,0.000000000000000000e+00
3.000000000000000000e+00,2.055580585880575073e-01,3.000000000000000000e+00,1.850022527292517482e+00,1.408470515016376108e-02,2.131332905739304451e+00,0.000000000000000000e+00,1.000000000000000000e+00,1.000000000000000000e+00,0.000000000000000000e+00
3.000000000000000000e+00,2.055580585880575073e-01,4.000000000000000000e+00,1.850022527292517482e+00,1.408470515016376108e-02,2.131332905739304451e+00,0.000000000000000000e+00,1.000000000000000000e+00,1.000000000000000000e+00,0.000000000000000000e+00
3.000000000000000000e+00,2.096587894532398744e-01,1.000000000000000000e+00,1.886929105079158786e+00,1.465226933166598883e-02,2.111580026164964430e+00,0.000000000000000000e+00,1.000000000000000000e+00,0.000000000000000000e+00,0.000000000000000000e+00
3.000000000000000000e+00,2.096587894532398744e-01,2.000000000000000000e+00,1.886929105079158786e+00,1.465226933166598883e-02,2.111580026164964430e+00,0.000000000000000000e+00,1.000000000000000000e+00,0.000000000000000000e+00,0.000000000000000000e+00
3.000000000000000000e+00,2.096587894532398744e-01,3.000000000000000000e+00,1.886929105079158786e+00,1.465226933166598883e-02,2.111580026164964430e+00,0.000000000000000000e+00,1.000000000000000000e+00,1.000000000000000000e+00,0.000000000000000000e+00
3.000000000000000000e+00,2.096587894532398744e-01,4.000000000000000000e+00,1.886929105079158786e+00,1.465226933166598883e-02,2.111580026164964430e+00,0.000000000000000000e+00,1.000000000000000000e+00,1.000000000000000000e+00,0.000000000000000000e+00
3.000000000000000000e+00,2.138413268588427729e-01,1.000000000000000000e+00,1.924571941729585012e+00,1.524270435758347773e-02,2.091827146590624409e+00,0.000000000000000000e+00,1.000000000000000000e+00,0.000000000000000000e+00,0.000000000000000000e+00
3.000000000000000000e+00,2.138413268588427729e-01,2.000000000000000000e+00,1.924571941729585012e+00,1.524270435758347773e-02,2.091827146590624409e+00,0.000000000000000000e+00,1.000000000000000000e+00,0.000000000000000000e+00,0.000000000000000000e+00
3.000000000000000000e+00,2.138413268588427729e-01,3.000000000000000000e+00,1.924571941729585012e+00,1.524270435758347773e-02,2.091827146590624409e+00,0.000000000000000000e+00,1.000000000000000000e+00,1.000000000000000000e+00,0.000000000000000000e+00
3.000000000000000000e+00,2.138413268588427729e-01,4.000000000000000000e+00,1.924571941729585012e+00,1.524270435758347773e-02,2.091827146590624409e+00,0.000000000000000000e+00,1.000000000000000000e+00,1.000000000000000000e+00,0.000000000000000000e+00
3.000000000000000000e+00,2.181073027846951451e-01,1.000000000000000000e+00,1.962965725062256306e+00,1.585693184267156219e-02,2.072074267016284388e+00,0.000000000000000000e+00,1.000000000000000000e+00,0.000000000000000000e+00,0.000000000000000000e+00
3.000000000000000000e+00,2.181073027846951451e-01,2.000000000000000000e+00,1.962965725062256306e+00,1.585693184267156219e-02,2.072074267016284388e+00,0.000000000000000000e+00,1.000000000000000000e+00,0.000000000000000000e+00,0.000000000000000000e+00
3.000000000000000000e+00,2.181073027846951451e-01,3.000000000000000000e+00,1.962965725062256306e+00,1.585693184267156219e-02,2.072074267016284388e+00,0.000000000000000000e+00,1.000000000000000000e+00,1.000000000000000000e+00,0.000000000000000000e+00
3.000000000000000000e+00,2.181073027846951451e-01,4.000000000000000000e+00,1.962965725062256306e+00,1.585693184267156219e-02,2.072074267016284388e+00,0.000000000000000000e+00,1.000000000000000000e+00,1.000000000000000000e+00,0.000000000000000000e+00
3.000000000000000000e+00,2.224583817674134212e-01,1.000000000000000000e+00,2.002125435906720874e+00,1.649591053952541644e-02,2.052321387441944367e+00,0.000000000000000000e+00,1.000000000000000000e+00,0.000000000000000000e+00,0.000000000000000000e+00
3.000000000000000000e+00,2.224583817674134212e-01,2.000000000000000000e+00,2.002125435906720874e+00,1.649591053952541644e-02,2.052321387441944367e+00,0.000000000000000000e+00,1.000000000000000000e+00,0.000000000000000000e+00,0.000000000000000000e+00
3.000000000000000000e+00,2.224583817674134212e-01,3.000000000000000000e+00,2.002125435906720874e+00,1.649591053952541644e-02,2.052321387441944367e+00,0.000000000000000000e+00,1.000000000000000000e+00,1.000000000000000000e+00,0.000000000000000000e+00
3.000000000000000000e+00,2.224583817674134212e-01,4.000000000000000000e+00,2.002125435906720874e+00,1.649591053952541644e-02,2.052321387441944367e+00,0.000000000000000000e+00,1.000000000000000000e+00,1.000000000000000000e+00,0.000000000000000000e+00
3.000000000000000000e+00,2.268962615498854862e-01,1.000000000000000000e+00,2.042066353948969404e+00,1.716063783510468274e-02,2.032568507867604346e+00,0.000000000000000000e+00,1.000000000000000000e+00,0.000000000000000000e+00,0.000000000000000000e+00
3.000000000000000000e+00,2.268962615498854862e-01,2.000000000000000000e+00,2.042066353948969404e+00,1.716063783510468274e-02,2.032568507867604346e+00,0.000000000000000000e+00,1.000000000000000000e+00,0.000000000000000000e+00,0.000000000000000000e+00
3.000000000000000000e+00,2.268962615498854862e-01,3.000000000000000000e+00,2.042066353948969404e+00,1.716063783510468274e-02,2.032568507867604346e+00,0.000000000000000000e+00,1.000000000000000000e+00,1.000000000000000000e+00,0.000000000000000000e+00
3.000000000000000000e+00,2.268962615498854862e-01,4.000000000000000000e+00,2.042066353948969404e+00,1.716063783510468274e-02,2.032568507867604346e+00,0.000000000000000000e+00,1.000000000000000000e+00,1.000000000000000000e+00,0.000000000000000000e+00
3.000000000000000000e+00,2.314226737437111159e-01,1.000000000000000000e+00,2.082804063693400209e+00,1.785215130756271848e-02,2.012815628293263881e+00,0.000000000000000000e+00,1.000000000000000000e+00,0.000000000000000000e+00,0.000000000000000000e+00
3.000000000000000000e+00,2.314226737437111159e-01,2.000000000000000000e+00,2.082804063693400209e+00,1.785215130756271848e-02,2.012815628293263881e+00,0.000000000000000000e+00,1.000000000000000000e+00,0.000000000000000000e+00,0.000000000000000000e+00
3.000000000000000000e+00,2.314226737437111159e-01,3.000000000000000000e+00,2.082804063693400209e+00,1.785215130756271848e-02,2.012815628293263881e+00,0.000000000000000000e+00,1.000000000000000000e+00,1.000000000000000000e+00,0.000000000000000000e+00
3.000000000000000000e+00,2.314226737437111159e-01,4.000000000000000000e+00,2.082804063693400209e+00,1.785215130756271848e-02,2.012815628293263881e+00,0.000000000000000000e+00,1.000000000000000000e+00,1.000000000000000000e+00,0.000000000000000000e+00
3.000000000000000000e+00,2.360393845048576744e-01,1.000000000000000000e+00,2.124354460543719014e+00,1.857153034581068146e-02,1.993062748718923638e+00,0.000000000000000000e+00,1.000000000000000000e+00,0.000000000000000000e+00,0.000000000000000000e+00
3.000000000000000000e+00,2.360393845048576744e-01,2.000000000000000000e+00,2.124354460543719014e+00,1.857153034581068146e-02,1.993062748718923638e+00,0.000000000000000000e+00,1.000000000000000000e+00,1.000000000000000000e+00,0.000000000000000000e+00
3.000000000000000000e+00,2.360393845048576744e-01,3.000000000000000000e+00,2.124354460543719014e+00,1.857153034581068146e-02,1.993062748718923638e+00,0.000000000000000000e+00,1.000000000000000000e+00,1.000000000000000000e+00,0.000000000000000000e+00
3.000000000000000000e+00,2.360393845048576744e-01,4.000000000000000000e+00,2.124354460543719014e+00,1.857153034581068146e-02,1.993062748718923638e+00,0.000000000000000000e+00,1.000000000000000000e+00,1.000000000000000000e+00,0.000000000000000000e+00
3.000000000000000000e+00,2.407481952227944200e-01,1.000000000000000000e+00,2.166733757005149918e+00,1.931989783434424554e-02,1.973309869144583617e+00,0.000000000000000000e+00,1.000000000000000000e+00,0.000000000000000000e+00,0.000000000000000000e+00
3.000000000000000000e+00,2.407481952227944200e-01,2.000000000000000000e+00,2.166733757005149918e+00,1.931989783434424554e-02,1.973309869144583617e+00,0.000000000000000000e+00,1.000000000000000000e+00,1.000000000000000000e+00,0.000000000000000000e+00
3.000000000000000000e+00,2.407481952227944200e-01,3.000000000000000000e+00,2.166733757005149918e+00,1.931989783434424554e-02,1.973309869144583617e+00,0.000000000000000000e+00,1.000000000000000000e+00,1.000000000000000000e+00,0.000000000000000000e+00
3.000000000000000000e+00,2.407481952227944200e-01,4.000000000000000000e+00,2.166733757005149918e+00,1.931989783434424554e-02,1.973309869144583617e+00,0.000000000000000000e+00,1.000000000000000000e+00,1.000000000000000000e+00,0.000000000000000000e+00
3.000000000000000000e+00,2.455509432233752010e-01,1.000000000000000000e+00,2.209958489010376947e+00,2.009842190596307712e-02,1.953556989570243374e+00,0.000000000000000000e+00,1.000000000000000000e+00,0.000000000000000000e+00,0.000000000000000000e+00
3.000000000000000000e+00,2.455509432233752010e-01,2.000000000000000000e+00,2.209958489010376947e+00,2.009842190596307712e-02,1.953556989570243374e+00,0.000000000000000000e+00,1.000000000000000000e+00,1.000000000000000000e+00,0.000000000000000000e+00
3.000000000000000000e+00,2.455509432233752010e-01,3.000000000000000000e+00,2.209958489010376947e+00,2.009842190596307712e-02,1.953556989570243374e+00,0.000000000000000000e+00,1.000000000000000000e+00,1.000000000000000000e+00,0.000000000000000000e+00
3.000000000000000000e+00,2.455509432233752010e-01,4.000000000000000000e+00,2.209958489010376947e+00,2.009842190596307712e-02,1.953556989570243374e+00,0.000000000000000000e+00,1.000000000000000000e+00,1.000000000000000000e+00,0.000000000000000000e+00
3.000000000000000000e+00,2.504495024857423258e-01,1.000000000000000000e+00,2.254045522371681098e+00,2.090831776511861695e-02,1.933804109995903353e+00,0.000000000000000000e+00,1.000000000000000000e+00,0.000000000000000000e+00,0.000000000000000000e+00
3.000000000000000000e+00,2.504495024857423258e-01,2.000000000000000000e+00,2.254045522371681098e+00,2.090831776511861695e-02,1.933804109995903353e+00,0.000000000000000000e+00,1.000000000000000000e+00,1.000000000000000000e+00,0.000000000000000000e+00
3.000000000000000000e+00,2.504495024857423258e-01,3.000000000000000000e+00,2.254045522371681098e+00,2.090831776511861695e-02,1.933804109995903353e+00,0.000000000000000000e+00,1.000000000000000000e+00,1.000000000000000000e+00,0.000000000000000000e+00
3.000000000000000000e+00,2.504495024857423258e-01,4.000000000000000000e+00,2.254045522371681098e+00,2.090831776511861695e-02,1.933804109995903353e+00,0.000000000000000000e+00,1.000000000000000000e+00,1.000000000000000000e+00,0.000000000000000000e+00
3.000000000000000000e+00,2.554457843735326028e-01,1.000000000000000000e+00,2.299012059361793536e+00,2.175084958473643901e-02,1.914051230421563332e+00,0.000000000000000000e+00,1.000000000000000000e+00,0.000000000000000000e+00,0.000000000000000000e+00
3.000000000000000000e+00,2.554457843735326028e-01,2.000000000000000000e+00,2.299012059361793536e+00,2.175084958473643901e-02,1.914051230421563332e+00,0.000000000000000000e+00,1.000000000000000000e+00,1.000000000000000000e+00,0.000000000000000000e+00
3.000000000000000000e+00,2.554457843735326028e-01,3.000000000000000000e+00,2.299012059361793536e+00,2.175084958473643901e-02,1.914051230421563332e+00,0.000000000000000000e+00,1.000000000000000000e+00,1.000000000000000000e+00,0.000000000000000000e+00
3.000000000000000000e+00,2.554457843735326028e-01,4.000000000000000000e+00,2.299012059361793536e+00,2.175084958473643901e-02,1.914051230421563332e+00,0.000000000000000000e+00,1.000000000000000000e+00,1.000000000000000000e+00,0.000000000000000000e+00
3.000000000000000000e+00,2.605417383806702958e-01,1.000000000000000000e+00,2.344875645426032662e+00,2.262733247947388074e-02,1.894298350847223311e+00,0.000000000000000000e+00,1.000000000000000000e+00,0.000000000000000000e+00,0.000000000000000000e+00
3.000000000000000000e+00,2.605417383806702958e-01,2.000000000000000000e+00,2.344875645426032662e+00,2.262733247947388074e-02,1.894298350847223311e+00,0.000000000000000000e+00,1.000000000000000000e+00,1.000000000000000000e+00,0.000000000000000000e+00
3.000000000000000000e+00,2.605417383806702958e-01,3.000000000000000000e+00,2.344875645426032662e+00,2.262733247947388074e-02,1.894298350847223311e+00,0.000000000000000000e+00,1.000000000000000000e+00,1.000000000000000000e+00,0.000000000000000000e+00
3.000000000000000000e+00,2.605417383806702958e-01,4.000000000000000000e+00,2.344875645426032662e+00,2.262733247947388074e-02,1.894298350847223311e+00,0.000000000000000000e+00,1.000000000000000000e+00,1.000000000000000000e+00,0.000000000000000000e+00
3.000000000000000000e+00,2.657393528920380943e-01,1.000000000000000000e+00,2.391654176028342960e+00,2.353913455849305017e-02,1.874545471272883290e+00,0.000000000000000000e+00,1.000000000000000000e+00,0.000000000000000000e+00,0.000000000000000000e+00
3.000000000000000000e+00,2.657393528920380943e-01,2.000000000000000000e+00,2.391654176028342960e+00,2.353913455849305017e-02,1.874545471272883290e+00,0.000000000000000000e+00,1.000000000000000000e+00,1.000000000000000000e+00,0.000000000000000000e+00
3.000000000000000000e+00,2.657393528920380943e-01,3.000000000000000000e+00,2.391654176028342960e+00,2.353913455849305017e-02,1.874545471272883290e+00,0.000000000000000000e+00,1.000000000000000000e+00,1.000000000000000000e+00,0.000000000000000000e+00
3.000000000000000000e+00,2.657393528920380943e-01,4.000000000000000000e+00,2.391654176028342960e+00,2.353913455849305017e-02,1.874545471272883290e+00,0.000000000000000000e+00,1.000000000000000000e+00,1.000000000000000000e+00,0.000000000000000000e+00
3.000000000000000000e+00,2.710406559593228071e-01,1.000000000000000000e+00,2.439365903633905042e+00,2.448767906095332750e-02,1.854792591698543491e+00,0.000000000000000000e+00,1.000000000000000000e+00,0.000000000000000000e+00,0.000000000000000000e+00
3.000000000000000000e+00,2.710406559593228071e-01,2.000000000000000000e+00,2.439365903633905042e+00,2.448767906095332750e-02,1.854792591698543491e+00,0.000000000000000000e+00,1.000000000000000000e+00,1.000000000000000000e+00,0.000000000000000000e+00
3.000000000000000000e+00,2.710406559593228071e-01,3.000000000000000000e+00,2.439365903633905042e+00,2.448767906095332750e-02,1.854792591698543491e+00,0.000000000000000000e+00,1.000000000000000000e+00,1.000000000000000000e+00,0.000000000000000000e+00
3.000000000000000000e+00,2.710406559593228071e-01,4.000000000000000000e+00,2.439365903633905042e+00,2.448767906095332750e-02,1.854792591698543491e+00,0.000000000000000000e+00,1.000000000000000000e+00,1.000000000000000000e+00,0.000000000000000000e+00
3.000000000000000000e+00,2.764477160923388688e-01,1.000000000000000000e+00,2.488029444831049819e+00,2.547444657755679534e-02,1.835039712124203248e+00,0.000000000000000000e+00,1.000000000000000000e+00,0.000000000000000000e+00,0.000000000000000000e+00
3.000000000000000000e+00,2.764477160923388688e-01,2.000000000000000000e+00,2.488029444831049819e+00,2.547444657755679534e-02,1.835039712124203248e+00,0.000000000000000000e+00,1.000000000000000000e+00,1.000000000000000000e+00,0.000000000000000000e+00
3.000000000000000000e+00,2.764477160923388688e-01,3.000000000000000000e+00,2.488029444831049819e+00,2.547444657755679534e-02,1.835039712124203248e+00,0.000000000000000000e+00,1.000000000000000000e+00,1.000000000000000000e+00,0.000000000000000000e+00
3.000000000000000000e+00,2.764477160923388688e-01,4.000000000000000000e+00,2.488029444831049819e+00,2.547444657755679534e-02,1.835039712124203248e+00,0.000000000000000000e+00,1.000000000000000000e+00,1.000000000000000000e+00,0.000000000000000000e+00
3.000000000000000000e+00,2.819626430661378302e-01,1.000000000000000000e+00,2.537663787595240361e+00,2.650097736161408091e-02,1.815286832549863005e+00,0.000000000000000000e+00,1.000000000000000000e+00,0.000000000000000000e+00,0.000000000000000000e+00
3.000000000000000000e+00,2.819626430661378302e-01,2.000000000000000000e+00,2.537663787595240361e+00,2.650097736161408091e-02,1.815286832549863005e+00,0.000000000000000000e+00,1.000000000000000000e+00,1.000000000000000000e+00,0.000000000000000000e+00
3.000000000000000000e+00,2.819626430661378302e-01,3.000000000000000000e+00,2.537663787595240361e+00,2.650097736161408091e-02,1.815286832549863005e+00,0.000000000000000000e+00,1.000000000000000000e+00,1.000000000000000000e+00,0.000000000000000000e+00
3.000000000000000000e+00,2.819626430661378302e-01,4.000000000000000000e+00,2.537663787595240361e+00,2.650097736161408091e-02,1.815286832549863005e+00,0.000000000000000000e+00,1.000000000000000000e+00,1.000000000000000000e+00,0.000000000000000000e+00
3.000000000000000000e+00,2.875875887442192469e-01,1.000000000000000000e+00,2.588288298697973389e+00,2.756887373323806123e-02,1.795533952975523206e+00,0.000000000000000000e+00,1.000000000000000000e+00,0.000000000000000000e+00,0.000000000000000000e+00
3.000000000000000000e+00,2.875875887442192469e-01,2.000000000000000000e+00,2.588288298697973389e+00,2.756887373323806123e-02,1.795533952975523206e+00,0.000000000000000000e+00,1.000000000000000000e+00,1.000000000000000000e+00,0.000000000000000000e+00
3.000000000000000000e+00,2.875875887442192469e-01,3.000000000000000000e+00,2.588288298697973389e+00,2.756887373323806123e-02,1.795533952975523206e+00,0.000000000000000000e+00,1.000000000000000000e+00,1.000000000000000000e+00,0.000000000000000000e+00
3.000000000000000000e+00,2.875875887442192469e-01,4.000000000000000000e+00,2.588288298697973389e+00,2.756887373323806123e-02,1.795533952975523206e+00,0.000000000000000000e+00,1.000000000000000000e+00,1.000000000000000000e+00,0.000000000000000000e+00
3.000000000000000000e+00,2.933247479181642081e-01,1.000000000000000000e+00,2.639922731263477651e+00,2.867980258041819344e-02,1.775781073401182963e+00,0.000000000000000000e+00,1.000000000000000000e+00,0.000000000000000000e+00,0.000000000000000000e+00
3.000000000000000000e+00,2.933247479181642081e-01,2.000000000000000000e+00,2.639922731263477651e+00,2.867980258041819344e-02,1.775781073401182963e+00,0.000000000000000000e+00,1.000000000000000000e+00,1.000000000000000000e+00,0.000000000000000000e+00
3.000000000000000000e+00,2.933247479181642081e-01,3.000000000000000000e+00,2.639922731263477651e+00,2.867980258041819344e-02,1.775781073401182963e+00,0.000000000000000000e+00,1.000000000000000000e+00,1.000000000000000000e+00,0.000000000000000000e+00
3.000000000000000000e+00,2.933247479181642081e-01,4.000000000000000000e+00,2.639922731263477651e+00,2.867980258041819344e-02,1.775781073401182963e+00,0.000000000000000000e+00,1.000000000000000000e+00,1.000000000000000000e+00,0.000000000000000000e+00
3.000000000000000000e+00,2.991763591640184683e-01,1.000000000000000000e+00,2.692587232476166381e+00,2.983549796087925712e-02,1.756028193826842942e+00,0.000000000000000000e+00,1.000000000000000000e+00,0.000000000000000000e+00,0.000000000000000000e+00
3.000000000000000000e+00,2.991763591640184683e-01,2.000000000000000000e+00,2.692587232476166381e+00,2.983549796087925712e-02,1.756028193826842942e+00,0.000000000000000000e+00,1.000000000000000000e+00,1.000000000000000000e+00,0.000000000000000000e+00
3.000000000000000000e+00,2.991763591640184683e-01,3.000000000000000000e+00,2.692587232476166381e+00,2.983549796087925712e-02,1.756028193826842942e+00,0.000000000000000000e+00,1.000000000000000000e+00,1.000000000000000000e+00,0.000000000000000000e+00
3.000000000000000000e+00,2.991763591640184683e-01,4.000000000000000000e+00,2.692587232476166381e+00,2.983549796087925712e-02,1.756028193826842942e+00,0.000000000000000000e+00,1.000000000000000000e+00,1.000000000000000000e+00,0.000000000000000000e+00
3.000000000000000000e+00,3.051447057157602449e-01,1.000000000000000000e+00,2.746302351441842315e+00,3.103776380878597516e-02,1.736275314252502922e+00,0.000000000000000000e+00,1.000000000000000000e+00,0.000000000000000000e+00,0.000000000000000000e+00
3.000000000000000000e+00,3.051447057157602449e-01,2.000000000000000000e+00,2.746302351441842315e+00,3.103776380878597516e-02,1.736275314252502922e+00,0.000000000000000000e+00,1.000000000000000000e+00,1.000000000000000000e+00,0.000000000000000000e+00
3.000000000000000000e+00,3.051447057157602449e-01,3.000000000000000000e+00,2.746302351441842315e+00,3.103776380878597516e-02,1.736275314252502922e+00,0.000000000000000000e+00,1.000000000000000000e+00,1.000000000000000000e+00,0.000000000000000000e+00
3.000000000000000000e+00,3.051447057157602449e-01,4.000000000000000000e+00,2.746302351441842315e+00,3.103776380878597516e-02,1.736275314252502922e+00,0.000000000000000000e+00,1.000000000000000000e+00,1.000000000000000000e+00,0.000000000000000000e+00
3.000000000000000000e+00,3.112321163561929671e-01,1.000000000000000000e+00,2.801089047205736815e+00,3.228847675051827598e-02,1.716522434678162456e+00,0.000000000000000000e+00,1.000000000000000000e+00,0.000000000000000000e+00,0.000000000000000000e+00
3.000000000000000000e+00,3.112321163561929671e-01,2.000000000000000000e+00,2.801089047205736815e+00,3.228847675051827598e-02,1.716522434678162456e+00,0.000000000000000000e+00,1.000000000000000000e+00,1.000000000000000000e+00,0.000000000000000000e+00
3.000000000000000000e+00,3.112321163561929671e-01,3.000000000000000000e+00,2.801089047205736815e+00,3.228847675051827598e-02,1.716522434678162456e+00,0.000000000000000000e+00,1.000000000000000000e+00,1.000000000000000000e+00,0.000000000000000000e+00
3.000000000000000000e+00,3.112321163561929671e-01,4.000000000000000000e+00,2.801089047205736815e+00,3.228847675051827598e-02,1.716522434678162456e+00,0.000000000000000000e+00,1.000000000000000000e+00,1.000000000000000000e+00,0.000000000000000000e+00
3.000000000000000000e+00,3.174409663256097525e-01,1.000000000000000000e+00,2.856968696930487717e+00,3.358958903391229961e-02,1.696769555103822880e+00,0.000000000000000000e+00,1.000000000000000000e+00,0.000000000000000000e+00,0.000000000000000000e+00
3.000000000000000000e+00,3.174409663256097525e-01,2.000000000000000000e+00,2.856968696930487717e+00,3.358958903391229961e-02,1.696769555103822880e+00,0.000000000000000000e+00,1.000000000000000000e+00,1.000000000000000000e+00,0.000000000000000000e+00
3.000000000000000000e+00,3.174409663256097525e-01,3.000000000000000000e+00,2.856968696930487717e+00,3.358958903391229961e-02,1.696769555103822880e+00,0.000000000000000000e+00,1.000000000000000000e+00,1.000000000000000000e+00,0.000000000000000000e+00
3.000000000000000000e+00,3.174409663256097525e-01,4.000000000000000000e+00,2.856968696930487717e+00,3.358958903391229961e-02,1.696769555103822880e+00,0.000000000000000000e+00,1.000000000000000000e+00,1.000000000000000000e+00,0.000000000000000000e+00
3.000000000000000000e+00,3.237736782485876041e-01,1.000000000000000000e+00,2.913963104237288437e+00,3.494313157553997212e-02,1.677016675529482193e+00,0.000000000000000000e+00,1.000000000000000000e+00,0.000000000000000000e+00,0.000000000000000000e+00
3.000000000000000000e+00,3.237736782485876041e-01,2.000000000000000000e+00,2.913963104237288437e+00,3.494313157553997212e-02,1.677016675529482193e+00,0.000000000000000000e+00,1.000000000000000000e+00,1.000000000000000000e+00,0.000000000000000000e+00
3.000000000000000000e+00,3.237736782485876041e-01,3.000000000000000000e+00,2.913963104237288437e+00,3.494313157553997212e-02,1.677016675529482193e+00,0.000000000000000000e+00,1.000000000000000000e+00,1.000000000000000000e+00,0.000000000000000000e+00
3.000000000000000000e+00,3.237736782485876041e-01,4.000000000000000000e+00,2.913963104237288437e+00,3.494313157553997212e-02,1.677016675529482193e+00,0.000000000000000000e+00,1.000000000000000000e+00,1.000000000000000000e+00,0.000000000000000000e+00
3.000000000000000000e+00,3.302327230792663770e-01,1.000000000000000000e+00,2.972094507713397338e+00,3.635121713078248024e-02,1.657263795955142838e+00,0.000000000000000000e+00,1.000000000000000000e+00,0.000000000000000000e+00,0.000000000000000000e+00
3.000000000000000000e+00,3.302327230792663770e-01,2.000000000000000000e+00,2.972094507713397338e+00,3.635121713078248024e-02,1.657263795955142838e+00,0.000000000000000000e+00,1.000000000000000000e+00,1.000000000000000000e+00,0.000000000000000000e+00
3.000000000000000000e+00,3.302327230792663770e-01,3.000000000000000000e+00,2.972094507713397338e+00,3.635121713078248024e-02,1.657263795955142838e+00,0.000000000000000000e+00,1.000000000000000000e+00,1.000000000000000000e+00,0.000000000000000000e+00
3.000000000000000000e+00,3.302327230792663770e-01,4.000000000000000000e+00,2.972094507713397338e+00,3.635121713078248024e-02,1.657263795955142838e+00,0.000000000000000000e+00,1.000000000000000000e+00,1.000000000000000000e+00,0.000000000000000000e+00
3.000000000000000000e+00,3.368206210654904886e-01,1.000000000000000000e+00,3.031385589589414398e+00,3.781604359164757873e-02,1.637510916380802151e+00,0.000000000000000000e+00,1.000000000000000000e+00,0.000000000000000000e+00,0.000000000000000000e+00
3.000000000000000000e+00,3.368206210654904886e-01,2.000000000000000000e+00,3.031385589589414398e+00,3.781604359164757873e-02,1.637510916380802151e+00,0.000000000000000000e+00,1.000000000000000000e+00,1.000000000000000000e+00,0.000000000000000000e+00
3.000000000000000000e+00,3.368206210654904886e-01,3.000000000000000000e+00,3.031385589589414398e+00,3.781604359164757873e-02,1.637510916380802151e+00,0.000000000000000000e+00,1.000000000000000000e+00,1.000000000000000000e+00,0.000000000000000000e+00
3.000000000000000000e+00,3.368206210654904886e-01,4.000000000000000000e+00,3.031385589589414398e+00,3.781604359164757873e-02,1.637510916380802151e+00,0.000000000000000000e+00,1.000000000000000000e+00,1.000000000000000000e+00,0.000000000000000000e+00
3.000000000000000000e+00,3.435399427321787491e-01,1.000000000000000000e+00,3.091859484589608797e+00,3.933989741747621893e-02,1.617758036806462574e+00,0.000000000000000000e+00,1.000000000000000000e+00,0.000000000000000000e+00,0.000000000000000000e+00
3.000000000000000000e+00,3.435399427321787491e-01,2.000000000000000000e+00,3.091859484589608797e+00,3.933989741747621893e-02,1.617758036806462574e+00,0.000000000000000000e+00,1.000000000000000000e+00,1.000000000000000000e+00,0.000000000000000000e+00
3.000000000000000000e+00,3.435399427321787491e-01,3.000000000000000000e+00,3.091859484589608797e+00,3.933989741747621893e-02,1.617758036806462574e+00,0.000000000000000000e+00,1.000000000000000000e+00,1.000000000000000000e+00,0.000000000000000000e+00
3.000000000000000000e+00,3.435399427321787491e-01,4.000000000000000000e+00,3.091859484589608797e+00,3.933989741747621893e-02,1.617758036806462574e+00,0.000000000000000000e+00,1.000000000000000000e+00,1.000000000000000000e+00,0.000000000000000000e+00
3.000000000000000000e+00,3.503933098843177163e-01,1.000000000000000000e+00,3.153539788958859447e+00,4.092515720389583445e-02,1.598005157232122109e+00,0.000000000000000000e+00,1.000000000000000000e+00,0.000000000000000000e+00,0.000000000000000000e+00
3.000000000000000000e+00,3.503933098843177163e-01,2.000000000000000000e+00,3.153539788958859447e+00,4.092515720389583445e-02,1.598005157232122109e+00,0.000000000000000000e+00,1.000000000000000000e+00,1.000000000000000000e+00,0.000000000000000000e+00
3.000000000000000000e+00,3.503933098843177163e-01,3.000000000000000000e+00,3.153539788958859447e+00,4.092515720389583445e-02,1.598005157232122109e+00,0.000000000000000000e+00,1.000000000000000000e+00,1.000000000000000000e+00,0.000000000000000000e+00
3.000000000000000000e+00,3.503933098843177163e-01,4.000000000000000000e+00,3.153539788958859447e+00,4.092515720389583445e-02,1.598005157232122109e+00,0.000000000000000000e+00,1.000000000000000000e+00,1.000000000000000000e+00,0.000000000000000000e+00
3.000000000000000000e+00,3.573833966299586606e-01,1.000000000000000000e+00,3.216450569669627946e+00,4.257429739558878795e-02,1.578252277657781422e+00,0.000000000000000000e+00,1.000000000000000000e+00,0.000000000000000000e+00,0.000000000000000000e+00
3.000000000000000000e+00,3.573833966299586606e-01,2.000000000000000000e+00,3.216450569669627946e+00,4.257429739558878795e-02,1.578252277657781422e+00,0.000000000000000000e+00,1.000000000000000000e+00,1.000000000000000000e+00,0.000000000000000000e+00
3.000000000000000000e+00,3.573833966299586606e-01,3.000000000000000000e+00,3.216450569669627946e+00,4.257429739558878795e-02,1.578252277657781422e+00,0.000000000000000000e+00,1.000000000000000000e+00,1.000000000000000000e+00,0.000000000000000000e+00
3.000000000000000000e+00,3.573833966299586606e-01,4.000000000000000000e+00,3.216450569669627946e+00,4.257429739558878795e-02,1.578252277657781422e+00,0.000000000000000000e+00,1.000000000000000000e+00,1.000000000000000000e+00,0.000000000000000000e+00
3.000000000000000000e+00,3.645129304236256473e-01,1.000000000000000000e+00,3.280616373812630826e+00,4.428989214867298796e-02,1.558499398083442067e+00,0.000000000000000000e+00,1.000000000000000000e+00,0.000000000000000000e+00,0.000000000000000000e+00
3.000000000000000000e+00,3.645129304236256473e-01,2.000000000000000000e+00,3.280616373812630826e+00,4.428989214867298796e-02,1.558499398083442067e+00,0.000000000000000000e+00,1.000000000000000000e+00,1.000000000000000000e+00,0.000000000000000000e+00
3.000000000000000000e+00,3.645129304236256473e-01,3.000000000000000000e+00,3.280616373812630826e+00,4.428989214867298796e-02,1.558499398083442067e+00,0.000000000000000000e+00,1.000000000000000000e+00,1.000000000000000000e+00,0.000000000000000000e+00
3.000000000000000000e+00,3.645129304236256473e-01,4.000000000000000000e+00,3.280616373812630826e+00,4.428989214867298796e-02,1.558499398083442067e+00,0.000000000000000000e+00,1.000000000000000000e+00,1.000000000000000000e+00,0.000000000000000000e+00
3.000000000000000000e+00,3.717846931305395786e-01,1.000000000000000000e+00,3.346062238174856152e+00,4.607461934872316561e-02,1.538746518509101380e+00,0.000000000000000000e+00,1.000000000000000000e+00,0.000000000000000000e+00,0.000000000000000000e+00
3.000000000000000000e+00,3.717846931305395786e-01,2.000000000000000000e+00,3.346062238174856152e+00,4.607461934872316561e-02,1.538746518509101380e+00,0.000000000000000000e+00,1.000000000000000000e+00,1.000000000000000000e+00,0.000000000000000000e+00
3.000000000000000000e+00,3.717846931305395786e-01,3.000000000000000000e+00,3.346062238174856152e+00,4.607461934872316561e-02,1.538746518509101380e+00,0.000000000000000000e+00,1.000000000000000000e+00,1.000000000000000000e+00,0.000000000000000000e+00
3.000000000000000000e+00,3.717846931305395786e-01,4.000000000000000000e+00,3.346062238174856152e+00,4.607461934872316561e-02,1.538746518509101380e+00,0.000000000000000000e+00,1.000000000000000000e+00,1.000000000000000000e+00,0.000000000000000000e+00
3.000000000000000000e+00,3.792015221120684232e-01,1.000000000000000000e+00,3.412813699008615753e+00,4.793126479070317081e-02,1.518993638934762025e+00,0.000000000000000000e+00,1.000000000000000000e+00,0.000000000000000000e+00,0.000000000000000000e+00
3.000000000000000000e+00,3.792015221120684232e-01,2.000000000000000000e+00,3.412813699008615753e+00,4.793126479070317081e-02,1.518993638934762025e+00,0.000000000000000000e+00,1.000000000000000000e+00,1.000000000000000000e+00,0.000000000000000000e+00
3.000000000000000000e+00,3.792015221120684232e-01,3.000000000000000000e+00,3.412813699008615753e+00,4.793126479070317081e-02,1.518993638934762025e+00,0.000000000000000000e+00,1.000000000000000000e+00,1.000000000000000000e+00,0.000000000000000000e+00
3.000000000000000000e+00,3.792015221120684232e-01,4.000000000000000000e+00,3.412813699008615753e+00,4.793126479070317081e-02,1.518993638934762025e+00,0.000000000000000000e+00,1.000000000000000000e+00,1.000000000000000000e+00,0.000000000000000000e+00
3.000000000000000000e+00,3.867663113328373425e-01,1.000000000000000000e+00,3.480896801995536194e+00,4.986272652733642063e-02,1.499240759360421560e+00,0.000000000000000000e+00,1.000000000000000000e+00,0.000000000000000000e+00,0.000000000000000000e+00
3.000000000000000000e+00,3.867663113328373425e-01,2.000000000000000000e+00,3.480896801995536194e+00,4.986272652733642063e-02,1.499240759360421560e+00,0.000000000000000000e+00,1.000000000000000000e+00,1.000000000000000000e+00,0.000000000000000000e+00
3.000000000000000000e+00,3.867663113328373425e-01,3.000000000000000000e+00,3.480896801995536194e+00,4.986272652733642063e-02,1.499240759360421560e+00,0.000000000000000000e+00,1.000000000000000000e+00,1.000000000000000000e+00,0.000000000000000000e+00
3.000000000000000000e+00,3.867663113328373425e-01,4.000000000000000000e+00,3.480896801995536194e+00,4.986272652733642063e-02,1.499240759360421560e+00,0.000000000000000000e+00,1.000000000000000000e+00,1.000000000000000000e+00,0.000000000000000000e+00
3.000000000000000000e+00,3.944820124899185987e-01,1.000000000000000000e+00,3.550338112409267222e+00,5.187201939269876078e-02,1.479487879786081983e+00,0.000000000000000000e+00,1.000000000000000000e+00,0.000000000000000000e+00,0.000000000000000000e+00
3.000000000000000000e+00,3.944820124899185987e-01,2.000000000000000000e+00,3.550338112409267222e+00,5.187201939269876078e-02,1.479487879786081983e+00,0.000000000000000000e+00,1.000000000000000000e+00,1.000000000000000000e+00,0.000000000000000000e+00
3.000000000000000000e+00,3.944820124899185987e-01,3.000000000000000000e+00,3.550338112409267222e+00,5.187201939269876078e-02,1.479487879786081983e+00,0.000000000000000000e+00,1.000000000000000000e+00,1.000000000000000000e+00,0.000000000000000000e+00
3.000000000000000000e+00,3.944820124899185987e-01,4.000000000000000000e+00,3.550338112409267222e+00,5.187201939269876078e-02,1.479487879786081983e+00,0.000000000000000000e+00,1.000000000000000000e+00,1.000000000000000000e+00,0.000000000000000000e+00
3.000000000000000000e+00,4.023516361645541606e-01,1.000000000000000000e+00,3.621164725480987556e+00,5.396227970809792246e-02,1.459735000211741296e+00,0.000000000000000000e+00,1.000000000000000000e+00,0.000000000000000000e+00,0.000000000000000000e+00
3.000000000000000000e+00,4.023516361645541606e-01,2.000000000000000000e+00,3.621164725480987556e+00,5.396227970809792246e-02,1.459735000211741296e+00,0.000000000000000000e+00,1.000000000000000000e+00,1.000000000000000000e+00,0.000000000000000000e+00
3.000000000000000000e+00,4.023516361645541606e-01,3.000000000000000000e+00,3.621164725480987556e+00,5.396227970809792246e-02,1.459735000211741296e+00,0.000000000000000000e+00,1.000000000000000000e+00,1.000000000000000000e+00,0.000000000000000000e+00
3.000000000000000000e+00,4.023516361645541606e-01,4.000000000000000000e+00,3.621164725480987556e+00,5.396227970809792246e-02,1.459735000211741296e+00,0.000000000000000000e+00,1.000000000000000000e+00,1.000000000000000000e+00,0.000000000000000000e+00
3.000000000000000000e+00,4.103782529968480475e-01,1.000000000000000000e+00,3.693404276971632427e+00,5.613677017758167409e-02,1.439982120637401941e+00,0.000000000000000000e+00,1.000000000000000000e+00,0.000000000000000000e+00,0.000000000000000000e+00
3.000000000000000000e+00,4.103782529968480475e-01,2.000000000000000000e+00,3.693404276971632427e+00,5.613677017758167409e-02,1.439982120637401941e+00,0.000000000000000000e+00,1.000000000000000000e+00,1.000000000000000000e+00,0.000000000000000000e+00
3.000000000000000000e+00,4.103782529968480475e-01,3.000000000000000000e+00,3.693404276971632427e+00,5.613677017758167409e-02,1.439982120637401941e+00,0.000000000000000000e+00,1.000000000000000000e+00,1.000000000000000000e+00,0.000000000000000000e+00
3.000000000000000000e+00,4.103782529968480475e-01,4.000000000000000000e+00,3.693404276971632427e+00,5.613677017758167409e-02,1.439982120637401941e+00,0.000000000000000000e+00,1.000000000000000000e+00,1.000000000000000000e+00,0.000000000000000000e+00
3.000000000000000000e+00,4.185649948838995327e-01,1.000000000000000000e+00,3.767084953955095905e+00,5.839888498071960782e-02,1.420229241063061254e+00,0.000000000000000000e+00,1.000000000000000000e+00,0.000000000000000000e+00,0.000000000000000000e+00
3.000000000000000000e+00,4.185649948838995327e-01,2.000000000000000000e+00,3.767084953955095905e+00,5.839888498071960782e-02,1.420229241063061254e+00,0.000000000000000000e+00,1.000000000000000000e+00,1.000000000000000000e+00,0.000000000000000000e+00
3.000000000000000000e+00,4.185649948838995327e-01,3.000000000000000000e+00,3.767084953955095905e+00,5.839888498071960782e-02,1.420229241063061254e+00,0.000000000000000000e+00,1.000000000000000000e+00,1.000000000000000000e+00,0.000000000000000000e+00
3.000000000000000000e+00,4.185649948838995327e-01,4.000000000000000000e+00,3.767084953955095905e+00,5.839888498071960782e-02,1.420229241063061254e+00,0.000000000000000000e+00,1.000000000000000000e+00,1.000000000000000000e+00,0.000000000000000000e+00
3.000000000000000000e+00,4.269150562018311224e-01,1.000000000000000000e+00,3.842235505816479879e+00,6.075215507060421211e-02,1.400476361488721677e+00,0.000000000000000000e+00,1.000000000000000000e+00,0.000000000000000000e+00,0.000000000000000000e+00
3.000000000000000000e+00,4.269150562018311224e-01,2.000000000000000000e+00,3.842235505816479879e+00,6.075215507060421211e-02,1.400476361488721677e+00,0.000000000000000000e+00,1.000000000000000000e+00,1.000000000000000000e+00,0.000000000000000000e+00
3.000000000000000000e+00,4.269150562018311224e-01,3.000000000000000000e+00,3.842235505816479879e+00,6.075215507060421211e-02,1.400476361488721677e+00,0.000000000000000000e+00,1.000000000000000000e+00,1.000000000000000000e+00,0.000000000000000000e+00
3.000000000000000000e+00,4.269150562018311224e-01,4.000000000000000000e+00,3.842235505816479879e+00,6.075215507060421211e-02,1.400476361488721677e+00,0.000000000000000000e+00,1.000000000000000000e+00,1.000000000000000000e+00,0.000000000000000000e+00
3.000000000000000000e+00,4.354316950522024166e-01,1.000000000000000000e+00,3.918885255469821693e+00,6.320025368534473720e-02,1.380723481914380990e+00,0.000000000000000000e+00,1.000000000000000000e+00,0.000000000000000000e+00,0.000000000000000000e+00
3.000000000000000000e+00,4.354316950522024166e-01,2.000000000000000000e+00,3.918885255469821693e+00,6.320025368534473720e-02,1.380723481914380990e+00,0.000000000000000000e+00,1.000000000000000000e+00,1.000000000000000000e+00,0.000000000000000000e+00
3.000000000000000000e+00,4.354316950522024166e-01,3.000000000000000000e+00,3.918885255469821693e+00,6.320025368534473720e-02,1.380723481914380990e+00,0.000000000000000000e+00,1.000000000000000000e+00,1.000000000000000000e+00,0.000000000000000000e+00
3.000000000000000000e+00,4.354316950522024166e-01,4.000000000000000000e+00,3.918885255469821693e+00,6.320025368534473720e-02,1.380723481914380990e+00,0.000000000000000000e+00,1.000000000000000000e+00,1.000000000000000000e+00,0.000000000000000000e+00
3.000000000000000000e+00,4.441182345332817527e-01,1.000000000000000000e+00,3.997064110799535719e+00,6.574700208165301651e-02,1.360970602340041635e+00,0.000000000000000000e+00,1.000000000000000000e+00,0.000000000000000000e+00,0.000000000000000000e+00
3.000000000000000000e+00,4.441182345332817527e-01,2.000000000000000000e+00,3.997064110799535719e+00,6.574700208165301651e-02,1.360970602340041635e+00,0.000000000000000000e+00,1.000000000000000000e+00,1.000000000000000000e+00,0.000000000000000000e+00
3.000000000000000000e+00,4.441182345332817527e-01,3.000000000000000000e+00,3.997064110799535719e+00,6.574700208165301651e-02,1.360970602340041635e+00,0.000000000000000000e+00,1.000000000000000000e+00,1.000000000000000000e+00,0.000000000000000000e+00
3.000000000000000000e+00,4.441182345332817527e-01,4.000000000000000000e+00,3.997064110799535719e+00,6.574700208165301651e-02,1.360970602340041635e+00,0.000000000000000000e+00,1.000000000000000000e+00,1.000000000000000000e+00,0.000000000000000000e+00
3.000000000000000000e+00,4.529780640366860012e-01,1.000000000000000000e+00,4.076802576330173622e+00,6.839637549947466533e-02,1.341217722765701170e+00,0.000000000000000000e+00,1.000000000000000000e+00,0.000000000000000000e+00,0.000000000000000000e+00
3.000000000000000000e+00,4.529780640366860012e-01,2.000000000000000000e+00,4.076802576330173622e+00,6.839637549947466533e-02,1.341217722765701170e+00,0.000000000000000000e+00,1.000000000000000000e+00,1.000000000000000000e+00,0.000000000000000000e+00
3.000000000000000000e+00,4.529780640366860012e-01,3.000000000000000000e+00,4.076802576330173622e+00,6.839637549947466533e-02,1.341217722765701170e+00,0.000000000000000000e+00,1.000000000000000000e+00,1.000000000000000000e+00,0.000000000000000000e+00
3.000000000000000000e+00,4.529780640366860012e-01,4.000000000000000000e+00,4.076802576330173622e+00,6.839637549947466533e-02,1.341217722765701170e+00,0.000000000000000000e+00,1.000000000000000000e+00,1.000000000000000000e+00,0.000000000000000000e+00
3.000000000000000000e+00,4.620146405698798975e-01,1.000000000000000000e+00,4.158131765128919355e+00,7.115250936697177508e-02,1.321464843191361593e+00,0.000000000000000000e+00,1.000000000000000000e+00,0.000000000000000000e+00,0.000000000000000000e+00
3.000000000000000000e+00,4.620146405698798975e-01,2.000000000000000000e+00,4.158131765128919355e+00,7.115250936697177508e-02,1.321464843191361593e+00,0.000000000000000000e+00,1.000000000000000000e+00,1.000000000000000000e+00,0.000000000000000000e+00
3.000000000000000000e+00,4.620146405698798975e-01,3.000000000000000000e+00,4.158131765128919355e+00,7.115250936697177508e-02,1.321464843191361593e+00,0.000000000000000000e+00,1.000000000000000000e+00,1.000000000000000000e+00,0.000000000000000000e+00
3.000000000000000000e+00,4.620146405698798975e-01,4.000000000000000000e+00,4.158131765128919355e+00,7.115250936697177508e-02,1.321464843191361593e+00,0.000000000000000000e+00,1.000000000000000000e+00,1.000000000000000000e+00,0.000000000000000000e+00
3.000000000000000000e+00,4.712314901050659310e-01,1.000000000000000000e+00,4.241083410945593712e+00,7.401970575554694953e-02,1.301711963617020906e+00,0.000000000000000000e+00,1.000000000000000000e+00,0.000000000000000000e+00,0.000000000000000000e+00
3.000000000000000000e+00,4.712314901050659310e-01,2.000000000000000000e+00,4.241083410945593712e+00,7.401970575554694953e-02,1.301711963617020906e+00,0.000000000000000000e+00,1.000000000000000000e+00,1.000000000000000000e+00,0.000000000000000000e+00
3.000000000000000000e+00,4.712314901050659310e-01,3.000000000000000000e+00,4.241083410945593712e+00,7.401970575554694953e-02,1.301711963617020906e+00,0.000000000000000000e+00,1.000000000000000000e+00,1.000000000000000000e+00,0.000000000000000000e+00
3.000000000000000000e+00,4.712314901050659310e-01,4.000000000000000000e+00,4.241083410945593712e+00,7.401970575554694953e-02,1.301711963617020906e+00,0.000000000000000000e+00,1.000000000000000000e+00,1.000000000000000000e+00,0.000000000000000000e+00
3.000000000000000000e+00,4.806322089549764365e-01,1.000000000000000000e+00,4.325689880594787873e+00,7.700244009498004305e-02,1.281959084042680441e+00,0.000000000000000000e+00,1.000000000000000000e+00,0.000000000000000000e+00,0.000000000000000000e+00
3.000000000000000000e+00,4.806322089549764365e-01,2.000000000000000000e+00,4.325689880594787873e+00,7.700244009498004305e-02,1.281959084042680441e+00,0.000000000000000000e+00,1.000000000000000000e+00,1.000000000000000000e+00,0.000000000000000000e+00
3.000000000000000000e+00,4.806322089549764365e-01,3.000000000000000000e+00,4.325689880594787873e+00,7.700244009498004305e-02,1.281959084042680441e+00,0.000000000000000000e+00,1.000000000000000000e+00,1.000000000000000000e+00,0.000000000000000000e+00
3.000000000000000000e+00,4.806322089549764365e-01,4.000000000000000000e+00,4.325689880594787873e+00,7.700244009498004305e-02,1.281959084042680441e+00,0.000000000000000000e+00,1.000000000000000000e+00,1.000000000000000000e+00,0.000000000000000000e+00
3.000000000000000000e+00,4.902204651761163934e-01,1.000000000000000000e+00,4.411984186585047318e+00,8.010536815916265152e-02,1.262206204468340864e+00,0.000000000000000000e+00,1.000000000000000000e+00,0.000000000000000000e+00,0.000000000000000000e+00
3.000000000000000000e+00,4.902204651761163934e-01,2.000000000000000000e+00,4.411984186585047318e+00,8.010536815916265152e-02,1.262206204468340864e+00,0.000000000000000000e+00,1.000000000000000000e+00,1.000000000000000000e+00,0.000000000000000000e+00
3.000000000000000000e+00,4.902204651761163934e-01,3.000000000000000000e+00,4.411984186585047318e+00,8.010536815916265152e-02,1.262206204468340864e+00,0.000000000000000000e+00,1.000000000000000000e+00,1.000000000000000000e+00,0.000000000000000000e+00
3.000000000000000000e+00,4.902204651761163934e-01,4.000000000000000000e+00,4.411984186585047318e+00,8.010536815916265152e-02,1.262206204468340864e+00,0.000000000000000000e+00,1.000000000000000000e+00,1.000000000000000000e+00,0.000000000000000000e+00
3.000000000000000000e+00,5.000000000000000000e-01,1.000000000000000000e+00,4.500000000000000000e+00,8.333333333333332871e-02,1.242453324894000177e+00,0.000000000000000000e+00,1.000000000000000000e+00,0.000000000000000000e+00,0.000000000000000000e+00
3.000000000000000000e+00,5.000000000000000000e-01,2.000000000000000000e+00,4.500000000000000000e+00,8.333333333333332871e-02,1.242453324894000177e+00,0.000000000000000000e+00,1.000000000000000000e+00,1.000000000000000000e+00,0.000000000000000000e+00
3.000000000000000000e+00,5.000000000000000000e-01,3.000000000000000000e+00,4.500000000000000000e+00,8.333333333333332871e-02,1.242453324894000177e+00,0.000000000000000000e+00,1.000000000000000000e+00,1.000000000000000000e+00,0.000000000000000000e+00
3.000000000000000000e+00,5.000000000000000000e-01,4.000000000000000000e+00,4.500000000000000000e+00,8.333333333333332871e-02,1.242453324894000177e+00,0.000000000000000000e+00,1.000000000000000000e+00,1.000000000000000000e+00,0.000000000000000000e+00
4.000000000000000000e+00,3.000000000000000062e-03,1.000000000000000000e+00,4.800000000000000100e-02,2.250000000000000057e-06,6.502290170873973096e+00,1.000000000000000000e+00,1.000000000000000000e+00,0.000000000000000000e+00,0.000000000000000000e+00
4.000000000000000000e+00,3.000000000000000062e-03,2.000000000000000000e+00,4.800000000000000100e-02,2.250000000000000057e-06,6.502290170873973096e+00,1.000000000000000000e+00,1.000000000000000000e+00,0.000000000000000000e+00,0.000000000000000000e+00
4.000000000000000000e+00,3.000000000000000062e-03,3.000000000000000000e+00,4.800000000000000100e-02,2.250000000000000057e-06,6.502290170873973096e+00,1.000000000000000000e+00,1.000000000000000000e+00,0.000000000000000000e+00,0.000000000000000000e+00
4.000000000000000000e+00,3.000000000000000062e-03,4.000000000000000000e+00,4.800000000000000100e-02,2.250000000000000057e-06,6.502290170873973096e+00,1.000000000000000000e+00,1.000000000000000000e+00,0.000000000000000000e+00,0.000000000000000000e+00
4.000000000000000000e+00,3.059847775757609280e-03,1.000000000000000000e+00,4.895756441212174848e-02,2.340667102702197279e-06,6.482537291299631299e+00,1.000000000000000000e+00,1.000000000000000000e+00,0.000000000000000000e+00,0.000000000000000000e+00
4.000000000000000000e+00,3.059847775757609280e-03,2.000000000000000000e+00,4.895756441212174848e-02,2.340667102702197279e-06,6.482537291299631299e+00,1.000000000000000000e+00,1.000000000000000000e+00,0.000000000000000000e+00,0.000000000000000000e+00
4.000000000000000000e+00,3.059847775757609280e-03,3.000000000000000000e+00,4.895756441212174848e-02,2.340667102702197279e-06,6.482537291299631299e+00,1.000000000000000000e+00,1.000000000000000000e+00,0.000000000000000000e+00,0.000000000000000000e+00
4.000000000000000000e+00,3.059847775757609280e-03,4.000000000000000000e+00,4.895756441212174848e-02,2.340667102702197279e-06,6.482537291299631299e+00,1.000000000000000000e+00,1.000000000000000000e+00,0.000000000000000000e+00,0.000000000000000000e+00
4.000000000000000000e+00,3.120889470269591886e-03,1.000000000000000000e+00,4.993423152431347017e-02,2.434987771409903578e-06,6.462784411725292166e+00,1.000000000000000000e+00,1.000000000000000000e+00,0.000000000000000000e+00,0.000000000000000000e+00
4.000000000000000000e+00,3.120889470269591886e-03,2.000000000000000000e+00,4.993423152431347017e-02,2.434987771409903578e-06,6.462784411725292166e+00,1.000000000000000000e+00,1.000000000000000000e+00,0.000000000000000000e+00,0.000000000000000000e+00
4.000000000000000000e+00,3.120889470269591886e-03,3.000000000000000000e+00,4.993423152431347017e-02,2.434987771409903578e-06,6.462784411725292166e+00,1.000000000000000000e+00,1.000000000000000000e+00,0.000000000000000000e+00,0.000000000000000000e+00
4.000000000000000000e+00,3.120889470269591886e-03,4.000000000000000000e+00,4.993423152431347017e-02,2.434987771409903578e-06,6.462784411725292166e+00,1.000000000000000000e+00,1.000000000000000000e+00,0.000000000000000000e+00,0.000000000000000000e+00
4.000000000000000000e+00,3.183148901329917180e-03,1.000000000000000000e+00,5.093038242127867488e-02,2.533109232009464716e-06,6.443031532150951257e+00,1.000000000000000000e+00,1.000000000000000000e+00,0.000000000000000000e+00,0.000000000000000000e+00
4.000000000000000000e+00,3.183148901329917180e-03,2.000000000000000000e+00,5.093038242127867488e-02,2.533109232009464716e-06,6.443031532150951257e+00,1.000000000000000000e+00,1.000000000000000000e+00,0.000000000000000000e+00,0.000000000000000000e+00
4.000000000000000000e+00,3.183148901329917180e-03,3.000000000000000000e+00,5.093038242127867488e-02,2.533109232009464716e-06,6.443031532150951257e+00,1.000000000000000000e+00,1.000000000000000000e+00,0.000000000000000000e+00,0.000000000000000000e+00
4.000000000000000000e+00,3.183148901329917180e-03,4.000000000000000000e+00,5.093038242127867488e-02,2.533109232009464716e-06,6.443031532150951257e+00,1.000000000000000000e+00,1.000000000000000000e+00,0.000000000000000000e+00,0.000000000000000000e+00
4.000000000000000000e+00,3.246650361879870484e-03,1.000000000000000000e+00,5.194640579007792774e-02,2.635184643073673308e-06,6.423278652576612124e+00,1.000000000000000000e+00,1.000000000000000000e+00,0.000000000000000000e+00,0.000000000000000000e+00
4.000000000000000000e+00,3.246650361879870484e-03,2.000000000000000000e+00,5.194640579007792774e-02,2.635184643073673308e-06,6.423278652576612124e+00,1.000000000000000000e+00,1.000000000000000000e+00,0.000000000000000000e+00,0.000000000000000000e+00
4.000000000000000000e+00,3.246650361879870484e-03,3.000000000000000000e+00,5.194640579007792774e-02,2.635184643073673308e-06,6.423278652576612124e+00,1.000000000000000000e+00,1.000000000000000000e+00,0.000000000000000000e+00,0.000000000000000000e+00
4.000000000000000000e+00,3.246650361879870484e-03,4.000000000000000000e+00,5.194640579007792774e-02,2.635184643073673308e-06,6.423278652576612124e+00,1.000000000000000000e+00,1.000000000000000000e+00,0.000000000000000000e+00,0.000000000000000000e+00
4.000000000000000000e+00,3.311418629486918321e-03,1.000000000000000000e+00,5.298269807179069313e-02,2.741373334928255109e-06,6.403525773002271215e+00,1.000000000000000000e+00,1.000000000000000000e+00,0.000000000000000000e+00,0.000000000000000000e+00
4.000000000000000000e+00,3.311418629486918321e-03,2.000000000000000000e+00,5.298269807179069313e-02,2.741373334928255109e-06,6.403525773002271215e+00,1.000000000000000000e+00,1.000000000000000000e+00,0.000000000000000000e+00,0.000000000000000000e+00
4.000000000000000000e+00,3.311418629486918321e-03,3.000000000000000000e+00,5.298269807179069313e-02,2.741373334928255109e-06,6.403525773002271215e+00,1.000000000000000000e+00,1.000000000000000000e+00,0.000000000000000000e+00,0.000000000000000000e+00
4.000000000000000000e+00,3.311418629486918321e-03,4.000000000000000000e+00,5.298269807179069313e-02,2.741373334928255109e-06,6.403525773002271215e+00,1.000000000000000000e+00,1.000000000000000000e+00,0.000000000000000000e+00,0.000000000000000000e+00
4.000000000000000000e+00,3.377478976012614643e-03,1.000000000000000000e+00,5.403966361620183428e-02,2.851841058351804995e-06,6.383772893427932082e+00,1.000000000000000000e+00,1.000000000000000000e+00,0.000000000000000000e+00,0.000000000000000000e+00
4.000000000000000000e+00,3.377478976012614643e-03,2.000000000000000000e+00,5.403966361620183428e-02,2.851841058351804995e-06,6.383772893427932082e+00,1.000000000000000000e+00,1.000000000000000000e+00,0.000000000000000000e+00,0.000000000000000000e+00
4.000000000000000000e+00,3.377478976012614643e-03,3.000000000000000000e+00,5.403966361620183428e-02,2.851841058351804995e-06,6.383772893427932082e+00,1.000000000000000000e+00,1.000000000000000000e+00,0.000000000000000000e+00,0.000000000000000000e+00
4.000000000000000000e+00,3.377478976012614643e-03,4.000000000000000000e+00,5.403966361620183428e-02,2.851841058351804995e-06,6.383772893427932082e+00,1.000000000000000000e+00,1.000000000000000000e+00,0.000000000000000000e+00,0.000000000000000000e+00
4.000000000000000000e+00,3.444857177473427835e-03,1.000000000000000000e+00,5.511771483957484535e-02,2.966760243297547857e-06,6.364020013853591173e+00,1.000000000000000000e+00,1.000000000000000000e+00,0.000000000000000000e+00,0.000000000000000000e+00
4.000000000000000000e+00,3.444857177473427835e-03,2.000000000000000000e+00,5.511771483957484535e-02,2.966760243297547857e-06,6.364020013853591173e+00,1.000000000000000000e+00,1.000000000000000000e+00,0.000000000000000000e+00,0.000000000000000000e+00
4.000000000000000000e+00,3.444857177473427835e-03,3.000000000000000000e+00,5.511771483957484535e-02,2.966760243297547857e-06,6.364020013853591173e+00,1.000000000000000000e+00,1.000000000000000000e+00,0.000000000000000000e+00,0.000000000000000000e+00
4.000000000000000000e+00,3.444857177473427835e-03,4.000000000000000000e+00,5.511771483957484535e-02,2.966760243297547857e-06,6.364020013853591173e+00,1.000000000000000000e+00,1.000000000000000000e+00,0.000000000000000000e+00,0.000000000000000000e+00
4.000000000000000000e+00,3.513579524098229840e-03,1.000000000000000000e+00,5.621727238557167744e-02,3.086310268040585980e-06,6.344267134279252041e+00,1.000000000000000000e+00,1.000000000000000000e+00,0.000000000000000000e+00,0.000000000000000000e+00
4.000000000000000000e+00,3.513579524098229840e-03,2.000000000000000000e+00,5.621727238557167744e-02,3.086310268040585980e-06,6.344267134279252041e+00,1.000000000000000000e+00,1.000000000000000000e+00,0.000000000000000000e+00,0.000000000000000000e+00
4.000000000000000000e+00,3.513579524098229840e-03,3.000000000000000000e+00,5.621727238557167744e-02,3.086310268040585980e-06,6.344267134279252041e+00,1.000000000000000000e+00,1.000000000000000000e+00,0.000000000000000000e+00,0.000000000000000000e+00
4.000000000000000000e+00,3.513579524098229840e-03,4.000000000000000000e+00,5.621727238557167744e-02,3.086310268040585980e-06,6.344267134279252041e+00,1.000000000000000000e+00,1.000000000000000000e+00,0.000000000000000000e+00,0.000000000000000000e+00
4.000000000000000000e+00,3.583672830586481523e-03,1.000000000000000000e+00,5.733876528938370437e-02,3.210677739170931095e-06,6.324514254704911131e+00,1.000000000000000000e+00,1.000000000000000000e+00,0.000000000000000000e+00,0.000000000000000000e+00
4.000000000000000000e+00,3.583672830586481523e-03,2.000000000000000000e+00,5.733876528938370437e-02,3.210677739170931095e-06,6.324514254704911131e+00,1.000000000000000000e+00,1.000000000000000000e+00,0.000000000000000000e+00,0.000000000000000000e+00
4.000000000000000000e+00,3.583672830586481523e-03,3.000000000000000000e+00,5.733876528938370437e-02,3.210677739170931095e-06,6.324514254704911131e+00,1.000000000000000000e+00,1.000000000000000000e+00,0.000000000000000000e+00,0.000000000000000000e+00
4.000000000000000000e+00,3.583672830586481523e-03,4.000000000000000000e+00,5.733876528938370437e-02,3.210677739170931095e-06,6.324514254704911131e+00,1.000000000000000000e+00,1.000000000000000000e+00,0.000000000000000000e+00,0.000000000000000000e+00
4.000000000000000000e+00,3.655164446571001775e-03,1.000000000000000000e+00,5.848263114513602839e-02,3.340056782869174533e-06,6.304761375130571999e+00,1.000000000000000000e+00,1.000000000000000000e+00,0.000000000000000000e+00,0.000000000000000000e+00
4.000000000000000000e+00,3.655164446571001775e-03,2.000000000000000000e+00,5.848263114513602839e-02,3.340056782869174533e-06,6.304761375130571999e+00,1.000000000000000000e+00,1.000000000000000000e+00,0.000000000000000000e+00,0.000000000000000000e+00
4.000000000000000000e+00,3.655164446571001775e-03,3.000000000000000000e+00,5.848263114513602839e-02,3.340056782869174533e-06,6.304761375130571999e+00,1.000000000000000000e+00,1.000000000000000000e+00,0.000000000000000000e+00,0.000000000000000000e+00
4.000000000000000000e+00,3.655164446571001775e-03,4.000000000000000000e+00,5.848263114513602839e-02,3.340056782869174533e-06,6.304761375130571999e+00,1.000000000000000000e+00,1.000000000000000000e+00,0.000000000000000000e+00,0.000000000000000000e+00
4.000000000000000000e+00,3.728082267289523164e-03,1.000000000000000000e+00,5.964931627663237063e-02,3.474649347919647932e-06,6.285008495556231090e+00,1.000000000000000000e+00,1.000000000000000000e+00,0.000000000000000000e+00,0.000000000000000000e+00
4.000000000000000000e+00,3.728082267289523164e-03,2.000000000000000000e+00,5.964931627663237063e-02,3.474649347919647932e-06,6.285008495556231090e+00,1.000000000000000000e+00,1.000000000000000000e+00,0.000000000000000000e+00,0.000000000000000000e+00
4.000000000000000000e+00,3.728082267289523164e-03,3.000000000000000000e+00,5.964931627663237063e-02,3.474649347919647932e-06,6.285008495556231090e+00,1.000000000000000000e+00,1.000000000000000000e+00,0.000000000000000000e+00,0.000000000000000000e+00
4.000000000000000000e+00,3.728082267289523164e-03,4.000000000000000000e+00,5.964931627663237063e-02,3.474649347919647932e-06,6.285008495556231090e+00,1.000000000000000000e+00,1.000000000000000000e+00,0.000000000000000000e+00,0.000000000000000000e+00
4.000000000000000000e+00,3.802454744469072143e-03,1.000000000000000000e+00,6.083927591150515429e-02,3.614665520933839169e-06,6.265255615981891957e+00,1.000000000000000000e+00,1.000000000000000000e+00,0.000000000000000000e+00,0.000000000000000000e+00
4.000000000000000000e+00,3.802454744469072143e-03,2.000000000000000000e+00,6.083927591150515429e-02,3.614665520933839169e-06,6.265255615981891957e+00,1.000000000000000000e+00,1.000000000000000000e+00,0.000000000000000000e+00,0.000000000000000000e+00
4.000000000000000000e+00,3.802454744469072143e-03,3.000000000000000000e+00,6.083927591150515429e-02,3.614665520933839169e-06,6.265255615981891957e+00,1.000000000000000000e+00,1.000000000000000000e+00,0.000000000000000000e+00,0.000000000000000000e+00
4.000000000000000000e+00,3.802454744469072143e-03,4.000000000000000000e+00,6.083927591150515429e-02,3.614665520933839169e-06,6.265255615981891957e+00,1.000000000000000000e+00,1.000000000000000000e+00,0.000000000000000000e+00,0.000000000000000000e+00
4.000000000000000000e+00,3.878310897427551807e-03,1.000000000000000000e+00,6.205297435884082891e-02,3.760323854276325595e-06,6.245502736407551048e+00,1.000000000000000000e+00,1.000000000000000000e+00,0.000000000000000000e+00,0.000000000000000000e+00
4.000000000000000000e+00,3.878310897427551807e-03,2.000000000000000000e+00,6.205297435884082891e-02,3.760323854276325595e-06,6.245502736407551048e+00,1.000000000000000000e+00,1.000000000000000000e+00,0.000000000000000000e+00,0.000000000000000000e+00
4.000000000000000000e+00,3.878310897427551807e-03,3.000000000000000000e+00,6.205297435884082891e-02,3.760323854276325595e-06,6.245502736407551048e+00,1.000000000000000000e+00,1.000000000000000000e+00,0.000000000000000000e+00,0.000000000000000000e+00
4.000000000000000000e+00,3.878310897427551807e-03,4.000000000000000000e+00,6.205297435884082891e-02,3.760323854276325595e-06,6.245502736407551048e+00,1.000000000000000000e+00,1.000000000000000000e+00,0.000000000000000000e+00,0.000000000000000000e+00
4.000000000000000000e+00,3.955680324396728710e-03,1.000000000000000000e+00,6.329088519034765936e-02,3.911851707204852401e-06,6.225749856833211027e+00,1.000000000000000000e+00,1.000000000000000000e+00,0.000000000000000000e+00,0.000000000000000000e+00
4.000000000000000000e+00,3.955680324396728710e-03,2.000000000000000000e+00,6.329088519034765936e-02,3.911851707204852401e-06,6.225749856833211027e+00,1.000000000000000000e+00,1.000000000000000000e+00,0.000000000000000000e+00,0.000000000000000000e+00
4.000000000000000000e+00,3.955680324396728710e-03,3.000000000000000000e+00,6.329088519034765936e-02,3.911851707204852401e-06,6.225749856833211027e+00,1.000000000000000000e+00,1.000000000000000000e+00,0.000000000000000000e+00,0.000000000000000000e+00
4.000000000000000000e+00,3.955680324396728710e-03,4.000000000000000000e+00,6.329088519034765936e-02,3.911851707204852401e-06,6.225749856833211027e+00,1.000000000000000000e+00,1.000000000000000000e+00,0.000000000000000000e+00,0.000000000000000000e+00
4.000000000000000000e+00,4.034593214071150943e-03,1.000000000000000000e+00,6.455349142513841509e-02,4.069485600757244940e-06,6.205996977258871006e+00,1.000000000000000000e+00,1.000000000000000000e+00,0.000000000000000000e+00,0.000000000000000000e+00
4.000000000000000000e+00,4.034593214071150943e-03,2.000000000000000000e+00,6.455349142513841509e-02,4.069485600757244940e-06,6.205996977258871006e+00,1.000000000000000000e+00,1.000000000000000000e+00,0.000000000000000000e+00,0.000000000000000000e+00
4.000000000000000000e+00,4.034593214071150943e-03,3.000000000000000000e+00,6.455349142513841509e-02,4.069485600757244940e-06,6.205996977258871006e+00,1.000000000000000000e+00,1.000000000000000000e+00,0.000000000000000000e+00,0.000000000000000000e+00
4.000000000000000000e+00,4.034593214071150943e-03,4.000000000000000000e+00,6.455349142513841509e-02,4.069485600757244940e-06,6.205996977258871006e+00,1.000000000000000000e+00,1.000000000000000000e+00,0.000000000000000000e+00,0.000000000000000000e+00
4.000000000000000000e+00,4.115080357387450490e-03,1.000000000000000000e+00,6.584128571819920783e-02,4.233471586939006590e-06,6.186244097684530985e+00,1.000000000000000000e+00,1.000000000000000000e+00,0.000000000000000000e+00,0.000000000000000000e+00
4.000000000000000000e+00,4.115080357387450490e-03,2.000000000000000000e+00,6.584128571819920783e-02,4.233471586939006590e-06,6.186244097684530985e+00,1.000000000000000000e+00,1.000000000000000000e+00,0.000000000000000000e+00,0.000000000000000000e+00
4.000000000000000000e+00,4.115080357387450490e-03,3.000000000000000000e+00,6.584128571819920783e-02,4.233471586939006590e-06,6.186244097684530985e+00,1.000000000000000000e+00,1.000000000000000000e+00,0.000000000000000000e+00,0.000000000000000000e+00
4.000000000000000000e+00,4.115080357387450490e-03,4.000000000000000000e+00,6.584128571819920783e-02,4.233471586939006590e-06,6.186244097684530985e+00,1.000000000000000000e+00,1.000000000000000000e+00,0.000000000000000000e+00,0.000000000000000000e+00
4.000000000000000000e+00,4.197173159538600436e-03,1.000000000000000000e+00,6.715477055261760697e-02,4.404065632787809839e-06,6.166491218110190964e+00,1.000000000000000000e+00,1.000000000000000000e+00,0.000000000000000000e+00,0.000000000000000000e+00
4.000000000000000000e+00,4.197173159538600436e-03,2.000000000000000000e+00,6.715477055261760697e-02,4.404065632787809839e-06,6.166491218110190964e+00,1.000000000000000000e+00,1.000000000000000000e+00,0.000000000000000000e+00,0.000000000000000000e+00
4.000000000000000000e+00,4.197173159538600436e-03,3.000000000000000000e+00,6.715477055261760697e-02,4.404065632787809839e-06,6.166491218110190964e+00,1.000000000000000000e+00,1.000000000000000000e+00,0.000000000000000000e+00,0.000000000000000000e+00
4.000000000000000000e+00,4.197173159538600436e-03,4.000000000000000000e+00,6.715477055261760697e-02,4.404065632787809839e-06,6.166491218110190964e+00,1.000000000000000000e+00,1.000000000000000000e+00,0.000000000000000000e+00,0.000000000000000000e+00
4.000000000000000000e+00,4.280903652227906198e-03,1.000000000000000000e+00,6.849445843564649916e-02,4.581534019914556659e-06,6.146738338535850055e+00,1.000000000000000000e+00,1.000000000000000000e+00,0.000000000000000000e+00,0.000000000000000000e+00
4.000000000000000000e+00,4.280903652227906198e-03,2.000000000000000000e+00,6.849445843564649916e-02,4.581534019914556659e-06,6.146738338535850055e+00,1.000000000000000000e+00,1.000000000000000000e+00,0.000000000000000000e+00,0.000000000000000000e+00
4.000000000000000000e+00,4.280903652227906198e-03,3.000000000000000000e+00,6.849445843564649916e-02,4.581534019914556659e-06,6.146738338535850055e+00,1.000000000000000000e+00,1.000000000000000000e+00,0.000000000000000000e+00,0.000000000000000000e+00
4.000000000000000000e+00,4.280903652227906198e-03,4.000000000000000000e+00,6.849445843564649916e-02,4.581534019914556659e-06,6.146738338535850055e+00,1.000000000000000000e+00,1.000000000000000000e+00,0.000000000000000000e+00,0.000000000000000000e+00
4.000000000000000000e+00,4.366304506167388924e-03,1.000000000000000000e+00,6.986087209867822279e-02,4.766153760144411679e-06,6.126985458961510922e+00,1.000000000000000000e+00,1.000000000000000000e+00,0.000000000000000000e+00,0.000000000000000000e+00
4.000000000000000000e+00,4.366304506167388924e-03,2.000000000000000000e+00,6.986087209867822279e-02,4.766153760144411679e-06,6.126985458961510922e+00,1.000000000000000000e+00,1.000000000000000000e+00,0.000000000000000000e+00,0.000000000000000000e+00
4.000000000000000000e+00,4.366304506167388924e-03,3.000000000000000000e+00,6.986087209867822279e-02,4.766153760144411679e-06,6.126985458961510922e+00,1.000000000000000000e+00,1.000000000000000000e+00,0.000000000000000000e+00,0.000000000000000000e+00
4.000000000000000000e+00,4.366304506167388924e-03,4.000000000000000000e+00,6.986087209867822279e-02,4.766153760144411679e-06,6.126985458961510922e+00,1.000000000000000000e+00,1.000000000000000000e+00,0.000000000000000000e+00,0.000000000000000000e+00
4.000000000000000000e+00,4.453409043825569229e-03,1.000000000000000000e+00,7.125454470120910766e-02,4.958213027906842951e-06,6.107232579387170013e+00,1.000000000000000000e+00,1.000000000000000000e+00,0.000000000000000000e+00,0.000000000000000000e+00
4.000000000000000000e+00,4.453409043825569229e-03,2.000000000000000000e+00,7.125454470120910766e-02,4.958213027906842951e-06,6.107232579387170013e+00,1.000000000000000000e+00,1.000000000000000000e+00,0.000000000000000000e+00,0.000000000000000000e+00
4.000000000000000000e+00,4.453409043825569229e-03,3.000000000000000000e+00,7.125454470120910766e-02,4.958213027906842951e-06,6.107232579387170013e+00,1.000000000000000000e+00,1.000000000000000000e+00,0.000000000000000000e+00,0.000000000000000000e+00
4.000000000000000000e+00,4.453409043825569229e-03,4.000000000000000000e+00,7.125454470120910766e-02,4.958213027906842951e-06,6.107232579387170013e+00,1.000000000000000000e+00,1.000000000000000000e+00,0.000000000000000000e+00,0.000000000000000000e+00
4.000000000000000000e+00,4.542251252429490259e-03,1.000000000000000000e+00,7.267602003887184414e-02,5.158011610049318466e-06,6.087479699812830880e+00,1.000000000000000000e+00,1.000000000000000000e+00,0.000000000000000000e+00,0.000000000000000000e+00
4.000000000000000000e+00,4.542251252429490259e-03,2.000000000000000000e+00,7.267602003887184414e-02,5.158011610049318466e-06,6.087479699812830880e+00,1.000000000000000000e+00,1.000000000000000000e+00,0.000000000000000000e+00,0.000000000000000000e+00
4.000000000000000000e+00,4.542251252429490259e-03,3.000000000000000000e+00,7.267602003887184414e-02,5.158011610049318466e-06,6.087479699812830880e+00,1.000000000000000000e+00,1.000000000000000000e+00,0.000000000000000000e+00,0.000000000000000000e+00
4.000000000000000000e+00,4.542251252429490259e-03,4.000000000000000000e+00,7.267602003887184414e-02,5.158011610049318466e-06,6.087479699812830880e+00,1.000000000000000000e+00,1.000000000000000000e+00,0.000000000000000000e+00,0.000000000000000000e+00
4.000000000000000000e+00,4.632865797226195549e-03,1.000000000000000000e+00,7.412585275561912879e-02,5.365861373777078307e-06,6.067726820238489971e+00,1.000000000000000000e+00,1.000000000000000000e+00,0.000000000000000000e+00,0.000000000000000000e+00
4.000000000000000000e+00,4.632865797226195549e-03,2.000000000000000000e+00,7.412585275561912879e-02,5.365861373777078307e-06,6.067726820238489971e+00,1.000000000000000000e+00,1.000000000000000000e+00,0.000000000000000000e+00,0.000000000000000000e+00
4.000000000000000000e+00,4.632865797226195549e-03,3.000000000000000000e+00,7.412585275561912879e-02,5.365861373777078307e-06,6.067726820238489971e+00,1.000000000000000000e+00,1.000000000000000000e+00,0.000000000000000000e+00,0.000000000000000000e+00
4.000000000000000000e+00,4.632865797226195549e-03,4.000000000000000000e+00,7.412585275561912879e-02,5.365861373777078307e-06,6.067726820238489971e+00,1.000000000000000000e+00,1.000000000000000000e+00,0.000000000000000000e+00,0.000000000000000000e+00
4.000000000000000000e+00,4.725288035008685418e-03,1.000000000000000000e+00,7.560460856013896669e-02,5.582086753449060452e-06,6.047973940664150838e+00,1.000000000000000000e+00,1.000000000000000000e+00,0.000000000000000000e+00,0.000000000000000000e+00
4.000000000000000000e+00,4.725288035008685418e-03,2.000000000000000000e+00,7.560460856013896669e-02,5.582086753449060452e-06,6.047973940664150838e+00,1.000000000000000000e+00,1.000000000000000000e+00,0.000000000000000000e+00,0.000000000000000000e+00
4.000000000000000000e+00,4.725288035008685418e-03,3.000000000000000000e+00,7.560460856013896669e-02,5.582086753449060452e-06,6.047973940664150838e+00,1.000000000000000000e+00,1.000000000000000000e+00,0.000000000000000000e+00,0.000000000000000000e+00
4.000000000000000000e+00,4.725288035008685418e-03,4.000000000000000000e+00,7.560460856013896669e-02,5.582086753449060452e-06,6.047973940664150838e+00,1.000000000000000000e+00,1.000000000000000000e+00,0.000000000000000000e+00,0.000000000000000000e+00
4.000000000000000000e+00,4.819554027911788531e-03,1.000000000000000000e+00,7.711286444658861650e-02,5.807025256990186362e-06,6.028221061089809929e+00,1.000000000000000000e+00,1.000000000000000000e+00,0.000000000000000000e+00,0.000000000000000000e+00
4.000000000000000000e+00,4.819554027911788531e-03,2.000000000000000000e+00,7.711286444658861650e-02,5.807025256990186362e-06,6.028221061089809929e+00,1.000000000000000000e+00,1.000000000000000000e+00,0.000000000000000000e+00,0.000000000000000000e+00
4.000000000000000000e+00,4.819554027911788531e-03,3.000000000000000000e+00,7.711286444658861650e-02,5.807025256990186362e-06,6.028221061089809929e+00,1.000000000000000000e+00,1.000000000000000000e+00,0.000000000000000000e+00,0.000000000000000000e+00
4.000000000000000000e+00,4.819554027911788531e-03,4.000000000000000000e+00,7.711286444658861650e-02,5.807025256990186362e-06,6.028221061089809929e+00,1.000000000000000000e+00,1.000000000000000000e+00,0.000000000000000000e+00,0.000000000000000000e+00
4.000000000000000000e+00,4.915700557483164077e-03,1.000000000000000000e+00,7.865120891973062522e-02,6.041027992710072119e-06,6.008468181515470796e+00,1.000000000000000000e+00,1.000000000000000000e+00,0.000000000000000000e+00,0.000000000000000000e+00
4.000000000000000000e+00,4.915700557483164077e-03,2.000000000000000000e+00,7.865120891973062522e-02,6.041027992710072119e-06,6.008468181515470796e+00,1.000000000000000000e+00,1.000000000000000000e+00,0.000000000000000000e+00,0.000000000000000000e+00
4.000000000000000000e+00,4.915700557483164077e-03,3.000000000000000000e+00,7.865120891973062522e-02,6.041027992710072119e-06,6.008468181515470796e+00,1.000000000000000000e+00,1.000000000000000000e+00,0.000000000000000000e+00,0.000000000000000000e+00
4.000000000000000000e+00,4.915700557483164077e-03,4.000000000000000000e+00,7.865120891973062522e-02,6.041027992710072119e-06,6.008468181515470796e+00,1.000000000000000000e+00,1.000000000000000000e+00,0.000000000000000000e+00,0.000000000000000000e+00
4.000000000000000000e+00,5.013765139035098427e-03,1.000000000000000000e+00,8.022024222456157483e-02,6.284460217350910219e-06,5.988715301941129887e+00,1.000000000000000000e+00,1.000000000000000000e+00,0.000000000000000000e+00,0.000000000000000000e+00
4.000000000000000000e+00,5.013765139035098427e-03,2.000000000000000000e+00,8.022024222456157483e-02,6.284460217350910219e-06,5.988715301941129887e+00,1.000000000000000000e+00,1.000000000000000000e+00,0.000000000000000000e+00,0.000000000000000000e+00
4.000000000000000000e+00,5.013765139035098427e-03,3.000000000000000000e+00,8.022024222456157483e-02,6.284460217350910219e-06,5.988715301941129887e+00,1.000000000000000000e+00,1.000000000000000000e+00,0.000000000000000000e+00,0.000000000000000000e+00
4.000000000000000000e+00,5.013765139035098427e-03,4.000000000000000000e+00,8.022024222456157483e-02,6.284460217350910219e-06,5.988715301941129887e+00,1.000000000000000000e+00,1.000000000000000000e+00,0.000000000000000000e+00,0.000000000000000000e+00
4.000000000000000000e+00,5.113786036282521631e-03,1.000000000000000000e+00,8.182057658052034610e-02,6.537701906219525558e-06,5.968962422366790754e+00,1.000000000000000000e+00,1.000000000000000000e+00,0.000000000000000000e+00,0.000000000000000000e+00
4.000000000000000000e+00,5.113786036282521631e-03,2.000000000000000000e+00,8.182057658052034610e-02,6.537701906219525558e-06,5.968962422366790754e+00,1.000000000000000000e+00,1.000000000000000000e+00,0.000000000000000000e+00,0.000000000000000000e+00
4.000000000000000000e+00,5.113786036282521631e-03,3.000000000000000000e+00,8.182057658052034610e-02,6.537701906219525558e-06,5.968962422366790754e+00,1.000000000000000000e+00,1.000000000000000000e+00,0.000000000000000000e+00,0.000000000000000000e+00
4.000000000000000000e+00,5.113786036282521631e-03,4.000000000000000000e+00,8.182057658052034610e-02,6.537701906219525558e-06,5.968962422366790754e+00,1.000000000000000000e+00,1.000000000000000000e+00,0.000000000000000000e+00,0.000000000000000000e+00
4.000000000000000000e+00,5.215802276273130526e-03,1.000000000000000000e+00,8.345283642037008842e-02,6.801148346293992244e-06,5.949209542792449845e+00,1.000000000000000000e+00,1.000000000000000000e+00,0.000000000000000000e+00,0.000000000000000000e+00
4.000000000000000000e+00,5.215802276273130526e-03,2.000000000000000000e+00,8.345283642037008842e-02,6.801148346293992244e-06,5.949209542792449845e+00,1.000000000000000000e+00,1.000000000000000000e+00,0.000000000000000000e+00,0.000000000000000000e+00
4.000000000000000000e+00,5.215802276273130526e-03,3.000000000000000000e+00,8.345283642037008842e-02,6.801148346293992244e-06,5.949209542792449845e+00,1.000000000000000000e+00,1.000000000000000000e+00,0.000000000000000000e+00,0.000000000000000000e+00
4.000000000000000000e+00,5.215802276273130526e-03,4.000000000000000000e+00,8.345283642037008842e-02,6.801148346293992244e-06,5.949209542792449845e+00,1.000000000000000000e+00,1.000000000000000000e+00,0.000000000000000000e+00,0.000000000000000000e+00
4.000000000000000000e+00,5.319853664615263253e-03,1.000000000000000000e+00,8.511765863384421205e-02,7.075210753230111723e-06,5.929456663218110712e+00,1.000000000000000000e+00,1.000000000000000000e+00,0.000000000000000000e+00,0.000000000000000000e+00
4.000000000000000000e+00,5.319853664615263253e-03,2.000000000000000000e+00,8.511765863384421205e-02,7.075210753230111723e-06,5.929456663218110712e+00,1.000000000000000000e+00,1.000000000000000000e+00,0.000000000000000000e+00,0.000000000000000000e+00
4.000000000000000000e+00,5.319853664615263253e-03,3.000000000000000000e+00,8.511765863384421205e-02,7.075210753230111723e-06,5.929456663218110712e+00,1.000000000000000000e+00,1.000000000000000000e+00,0.000000000000000000e+00,0.000000000000000000e+00
4.000000000000000000e+00,5.319853664615263253e-03,4.000000000000000000e+00,8.511765863384421205e-02,7.075210753230111723e-06,5.929456663218110712e+00,1.000000000000000000e+00,1.000000000000000000e+00,0.000000000000000000e+00,0.000000000000000000e+00
4.000000000000000000e+00,5.425980801009658294e-03,1.000000000000000000e+00,8.681569281615453271e-02,7.360316913231352980e-06,5.909703783643769803e+00,1.000000000000000000e+00,1.000000000000000000e+00,0.000000000000000000e+00,0.000000000000000000e+00
4.000000000000000000e+00,5.425980801009658294e-03,2.000000000000000000e+00,8.681569281615453271e-02,7.360316913231352980e-06,5.909703783643769803e+00,1.000000000000000000e+00,1.000000000000000000e+00,0.000000000000000000e+00,0.000000000000000000e+00
4.000000000000000000e+00,5.425980801009658294e-03,3.000000000000000000e+00,8.681569281615453271e-02,7.360316913231352980e-06,5.909703783643769803e+00,1.000000000000000000e+00,1.000000000000000000e+00,0.000000000000000000e+00,0.000000000000000000e+00
4.000000000000000000e+00,5.425980801009658294e-03,4.000000000000000000e+00,8.681569281615453271e-02,7.360316913231352980e-06,5.909703783643769803e+00,1.000000000000000000e+00,1.000000000000000000e+00,0.000000000000000000e+00,0.000000000000000000e+00
4.000000000000000000e+00,5.534225095090963137e-03,1.000000000000000000e+00,8.854760152145541019e-02,7.656911850783644296e-06,5.889950904069429782e+00,1.000000000000000000e+00,1.000000000000000000e+00,0.000000000000000000e+00,0.000000000000000000e+00
4.000000000000000000e+00,5.534225095090963137e-03,2.000000000000000000e+00,8.854760152145541019e-02,7.656911850783644296e-06,5.889950904069429782e+00,1.000000000000000000e+00,1.000000000000000000e+00,0.000000000000000000e+00,0.000000000000000000e+00
4.000000000000000000e+00,5.534225095090963137e-03,3.000000000000000000e+00,8.854760152145541019e-02,7.656911850783644296e-06,5.889950904069429782e+00,1.000000000000000000e+00,1.000000000000000000e+00,0.000000000000000000e+00,0.000000000000000000e+00
4.000000000000000000e+00,5.534225095090963137e-03,4.000000000000000000e+00,8.854760152145541019e-02,7.656911850783644296e-06,5.889950904069429782e+00,1.000000000000000000e+00,1.000000000000000000e+00,0.000000000000000000e+00,0.000000000000000000e+00
4.000000000000000000e+00,5.644628782585334702e-03,1.000000000000000000e+00,9.031406052136535523e-02,7.965458523297698842e-06,5.870198024495089761e+00,1.000000000000000000e+00,1.000000000000000000e+00,0.000000000000000000e+00,0.000000000000000000e+00
4.000000000000000000e+00,5.644628782585334702e-03,2.000000000000000000e+00,9.031406052136535523e-02,7.965458523297698842e-06,5.870198024495089761e+00,1.000000000000000000e+00,1.000000000000000000e+00,0.000000000000000000e+00,0.000000000000000000e+00
4.000000000000000000e+00,5.644628782585334702e-03,3.000000000000000000e+00,9.031406052136535523e-02,7.965458523297698842e-06,5.870198024495089761e+00,1.000000000000000000e+00,1.000000000000000000e+00,0.000000000000000000e+00,0.000000000000000000e+00
4.000000000000000000e+00,5.644628782585334702e-03,4.000000000000000000e+00,9.031406052136535523e-02,7.965458523297698842e-06,5.870198024495089761e+00,1.000000000000000000e+00,1.000000000000000000e+00,0.000000000000000000e+00,0.000000000000000000e+00
4.000000000000000000e+00,5.757234941790370479e-03,1.000000000000000000e+00,9.211575906864592767e-02,8.286438543742993300e-06,5.850445144920748852e+00,1.000000000000000000e+00,1.000000000000000000e+00,0.000000000000000000e+00,0.000000000000000000e+00
4.000000000000000000e+00,5.757234941790370479e-03,2.000000000000000000e+00,9.211575906864592767e-02,8.286438543742993300e-06,5.850445144920748852e+00,1.000000000000000000e+00,1.000000000000000000e+00,0.000000000000000000e+00,0.000000000000000000e+00
4.000000000000000000e+00,5.757234941790370479e-03,3.000000000000000000e+00,9.211575906864592767e-02,8.286438543742993300e-06,5.850445144920748852e+00,1.000000000000000000e+00,1.000000000000000000e+00,0.000000000000000000e+00,0.000000000000000000e+00
4.000000000000000000e+00,5.757234941790370479e-03,4.000000000000000000e+00,9.211575906864592767e-02,8.286438543742993300e-06,5.850445144920748852e+00,1.000000000000000000e+00,1.000000000000000000e+00,0.000000000000000000e+00,0.000000000000000000e+00
4.000000000000000000e+00,5.872087510383742874e-03,1.000000000000000000e+00,9.395340016613988599e-02,8.620352932401186590e-06,5.830692265346409719e+00,1.000000000000000000e+00,1.000000000000000000e+00,0.000000000000000000e+00,0.000000000000000000e+00
4.000000000000000000e+00,5.872087510383742874e-03,2.000000000000000000e+00,9.395340016613988599e-02,8.620352932401186590e-06,5.830692265346409719e+00,1.000000000000000000e+00,1.000000000000000000e+00,0.000000000000000000e+00,0.000000000000000000e+00
4.000000000000000000e+00,5.872087510383742874e-03,3.000000000000000000e+00,9.395340016613988599e-02,8.620352932401186590e-06,5.830692265346409719e+00,1.000000000000000000e+00,1.000000000000000000e+00,0.000000000000000000e+00,0.000000000000000000e+00
4.000000000000000000e+00,5.872087510383742874e-03,4.000000000000000000e+00,9.395340016613988599e-02,8.620352932401186590e-06,5.830692265346409719e+00,1.000000000000000000e+00,1.000000000000000000e+00,0.000000000000000000e+00,0.000000000000000000e+00
4.000000000000000000e+00,5.989231302567242336e-03,1.000000000000000000e+00,9.582770084107587738e-02,8.967722898912826627e-06,5.810939385772068810e+00,1.000000000000000000e+00,1.000000000000000000e+00,0.000000000000000000e+00,0.000000000000000000e+00
4.000000000000000000e+00,5.989231302567242336e-03,2.000000000000000000e+00,9.582770084107587738e-02,8.967722898912826627e-06,5.810939385772068810e+00,1.000000000000000000e+00,1.000000000000000000e+00,0.000000000000000000e+00,0.000000000000000000e+00
4.000000000000000000e+00,5.989231302567242336e-03,3.000000000000000000e+00,9.582770084107587738e-02,8.967722898912826627e-06,5.810939385772068810e+00,1.000000000000000000e+00,1.000000000000000000e+00,0.000000000000000000e+00,0.000000000000000000e+00
4.000000000000000000e+00,5.989231302567242336e-03,4.000000000000000000e+00,9.582770084107587738e-02,8.967722898912826627e-06,5.810939385772068810e+00,1.000000000000000000e+00,1.000000000000000000e+00,0.000000000000000000e+00,0.000000000000000000e+00
4.000000000000000000e+00,6.108712026552733619e-03,1.000000000000000000e+00,9.773939242484373791e-02,9.329090655837501975e-06,5.791186506197729678e+00,1.000000000000000000e+00,1.000000000000000000e+00,0.000000000000000000e+00,0.000000000000000000e+00
4.000000000000000000e+00,6.108712026552733619e-03,2.000000000000000000e+00,9.773939242484373791e-02,9.329090655837501975e-06,5.791186506197729678e+00,1.000000000000000000e+00,1.000000000000000000e+00,0.000000000000000000e+00,0.000000000000000000e+00
4.000000000000000000e+00,6.108712026552733619e-03,3.000000000000000000e+00,9.773939242484373791e-02,9.329090655837501975e-06,5.791186506197729678e+00,1.000000000000000000e+00,1.000000000000000000e+00,0.000000000000000000e+00,0.000000000000000000e+00
4.000000000000000000e+00,6.108712026552733619e-03,4.000000000000000000e+00,9.773939242484373791e-02,9.329090655837501975e-06,5.791186506197729678e+00,1.000000000000000000e+00,1.000000000000000000e+00,0.000000000000000000e+00,0.000000000000000000e+00
4.000000000000000000e+00,6.230576302397044727e-03,1.000000000000000000e+00,9.968922083835271564e-02,9.705020264997907373e-06,5.771433626623388768e+00,1.000000000000000000e+00,1.000000000000000000e+00,0.000000000000000000e+00,0.000000000000000000e+00
4.000000000000000000e+00,6.230576302397044727e-03,2.000000000000000000e+00,9.968922083835271564e-02,9.705020264997907373e-06,5.771433626623388768e+00,1.000000000000000000e+00,1.000000000000000000e+00,0.000000000000000000e+00,0.000000000000000000e+00
4.000000000000000000e+00,6.230576302397044727e-03,3.000000000000000000e+00,9.968922083835271564e-02,9.705020264997907373e-06,5.771433626623388768e+00,1.000000000000000000e+00,1.000000000000000000e+00,0.000000000000000000e+00,0.000000000000000000e+00
4.000000000000000000e+00,6.230576302397044727e-03,4.000000000000000000e+00,9.968922083835271564e-02,9.705020264997907373e-06,5.771433626623388768e+00,1.000000000000000000e+00,1.000000000000000000e+00,0.000000000000000000e+00,0.000000000000000000e+00
4.000000000000000000e+00,6.354871680192547036e-03,1.000000000000000000e+00,1.016779468830807526e-01,1.009609851792831191e-05,5.751680747049049636e+00,1.000000000000000000e+00,1.000000000000000000e+00,0.000000000000000000e+00,0.000000000000000000e+00
4.000000000000000000e+00,6.354871680192547036e-03,2.000000000000000000e+00,1.016779468830807526e-01,1.009609851792831191e-05,5.751680747049049636e+00,1.000000000000000000e+00,1.000000000000000000e+00,0.000000000000000000e+00,0.000000000000000000e+00
4.000000000000000000e+00,6.354871680192547036e-03,3.000000000000000000e+00,1.016779468830807526e-01,1.009609851792831191e-05,5.751680747049049636e+00,1.000000000000000000e+00,1.000000000000000000e+00,0.000000000000000000e+00,0.000000000000000000e+00
4.000000000000000000e+00,6.354871680192547036e-03,4.000000000000000000e+00,1.016779468830807526e-01,1.009609851792831191e-05,5.751680747049049636e+00,1.000000000000000000e+00,1.000000000000000000e+00,0.000000000000000000e+00,0.000000000000000000e+00
4.000000000000000000e+00,6.481646658620726295e-03,1.000000000000000000e+00,1.037063465379316207e-01,1.050293585180230663e-05,5.731927867474708727e+00,1.000000000000000000e+00,1.000000000000000000e+00,0.000000000000000000e+00,0.000000000000000000e+00
4.000000000000000000e+00,6.481646658620726295e-03,2.000000000000000000e+00,1.037063465379316207e-01,1.050293585180230663e-05,5.731927867474708727e+00,1.000000000000000000e+00,1.000000000000000000e+00,0.000000000000000000e+00,0.000000000000000000e+00
4.000000000000000000e+00,6.481646658620726295e-03,3.000000000000000000e+00,1.037063465379316207e-01,1.050293585180230663e-05,5.731927867474708727e+00,1.000000000000000000e+00,1.000000000000000000e+00,0.000000000000000000e+00,0.000000000000000000e+00
4.000000000000000000e+00,6.481646658620726295e-03,4.000000000000000000e+00,1.037063465379316207e-01,1.050293585180230663e-05,5.731927867474708727e+00,1.000000000000000000e+00,1.000000000000000000e+00,0.000000000000000000e+00,0.000000000000000000e+00
4.000000000000000000e+00,6.610950703875780564e-03,1.000000000000000000e+00,1.057752112620124890e-01,1.092616730226892012e-05,5.712174987900369594e+00,1.000000000000000000e+00,1.000000000000000000e+00,0.000000000000000000e+00,0.000000000000000000e+00
4.000000000000000000e+00,6.610950703875780564e-03,2.000000000000000000e+00,1.057752112620124890e-01,1.092616730226892012e-05,5.712174987900369594e+00,1.000000000000000000e+00,1.000000000000000000e+00,0.000000000000000000e+00,0.000000000000000000e+00
4.000000000000000000e+00,6.610950703875780564e-03,3.000000000000000000e+00,1.057752112620124890e-01,1.092616730226892012e-05,5.712174987900369594e+00,1.000000000000000000e+00,1.000000000000000000e+00,0.000000000000000000e+00,0.000000000000000000e+00
4.000000000000000000e+00,6.610950703875780564e-03,4.000000000000000000e+00,1.057752112620124890e-01,1.092616730226892012e-05,5.712174987900369594e+00,1.000000000000000000e+00,1.000000000000000000e+00,0.000000000000000000e+00,0.000000000000000000e+00
4.000000000000000000e+00,6.742834268965834481e-03,1.000000000000000000e+00,1.078853483034533517e-01,1.136645349468500529e-05,5.692422108326028685e+00,1.000000000000000000e+00,1.000000000000000000e+00,0.000000000000000000e+00,0.000000000000000000e+00
4.000000000000000000e+00,6.742834268965834481e-03,2.000000000000000000e+00,1.078853483034533517e-01,1.136645349468500529e-05,5.692422108326028685e+00,1.000000000000000000e+00,1.000000000000000000e+00,0.000000000000000000e+00,0.000000000000000000e+00
4.000000000000000000e+00,6.742834268965834481e-03,3.000000000000000000e+00,1.078853483034533517e-01,1.136645349468500529e-05,5.692422108326028685e+00,1.000000000000000000e+00,1.000000000000000000e+00,0.000000000000000000e+00,0.000000000000000000e+00
4.000000000000000000e+00,6.742834268965834481e-03,4.000000000000000000e+00,1.078853483034533517e-01,1.136645349468500529e-05,5.692422108326028685e+00,1.000000000000000000e+00,1.000000000000000000e+00,0.000000000000000000e+00,0.000000000000000000e+00
4.000000000000000000e+00,6.877348813399087810e-03,1.000000000000000000e+00,1.100375810143854050e-01,1.182448167529046089e-05,5.672669228751689552e+00,1.000000000000000000e+00,1.000000000000000000e+00,0.000000000000000000e+00,0.000000000000000000e+00
4.000000000000000000e+00,6.877348813399087810e-03,2.000000000000000000e+00,1.100375810143854050e-01,1.182448167529046089e-05,5.672669228751689552e+00,1.000000000000000000e+00,1.000000000000000000e+00,0.000000000000000000e+00,0.000000000000000000e+00
4.000000000000000000e+00,6.877348813399087810e-03,3.000000000000000000e+00,1.100375810143854050e-01,1.182448167529046089e-05,5.672669228751689552e+00,1.000000000000000000e+00,1.000000000000000000e+00,0.000000000000000000e+00,0.000000000000000000e+00
4.000000000000000000e+00,6.877348813399087810e-03,4.000000000000000000e+00,1.100375810143854050e-01,1.182448167529046089e-05,5.672669228751689552e+00,1.000000000000000000e+00,1.000000000000000000e+00,0.000000000000000000e+00,0.000000000000000000e+00
4.000000000000000000e+00,7.014546823262808595e-03,1.000000000000000000e+00,1.122327491722049375e-01,1.230096678393659053e-05,5.652916349177348643e+00,1.000000000000000000e+00,1.000000000000000000e+00,0.000000000000000000e+00,0.000000000000000000e+00
4.000000000000000000e+00,7.014546823262808595e-03,2.000000000000000000e+00,1.122327491722049375e-01,1.230096678393659053e-05,5.652916349177348643e+00,1.000000000000000000e+00,1.000000000000000000e+00,0.000000000000000000e+00,0.000000000000000000e+00
4.000000000000000000e+00,7.014546823262808595e-03,3.000000000000000000e+00,1.122327491722049375e-01,1.230096678393659053e-05,5.652916349177348643e+00,1.000000000000000000e+00,1.000000000000000000e+00,0.000000000000000000e+00,0.000000000000000000e+00
4.000000000000000000e+00,7.014546823262808595e-03,4.000000000000000000e+00,1.122327491722049375e-01,1.230096678393659053e-05,5.652916349177348643e+00,1.000000000000000000e+00,1.000000000000000000e+00,0.000000000000000000e+00,0.000000000000000000e+00
4.000000000000000000e+00,7.154481831702767282e-03,1.000000000000000000e+00,1.144717093072442765e-01,1.279665257004124661e-05,5.633163469603008622e+00,1.000000000000000000e+00,1.000000000000000000e+00,0.000000000000000000e+00,0.000000000000000000e+00
4.000000000000000000e+00,7.154481831702767282e-03,2.000000000000000000e+00,1.144717093072442765e-01,1.279665257004124661e-05,5.633163469603008622e+00,1.000000000000000000e+00,1.000000000000000000e+00,0.000000000000000000e+00,0.000000000000000000e+00
4.000000000000000000e+00,7.154481831702767282e-03,3.000000000000000000e+00,1.144717093072442765e-01,1.279665257004124661e-05,5.633163469603008622e+00,1.000000000000000000e+00,1.000000000000000000e+00,0.000000000000000000e+00,0.000000000000000000e+00
4.000000000000000000e+00,7.154481831702767282e-03,4.000000000000000000e+00,1.144717093072442765e-01,1.279665257004124661e-05,5.633163469603008622e+00,1.000000000000000000e+00,1.000000000000000000e+00,0.000000000000000000e+00,0.000000000000000000e+00
4.000000000000000000e+00,7.297208439811303168e-03,1.000000000000000000e+00,1.167553350369808507e-01,1.331231275351332780e-05,5.613410590028668601e+00,1.000000000000000000e+00,1.000000000000000000e+00,0.000000000000000000e+00,0.000000000000000000e+00
4.000000000000000000e+00,7.297208439811303168e-03,2.000000000000000000e+00,1.167553350369808507e-01,1.331231275351332780e-05,5.613410590028668601e+00,1.000000000000000000e+00,1.000000000000000000e+00,0.000000000000000000e+00,0.000000000000000000e+00
4.000000000000000000e+00,7.297208439811303168e-03,3.000000000000000000e+00,1.167553350369808507e-01,1.331231275351332780e-05,5.613410590028668601e+00,1.000000000000000000e+00,1.000000000000000000e+00,0.000000000000000000e+00,0.000000000000000000e+00
4.000000000000000000e+00,7.297208439811303168e-03,4.000000000000000000e+00,1.167553350369808507e-01,1.331231275351332780e-05,5.613410590028668601e+00,1.000000000000000000e+00,1.000000000000000000e+00,0.000000000000000000e+00,0.000000000000000000e+00
4.000000000000000000e+00,7.442782337932087044e-03,1.000000000000000000e+00,1.190845174069133927e-01,1.384875223245845554e-05,5.593657710454328580e+00,1.000000000000000000e+00,1.000000000000000000e+00,0.000000000000000000e+00,0.000000000000000000e+00
4.000000000000000000e+00,7.442782337932087044e-03,2.000000000000000000e+00,1.190845174069133927e-01,1.384875223245845554e-05,5.593657710454328580e+00,1.000000000000000000e+00,1.000000000000000000e+00,0.000000000000000000e+00,0.000000000000000000e+00
4.000000000000000000e+00,7.442782337932087044e-03,3.000000000000000000e+00,1.190845174069133927e-01,1.384875223245845554e-05,5.593657710454328580e+00,1.000000000000000000e+00,1.000000000000000000e+00,0.000000000000000000e+00,0.000000000000000000e+00
4.000000000000000000e+00,7.442782337932087044e-03,4.000000000000000000e+00,1.190845174069133927e-01,1.384875223245845554e-05,5.593657710454328580e+00,1.000000000000000000e+00,1.000000000000000000e+00,0.000000000000000000e+00,0.000000000000000000e+00
4.000000000000000000e+00,7.591260327389827769e-03,1.000000000000000000e+00,1.214601652382372443e-01,1.440680833955067956e-05,5.573904830879988559e+00,1.000000000000000000e+00,1.000000000000000000e+00,0.000000000000000000e+00,0.000000000000000000e+00
4.000000000000000000e+00,7.591260327389827769e-03,2.000000000000000000e+00,1.214601652382372443e-01,1.440680833955067956e-05,5.573904830879988559e+00,1.000000000000000000e+00,1.000000000000000000e+00,0.000000000000000000e+00,0.000000000000000000e+00
4.000000000000000000e+00,7.591260327389827769e-03,3.000000000000000000e+00,1.214601652382372443e-01,1.440680833955067956e-05,5.573904830879988559e+00,1.000000000000000000e+00,1.000000000000000000e+00,0.000000000000000000e+00,0.000000000000000000e+00
4.000000000000000000e+00,7.591260327389827769e-03,4.000000000000000000e+00,1.214601652382372443e-01,1.440680833955067956e-05,5.573904830879988559e+00,1.000000000000000000e+00,1.000000000000000000e+00,0.000000000000000000e+00,0.000000000000000000e+00
4.000000000000000000e+00,7.742700342653579919e-03,1.000000000000000000e+00,1.238832054824572787e-01,1.498735214903196599e-05,5.554151951305647650e+00,1.000000000000000000e+00,1.000000000000000000e+00,0.000000000000000000e+00,0.000000000000000000e+00
4.000000000000000000e+00,7.742700342653579919e-03,2.000000000000000000e+00,1.238832054824572787e-01,1.498735214903196599e-05,5.554151951305647650e+00,1.000000000000000000e+00,1.000000000000000000e+00,0.000000000000000000e+00,0.000000000000000000e+00
4.000000000000000000e+00,7.742700342653579919e-03,3.000000000000000000e+00,1.238832054824572787e-01,1.498735214903196599e-05,5.554151951305647650e+00,1.000000000000000000e+00,1.000000000000000000e+00,0.000000000000000000e+00,0.000000000000000000e+00
4.000000000000000000e+00,7.742700342653579919e-03,4.000000000000000000e+00,1.238832054824572787e-01,1.498735214903196599e-05,5.554151951305647650e+00,1.000000000000000000e+00,1.000000000000000000e+00,0.000000000000000000e+00,0.000000000000000000e+00
4.000000000000000000e+00,7.897161473942067647e-03,1.000000000000000000e+00,1.263545835830730824e-01,1.559128983637871361e-05,5.534399071731308517e+00,1.000000000000000000e+00,1.000000000000000000e+00,0.000000000000000000e+00,0.000000000000000000e+00
4.000000000000000000e+00,7.897161473942067647e-03,2.000000000000000000e+00,1.263545835830730824e-01,1.559128983637871361e-05,5.534399071731308517e+00,1.000000000000000000e+00,1.000000000000000000e+00,0.000000000000000000e+00,0.000000000000000000e+00
4.000000000000000000e+00,7.897161473942067647e-03,3.000000000000000000e+00,1.263545835830730824e-01,1.559128983637871361e-05,5.534399071731308517e+00,1.000000000000000000e+00,1.000000000000000000e+00,0.000000000000000000e+00,0.000000000000000000e+00
4.000000000000000000e+00,7.897161473942067647e-03,4.000000000000000000e+00,1.263545835830730824e-01,1.559128983637871361e-05,5.534399071731308517e+00,1.000000000000000000e+00,1.000000000000000000e+00,0.000000000000000000e+00,0.000000000000000000e+00
4.000000000000000000e+00,8.054703990280102574e-03,1.000000000000000000e+00,1.288752638444816412e-01,1.621956409275855218e-05,5.514646192156967608e+00,1.000000000000000000e+00,1.000000000000000000e+00,0.000000000000000000e+00,0.000000000000000000e+00
4.000000000000000000e+00,8.054703990280102574e-03,2.000000000000000000e+00,1.288752638444816412e-01,1.621956409275855218e-05,5.514646192156967608e+00,1.000000000000000000e+00,1.000000000000000000e+00,0.000000000000000000e+00,0.000000000000000000e+00
4.000000000000000000e+00,8.054703990280102574e-03,3.000000000000000000e+00,1.288752638444816412e-01,1.621956409275855218e-05,5.514646192156967608e+00,1.000000000000000000e+00,1.000000000000000000e+00,0.000000000000000000e+00,0.000000000000000000e+00
4.000000000000000000e+00,8.054703990280102574e-03,4.000000000000000000e+00,1.288752638444816412e-01,1.621956409275855218e-05,5.514646192156967608e+00,1.000000000000000000e+00,1.000000000000000000e+00,0.000000000000000000e+00,0.000000000000000000e+00
4.000000000000000000e+00,8.215389363014826557e-03,1.000000000000000000e+00,1.314462298082372249e-01,1.687315559648429103e-05,5.494893312582628475e+00,1.000000000000000000e+00,1.000000000000000000e+00,0.000000000000000000e+00,0.000000000000000000e+00
4.000000000000000000e+00,8.215389363014826557e-03,2.000000000000000000e+00,1.314462298082372249e-01,1.687315559648429103e-05,5.494893312582628475e+00,1.000000000000000000e+00,1.000000000000000000e+00,0.000000000000000000e+00,0.000000000000000000e+00
4.000000000000000000e+00,8.215389363014826557e-03,3.000000000000000000e+00,1.314462298082372249e-01,1.687315559648429103e-05,5.494893312582628475e+00,1.000000000000000000e+00,1.000000000000000000e+00,0.000000000000000000e+00,0.000000000000000000e+00
4.000000000000000000e+00,8.215389363014826557e-03,4.000000000000000000e+00,1.314462298082372249e-01,1.687315559648429103e-05,5.494893312582628475e+00,1.000000000000000000e+00,1.000000000000000000e+00,0.000000000000000000e+00,0.000000000000000000e+00
4.000000000000000000e+00,8.379280289801210174e-03,1.000000000000000000e+00,1.340684846368193628e-01,1.755308454376276425e-05,5.475140433008287566e+00,1.000000000000000000e+00,1.000000000000000000e+00,0.000000000000000000e+00,0.000000000000000000e+00
4.000000000000000000e+00,8.379280289801210174e-03,2.000000000000000000e+00,1.340684846368193628e-01,1.755308454376276425e-05,5.475140433008287566e+00,1.000000000000000000e+00,1.000000000000000000e+00,0.000000000000000000e+00,0.000000000000000000e+00
4.000000000000000000e+00,8.379280289801210174e-03,3.000000000000000000e+00,1.340684846368193628e-01,1.755308454376276425e-05,5.475140433008287566e+00,1.000000000000000000e+00,1.000000000000000000e+00,0.000000000000000000e+00,0.000000000000000000e+00
4.000000000000000000e+00,8.379280289801210174e-03,4.000000000000000000e+00,1.340684846368193628e-01,1.755308454376276425e-05,5.475140433008287566e+00,1.000000000000000000e+00,1.000000000000000000e+00,0.000000000000000000e+00,0.000000000000000000e+00
4.000000000000000000e+00,8.546440719065925493e-03,1.000000000000000000e+00,1.367430515050548079e-01,1.826041224112702227e-05,5.455387553433948433e+00,1.000000000000000000e+00,1.000000000000000000e+00,0.000000000000000000e+00,0.000000000000000000e+00
4.000000000000000000e+00,8.546440719065925493e-03,2.000000000000000000e+00,1.367430515050548079e-01,1.826041224112702227e-05,5.455387553433948433e+00,1.000000000000000000e+00,1.000000000000000000e+00,0.000000000000000000e+00,0.000000000000000000e+00
4.000000000000000000e+00,8.546440719065925493e-03,3.000000000000000000e+00,1.367430515050548079e-01,1.826041224112702227e-05,5.455387553433948433e+00,1.000000000000000000e+00,1.000000000000000000e+00,0.000000000000000000e+00,0.000000000000000000e+00
4.000000000000000000e+00,8.546440719065925493e-03,4.000000000000000000e+00,1.367430515050548079e-01,1.826041224112702227e-05,5.455387553433948433e+00,1.000000000000000000e+00,1.000000000000000000e+00,0.000000000000000000e+00,0.000000000000000000e+00
4.000000000000000000e+00,8.716935874959374358e-03,1.000000000000000000e+00,1.394709739993499897e-01,1.899624276203843690e-05,5.435634673859607524e+00,1.000000000000000000e+00,1.000000000000000000e+00,0.000000000000000000e+00,0.000000000000000000e+00
4.000000000000000000e+00,8.716935874959374358e-03,2.000000000000000000e+00,1.394709739993499897e-01,1.899624276203843690e-05,5.435634673859607524e+00,1.000000000000000000e+00,1.000000000000000000e+00,0.000000000000000000e+00,0.000000000000000000e+00
4.000000000000000000e+00,8.716935874959374358e-03,3.000000000000000000e+00,1.394709739993499897e-01,1.899624276203843690e-05,5.435634673859607524e+00,1.000000000000000000e+00,1.000000000000000000e+00,0.000000000000000000e+00,0.000000000000000000e+00
4.000000000000000000e+00,8.716935874959374358e-03,4.000000000000000000e+00,1.394709739993499897e-01,1.899624276203843690e-05,5.435634673859607524e+00,1.000000000000000000e+00,1.000000000000000000e+00,0.000000000000000000e+00,0.000000000000000000e+00
4.000000000000000000e+00,8.890832282805372425e-03,1.000000000000000000e+00,1.422533165248859588e-01,1.976172467024354734e-05,5.415881794285268391e+00,1.000000000000000000e+00,1.000000000000000000e+00,0.000000000000000000e+00,0.000000000000000000e+00
4.000000000000000000e+00,8.890832282805372425e-03,2.000000000000000000e+00,1.422533165248859588e-01,1.976172467024354734e-05,5.415881794285268391e+00,1.000000000000000000e+00,1.000000000000000000e+00,0.000000000000000000e+00,0.000000000000000000e+00
4.000000000000000000e+00,8.890832282805372425e-03,3.000000000000000000e+00,1.422533165248859588e-01,1.976172467024354734e-05,5.415881794285268391e+00,1.000000000000000000e+00,1.000000000000000000e+00,0.000000000000000000e+00,0.000000000000000000e+00
4.000000000000000000e+00,8.890832282805372425e-03,4.000000000000000000e+00,1.422533165248859588e-01,1.976172467024354734e-05,5.415881794285268391e+00,1.000000000000000000e+00,1.000000000000000000e+00,0.000000000000000000e+00,0.000000000000000000e+00
4.000000000000000000e+00,9.068197795058650923e-03,1.000000000000000000e+00,1.450911647209384148e-01,2.055805281257664402e-05,5.396128914710927482e+00,1.000000000000000000e+00,1.000000000000000000e+00,0.000000000000000000e+00,0.000000000000000000e+00
4.000000000000000000e+00,9.068197795058650923e-03,2.000000000000000000e+00,1.450911647209384148e-01,2.055805281257664402e-05,5.396128914710927482e+00,1.000000000000000000e+00,1.000000000000000000e+00,0.000000000000000000e+00,0.000000000000000000e+00
4.000000000000000000e+00,9.068197795058650923e-03,3.000000000000000000e+00,1.450911647209384148e-01,2.055805281257664402e-05,5.396128914710927482e+00,1.000000000000000000e+00,1.000000000000000000e+00,0.000000000000000000e+00,0.000000000000000000e+00
4.000000000000000000e+00,9.068197795058650923e-03,4.000000000000000000e+00,1.450911647209384148e-01,2.055805281257664402e-05,5.396128914710927482e+00,1.000000000000000000e+00,1.000000000000000000e+00,0.000000000000000000e+00,0.000000000000000000e+00
4.000000000000000000e+00,9.249101617780086659e-03,1.000000000000000000e+00,1.479856258844813865e-01,2.138647018400555524e-05,5.376376035136587461e+00,1.000000000000000000e+00,1.000000000000000000e+00,0.000000000000000000e+00,0.000000000000000000e+00
4.000000000000000000e+00,9.249101617780086659e-03,2.000000000000000000e+00,1.479856258844813865e-01,2.138647018400555524e-05,5.376376035136587461e+00,1.000000000000000000e+00,1.000000000000000000e+00,0.000000000000000000e+00,0.000000000000000000e+00
4.000000000000000000e+00,9.249101617780086659e-03,3.000000000000000000e+00,1.479856258844813865e-01,2.138647018400555524e-05,5.376376035136587461e+00,1.000000000000000000e+00,1.000000000000000000e+00,0.000000000000000000e+00,0.000000000000000000e+00
4.000000000000000000e+00,9.249101617780086659e-03,4.000000000000000000e+00,1.479856258844813865e-01,2.138647018400555524e-05,5.376376035136587461e+00,1.000000000000000000e+00,1.000000000000000000e+00,0.000000000000000000e+00,0.000000000000000000e+00
4.000000000000000000e+00,9.433614337640155306e-03,1.000000000000000000e+00,1.509378294022424849e-01,2.224826986783247514e-05,5.356623155562247440e+00,1.000000000000000000e+00,1.000000000000000000e+00,0.000000000000000000e+00,0.000000000000000000e+00
4.000000000000000000e+00,9.433614337640155306e-03,2.000000000000000000e+00,1.509378294022424849e-01,2.224826986783247514e-05,5.356623155562247440e+00,1.000000000000000000e+00,1.000000000000000000e+00,0.000000000000000000e+00,0.000000000000000000e+00
4.000000000000000000e+00,9.433614337640155306e-03,3.000000000000000000e+00,1.509378294022424849e-01,2.224826986783247514e-05,5.356623155562247440e+00,1.000000000000000000e+00,1.000000000000000000e+00,0.000000000000000000e+00,0.000000000000000000e+00
4.000000000000000000e+00,9.433614337640155306e-03,4.000000000000000000e+00,1.509378294022424849e-01,2.224826986783247514e-05,5.356623155562247440e+00,1.000000000000000000e+00,1.000000000000000000e+00,0.000000000000000000e+00,0.000000000000000000e+00
4.000000000000000000e+00,9.621807949461094397e-03,1.000000000000000000e+00,1.539489271913775104e-01,2.314479705407817902e-05,5.336870275987908308e+00,1.000000000000000000e+00,1.000000000000000000e+00,0.000000000000000000e+00,0.000000000000000000e+00
4.000000000000000000e+00,9.621807949461094397e-03,2.000000000000000000e+00,1.539489271913775104e-01,2.314479705407817902e-05,5.336870275987908308e+00,1.000000000000000000e+00,1.000000000000000000e+00,0.000000000000000000e+00,0.000000000000000000e+00
4.000000000000000000e+00,9.621807949461094397e-03,3.000000000000000000e+00,1.539489271913775104e-01,2.314479705407817902e-05,5.336870275987908308e+00,1.000000000000000000e+00,1.000000000000000000e+00,0.000000000000000000e+00,0.000000000000000000e+00
4.000000000000000000e+00,9.621807949461094397e-03,4.000000000000000000e+00,1.539489271913775104e-01,2.314479705407817902e-05,5.336870275987908308e+00,1.000000000000000000e+00,1.000000000000000000e+00,0.000000000000000000e+00,0.000000000000000000e+00
4.000000000000000000e+00,9.813755884308467126e-03,1.000000000000000000e+00,1.570200941489354740e-01,2.407745113919976528e-05,5.317117396413567398e+00,1.000000000000000000e+00,1.000000000000000000e+00,0.000000000000000000e+00,0.000000000000000000e+00
4.000000000000000000e+00,9.813755884308467126e-03,2.000000000000000000e+00,1.570200941489354740e-01,2.407745113919976528e-05,5.317117396413567398e+00,1.000000000000000000e+00,1.000000000000000000e+00,0.000000000000000000e+00,0.000000000000000000e+00
4.000000000000000000e+00,9.813755884308467126e-03,3.000000000000000000e+00,1.570200941489354740e-01,2.407745113919976528e-05,5.317117396413567398e+00,1.000000000000000000e+00,1.000000000000000000e+00,0.000000000000000000e+00,0.000000000000000000e+00
4.000000000000000000e+00,9.813755884308467126e-03,4.000000000000000000e+00,1.570200941489354740e-01,2.407745113919976528e-05,5.317117396413567398e+00,1.000000000000000000e+00,1.000000000000000000e+00,0.000000000000000000e+00,0.000000000000000000e+00
4.000000000000000000e+00,1.000953303814313550e-02,1.000000000000000000e+00,1.601525286102901680e-01,2.504768791041973817e-05,5.297364516839226489e+00,1.000000000000000000e+00,1.000000000000000000e+00,0.000000000000000000e+00,0.000000000000000000e+00
4.000000000000000000e+00,1.000953303814313550e-02,2.000000000000000000e+00,1.601525286102901680e-01,2.504768791041973817e-05,5.297364516839226489e+00,1.000000000000000000e+00,1.000000000000000000e+00,0.000000000000000000e+00,0.000000000000000000e+00
4.000000000000000000e+00,1.000953303814313550e-02,3.000000000000000000e+00,1.601525286102901680e-01,2.504768791041973817e-05,5.297364516839226489e+00,1.000000000000000000e+00,1.000000000000000000e+00,0.000000000000000000e+00,0.000000000000000000e+00
4.000000000000000000e+00,1.000953303814313550e-02,4.000000000000000000e+00,1.601525286102901680e-01,2.504768791041973817e-05,5.297364516839226489e+00,1.000000000000000000e+00,1.000000000000000000e+00,0.000000000000000000e+00,0.000000000000000000e+00
4.000000000000000000e+00,1.020921580104484569e-02,1.000000000000000000e+00,1.633474528167175310e-01,2.605702181807593892e-05,5.277611637264887356e+00,1.000000000000000000e+00,1.000000000000000000e+00,0.000000000000000000e+00,0.000000000000000000e+00
4.000000000000000000e+00,1.020921580104484569e-02,2.000000000000000000e+00,1.633474528167175310e-01,2.605702181807593892e-05,5.277611637264887356e+00,1.000000000000000000e+00,1.000000000000000000e+00,0.000000000000000000e+00,0.000000000000000000e+00
4.000000000000000000e+00,1.020921580104484569e-02,3.000000000000000000e+00,1.633474528167175310e-01,2.605702181807593892e-05,5.277611637264887356e+00,1.000000000000000000e+00,1.000000000000000000e+00,0.000000000000000000e+00,0.000000000000000000e+00
4.000000000000000000e+00,1.020921580104484569e-02,4.000000000000000000e+00,1.633474528167175310e-01,2.605702181807593892e-05,5.277611637264887356e+00,1.000000000000000000e+00,1.000000000000000000e+00,0.000000000000000000e+00,0.000000000000000000e+00
4.000000000000000000e+00,1.041288208701883315e-02,1.000000000000000000e+00,1.666061133923013304e-01,2.710702833953942132e-05,5.257858757690546447e+00,1.000000000000000000e+00,1.000000000000000000e+00,0.000000000000000000e+00,0.000000000000000000e+00
4.000000000000000000e+00,1.041288208701883315e-02,2.000000000000000000e+00,1.666061133923013304e-01,2.710702833953942132e-05,5.257858757690546447e+00,1.000000000000000000e+00,1.000000000000000000e+00,0.000000000000000000e+00,0.000000000000000000e+00
4.000000000000000000e+00,1.041288208701883315e-02,3.000000000000000000e+00,1.666061133923013304e-01,2.710702833953942132e-05,5.257858757690546447e+00,1.000000000000000000e+00,1.000000000000000000e+00,0.000000000000000000e+00,0.000000000000000000e+00
4.000000000000000000e+00,1.041288208701883315e-02,4.000000000000000000e+00,1.666061133923013304e-01,2.710702833953942132e-05,5.257858757690546447e+00,1.000000000000000000e+00,1.000000000000000000e+00,0.000000000000000000e+00,0.000000000000000000e+00
4.000000000000000000e+00,1.062061136439692785e-02,1.000000000000000000e+00,1.699297818303508456e-01,2.819934643838929343e-05,5.238105878116207315e+00,1.000000000000000000e+00,1.000000000000000000e+00,0.000000000000000000e+00,0.000000000000000000e+00
4.000000000000000000e+00,1.062061136439692785e-02,2.000000000000000000e+00,1.699297818303508456e-01,2.819934643838929343e-05,5.238105878116207315e+00,1.000000000000000000e+00,1.000000000000000000e+00,0.000000000000000000e+00,0.000000000000000000e+00
4.000000000000000000e+00,1.062061136439692785e-02,3.000000000000000000e+00,1.699297818303508456e-01,2.819934643838929343e-05,5.238105878116207315e+00,1.000000000000000000e+00,1.000000000000000000e+00,0.000000000000000000e+00,0.000000000000000000e+00
4.000000000000000000e+00,1.062061136439692785e-02,4.000000000000000000e+00,1.699297818303508456e-01,2.819934643838929343e-05,5.238105878116207315e+00,1.000000000000000000e+00,1.000000000000000000e+00,0.000000000000000000e+00,0.000000000000000000e+00
4.000000000000000000e+00,1.083248468684530445e-02,1.000000000000000000e+00,1.733197549895248712e-01,2.933568112268450183e-05,5.218352998541867294e+00,1.000000000000000000e+00,1.000000000000000000e+00,0.000000000000000000e+00,0.000000000000000000e+00
4.000000000000000000e+00,1.083248468684530445e-02,2.000000000000000000e+00,1.733197549895248712e-01,2.933568112268450183e-05,5.218352998541867294e+00,1.000000000000000000e+00,1.000000000000000000e+00,0.000000000000000000e+00,0.000000000000000000e+00
4.000000000000000000e+00,1.083248468684530445e-02,3.000000000000000000e+00,1.733197549895248712e-01,2.933568112268450183e-05,5.218352998541867294e+00,1.000000000000000000e+00,1.000000000000000000e+00,0.000000000000000000e+00,0.000000000000000000e+00
4.000000000000000000e+00,1.083248468684530445e-02,4.000000000000000000e+00,1.733197549895248712e-01,2.933568112268450183e-05,5.218352998541867294e+00,1.000000000000000000e+00,1.000000000000000000e+00,0.000000000000000000e+00,0.000000000000000000e+00
4.000000000000000000e+00,1.104858472499064062e-02,1.000000000000000000e+00,1.767773555998502499e-01,3.051780610632412666e-05,5.198600118967527273e+00,1.000000000000000000e+00,1.000000000000000000e+00,0.000000000000000000e+00,0.000000000000000000e+00
4.000000000000000000e+00,1.104858472499064062e-02,2.000000000000000000e+00,1.767773555998502499e-01,3.051780610632412666e-05,5.198600118967527273e+00,1.000000000000000000e+00,1.000000000000000000e+00,0.000000000000000000e+00,0.000000000000000000e+00
4.000000000000000000e+00,1.104858472499064062e-02,3.000000000000000000e+00,1.767773555998502499e-01,3.051780610632412666e-05,5.198600118967527273e+00,1.000000000000000000e+00,1.000000000000000000e+00,0.000000000000000000e+00,0.000000000000000000e+00
4.000000000000000000e+00,1.104858472499064062e-02,4.000000000000000000e+00,1.767773555998502499e-01,3.051780610632412666e-05,5.198600118967527273e+00,1.000000000000000000e+00,1.000000000000000000e+00,0.000000000000000000e+00,0.000000000000000000e+00
4.000000000000000000e+00,1.126899579867736596e-02,1.000000000000000000e+00,1.803039327788378554e-01,3.174756657765202914e-05,5.178847239393186364e+00,1.000000000000000000e+00,1.000000000000000000e+00,0.000000000000000000e+00,0.000000000000000000e+00
4.000000000000000000e+00,1.126899579867736596e-02,2.000000000000000000e+00,1.803039327788378554e-01,3.174756657765202914e-05,5.178847239393186364e+00,1.000000000000000000e+00,1.000000000000000000e+00,0.000000000000000000e+00,0.000000000000000000e+00
4.000000000000000000e+00,1.126899579867736596e-02,3.000000000000000000e+00,1.803039327788378554e-01,3.174756657765202914e-05,5.178847239393186364e+00,1.000000000000000000e+00,1.000000000000000000e+00,0.000000000000000000e+00,0.000000000000000000e+00
4.000000000000000000e+00,1.126899579867736596e-02,4.000000000000000000e+00,1.803039327788378554e-01,3.174756657765202914e-05,5.178847239393186364e+00,1.000000000000000000e+00,1.000000000000000000e+00,0.000000000000000000e+00,0.000000000000000000e+00
4.000000000000000000e+00,1.149380390986825054e-02,1.000000000000000000e+00,1.839008625578920086e-01,3.302688207962566893e-05,5.159094359818846343e+00,1.000000000000000000e+00,1.000000000000000000e+00,0.000000000000000000e+00,0.000000000000000000e+00
4.000000000000000000e+00,1.149380390986825054e-02,2.000000000000000000e+00,1.839008625578920086e-01,3.302688207962566893e-05,5.159094359818846343e+00,1.000000000000000000e+00,1.000000000000000000e+00,0.000000000000000000e+00,0.000000000000000000e+00
4.000000000000000000e+00,1.149380390986825054e-02,3.000000000000000000e+00,1.839008625578920086e-01,3.302688207962566893e-05,5.159094359818846343e+00,1.000000000000000000e+00,1.000000000000000000e+00,0.000000000000000000e+00,0.000000000000000000e+00
4.000000000000000000e+00,1.149380390986825054e-02,4.000000000000000000e+00,1.839008625578920086e-01,3.302688207962566893e-05,5.159094359818846343e+00,1.000000000000000000e+00,1.000000000000000000e+00,0.000000000000000000e+00,0.000000000000000000e+00
4.000000000000000000e+00,1.172309677620148385e-02,1.000000000000000000e+00,1.875695484192237417e-01,3.435774950604640252e-05,5.139341480244506322e+00,1.000000000000000000e+00,1.000000000000000000e+00,0.000000000000000000e+00,0.000000000000000000e+00
4.000000000000000000e+00,1.172309677620148385e-02,2.000000000000000000e+00,1.875695484192237417e-01,3.435774950604640252e-05,5.139341480244506322e+00,1.000000000000000000e+00,1.000000000000000000e+00,0.000000000000000000e+00,0.000000000000000000e+00
4.000000000000000000e+00,1.172309677620148385e-02,3.000000000000000000e+00,1.875695484192237417e-01,3.435774950604640252e-05,5.139341480244506322e+00,1.000000000000000000e+00,1.000000000000000000e+00,0.000000000000000000e+00,0.000000000000000000e+00
4.000000000000000000e+00,1.172309677620148385e-02,4.000000000000000000e+00,1.875695484192237417e-01,3.435774950604640252e-05,5.139341480244506322e+00,1.000000000000000000e+00,1.000000000000000000e+00,0.000000000000000000e+00,0.000000000000000000e+00
4.000000000000000000e+00,1.195696386521709342e-02,1.000000000000000000e+00,1.913114218434734948e-01,3.574224621852682687e-05,5.119588600670166301e+00,1.000000000000000000e+00,1.000000000000000000e+00,0.000000000000000000e+00,0.000000000000000000e+00
4.000000000000000000e+00,1.195696386521709342e-02,2.000000000000000000e+00,1.913114218434734948e-01,3.574224621852682687e-05,5.119588600670166301e+00,1.000000000000000000e+00,1.000000000000000000e+00,0.000000000000000000e+00,0.000000000000000000e+00
4.000000000000000000e+00,1.195696386521709342e-02,3.000000000000000000e+00,1.913114218434734948e-01,3.574224621852682687e-05,5.119588600670166301e+00,1.000000000000000000e+00,1.000000000000000000e+00,0.000000000000000000e+00,0.000000000000000000e+00
4.000000000000000000e+00,1.195696386521709342e-02,4.000000000000000000e+00,1.913114218434734948e-01,3.574224621852682687e-05,5.119588600670166301e+00,1.000000000000000000e+00,1.000000000000000000e+00,0.000000000000000000e+00,0.000000000000000000e+00
4.000000000000000000e+00,1.219549642926619909e-02,1.000000000000000000e+00,1.951279428682591854e-01,3.718253328906115590e-05,5.099835721095826280e+00,1.000000000000000000e+00,1.000000000000000000e+00,0.000000000000000000e+00,0.000000000000000000e+00
4.000000000000000000e+00,1.219549642926619909e-02,2.000000000000000000e+00,1.951279428682591854e-01,3.718253328906115590e-05,5.099835721095826280e+00,1.000000000000000000e+00,1.000000000000000000e+00,0.000000000000000000e+00,0.000000000000000000e+00
4.000000000000000000e+00,1.219549642926619909e-02,3.000000000000000000e+00,1.951279428682591854e-01,3.718253328906115590e-05,5.099835721095826280e+00,1.000000000000000000e+00,1.000000000000000000e+00,0.000000000000000000e+00,0.000000000000000000e+00
4.000000000000000000e+00,1.219549642926619909e-02,4.000000000000000000e+00,1.951279428682591854e-01,3.718253328906115590e-05,5.099835721095826280e+00,1.000000000000000000e+00,1.000000000000000000e+00,0.000000000000000000e+00,0.000000000000000000e+00
4.000000000000000000e+00,1.243878754111667033e-02,1.000000000000000000e+00,1.990206006578667253e-01,3.868085887325982766e-05,5.080082841521486259e+00,1.000000000000000000e+00,1.000000000000000000e+00,0.000000000000000000e+00,0.000000000000000000e+00
4.000000000000000000e+00,1.243878754111667033e-02,2.000000000000000000e+00,1.990206006578667253e-01,3.868085887325982766e-05,5.080082841521486259e+00,1.000000000000000000e+00,1.000000000000000000e+00,0.000000000000000000e+00,0.000000000000000000e+00
4.000000000000000000e+00,1.243878754111667033e-02,3.000000000000000000e+00,1.990206006578667253e-01,3.868085887325982766e-05,5.080082841521486259e+00,1.000000000000000000e+00,1.000000000000000000e+00,0.000000000000000000e+00,0.000000000000000000e+00
4.000000000000000000e+00,1.243878754111667033e-02,4.000000000000000000e+00,1.990206006578667253e-01,3.868085887325982766e-05,5.080082841521486259e+00,1.000000000000000000e+00,1.000000000000000000e+00,0.000000000000000000e+00,0.000000000000000000e+00
4.000000000000000000e+00,1.268693213026909211e-02,1.000000000000000000e+00,2.029909140843054738e-01,4.023956171951356014e-05,5.060329961947146238e+00,1.000000000000000000e+00,1.000000000000000000e+00,0.000000000000000000e+00,0.000000000000000000e+00
4.000000000000000000e+00,1.268693213026909211e-02,2.000000000000000000e+00,2.029909140843054738e-01,4.023956171951356014e-05,5.060329961947146238e+00,1.000000000000000000e+00,1.000000000000000000e+00,0.000000000000000000e+00,0.000000000000000000e+00
4.000000000000000000e+00,1.268693213026909211e-02,3.000000000000000000e+00,2.029909140843054738e-01,4.023956171951356014e-05,5.060329961947146238e+00,1.000000000000000000e+00,1.000000000000000000e+00,0.000000000000000000e+00,0.000000000000000000e+00
4.000000000000000000e+00,1.268693213026909211e-02,4.000000000000000000e+00,2.029909140843054738e-01,4.023956171951356014e-05,5.060329961947146238e+00,1.000000000000000000e+00,1.000000000000000000e+00,0.000000000000000000e+00,0.000000000000000000e+00
4.000000000000000000e+00,1.294002701999719812e-02,1.000000000000000000e+00,2.070404323199551699e-01,4.186107481956439412e-05,5.040577082372806217e+00,1.000000000000000000e+00,1.000000000000000000e+00,0.000000000000000000e+00,0.000000000000000000e+00
4.000000000000000000e+00,1.294002701999719812e-02,2.000000000000000000e+00,2.070404323199551699e-01,4.186107481956439412e-05,5.040577082372806217e+00,1.000000000000000000e+00,1.000000000000000000e+00,0.000000000000000000e+00,0.000000000000000000e+00
4.000000000000000000e+00,1.294002701999719812e-02,3.000000000000000000e+00,2.070404323199551699e-01,4.186107481956439412e-05,5.040577082372806217e+00,1.000000000000000000e+00,1.000000000000000000e+00,0.000000000000000000e+00,0.000000000000000000e+00
4.000000000000000000e+00,1.294002701999719812e-02,4.000000000000000000e+00,2.070404323199551699e-01,4.186107481956439412e-05,5.040577082372806217e+00,1.000000000000000000e+00,1.000000000000000000e+00,0.000000000000000000e+00,0.000000000000000000e+00
4.000000000000000000e+00,1.319817096512725281e-02,1.000000000000000000e+00,2.111707354420360450e-01,4.354792920618201182e-05,5.020824202798466196e+00,1.000000000000000000e+00,1.000000000000000000e+00,0.000000000000000000e+00,0.000000000000000000e+00
4.000000000000000000e+00,1.319817096512725281e-02,2.000000000000000000e+00,2.111707354420360450e-01,4.354792920618201182e-05,5.020824202798466196e+00,1.000000000000000000e+00,1.000000000000000000e+00,0.000000000000000000e+00,0.000000000000000000e+00
4.000000000000000000e+00,1.319817096512725281e-02,3.000000000000000000e+00,2.111707354420360450e-01,4.354792920618201182e-05,5.020824202798466196e+00,1.000000000000000000e+00,1.000000000000000000e+00,0.000000000000000000e+00,0.000000000000000000e+00
4.000000000000000000e+00,1.319817096512725281e-02,4.000000000000000000e+00,2.111707354420360450e-01,4.354792920618201182e-05,5.020824202798466196e+00,1.000000000000000000e+00,1.000000000000000000e+00,0.000000000000000000e+00,0.000000000000000000e+00
4.000000000000000000e+00,1.346146469057108927e-02,1.000000000000000000e+00,2.153834350491374283e-01,4.530275790387305087e-05,5.001071323224126175e+00,1.000000000000000000e+00,1.000000000000000000e+00,0.000000000000000000e+00,0.000000000000000000e+00
4.000000000000000000e+00,1.346146469057108927e-02,2.000000000000000000e+00,2.153834350491374283e-01,4.530275790387305087e-05,5.001071323224126175e+00,1.000000000000000000e+00,1.000000000000000000e+00,0.000000000000000000e+00,0.000000000000000000e+00
4.000000000000000000e+00,1.346146469057108927e-02,3.000000000000000000e+00,2.153834350491374283e-01,4.530275790387305087e-05,5.001071323224126175e+00,1.000000000000000000e+00,1.000000000000000000e+00,0.000000000000000000e+00,0.000000000000000000e+00
4.000000000000000000e+00,1.346146469057108927e-02,4.000000000000000000e+00,2.153834350491374283e-01,4.530275790387305087e-05,5.001071323224126175e+00,1.000000000000000000e+00,1.000000000000000000e+00,0.000000000000000000e+00,0.000000000000000000e+00
4.000000000000000000e+00,1.373001093062782910e-02,1.000000000000000000e+00,2.196801748900452655e-01,4.712830003878991521e-05,4.981318443649786154e+00,1.000000000000000000e+00,1.000000000000000000e+00,0.000000000000000000e+00,0.000000000000000000e+00
4.000000000000000000e+00,1.373001093062782910e-02,2.000000000000000000e+00,2.196801748900452655e-01,4.712830003878991521e-05,4.981318443649786154e+00,1.000000000000000000e+00,1.000000000000000000e+00,0.000000000000000000e+00,0.000000000000000000e+00
4.000000000000000000e+00,1.373001093062782910e-02,3.000000000000000000e+00,2.196801748900452655e-01,4.712830003878991521e-05,4.981318443649786154e+00,1.000000000000000000e+00,1.000000000000000000e+00,0.000000000000000000e+00,0.000000000000000000e+00
4.000000000000000000e+00,1.373001093062782910e-02,4.000000000000000000e+00,2.196801748900452655e-01,4.712830003878991521e-05,4.981318443649786154e+00,1.000000000000000000e+00,1.000000000000000000e+00,0.000000000000000000e+00,0.000000000000000000e+00
4.000000000000000000e+00,1.400391446906973716e-02,1.000000000000000000e+00,2.240626315051157946e-01,4.902740511425518791e-05,4.961565564075445245e+00,1.000000000000000000e+00,1.000000000000000000e+00,0.000000000000000000e+00,0.000000000000000000e+00
4.000000000000000000e+00,1.400391446906973716e-02,2.000000000000000000e+00,2.240626315051157946e-01,4.902740511425518791e-05,4.961565564075445245e+00,1.000000000000000000e+00,1.000000000000000000e+00,0.000000000000000000e+00,0.000000000000000000e+00
4.000000000000000000e+00,1.400391446906973716e-02,3.000000000000000000e+00,2.240626315051157946e-01,4.902740511425518791e-05,4.961565564075445245e+00,1.000000000000000000e+00,1.000000000000000000e+00,0.000000000000000000e+00,0.000000000000000000e+00
4.000000000000000000e+00,1.400391446906973716e-02,4.000000000000000000e+00,2.240626315051157946e-01,4.902740511425518791e-05,4.961565564075445245e+00,1.000000000000000000e+00,1.000000000000000000e+00,0.000000000000000000e+00,0.000000000000000000e+00
4.000000000000000000e+00,1.428328218002759310e-02,1.000000000000000000e+00,2.285325148804414896e-01,5.100303745857344678e-05,4.941812684501106112e+00,1.000000000000000000e+00,1.000000000000000000e+00,0.000000000000000000e+00,0.000000000000000000e+00
4.000000000000000000e+00,1.428328218002759310e-02,2.000000000000000000e+00,2.285325148804414896e-01,5.100303745857344678e-05,4.941812684501106112e+00,1.000000000000000000e+00,1.000000000000000000e+00,0.000000000000000000e+00,0.000000000000000000e+00
4.000000000000000000e+00,1.428328218002759310e-02,3.000000000000000000e+00,2.285325148804414896e-01,5.100303745857344678e-05,4.941812684501106112e+00,1.000000000000000000e+00,1.000000000000000000e+00,0.000000000000000000e+00,0.000000000000000000e+00
4.000000000000000000e+00,1.428328218002759310e-02,4.000000000000000000e+00,2.285325148804414896e-01,5.100303745857344678e-05,4.941812684501106112e+00,1.000000000000000000e+00,1.000000000000000000e+00,0.000000000000000000e+00,0.000000000000000000e+00
4.000000000000000000e+00,1.456822306969190323e-02,1.000000000000000000e+00,2.330915691150704516e-01,5.305828085207584785e-05,4.922059804926765203e+00,1.000000000000000000e+00,1.000000000000000000e+00,0.000000000000000000e+00,0.000000000000000000e+00
4.000000000000000000e+00,1.456822306969190323e-02,2.000000000000000000e+00,2.330915691150704516e-01,5.305828085207584785e-05,4.922059804926765203e+00,1.000000000000000000e+00,1.000000000000000000e+00,0.000000000000000000e+00,0.000000000000000000e+00
4.000000000000000000e+00,1.456822306969190323e-02,3.000000000000000000e+00,2.330915691150704516e-01,5.305828085207584785e-05,4.922059804926765203e+00,1.000000000000000000e+00,1.000000000000000000e+00,0.000000000000000000e+00,0.000000000000000000e+00
4.000000000000000000e+00,1.456822306969190323e-02,4.000000000000000000e+00,2.330915691150704516e-01,5.305828085207584785e-05,4.922059804926765203e+00,1.000000000000000000e+00,1.000000000000000000e+00,0.000000000000000000e+00,0.000000000000000000e+00
4.000000000000000000e+00,1.485884831884579961e-02,1.000000000000000000e+00,2.377415731015327938e-01,5.519634334061666419e-05,4.902306925352426070e+00,1.000000000000000000e+00,1.000000000000000000e+00,0.000000000000000000e+00,0.000000000000000000e+00
4.000000000000000000e+00,1.485884831884579961e-02,2.000000000000000000e+00,2.377415731015327938e-01,5.519634334061666419e-05,4.902306925352426070e+00,1.000000000000000000e+00,1.000000000000000000e+00,0.000000000000000000e+00,0.000000000000000000e+00
4.000000000000000000e+00,1.485884831884579961e-02,3.000000000000000000e+00,2.377415731015327938e-01,5.519634334061666419e-05,4.902306925352426070e+00,1.000000000000000000e+00,1.000000000000000000e+00,0.000000000000000000e+00,0.000000000000000000e+00
4.000000000000000000e+00,1.485884831884579961e-02,4.000000000000000000e+00,2.377415731015327938e-01,5.519634334061666419e-05,4.902306925352426070e+00,1.000000000000000000e+00,1.000000000000000000e+00,0.000000000000000000e+00,0.000000000000000000e+00
4.000000000000000000e+00,1.515527132624666651e-02,1.000000000000000000e+00,2.424843412199466641e-01,5.742056224303860093e-05,4.882554045778085161e+00,1.000000000000000000e+00,1.000000000000000000e+00,0.000000000000000000e+00,0.000000000000000000e+00
4.000000000000000000e+00,1.515527132624666651e-02,2.000000000000000000e+00,2.424843412199466641e-01,5.742056224303860093e-05,4.882554045778085161e+00,1.000000000000000000e+00,1.000000000000000000e+00,0.000000000000000000e+00,0.000000000000000000e+00
4.000000000000000000e+00,1.515527132624666651e-02,3.000000000000000000e+00,2.424843412199466641e-01,5.742056224303860093e-05,4.882554045778085161e+00,1.000000000000000000e+00,1.000000000000000000e+00,0.000000000000000000e+00,0.000000000000000000e+00
4.000000000000000000e+00,1.515527132624666651e-02,4.000000000000000000e+00,2.424843412199466641e-01,5.742056224303860093e-05,4.882554045778085161e+00,1.000000000000000000e+00,1.000000000000000000e+00,0.000000000000000000e+00,0.000000000000000000e+00
4.000000000000000000e+00,1.545760775287296530e-02,1.000000000000000000e+00,2.473217240459674449e-01,5.973440936041960007e-05,4.862801166203745140e+00,1.000000000000000000e+00,1.000000000000000000e+00,0.000000000000000000e+00,0.000000000000000000e+00
4.000000000000000000e+00,1.545760775287296530e-02,2.000000000000000000e+00,2.473217240459674449e-01,5.973440936041960007e-05,4.862801166203745140e+00,1.000000000000000000e+00,1.000000000000000000e+00,0.000000000000000000e+00,0.000000000000000000e+00
4.000000000000000000e+00,1.545760775287296530e-02,3.000000000000000000e+00,2.473217240459674449e-01,5.973440936041960007e-05,4.862801166203745140e+00,1.000000000000000000e+00,1.000000000000000000e+00,0.000000000000000000e+00,0.000000000000000000e+00
4.000000000000000000e+00,1.545760775287296530e-02,4.000000000000000000e+00,2.473217240459674449e-01,5.973440936041960007e-05,4.862801166203745140e+00,1.000000000000000000e+00,1.000000000000000000e+00,0.000000000000000000e+00,0.000000000000000000e+00
4.000000000000000000e+00,1.576597556705395739e-02,1.000000000000000000e+00,2.522556090728633182e-01,6.214149639523558542e-05,4.843048286629405119e+00,1.000000000000000000e+00,1.000000000000000000e+00,0.000000000000000000e+00,0.000000000000000000e+00
4.000000000000000000e+00,1.576597556705395739e-02,2.000000000000000000e+00,2.522556090728633182e-01,6.214149639523558542e-05,4.843048286629405119e+00,1.000000000000000000e+00,1.000000000000000000e+00,0.000000000000000000e+00,0.000000000000000000e+00
4.000000000000000000e+00,1.576597556705395739e-02,3.000000000000000000e+00,2.522556090728633182e-01,6.214149639523558542e-05,4.843048286629405119e+00,1.000000000000000000e+00,1.000000000000000000e+00,0.000000000000000000e+00,0.000000000000000000e+00
4.000000000000000000e+00,1.576597556705395739e-02,4.000000000000000000e+00,2.522556090728633182e-01,6.214149639523558542e-05,4.843048286629405119e+00,1.000000000000000000e+00,1.000000000000000000e+00,0.000000000000000000e+00,0.000000000000000000e+00
4.000000000000000000e+00,1.608049509049960801e-02,1.000000000000000000e+00,2.572879214479937282e-01,6.464558058889549781e-05,4.823295407055065098e+00,1.000000000000000000e+00,1.000000000000000000e+00,0.000000000000000000e+00,0.000000000000000000e+00
4.000000000000000000e+00,1.608049509049960801e-02,2.000000000000000000e+00,2.572879214479937282e-01,6.464558058889549781e-05,4.823295407055065098e+00,1.000000000000000000e+00,1.000000000000000000e+00,0.000000000000000000e+00,0.000000000000000000e+00
4.000000000000000000e+00,1.608049509049960801e-02,3.000000000000000000e+00,2.572879214479937282e-01,6.464558058889549781e-05,4.823295407055065098e+00,1.000000000000000000e+00,1.000000000000000000e+00,0.000000000000000000e+00,0.000000000000000000e+00
4.000000000000000000e+00,1.608049509049960801e-02,4.000000000000000000e+00,2.572879214479937282e-01,6.464558058889549781e-05,4.823295407055065098e+00,1.000000000000000000e+00,1.000000000000000000e+00,0.000000000000000000e+00,0.000000000000000000e+00
4.000000000000000000e+00,1.640128904524877987e-02,1.000000000000000000e+00,2.624206247239804779e-01,6.725057058644940788e-05,4.803542527480725077e+00,1.000000000000000000e+00,1.000000000000000000e+00,0.000000000000000000e+00,0.000000000000000000e+00
4.000000000000000000e+00,1.640128904524877987e-02,2.000000000000000000e+00,2.624206247239804779e-01,6.725057058644940788e-05,4.803542527480725077e+00,1.000000000000000000e+00,1.000000000000000000e+00,0.000000000000000000e+00,0.000000000000000000e+00
4.000000000000000000e+00,1.640128904524877987e-02,3.000000000000000000e+00,2.624206247239804779e-01,6.725057058644940788e-05,4.803542527480725077e+00,1.000000000000000000e+00,1.000000000000000000e+00,0.000000000000000000e+00,0.000000000000000000e+00
4.000000000000000000e+00,1.640128904524877987e-02,4.000000000000000000e+00,2.624206247239804779e-01,6.725057058644940788e-05,4.803542527480725077e+00,1.000000000000000000e+00,1.000000000000000000e+00,0.000000000000000000e+00,0.000000000000000000e+00
4.000000000000000000e+00,1.672848260155402819e-02,1.000000000000000000e+00,2.676557216248644511e-01,6.996053253762395769e-05,4.783789647906385056e+00,1.000000000000000000e+00,1.000000000000000000e+00,0.000000000000000000e+00,0.000000000000000000e+00
4.000000000000000000e+00,1.672848260155402819e-02,2.000000000000000000e+00,2.676557216248644511e-01,6.996053253762395769e-05,4.783789647906385056e+00,1.000000000000000000e+00,1.000000000000000000e+00,0.000000000000000000e+00,0.000000000000000000e+00
4.000000000000000000e+00,1.672848260155402819e-02,3.000000000000000000e+00,2.676557216248644511e-01,6.996053253762395769e-05,4.783789647906385056e+00,1.000000000000000000e+00,1.000000000000000000e+00,0.000000000000000000e+00,0.000000000000000000e+00
4.000000000000000000e+00,1.672848260155402819e-02,4.000000000000000000e+00,2.676557216248644511e-01,6.996053253762395769e-05,4.783789647906385056e+00,1.000000000000000000e+00,1.000000000000000000e+00,0.000000000000000000e+00,0.000000000000000000e+00
4.000000000000000000e+00,1.706220342672163867e-02,1.000000000000000000e+00,2.729952548275462187e-01,7.277969644370790902e-05,4.764036768332045035e+00,1.000000000000000000e+00,1.000000000000000000e+00,0.000000000000000000e+00,0.000000000000000000e+00
4.000000000000000000e+00,1.706220342672163867e-02,2.000000000000000000e+00,2.729952548275462187e-01,7.277969644370790902e-05,4.764036768332045035e+00,1.000000000000000000e+00,1.000000000000000000e+00,0.000000000000000000e+00,0.000000000000000000e+00
4.000000000000000000e+00,1.706220342672163867e-02,3.000000000000000000e+00,2.729952548275462187e-01,7.277969644370790902e-05,4.764036768332045035e+00,1.000000000000000000e+00,1.000000000000000000e+00,0.000000000000000000e+00,0.000000000000000000e+00
4.000000000000000000e+00,1.706220342672163867e-02,4.000000000000000000e+00,2.729952548275462187e-01,7.277969644370790902e-05,4.764036768332045035e+00,1.000000000000000000e+00,1.000000000000000000e+00,0.000000000000000000e+00,0.000000000000000000e+00
4.000000000000000000e+00,1.740258173492601271e-02,1.000000000000000000e+00,2.784413077588162033e-01,7.571246276019512268e-05,4.744283888757705014e+00,1.000000000000000000e+00,1.000000000000000000e+00,0.000000000000000000e+00,0.000000000000000000e+00
4.000000000000000000e+00,1.740258173492601271e-02,2.000000000000000000e+00,2.784413077588162033e-01,7.571246276019512268e-05,4.744283888757705014e+00,1.000000000000000000e+00,1.000000000000000000e+00,0.000000000000000000e+00,0.000000000000000000e+00
4.000000000000000000e+00,1.740258173492601271e-02,3.000000000000000000e+00,2.784413077588162033e-01,7.571246276019512268e-05,4.744283888757705014e+00,1.000000000000000000e+00,1.000000000000000000e+00,0.000000000000000000e+00,0.000000000000000000e+00
4.000000000000000000e+00,1.740258173492601271e-02,4.000000000000000000e+00,2.784413077588162033e-01,7.571246276019512268e-05,4.744283888757705014e+00,1.000000000000000000e+00,1.000000000000000000e+00,0.000000000000000000e+00,0.000000000000000000e+00
4.000000000000000000e+00,1.774975033801776472e-02,1.000000000000000000e+00,2.839960054082842356e-01,7.876340926549043936e-05,4.724531009183364993e+00,1.000000000000000000e+00,1.000000000000000000e+00,0.000000000000000000e+00,0.000000000000000000e+00
4.000000000000000000e+00,1.774975033801776472e-02,2.000000000000000000e+00,2.839960054082842356e-01,7.876340926549043936e-05,4.724531009183364993e+00,1.000000000000000000e+00,1.000000000000000000e+00,0.000000000000000000e+00,0.000000000000000000e+00
4.000000000000000000e+00,1.774975033801776472e-02,3.000000000000000000e+00,2.839960054082842356e-01,7.876340926549043936e-05,4.724531009183364993e+00,1.000000000000000000e+00,1.000000000000000000e+00,0.000000000000000000e+00,0.000000000000000000e+00
4.000000000000000000e+00,1.774975033801776472e-02,4.000000000000000000e+00,2.839960054082842356e-01,7.876340926549043936e-05,4.724531009183364993e+00,1.000000000000000000e+00,1.000000000000000000e+00,0.000000000000000000e+00,0.000000000000000000e+00
4.000000000000000000e+00,1.810384469734550167e-02,1.000000000000000000e+00,2.896615151575280267e-01,8.193729820640120764e-05,4.704778129609024973e+00,1.000000000000000000e+00,1.000000000000000000e+00,0.000000000000000000e+00,0.000000000000000000e+00
4.000000000000000000e+00,1.810384469734550167e-02,2.000000000000000000e+00,2.896615151575280267e-01,8.193729820640120764e-05,4.704778129609024973e+00,1.000000000000000000e+00,1.000000000000000000e+00,0.000000000000000000e+00,0.000000000000000000e+00
4.000000000000000000e+00,1.810384469734550167e-02,3.000000000000000000e+00,2.896615151575280267e-01,8.193729820640120764e-05,4.704778129609024973e+00,1.000000000000000000e+00,1.000000000000000000e+00,0.000000000000000000e+00,0.000000000000000000e+00
4.000000000000000000e+00,1.810384469734550167e-02,4.000000000000000000e+00,2.896615151575280267e-01,8.193729820640120764e-05,4.704778129609024973e+00,1.000000000000000000e+00,1.000000000000000000e+00,0.000000000000000000e+00,0.000000000000000000e+00
4.000000000000000000e+00,1.846500297661124793e-02,1.000000000000000000e+00,2.954400476257799668e-01,8.523908373156556019e-05,4.685025250034684952e+00,1.000000000000000000e+00,1.000000000000000000e+00,0.000000000000000000e+00,0.000000000000000000e+00
4.000000000000000000e+00,1.846500297661124793e-02,2.000000000000000000e+00,2.954400476257799668e-01,8.523908373156556019e-05,4.685025250034684952e+00,1.000000000000000000e+00,1.000000000000000000e+00,0.000000000000000000e+00,0.000000000000000000e+00
4.000000000000000000e+00,1.846500297661124793e-02,3.000000000000000000e+00,2.954400476257799668e-01,8.523908373156556019e-05,4.685025250034684952e+00,1.000000000000000000e+00,1.000000000000000000e+00,0.000000000000000000e+00,0.000000000000000000e+00
4.000000000000000000e+00,1.846500297661124793e-02,4.000000000000000000e+00,2.954400476257799668e-01,8.523908373156556019e-05,4.685025250034684952e+00,1.000000000000000000e+00,1.000000000000000000e+00,0.000000000000000000e+00,0.000000000000000000e+00
4.000000000000000000e+00,1.883336609578051615e-02,1.000000000000000000e+00,3.013338575324882584e-01,8.867391962442375437e-05,4.665272370460344042e+00,1.000000000000000000e+00,1.000000000000000000e+00,0.000000000000000000e+00,0.000000000000000000e+00
4.000000000000000000e+00,1.883336609578051615e-02,2.000000000000000000e+00,3.013338575324882584e-01,8.867391962442375437e-05,4.665272370460344042e+00,1.000000000000000000e+00,1.000000000000000000e+00,0.000000000000000000e+00,0.000000000000000000e+00
4.000000000000000000e+00,1.883336609578051615e-02,3.000000000000000000e+00,3.013338575324882584e-01,8.867391962442375437e-05,4.665272370460344042e+00,1.000000000000000000e+00,1.000000000000000000e+00,0.000000000000000000e+00,0.000000000000000000e+00
4.000000000000000000e+00,1.883336609578051615e-02,4.000000000000000000e+00,3.013338575324882584e-01,8.867391962442375437e-05,4.665272370460344042e+00,1.000000000000000000e+00,1.000000000000000000e+00,0.000000000000000000e+00,0.000000000000000000e+00
4.000000000000000000e+00,1.920907778606756669e-02,1.000000000000000000e+00,3.073452445770810670e-01,9.224716734779860917e-05,4.645519490886004910e+00,1.000000000000000000e+00,1.000000000000000000e+00,0.000000000000000000e+00,0.000000000000000000e+00
4.000000000000000000e+00,1.920907778606756669e-02,2.000000000000000000e+00,3.073452445770810670e-01,9.224716734779860917e-05,4.645519490886004910e+00,1.000000000000000000e+00,1.000000000000000000e+00,0.000000000000000000e+00,0.000000000000000000e+00
4.000000000000000000e+00,1.920907778606756669e-02,3.000000000000000000e+00,3.073452445770810670e-01,9.224716734779860917e-05,4.645519490886004910e+00,1.000000000000000000e+00,1.000000000000000000e+00,0.000000000000000000e+00,0.000000000000000000e+00
4.000000000000000000e+00,1.920907778606756669e-02,4.000000000000000000e+00,3.073452445770810670e-01,9.224716734779860917e-05,4.645519490886004910e+00,1.000000000000000000e+00,1.000000000000000000e+00,0.000000000000000000e+00,0.000000000000000000e+00
4.000000000000000000e+00,1.959228464601790731e-02,1.000000000000000000e+00,3.134765543362865170e-01,9.596440441264725524e-05,4.625766611311664889e+00,1.000000000000000000e+00,1.000000000000000000e+00,0.000000000000000000e+00,0.000000000000000000e+00
4.000000000000000000e+00,1.959228464601790731e-02,2.000000000000000000e+00,3.134765543362865170e-01,9.596440441264725524e-05,4.625766611311664889e+00,1.000000000000000000e+00,1.000000000000000000e+00,0.000000000000000000e+00,0.000000000000000000e+00
4.000000000000000000e+00,1.959228464601790731e-02,3.000000000000000000e+00,3.134765543362865170e-01,9.596440441264725524e-05,4.625766611311664889e+00,1.000000000000000000e+00,1.000000000000000000e+00,0.000000000000000000e+00,0.000000000000000000e+00
4.000000000000000000e+00,1.959228464601790731e-02,4.000000000000000000e+00,3.134765543362865170e-01,9.596440441264725524e-05,4.625766611311664889e+00,1.000000000000000000e+00,1.000000000000000000e+00,0.000000000000000000e+00,0.000000000000000000e+00
4.000000000000000000e+00,1.998313619870926983e-02,1.000000000000000000e+00,3.197301791793483172e-01,9.983143308404119069e-05,4.606013731737323980e+00,1.000000000000000000e+00,1.000000000000000000e+00,0.000000000000000000e+00,0.000000000000000000e+00
4.000000000000000000e+00,1.998313619870926983e-02,2.000000000000000000e+00,3.197301791793483172e-01,9.983143308404119069e-05,4.606013731737323980e+00,1.000000000000000000e+00,1.000000000000000000e+00,0.000000000000000000e+00,0.000000000000000000e+00
4.000000000000000000e+00,1.998313619870926983e-02,3.000000000000000000e+00,3.197301791793483172e-01,9.983143308404119069e-05,4.606013731737323980e+00,1.000000000000000000e+00,1.000000000000000000e+00,0.000000000000000000e+00,0.000000000000000000e+00
4.000000000000000000e+00,1.998313619870926983e-02,4.000000000000000000e+00,3.197301791793483172e-01,9.983143308404119069e-05,4.606013731737323980e+00,1.000000000000000000e+00,1.000000000000000000e+00,0.000000000000000000e+00,0.000000000000000000e+00
4.000000000000000000e+00,2.038178495009395491e-02,1.000000000000000000e+00,3.261085592015032786e-01,1.038542894379691149e-04,4.586260852162983959e+00,1.000000000000000000e+00,1.000000000000000000e+00,0.000000000000000000e+00,0.000000000000000000e+00
4.000000000000000000e+00,2.038178495009395491e-02,2.000000000000000000e+00,3.261085592015032786e-01,1.038542894379691149e-04,4.586260852162983959e+00,1.000000000000000000e+00,1.000000000000000000e+00,0.000000000000000000e+00,0.000000000000000000e+00
4.000000000000000000e+00,2.038178495009395491e-02,3.000000000000000000e+00,3.261085592015032786e-01,1.038542894379691149e-04,4.586260852162983959e+00,1.000000000000000000e+00,1.000000000000000000e+00,0.000000000000000000e+00,0.000000000000000000e+00
4.000000000000000000e+00,2.038178495009395491e-02,4.000000000000000000e+00,3.261085592015032786e-01,1.038542894379691149e-04,4.586260852162983959e+00,1.000000000000000000e+00,1.000000000000000000e+00,0.000000000000000000e+00,0.000000000000000000e+00
4.000000000000000000e+00,2.078838644850495090e-02,1.000000000000000000e+00,3.326141831760792145e-01,1.080392527830960776e-04,4.566507972588643938e+00,1.000000000000000000e+00,1.000000000000000000e+00,0.000000000000000000e+00,0.000000000000000000e+00
4.000000000000000000e+00,2.078838644850495090e-02,2.000000000000000000e+00,3.326141831760792145e-01,1.080392527830960776e-04,4.566507972588643938e+00,1.000000000000000000e+00,1.000000000000000000e+00,0.000000000000000000e+00,0.000000000000000000e+00
4.000000000000000000e+00,2.078838644850495090e-02,3.000000000000000000e+00,3.326141831760792145e-01,1.080392527830960776e-04,4.566507972588643938e+00,1.000000000000000000e+00,1.000000000000000000e+00,0.000000000000000000e+00,0.000000000000000000e+00
4.000000000000000000e+00,2.078838644850495090e-02,4.000000000000000000e+00,3.326141831760792145e-01,1.080392527830960776e-04,4.566507972588643938e+00,1.000000000000000000e+00,1.000000000000000000e+00,0.000000000000000000e+00,0.000000000000000000e+00
4.000000000000000000e+00,2.120309934534914814e-02,1.000000000000000000e+00,3.392495895255863703e-01,1.123928554621863630e-04,4.546755093014303917e+00,1.000000000000000000e+00,1.000000000000000000e+00,0.000000000000000000e+00,0.000000000000000000e+00
4.000000000000000000e+00,2.120309934534914814e-02,2.000000000000000000e+00,3.392495895255863703e-01,1.123928554621863630e-04,4.546755093014303917e+00,1.000000000000000000e+00,1.000000000000000000e+00,0.000000000000000000e+00,0.000000000000000000e+00
4.000000000000000000e+00,2.120309934534914814e-02,3.000000000000000000e+00,3.392495895255863703e-01,1.123928554621863630e-04,4.546755093014303917e+00,1.000000000000000000e+00,1.000000000000000000e+00,0.000000000000000000e+00,0.000000000000000000e+00
4.000000000000000000e+00,2.120309934534914814e-02,4.000000000000000000e+00,3.392495895255863703e-01,1.123928554621863630e-04,4.546755093014303917e+00,1.000000000000000000e+00,1.000000000000000000e+00,0.000000000000000000e+00,0.000000000000000000e+00
4.000000000000000000e+00,2.162608545701138682e-02,1.000000000000000000e+00,3.460173673121821891e-01,1.169218930484898549e-04,4.527002213439963896e+00,1.000000000000000000e+00,1.000000000000000000e+00,0.000000000000000000e+00,0.000000000000000000e+00
4.000000000000000000e+00,2.162608545701138682e-02,2.000000000000000000e+00,3.460173673121821891e-01,1.169218930484898549e-04,4.527002213439963896e+00,1.000000000000000000e+00,1.000000000000000000e+00,0.000000000000000000e+00,0.000000000000000000e+00
4.000000000000000000e+00,2.162608545701138682e-02,3.000000000000000000e+00,3.460173673121821891e-01,1.169218930484898549e-04,4.527002213439963896e+00,1.000000000000000000e+00,1.000000000000000000e+00,0.000000000000000000e+00,0.000000000000000000e+00
4.000000000000000000e+00,2.162608545701138682e-02,4.000000000000000000e+00,3.460173673121821891e-01,1.169218930484898549e-04,4.527002213439963896e+00,1.000000000000000000e+00,1.000000000000000000e+00,0.000000000000000000e+00,0.000000000000000000e+00
4.000000000000000000e+00,2.205750982799340593e-02,1.000000000000000000e+00,3.529201572478944948e-01,1.216334349530064248e-04,4.507249333865623875e+00,1.000000000000000000e+00,1.000000000000000000e+00,0.000000000000000000e+00,0.000000000000000000e+00
4.000000000000000000e+00,2.205750982799340593e-02,2.000000000000000000e+00,3.529201572478944948e-01,1.216334349530064248e-04,4.507249333865623875e+00,1.000000000000000000e+00,1.000000000000000000e+00,0.000000000000000000e+00,0.000000000000000000e+00
4.000000000000000000e+00,2.205750982799340593e-02,3.000000000000000000e+00,3.529201572478944948e-01,1.216334349530064248e-04,4.507249333865623875e+00,1.000000000000000000e+00,1.000000000000000000e+00,0.000000000000000000e+00,0.000000000000000000e+00
4.000000000000000000e+00,2.205750982799340593e-02,4.000000000000000000e+00,3.529201572478944948e-01,1.216334349530064248e-04,4.507249333865623875e+00,1.000000000000000000e+00,1.000000000000000000e+00,0.000000000000000000e+00,0.000000000000000000e+00
4.000000000000000000e+00,2.249754079531238876e-02,1.000000000000000000e+00,3.599606527249982202e-01,1.265348354591862940e-04,4.487496454291283854e+00,1.000000000000000000e+00,1.000000000000000000e+00,0.000000000000000000e+00,0.000000000000000000e+00
4.000000000000000000e+00,2.249754079531238876e-02,2.000000000000000000e+00,3.599606527249982202e-01,1.265348354591862940e-04,4.487496454291283854e+00,1.000000000000000000e+00,1.000000000000000000e+00,0.000000000000000000e+00,0.000000000000000000e+00
4.000000000000000000e+00,2.249754079531238876e-02,3.000000000000000000e+00,3.599606527249982202e-01,1.265348354591862940e-04,4.487496454291283854e+00,1.000000000000000000e+00,1.000000000000000000e+00,0.000000000000000000e+00,0.000000000000000000e+00
4.000000000000000000e+00,2.249754079531238876e-02,4.000000000000000000e+00,3.599606527249982202e-01,1.265348354591862940e-04,4.487496454291283854e+00,1.000000000000000000e+00,1.000000000000000000e+00,0.000000000000000000e+00,0.000000000000000000e+00
4.000000000000000000e+00,2.294635005418420998e-02,1.000000000000000000e+00,3.671416008669473596e-01,1.316337452022899360e-04,4.467743574716943833e+00,1.000000000000000000e+00,1.000000000000000000e+00,0.000000000000000000e+00,0.000000000000000000e+00
4.000000000000000000e+00,2.294635005418420998e-02,2.000000000000000000e+00,3.671416008669473596e-01,1.316337452022899360e-04,4.467743574716943833e+00,1.000000000000000000e+00,1.000000000000000000e+00,0.000000000000000000e+00,0.000000000000000000e+00
4.000000000000000000e+00,2.294635005418420998e-02,3.000000000000000000e+00,3.671416008669473596e-01,1.316337452022899360e-04,4.467743574716943833e+00,1.000000000000000000e+00,1.000000000000000000e+00,0.000000000000000000e+00,0.000000000000000000e+00
4.000000000000000000e+00,2.294635005418420998e-02,4.000000000000000000e+00,3.671416008669473596e-01,1.316337452022899360e-04,4.467743574716943833e+00,1.000000000000000000e+00,1.000000000000000000e+00,0.000000000000000000e+00,0.000000000000000000e+00
4.000000000000000000e+00,2.340411272501700946e-02,1.000000000000000000e+00,3.744658036002721513e-01,1.369381231113257899e-04,4.447990695142603812e+00,1.000000000000000000e+00,1.000000000000000000e+00,0.000000000000000000e+00,0.000000000000000000e+00
4.000000000000000000e+00,2.340411272501700946e-02,2.000000000000000000e+00,3.744658036002721513e-01,1.369381231113257899e-04,4.447990695142603812e+00,1.000000000000000000e+00,1.000000000000000000e+00,0.000000000000000000e+00,0.000000000000000000e+00
4.000000000000000000e+00,2.340411272501700946e-02,3.000000000000000000e+00,3.744658036002721513e-01,1.369381231113257899e-04,4.447990695142603812e+00,1.000000000000000000e+00,1.000000000000000000e+00,0.000000000000000000e+00,0.000000000000000000e+00
4.000000000000000000e+00,2.340411272501700946e-02,4.000000000000000000e+00,3.744658036002721513e-01,1.369381231113257899e-04,4.447990695142603812e+00,1.000000000000000000e+00,1.000000000000000000e+00,0.000000000000000000e+00,0.000000000000000000e+00
4.000000000000000000e+00,2.387100742174118675e-02,1.000000000000000000e+00,3.819361187478589881e-01,1.424562488322057147e-04,4.428237815568263791e+00,1.000000000000000000e+00,1.000000000000000000e+00,0.000000000000000000e+00,0.000000000000000000e+00
4.000000000000000000e+00,2.387100742174118675e-02,2.000000000000000000e+00,3.819361187478589881e-01,1.424562488322057147e-04,4.428237815568263791e+00,1.000000000000000000e+00,1.000000000000000000e+00,0.000000000000000000e+00,0.000000000000000000e+00
4.000000000000000000e+00,2.387100742174118675e-02,3.000000000000000000e+00,3.819361187478589881e-01,1.424562488322057147e-04,4.428237815568263791e+00,1.000000000000000000e+00,1.000000000000000000e+00,0.000000000000000000e+00,0.000000000000000000e+00
4.000000000000000000e+00,2.387100742174118675e-02,4.000000000000000000e+00,3.819361187478589881e-01,1.424562488322057147e-04,4.428237815568263791e+00,1.000000000000000000e+00,1.000000000000000000e+00,0.000000000000000000e+00,0.000000000000000000e+00
4.000000000000000000e+00,2.434721632150271126e-02,1.000000000000000000e+00,3.895554611440433801e-01,1.481967356515119993e-04,4.408484935993922882e+00,1.000000000000000000e+00,1.000000000000000000e+00,0.000000000000000000e+00,0.000000000000000000e+00
4.000000000000000000e+00,2.434721632150271126e-02,2.000000000000000000e+00,3.895554611440433801e-01,1.481967356515119993e-04,4.408484935993922882e+00,1.000000000000000000e+00,1.000000000000000000e+00,0.000000000000000000e+00,0.000000000000000000e+00
4.000000000000000000e+00,2.434721632150271126e-02,3.000000000000000000e+00,3.895554611440433801e-01,1.481967356515119993e-04,4.408484935993922882e+00,1.000000000000000000e+00,1.000000000000000000e+00,0.000000000000000000e+00,0.000000000000000000e+00
4.000000000000000000e+00,2.434721632150271126e-02,4.000000000000000000e+00,3.895554611440433801e-01,1.481967356515119993e-04,4.408484935993922882e+00,1.000000000000000000e+00,1.000000000000000000e+00,0.000000000000000000e+00,0.000000000000000000e+00
4.000000000000000000e+00,2.483292523574644195e-02,1.000000000000000000e+00,3.973268037719430712e-01,1.541685439410431322e-04,4.388732056419583749e+00,1.000000000000000000e+00,1.000000000000000000e+00,0.000000000000000000e+00,0.000000000000000000e+00
4.000000000000000000e+00,2.483292523574644195e-02,2.000000000000000000e+00,3.973268037719430712e-01,1.541685439410431322e-04,4.388732056419583749e+00,1.000000000000000000e+00,1.000000000000000000e+00,0.000000000000000000e+00,0.000000000000000000e+00
4.000000000000000000e+00,2.483292523574644195e-02,3.000000000000000000e+00,3.973268037719430712e-01,1.541685439410431322e-04,4.388732056419583749e+00,1.000000000000000000e+00,1.000000000000000000e+00,0.000000000000000000e+00,0.000000000000000000e+00
4.000000000000000000e+00,2.483292523574644195e-02,4.000000000000000000e+00,3.973268037719430712e-01,1.541685439410431322e-04,4.388732056419583749e+00,1.000000000000000000e+00,1.000000000000000000e+00,0.000000000000000000e+00,0.000000000000000000e+00
4.000000000000000000e+00,2.532832368271790979e-02,1.000000000000000000e+00,4.052531789234865567e-01,1.603809951441322252e-04,4.368979176845242840e+00,1.000000000000000000e+00,1.000000000000000000e+00,0.000000000000000000e+00,0.000000000000000000e+00
4.000000000000000000e+00,2.532832368271790979e-02,2.000000000000000000e+00,4.052531789234865567e-01,1.603809951441322252e-04,4.368979176845242840e+00,1.000000000000000000e+00,1.000000000000000000e+00,0.000000000000000000e+00,0.000000000000000000e+00
4.000000000000000000e+00,2.532832368271790979e-02,3.000000000000000000e+00,4.052531789234865567e-01,1.603809951441322252e-04,4.368979176845242840e+00,1.000000000000000000e+00,1.000000000000000000e+00,0.000000000000000000e+00,0.000000000000000000e+00
4.000000000000000000e+00,2.532832368271790979e-02,4.000000000000000000e+00,4.052531789234865567e-01,1.603809951441322252e-04,4.368979176845242840e+00,1.000000000000000000e+00,1.000000000000000000e+00,0.000000000000000000e+00,0.000000000000000000e+00
4.000000000000000000e+00,2.583360496141102330e-02,1.000000000000000000e+00,4.133376793825763729e-01,1.668437863255600728e-04,4.349226297270903707e+00,1.000000000000000000e+00,1.000000000000000000e+00,0.000000000000000000e+00,0.000000000000000000e+00
4.000000000000000000e+00,2.583360496141102330e-02,2.000000000000000000e+00,4.133376793825763729e-01,1.668437863255600728e-04,4.349226297270903707e+00,1.000000000000000000e+00,1.000000000000000000e+00,0.000000000000000000e+00,0.000000000000000000e+00
4.000000000000000000e+00,2.583360496141102330e-02,3.000000000000000000e+00,4.133376793825763729e-01,1.668437863255600728e-04,4.349226297270903707e+00,1.000000000000000000e+00,1.000000000000000000e+00,0.000000000000000000e+00,0.000000000000000000e+00
4.000000000000000000e+00,2.583360496141102330e-02,4.000000000000000000e+00,4.133376793825763729e-01,1.668437863255600728e-04,4.349226297270903707e+00,1.000000000000000000e+00,1.000000000000000000e+00,0.000000000000000000e+00,0.000000000000000000e+00
4.000000000000000000e+00,2.634896622699140975e-02,1.000000000000000000e+00,4.215834596318625560e-01,1.735670053077834692e-04,4.329473417696562798e+00,1.000000000000000000e+00,1.000000000000000000e+00,0.000000000000000000e+00,0.000000000000000000e+00
4.000000000000000000e+00,2.634896622699140975e-02,2.000000000000000000e+00,4.215834596318625560e-01,1.735670053077834692e-04,4.329473417696562798e+00,1.000000000000000000e+00,1.000000000000000000e+00,0.000000000000000000e+00,0.000000000000000000e+00
4.000000000000000000e+00,2.634896622699140975e-02,3.000000000000000000e+00,4.215834596318625560e-01,1.735670053077834692e-04,4.329473417696562798e+00,1.000000000000000000e+00,1.000000000000000000e+00,0.000000000000000000e+00,0.000000000000000000e+00
4.000000000000000000e+00,2.634896622699140975e-02,4.000000000000000000e+00,4.215834596318625560e-01,1.735670053077834692e-04,4.329473417696562798e+00,1.000000000000000000e+00,1.000000000000000000e+00,0.000000000000000000e+00,0.000000000000000000e+00
4.000000000000000000e+00,2.687460856772398710e-02,1.000000000000000000e+00,4.299937370835837935e-01,1.805611464170958766e-04,4.309720538122222777e+00,1.000000000000000000e+00,1.000000000000000000e+00,0.000000000000000000e+00,0.000000000000000000e+00
4.000000000000000000e+00,2.687460856772398710e-02,2.000000000000000000e+00,4.299937370835837935e-01,1.805611464170958766e-04,4.309720538122222777e+00,1.000000000000000000e+00,1.000000000000000000e+00,0.000000000000000000e+00,0.000000000000000000e+00
4.000000000000000000e+00,2.687460856772398710e-02,3.000000000000000000e+00,4.299937370835837935e-01,1.805611464170958766e-04,4.309720538122222777e+00,1.000000000000000000e+00,1.000000000000000000e+00,0.000000000000000000e+00,0.000000000000000000e+00
4.000000000000000000e+00,2.687460856772398710e-02,4.000000000000000000e+00,4.299937370835837935e-01,1.805611464170958766e-04,4.309720538122222777e+00,1.000000000000000000e+00,1.000000000000000000e+00,0.000000000000000000e+00,0.000000000000000000e+00
4.000000000000000000e+00,2.741073708343551990e-02,1.000000000000000000e+00,4.385717933349683184e-01,1.878371268643067905e-04,4.289967658547882756e+00,1.000000000000000000e+00,1.000000000000000000e+00,0.000000000000000000e+00,0.000000000000000000e+00
4.000000000000000000e+00,2.741073708343551990e-02,2.000000000000000000e+00,4.385717933349683184e-01,1.878371268643067905e-04,4.289967658547882756e+00,1.000000000000000000e+00,1.000000000000000000e+00,0.000000000000000000e+00,0.000000000000000000e+00
4.000000000000000000e+00,2.741073708343551990e-02,3.000000000000000000e+00,4.385717933349683184e-01,1.878371268643067905e-04,4.289967658547882756e+00,1.000000000000000000e+00,1.000000000000000000e+00,0.000000000000000000e+00,0.000000000000000000e+00
4.000000000000000000e+00,2.741073708343551990e-02,4.000000000000000000e+00,4.385717933349683184e-01,1.878371268643067905e-04,4.289967658547882756e+00,1.000000000000000000e+00,1.000000000000000000e+00,0.000000000000000000e+00,0.000000000000000000e+00
4.000000000000000000e+00,2.795756096554223927e-02,1.000000000000000000e+00,4.473209754486758283e-01,1.954063037855027676e-04,4.270214778973542735e+00,1.000000000000000000e+00,1.000000000000000000e+00,0.000000000000000000e+00,0.000000000000000000e+00
4.000000000000000000e+00,2.795756096554223927e-02,2.000000000000000000e+00,4.473209754486758283e-01,1.954063037855027676e-04,4.270214778973542735e+00,1.000000000000000000e+00,1.000000000000000000e+00,0.000000000000000000e+00,0.000000000000000000e+00
4.000000000000000000e+00,2.795756096554223927e-02,3.000000000000000000e+00,4.473209754486758283e-01,1.954063037855027676e-04,4.270214778973542735e+00,1.000000000000000000e+00,1.000000000000000000e+00,0.000000000000000000e+00,0.000000000000000000e+00
4.000000000000000000e+00,2.795756096554223927e-02,4.000000000000000000e+00,4.473209754486758283e-01,1.954063037855027676e-04,4.270214778973542735e+00,1.000000000000000000e+00,1.000000000000000000e+00,0.000000000000000000e+00,0.000000000000000000e+00
4.000000000000000000e+00,2.851529357867403636e-02,1.000000000000000000e+00,4.562446972587845817e-01,2.032804919694921816e-04,4.250461899399202714e+00,1.000000000000000000e+00,1.000000000000000000e+00,0.000000000000000000e+00,0.000000000000000000e+00
4.000000000000000000e+00,2.851529357867403636e-02,2.000000000000000000e+00,4.562446972587845817e-01,2.032804919694921816e-04,4.250461899399202714e+00,1.000000000000000000e+00,1.000000000000000000e+00,0.000000000000000000e+00,0.000000000000000000e+00
4.000000000000000000e+00,2.851529357867403636e-02,3.000000000000000000e+00,4.562446972587845817e-01,2.032804919694921816e-04,4.250461899399202714e+00,1.000000000000000000e+00,1.000000000000000000e+00,0.000000000000000000e+00,0.000000000000000000e+00
4.000000000000000000e+00,2.851529357867403636e-02,4.000000000000000000e+00,4.562446972587845817e-01,2.032804919694921816e-04,4.250461899399202714e+00,1.000000000000000000e+00,1.000000000000000000e+00,0.000000000000000000e+00,0.000000000000000000e+00
4.000000000000000000e+00,2.908415254392697144e-02,1.000000000000000000e+00,4.653464407028315430e-01,2.114719822996034425e-04,4.230709019824862693e+00,1.000000000000000000e+00,1.000000000000000000e+00,0.000000000000000000e+00,0.000000000000000000e+00
4.000000000000000000e+00,2.908415254392697144e-02,2.000000000000000000e+00,4.653464407028315430e-01,2.114719822996034425e-04,4.230709019824862693e+00,1.000000000000000000e+00,1.000000000000000000e+00,0.000000000000000000e+00,0.000000000000000000e+00
4.000000000000000000e+00,2.908415254392697144e-02,3.000000000000000000e+00,4.653464407028315430e-01,2.114719822996034425e-04,4.230709019824862693e+00,1.000000000000000000e+00,1.000000000000000000e+00,0.000000000000000000e+00,0.000000000000000000e+00
4.000000000000000000e+00,2.908415254392697144e-02,4.000000000000000000e+00,4.653464407028315430e-01,2.114719822996034425e-04,4.230709019824862693e+00,1.000000000000000000e+00,1.000000000000000000e+00,0.000000000000000000e+00,0.000000000000000000e+00
4.000000000000000000e+00,2.966435982377662803e-02,1.000000000000000000e+00,4.746297571804260484e-01,2.199935609386232478e-04,4.210956140250522672e+00,1.000000000000000000e+00,1.000000000000000000e+00,0.000000000000000000e+00,0.000000000000000000e+00
4.000000000000000000e+00,2.966435982377662803e-02,2.000000000000000000e+00,4.746297571804260484e-01,2.199935609386232478e-04,4.210956140250522672e+00,1.000000000000000000e+00,1.000000000000000000e+00,0.000000000000000000e+00,0.000000000000000000e+00
4.000000000000000000e+00,2.966435982377662803e-02,3.000000000000000000e+00,4.746297571804260484e-01,2.199935609386232478e-04,4.210956140250522672e+00,1.000000000000000000e+00,1.000000000000000000e+00,0.000000000000000000e+00,0.000000000000000000e+00
4.000000000000000000e+00,2.966435982377662803e-02,4.000000000000000000e+00,4.746297571804260484e-01,2.199935609386232478e-04,4.210956140250522672e+00,1.000000000000000000e+00,1.000000000000000000e+00,0.000000000000000000e+00,0.000000000000000000e+00
4.000000000000000000e+00,3.025614180868540712e-02,1.000000000000000000e+00,4.840982689389665139e-01,2.288585292868202607e-04,4.191203260676182651e+00,1.000000000000000000e+00,1.000000000000000000e+00,0.000000000000000000e+00,0.000000000000000000e+00
4.000000000000000000e+00,3.025614180868540712e-02,2.000000000000000000e+00,4.840982689389665139e-01,2.288585292868202607e-04,4.191203260676182651e+00,1.000000000000000000e+00,1.000000000000000000e+00,0.000000000000000000e+00,0.000000000000000000e+00
4.000000000000000000e+00,3.025614180868540712e-02,3.000000000000000000e+00,4.840982689389665139e-01,2.288585292868202607e-04,4.191203260676182651e+00,1.000000000000000000e+00,1.000000000000000000e+00,0.000000000000000000e+00,0.000000000000000000e+00
4.000000000000000000e+00,3.025614180868540712e-02,4.000000000000000000e+00,4.840982689389665139e-01,2.288585292868202607e-04,4.191203260676182651e+00,1.000000000000000000e+00,1.000000000000000000e+00,0.000000000000000000e+00,0.000000000000000000e+00
4.000000000000000000e+00,3.085972940543759216e-02,1.000000000000000000e+00,4.937556704870014745e-01,2.380807247442074076e-04,4.171450381101842630e+00,1.000000000000000000e+00,1.000000000000000000e+00,0.000000000000000000e+00,0.000000000000000000e+00
4.000000000000000000e+00,3.085972940543759216e-02,2.000000000000000000e+00,4.937556704870014745e-01,2.380807247442074076e-04,4.171450381101842630e+00,1.000000000000000000e+00,1.000000000000000000e+00,0.000000000000000000e+00,0.000000000000000000e+00
4.000000000000000000e+00,3.085972940543759216e-02,3.000000000000000000e+00,4.937556704870014745e-01,2.380807247442074076e-04,4.171450381101842630e+00,1.000000000000000000e+00,1.000000000000000000e+00,0.000000000000000000e+00,0.000000000000000000e+00
4.000000000000000000e+00,3.085972940543759216e-02,4.000000000000000000e+00,4.937556704870014745e-01,2.380807247442074076e-04,4.171450381101842630e+00,1.000000000000000000e+00,1.000000000000000000e+00,0.000000000000000000e+00,0.000000000000000000e+00
4.000000000000000000e+00,3.147535812723660509e-02,1.000000000000000000e+00,5.036057300357856814e-01,2.476745423094498704e-04,4.151697501527502610e+00,1.000000000000000000e+00,1.000000000000000000e+00,0.000000000000000000e+00,0.000000000000000000e+00
4.000000000000000000e+00,3.147535812723660509e-02,2.000000000000000000e+00,5.036057300357856814e-01,2.476745423094498704e-04,4.151697501527502610e+00,1.000000000000000000e+00,1.000000000000000000e+00,0.000000000000000000e+00,0.000000000000000000e+00
4.000000000000000000e+00,3.147535812723660509e-02,3.000000000000000000e+00,5.036057300357856814e-01,2.476745423094498704e-04,4.151697501527502610e+00,1.000000000000000000e+00,1.000000000000000000e+00,0.000000000000000000e+00,0.000000000000000000e+00
4.000000000000000000e+00,3.147535812723660509e-02,4.000000000000000000e+00,5.036057300357856814e-01,2.476745423094498704e-04,4.151697501527502610e+00,1.000000000000000000e+00,1.000000000000000000e+00,0.000000000000000000e+00,0.000000000000000000e+00
4.000000000000000000e+00,3.210326818559967876e-02,1.000000000000000000e+00,5.136522909695948602e-01,2.576549570491341260e-04,4.131944621953162589e+00,1.000000000000000000e+00,1.000000000000000000e+00,0.000000000000000000e+00,0.000000000000000000e+00
4.000000000000000000e+00,3.210326818559967876e-02,2.000000000000000000e+00,5.136522909695948602e-01,2.576549570491341260e-04,4.131944621953162589e+00,1.000000000000000000e+00,1.000000000000000000e+00,0.000000000000000000e+00,0.000000000000000000e+00
4.000000000000000000e+00,3.210326818559967876e-02,3.000000000000000000e+00,5.136522909695948602e-01,2.576549570491341260e-04,4.131944621953162589e+00,1.000000000000000000e+00,1.000000000000000000e+00,0.000000000000000000e+00,0.000000000000000000e+00
4.000000000000000000e+00,3.210326818559967876e-02,4.000000000000000000e+00,5.136522909695948602e-01,2.576549570491341260e-04,4.131944621953162589e+00,1.000000000000000000e+00,1.000000000000000000e+00,0.000000000000000000e+00,0.000000000000000000e+00
4.000000000000000000e+00,3.274370458408572271e-02,1.000000000000000000e+00,5.238992733453715633e-01,2.680375474724691013e-04,4.112191742378822568e+00,1.000000000000000000e+00,1.000000000000000000e+00,0.000000000000000000e+00,0.000000000000000000e+00
4.000000000000000000e+00,3.274370458408572271e-02,2.000000000000000000e+00,5.238992733453715633e-01,2.680375474724691013e-04,4.112191742378822568e+00,1.000000000000000000e+00,1.000000000000000000e+00,0.000000000000000000e+00,0.000000000000000000e+00
4.000000000000000000e+00,3.274370458408572271e-02,3.000000000000000000e+00,5.238992733453715633e-01,2.680375474724691013e-04,4.112191742378822568e+00,1.000000000000000000e+00,1.000000000000000000e+00,0.000000000000000000e+00,0.000000000000000000e+00
4.000000000000000000e+00,3.274370458408572271e-02,4.000000000000000000e+00,5.238992733453715633e-01,2.680375474724691013e-04,4.112191742378822568e+00,1.000000000000000000e+00,1.000000000000000000e+00,0.000000000000000000e+00,0.000000000000000000e+00
4.000000000000000000e+00,3.339691721389295015e-02,1.000000000000000000e+00,5.343506754222872024e-01,2.788385198479047971e-04,4.092438862804482547e+00,1.000000000000000000e+00,1.000000000000000000e+00,0.000000000000000000e+00,0.000000000000000000e+00
4.000000000000000000e+00,3.339691721389295015e-02,2.000000000000000000e+00,5.343506754222872024e-01,2.788385198479047971e-04,4.092438862804482547e+00,1.000000000000000000e+00,1.000000000000000000e+00,0.000000000000000000e+00,0.000000000000000000e+00
4.000000000000000000e+00,3.339691721389295015e-02,3.000000000000000000e+00,5.343506754222872024e-01,2.788385198479047971e-04,4.092438862804482547e+00,1.000000000000000000e+00,1.000000000000000000e+00,0.000000000000000000e+00,0.000000000000000000e+00
4.000000000000000000e+00,3.339691721389295015e-02,4.000000000000000000e+00,5.343506754222872024e-01,2.788385198479047971e-04,4.092438862804482547e+00,1.000000000000000000e+00,1.000000000000000000e+00,0.000000000000000000e+00,0.000000000000000000e+00
4.000000000000000000e+00,3.406316095136375371e-02,1.000000000000000000e+00,5.450105752218200594e-01,2.900747334996280893e-04,4.072685983230142526e+00,1.000000000000000000e+00,1.000000000000000000e+00,0.000000000000000000e+00,0.000000000000000000e+00
4.000000000000000000e+00,3.406316095136375371e-02,2.000000000000000000e+00,5.450105752218200594e-01,2.900747334996280893e-04,4.072685983230142526e+00,1.000000000000000000e+00,1.000000000000000000e+00,0.000000000000000000e+00,0.000000000000000000e+00
4.000000000000000000e+00,3.406316095136375371e-02,3.000000000000000000e+00,5.450105752218200594e-01,2.900747334996280893e-04,4.072685983230142526e+00,1.000000000000000000e+00,1.000000000000000000e+00,0.000000000000000000e+00,0.000000000000000000e+00
4.000000000000000000e+00,3.406316095136375371e-02,4.000000000000000000e+00,5.450105752218200594e-01,2.900747334996280893e-04,4.072685983230142526e+00,1.000000000000000000e+00,1.000000000000000000e+00,0.000000000000000000e+00,0.000000000000000000e+00
4.000000000000000000e+00,3.474269575743458432e-02,1.000000000000000000e+00,5.558831321189533492e-01,3.017637271234157627e-04,4.052933103655801617e+00,1.000000000000000000e+00,1.000000000000000000e+00,0.000000000000000000e+00,0.000000000000000000e+00
4.000000000000000000e+00,3.474269575743458432e-02,2.000000000000000000e+00,5.558831321189533492e-01,3.017637271234157627e-04,4.052933103655801617e+00,1.000000000000000000e+00,1.000000000000000000e+00,0.000000000000000000e+00,0.000000000000000000e+00
4.000000000000000000e+00,3.474269575743458432e-02,3.000000000000000000e+00,5.558831321189533492e-01,3.017637271234157627e-04,4.052933103655801617e+00,1.000000000000000000e+00,1.000000000000000000e+00,0.000000000000000000e+00,0.000000000000000000e+00
4.000000000000000000e+00,3.474269575743458432e-02,4.000000000000000000e+00,5.558831321189533492e-01,3.017637271234157627e-04,4.052933103655801617e+00,1.000000000000000000e+00,1.000000000000000000e+00,0.000000000000000000e+00,0.000000000000000000e+00
4.000000000000000000e+00,3.543578677906981250e-02,1.000000000000000000e+00,5.669725884651170000e-01,3.139237461629247107e-04,4.033180224081462484e+00,1.000000000000000000e+00,1.000000000000000000e+00,0.000000000000000000e+00,0.000000000000000000e+00
4.000000000000000000e+00,3.543578677906981250e-02,2.000000000000000000e+00,5.669725884651170000e-01,3.139237461629247107e-04,4.033180224081462484e+00,1.000000000000000000e+00,1.000000000000000000e+00,0.000000000000000000e+00,0.000000000000000000e+00
4.000000000000000000e+00,3.543578677906981250e-02,3.000000000000000000e+00,5.669725884651170000e-01,3.139237461629247107e-04,4.033180224081462484e+00,1.000000000000000000e+00,1.000000000000000000e+00,0.000000000000000000e+00,0.000000000000000000e+00
4.000000000000000000e+00,3.543578677906981250e-02,4.000000000000000000e+00,5.669725884651170000e-01,3.139237461629247107e-04,4.033180224081462484e+00,1.000000000000000000e+00,1.000000000000000000e+00,0.000000000000000000e+00,0.000000000000000000e+00
4.000000000000000000e+00,3.614270445271919319e-02,1.000000000000000000e+00,5.782832712435070910e-01,3.265737712891519364e-04,4.013427344507121575e+00,1.000000000000000000e+00,1.000000000000000000e+00,0.000000000000000000e+00,0.000000000000000000e+00
4.000000000000000000e+00,3.614270445271919319e-02,2.000000000000000000e+00,5.782832712435070910e-01,3.265737712891519364e-04,4.013427344507121575e+00,1.000000000000000000e+00,1.000000000000000000e+00,0.000000000000000000e+00,0.000000000000000000e+00
4.000000000000000000e+00,3.614270445271919319e-02,3.000000000000000000e+00,5.782832712435070910e-01,3.265737712891519364e-04,4.013427344507121575e+00,1.000000000000000000e+00,1.000000000000000000e+00,0.000000000000000000e+00,0.000000000000000000e+00
4.000000000000000000e+00,3.614270445271919319e-02,4.000000000000000000e+00,5.782832712435070910e-01,3.265737712891519364e-04,4.013427344507121575e+00,1.000000000000000000e+00,1.000000000000000000e+00,0.000000000000000000e+00,0.000000000000000000e+00
4.000000000000000000e+00,3.686372460983912414e-02,1.000000000000000000e+00,5.898195937574259862e-01,3.397335480275146934e-04,3.993674464932781998e+00,1.000000000000000000e+00,1.000000000000000000e+00,0.000000000000000000e+00,0.000000000000000000e+00
4.000000000000000000e+00,3.686372460983912414e-02,2.000000000000000000e+00,5.898195937574259862e-01,3.397335480275146934e-04,3.993674464932781998e+00,1.000000000000000000e+00,1.000000000000000000e+00,0.000000000000000000e+00,0.000000000000000000e+00
4.000000000000000000e+00,3.686372460983912414e-02,3.000000000000000000e+00,5.898195937574259862e-01,3.397335480275146934e-04,3.993674464932781998e+00,1.000000000000000000e+00,1.000000000000000000e+00,0.000000000000000000e+00,0.000000000000000000e+00
4.000000000000000000e+00,3.686372460983912414e-02,4.000000000000000000e+00,5.898195937574259862e-01,3.397335480275146934e-04,3.993674464932781998e+00,1.000000000000000000e+00,1.000000000000000000e+00,1.000000000000000000e+00,1.000000000000000000e+00
4.000000000000000000e+00,3.759912858451906065e-02,1.000000000000000000e+00,6.015860573523049704e-01,3.534236175787995766e-04,3.973921585358441977e+00,1.000000000000000000e+00,1.000000000000000000e+00,0.000000000000000000e+00,0.000000000000000000e+00
4.000000000000000000e+00,3.759912858451906065e-02,2.000000000000000000e+00,6.015860573523049704e-01,3.534236175787995766e-04,3.973921585358441977e+00,1.000000000000000000e+00,1.000000000000000000e+00,0.000000000000000000e+00,0.000000000000000000e+00
4.000000000000000000e+00,3.759912858451906065e-02,3.000000000000000000e+00,6.015860573523049704e-01,3.534236175787995766e-04,3.973921585358441977e+00,1.000000000000000000e+00,1.000000000000000000e+00,0.000000000000000000e+00,0.000000000000000000e+00
4.000000000000000000e+00,3.759912858451906065e-02,4.000000000000000000e+00,6.015860573523049704e-01,3.534236175787995766e-04,3.973921585358441977e+00,1.000000000000000000e+00,1.000000000000000000e+00,1.000000000000000000e+00,1.000000000000000000e+00
4.000000000000000000e+00,3.834920332325496284e-02,1.000000000000000000e+00,6.135872531720794054e-01,3.676653488820873748e-04,3.954168705784101956e+00,1.000000000000000000e+00,1.000000000000000000e+00,0.000000000000000000e+00,0.000000000000000000e+00
4.000000000000000000e+00,3.834920332325496284e-02,2.000000000000000000e+00,6.135872531720794054e-01,3.676653488820873748e-04,3.954168705784101956e+00,1.000000000000000000e+00,1.000000000000000000e+00,0.000000000000000000e+00,0.000000000000000000e+00
4.000000000000000000e+00,3.834920332325496284e-02,3.000000000000000000e+00,6.135872531720794054e-01,3.676653488820873748e-04,3.954168705784101956e+00,1.000000000000000000e+00,1.000000000000000000e+00,0.000000000000000000e+00,0.000000000000000000e+00
4.000000000000000000e+00,3.834920332325496284e-02,4.000000000000000000e+00,6.135872531720794054e-01,3.676653488820873748e-04,3.954168705784101956e+00,1.000000000000000000e+00,1.000000000000000000e+00,1.000000000000000000e+00,1.000000000000000000e+00
4.000000000000000000e+00,3.911424149691264396e-02,1.000000000000000000e+00,6.258278639506023033e-01,3.824809719697007805e-04,3.934415826209761491e+00,1.000000000000000000e+00,1.000000000000000000e+00,0.000000000000000000e+00,0.000000000000000000e+00
4.000000000000000000e+00,3.911424149691264396e-02,2.000000000000000000e+00,6.258278639506023033e-01,3.824809719697007805e-04,3.934415826209761491e+00,1.000000000000000000e+00,1.000000000000000000e+00,0.000000000000000000e+00,0.000000000000000000e+00
4.000000000000000000e+00,3.911424149691264396e-02,3.000000000000000000e+00,6.258278639506023033e-01,3.824809719697007805e-04,3.934415826209761491e+00,1.000000000000000000e+00,1.000000000000000000e+00,0.000000000000000000e+00,0.000000000000000000e+00
4.000000000000000000e+00,3.911424149691264396e-02,4.000000000000000000e+00,6.258278639506023033e-01,3.824809719697007805e-04,3.934415826209761491e+00,1.000000000000000000e+00,1.000000000000000000e+00,1.000000000000000000e+00,1.000000000000000000e+00
4.000000000000000000e+00,3.989454161492467232e-02,1.000000000000000000e+00,6.383126658387947572e-01,3.978936126662391054e-04,3.914662946635421914e+00,1.000000000000000000e+00,1.000000000000000000e+00,0.000000000000000000e+00,0.000000000000000000e+00
4.000000000000000000e+00,3.989454161492467232e-02,2.000000000000000000e+00,6.383126658387947572e-01,3.978936126662391054e-04,3.914662946635421914e+00,1.000000000000000000e+00,1.000000000000000000e+00,0.000000000000000000e+00,0.000000000000000000e+00
4.000000000000000000e+00,3.989454161492467232e-02,3.000000000000000000e+00,6.383126658387947572e-01,3.978936126662391054e-04,3.914662946635421914e+00,1.000000000000000000e+00,1.000000000000000000e+00,0.000000000000000000e+00,0.000000000000000000e+00
4.000000000000000000e+00,3.989454161492467232e-02,4.000000000000000000e+00,6.383126658387947572e-01,3.978936126662391054e-04,3.914662946635421914e+00,1.000000000000000000e+00,1.000000000000000000e+00,1.000000000000000000e+00,1.000000000000000000e+00
4.000000000000000000e+00,4.069040814176551335e-02,1.000000000000000000e+00,6.510465302682482136e-01,4.139273286858643022e-04,3.894910067061081893e+00,1.000000000000000000e+00,1.000000000000000000e+00,0.000000000000000000e+00,0.000000000000000000e+00
4.000000000000000000e+00,4.069040814176551335e-02,2.000000000000000000e+00,6.510465302682482136e-01,4.139273286858643022e-04,3.894910067061081893e+00,1.000000000000000000e+00,1.000000000000000000e+00,0.000000000000000000e+00,0.000000000000000000e+00
4.000000000000000000e+00,4.069040814176551335e-02,3.000000000000000000e+00,6.510465302682482136e-01,4.139273286858643022e-04,3.894910067061081893e+00,1.000000000000000000e+00,1.000000000000000000e+00,0.000000000000000000e+00,0.000000000000000000e+00
4.000000000000000000e+00,4.069040814176551335e-02,4.000000000000000000e+00,6.510465302682482136e-01,4.139273286858643022e-04,3.894910067061081893e+00,1.000000000000000000e+00,1.000000000000000000e+00,1.000000000000000000e+00,1.000000000000000000e+00
4.000000000000000000e+00,4.150215161575013939e-02,1.000000000000000000e+00,6.640344258520022303e-01,4.306071471841779914e-04,3.875157187486741428e+00,1.000000000000000000e+00,1.000000000000000000e+00,0.000000000000000000e+00,0.000000000000000000e+00
4.000000000000000000e+00,4.150215161575013939e-02,2.000000000000000000e+00,6.640344258520022303e-01,4.306071471841779914e-04,3.875157187486741428e+00,1.000000000000000000e+00,1.000000000000000000e+00,0.000000000000000000e+00,0.000000000000000000e+00
4.000000000000000000e+00,4.150215161575013939e-02,3.000000000000000000e+00,6.640344258520022303e-01,4.306071471841779914e-04,3.875157187486741428e+00,1.000000000000000000e+00,1.000000000000000000e+00,0.000000000000000000e+00,0.000000000000000000e+00
4.000000000000000000e+00,4.150215161575013939e-02,4.000000000000000000e+00,6.640344258520022303e-01,4.306071471841779914e-04,3.875157187486741428e+00,1.000000000000000000e+00,1.000000000000000000e+00,1.000000000000000000e+00,1.000000000000000000e+00
4.000000000000000000e+00,4.233008877020267430e-02,1.000000000000000000e+00,6.772814203232427888e-01,4.479591038233096483e-04,3.855404307912401851e+00,1.000000000000000000e+00,1.000000000000000000e+00,0.000000000000000000e+00,0.000000000000000000e+00
4.000000000000000000e+00,4.233008877020267430e-02,2.000000000000000000e+00,6.772814203232427888e-01,4.479591038233096483e-04,3.855404307912401851e+00,1.000000000000000000e+00,1.000000000000000000e+00,0.000000000000000000e+00,0.000000000000000000e+00
4.000000000000000000e+00,4.233008877020267430e-02,3.000000000000000000e+00,6.772814203232427888e-01,4.479591038233096483e-04,3.855404307912401851e+00,1.000000000000000000e+00,1.000000000000000000e+00,0.000000000000000000e+00,0.000000000000000000e+00
4.000000000000000000e+00,4.233008877020267430e-02,4.000000000000000000e+00,6.772814203232427888e-01,4.479591038233096483e-04,3.855404307912401851e+00,1.000000000000000000e+00,1.000000000000000000e+00,1.000000000000000000e+00,1.000000000000000000e+00
4.000000000000000000e+00,4.317454265704222943e-02,1.000000000000000000e+00,6.907926825126756709e-01,4.660102834111897992e-04,3.835651428338061830e+00,1.000000000000000000e+00,1.000000000000000000e+00,0.000000000000000000e+00,0.000000000000000000e+00
4.000000000000000000e+00,4.317454265704222943e-02,2.000000000000000000e+00,6.907926825126756709e-01,4.660102834111897992e-04,3.835651428338061830e+00,1.000000000000000000e+00,1.000000000000000000e+00,0.000000000000000000e+00,0.000000000000000000e+00
4.000000000000000000e+00,4.317454265704222943e-02,3.000000000000000000e+00,6.907926825126756709e-01,4.660102834111897992e-04,3.835651428338061830e+00,1.000000000000000000e+00,1.000000000000000000e+00,0.000000000000000000e+00,0.000000000000000000e+00
4.000000000000000000e+00,4.317454265704222943e-02,4.000000000000000000e+00,6.907926825126756709e-01,4.660102834111897992e-04,3.835651428338061830e+00,1.000000000000000000e+00,1.000000000000000000e+00,1.000000000000000000e+00,1.000000000000000000e+00
4.000000000000000000e+00,4.403584277283421888e-02,1.000000000000000000e+00,7.045734843653475021e-01,4.847888621784439216e-04,3.815898548763720921e+00,1.000000000000000000e+00,1.000000000000000000e+00,0.000000000000000000e+00,0.000000000000000000e+00
4.000000000000000000e+00,4.403584277283421888e-02,2.000000000000000000e+00,7.045734843653475021e-01,4.847888621784439216e-04,3.815898548763720921e+00,1.000000000000000000e+00,1.000000000000000000e+00,0.000000000000000000e+00,0.000000000000000000e+00
4.000000000000000000e+00,4.403584277283421888e-02,3.000000000000000000e+00,7.045734843653475021e-01,4.847888621784439216e-04,3.815898548763720921e+00,1.000000000000000000e+00,1.000000000000000000e+00,0.000000000000000000e+00,0.000000000000000000e+00
4.000000000000000000e+00,4.403584277283421888e-02,4.000000000000000000e+00,7.045734843653475021e-01,4.847888621784439216e-04,3.815898548763720921e+00,1.000000000000000000e+00,1.000000000000000000e+00,1.000000000000000000e+00,1.000000000000000000e+00
4.000000000000000000e+00,4.491432518735614943e-02,1.000000000000000000e+00,7.186292029976983908e-01,5.043241517588937595e-04,3.796145669189380900e+00,1.000000000000000000e+00,1.000000000000000000e+00,0.000000000000000000e+00,0.000000000000000000e+00
4.000000000000000000e+00,4.491432518735614943e-02,2.000000000000000000e+00,7.186292029976983908e-01,5.043241517588937595e-04,3.796145669189380900e+00,1.000000000000000000e+00,1.000000000000000000e+00,0.000000000000000000e+00,0.000000000000000000e+00
4.000000000000000000e+00,4.491432518735614943e-02,3.000000000000000000e+00,7.186292029976983908e-01,5.043241517588937595e-04,3.796145669189380900e+00,1.000000000000000000e+00,1.000000000000000000e+00,0.000000000000000000e+00,0.000000000000000000e+00
4.000000000000000000e+00,4.491432518735614943e-02,4.000000000000000000e+00,7.186292029976983908e-01,5.043241517588937595e-04,3.796145669189380900e+00,1.000000000000000000e+00,1.000000000000000000e+00,1.000000000000000000e+00,1.000000000000000000e+00
4.000000000000000000e+00,4.581033267472852527e-02,1.000000000000000000e+00,7.329653227956564043e-01,5.246466449423249460e-04,3.776392789615040879e+00,1.000000000000000000e+00,1.000000000000000000e+00,0.000000000000000000e+00,0.000000000000000000e+00
4.000000000000000000e+00,4.581033267472852527e-02,2.000000000000000000e+00,7.329653227956564043e-01,5.246466449423249460e-04,3.776392789615040879e+00,1.000000000000000000e+00,1.000000000000000000e+00,0.000000000000000000e+00,0.000000000000000000e+00
4.000000000000000000e+00,4.581033267472852527e-02,3.000000000000000000e+00,7.329653227956564043e-01,5.246466449423249460e-04,3.776392789615040879e+00,1.000000000000000000e+00,1.000000000000000000e+00,0.000000000000000000e+00,0.000000000000000000e+00
4.000000000000000000e+00,4.581033267472852527e-02,4.000000000000000000e+00,7.329653227956564043e-01,5.246466449423249460e-04,3.776392789615040879e+00,1.000000000000000000e+00,1.000000000000000000e+00,1.000000000000000000e+00,1.000000000000000000e+00
4.000000000000000000e+00,4.672421484716136192e-02,1.000000000000000000e+00,7.475874375545817907e-01,5.457880632709236155e-04,3.756639910040700858e+00,1.000000000000000000e+00,1.000000000000000000e+00,0.000000000000000000e+00,0.000000000000000000e+00
4.000000000000000000e+00,4.672421484716136192e-02,2.000000000000000000e+00,7.475874375545817907e-01,5.457880632709236155e-04,3.756639910040700858e+00,1.000000000000000000e+00,1.000000000000000000e+00,0.000000000000000000e+00,0.000000000000000000e+00
4.000000000000000000e+00,4.672421484716136192e-02,3.000000000000000000e+00,7.475874375545817907e-01,5.457880632709236155e-04,3.756639910040700858e+00,1.000000000000000000e+00,1.000000000000000000e+00,0.000000000000000000e+00,0.000000000000000000e+00
4.000000000000000000e+00,4.672421484716136192e-02,4.000000000000000000e+00,7.475874375545817907e-01,5.457880632709236155e-04,3.756639910040700858e+00,1.000000000000000000e+00,1.000000000000000000e+00,1.000000000000000000e+00,1.000000000000000000e+00
4.000000000000000000e+00,4.765632829136907944e-02,1.000000000000000000e+00,7.625012526619052711e-01,5.677814065536862824e-04,3.736887030466360837e+00,1.000000000000000000e+00,1.000000000000000000e+00,0.000000000000000000e+00,0.000000000000000000e+00
4.000000000000000000e+00,4.765632829136907944e-02,2.000000000000000000e+00,7.625012526619052711e-01,5.677814065536862824e-04,3.736887030466360837e+00,1.000000000000000000e+00,1.000000000000000000e+00,0.000000000000000000e+00,0.000000000000000000e+00
4.000000000000000000e+00,4.765632829136907944e-02,3.000000000000000000e+00,7.625012526619052711e-01,5.677814065536862824e-04,3.736887030466360837e+00,1.000000000000000000e+00,1.000000000000000000e+00,0.000000000000000000e+00,0.000000000000000000e+00
4.000000000000000000e+00,4.765632829136907944e-02,4.000000000000000000e+00,7.625012526619052711e-01,5.677814065536862824e-04,3.736887030466360837e+00,1.000000000000000000e+00,1.000000000000000000e+00,1.000000000000000000e+00,1.000000000000000000e+00
4.000000000000000000e+00,4.860703670770665646e-02,1.000000000000000000e+00,7.777125873233065034e-01,5.906610043760855688e-04,3.717134150892020816e+00,1.000000000000000000e+00,1.000000000000000000e+00,0.000000000000000000e+00,0.000000000000000000e+00
4.000000000000000000e+00,4.860703670770665646e-02,2.000000000000000000e+00,7.777125873233065034e-01,5.906610043760855688e-04,3.717134150892020816e+00,1.000000000000000000e+00,1.000000000000000000e+00,0.000000000000000000e+00,0.000000000000000000e+00
4.000000000000000000e+00,4.860703670770665646e-02,3.000000000000000000e+00,7.777125873233065034e-01,5.906610043760855688e-04,3.717134150892020816e+00,1.000000000000000000e+00,1.000000000000000000e+00,0.000000000000000000e+00,0.000000000000000000e+00
4.000000000000000000e+00,4.860703670770665646e-02,4.000000000000000000e+00,7.777125873233065034e-01,5.906610043760855688e-04,3.717134150892020816e+00,1.000000000000000000e+00,1.000000000000000000e+00,1.000000000000000000e+00,1.000000000000000000e+00
4.000000000000000000e+00,4.957671105208152212e-02,1.000000000000000000e+00,7.932273768333043540e-01,6.144625696853955096e-04,3.697381271317680795e+00,1.000000000000000000e+00,1.000000000000000000e+00,0.000000000000000000e+00,0.000000000000000000e+00
4.000000000000000000e+00,4.957671105208152212e-02,2.000000000000000000e+00,7.932273768333043540e-01,6.144625696853955096e-04,3.697381271317680795e+00,1.000000000000000000e+00,1.000000000000000000e+00,0.000000000000000000e+00,0.000000000000000000e+00
4.000000000000000000e+00,4.957671105208152212e-02,3.000000000000000000e+00,7.932273768333043540e-01,6.144625696853955096e-04,3.697381271317680795e+00,1.000000000000000000e+00,1.000000000000000000e+00,0.000000000000000000e+00,0.000000000000000000e+00
4.000000000000000000e+00,4.957671105208152212e-02,4.000000000000000000e+00,7.932273768333043540e-01,6.144625696853955096e-04,3.697381271317680795e+00,1.000000000000000000e+00,1.000000000000000000e+00,1.000000000000000000e+00,1.000000000000000000e+00
4.000000000000000000e+00,5.056572968069639878e-02,1.000000000000000000e+00,8.090516748911423806e-01,6.392232545353152039e-04,3.677628391743340774e+00,1.000000000000000000e+00,1.000000000000000000e+00,0.000000000000000000e+00,0.000000000000000000e+00
4.000000000000000000e+00,5.056572968069639878e-02,2.000000000000000000e+00,8.090516748911423806e-01,6.392232545353152039e-04,3.677628391743340774e+00,1.000000000000000000e+00,1.000000000000000000e+00,0.000000000000000000e+00,0.000000000000000000e+00
4.000000000000000000e+00,5.056572968069639878e-02,3.000000000000000000e+00,8.090516748911423806e-01,6.392232545353152039e-04,3.677628391743340774e+00,1.000000000000000000e+00,1.000000000000000000e+00,0.000000000000000000e+00,0.000000000000000000e+00
4.000000000000000000e+00,5.056572968069639878e-02,4.000000000000000000e+00,8.090516748911423806e-01,6.392232545353152039e-04,3.677628391743340774e+00,1.000000000000000000e+00,1.000000000000000000e+00,1.000000000000000000e+00,1.000000000000000000e+00
4.000000000000000000e+00,5.157447849767975850e-02,1.000000000000000000e+00,8.251916559628761361e-01,6.649817080769079066e-04,3.657875512169000753e+00,1.000000000000000000e+00,1.000000000000000000e+00,0.000000000000000000e+00,0.000000000000000000e+00
4.000000000000000000e+00,5.157447849767975850e-02,2.000000000000000000e+00,8.251916559628761361e-01,6.649817080769079066e-04,3.657875512169000753e+00,1.000000000000000000e+00,1.000000000000000000e+00,0.000000000000000000e+00,0.000000000000000000e+00
4.000000000000000000e+00,5.157447849767975850e-02,3.000000000000000000e+00,8.251916559628761361e-01,6.649817080769079066e-04,3.657875512169000753e+00,1.000000000000000000e+00,1.000000000000000000e+00,0.000000000000000000e+00,0.000000000000000000e+00
4.000000000000000000e+00,5.157447849767975850e-02,4.000000000000000000e+00,8.251916559628761361e-01,6.649817080769079066e-04,3.657875512169000753e+00,1.000000000000000000e+00,1.000000000000000000e+00,1.000000000000000000e+00,1.000000000000000000e+00
4.000000000000000000e+00,5.260335110566130568e-02,1.000000000000000000e+00,8.416536176905808908e-01,6.917781368863696332e-04,3.638122632594660288e+00,1.000000000000000000e+00,1.000000000000000000e+00,0.000000000000000000e+00,0.000000000000000000e+00
4.000000000000000000e+00,5.260335110566130568e-02,2.000000000000000000e+00,8.416536176905808908e-01,6.917781368863696332e-04,3.638122632594660288e+00,1.000000000000000000e+00,1.000000000000000000e+00,0.000000000000000000e+00,0.000000000000000000e+00
4.000000000000000000e+00,5.260335110566130568e-02,3.000000000000000000e+00,8.416536176905808908e-01,6.917781368863696332e-04,3.638122632594660288e+00,1.000000000000000000e+00,1.000000000000000000e+00,0.000000000000000000e+00,0.000000000000000000e+00
4.000000000000000000e+00,5.260335110566130568e-02,4.000000000000000000e+00,8.416536176905808908e-01,6.917781368863696332e-04,3.638122632594660288e+00,1.000000000000000000e+00,1.000000000000000000e+00,1.000000000000000000e+00,1.000000000000000000e+00
4.000000000000000000e+00,5.365274895935139010e-02,1.000000000000000000e+00,8.584439833496222416e-01,7.196543677237954425e-04,3.618369753020320712e+00,1.000000000000000000e+00,1.000000000000000000e+00,0.000000000000000000e+00,0.000000000000000000e+00
4.000000000000000000e+00,5.365274895935139010e-02,2.000000000000000000e+00,8.584439833496222416e-01,7.196543677237954425e-04,3.618369753020320712e+00,1.000000000000000000e+00,1.000000000000000000e+00,0.000000000000000000e+00,0.000000000000000000e+00
4.000000000000000000e+00,5.365274895935139010e-02,3.000000000000000000e+00,8.584439833496222416e-01,7.196543677237954425e-04,3.618369753020320712e+00,1.000000000000000000e+00,1.000000000000000000e+00,0.000000000000000000e+00,0.000000000000000000e+00
4.000000000000000000e+00,5.365274895935139010e-02,4.000000000000000000e+00,8.584439833496222416e-01,7.196543677237954425e-04,3.618369753020320712e+00,1.000000000000000000e+00,1.000000000000000000e+00,1.000000000000000000e+00,1.000000000000000000e+00
4.000000000000000000e+00,5.472308152218419847e-02,1.000000000000000000e+00,8.755693043549471755e-01,7.486539128209044247e-04,3.598616873445980691e+00,1.000000000000000000e+00,1.000000000000000000e+00,0.000000000000000000e+00,0.000000000000000000e+00
4.000000000000000000e+00,5.472308152218419847e-02,2.000000000000000000e+00,8.755693043549471755e-01,7.486539128209044247e-04,3.598616873445980691e+00,1.000000000000000000e+00,1.000000000000000000e+00,0.000000000000000000e+00,0.000000000000000000e+00
4.000000000000000000e+00,5.472308152218419847e-02,3.000000000000000000e+00,8.755693043549471755e-01,7.486539128209044247e-04,3.598616873445980691e+00,1.000000000000000000e+00,1.000000000000000000e+00,0.000000000000000000e+00,0.000000000000000000e+00
4.000000000000000000e+00,5.472308152218419847e-02,4.000000000000000000e+00,8.755693043549471755e-01,7.486539128209044247e-04,3.598616873445980691e+00,1.000000000000000000e+00,1.000000000000000000e+00,1.000000000000000000e+00,1.000000000000000000e+00
4.000000000000000000e+00,5.581476642608583505e-02,1.000000000000000000e+00,8.930362628173733608e-01,7.788220377996296151e-04,3.578863993871640670e+00,1.000000000000000000e+00,1.000000000000000000e+00,0.000000000000000000e+00,0.000000000000000000e+00
4.000000000000000000e+00,5.581476642608583505e-02,2.000000000000000000e+00,8.930362628173733608e-01,7.788220377996296151e-04,3.578863993871640670e+00,1.000000000000000000e+00,1.000000000000000000e+00,0.000000000000000000e+00,0.000000000000000000e+00
4.000000000000000000e+00,5.581476642608583505e-02,3.000000000000000000e+00,8.930362628173733608e-01,7.788220377996296151e-04,3.578863993871640670e+00,1.000000000000000000e+00,1.000000000000000000e+00,0.000000000000000000e+00,0.000000000000000000e+00
4.000000000000000000e+00,5.581476642608583505e-02,4.000000000000000000e+00,8.930362628173733608e-01,7.788220377996296151e-04,3.578863993871640670e+00,1.000000000000000000e+00,1.000000000000000000e+00,1.000000000000000000e+00,1.000000000000000000e+00
4.000000000000000000e+00,5.692822963442969314e-02,1.000000000000000000e+00,9.108516741508750902e-01,8.102058323275898111e-04,3.559111114297300649e+00,1.000000000000000000e+00,1.000000000000000000e+00,0.000000000000000000e+00,0.000000000000000000e+00
4.000000000000000000e+00,5.692822963442969314e-02,2.000000000000000000e+00,9.108516741508750902e-01,8.102058323275898111e-04,3.559111114297300649e+00,1.000000000000000000e+00,1.000000000000000000e+00,0.000000000000000000e+00,0.000000000000000000e+00
4.000000000000000000e+00,5.692822963442969314e-02,3.000000000000000000e+00,9.108516741508750902e-01,8.102058323275898111e-04,3.559111114297300649e+00,1.000000000000000000e+00,1.000000000000000000e+00,0.000000000000000000e+00,0.000000000000000000e+00
4.000000000000000000e+00,5.692822963442969314e-02,4.000000000000000000e+00,9.108516741508750902e-01,8.102058323275898111e-04,3.559111114297300649e+00,1.000000000000000000e+00,1.000000000000000000e+00,1.000000000000000000e+00,1.000000000000000000e+00
4.000000000000000000e+00,5.806390560824268438e-02,1.000000000000000000e+00,9.290224897318829500e-01,8.428542836207290933e-04,3.539358234722959740e+00,1.000000000000000000e+00,1.000000000000000000e+00,0.000000000000000000e+00,0.000000000000000000e+00
4.000000000000000000e+00,5.806390560824268438e-02,2.000000000000000000e+00,9.290224897318829500e-01,8.428542836207290933e-04,3.539358234722959740e+00,1.000000000000000000e+00,1.000000000000000000e+00,0.000000000000000000e+00,0.000000000000000000e+00
4.000000000000000000e+00,5.806390560824268438e-02,3.000000000000000000e+00,9.290224897318829500e-01,8.428542836207290933e-04,3.539358234722959740e+00,1.000000000000000000e+00,1.000000000000000000e+00,0.000000000000000000e+00,0.000000000000000000e+00
4.000000000000000000e+00,5.806390560824268438e-02,4.000000000000000000e+00,9.290224897318829500e-01,8.428542836207290933e-04,3.539358234722959740e+00,1.000000000000000000e+00,1.000000000000000000e+00,1.000000000000000000e+00,1.000000000000000000e+00
4.000000000000000000e+00,5.922223747572700342e-02,1.000000000000000000e+00,9.475557996116320547e-01,8.768183529078509659e-04,3.519605355148619719e+00,1.000000000000000000e+00,1.000000000000000000e+00,0.000000000000000000e+00,0.000000000000000000e+00
4.000000000000000000e+00,5.922223747572700342e-02,2.000000000000000000e+00,9.475557996116320547e-01,8.768183529078509659e-04,3.519605355148619719e+00,1.000000000000000000e+00,1.000000000000000000e+00,0.000000000000000000e+00,0.000000000000000000e+00
4.000000000000000000e+00,5.922223747572700342e-02,3.000000000000000000e+00,9.475557996116320547e-01,8.768183529078509659e-04,3.519605355148619719e+00,1.000000000000000000e+00,1.000000000000000000e+00,0.000000000000000000e+00,0.000000000000000000e+00
4.000000000000000000e+00,5.922223747572700342e-02,4.000000000000000000e+00,9.475557996116320547e-01,8.768183529078509659e-04,3.519605355148619719e+00,1.000000000000000000e+00,1.000000000000000000e+00,1.000000000000000000e+00,1.000000000000000000e+00
4.000000000000000000e+00,6.040367720516401362e-02,1.000000000000000000e+00,9.664588352826242179e-01,9.121510549764126792e-04,3.499852475574279698e+00,1.000000000000000000e+00,1.000000000000000000e+00,0.000000000000000000e+00,0.000000000000000000e+00
4.000000000000000000e+00,6.040367720516401362e-02,2.000000000000000000e+00,9.664588352826242179e-01,9.121510549764126792e-04,3.499852475574279698e+00,1.000000000000000000e+00,1.000000000000000000e+00,0.000000000000000000e+00,0.000000000000000000e+00
4.000000000000000000e+00,6.040367720516401362e-02,3.000000000000000000e+00,9.664588352826242179e-01,9.121510549764126792e-04,3.499852475574279698e+00,1.000000000000000000e+00,1.000000000000000000e+00,0.000000000000000000e+00,0.000000000000000000e+00
4.000000000000000000e+00,6.040367720516401362e-02,4.000000000000000000e+00,9.664588352826242179e-01,9.121510549764126792e-04,3.499852475574279698e+00,1.000000000000000000e+00,1.000000000000000000e+00,1.000000000000000000e+00,1.000000000000000000e+00
4.000000000000000000e+00,6.160868578126718620e-02,1.000000000000000000e+00,9.857389725002749792e-01,9.489075409237283628e-04,3.480099595999939677e+00,1.000000000000000000e+00,1.000000000000000000e+00,0.000000000000000000e+00,0.000000000000000000e+00
4.000000000000000000e+00,6.160868578126718620e-02,2.000000000000000000e+00,9.857389725002749792e-01,9.489075409237283628e-04,3.480099595999939677e+00,1.000000000000000000e+00,1.000000000000000000e+00,0.000000000000000000e+00,0.000000000000000000e+00
4.000000000000000000e+00,6.160868578126718620e-02,3.000000000000000000e+00,9.857389725002749792e-01,9.489075409237283628e-04,3.480099595999939677e+00,1.000000000000000000e+00,1.000000000000000000e+00,0.000000000000000000e+00,0.000000000000000000e+00
4.000000000000000000e+00,6.160868578126718620e-02,4.000000000000000000e+00,9.857389725002749792e-01,9.489075409237283628e-04,3.480099595999939677e+00,1.000000000000000000e+00,1.000000000000000000e+00,1.000000000000000000e+00,1.000000000000000000e+00
4.000000000000000000e+00,6.283773338505323214e-02,1.000000000000000000e+00,1.005403734160851714e+00,9.871451842427584559e-04,3.460346716425599656e+00,0.000000000000000000e+00,1.000000000000000000e+00,0.000000000000000000e+00,0.000000000000000000e+00
4.000000000000000000e+00,6.283773338505323214e-02,2.000000000000000000e+00,1.005403734160851714e+00,9.871451842427584559e-04,3.460346716425599656e+00,0.000000000000000000e+00,1.000000000000000000e+00,0.000000000000000000e+00,0.000000000000000000e+00
4.000000000000000000e+00,6.283773338505323214e-02,3.000000000000000000e+00,1.005403734160851714e+00,9.871451842427584559e-04,3.460346716425599656e+00,0.000000000000000000e+00,1.000000000000000000e+00,0.000000000000000000e+00,0.000000000000000000e+00
4.000000000000000000e+00,6.283773338505323214e-02,4.000000000000000000e+00,1.005403734160851714e+00,9.871451842427584559e-04,3.460346716425599656e+00,0.000000000000000000e+00,1.000000000000000000e+00,1.000000000000000000e+00,0.000000000000000000e+00
4.000000000000000000e+00,6.409129957730154425e-02,1.000000000000000000e+00,1.025460793236824708e+00,1.026923670376853320e-03,3.440593836851259635e+00,0.000000000000000000e+00,1.000000000000000000e+00,0.000000000000000000e+00,0.000000000000000000e+00
4.000000000000000000e+00,6.409129957730154425e-02,2.000000000000000000e+00,1.025460793236824708e+00,1.026923670376853320e-03,3.440593836851259635e+00,0.000000000000000000e+00,1.000000000000000000e+00,0.000000000000000000e+00,0.000000000000000000e+00
4.000000000000000000e+00,6.409129957730154425e-02,3.000000000000000000e+00,1.025460793236824708e+00,1.026923670376853320e-03,3.440593836851259635e+00,0.000000000000000000e+00,1.000000000000000000e+00,0.000000000000000000e+00,0.000000000000000000e+00
4.000000000000000000e+00,6.409129957730154425e-02,4.000000000000000000e+00,1.025460793236824708e+00,1.026923670376853320e-03,3.440593836851259635e+00,0.000000000000000000e+00,1.000000000000000000e+00,1.000000000000000000e+00,0.000000000000000000e+00
4.000000000000000000e+00,6.536987348567352418e-02,1.000000000000000000e+00,1.045917975770776387e+00,1.068305089883240687e-03,3.420840957276919614e+00,0.000000000000000000e+00,1.000000000000000000e+00,0.000000000000000000e+00,0.000000000000000000e+00
4.000000000000000000e+00,6.536987348567352418e-02,2.000000000000000000e+00,1.045917975770776387e+00,1.068305089883240687e-03,3.420840957276919614e+00,0.000000000000000000e+00,1.000000000000000000e+00,0.000000000000000000e+00,0.000000000000000000e+00
4.000000000000000000e+00,6.536987348567352418e-02,3.000000000000000000e+00,1.045917975770776387e+00,1.068305089883240687e-03,3.420840957276919614e+00,0.000000000000000000e+00,1.000000000000000000e+00,0.000000000000000000e+00,0.000000000000000000e+00
4.000000000000000000e+00,6.536987348567352418e-02,4.000000000000000000e+00,1.045917975770776387e+00,1.068305089883240687e-03,3.420840957276919614e+00,0.000000000000000000e+00,1.000000000000000000e+00,1.000000000000000000e+00,0.000000000000000000e+00
4.000000000000000000e+00,6.667395399556474977e-02,1.000000000000000000e+00,1.066783263929035996e+00,1.111354035350671119e-03,3.401088077702579593e+00,0.000000000000000000e+00,1.000000000000000000e+00,0.000000000000000000e+00,0.000000000000000000e+00
4.000000000000000000e+00,6.667395399556474977e-02,2.000000000000000000e+00,1.066783263929035996e+00,1.111354035350671119e-03,3.401088077702579593e+00,0.000000000000000000e+00,1.000000000000000000e+00,0.000000000000000000e+00,0.000000000000000000e+00
4.000000000000000000e+00,6.667395399556474977e-02,3.000000000000000000e+00,1.066783263929035996e+00,1.111354035350671119e-03,3.401088077702579593e+00,0.000000000000000000e+00,1.000000000000000000e+00,0.000000000000000000e+00,0.000000000000000000e+00
4.000000000000000000e+00,6.667395399556474977e-02,4.000000000000000000e+00,1.066783263929035996e+00,1.111354035350671119e-03,3.401088077702579593e+00,0.000000000000000000e+00,1.000000000000000000e+00,1.000000000000000000e+00,0.000000000000000000e+00
4.000000000000000000e+00,6.800404994476459686e-02,1.000000000000000000e+00,1.088064799116233550e+00,1.156137702222509531e-03,3.381335198128239572e+00,0.000000000000000000e+00,1.000000000000000000e+00,0.000000000000000000e+00,0.000000000000000000e+00
4.000000000000000000e+00,6.800404994476459686e-02,2.000000000000000000e+00,1.088064799116233550e+00,1.156137702222509531e-03,3.381335198128239572e+00,0.000000000000000000e+00,1.000000000000000000e+00,0.000000000000000000e+00,0.000000000000000000e+00
4.000000000000000000e+00,6.800404994476459686e-02,3.000000000000000000e+00,1.088064799116233550e+00,1.156137702222509531e-03,3.381335198128239572e+00,0.000000000000000000e+00,1.000000000000000000e+00,0.000000000000000000e+00,0.000000000000000000e+00
4.000000000000000000e+00,6.800404994476459686e-02,4.000000000000000000e+00,1.088064799116233550e+00,1.156137702222509531e-03,3.381335198128239572e+00,0.000000000000000000e+00,1.000000000000000000e+00,1.000000000000000000e+00,0.000000000000000000e+00
4.000000000000000000e+00,6.936068032199904643e-02,1.000000000000000000e+00,1.109770885151984743e+00,1.202725993682636366e-03,3.361582318553899551e+00,0.000000000000000000e+00,1.000000000000000000e+00,0.000000000000000000e+00,0.000000000000000000e+00
4.000000000000000000e+00,6.936068032199904643e-02,2.000000000000000000e+00,1.109770885151984743e+00,1.202725993682636366e-03,3.361582318553899551e+00,0.000000000000000000e+00,1.000000000000000000e+00,0.000000000000000000e+00,0.000000000000000000e+00
4.000000000000000000e+00,6.936068032199904643e-02,3.000000000000000000e+00,1.109770885151984743e+00,1.202725993682636366e-03,3.361582318553899551e+00,0.000000000000000000e+00,1.000000000000000000e+00,0.000000000000000000e+00,0.000000000000000000e+00
4.000000000000000000e+00,6.936068032199904643e-02,4.000000000000000000e+00,1.109770885151984743e+00,1.202725993682636366e-03,3.361582318553899551e+00,0.000000000000000000e+00,1.000000000000000000e+00,1.000000000000000000e+00,0.000000000000000000e+00
4.000000000000000000e+00,7.074437446943439289e-02,1.000000000000000000e+00,1.131909991510950286e+00,1.251191629767890202e-03,3.341829438979559530e+00,0.000000000000000000e+00,1.000000000000000000e+00,0.000000000000000000e+00,0.000000000000000000e+00
4.000000000000000000e+00,7.074437446943439289e-02,2.000000000000000000e+00,1.131909991510950286e+00,1.251191629767890202e-03,3.341829438979559530e+00,0.000000000000000000e+00,1.000000000000000000e+00,0.000000000000000000e+00,0.000000000000000000e+00
4.000000000000000000e+00,7.074437446943439289e-02,3.000000000000000000e+00,1.131909991510950286e+00,1.251191629767890202e-03,3.341829438979559530e+00,0.000000000000000000e+00,1.000000000000000000e+00,0.000000000000000000e+00,0.000000000000000000e+00
4.000000000000000000e+00,7.074437446943439289e-02,4.000000000000000000e+00,1.131909991510950286e+00,1.251191629767890202e-03,3.341829438979559530e+00,0.000000000000000000e+00,1.000000000000000000e+00,1.000000000000000000e+00,0.000000000000000000e+00
4.000000000000000000e+00,7.215567228922069309e-02,1.000000000000000000e+00,1.154490756627531090e+00,1.301610260877352843e-03,3.322076559405219065e+00,0.000000000000000000e+00,1.000000000000000000e+00,0.000000000000000000e+00,0.000000000000000000e+00
4.000000000000000000e+00,7.215567228922069309e-02,2.000000000000000000e+00,1.154490756627531090e+00,1.301610260877352843e-03,3.322076559405219065e+00,0.000000000000000000e+00,1.000000000000000000e+00,0.000000000000000000e+00,0.000000000000000000e+00
4.000000000000000000e+00,7.215567228922069309e-02,3.000000000000000000e+00,1.154490756627531090e+00,1.301610260877352843e-03,3.322076559405219065e+00,0.000000000000000000e+00,1.000000000000000000e+00,0.000000000000000000e+00,0.000000000000000000e+00
4.000000000000000000e+00,7.215567228922069309e-02,4.000000000000000000e+00,1.154490756627531090e+00,1.301610260877352843e-03,3.322076559405219065e+00,0.000000000000000000e+00,1.000000000000000000e+00,1.000000000000000000e+00,0.000000000000000000e+00
4.000000000000000000e+00,7.359512445415555826e-02,1.000000000000000000e+00,1.177521991266488932e+00,1.354060585855661322e-03,3.302323679830879488e+00,0.000000000000000000e+00,1.000000000000000000e+00,0.000000000000000000e+00,0.000000000000000000e+00
4.000000000000000000e+00,7.359512445415555826e-02,2.000000000000000000e+00,1.177521991266488932e+00,1.354060585855661322e-03,3.302323679830879488e+00,0.000000000000000000e+00,1.000000000000000000e+00,0.000000000000000000e+00,0.000000000000000000e+00
4.000000000000000000e+00,7.359512445415555826e-02,3.000000000000000000e+00,1.177521991266488932e+00,1.354060585855661322e-03,3.302323679830879488e+00,0.000000000000000000e+00,1.000000000000000000e+00,0.000000000000000000e+00,0.000000000000000000e+00
4.000000000000000000e+00,7.359512445415555826e-02,4.000000000000000000e+00,1.177521991266488932e+00,1.354060585855661322e-03,3.302323679830879488e+00,0.000000000000000000e+00,1.000000000000000000e+00,1.000000000000000000e+00,0.000000000000000000e+00
4.000000000000000000e+00,7.506329262255070911e-02,1.000000000000000000e+00,1.201012681960811346e+00,1.408624474834669011e-03,3.282570800256539467e+00,0.000000000000000000e+00,1.000000000000000000e+00,0.000000000000000000e+00,0.000000000000000000e+00
4.000000000000000000e+00,7.506329262255070911e-02,2.000000000000000000e+00,1.201012681960811346e+00,1.408624474834669011e-03,3.282570800256539467e+00,0.000000000000000000e+00,1.000000000000000000e+00,0.000000000000000000e+00,0.000000000000000000e+00
4.000000000000000000e+00,7.506329262255070911e-02,3.000000000000000000e+00,1.201012681960811346e+00,1.408624474834669011e-03,3.282570800256539467e+00,0.000000000000000000e+00,1.000000000000000000e+00,0.000000000000000000e+00,0.000000000000000000e+00
4.000000000000000000e+00,7.506329262255070911e-02,4.000000000000000000e+00,1.201012681960811346e+00,1.408624474834669011e-03,3.282570800256539467e+00,0.000000000000000000e+00,1.000000000000000000e+00,1.000000000000000000e+00,0.000000000000000000e+00
4.000000000000000000e+00,7.656074965738476901e-02,1.000000000000000000e+00,1.224971994518156304e+00,1.465387097025185482e-03,3.262817920682198558e+00,0.000000000000000000e+00,1.000000000000000000e+00,0.000000000000000000e+00,0.000000000000000000e+00
4.000000000000000000e+00,7.656074965738476901e-02,2.000000000000000000e+00,1.224971994518156304e+00,1.465387097025185482e-03,3.262817920682198558e+00,0.000000000000000000e+00,1.000000000000000000e+00,0.000000000000000000e+00,0.000000000000000000e+00
4.000000000000000000e+00,7.656074965738476901e-02,3.000000000000000000e+00,1.224971994518156304e+00,1.465387097025185482e-03,3.262817920682198558e+00,0.000000000000000000e+00,1.000000000000000000e+00,0.000000000000000000e+00,0.000000000000000000e+00
4.000000000000000000e+00,7.656074965738476901e-02,4.000000000000000000e+00,1.224971994518156304e+00,1.465387097025185482e-03,3.262817920682198558e+00,0.000000000000000000e+00,1.000000000000000000e+00,1.000000000000000000e+00,0.000000000000000000e+00
4.000000000000000000e+00,7.808807984982790718e-02,1.000000000000000000e+00,1.249409277597246515e+00,1.524437053658274886e-03,3.243065041107858537e+00,0.000000000000000000e+00,1.000000000000000000e+00,0.000000000000000000e+00,0.000000000000000000e+00
4.000000000000000000e+00,7.808807984982790718e-02,2.000000000000000000e+00,1.249409277597246515e+00,1.524437053658274886e-03,3.243065041107858537e+00,0.000000000000000000e+00,1.000000000000000000e+00,0.000000000000000000e+00,0.000000000000000000e+00
4.000000000000000000e+00,7.808807984982790718e-02,3.000000000000000000e+00,1.249409277597246515e+00,1.524437053658274886e-03,3.243065041107858537e+00,0.000000000000000000e+00,1.000000000000000000e+00,0.000000000000000000e+00,0.000000000000000000e+00
4.000000000000000000e+00,7.808807984982790718e-02,4.000000000000000000e+00,1.249409277597246515e+00,1.524437053658274886e-03,3.243065041107858537e+00,0.000000000000000000e+00,1.000000000000000000e+00,1.000000000000000000e+00,0.000000000000000000e+00
4.000000000000000000e+00,7.964587914722609518e-02,1.000000000000000000e+00,1.274334066355617523e+00,1.585866516283636080e-03,3.223312161533518516e+00,0.000000000000000000e+00,1.000000000000000000e+00,0.000000000000000000e+00,0.000000000000000000e+00
4.000000000000000000e+00,7.964587914722609518e-02,2.000000000000000000e+00,1.274334066355617523e+00,1.585866516283636080e-03,3.223312161533518516e+00,0.000000000000000000e+00,1.000000000000000000e+00,0.000000000000000000e+00,0.000000000000000000e+00
4.000000000000000000e+00,7.964587914722609518e-02,3.000000000000000000e+00,1.274334066355617523e+00,1.585866516283636080e-03,3.223312161533518516e+00,0.000000000000000000e+00,1.000000000000000000e+00,0.000000000000000000e+00,0.000000000000000000e+00
4.000000000000000000e+00,7.964587914722609518e-02,4.000000000000000000e+00,1.274334066355617523e+00,1.585866516283636080e-03,3.223312161533518516e+00,0.000000000000000000e+00,1.000000000000000000e+00,1.000000000000000000e+00,0.000000000000000000e+00
4.000000000000000000e+00,8.123475538563297571e-02,1.000000000000000000e+00,1.299756086170127611e+00,1.649771370640906384e-03,3.203559281959178495e+00,0.000000000000000000e+00,1.000000000000000000e+00,0.000000000000000000e+00,0.000000000000000000e+00
4.000000000000000000e+00,8.123475538563297571e-02,2.000000000000000000e+00,1.299756086170127611e+00,1.649771370640906384e-03,3.203559281959178495e+00,0.000000000000000000e+00,1.000000000000000000e+00,0.000000000000000000e+00,0.000000000000000000e+00
4.000000000000000000e+00,8.123475538563297571e-02,3.000000000000000000e+00,1.299756086170127611e+00,1.649771370640906384e-03,3.203559281959178495e+00,0.000000000000000000e+00,1.000000000000000000e+00,0.000000000000000000e+00,0.000000000000000000e+00
4.000000000000000000e+00,8.123475538563297571e-02,4.000000000000000000e+00,1.299756086170127611e+00,1.649771370640906384e-03,3.203559281959178495e+00,0.000000000000000000e+00,1.000000000000000000e+00,1.000000000000000000e+00,0.000000000000000000e+00
4.000000000000000000e+00,8.285532852698077044e-02,1.000000000000000000e+00,1.325685256431692327e+00,1.716251366328478420e-03,3.183806402384838474e+00,0.000000000000000000e+00,1.000000000000000000e+00,0.000000000000000000e+00,0.000000000000000000e+00
4.000000000000000000e+00,8.285532852698077044e-02,2.000000000000000000e+00,1.325685256431692327e+00,1.716251366328478420e-03,3.183806402384838474e+00,0.000000000000000000e+00,1.000000000000000000e+00,0.000000000000000000e+00,0.000000000000000000e+00
4.000000000000000000e+00,8.285532852698077044e-02,3.000000000000000000e+00,1.325685256431692327e+00,1.716251366328478420e-03,3.183806402384838474e+00,0.000000000000000000e+00,1.000000000000000000e+00,0.000000000000000000e+00,0.000000000000000000e+00
4.000000000000000000e+00,8.285532852698077044e-02,4.000000000000000000e+00,1.325685256431692327e+00,1.716251366328478420e-03,3.183806402384838474e+00,0.000000000000000000e+00,1.000000000000000000e+00,1.000000000000000000e+00,0.000000000000000000e+00
4.000000000000000000e+00,8.450823090098262547e-02,1.000000000000000000e+00,1.352131694415722007e+00,1.785410272503448704e-03,3.164053522810498453e+00,0.000000000000000000e+00,1.000000000000000000e+00,0.000000000000000000e+00,0.000000000000000000e+00
4.000000000000000000e+00,8.450823090098262547e-02,2.000000000000000000e+00,1.352131694415722007e+00,1.785410272503448704e-03,3.164053522810498453e+00,0.000000000000000000e+00,1.000000000000000000e+00,0.000000000000000000e+00,0.000000000000000000e+00
4.000000000000000000e+00,8.450823090098262547e-02,3.000000000000000000e+00,1.352131694415722007e+00,1.785410272503448704e-03,3.164053522810498453e+00,0.000000000000000000e+00,1.000000000000000000e+00,0.000000000000000000e+00,0.000000000000000000e+00
4.000000000000000000e+00,8.450823090098262547e-02,4.000000000000000000e+00,1.352131694415722007e+00,1.785410272503448704e-03,3.164053522810498453e+00,0.000000000000000000e+00,1.000000000000000000e+00,1.000000000000000000e+00,0.000000000000000000e+00
4.000000000000000000e+00,8.619410745186065204e-02,1.000000000000000000e+00,1.379105719229770433e+00,1.857356039855724951e-03,3.144300643236158432e+00,0.000000000000000000e+00,1.000000000000000000e+00,0.000000000000000000e+00,0.000000000000000000e+00
4.000000000000000000e+00,8.619410745186065204e-02,2.000000000000000000e+00,1.379105719229770433e+00,1.857356039855724951e-03,3.144300643236158432e+00,0.000000000000000000e+00,1.000000000000000000e+00,0.000000000000000000e+00,0.000000000000000000e+00
4.000000000000000000e+00,8.619410745186065204e-02,3.000000000000000000e+00,1.379105719229770433e+00,1.857356039855724951e-03,3.144300643236158432e+00,0.000000000000000000e+00,1.000000000000000000e+00,0.000000000000000000e+00,0.000000000000000000e+00
4.000000000000000000e+00,8.619410745186065204e-02,4.000000000000000000e+00,1.379105719229770433e+00,1.857356039855724951e-03,3.144300643236158432e+00,0.000000000000000000e+00,1.000000000000000000e+00,1.000000000000000000e+00,0.000000000000000000e+00
4.000000000000000000e+00,8.791361598999597460e-02,1.000000000000000000e+00,1.406617855839935594e+00,1.932200969109118928e-03,3.124547763661818411e+00,0.000000000000000000e+00,1.000000000000000000e+00,0.000000000000000000e+00,0.000000000000000000e+00
4.000000000000000000e+00,8.791361598999597460e-02,2.000000000000000000e+00,1.406617855839935594e+00,1.932200969109118928e-03,3.124547763661818411e+00,0.000000000000000000e+00,1.000000000000000000e+00,0.000000000000000000e+00,0.000000000000000000e+00
4.000000000000000000e+00,8.791361598999597460e-02,3.000000000000000000e+00,1.406617855839935594e+00,1.932200969109118928e-03,3.124547763661818411e+00,0.000000000000000000e+00,1.000000000000000000e+00,0.000000000000000000e+00,0.000000000000000000e+00
4.000000000000000000e+00,8.791361598999597460e-02,4.000000000000000000e+00,1.406617855839935594e+00,1.932200969109118928e-03,3.124547763661818411e+00,0.000000000000000000e+00,1.000000000000000000e+00,1.000000000000000000e+00,0.000000000000000000e+00
4.000000000000000000e+00,8.966742744859919345e-02,1.000000000000000000e+00,1.434678839177587095e+00,2.010061886312450134e-03,3.104794884087478390e+00,0.000000000000000000e+00,1.000000000000000000e+00,0.000000000000000000e+00,0.000000000000000000e+00
4.000000000000000000e+00,8.966742744859919345e-02,2.000000000000000000e+00,1.434678839177587095e+00,2.010061886312450134e-03,3.104794884087478390e+00,0.000000000000000000e+00,1.000000000000000000e+00,0.000000000000000000e+00,0.000000000000000000e+00
4.000000000000000000e+00,8.966742744859919345e-02,3.000000000000000000e+00,1.434678839177587095e+00,2.010061886312450134e-03,3.104794884087478390e+00,0.000000000000000000e+00,1.000000000000000000e+00,0.000000000000000000e+00,0.000000000000000000e+00
4.000000000000000000e+00,8.966742744859919345e-02,4.000000000000000000e+00,1.434678839177587095e+00,2.010061886312450134e-03,3.104794884087478390e+00,0.000000000000000000e+00,1.000000000000000000e+00,1.000000000000000000e+00,0.000000000000000000e+00
4.000000000000000000e+00,9.145622614550093232e-02,1.000000000000000000e+00,1.463299618328014917e+00,2.091060325194252223e-03,3.085042004513138370e+00,0.000000000000000000e+00,1.000000000000000000e+00,0.000000000000000000e+00,0.000000000000000000e+00
4.000000000000000000e+00,9.145622614550093232e-02,2.000000000000000000e+00,1.463299618328014917e+00,2.091060325194252223e-03,3.085042004513138370e+00,0.000000000000000000e+00,1.000000000000000000e+00,0.000000000000000000e+00,0.000000000000000000e+00
4.000000000000000000e+00,9.145622614550093232e-02,3.000000000000000000e+00,1.463299618328014917e+00,2.091060325194252223e-03,3.085042004513138370e+00,0.000000000000000000e+00,1.000000000000000000e+00,0.000000000000000000e+00,0.000000000000000000e+00
4.000000000000000000e+00,9.145622614550093232e-02,4.000000000000000000e+00,1.463299618328014917e+00,2.091060325194252223e-03,3.085042004513138370e+00,0.000000000000000000e+00,1.000000000000000000e+00,1.000000000000000000e+00,0.000000000000000000e+00
4.000000000000000000e+00,9.328071005016523587e-02,1.000000000000000000e+00,1.492491360802643774e+00,2.175322716865749420e-03,3.065289124938798349e+00,0.000000000000000000e+00,1.000000000000000000e+00,0.000000000000000000e+00,0.000000000000000000e+00
4.000000000000000000e+00,9.328071005016523587e-02,2.000000000000000000e+00,1.492491360802643774e+00,2.175322716865749420e-03,3.065289124938798349e+00,0.000000000000000000e+00,1.000000000000000000e+00,0.000000000000000000e+00,0.000000000000000000e+00
4.000000000000000000e+00,9.328071005016523587e-02,3.000000000000000000e+00,1.492491360802643774e+00,2.175322716865749420e-03,3.065289124938798349e+00,0.000000000000000000e+00,1.000000000000000000e+00,0.000000000000000000e+00,0.000000000000000000e+00
4.000000000000000000e+00,9.328071005016523587e-02,4.000000000000000000e+00,1.492491360802643774e+00,2.175322716865749420e-03,3.065289124938798349e+00,0.000000000000000000e+00,1.000000000000000000e+00,1.000000000000000000e+00,0.000000000000000000e+00
4.000000000000000000e+00,9.514159105602944255e-02,1.000000000000000000e+00,1.522265456896471081e+00,2.262980587168185540e-03,3.045536245364458328e+00,0.000000000000000000e+00,1.000000000000000000e+00,0.000000000000000000e+00,0.000000000000000000e+00
4.000000000000000000e+00,9.514159105602944255e-02,2.000000000000000000e+00,1.522265456896471081e+00,2.262980587168185540e-03,3.045536245364458328e+00,0.000000000000000000e+00,1.000000000000000000e+00,0.000000000000000000e+00,0.000000000000000000e+00
4.000000000000000000e+00,9.514159105602944255e-02,3.000000000000000000e+00,1.522265456896471081e+00,2.262980587168185540e-03,3.045536245364458328e+00,0.000000000000000000e+00,1.000000000000000000e+00,0.000000000000000000e+00,0.000000000000000000e+00
4.000000000000000000e+00,9.514159105602944255e-02,4.000000000000000000e+00,1.522265456896471081e+00,2.262980587168185540e-03,3.045536245364458328e+00,0.000000000000000000e+00,1.000000000000000000e+00,1.000000000000000000e+00,0.000000000000000000e+00
4.000000000000000000e+00,9.703959525827715593e-02,1.000000000000000000e+00,1.552633524132434495e+00,2.354170761972561483e-03,3.025783365790118307e+00,0.000000000000000000e+00,1.000000000000000000e+00,0.000000000000000000e+00,0.000000000000000000e+00
4.000000000000000000e+00,9.703959525827715593e-02,2.000000000000000000e+00,1.552633524132434495e+00,2.354170761972561483e-03,3.025783365790118307e+00,0.000000000000000000e+00,1.000000000000000000e+00,0.000000000000000000e+00,0.000000000000000000e+00
4.000000000000000000e+00,9.703959525827715593e-02,3.000000000000000000e+00,1.552633524132434495e+00,2.354170761972561483e-03,3.025783365790118307e+00,0.000000000000000000e+00,1.000000000000000000e+00,0.000000000000000000e+00,0.000000000000000000e+00
4.000000000000000000e+00,9.703959525827715593e-02,4.000000000000000000e+00,1.552633524132434495e+00,2.354170761972561483e-03,3.025783365790118307e+00,0.000000000000000000e+00,1.000000000000000000e+00,1.000000000000000000e+00,0.000000000000000000e+00
4.000000000000000000e+00,9.897546323715258887e-02,1.000000000000000000e+00,1.583607411794441422e+00,2.449035580752235812e-03,3.006030486215777842e+00,0.000000000000000000e+00,1.000000000000000000e+00,0.000000000000000000e+00,0.000000000000000000e+00
4.000000000000000000e+00,9.897546323715258887e-02,2.000000000000000000e+00,1.583607411794441422e+00,2.449035580752235812e-03,3.006030486215777842e+00,0.000000000000000000e+00,1.000000000000000000e+00,0.000000000000000000e+00,0.000000000000000000e+00
4.000000000000000000e+00,9.897546323715258887e-02,3.000000000000000000e+00,1.583607411794441422e+00,2.449035580752235812e-03,3.006030486215777842e+00,0.000000000000000000e+00,1.000000000000000000e+00,0.000000000000000000e+00,0.000000000000000000e+00
4.000000000000000000e+00,9.897546323715258887e-02,4.000000000000000000e+00,1.583607411794441422e+00,2.449035580752235812e-03,3.006030486215777842e+00,0.000000000000000000e+00,1.000000000000000000e+00,1.000000000000000000e+00,0.000000000000000000e+00
4.000000000000000000e+00,1.009499503469267478e-01,1.000000000000000000e+00,1.615199205550827966e+00,2.547723118761743930e-03,2.986277606641437377e+00,0.000000000000000000e+00,1.000000000000000000e+00,0.000000000000000000e+00,0.000000000000000000e+00
4.000000000000000000e+00,1.009499503469267478e-01,2.000000000000000000e+00,1.615199205550827966e+00,2.547723118761743930e-03,2.986277606641437377e+00,0.000000000000000000e+00,1.000000000000000000e+00,0.000000000000000000e+00,0.000000000000000000e+00
4.000000000000000000e+00,1.009499503469267478e-01,3.000000000000000000e+00,1.615199205550827966e+00,2.547723118761743930e-03,2.986277606641437377e+00,0.000000000000000000e+00,1.000000000000000000e+00,1.000000000000000000e+00,0.000000000000000000e+00
4.000000000000000000e+00,1.009499503469267478e-01,4.000000000000000000e+00,1.615199205550827966e+00,2.547723118761743930e-03,2.986277606641437377e+00,0.000000000000000000e+00,1.000000000000000000e+00,1.000000000000000000e+00,0.000000000000000000e+00
4.000000000000000000e+00,1.029638270106282144e-01,1.000000000000000000e+00,1.647421232170051431e+00,2.650387418168643084e-03,2.966524727067097356e+00,0.000000000000000000e+00,1.000000000000000000e+00,0.000000000000000000e+00,0.000000000000000000e+00
4.000000000000000000e+00,1.029638270106282144e-01,2.000000000000000000e+00,1.647421232170051431e+00,2.650387418168643084e-03,2.966524727067097356e+00,0.000000000000000000e+00,1.000000000000000000e+00,0.000000000000000000e+00,0.000000000000000000e+00
4.000000000000000000e+00,1.029638270106282144e-01,3.000000000000000000e+00,1.647421232170051431e+00,2.650387418168643084e-03,2.966524727067097356e+00,0.000000000000000000e+00,1.000000000000000000e+00,1.000000000000000000e+00,0.000000000000000000e+00
4.000000000000000000e+00,1.029638270106282144e-01,4.000000000000000000e+00,1.647421232170051431e+00,2.650387418168643084e-03,2.966524727067097356e+00,0.000000000000000000e+00,1.000000000000000000e+00,1.000000000000000000e+00,0.000000000000000000e+00
4.000000000000000000e+00,1.050178790206539176e-01,1.000000000000000000e+00,1.680286064330462681e+00,2.757188728499175741e-03,2.946771847492757335e+00,0.000000000000000000e+00,1.000000000000000000e+00,0.000000000000000000e+00,0.000000000000000000e+00
4.000000000000000000e+00,1.050178790206539176e-01,2.000000000000000000e+00,1.680286064330462681e+00,2.757188728499175741e-03,2.946771847492757335e+00,0.000000000000000000e+00,1.000000000000000000e+00,0.000000000000000000e+00,0.000000000000000000e+00
4.000000000000000000e+00,1.050178790206539176e-01,3.000000000000000000e+00,1.680286064330462681e+00,2.757188728499175741e-03,2.946771847492757335e+00,0.000000000000000000e+00,1.000000000000000000e+00,1.000000000000000000e+00,0.000000000000000000e+00
4.000000000000000000e+00,1.050178790206539176e-01,4.000000000000000000e+00,1.680286064330462681e+00,2.757188728499175741e-03,2.946771847492757335e+00,0.000000000000000000e+00,1.000000000000000000e+00,1.000000000000000000e+00,0.000000000000000000e+00
4.000000000000000000e+00,1.071129078453764288e-01,1.000000000000000000e+00,1.713806525526022861e+00,2.868293756773025813e-03,2.927018967918417314e+00,0.000000000000000000e+00,1.000000000000000000e+00,0.000000000000000000e+00,0.000000000000000000e+00
4.000000000000000000e+00,1.071129078453764288e-01,2.000000000000000000e+00,1.713806525526022861e+00,2.868293756773025813e-03,2.927018967918417314e+00,0.000000000000000000e+00,1.000000000000000000e+00,0.000000000000000000e+00,0.000000000000000000e+00
4.000000000000000000e+00,1.071129078453764288e-01,3.000000000000000000e+00,1.713806525526022861e+00,2.868293756773025813e-03,2.927018967918417314e+00,0.000000000000000000e+00,1.000000000000000000e+00,1.000000000000000000e+00,0.000000000000000000e+00
4.000000000000000000e+00,1.071129078453764288e-01,4.000000000000000000e+00,1.713806525526022861e+00,2.868293756773025813e-03,2.927018967918417314e+00,0.000000000000000000e+00,1.000000000000000000e+00,1.000000000000000000e+00,0.000000000000000000e+00
4.000000000000000000e+00,1.092497309418681839e-01,1.000000000000000000e+00,1.747995695069890942e+00,2.983875927717647477e-03,2.907266088344077293e+00,0.000000000000000000e+00,1.000000000000000000e+00,0.000000000000000000e+00,0.000000000000000000e+00
4.000000000000000000e+00,1.092497309418681839e-01,2.000000000000000000e+00,1.747995695069890942e+00,2.983875927717647477e-03,2.907266088344077293e+00,0.000000000000000000e+00,1.000000000000000000e+00,0.000000000000000000e+00,0.000000000000000000e+00
4.000000000000000000e+00,1.092497309418681839e-01,3.000000000000000000e+00,1.747995695069890942e+00,2.983875927717647477e-03,2.907266088344077293e+00,0.000000000000000000e+00,1.000000000000000000e+00,1.000000000000000000e+00,0.000000000000000000e+00
4.000000000000000000e+00,1.092497309418681839e-01,4.000000000000000000e+00,1.747995695069890942e+00,2.983875927717647477e-03,2.907266088344077293e+00,0.000000000000000000e+00,1.000000000000000000e+00,1.000000000000000000e+00,0.000000000000000000e+00
4.000000000000000000e+00,1.114291820748641165e-01,1.000000000000000000e+00,1.782866913197825864e+00,3.104115654468304810e-03,2.887513208769737272e+00,0.000000000000000000e+00,1.000000000000000000e+00,0.000000000000000000e+00,0.000000000000000000e+00
4.000000000000000000e+00,1.114291820748641165e-01,2.000000000000000000e+00,1.782866913197825864e+00,3.104115654468304810e-03,2.887513208769737272e+00,0.000000000000000000e+00,1.000000000000000000e+00,0.000000000000000000e+00,0.000000000000000000e+00
4.000000000000000000e+00,1.114291820748641165e-01,3.000000000000000000e+00,1.782866913197825864e+00,3.104115654468304810e-03,2.887513208769737272e+00,0.000000000000000000e+00,1.000000000000000000e+00,1.000000000000000000e+00,0.000000000000000000e+00
4.000000000000000000e+00,1.114291820748641165e-01,4.000000000000000000e+00,1.782866913197825864e+00,3.104115654468304810e-03,2.887513208769737272e+00,0.000000000000000000e+00,1.000000000000000000e+00,1.000000000000000000e+00,0.000000000000000000e+00
4.000000000000000000e+00,1.136521116420874528e-01,1.000000000000000000e+00,1.818433786273399244e+00,3.229200620176377479e-03,2.867760329195397251e+00,0.000000000000000000e+00,1.000000000000000000e+00,0.000000000000000000e+00,0.000000000000000000e+00
4.000000000000000000e+00,1.136521116420874528e-01,2.000000000000000000e+00,1.818433786273399244e+00,3.229200620176377479e-03,2.867760329195397251e+00,0.000000000000000000e+00,1.000000000000000000e+00,0.000000000000000000e+00,0.000000000000000000e+00
4.000000000000000000e+00,1.136521116420874528e-01,3.000000000000000000e+00,1.818433786273399244e+00,3.229200620176377479e-03,2.867760329195397251e+00,0.000000000000000000e+00,1.000000000000000000e+00,1.000000000000000000e+00,0.000000000000000000e+00
4.000000000000000000e+00,1.136521116420874528e-01,4.000000000000000000e+00,1.818433786273399244e+00,3.229200620176377479e-03,2.867760329195397251e+00,0.000000000000000000e+00,1.000000000000000000e+00,1.000000000000000000e+00,0.000000000000000000e+00
4.000000000000000000e+00,1.159193870060654941e-01,1.000000000000000000e+00,1.854710192097047905e+00,3.359326070965496219e-03,2.848007449621057230e+00,0.000000000000000000e+00,1.000000000000000000e+00,0.000000000000000000e+00,0.000000000000000000e+00
4.000000000000000000e+00,1.159193870060654941e-01,2.000000000000000000e+00,1.854710192097047905e+00,3.359326070965496219e-03,2.848007449621057230e+00,0.000000000000000000e+00,1.000000000000000000e+00,0.000000000000000000e+00,0.000000000000000000e+00
4.000000000000000000e+00,1.159193870060654941e-01,3.000000000000000000e+00,1.854710192097047905e+00,3.359326070965496219e-03,2.848007449621057230e+00,0.000000000000000000e+00,1.000000000000000000e+00,1.000000000000000000e+00,0.000000000000000000e+00
4.000000000000000000e+00,1.159193870060654941e-01,4.000000000000000000e+00,1.854710192097047905e+00,3.359326070965496219e-03,2.848007449621057230e+00,0.000000000000000000e+00,1.000000000000000000e+00,1.000000000000000000e+00,0.000000000000000000e+00
4.000000000000000000e+00,1.182318928325648971e-01,1.000000000000000000e+00,1.891710285321038354e+00,3.494695120692777740e-03,2.828254570046717209e+00,0.000000000000000000e+00,1.000000000000000000e+00,0.000000000000000000e+00,0.000000000000000000e+00
4.000000000000000000e+00,1.182318928325648971e-01,2.000000000000000000e+00,1.891710285321038354e+00,3.494695120692777740e-03,2.828254570046717209e+00,0.000000000000000000e+00,1.000000000000000000e+00,0.000000000000000000e+00,0.000000000000000000e+00
4.000000000000000000e+00,1.182318928325648971e-01,3.000000000000000000e+00,1.891710285321038354e+00,3.494695120692777740e-03,2.828254570046717209e+00,0.000000000000000000e+00,1.000000000000000000e+00,1.000000000000000000e+00,0.000000000000000000e+00
4.000000000000000000e+00,1.182318928325648971e-01,4.000000000000000000e+00,1.891710285321038354e+00,3.494695120692777740e-03,2.828254570046717209e+00,0.000000000000000000e+00,1.000000000000000000e+00,1.000000000000000000e+00,0.000000000000000000e+00
4.000000000000000000e+00,1.205905314357784697e-01,1.000000000000000000e+00,1.929448502972455515e+00,3.635519067990868828e-03,2.808501690472377188e+00,0.000000000000000000e+00,1.000000000000000000e+00,0.000000000000000000e+00,0.000000000000000000e+00
4.000000000000000000e+00,1.205905314357784697e-01,2.000000000000000000e+00,1.929448502972455515e+00,3.635519067990868828e-03,2.808501690472377188e+00,0.000000000000000000e+00,1.000000000000000000e+00,0.000000000000000000e+00,0.000000000000000000e+00
4.000000000000000000e+00,1.205905314357784697e-01,3.000000000000000000e+00,1.929448502972455515e+00,3.635519067990868828e-03,2.808501690472377188e+00,0.000000000000000000e+00,1.000000000000000000e+00,1.000000000000000000e+00,0.000000000000000000e+00
4.000000000000000000e+00,1.205905314357784697e-01,4.000000000000000000e+00,1.929448502972455515e+00,3.635519067990868828e-03,2.808501690472377188e+00,0.000000000000000000e+00,1.000000000000000000e+00,1.000000000000000000e+00,0.000000000000000000e+00
4.000000000000000000e+00,1.229962231303981662e-01,1.000000000000000000e+00,1.967939570086370660e+00,3.782017726085673288e-03,2.788748810898037167e+00,0.000000000000000000e+00,1.000000000000000000e+00,0.000000000000000000e+00,0.000000000000000000e+00
4.000000000000000000e+00,1.229962231303981662e-01,2.000000000000000000e+00,1.967939570086370660e+00,3.782017726085673288e-03,2.788748810898037167e+00,0.000000000000000000e+00,1.000000000000000000e+00,0.000000000000000000e+00,0.000000000000000000e+00
4.000000000000000000e+00,1.229962231303981662e-01,3.000000000000000000e+00,1.967939570086370660e+00,3.782017726085673288e-03,2.788748810898037167e+00,0.000000000000000000e+00,1.000000000000000000e+00,1.000000000000000000e+00,0.000000000000000000e+00
4.000000000000000000e+00,1.229962231303981662e-01,4.000000000000000000e+00,1.967939570086370660e+00,3.782017726085673288e-03,2.788748810898037167e+00,0.000000000000000000e+00,1.000000000000000000e+00,1.000000000000000000e+00,0.000000000000000000e+00
4.000000000000000000e+00,1.254499065907117017e-01,1.000000000000000000e+00,2.007198505451387227e+00,3.934419765904573034e-03,2.768995931323697146e+00,0.000000000000000000e+00,1.000000000000000000e+00,0.000000000000000000e+00,0.000000000000000000e+00
4.000000000000000000e+00,1.254499065907117017e-01,2.000000000000000000e+00,2.007198505451387227e+00,3.934419765904573034e-03,2.768995931323697146e+00,0.000000000000000000e+00,1.000000000000000000e+00,0.000000000000000000e+00,0.000000000000000000e+00
4.000000000000000000e+00,1.254499065907117017e-01,3.000000000000000000e+00,2.007198505451387227e+00,3.934419765904573034e-03,2.768995931323697146e+00,0.000000000000000000e+00,1.000000000000000000e+00,1.000000000000000000e+00,0.000000000000000000e+00
4.000000000000000000e+00,1.254499065907117017e-01,4.000000000000000000e+00,2.007198505451387227e+00,3.934419765904573034e-03,2.768995931323697146e+00,0.000000000000000000e+00,1.000000000000000000e+00,1.000000000000000000e+00,0.000000000000000000e+00
4.000000000000000000e+00,1.279525392168629205e-01,1.000000000000000000e+00,2.047240627469806729e+00,4.092963073010711002e-03,2.749243051749357125e+00,0.000000000000000000e+00,1.000000000000000000e+00,0.000000000000000000e+00,0.000000000000000000e+00
4.000000000000000000e+00,1.279525392168629205e-01,2.000000000000000000e+00,2.047240627469806729e+00,4.092963073010711002e-03,2.749243051749357125e+00,0.000000000000000000e+00,1.000000000000000000e+00,0.000000000000000000e+00,0.000000000000000000e+00
4.000000000000000000e+00,1.279525392168629205e-01,3.000000000000000000e+00,2.047240627469806729e+00,4.092963073010711002e-03,2.749243051749357125e+00,0.000000000000000000e+00,1.000000000000000000e+00,1.000000000000000000e+00,0.000000000000000000e+00
4.000000000000000000e+00,1.279525392168629205e-01,4.000000000000000000e+00,2.047240627469806729e+00,4.092963073010711002e-03,2.749243051749357125e+00,0.000000000000000000e+00,1.000000000000000000e+00,1.000000000000000000e+00,0.000000000000000000e+00
4.000000000000000000e+00,1.305050975084186549e-01,1.000000000000000000e+00,2.088081560134698478e+00,4.257895118920464878e-03,2.729490172175017104e+00,0.000000000000000000e+00,1.000000000000000000e+00,0.000000000000000000e+00,0.000000000000000000e+00
4.000000000000000000e+00,1.305050975084186549e-01,2.000000000000000000e+00,2.088081560134698478e+00,4.257895118920464878e-03,2.729490172175017104e+00,0.000000000000000000e+00,1.000000000000000000e+00,0.000000000000000000e+00,0.000000000000000000e+00
4.000000000000000000e+00,1.305050975084186549e-01,3.000000000000000000e+00,2.088081560134698478e+00,4.257895118920464878e-03,2.729490172175017104e+00,0.000000000000000000e+00,1.000000000000000000e+00,1.000000000000000000e+00,0.000000000000000000e+00
4.000000000000000000e+00,1.305050975084186549e-01,4.000000000000000000e+00,2.088081560134698478e+00,4.257895118920464878e-03,2.729490172175017104e+00,0.000000000000000000e+00,1.000000000000000000e+00,1.000000000000000000e+00,0.000000000000000000e+00
4.000000000000000000e+00,1.331085774453881765e-01,1.000000000000000000e+00,2.129737239126210824e+00,4.429473347383725695e-03,2.709737292600676195e+00,0.000000000000000000e+00,1.000000000000000000e+00,0.000000000000000000e+00,0.000000000000000000e+00
4.000000000000000000e+00,1.331085774453881765e-01,2.000000000000000000e+00,2.129737239126210824e+00,4.429473347383725695e-03,2.709737292600676195e+00,0.000000000000000000e+00,1.000000000000000000e+00,0.000000000000000000e+00,0.000000000000000000e+00
4.000000000000000000e+00,1.331085774453881765e-01,3.000000000000000000e+00,2.129737239126210824e+00,4.429473347383725695e-03,2.709737292600676195e+00,0.000000000000000000e+00,1.000000000000000000e+00,1.000000000000000000e+00,0.000000000000000000e+00
4.000000000000000000e+00,1.331085774453881765e-01,4.000000000000000000e+00,2.129737239126210824e+00,4.429473347383725695e-03,2.709737292600676195e+00,0.000000000000000000e+00,1.000000000000000000e+00,1.000000000000000000e+00,0.000000000000000000e+00
4.000000000000000000e+00,1.357639948768434024e-01,1.000000000000000000e+00,2.172223918029494438e+00,4.607965576229890517e-03,2.689984413026336174e+00,0.000000000000000000e+00,1.000000000000000000e+00,0.000000000000000000e+00,0.000000000000000000e+00
4.000000000000000000e+00,1.357639948768434024e-01,2.000000000000000000e+00,2.172223918029494438e+00,4.607965576229890517e-03,2.689984413026336174e+00,0.000000000000000000e+00,1.000000000000000000e+00,0.000000000000000000e+00,0.000000000000000000e+00
4.000000000000000000e+00,1.357639948768434024e-01,3.000000000000000000e+00,2.172223918029494438e+00,4.607965576229890517e-03,2.689984413026336174e+00,0.000000000000000000e+00,1.000000000000000000e+00,1.000000000000000000e+00,0.000000000000000000e+00
4.000000000000000000e+00,1.357639948768434024e-01,4.000000000000000000e+00,2.172223918029494438e+00,4.607965576229890517e-03,2.689984413026336174e+00,0.000000000000000000e+00,1.000000000000000000e+00,1.000000000000000000e+00,0.000000000000000000e+00
4.000000000000000000e+00,1.384723859172921068e-01,1.000000000000000000e+00,2.215558174676673708e+00,4.793650415406869487e-03,2.670231533451996597e+00,0.000000000000000000e+00,1.000000000000000000e+00,0.000000000000000000e+00,0.000000000000000000e+00
4.000000000000000000e+00,1.384723859172921068e-01,2.000000000000000000e+00,2.215558174676673708e+00,4.793650415406869487e-03,2.670231533451996597e+00,0.000000000000000000e+00,1.000000000000000000e+00,0.000000000000000000e+00,0.000000000000000000e+00
4.000000000000000000e+00,1.384723859172921068e-01,3.000000000000000000e+00,2.215558174676673708e+00,4.793650415406869487e-03,2.670231533451996597e+00,0.000000000000000000e+00,1.000000000000000000e+00,1.000000000000000000e+00,0.000000000000000000e+00
4.000000000000000000e+00,1.384723859172921068e-01,4.000000000000000000e+00,2.215558174676673708e+00,4.793650415406869487e-03,2.670231533451996597e+00,0.000000000000000000e+00,1.000000000000000000e+00,1.000000000000000000e+00,0.000000000000000000e+00
4.000000000000000000e+00,1.412348073509584190e-01,1.000000000000000000e+00,2.259756917615334704e+00,4.986817701865584908e-03,2.650478653877656132e+00,0.000000000000000000e+00,1.000000000000000000e+00,0.000000000000000000e+00,0.000000000000000000e+00
4.000000000000000000e+00,1.412348073509584190e-01,2.000000000000000000e+00,2.259756917615334704e+00,4.986817701865584908e-03,2.650478653877656132e+00,0.000000000000000000e+00,1.000000000000000000e+00,0.000000000000000000e+00,0.000000000000000000e+00
4.000000000000000000e+00,1.412348073509584190e-01,3.000000000000000000e+00,2.259756917615334704e+00,4.986817701865584908e-03,2.650478653877656132e+00,0.000000000000000000e+00,1.000000000000000000e+00,1.000000000000000000e+00,0.000000000000000000e+00
4.000000000000000000e+00,1.412348073509584190e-01,4.000000000000000000e+00,2.259756917615334704e+00,4.986817701865584908e-03,2.650478653877656132e+00,0.000000000000000000e+00,1.000000000000000000e+00,1.000000000000000000e+00,0.000000000000000000e+00
4.000000000000000000e+00,1.440523370441280648e-01,1.000000000000000000e+00,2.304837392706049037e+00,5.187768951968767424e-03,2.630725774303316111e+00,0.000000000000000000e+00,1.000000000000000000e+00,0.000000000000000000e+00,0.000000000000000000e+00
4.000000000000000000e+00,1.440523370441280648e-01,2.000000000000000000e+00,2.304837392706049037e+00,5.187768951968767424e-03,2.630725774303316111e+00,0.000000000000000000e+00,1.000000000000000000e+00,0.000000000000000000e+00,0.000000000000000000e+00
4.000000000000000000e+00,1.440523370441280648e-01,3.000000000000000000e+00,2.304837392706049037e+00,5.187768951968767424e-03,2.630725774303316111e+00,0.000000000000000000e+00,1.000000000000000000e+00,1.000000000000000000e+00,0.000000000000000000e+00
4.000000000000000000e+00,1.440523370441280648e-01,4.000000000000000000e+00,2.304837392706049037e+00,5.187768951968767424e-03,2.630725774303316111e+00,0.000000000000000000e+00,1.000000000000000000e+00,1.000000000000000000e+00,0.000000000000000000e+00
4.000000000000000000e+00,1.469260743657201107e-01,1.000000000000000000e+00,2.350817189851521771e+00,5.396817832130278679e-03,2.610972894728976090e+00,0.000000000000000000e+00,1.000000000000000000e+00,0.000000000000000000e+00,0.000000000000000000e+00
4.000000000000000000e+00,1.469260743657201107e-01,2.000000000000000000e+00,2.350817189851521771e+00,5.396817832130278679e-03,2.610972894728976090e+00,0.000000000000000000e+00,1.000000000000000000e+00,0.000000000000000000e+00,0.000000000000000000e+00
4.000000000000000000e+00,1.469260743657201107e-01,3.000000000000000000e+00,2.350817189851521771e+00,5.396817832130278679e-03,2.610972894728976090e+00,0.000000000000000000e+00,1.000000000000000000e+00,1.000000000000000000e+00,0.000000000000000000e+00
4.000000000000000000e+00,1.469260743657201107e-01,4.000000000000000000e+00,2.350817189851521771e+00,5.396817832130278679e-03,2.610972894728976090e+00,0.000000000000000000e+00,1.000000000000000000e+00,1.000000000000000000e+00,0.000000000000000000e+00
4.000000000000000000e+00,1.498571406162484410e-01,1.000000000000000000e+00,2.397714249859975055e+00,5.614290648419514342e-03,2.591220015154636069e+00,0.000000000000000000e+00,1.000000000000000000e+00,0.000000000000000000e+00,0.000000000000000000e+00
4.000000000000000000e+00,1.498571406162484410e-01,2.000000000000000000e+00,2.397714249859975055e+00,5.614290648419514342e-03,2.591220015154636069e+00,0.000000000000000000e+00,1.000000000000000000e+00,0.000000000000000000e+00,0.000000000000000000e+00
4.000000000000000000e+00,1.498571406162484410e-01,3.000000000000000000e+00,2.397714249859975055e+00,5.614290648419514342e-03,2.591220015154636069e+00,0.000000000000000000e+00,1.000000000000000000e+00,1.000000000000000000e+00,0.000000000000000000e+00
4.000000000000000000e+00,1.498571406162484410e-01,4.000000000000000000e+00,2.397714249859975055e+00,5.614290648419514342e-03,2.591220015154636069e+00,0.000000000000000000e+00,1.000000000000000000e+00,1.000000000000000000e+00,0.000000000000000000e+00
4.000000000000000000e+00,1.528466794653409178e-01,1.000000000000000000e+00,2.445546871445454684e+00,5.840526855895167638e-03,2.571467135580296048e+00,0.000000000000000000e+00,1.000000000000000000e+00,0.000000000000000000e+00,0.000000000000000000e+00
4.000000000000000000e+00,1.528466794653409178e-01,2.000000000000000000e+00,2.445546871445454684e+00,5.840526855895167638e-03,2.571467135580296048e+00,0.000000000000000000e+00,1.000000000000000000e+00,0.000000000000000000e+00,0.000000000000000000e+00
4.000000000000000000e+00,1.528466794653409178e-01,3.000000000000000000e+00,2.445546871445454684e+00,5.840526855895167638e-03,2.571467135580296048e+00,0.000000000000000000e+00,1.000000000000000000e+00,1.000000000000000000e+00,0.000000000000000000e+00
4.000000000000000000e+00,1.528466794653409178e-01,4.000000000000000000e+00,2.445546871445454684e+00,5.840526855895167638e-03,2.571467135580296048e+00,0.000000000000000000e+00,1.000000000000000000e+00,1.000000000000000000e+00,0.000000000000000000e+00
4.000000000000000000e+00,1.558958573979864204e-01,1.000000000000000000e+00,2.494333718367782726e+00,6.075879588463329456e-03,2.551714256005956027e+00,0.000000000000000000e+00,1.000000000000000000e+00,0.000000000000000000e+00,0.000000000000000000e+00
4.000000000000000000e+00,1.558958573979864204e-01,2.000000000000000000e+00,2.494333718367782726e+00,6.075879588463329456e-03,2.551714256005956027e+00,0.000000000000000000e+00,1.000000000000000000e+00,0.000000000000000000e+00,0.000000000000000000e+00
4.000000000000000000e+00,1.558958573979864204e-01,3.000000000000000000e+00,2.494333718367782726e+00,6.075879588463329456e-03,2.551714256005956027e+00,0.000000000000000000e+00,1.000000000000000000e+00,1.000000000000000000e+00,0.000000000000000000e+00
4.000000000000000000e+00,1.558958573979864204e-01,4.000000000000000000e+00,2.494333718367782726e+00,6.075879588463329456e-03,2.551714256005956027e+00,0.000000000000000000e+00,1.000000000000000000e+00,1.000000000000000000e+00,0.000000000000000000e+00
4.000000000000000000e+00,1.590058641696845687e-01,1.000000000000000000e+00,2.544093826714953099e+00,6.320716210087044644e-03,2.531961376431616006e+00,0.000000000000000000e+00,1.000000000000000000e+00,0.000000000000000000e+00,0.000000000000000000e+00
4.000000000000000000e+00,1.590058641696845687e-01,2.000000000000000000e+00,2.544093826714953099e+00,6.320716210087044644e-03,2.531961376431616006e+00,0.000000000000000000e+00,1.000000000000000000e+00,0.000000000000000000e+00,0.000000000000000000e+00
4.000000000000000000e+00,1.590058641696845687e-01,3.000000000000000000e+00,2.544093826714953099e+00,6.320716210087044644e-03,2.531961376431616006e+00,0.000000000000000000e+00,1.000000000000000000e+00,1.000000000000000000e+00,0.000000000000000000e+00
4.000000000000000000e+00,1.590058641696845687e-01,4.000000000000000000e+00,2.544093826714953099e+00,6.320716210087044644e-03,2.531961376431616006e+00,0.000000000000000000e+00,1.000000000000000000e+00,1.000000000000000000e+00,0.000000000000000000e+00
4.000000000000000000e+00,1.621779132706751558e-01,1.000000000000000000e+00,2.594846612330802493e+00,6.575418888207658005e-03,2.512208496857275986e+00,0.000000000000000000e+00,1.000000000000000000e+00,0.000000000000000000e+00,0.000000000000000000e+00
4.000000000000000000e+00,1.621779132706751558e-01,2.000000000000000000e+00,2.594846612330802493e+00,6.575418888207658005e-03,2.512208496857275986e+00,0.000000000000000000e+00,1.000000000000000000e+00,0.000000000000000000e+00,0.000000000000000000e+00
4.000000000000000000e+00,1.621779132706751558e-01,3.000000000000000000e+00,2.594846612330802493e+00,6.575418888207658005e-03,2.512208496857275986e+00,0.000000000000000000e+00,1.000000000000000000e+00,1.000000000000000000e+00,0.000000000000000000e+00
4.000000000000000000e+00,1.621779132706751558e-01,4.000000000000000000e+00,2.594846612330802493e+00,6.575418888207658005e-03,2.512208496857275986e+00,0.000000000000000000e+00,1.000000000000000000e+00,1.000000000000000000e+00,0.000000000000000000e+00
4.000000000000000000e+00,1.654132423994284784e-01,1.000000000000000000e+00,2.646611878390855654e+00,6.840385190273020471e-03,2.492455617282935965e+00,0.000000000000000000e+00,1.000000000000000000e+00,0.000000000000000000e+00,0.000000000000000000e+00
4.000000000000000000e+00,1.654132423994284784e-01,2.000000000000000000e+00,2.646611878390855654e+00,6.840385190273020471e-03,2.492455617282935965e+00,0.000000000000000000e+00,1.000000000000000000e+00,0.000000000000000000e+00,0.000000000000000000e+00
4.000000000000000000e+00,1.654132423994284784e-01,3.000000000000000000e+00,2.646611878390855654e+00,6.840385190273020471e-03,2.492455617282935965e+00,0.000000000000000000e+00,1.000000000000000000e+00,1.000000000000000000e+00,0.000000000000000000e+00
4.000000000000000000e+00,1.654132423994284784e-01,4.000000000000000000e+00,2.646611878390855654e+00,6.840385190273020471e-03,2.492455617282935965e+00,0.000000000000000000e+00,1.000000000000000000e+00,1.000000000000000000e+00,0.000000000000000000e+00
4.000000000000000000e+00,1.687131139455816942e-01,1.000000000000000000e+00,2.699409823129307107e+00,7.116028704303708173e-03,2.472702737708595944e+00,0.000000000000000000e+00,1.000000000000000000e+00,0.000000000000000000e+00,0.000000000000000000e+00
4.000000000000000000e+00,1.687131139455816942e-01,2.000000000000000000e+00,2.699409823129307107e+00,7.116028704303708173e-03,2.472702737708595944e+00,0.000000000000000000e+00,1.000000000000000000e+00,0.000000000000000000e+00,0.000000000000000000e+00
4.000000000000000000e+00,1.687131139455816942e-01,3.000000000000000000e+00,2.699409823129307107e+00,7.116028704303708173e-03,2.472702737708595944e+00,0.000000000000000000e+00,1.000000000000000000e+00,1.000000000000000000e+00,0.000000000000000000e+00
4.000000000000000000e+00,1.687131139455816942e-01,4.000000000000000000e+00,2.699409823129307107e+00,7.116028704303708173e-03,2.472702737708595944e+00,0.000000000000000000e+00,1.000000000000000000e+00,1.000000000000000000e+00,0.000000000000000000e+00
4.000000000000000000e+00,1.720788154825092509e-01,1.000000000000000000e+00,2.753261047720148014e+00,7.402779684465866754e-03,2.452949858134255923e+00,0.000000000000000000e+00,1.000000000000000000e+00,0.000000000000000000e+00,0.000000000000000000e+00
4.000000000000000000e+00,1.720788154825092509e-01,2.000000000000000000e+00,2.753261047720148014e+00,7.402779684465866754e-03,2.452949858134255923e+00,0.000000000000000000e+00,1.000000000000000000e+00,0.000000000000000000e+00,0.000000000000000000e+00
4.000000000000000000e+00,1.720788154825092509e-01,3.000000000000000000e+00,2.753261047720148014e+00,7.402779684465866754e-03,2.452949858134255923e+00,0.000000000000000000e+00,1.000000000000000000e+00,1.000000000000000000e+00,0.000000000000000000e+00
4.000000000000000000e+00,1.720788154825092509e-01,4.000000000000000000e+00,2.753261047720148014e+00,7.402779684465866754e-03,2.452949858134255923e+00,0.000000000000000000e+00,1.000000000000000000e+00,1.000000000000000000e+00,0.000000000000000000e+00
4.000000000000000000e+00,1.755116602697198436e-01,1.000000000000000000e+00,2.808186564315517497e+00,7.701085722658388734e-03,2.433196978559915902e+00,0.000000000000000000e+00,1.000000000000000000e+00,0.000000000000000000e+00,0.000000000000000000e+00
4.000000000000000000e+00,1.755116602697198436e-01,2.000000000000000000e+00,2.808186564315517497e+00,7.701085722658388734e-03,2.433196978559915902e+00,0.000000000000000000e+00,1.000000000000000000e+00,0.000000000000000000e+00,0.000000000000000000e+00
4.000000000000000000e+00,1.755116602697198436e-01,3.000000000000000000e+00,2.808186564315517497e+00,7.701085722658388734e-03,2.433196978559915902e+00,0.000000000000000000e+00,1.000000000000000000e+00,1.000000000000000000e+00,0.000000000000000000e+00
4.000000000000000000e+00,1.755116602697198436e-01,4.000000000000000000e+00,2.808186564315517497e+00,7.701085722658388734e-03,2.433196978559915902e+00,0.000000000000000000e+00,1.000000000000000000e+00,1.000000000000000000e+00,0.000000000000000000e+00
4.000000000000000000e+00,1.790129877652757440e-01,1.000000000000000000e+00,2.864207804244411903e+00,8.011412447162691297e-03,2.413444098985574993e+00,0.000000000000000000e+00,1.000000000000000000e+00,0.000000000000000000e+00,0.000000000000000000e+00
4.000000000000000000e+00,1.790129877652757440e-01,2.000000000000000000e+00,2.864207804244411903e+00,8.011412447162691297e-03,2.413444098985574993e+00,0.000000000000000000e+00,1.000000000000000000e+00,0.000000000000000000e+00,0.000000000000000000e+00
4.000000000000000000e+00,1.790129877652757440e-01,3.000000000000000000e+00,2.864207804244411903e+00,8.011412447162691297e-03,2.413444098985574993e+00,0.000000000000000000e+00,1.000000000000000000e+00,1.000000000000000000e+00,0.000000000000000000e+00
4.000000000000000000e+00,1.790129877652757440e-01,4.000000000000000000e+00,2.864207804244411903e+00,8.011412447162691297e-03,2.413444098985574993e+00,0.000000000000000000e+00,1.000000000000000000e+00,1.000000000000000000e+00,0.000000000000000000e+00
4.000000000000000000e+00,1.825841641484342304e-01,1.000000000000000000e+00,2.921346626374947686e+00,8.334244249445593722e-03,2.393691219411234972e+00,0.000000000000000000e+00,1.000000000000000000e+00,0.000000000000000000e+00,0.000000000000000000e+00
4.000000000000000000e+00,1.825841641484342304e-01,2.000000000000000000e+00,2.921346626374947686e+00,8.334244249445593722e-03,2.393691219411234972e+00,0.000000000000000000e+00,1.000000000000000000e+00,0.000000000000000000e+00,0.000000000000000000e+00
4.000000000000000000e+00,1.825841641484342304e-01,3.000000000000000000e+00,2.921346626374947686e+00,8.334244249445593722e-03,2.393691219411234972e+00,0.000000000000000000e+00,1.000000000000000000e+00,1.000000000000000000e+00,0.000000000000000000e+00
4.000000000000000000e+00,1.825841641484342304e-01,4.000000000000000000e+00,2.921346626374947686e+00,8.334244249445593722e-03,2.393691219411234972e+00,0.000000000000000000e+00,1.000000000000000000e+00,1.000000000000000000e+00,0.000000000000000000e+00
4.000000000000000000e+00,1.862265828527160660e-01,1.000000000000000000e+00,2.979625325643457057e+00,8.670085040249880803e-03,2.373938339836894951e+00,0.000000000000000000e+00,1.000000000000000000e+00,0.000000000000000000e+00,0.000000000000000000e+00
4.000000000000000000e+00,1.862265828527160660e-01,2.000000000000000000e+00,2.979625325643457057e+00,8.670085040249880803e-03,2.373938339836894951e+00,0.000000000000000000e+00,1.000000000000000000e+00,0.000000000000000000e+00,0.000000000000000000e+00
4.000000000000000000e+00,1.862265828527160660e-01,3.000000000000000000e+00,2.979625325643457057e+00,8.670085040249880803e-03,2.373938339836894951e+00,0.000000000000000000e+00,1.000000000000000000e+00,1.000000000000000000e+00,0.000000000000000000e+00
4.000000000000000000e+00,1.862265828527160660e-01,4.000000000000000000e+00,2.979625325643457057e+00,8.670085040249880803e-03,2.373938339836894951e+00,0.000000000000000000e+00,1.000000000000000000e+00,1.000000000000000000e+00,0.000000000000000000e+00
4.000000000000000000e+00,1.899416651096076381e-01,1.000000000000000000e+00,3.039066641753722209e+00,9.019459036152584902e-03,2.354185460262554930e+00,0.000000000000000000e+00,1.000000000000000000e+00,0.000000000000000000e+00,0.000000000000000000e+00
4.000000000000000000e+00,1.899416651096076381e-01,2.000000000000000000e+00,3.039066641753722209e+00,9.019459036152584902e-03,2.354185460262554930e+00,0.000000000000000000e+00,1.000000000000000000e+00,0.000000000000000000e+00,0.000000000000000000e+00
4.000000000000000000e+00,1.899416651096076381e-01,3.000000000000000000e+00,3.039066641753722209e+00,9.019459036152584902e-03,2.354185460262554930e+00,0.000000000000000000e+00,1.000000000000000000e+00,1.000000000000000000e+00,0.000000000000000000e+00
4.000000000000000000e+00,1.899416651096076381e-01,4.000000000000000000e+00,3.039066641753722209e+00,9.019459036152584902e-03,2.354185460262554930e+00,0.000000000000000000e+00,1.000000000000000000e+00,1.000000000000000000e+00,0.000000000000000000e+00
4.000000000000000000e+00,1.937308605031096975e-01,1.000000000000000000e+00,3.099693768049755160e+00,9.382911577818836904e-03,2.334432580688214909e+00,0.000000000000000000e+00,1.000000000000000000e+00,0.000000000000000000e+00,0.000000000000000000e+00
4.000000000000000000e+00,1.937308605031096975e-01,2.000000000000000000e+00,3.099693768049755160e+00,9.382911577818836904e-03,2.334432580688214909e+00,0.000000000000000000e+00,1.000000000000000000e+00,0.000000000000000000e+00,0.000000000000000000e+00
4.000000000000000000e+00,1.937308605031096975e-01,3.000000000000000000e+00,3.099693768049755160e+00,9.382911577818836904e-03,2.334432580688214909e+00,0.000000000000000000e+00,1.000000000000000000e+00,1.000000000000000000e+00,0.000000000000000000e+00
4.000000000000000000e+00,1.937308605031096975e-01,4.000000000000000000e+00,3.099693768049755160e+00,9.382911577818836904e-03,2.334432580688214909e+00,0.000000000000000000e+00,1.000000000000000000e+00,1.000000000000000000e+00,0.000000000000000000e+00
4.000000000000000000e+00,1.975956475353491393e-01,1.000000000000000000e+00,3.161530360565586228e+00,9.761009981228481458e-03,2.314679701113874888e+00,0.000000000000000000e+00,1.000000000000000000e+00,0.000000000000000000e+00,0.000000000000000000e+00
4.000000000000000000e+00,1.975956475353491393e-01,2.000000000000000000e+00,3.161530360565586228e+00,9.761009981228481458e-03,2.314679701113874888e+00,0.000000000000000000e+00,1.000000000000000000e+00,0.000000000000000000e+00,0.000000000000000000e+00
4.000000000000000000e+00,1.975956475353491393e-01,3.000000000000000000e+00,3.161530360565586228e+00,9.761009981228481458e-03,2.314679701113874888e+00,0.000000000000000000e+00,1.000000000000000000e+00,1.000000000000000000e+00,0.000000000000000000e+00
4.000000000000000000e+00,1.975956475353491393e-01,4.000000000000000000e+00,3.161530360565586228e+00,9.761009981228481458e-03,2.314679701113874888e+00,0.000000000000000000e+00,1.000000000000000000e+00,1.000000000000000000e+00,0.000000000000000000e+00
4.000000000000000000e+00,2.015375342034740058e-01,1.000000000000000000e+00,3.224600547255584093e+00,1.015434442320411329e-02,2.294926821539534867e+00,0.000000000000000000e+00,1.000000000000000000e+00,0.000000000000000000e+00,0.000000000000000000e+00
4.000000000000000000e+00,2.015375342034740058e-01,2.000000000000000000e+00,3.224600547255584093e+00,1.015434442320411329e-02,2.294926821539534867e+00,0.000000000000000000e+00,1.000000000000000000e+00,0.000000000000000000e+00,0.000000000000000000e+00
4.000000000000000000e+00,2.015375342034740058e-01,3.000000000000000000e+00,3.224600547255584093e+00,1.015434442320411329e-02,2.294926821539534867e+00,0.000000000000000000e+00,1.000000000000000000e+00,1.000000000000000000e+00,0.000000000000000000e+00
4.000000000000000000e+00,2.015375342034740058e-01,4.000000000000000000e+00,3.224600547255584093e+00,1.015434442320411329e-02,2.294926821539534867e+00,0.000000000000000000e+00,1.000000000000000000e+00,1.000000000000000000e+00,0.000000000000000000e+00
4.000000000000000000e+00,2.055580585880575073e-01,1.000000000000000000e+00,3.288928937408920117e+00,1.056352886262282124e-02,2.275173941965194846e+00,0.000000000000000000e+00,1.000000000000000000e+00,0.000000000000000000e+00,0.000000000000000000e+00
4.000000000000000000e+00,2.055580585880575073e-01,2.000000000000000000e+00,3.288928937408920117e+00,1.056352886262282124e-02,2.275173941965194846e+00,0.000000000000000000e+00,1.000000000000000000e+00,0.000000000000000000e+00,0.000000000000000000e+00
4.000000000000000000e+00,2.055580585880575073e-01,3.000000000000000000e+00,3.288928937408920117e+00,1.056352886262282124e-02,2.275173941965194846e+00,0.000000000000000000e+00,1.000000000000000000e+00,1.000000000000000000e+00,0.000000000000000000e+00
4.000000000000000000e+00,2.055580585880575073e-01,4.000000000000000000e+00,3.288928937408920117e+00,1.056352886262282124e-02,2.275173941965194846e+00,0.000000000000000000e+00,1.000000000000000000e+00,1.000000000000000000e+00,0.000000000000000000e+00
4.000000000000000000e+00,2.096587894532398744e-01,1.000000000000000000e+00,3.354540631251837990e+00,1.098920199874949162e-02,2.255421062390854825e+00,0.000000000000000000e+00,1.000000000000000000e+00,0.000000000000000000e+00,0.000000000000000000e+00
4.000000000000000000e+00,2.096587894532398744e-01,2.000000000000000000e+00,3.354540631251837990e+00,1.098920199874949162e-02,2.255421062390854825e+00,0.000000000000000000e+00,1.000000000000000000e+00,0.000000000000000000e+00,0.000000000000000000e+00
4.000000000000000000e+00,2.096587894532398744e-01,3.000000000000000000e+00,3.354540631251837990e+00,1.098920199874949162e-02,2.255421062390854825e+00,0.000000000000000000e+00,1.000000000000000000e+00,1.000000000000000000e+00,0.000000000000000000e+00
4.000000000000000000e+00,2.096587894532398744e-01,4.000000000000000000e+00,3.354540631251837990e+00,1.098920199874949162e-02,2.255421062390854825e+00,0.000000000000000000e+00,1.000000000000000000e+00,1.000000000000000000e+00,0.000000000000000000e+00
4.000000000000000000e+00,2.138413268588427729e-01,1.000000000000000000e+00,3.421461229741484367e+00,1.143202826818760787e-02,2.235668182816514804e+00,0.000000000000000000e+00,1.000000000000000000e+00,0.000000000000000000e+00,0.000000000000000000e+00
4.000000000000000000e+00,2.138413268588427729e-01,2.000000000000000000e+00,3.421461229741484367e+00,1.143202826818760787e-02,2.235668182816514804e+00,0.000000000000000000e+00,1.000000000000000000e+00,0.000000000000000000e+00,0.000000000000000000e+00
4.000000000000000000e+00,2.138413268588427729e-01,3.000000000000000000e+00,3.421461229741484367e+00,1.143202826818760787e-02,2.235668182816514804e+00,0.000000000000000000e+00,1.000000000000000000e+00,1.000000000000000000e+00,0.000000000000000000e+00
4.000000000000000000e+00,2.138413268588427729e-01,4.000000000000000000e+00,3.421461229741484367e+00,1.143202826818760787e-02,2.235668182816514804e+00,0.000000000000000000e+00,1.000000000000000000e+00,1.000000000000000000e+00,0.000000000000000000e+00
4.000000000000000000e+00,2.181073027846951451e-01,1.000000000000000000e+00,3.489716844555122321e+00,1.189269888200367165e-02,2.215915303242174783e+00,0.000000000000000000e+00,1.000000000000000000e+00,0.000000000000000000e+00,0.000000000000000000e+00
4.000000000000000000e+00,2.181073027846951451e-01,2.000000000000000000e+00,3.489716844555122321e+00,1.189269888200367165e-02,2.215915303242174783e+00,0.000000000000000000e+00,1.000000000000000000e+00,0.000000000000000000e+00,0.000000000000000000e+00
4.000000000000000000e+00,2.181073027846951451e-01,3.000000000000000000e+00,3.489716844555122321e+00,1.189269888200367165e-02,2.215915303242174783e+00,0.000000000000000000e+00,1.000000000000000000e+00,1.000000000000000000e+00,0.000000000000000000e+00
4.000000000000000000e+00,2.181073027846951451e-01,4.000000000000000000e+00,3.489716844555122321e+00,1.189269888200367165e-02,2.215915303242174783e+00,0.000000000000000000e+00,1.000000000000000000e+00,1.000000000000000000e+00,0.000000000000000000e+00
4.000000000000000000e+00,2.224583817674134212e-01,1.000000000000000000e+00,3.559334108278614739e+00,1.237193290464406320e-02,2.196162423667834762e+00,0.000000000000000000e+00,1.000000000000000000e+00,0.000000000000000000e+00,0.000000000000000000e+00
4.000000000000000000e+00,2.224583817674134212e-01,2.000000000000000000e+00,3.559334108278614739e+00,1.237193290464406320e-02,2.196162423667834762e+00,0.000000000000000000e+00,1.000000000000000000e+00,0.000000000000000000e+00,0.000000000000000000e+00
4.000000000000000000e+00,2.224583817674134212e-01,3.000000000000000000e+00,3.559334108278614739e+00,1.237193290464406320e-02,2.196162423667834762e+00,0.000000000000000000e+00,1.000000000000000000e+00,1.000000000000000000e+00,0.000000000000000000e+00
4.000000000000000000e+00,2.224583817674134212e-01,4.000000000000000000e+00,3.559334108278614739e+00,1.237193290464406320e-02,2.196162423667834762e+00,0.000000000000000000e+00,1.000000000000000000e+00,1.000000000000000000e+00,0.000000000000000000e+00
4.000000000000000000e+00,2.268962615498854862e-01,1.000000000000000000e+00,3.630340184798167780e+00,1.287047837632851119e-02,2.176409544093494741e+00,0.000000000000000000e+00,1.000000000000000000e+00,0.000000000000000000e+00,0.000000000000000000e+00
4.000000000000000000e+00,2.268962615498854862e-01,2.000000000000000000e+00,3.630340184798167780e+00,1.287047837632851119e-02,2.176409544093494741e+00,0.000000000000000000e+00,1.000000000000000000e+00,0.000000000000000000e+00,0.000000000000000000e+00
4.000000000000000000e+00,2.268962615498854862e-01,3.000000000000000000e+00,3.630340184798167780e+00,1.287047837632851119e-02,2.176409544093494741e+00,0.000000000000000000e+00,1.000000000000000000e+00,1.000000000000000000e+00,0.000000000000000000e+00
4.000000000000000000e+00,2.268962615498854862e-01,4.000000000000000000e+00,3.630340184798167780e+00,1.287047837632851119e-02,2.176409544093494741e+00,0.000000000000000000e+00,1.000000000000000000e+00,1.000000000000000000e+00,0.000000000000000000e+00
4.000000000000000000e+00,2.314226737437111159e-01,1.000000000000000000e+00,3.702762779899377854e+00,1.338911348067203973e-02,2.156656664519154276e+00,0.000000000000000000e+00,1.000000000000000000e+00,0.000000000000000000e+00,0.000000000000000000e+00
4.000000000000000000e+00,2.314226737437111159e-01,2.000000000000000000e+00,3.702762779899377854e+00,1.338911348067203973e-02,2.156656664519154276e+00,0.000000000000000000e+00,1.000000000000000000e+00,0.000000000000000000e+00,0.000000000000000000e+00
4.000000000000000000e+00,2.314226737437111159e-01,3.000000000000000000e+00,3.702762779899377854e+00,1.338911348067203973e-02,2.156656664519154276e+00,0.000000000000000000e+00,1.000000000000000000e+00,1.000000000000000000e+00,0.000000000000000000e+00
4.000000000000000000e+00,2.314226737437111159e-01,4.000000000000000000e+00,3.702762779899377854e+00,1.338911348067203973e-02,2.156656664519154276e+00,0.000000000000000000e+00,1.000000000000000000e+00,1.000000000000000000e+00,0.000000000000000000e+00
4.000000000000000000e+00,2.360393845048576744e-01,1.000000000000000000e+00,3.776630152077722791e+00,1.392864775935801110e-02,2.136903784944814255e+00,0.000000000000000000e+00,1.000000000000000000e+00,0.000000000000000000e+00,0.000000000000000000e+00
4.000000000000000000e+00,2.360393845048576744e-01,2.000000000000000000e+00,3.776630152077722791e+00,1.392864775935801110e-02,2.136903784944814255e+00,0.000000000000000000e+00,1.000000000000000000e+00,0.000000000000000000e+00,0.000000000000000000e+00
4.000000000000000000e+00,2.360393845048576744e-01,3.000000000000000000e+00,3.776630152077722791e+00,1.392864775935801110e-02,2.136903784944814255e+00,0.000000000000000000e+00,1.000000000000000000e+00,1.000000000000000000e+00,0.000000000000000000e+00
4.000000000000000000e+00,2.360393845048576744e-01,4.000000000000000000e+00,3.776630152077722791e+00,1.392864775935801110e-02,2.136903784944814255e+00,0.000000000000000000e+00,1.000000000000000000e+00,1.000000000000000000e+00,0.000000000000000000e+00
4.000000000000000000e+00,2.407481952227944200e-01,1.000000000000000000e+00,3.851971123564710719e+00,1.448992337575818329e-02,2.117150905370474234e+00,0.000000000000000000e+00,1.000000000000000000e+00,0.000000000000000000e+00,0.000000000000000000e+00
4.000000000000000000e+00,2.407481952227944200e-01,2.000000000000000000e+00,3.851971123564710719e+00,1.448992337575818329e-02,2.117150905370474234e+00,0.000000000000000000e+00,1.000000000000000000e+00,0.000000000000000000e+00,0.000000000000000000e+00
4.000000000000000000e+00,2.407481952227944200e-01,3.000000000000000000e+00,3.851971123564710719e+00,1.448992337575818329e-02,2.117150905370474234e+00,0.000000000000000000e+00,1.000000000000000000e+00,1.000000000000000000e+00,0.000000000000000000e+00
4.000000000000000000e+00,2.407481952227944200e-01,4.000000000000000000e+00,3.851971123564710719e+00,1.448992337575818329e-02,2.117150905370474234e+00,0.000000000000000000e+00,1.000000000000000000e+00,1.000000000000000000e+00,0.000000000000000000e+00
4.000000000000000000e+00,2.455509432233752010e-01,1.000000000000000000e+00,3.928815091574003215e+00,1.507381642947230871e-02,2.097398025796133769e+00,0.000000000000000000e+00,1.000000000000000000e+00,0.000000000000000000e+00,0.000000000000000000e+00
4.000000000000000000e+00,2.455509432233752010e-01,2.000000000000000000e+00,3.928815091574003215e+00,1.507381642947230871e-02,2.097398025796133769e+00,0.000000000000000000e+00,1.000000000000000000e+00,0.000000000000000000e+00,0.000000000000000000e+00
4.000000000000000000e+00,2.455509432233752010e-01,3.000000000000000000e+00,3.928815091574003215e+00,1.507381642947230871e-02,2.097398025796133769e+00,0.000000000000000000e+00,1.000000000000000000e+00,1.000000000000000000e+00,0.000000000000000000e+00
4.000000000000000000e+00,2.455509432233752010e-01,4.000000000000000000e+00,3.928815091574003215e+00,1.507381642947230871e-02,2.097398025796133769e+00,0.000000000000000000e+00,1.000000000000000000e+00,1.000000000000000000e+00,0.000000000000000000e+00
4.000000000000000000e+00,2.504495024857423258e-01,1.000000000000000000e+00,4.007192039771877212e+00,1.568123832383896271e-02,2.077645146221793748e+00,0.000000000000000000e+00,1.000000000000000000e+00,0.000000000000000000e+00,0.000000000000000000e+00
4.000000000000000000e+00,2.504495024857423258e-01,2.000000000000000000e+00,4.007192039771877212e+00,1.568123832383896271e-02,2.077645146221793748e+00,0.000000000000000000e+00,1.000000000000000000e+00,0.000000000000000000e+00,0.000000000000000000e+00
4.000000000000000000e+00,2.504495024857423258e-01,3.000000000000000000e+00,4.007192039771877212e+00,1.568123832383896271e-02,2.077645146221793748e+00,0.000000000000000000e+00,1.000000000000000000e+00,1.000000000000000000e+00,0.000000000000000000e+00
4.000000000000000000e+00,2.504495024857423258e-01,4.000000000000000000e+00,4.007192039771877212e+00,1.568123832383896271e-02,2.077645146221793748e+00,0.000000000000000000e+00,1.000000000000000000e+00,1.000000000000000000e+00,0.000000000000000000e+00
4.000000000000000000e+00,2.554457843735326028e-01,1.000000000000000000e+00,4.087132549976521645e+00,1.631313718855232839e-02,2.057892266647453727e+00,0.000000000000000000e+00,1.000000000000000000e+00,0.000000000000000000e+00,0.000000000000000000e+00
4.000000000000000000e+00,2.554457843735326028e-01,2.000000000000000000e+00,4.087132549976521645e+00,1.631313718855232839e-02,2.057892266647453727e+00,0.000000000000000000e+00,1.000000000000000000e+00,0.000000000000000000e+00,0.000000000000000000e+00
4.000000000000000000e+00,2.554457843735326028e-01,3.000000000000000000e+00,4.087132549976521645e+00,1.631313718855232839e-02,2.057892266647453727e+00,0.000000000000000000e+00,1.000000000000000000e+00,1.000000000000000000e+00,0.000000000000000000e+00
4.000000000000000000e+00,2.554457843735326028e-01,4.000000000000000000e+00,4.087132549976521645e+00,1.631313718855232839e-02,2.057892266647453727e+00,0.000000000000000000e+00,1.000000000000000000e+00,1.000000000000000000e+00,0.000000000000000000e+00
4.000000000000000000e+00,2.605417383806702958e-01,1.000000000000000000e+00,4.168667814090724733e+00,1.697049935960541142e-02,2.038139387073113706e+00,0.000000000000000000e+00,1.000000000000000000e+00,0.000000000000000000e+00,0.000000000000000000e+00
4.000000000000000000e+00,2.605417383806702958e-01,2.000000000000000000e+00,4.168667814090724733e+00,1.697049935960541142e-02,2.038139387073113706e+00,0.000000000000000000e+00,1.000000000000000000e+00,0.000000000000000000e+00,0.000000000000000000e+00
4.000000000000000000e+00,2.605417383806702958e-01,3.000000000000000000e+00,4.168667814090724733e+00,1.697049935960541142e-02,2.038139387073113706e+00,0.000000000000000000e+00,1.000000000000000000e+00,1.000000000000000000e+00,0.000000000000000000e+00
4.000000000000000000e+00,2.605417383806702958e-01,4.000000000000000000e+00,4.168667814090724733e+00,1.697049935960541142e-02,2.038139387073113706e+00,0.000000000000000000e+00,1.000000000000000000e+00,1.000000000000000000e+00,0.000000000000000000e+00
4.000000000000000000e+00,2.657393528920380943e-01,1.000000000000000000e+00,4.251829646272609509e+00,1.765435091886978849e-02,2.018386507498773685e+00,0.000000000000000000e+00,1.000000000000000000e+00,0.000000000000000000e+00,0.000000000000000000e+00
4.000000000000000000e+00,2.657393528920380943e-01,2.000000000000000000e+00,4.251829646272609509e+00,1.765435091886978849e-02,2.018386507498773685e+00,0.000000000000000000e+00,1.000000000000000000e+00,0.000000000000000000e+00,0.000000000000000000e+00
4.000000000000000000e+00,2.657393528920380943e-01,3.000000000000000000e+00,4.251829646272609509e+00,1.765435091886978849e-02,2.018386507498773685e+00,0.000000000000000000e+00,1.000000000000000000e+00,1.000000000000000000e+00,0.000000000000000000e+00
4.000000000000000000e+00,2.657393528920380943e-01,4.000000000000000000e+00,4.251829646272609509e+00,1.765435091886978849e-02,2.018386507498773685e+00,0.000000000000000000e+00,1.000000000000000000e+00,1.000000000000000000e+00,0.000000000000000000e+00
4.000000000000000000e+00,2.710406559593228071e-01,1.000000000000000000e+00,4.336650495349164913e+00,1.836575929571499649e-02,1.998633627924433886e+00,0.000000000000000000e+00,1.000000000000000000e+00,0.000000000000000000e+00,0.000000000000000000e+00
4.000000000000000000e+00,2.710406559593228071e-01,2.000000000000000000e+00,4.336650495349164913e+00,1.836575929571499649e-02,1.998633627924433886e+00,0.000000000000000000e+00,1.000000000000000000e+00,1.000000000000000000e+00,0.000000000000000000e+00
4.000000000000000000e+00,2.710406559593228071e-01,3.000000000000000000e+00,4.336650495349164913e+00,1.836575929571499649e-02,1.998633627924433886e+00,0.000000000000000000e+00,1.000000000000000000e+00,1.000000000000000000e+00,0.000000000000000000e+00
4.000000000000000000e+00,2.710406559593228071e-01,4.000000000000000000e+00,4.336650495349164913e+00,1.836575929571499649e-02,1.998633627924433886e+00,0.000000000000000000e+00,1.000000000000000000e+00,1.000000000000000000e+00,0.000000000000000000e+00
4.000000000000000000e+00,2.764477160923388688e-01,1.000000000000000000e+00,4.423163457477421900e+00,1.910583493316759737e-02,1.978880748350093643e+00,0.000000000000000000e+00,1.000000000000000000e+00,0.000000000000000000e+00,0.000000000000000000e+00
4.000000000000000000e+00,2.764477160923388688e-01,2.000000000000000000e+00,4.423163457477421900e+00,1.910583493316759737e-02,1.978880748350093643e+00,0.000000000000000000e+00,1.000000000000000000e+00,1.000000000000000000e+00,0.000000000000000000e+00
4.000000000000000000e+00,2.764477160923388688e-01,3.000000000000000000e+00,4.423163457477421900e+00,1.910583493316759737e-02,1.978880748350093643e+00,0.000000000000000000e+00,1.000000000000000000e+00,1.000000000000000000e+00,0.000000000000000000e+00
4.000000000000000000e+00,2.764477160923388688e-01,4.000000000000000000e+00,4.423163457477421900e+00,1.910583493316759737e-02,1.978880748350093643e+00,0.000000000000000000e+00,1.000000000000000000e+00,1.000000000000000000e+00,0.000000000000000000e+00
4.000000000000000000e+00,2.819626430661378302e-01,1.000000000000000000e+00,4.511402289058205284e+00,1.987573302121056068e-02,1.959127868775753623e+00,0.000000000000000000e+00,1.000000000000000000e+00,0.000000000000000000e+00,0.000000000000000000e+00
4.000000000000000000e+00,2.819626430661378302e-01,2.000000000000000000e+00,4.511402289058205284e+00,1.987573302121056068e-02,1.959127868775753623e+00,0.000000000000000000e+00,1.000000000000000000e+00,1.000000000000000000e+00,0.000000000000000000e+00
4.000000000000000000e+00,2.819626430661378302e-01,3.000000000000000000e+00,4.511402289058205284e+00,1.987573302121056068e-02,1.959127868775753623e+00,0.000000000000000000e+00,1.000000000000000000e+00,1.000000000000000000e+00,0.000000000000000000e+00
4.000000000000000000e+00,2.819626430661378302e-01,4.000000000000000000e+00,4.511402289058205284e+00,1.987573302121056068e-02,1.959127868775753623e+00,0.000000000000000000e+00,1.000000000000000000e+00,1.000000000000000000e+00,0.000000000000000000e+00
4.000000000000000000e+00,2.875875887442192469e-01,1.000000000000000000e+00,4.601401419907507950e+00,2.067665529992854592e-02,1.939374989201413602e+00,0.000000000000000000e+00,1.000000000000000000e+00,0.000000000000000000e+00,0.000000000000000000e+00
4.000000000000000000e+00,2.875875887442192469e-01,2.000000000000000000e+00,4.601401419907507950e+00,2.067665529992854592e-02,1.939374989201413602e+00,0.000000000000000000e+00,1.000000000000000000e+00,1.000000000000000000e+00,0.000000000000000000e+00
4.000000000000000000e+00,2.875875887442192469e-01,3.000000000000000000e+00,4.601401419907507950e+00,2.067665529992854592e-02,1.939374989201413602e+00,0.000000000000000000e+00,1.000000000000000000e+00,1.000000000000000000e+00,0.000000000000000000e+00
4.000000000000000000e+00,2.875875887442192469e-01,4.000000000000000000e+00,4.601401419907507950e+00,2.067665529992854592e-02,1.939374989201413602e+00,0.000000000000000000e+00,1.000000000000000000e+00,1.000000000000000000e+00,0.000000000000000000e+00
4.000000000000000000e+00,2.933247479181642081e-01,1.000000000000000000e+00,4.693195966690627330e+00,2.150985193531364595e-02,1.919622109627073581e+00,0.000000000000000000e+00,1.000000000000000000e+00,0.000000000000000000e+00,0.000000000000000000e+00
4.000000000000000000e+00,2.933247479181642081e-01,2.000000000000000000e+00,4.693195966690627330e+00,2.150985193531364595e-02,1.919622109627073581e+00,0.000000000000000000e+00,1.000000000000000000e+00,1.000000000000000000e+00,0.000000000000000000e+00
4.000000000000000000e+00,2.933247479181642081e-01,3.000000000000000000e+00,4.693195966690627330e+00,2.150985193531364595e-02,1.919622109627073581e+00,0.000000000000000000e+00,1.000000000000000000e+00,1.000000000000000000e+00,0.000000000000000000e+00
4.000000000000000000e+00,2.933247479181642081e-01,4.000000000000000000e+00,4.693195966690627330e+00,2.150985193531364595e-02,1.919622109627073581e+00,0.000000000000000000e+00,1.000000000000000000e+00,1.000000000000000000e+00,0.000000000000000000e+00
4.000000000000000000e+00,2.991763591640184683e-01,1.000000000000000000e+00,4.786821746624295493e+00,2.237662347065944371e-02,1.899869230052733560e+00,0.000000000000000000e+00,1.000000000000000000e+00,0.000000000000000000e+00,0.000000000000000000e+00
4.000000000000000000e+00,2.991763591640184683e-01,2.000000000000000000e+00,4.786821746624295493e+00,2.237662347065944371e-02,1.899869230052733560e+00,0.000000000000000000e+00,1.000000000000000000e+00,1.000000000000000000e+00,0.000000000000000000e+00
4.000000000000000000e+00,2.991763591640184683e-01,3.000000000000000000e+00,4.786821746624295493e+00,2.237662347065944371e-02,1.899869230052733560e+00,0.000000000000000000e+00,1.000000000000000000e+00,1.000000000000000000e+00,0.000000000000000000e+00
4.000000000000000000e+00,2.991763591640184683e-01,4.000000000000000000e+00,4.786821746624295493e+00,2.237662347065944371e-02,1.899869230052733560e+00,0.000000000000000000e+00,1.000000000000000000e+00,1.000000000000000000e+00,0.000000000000000000e+00
4.000000000000000000e+00,3.051447057157602449e-01,1.000000000000000000e+00,4.882315291452163919e+00,2.327832285658948050e-02,1.880116350478393539e+00,0.000000000000000000e+00,1.000000000000000000e+00,0.000000000000000000e+00,0.000000000000000000e+00
4.000000000000000000e+00,3.051447057157602449e-01,2.000000000000000000e+00,4.882315291452163919e+00,2.327832285658948050e-02,1.880116350478393539e+00,0.000000000000000000e+00,1.000000000000000000e+00,1.000000000000000000e+00,0.000000000000000000e+00
4.000000000000000000e+00,3.051447057157602449e-01,3.000000000000000000e+00,4.882315291452163919e+00,2.327832285658948050e-02,1.880116350478393539e+00,0.000000000000000000e+00,1.000000000000000000e+00,1.000000000000000000e+00,0.000000000000000000e+00
4.000000000000000000e+00,3.051447057157602449e-01,4.000000000000000000e+00,4.882315291452163919e+00,2.327832285658948050e-02,1.880116350478393539e+00,0.000000000000000000e+00,1.000000000000000000e+00,1.000000000000000000e+00,0.000000000000000000e+00
4.000000000000000000e+00,3.112321163561929671e-01,1.000000000000000000e+00,4.979713861699087474e+00,2.421635756288870872e-02,1.860363470904052852e+00,0.000000000000000000e+00,1.000000000000000000e+00,0.000000000000000000e+00,0.000000000000000000e+00
4.000000000000000000e+00,3.112321163561929671e-01,2.000000000000000000e+00,4.979713861699087474e+00,2.421635756288870872e-02,1.860363470904052852e+00,0.000000000000000000e+00,1.000000000000000000e+00,1.000000000000000000e+00,0.000000000000000000e+00
4.000000000000000000e+00,3.112321163561929671e-01,3.000000000000000000e+00,4.979713861699087474e+00,2.421635756288870872e-02,1.860363470904052852e+00,0.000000000000000000e+00,1.000000000000000000e+00,1.000000000000000000e+00,0.000000000000000000e+00
4.000000000000000000e+00,3.112321163561929671e-01,4.000000000000000000e+00,4.979713861699087474e+00,2.421635756288870872e-02,1.860363470904052852e+00,0.000000000000000000e+00,1.000000000000000000e+00,1.000000000000000000e+00,0.000000000000000000e+00
4.000000000000000000e+00,3.174409663256097525e-01,1.000000000000000000e+00,5.079055461209756039e+00,2.519219177543422644e-02,1.840610591329713275e+00,0.000000000000000000e+00,1.000000000000000000e+00,0.000000000000000000e+00,0.000000000000000000e+00
4.000000000000000000e+00,3.174409663256097525e-01,2.000000000000000000e+00,5.079055461209756039e+00,2.519219177543422644e-02,1.840610591329713275e+00,0.000000000000000000e+00,1.000000000000000000e+00,1.000000000000000000e+00,0.000000000000000000e+00
4.000000000000000000e+00,3.174409663256097525e-01,3.000000000000000000e+00,5.079055461209756039e+00,2.519219177543422644e-02,1.840610591329713275e+00,0.000000000000000000e+00,1.000000000000000000e+00,1.000000000000000000e+00,0.000000000000000000e+00
4.000000000000000000e+00,3.174409663256097525e-01,4.000000000000000000e+00,5.079055461209756039e+00,2.519219177543422644e-02,1.840610591329713275e+00,0.000000000000000000e+00,1.000000000000000000e+00,1.000000000000000000e+00,0.000000000000000000e+00
4.000000000000000000e+00,3.237736782485876041e-01,1.000000000000000000e+00,5.180378851977401666e+00,2.620734868165498083e-02,1.820857711755372810e+00,0.000000000000000000e+00,1.000000000000000000e+00,0.000000000000000000e+00,0.000000000000000000e+00
4.000000000000000000e+00,3.237736782485876041e-01,2.000000000000000000e+00,5.180378851977401666e+00,2.620734868165498083e-02,1.820857711755372810e+00,0.000000000000000000e+00,1.000000000000000000e+00,1.000000000000000000e+00,0.000000000000000000e+00
4.000000000000000000e+00,3.237736782485876041e-01,3.000000000000000000e+00,5.180378851977401666e+00,2.620734868165498083e-02,1.820857711755372810e+00,0.000000000000000000e+00,1.000000000000000000e+00,1.000000000000000000e+00,0.000000000000000000e+00
4.000000000000000000e+00,3.237736782485876041e-01,4.000000000000000000e+00,5.180378851977401666e+00,2.620734868165498083e-02,1.820857711755372810e+00,0.000000000000000000e+00,1.000000000000000000e+00,1.000000000000000000e+00,0.000000000000000000e+00
4.000000000000000000e+00,3.302327230792663770e-01,1.000000000000000000e+00,5.283723569268262032e+00,2.726341284808685844e-02,1.801104832181033233e+00,0.000000000000000000e+00,1.000000000000000000e+00,0.000000000000000000e+00,0.000000000000000000e+00
4.000000000000000000e+00,3.302327230792663770e-01,2.000000000000000000e+00,5.283723569268262032e+00,2.726341284808685844e-02,1.801104832181033233e+00,0.000000000000000000e+00,1.000000000000000000e+00,1.000000000000000000e+00,0.000000000000000000e+00
4.000000000000000000e+00,3.302327230792663770e-01,3.000000000000000000e+00,5.283723569268262032e+00,2.726341284808685844e-02,1.801104832181033233e+00,0.000000000000000000e+00,1.000000000000000000e+00,1.000000000000000000e+00,0.000000000000000000e+00
4.000000000000000000e+00,3.302327230792663770e-01,4.000000000000000000e+00,5.283723569268262032e+00,2.726341284808685844e-02,1.801104832181033233e+00,0.000000000000000000e+00,1.000000000000000000e+00,1.000000000000000000e+00,0.000000000000000000e+00
4.000000000000000000e+00,3.368206210654904886e-01,1.000000000000000000e+00,5.389129937047847818e+00,2.836203269373568231e-02,1.781351952606692768e+00,0.000000000000000000e+00,1.000000000000000000e+00,0.000000000000000000e+00,0.000000000000000000e+00
4.000000000000000000e+00,3.368206210654904886e-01,2.000000000000000000e+00,5.389129937047847818e+00,2.836203269373568231e-02,1.781351952606692768e+00,0.000000000000000000e+00,1.000000000000000000e+00,1.000000000000000000e+00,0.000000000000000000e+00
4.000000000000000000e+00,3.368206210654904886e-01,3.000000000000000000e+00,5.389129937047847818e+00,2.836203269373568231e-02,1.781351952606692768e+00,0.000000000000000000e+00,1.000000000000000000e+00,1.000000000000000000e+00,0.000000000000000000e+00
4.000000000000000000e+00,3.368206210654904886e-01,4.000000000000000000e+00,5.389129937047847818e+00,2.836203269373568231e-02,1.781351952606692768e+00,0.000000000000000000e+00,1.000000000000000000e+00,1.000000000000000000e+00,0.000000000000000000e+00
4.000000000000000000e+00,3.435399427321787491e-01,1.000000000000000000e+00,5.496639083714859986e+00,2.950492306310716420e-02,1.761599073032353191e+00,0.000000000000000000e+00,1.000000000000000000e+00,0.000000000000000000e+00,0.000000000000000000e+00
4.000000000000000000e+00,3.435399427321787491e-01,2.000000000000000000e+00,5.496639083714859986e+00,2.950492306310716420e-02,1.761599073032353191e+00,0.000000000000000000e+00,1.000000000000000000e+00,1.000000000000000000e+00,0.000000000000000000e+00
4.000000000000000000e+00,3.435399427321787491e-01,3.000000000000000000e+00,5.496639083714859986e+00,2.950492306310716420e-02,1.761599073032353191e+00,0.000000000000000000e+00,1.000000000000000000e+00,1.000000000000000000e+00,0.000000000000000000e+00
4.000000000000000000e+00,3.435399427321787491e-01,4.000000000000000000e+00,5.496639083714859986e+00,2.950492306310716420e-02,1.761599073032353191e+00,0.000000000000000000e+00,1.000000000000000000e+00,1.000000000000000000e+00,0.000000000000000000e+00
4.000000000000000000e+00,3.503933098843177163e-01,1.000000000000000000e+00,5.606292958149083461e+00,3.069386790292187583e-02,1.741846193458012726e+00,0.000000000000000000e+00,1.000000000000000000e+00,0.000000000000000000e+00,0.000000000000000000e+00
4.000000000000000000e+00,3.503933098843177163e-01,2.000000000000000000e+00,5.606292958149083461e+00,3.069386790292187583e-02,1.741846193458012726e+00,0.000000000000000000e+00,1.000000000000000000e+00,1.000000000000000000e+00,0.000000000000000000e+00
4.000000000000000000e+00,3.503933098843177163e-01,3.000000000000000000e+00,5.606292958149083461e+00,3.069386790292187583e-02,1.741846193458012726e+00,0.000000000000000000e+00,1.000000000000000000e+00,1.000000000000000000e+00,0.000000000000000000e+00
4.000000000000000000e+00,3.503933098843177163e-01,4.000000000000000000e+00,5.606292958149083461e+00,3.069386790292187583e-02,1.741846193458012726e+00,0.000000000000000000e+00,1.000000000000000000e+00,1.000000000000000000e+00,0.000000000000000000e+00
4.000000000000000000e+00,3.573833966299586606e-01,1.000000000000000000e+00,5.718134346079338570e+00,3.193072304669158923e-02,1.722093313883672039e+00,0.000000000000000000e+00,1.000000000000000000e+00,0.000000000000000000e+00,0.000000000000000000e+00
4.000000000000000000e+00,3.573833966299586606e-01,2.000000000000000000e+00,5.718134346079338570e+00,3.193072304669158923e-02,1.722093313883672039e+00,0.000000000000000000e+00,1.000000000000000000e+00,1.000000000000000000e+00,0.000000000000000000e+00
4.000000000000000000e+00,3.573833966299586606e-01,3.000000000000000000e+00,5.718134346079338570e+00,3.193072304669158923e-02,1.722093313883672039e+00,0.000000000000000000e+00,1.000000000000000000e+00,1.000000000000000000e+00,0.000000000000000000e+00
4.000000000000000000e+00,3.573833966299586606e-01,4.000000000000000000e+00,5.718134346079338570e+00,3.193072304669158923e-02,1.722093313883672039e+00,0.000000000000000000e+00,1.000000000000000000e+00,1.000000000000000000e+00,0.000000000000000000e+00
4.000000000000000000e+00,3.645129304236256473e-01,1.000000000000000000e+00,5.832206886778010357e+00,3.321741911150474097e-02,1.702340434309332462e+00,0.000000000000000000e+00,1.000000000000000000e+00,0.000000000000000000e+00,0.000000000000000000e+00
4.000000000000000000e+00,3.645129304236256473e-01,2.000000000000000000e+00,5.832206886778010357e+00,3.321741911150474097e-02,1.702340434309332462e+00,0.000000000000000000e+00,1.000000000000000000e+00,1.000000000000000000e+00,0.000000000000000000e+00
4.000000000000000000e+00,3.645129304236256473e-01,3.000000000000000000e+00,5.832206886778010357e+00,3.321741911150474097e-02,1.702340434309332462e+00,0.000000000000000000e+00,1.000000000000000000e+00,1.000000000000000000e+00,0.000000000000000000e+00
4.000000000000000000e+00,3.645129304236256473e-01,4.000000000000000000e+00,5.832206886778010357e+00,3.321741911150474097e-02,1.702340434309332462e+00,0.000000000000000000e+00,1.000000000000000000e+00,1.000000000000000000e+00,0.000000000000000000e+00
4.000000000000000000e+00,3.717846931305395786e-01,1.000000000000000000e+00,5.948555090088633257e+00,3.455596451154237247e-02,1.682587554734991997e+00,0.000000000000000000e+00,1.000000000000000000e+00,0.000000000000000000e+00,0.000000000000000000e+00
4.000000000000000000e+00,3.717846931305395786e-01,2.000000000000000000e+00,5.948555090088633257e+00,3.455596451154237247e-02,1.682587554734991997e+00,0.000000000000000000e+00,1.000000000000000000e+00,1.000000000000000000e+00,0.000000000000000000e+00
4.000000000000000000e+00,3.717846931305395786e-01,3.000000000000000000e+00,5.948555090088633257e+00,3.455596451154237247e-02,1.682587554734991997e+00,0.000000000000000000e+00,1.000000000000000000e+00,1.000000000000000000e+00,0.000000000000000000e+00
4.000000000000000000e+00,3.717846931305395786e-01,4.000000000000000000e+00,5.948555090088633257e+00,3.455596451154237247e-02,1.682587554734991997e+00,0.000000000000000000e+00,1.000000000000000000e+00,1.000000000000000000e+00,0.000000000000000000e+00
4.000000000000000000e+00,3.792015221120684232e-01,1.000000000000000000e+00,6.067224353793094771e+00,3.594844859302737811e-02,1.662834675160652420e+00,0.000000000000000000e+00,1.000000000000000000e+00,0.000000000000000000e+00,0.000000000000000000e+00
4.000000000000000000e+00,3.792015221120684232e-01,2.000000000000000000e+00,6.067224353793094771e+00,3.594844859302737811e-02,1.662834675160652420e+00,0.000000000000000000e+00,1.000000000000000000e+00,1.000000000000000000e+00,0.000000000000000000e+00
4.000000000000000000e+00,3.792015221120684232e-01,3.000000000000000000e+00,6.067224353793094771e+00,3.594844859302737811e-02,1.662834675160652420e+00,0.000000000000000000e+00,1.000000000000000000e+00,1.000000000000000000e+00,0.000000000000000000e+00
4.000000000000000000e+00,3.792015221120684232e-01,4.000000000000000000e+00,6.067224353793094771e+00,3.594844859302737811e-02,1.662834675160652420e+00,0.000000000000000000e+00,1.000000000000000000e+00,1.000000000000000000e+00,0.000000000000000000e+00
4.000000000000000000e+00,3.867663113328373425e-01,1.000000000000000000e+00,6.188260981325397481e+00,3.739704489550231548e-02,1.643081795586311955e+00,0.000000000000000000e+00,1.000000000000000000e+00,0.000000000000000000e+00,0.000000000000000000e+00
4.000000000000000000e+00,3.867663113328373425e-01,2.000000000000000000e+00,6.188260981325397481e+00,3.739704489550231548e-02,1.643081795586311955e+00,0.000000000000000000e+00,1.000000000000000000e+00,1.000000000000000000e+00,0.000000000000000000e+00
4.000000000000000000e+00,3.867663113328373425e-01,3.000000000000000000e+00,6.188260981325397481e+00,3.739704489550231548e-02,1.643081795586311955e+00,0.000000000000000000e+00,1.000000000000000000e+00,1.000000000000000000e+00,0.000000000000000000e+00
4.000000000000000000e+00,3.867663113328373425e-01,4.000000000000000000e+00,6.188260981325397481e+00,3.739704489550231548e-02,1.643081795586311955e+00,0.000000000000000000e+00,1.000000000000000000e+00,1.000000000000000000e+00,0.000000000000000000e+00
4.000000000000000000e+00,3.944820124899185987e-01,1.000000000000000000e+00,6.311712199838697579e+00,3.890401454452407232e-02,1.623328916011972378e+00,0.000000000000000000e+00,1.000000000000000000e+00,0.000000000000000000e+00,0.000000000000000000e+00
4.000000000000000000e+00,3.944820124899185987e-01,2.000000000000000000e+00,6.311712199838697579e+00,3.890401454452407232e-02,1.623328916011972378e+00,0.000000000000000000e+00,1.000000000000000000e+00,1.000000000000000000e+00,0.000000000000000000e+00
4.000000000000000000e+00,3.944820124899185987e-01,3.000000000000000000e+00,6.311712199838697579e+00,3.890401454452407232e-02,1.623328916011972378e+00,0.000000000000000000e+00,1.000000000000000000e+00,1.000000000000000000e+00,0.000000000000000000e+00
4.000000000000000000e+00,3.944820124899185987e-01,4.000000000000000000e+00,6.311712199838697579e+00,3.890401454452407232e-02,1.623328916011972378e+00,0.000000000000000000e+00,1.000000000000000000e+00,1.000000000000000000e+00,0.000000000000000000e+00
4.000000000000000000e+00,4.023516361645541606e-01,1.000000000000000000e+00,6.437626178632866569e+00,4.047170978107344358e-02,1.603576036437631691e+00,0.000000000000000000e+00,1.000000000000000000e+00,0.000000000000000000e+00,0.000000000000000000e+00
4.000000000000000000e+00,4.023516361645541606e-01,2.000000000000000000e+00,6.437626178632866569e+00,4.047170978107344358e-02,1.603576036437631691e+00,0.000000000000000000e+00,1.000000000000000000e+00,1.000000000000000000e+00,0.000000000000000000e+00
4.000000000000000000e+00,4.023516361645541606e-01,3.000000000000000000e+00,6.437626178632866569e+00,4.047170978107344358e-02,1.603576036437631691e+00,0.000000000000000000e+00,1.000000000000000000e+00,1.000000000000000000e+00,0.000000000000000000e+00
4.000000000000000000e+00,4.023516361645541606e-01,4.000000000000000000e+00,6.437626178632866569e+00,4.047170978107344358e-02,1.603576036437631691e+00,0.000000000000000000e+00,1.000000000000000000e+00,1.000000000000000000e+00,0.000000000000000000e+00
4.000000000000000000e+00,4.103782529968480475e-01,1.000000000000000000e+00,6.566052047949568760e+00,4.210257763318625557e-02,1.583823156863292336e+00,0.000000000000000000e+00,1.000000000000000000e+00,0.000000000000000000e+00,0.000000000000000000e+00
4.000000000000000000e+00,4.103782529968480475e-01,2.000000000000000000e+00,6.566052047949568760e+00,4.210257763318625557e-02,1.583823156863292336e+00,0.000000000000000000e+00,1.000000000000000000e+00,1.000000000000000000e+00,0.000000000000000000e+00
4.000000000000000000e+00,4.103782529968480475e-01,3.000000000000000000e+00,6.566052047949568760e+00,4.210257763318625557e-02,1.583823156863292336e+00,0.000000000000000000e+00,1.000000000000000000e+00,1.000000000000000000e+00,0.000000000000000000e+00
4.000000000000000000e+00,4.103782529968480475e-01,4.000000000000000000e+00,6.566052047949568760e+00,4.210257763318625557e-02,1.583823156863292336e+00,0.000000000000000000e+00,1.000000000000000000e+00,1.000000000000000000e+00,0.000000000000000000e+00
4.000000000000000000e+00,4.185649948838995327e-01,1.000000000000000000e+00,6.697039918142392523e+00,4.379916373553970760e-02,1.564070277288951649e+00,0.000000000000000000e+00,1.000000000000000000e+00,0.000000000000000000e+00,0.000000000000000000e+00
4.000000000000000000e+00,4.185649948838995327e-01,2.000000000000000000e+00,6.697039918142392523e+00,4.379916373553970760e-02,1.564070277288951649e+00,0.000000000000000000e+00,1.000000000000000000e+00,1.000000000000000000e+00,0.000000000000000000e+00
4.000000000000000000e+00,4.185649948838995327e-01,3.000000000000000000e+00,6.697039918142392523e+00,4.379916373553970760e-02,1.564070277288951649e+00,0.000000000000000000e+00,1.000000000000000000e+00,1.000000000000000000e+00,0.000000000000000000e+00
4.000000000000000000e+00,4.185649948838995327e-01,4.000000000000000000e+00,6.697039918142392523e+00,4.379916373553970760e-02,1.564070277288951649e+00,0.000000000000000000e+00,1.000000000000000000e+00,1.000000000000000000e+00,0.000000000000000000e+00
4.000000000000000000e+00,4.269150562018311224e-01,1.000000000000000000e+00,6.830640899229297958e+00,4.556411630295315734e-02,1.544317397714612072e+00,0.000000000000000000e+00,1.000000000000000000e+00,0.000000000000000000e+00,0.000000000000000000e+00
4.000000000000000000e+00,4.269150562018311224e-01,2.000000000000000000e+00,6.830640899229297958e+00,4.556411630295315734e-02,1.544317397714612072e+00,0.000000000000000000e+00,1.000000000000000000e+00,1.000000000000000000e+00,0.000000000000000000e+00
4.000000000000000000e+00,4.269150562018311224e-01,3.000000000000000000e+00,6.830640899229297958e+00,4.556411630295315734e-02,1.544317397714612072e+00,0.000000000000000000e+00,1.000000000000000000e+00,1.000000000000000000e+00,0.000000000000000000e+00
4.000000000000000000e+00,4.269150562018311224e-01,4.000000000000000000e+00,6.830640899229297958e+00,4.556411630295315734e-02,1.544317397714612072e+00,0.000000000000000000e+00,1.000000000000000000e+00,1.000000000000000000e+00,0.000000000000000000e+00
4.000000000000000000e+00,4.354316950522024166e-01,1.000000000000000000e+00,6.966907120835238665e+00,4.740019026400855290e-02,1.524564518140271607e+00,0.000000000000000000e+00,1.000000000000000000e+00,0.000000000000000000e+00,0.000000000000000000e+00
4.000000000000000000e+00,4.354316950522024166e-01,2.000000000000000000e+00,6.966907120835238665e+00,4.740019026400855290e-02,1.524564518140271607e+00,0.000000000000000000e+00,1.000000000000000000e+00,1.000000000000000000e+00,0.000000000000000000e+00
4.000000000000000000e+00,4.354316950522024166e-01,3.000000000000000000e+00,6.966907120835238665e+00,4.740019026400855290e-02,1.524564518140271607e+00,0.000000000000000000e+00,1.000000000000000000e+00,1.000000000000000000e+00,0.000000000000000000e+00
4.000000000000000000e+00,4.354316950522024166e-01,4.000000000000000000e+00,6.966907120835238665e+00,4.740019026400855290e-02,1.524564518140271607e+00,0.000000000000000000e+00,1.000000000000000000e+00,1.000000000000000000e+00,0.000000000000000000e+00
4.000000000000000000e+00,4.441182345332817527e-01,1.000000000000000000e+00,7.105891752532508043e+00,4.931025156123976239e-02,1.504811638565932030e+00,0.000000000000000000e+00,1.000000000000000000e+00,0.000000000000000000e+00,0.000000000000000000e+00
4.000000000000000000e+00,4.441182345332817527e-01,2.000000000000000000e+00,7.105891752532508043e+00,4.931025156123976239e-02,1.504811638565932030e+00,0.000000000000000000e+00,1.000000000000000000e+00,1.000000000000000000e+00,0.000000000000000000e+00
4.000000000000000000e+00,4.441182345332817527e-01,3.000000000000000000e+00,7.105891752532508043e+00,4.931025156123976239e-02,1.504811638565932030e+00,0.000000000000000000e+00,1.000000000000000000e+00,1.000000000000000000e+00,0.000000000000000000e+00
4.000000000000000000e+00,4.441182345332817527e-01,4.000000000000000000e+00,7.105891752532508043e+00,4.931025156123976239e-02,1.504811638565932030e+00,0.000000000000000000e+00,1.000000000000000000e+00,1.000000000000000000e+00,0.000000000000000000e+00
4.000000000000000000e+00,4.529780640366860012e-01,1.000000000000000000e+00,7.247649024586976019e+00,5.129728162460599900e-02,1.485058758991591565e+00,0.000000000000000000e+00,1.000000000000000000e+00,0.000000000000000000e+00,0.000000000000000000e+00
4.000000000000000000e+00,4.529780640366860012e-01,2.000000000000000000e+00,7.247649024586976019e+00,5.129728162460599900e-02,1.485058758991591565e+00,0.000000000000000000e+00,1.000000000000000000e+00,1.000000000000000000e+00,0.000000000000000000e+00
4.000000000000000000e+00,4.529780640366860012e-01,3.000000000000000000e+00,7.247649024586976019e+00,5.129728162460599900e-02,1.485058758991591565e+00,0.000000000000000000e+00,1.000000000000000000e+00,1.000000000000000000e+00,0.000000000000000000e+00
4.000000000000000000e+00,4.529780640366860012e-01,4.000000000000000000e+00,7.247649024586976019e+00,5.129728162460599900e-02,1.485058758991591565e+00,0.000000000000000000e+00,1.000000000000000000e+00,1.000000000000000000e+00,0.000000000000000000e+00
4.000000000000000000e+00,4.620146405698798975e-01,1.000000000000000000e+00,7.392234249118078360e+00,5.336438202522882784e-02,1.465305879417251989e+00,0.000000000000000000e+00,1.000000000000000000e+00,0.000000000000000000e+00,0.000000000000000000e+00
4.000000000000000000e+00,4.620146405698798975e-01,2.000000000000000000e+00,7.392234249118078360e+00,5.336438202522882784e-02,1.465305879417251989e+00,0.000000000000000000e+00,1.000000000000000000e+00,1.000000000000000000e+00,0.000000000000000000e+00
4.000000000000000000e+00,4.620146405698798975e-01,3.000000000000000000e+00,7.392234249118078360e+00,5.336438202522882784e-02,1.465305879417251989e+00,0.000000000000000000e+00,1.000000000000000000e+00,1.000000000000000000e+00,0.000000000000000000e+00
4.000000000000000000e+00,4.620146405698798975e-01,4.000000000000000000e+00,7.392234249118078360e+00,5.336438202522882784e-02,1.465305879417251989e+00,0.000000000000000000e+00,1.000000000000000000e+00,1.000000000000000000e+00,0.000000000000000000e+00
4.000000000000000000e+00,4.712314901050659310e-01,1.000000000000000000e+00,7.539703841681054897e+00,5.551477931666021215e-02,1.445552999842911523e+00,0.000000000000000000e+00,1.000000000000000000e+00,0.000000000000000000e+00,0.000000000000000000e+00
4.000000000000000000e+00,4.712314901050659310e-01,2.000000000000000000e+00,7.539703841681054897e+00,5.551477931666021215e-02,1.445552999842911523e+00,0.000000000000000000e+00,1.000000000000000000e+00,1.000000000000000000e+00,0.000000000000000000e+00
4.000000000000000000e+00,4.712314901050659310e-01,3.000000000000000000e+00,7.539703841681054897e+00,5.551477931666021215e-02,1.445552999842911523e+00,0.000000000000000000e+00,1.000000000000000000e+00,1.000000000000000000e+00,0.000000000000000000e+00
4.000000000000000000e+00,4.712314901050659310e-01,4.000000000000000000e+00,7.539703841681054897e+00,5.551477931666021215e-02,1.445552999842911523e+00,0.000000000000000000e+00,1.000000000000000000e+00,1.000000000000000000e+00,0.000000000000000000e+00
4.000000000000000000e+00,4.806322089549764365e-01,1.000000000000000000e+00,7.690115343279622984e+00,5.775183007123503576e-02,1.425800120268570836e+00,0.000000000000000000e+00,1.000000000000000000e+00,0.000000000000000000e+00,0.000000000000000000e+00
4.000000000000000000e+00,4.806322089549764365e-01,2.000000000000000000e+00,7.690115343279622984e+00,5.775183007123503576e-02,1.425800120268570836e+00,0.000000000000000000e+00,1.000000000000000000e+00,1.000000000000000000e+00,0.000000000000000000e+00
4.000000000000000000e+00,4.806322089549764365e-01,3.000000000000000000e+00,7.690115343279622984e+00,5.775183007123503576e-02,1.425800120268570836e+00,0.000000000000000000e+00,1.000000000000000000e+00,1.000000000000000000e+00,0.000000000000000000e+00
4.000000000000000000e+00,4.806322089549764365e-01,4.000000000000000000e+00,7.690115343279622984e+00,5.775183007123503576e-02,1.425800120268570836e+00,0.000000000000000000e+00,1.000000000000000000e+00,1.000000000000000000e+00,0.000000000000000000e+00
4.000000000000000000e+00,4.902204651761163934e-01,1.000000000000000000e+00,7.843527442817862294e+00,6.007902611937198517e-02,1.406047240694231260e+00,0.000000000000000000e+00,1.000000000000000000e+00,0.000000000000000000e+00,0.000000000000000000e+00
4.000000000000000000e+00,4.902204651761163934e-01,2.000000000000000000e+00,7.843527442817862294e+00,6.007902611937198517e-02,1.406047240694231260e+00,0.000000000000000000e+00,1.000000000000000000e+00,1.000000000000000000e+00,0.000000000000000000e+00
4.000000000000000000e+00,4.902204651761163934e-01,3.000000000000000000e+00,7.843527442817862294e+00,6.007902611937198517e-02,1.406047240694231260e+00,0.000000000000000000e+00,1.000000000000000000e+00,1.000000000000000000e+00,0.000000000000000000e+00
4.000000000000000000e+00,4.902204651761163934e-01,4.000000000000000000e+00,7.843527442817862294e+00,6.007902611937198517e-02,1.406047240694231260e+00,0.000000000000000000e+00,1.000000000000000000e+00,1.000000000000000000e+00,0.000000000000000000e+00
4.000000000000000000e+00,5.000000000000000000e-01,1.000000000000000000e+00,8.000000000000000000e+00,6.250000000000000000e-02,1.386294361119890572e+00,0.000000000000000000e+00,1.000000000000000000e+00,0.000000000000000000e+00,0.000000000000000000e+00
4.000000000000000000e+00,5.000000000000000000e-01,2.000000000000000000e+00,8.000000000000000000e+00,6.250000000000000000e-02,1.386294361119890572e+00,0.000000000000000000e+00,1.000000000000000000e+00,1.000000000000000000e+00,0.000000000000000000e+00
4.000000000000000000e+00,5.000000000000000000e-01,3.000000000000000000e+00,8.000000000000000000e+00,6.250000000000000000e-02,1.386294361119890572e+00,0.000000000000000000e+00,1.000000000000000000e+00,1.000000000000000000e+00,0.000000000000000000e+00
4.000000000000000000e+00,5.000000000000000000e-01,4.000000000000000000e+00,8.000000000000000000e+00,6.250000000000000000e-02,1.386294361119890572e+00,0.000000000000000000e+00,1.000000000000000000e+00,1.000000000000000000e+00,0.000000000000000000e+00
