t,cyc0,cyc1,cyc2,cyc3,total0,total1,total2,total3,rg2,rg2dot,length,b0,b1,b2,b3,a0_over_Rg,a1_over_Rg,a2_over_Rg,a3_over_Rg
0.000000000000000000e+00,4.430088114713121722e-02,4.022682116704996008e-02,6.687025761169192173e-02,5.891911453611303057e-02,5.118492081346856515e-02,-1.913673097790806743e-01,7.964827809235770772e-02,-2.116344333579793860e-02,9.999999999999997780e-01,-1.459758360958142986e-01,1.034215694928354168e+01,2.249999999999999917e-02,2.249999999999999917e-02,2.249999999999999917e-02,2.249999999999999917e-02,1.500000000000000222e-01,1.500000000000000222e-01,1.500000000000000222e-01,1.500000000000000222e-01
2.500000000000000052e-03,4.423407389699983427e-02,4.029724656128109289e-02,6.693445004697633205e-02,5.905990198283872505e-02,5.182559263787345216e-02,-1.906238151441045914e-01,7.970978292683626731e-02,-1.992386490656765721e-02,9.996354892333677578e-01,-1.456327790998498961e-01,1.034222820920097341e+01,2.250710236712422097e-02,2.252074844436323039e-02,2.250551750342223711e-02,2.251115585963573557e-02,1.500510227883471992e-01,1.500965039333826967e-01,1.500457396869920301e-01,1.500645341525473353e-01
5.000000000000000104e-03,4.416726296995449746e-02,4.036766590383285280e-02,6.699843065281230192e-02,5.919910907372919612e-02,5.246549864184593681e-02,-1.898819469219833189e-01,7.977098320606546000e-02,-1.868532874138697022e-02,9.992718360947152600e-01,-1.452897338469816002e-01,1.034231557516187472e+01,2.251416778880601169e-02,2.254146495472960157e-02,2.251103045587589044e-02,2.252224254157833908e-02,1.501018778675616006e-01,1.501928453575170352e-01,1.500914192093637245e-01,1.501287926287584451e-01
7.499999999999999722e-03,4.410045048524145056e-02,4.043807883317435820e-02,6.706219976631296043e-02,5.933672514432512812e-02,5.310463393580083097e-02,-1.891416920517572653e-01,7.983187926773981091e-02,-1.744787116125613713e-02,9.989090405536643624e-01,-1.449467011566913932e-01,1.034241902193220142e+01,2.252119629048946262e-02,2.256214953030916126e-02,2.251653887370763316e-02,2.253326003352723594e-02,1.501525652000630928e-01,1.502890242269814269e-01,1.501370385107394512e-01,1.501927753076866545e-01
1.000000000000000021e-02,4.403363855902024671e-02,4.050848498286943600e-02,6.712575772558472542e-02,5.947273973683200182e-02,5.374299365095659003e-02,-1.884030375460780393e-01,7.989247145218078550e-02,-1.621152823961637124e-02,9.985471025777659104e-01,-1.446036818662423395e-01,1.034253852422122755e+01,2.252818789810774949e-02,2.258280217000552606e-02,2.252204277325645793e-02,2.254420832595130722e-02,1.502030847500257227e-01,1.503850404950893005e-01,1.501825975349520281e-01,1.502564820770544707e-01
1.250000000000000069e-02,4.396682930412899176e-02,4.057888398157888377e-02,6.718910486977092145e-02,5.960714260131556863e-02,5.438057294141681458e-02,-1.876659704915101812e-01,7.995276010236969377e-02,-1.497633579436325781e-02,9.981860221324551086e-01,-1.442606768302887033e-01,1.034267405668225592e+01,2.253514263808158169e-02,2.260342287241644613e-02,2.252754217085347135e-02,2.255508741207779000e-02,1.502534364833787439e-01,1.504808941139005873e-01,1.502280962260468256e-01,1.503199128332218248e-01
1.499999999999999944e-02,4.390002482984950438e-02,4.064927545306393220e-02,6.725224153909357960e-02,5.973992369683332748e-02,5.501736698623141408e-02,-1.869304780488109385e-01,8.001274556397919291e-02,-1.374232938004472590e-02,9.978257991810099981e-01,-1.439176869204863429e-01,1.034282559391330025e+01,2.254206053731753340e-02,2.262401163583442273e-02,2.253303708282169276e-02,2.256589728788061314e-02,1.503036203678072835e-01,1.505765850342327128e-01,1.502735345282853741e-01,1.503830674811529600e-01
1.750000000000000167e-02,4.383322724167238588e-02,4.071965901618994355e-02,6.731516807489315579e-02,5.987107319250287163e-02,5.565337099143671112e-02,-1.861965474531855902e-01,8.007242818540194484e-02,-1.250954428024586042e-02,9.974664336845080470e-01,-1.435747130251034676e-01,1.034299311045788627e+01,2.254894162320624645e-02,2.264456845824736053e-02,2.253852752547586338e-02,2.257663795206813623e-02,1.503536363727524527e-01,1.506721132056721424e-01,1.503189123861492504e-01,1.504459459343812644e-01
2.000000000000000042e-02,4.376643864106266602e-02,4.079003428493144928e-02,6.737788481966669463e-02,6.000058146850729968e-02,5.628858019207395869e-02,-1.854641660145211479e-01,8.013180831777770574e-02,-1.127801550016565083e-02,9.971079256017858494e-01,-1.432317560486331409e-01,1.034317658080584224e+01,2.255578592362051521e-02,2.266509333733928919e-02,2.254401351512224164e-02,2.258730940607034388e-02,1.504034844694112916e-01,1.507674785765858172e-01,1.503642297443438525e-01,1.505085481149723292e-01
2.249999999999999917e-02,4.369966112522519902e-02,4.086040086837742363e-02,6.744039211710384230e-02,6.012843911703860678e-02,5.692298985418349500e-02,-1.847333211175965773e-01,8.019088631501813946e-02,-1.004777775938716679e-02,9.967502748893993791e-01,-1.428888169114055362e-01,1.034337597939421904e+01,2.256259346691322915e-02,2.268558627049110585e-02,2.254949506805839152e-02,2.259791165402547444e-02,1.504531646307358528e-01,1.508626810941325336e-01,1.504094865478018128e-01,1.505708739534853402e-01
2.500000000000000139e-02,4.363289678687085754e-02,4.093075837073767431e-02,6.750269031212105530e-02,6.025463694318085317e-02,5.755659527677496612e-02,-1.840040002222708138e-01,8.024966253382991022e-02,-8.818865484844340408e-03,9.963934815015835778e-01,-1.425458965492021335e-01,1.034359128060816246e+01,2.256936428191521488e-02,2.270604725478137659e-02,2.255497220057298829e-02,2.260844470276611104e-02,1.505026768314320640e-01,1.509577207042746838e-01,1.504546827416868293e-01,1.506329233889327213e-01
2.750000000000000014e-02,4.356614771398299030e-02,4.100110639134996876e-02,6.756477975089385246e-02,6.037916596573209699e-02,5.818939179377217996e-02,-1.832761908636504344e-01,8.030813733373526331e-02,-7.591312803988759482e-03,9.960375453902157172e-01,-1.422029959128702781e-01,1.034382245878192208e+01,2.257609839793294979e-02,2.272647628698717948e-02,2.256044492894561035e-02,2.261890856180472781e-02,1.505520210479580345e-01,1.510525973517896359e-01,1.504998182713969679e-01,1.506946963687380292e-01
2.999999999999999889e-02,4.349941598958444872e-02,4.107144452468769469e-02,6.762666078088779009e-02,6.050201741796783911e-02,5.882137477593072511e-02,-1.825498806522329598e-01,8.036631107709106547e-02,-6.365153538157324389e-03,9.956824665047768752e-01,-1.418601159679398482e-01,1.034406948819985317e+01,2.258279584474615076e-02,2.274687336358497888e-02,2.256591326944653100e-02,2.262930324331874007e-02,1.506011972585219461e-01,1.511473109802816128e-01,1.505448930825682707e-01,1.507561928486922942e-01
3.250000000000000111e-02,4.343270369150520338e-02,4.114177236036838797e-02,6.768833375088677273e-02,6.062318274834610499e-02,5.945253963272795900e-02,-1.818250572740312543e-01,8.042418412910572190e-02,-5.140421196143839938e-03,9.953282447923171850e-01,-1.415172576942403393e-01,1.034433234309747540e+01,2.258945665260525884e-02,2.276723848075155182e-02,2.257137723833651036e-02,2.263962876213502021e-02,1.506502054430794435e-01,1.512418615321932391e-01,1.505899071210779205e-01,1.508174127929087505e-01
3.500000000000000333e-02,4.336601289215104987e-02,4.121208948316303772e-02,6.774979901102030910e-02,6.074265362115478101e-02,6.008288181422482416e-02,-1.811017084906759722e-01,8.048175685785427524e-02,-3.917148967976151128e-03,9.949748801974187540e-01,-1.411744220855201126e-01,1.034461099766259196e+01,2.259608085222879204e-02,2.278757163436493857e-02,2.257683685186659406e-02,2.264988513571393469e-02,1.506990455833306930e-01,1.513362489488172535e-01,1.506348603330477653e-01,1.508783561737759293e-01
3.749999999999999861e-02,4.329934565827269627e-02,4.128239547300621010e-02,6.781105691278860315e-02,6.086042191710318294e-02,6.071239681289711254e-02,-1.803798221394974644e-01,8.053902963429142303e-02,-2.695369718900374103e-03,9.946223726621632455e-01,-1.408316101490669492e-01,1.034490542603642993e+01,2.260266847480059751e-02,2.280787282000544883e-02,2.258229212627789126e-02,2.266007238413288161e-02,1.507477176627168014e-01,1.514304731703084161e-01,1.506797526648473162e-01,1.509390229719092258e-01
4.000000000000000083e-02,4.323270405073625922e-02,4.135268990500660935e-02,6.787210780908616015e-02,6.097647973385817571e-02,6.134108016543709380e-02,-1.796593861335877285e-01,8.059600283226281414e-02,-1.475115983573330137e-03,9.942707221260969064e-01,-1.404888229053299353e-01,1.034521560231483761e+01,2.260921955196697891e-02,2.282814203295668865e-02,2.258774307780137339e-02,2.267019053006937013e-02,1.507962216664159860e-01,1.515245341356951658e-01,1.507245840630971334e-01,1.509994131761011049e-01
4.250000000000000305e-02,4.316609012429448861e-02,4.142297234945857554e-02,6.793295205422329730e-02,6.109081938652621835e-02,6.196892745452211443e-02,-1.789403884618415153e-01,8.065267682851437470e-02,-2.564199604644606489e-04,9.939199285261988148e-01,-1.401460613875437633e-01,1.034554150054952260e+01,2.261573411583372301e-02,2.284837926820662904e-02,2.259318972265766251e-02,2.268023959878362819e-02,1.508445575813392170e-01,1.516184317828915273e-01,1.507693544746718517e-01,1.510595267832697264e-01
4.499999999999999833e-02,4.309950592735933145e-02,4.149324237185430392e-02,6.799359000394640529e-02,6.120343340808212518e-02,6.259593431055208990e-02,-1.782228171889788659e-01,8.070905200269984370e-02,9.606864935311522358e-04,9.935699917968502382e-01,-1.398033266413542530e-01,1.034588309474931656e+01,2.262221219896301191e-02,2.286858452044870232e-02,2.259863207705681970e-02,2.269021961810075913e-02,1.508927253961253878e-01,1.517121660487088519e-01,1.508140638467030947e-01,1.511193637984060145e-01
4.750000000000000056e-02,4.303295350177561290e-02,4.156349953289664029e-02,6.805402201545621144e-02,6.131431454974656942e-02,6.322209641335281571e-02,-1.775066604555481931e-01,8.076512873738679599e-02,2.176171868269790016e-03,9.932209118698016592e-01,-1.394606197244463441e-01,1.034624035888148263e+01,2.262865383437022773e-02,2.288875778408294356e-02,2.260407015719812993e-02,2.270013061839247850e-02,1.509407251011362361e-01,1.518057368688677800e-01,1.508587121265826947e-01,1.511789242345198681e-01
5.000000000000000278e-02,4.296643488259624388e-02,4.163374338851270201e-02,6.811424844742437756e-02,6.142345578131220424e-02,6.384740949384513919e-02,-1.767919064779097937e-01,8.082090741806034762e-02,3.390005005323497040e-03,9.928726886741463531e-01,-1.391179417061736701e-01,1.034661326687308858e+01,2.263505905552064615e-02,2.290889905321715284e-02,2.260950397926990083e-02,2.270997263255841031e-02,1.509885566884505981e-01,1.518991441780100093e-01,1.509032992619653013e-01,1.512382081125842603e-01
5.249999999999999806e-02,4.289995209785864988e-02,4.170397348986803338e-02,6.817426966000858513e-02,6.153085029142058709e-02,6.447186933567920775e-02,-1.760785435482015437e-01,8.087638843312533465e-02,4.602155102733348005e-03,9.925253221362886347e-01,-1.387752936671905191e-01,1.034700179261235498e+01,2.264142789632604333e-02,2.292900832166808178e-02,2.261493355944923719e-02,2.271974569600698768e-02,1.510362201518585523e-01,1.519923879097103137e-01,1.509478252007715182e-01,1.512972154614789233e-01
5.500000000000000028e-02,4.283350716836285821e-02,4.177418938338168380e-02,6.823408601486594116e-02,6.163649148779088566e-02,6.509547177683286390e-02,-1.753665600342860786e-01,8.093157217390710423e-02,5.812591719550935961e-03,9.921788121799185456e-01,-1.384326766990862656e-01,1.034740590995011189e+01,2.264776039114118136e-02,2.294908558296266873e-02,2.262035891390183628e-02,2.272944984663593376e-02,1.510837154868547860e-01,1.520854679964881717e-01,1.509922898911904565e-01,1.513559463179319220e-01
5.750000000000000250e-02,4.276710210745117424e-02,4.184439061074161914e-02,6.829369787516469115e-02,6.174037299740093437e-02,6.571821271117345153e-02,-1.746559443796800171e-01,8.098645903465008511e-02,7.021284780167572070e-03,9.918331587259826554e-01,-1.380900919040214947e-01,1.034782559270122704e+01,2.265405657476020351e-02,2.296913083033928424e-02,2.262578005878177964e-02,2.273908512481238875e-02,1.511310426906321003e-01,1.521783843698199523e-01,1.510366932816826213e-01,1.514144007264607295e-01
5.999999999999999778e-02,4.270073892078960626e-02,4.191457670892111131e-02,6.835310560559439141e-02,6.184248866662338251e-02,6.634008808998222151e-02,-1.739466851034658090e-01,8.104104941251495664e-02,8.228204578433501865e-03,9.914883616926610799e-01,-1.377475403943671517e-01,1.034826081464609260e+01,2.266031648241293578e-02,2.298914405674900782e-02,2.263119701023131106e-02,2.274865157335263788e-02,1.511782017620737217e-01,1.522711369601504883e-01,1.510810353209822987e-01,1.514725787393115808e-01
6.250000000000000000e-02,4.263441960615096255e-02,4.198474721019553740e-02,6.841230957237449950e-02,6.194283256131599691e-02,6.696109392344108679e-02,-1.732387708001869031e-01,8.109534370757394417e-02,9.433321781565306985e-03,9.911444209953383933e-01,-1.374050232923456905e-01,1.034871154953215999e+01,2.266654014976108092e-02,2.300912525485693597e-02,2.263660978438063881e-02,2.275814923750149599e-02,1.512251927017463082e-01,1.523637256969052334e-01,1.511253159581005534e-01,1.515304804163981611e-01
6.500000000000000222e-02,4.256814615319998857e-02,4.205490164215992810e-02,6.847131014326150733e-02,6.204139896686963751e-02,6.758122628208011740e-02,-1.725321901397256497e-01,8.114934232280525406e-02,1.063660743384445100e-02,9.908013365465835331e-01,-1.370625417296754411e-01,1.034917777107545866e+01,2.267272761289433267e-02,2.302907441704350397e-02,2.264201839734771016e-02,2.276757816491133124e-02,1.512720155118914278e-01,1.524561505085018365e-01,1.511695351423273104e-01,1.515881058252387670e-01
6.750000000000000444e-02,4.250192054328054414e-02,4.212503952774730026e-02,6.853010768755429805e-02,6.213818238821352397e-02,6.820048129818674643e-02,-1.718269318671646617e-01,8.120304566408435842e-02,1.183803296010629835e-02,9.904591082561238213e-01,-1.367200968472168654e-01,1.034965945296220013e+01,2.267887890832638240e-02,2.304899153540584250e-02,2.264742286523801357e-02,2.277693840562078006e-02,1.513186701964175374e-01,1.525484113223622151e-01,1.512136928232341582e-01,1.516454550408928015e-01
7.000000000000000666e-02,4.243574474920442513e-02,4.219516038524712132e-02,6.858870257609818444e-02,6.223317754977978483e-02,6.881885516717402285e-02,-1.711229848026325773e-01,8.125645414017544643e-02,1.303757016902202040e-02,9.901177360308232034e-01,-1.363776897946221145e-01,1.035015656885034652e+01,2.268499407299086335e-02,2.306887660175915150e-02,2.265282320414435668e-02,2.278623001203311169e-02,1.513651567608912674e-01,1.526405080649243240e-01,1.512577889506765694e-01,1.517025281458960206e-01
7.249999999999999500e-02,4.236962073504288440e-02,4.226526372832488387e-02,6.864709518128746246e-02,6.232637939542851058e-02,6.943634414890956230e-02,-1.704203378411346392e-01,8.130956816272022492e-02,1.423519125617416468e-02,9.897772197746611544e-01,-1.360353217299870854e-01,1.035066909237127142e+01,2.269107314423717339e-02,2.308872960763809143e-02,2.265821943014666162e-02,2.279545303889431163e-02,1.514114752125282348e-01,1.527324406616538399e-01,1.513018234747962876e-01,1.517593252301947526e-01
7.499999999999999722e-02,4.230355045591999846e-02,4.233534906604215914e-02,6.870528587706631329e-02,6.241778308833449002e-02,7.005294456900287847e-02,-1.697189799523667053e-01,8.136238814622538673e-02,1.543086880692688678e-02,9.894375593887119180e-01,-1.356929938195066965e-01,1.035119699713138353e+01,2.269711615982624581e-02,2.310855054429819533e-02,2.266361155931176374e-02,2.280460754327085643e-02,1.514576255601837174e-01,1.528242090370560413e-01,1.513457963460236033e-01,1.518158463910795619e-01
7.749999999999999944e-02,4.223753585780843506e-02,4.240541590287695561e-02,6.876327503892835924e-02,6.250738401083674733e-02,7.066865282005151128e-02,-1.690189001805158797e-01,8.141491450804880237e-02,1.662457579909428981e-02,9.890987547711240779e-01,-1.353507072371327169e-01,1.035174025671382658e+01,2.270312315792621591e-02,2.312833940271731212e-02,2.266899960769318961e-02,2.281369358452720389e-02,1.515036078143429943e-01,1.529158131146875765e-01,1.513897075150795468e-01,1.518720917331175813e-01
8.000000000000000167e-02,4.217157887732778804e-02,4.247546373874488967e-02,6.882106304391485962e-02,6.259517776425253810e-02,7.128346536284586865e-02,-1.683200876440455740e-01,8.146714766838424049e-02,1.781628560540602160e-02,9.887608058171022396e-01,-1.350084631642349264e-01,1.035229884468015804e+01,2.270909417710802181e-02,2.314809617359704641e-02,2.267438359133095577e-02,2.282271122430303348e-02,1.515494219871111325e-01,1.530072528171681212e-01,1.514335569329781084e-01,1.519280613680842884e-01
8.250000000000000389e-02,4.210568144154498010e-02,4.254549206902098757e-02,6.887865027061125522e-02,6.268116016865661611e-02,7.189737872753101944e-02,-1.676225315354668288e-01,8.151908805024425664e-02,1.900597199577484103e-02,9.884237124188881563e-01,-1.346662627892652453e-01,1.035287273457206858e+01,2.271502925634092535e-02,2.316782084736423650e-02,2.267976352625136749e-02,2.283166052649020575e-02,1.515950680922027172e-01,1.530985280661921466e-01,1.514773445510283201e-01,1.519837554148943948e-01
8.500000000000000611e-02,4.203984546777772557e-02,4.261550038456179273e-02,6.893603709914250532e-02,6.276532726262744333e-02,7.251038951472632554e-02,-1.669262211210960911e-01,8.157073607944204108e-02,2.019360913936683877e-02,9.880874744657454078e-01,-1.343241073074251113e-01,1.035346189991314958e+01,2.272092843498794978e-02,2.318751341417243927e-02,2.268513942846680717e-02,2.284054155720949622e-02,1.516405461449310266e-01,1.531896387825404104e-01,1.515210703208361154e-01,1.520391739995317626e-01
8.750000000000000833e-02,4.197407286340006788e-02,4.268548817172805598e-02,6.899322391116706477e-02,6.284767530296120341e-02,7.312249439660242767e-02,-1.662311457407995019e-01,8.162209218457178173e-02,2.137917160647653803e-02,9.877520918439394171e-01,-1.339819979203359657e-01,1.035406631421061086e+01,2.272679175280125155e-02,2.320717386390342210e-02,2.269051131397552962e-02,2.284935438478709335e-02,1.516858561621972079e-01,1.532805848860918363e-01,1.515647341943067161e-01,1.520943172549791278e-01
8.999999999999999667e-02,4.190836552565092854e-02,4.275545491240813345e-02,6.905021108986936218e-02,6.292820076435534649e-02,7.373369011791428007e-02,-1.655372948077243056e-01,8.167315679698755604e-02,2.256263437021028065e-02,9.874175644367252369e-01,-1.336399358357130696e-01,1.035468595095707300e+01,2.273261924991743302e-02,2.322680218616868936e-02,2.269587919876146082e-02,2.285809907973088140e-02,1.517309981624787862e-01,1.533713662958347823e-01,1.516083361236461591e-01,1.521491853211465461e-01
9.249999999999999889e-02,4.184272534144561906e-02,4.282540008404161352e-02,6.910699901995084882e-02,6.300690033906217180e-02,7.434397349699159441e-02,-1.648446578080170477e-01,8.172393035078087675e-02,2.374397280797922727e-02,9.870838921243312303e-01,-1.332979222670426789e-01,1.035532078363237041e+01,2.273841096685276855e-02,2.324639837031099859e-02,2.270124309879399671e-02,2.286677571470650469e-02,1.517759721658180905e-01,1.534619829298787819e-01,1.516518760613632943e-01,1.522037783447994785e-01
9.500000000000000111e-02,4.177715418718948998e-02,4.289532315964372094e-02,6.916358808762008981e-02,6.308377093651439116e-02,7.495334142668449995e-02,-1.641532243005310310e-01,8.177441328275709964e-02,2.492316270280566654e-02,9.867510747839449703e-01,-1.329559584332627442e-01,1.035597078570533114e+01,2.274416694449838197e-02,2.326596240540590443e-02,2.270660303002780545e-02,2.287538436451325846e-02,1.518207781938105405e-01,1.535524347054658123e-01,1.516953539602716727e-01,1.522580964794862657e-01
9.750000000000000333e-02,4.171165392859516041e-02,4.296522360782977640e-02,6.921997868058124559e-02,6.315880968292336695e-02,7.556179087526626592e-02,-1.634629839165200882e-01,8.182460603241022146e-02,2.610018024444557203e-02,9.864191122896995845e-01,-1.326140455584465805e-01,1.035663593063562260e+01,2.274988722411535116e-02,2.328549428026331983e-02,2.271195900840261572e-02,2.288392510605978189e-02,1.518654162695923238e-01,1.536427215389820633e-01,1.517387697734912388e-01,1.523121398854650754e-01
1.000000000000000056e-01,4.164622642050225254e-02,4.303510089284068307e-02,6.927617118802124885e-02,6.323201392085174566e-02,7.616931888729101818e-02,-1.627739263593228347e-01,8.187450904189674805e-02,2.727500203032854134e-02,9.860880045126630966e-01,-1.322721848714908111e-01,1.035731619187557051e+01,2.275557184732976065e-02,2.330499398342906342e-02,2.271731104984303987e-02,2.289239801833958809e-02,1.519098864178280162e-01,1.537328433459688726e-01,1.517821234544500242e-01,1.523659087296300174e-01
1.025000000000000078e-01,4.158087350670053306e-02,4.310495447456823975e-02,6.933216600059606549e-02,6.330338120876062569e-02,7.677592258440800455e-02,-1.620860414040347364e-01,8.192412275600817473e-02,2.844760506632080035e-02,9.857577513208248821e-01,-1.319303776058060595e-01,1.035801154287199921e+01,2.276122085612770213e-02,2.332446150318643815e-02,2.272265917025835524e-02,2.290080318240643800e-02,1.519541886646980089e-01,1.538228000411343555e-01,1.518254149568857847e-01,1.524194031854372022e-01
1.049999999999999961e-01,4.151559701975570532e-02,4.317478380858132125e-02,6.938796351041517929e-02,6.337290932053381287e-02,7.738159916613092382e-02,-1.613993188971690751e-01,8.197344762214194003e-02,2.961796676731246955e-02,9.854283525790854537e-01,-1.315886249990116386e-01,1.035872195706808796e+01,2.276683429285020557e-02,2.334389682755781334e-02,2.272800338554232732e-02,2.290914068134956502e-02,1.519983230378854910e-01,1.539125915383645626e-01,1.518686442348476107e-01,1.524726234328299956e-01
1.074999999999999983e-01,4.145039878083869866e-02,4.324458834615230174e-02,6.944356411102545201e-02,6.344059624497902505e-02,7.798634591056334553e-02,-1.607137487563097544e-01,8.202248409027187992e-02,3.078606495763273193e-02,9.850998081492466918e-01,-1.312469282926340686e-01,1.035944740790524854e+01,2.277241220018812878e-02,2.336329994430621018e-02,2.273334371157300499e-02,2.291741060026877136e-02,1.520422895665633212e-01,1.540022177507346102e-01,1.519118112426974809e-01,1.525255696581639675e-01
1.100000000000000006e-01,4.138528059955782351e-02,4.331436753428395681e-02,6.949896819739312392e-02,6.350644018530771095e-02,7.859016017507892971e-02,-1.600293209697518093e-01,8.207123261291668359e-02,3.195187787129678131e-02,9.847721178900012973e-01,-1.309052887318086500e-01,1.036018786882498333e+01,2.277795462117700176e-02,2.338267084093690468e-02,2.273868016421254010e-02,2.292561302624939595e-02,1.520860882813807879e-01,1.540916785905199760e-01,1.519549159351117618e-01,1.525782420541316187e-01
1.125000000000000028e-01,4.132024427379447223e-02,4.338412081573645579e-02,6.955417616588537022e-02,6.357043955859491280e-02,7.919303939695823691e-02,-1.593460255961337835e-01,8.211969364510803004e-02,3.311538415208754166e-02,9.844452816569262410e-01,-1.305637075649851153e-01,1.036094331327075757e+01,2.278346159919182254e-02,2.340200950469902008e-02,2.274401275930698976e-02,2.293374804833717487e-02,1.521297192144497323e-01,1.541809739692073800e-01,1.519979582670824836e-01,1.526306408196863307e-01
1.150000000000000050e-01,4.125529158954205355e-02,4.345384762905515202e-02,6.960918841424991454e-02,6.363259299521915879e-02,7.979498109398025507e-02,-1.586638527640612806e-01,8.216786764435687895e-02,3.427656285347495391e-02,9.841192993024723279e-01,-1.302221860436374168e-01,1.036171371468991076e+01,2.278893317794179751e-02,2.342131592258714715e-02,2.274934151268613244e-02,2.294181575751299412e-02,1.521731823993310861e-01,1.542701037975059142e-01,1.520409381939189508e-01,1.526827661599664820e-01
1.175000000000000072e-01,4.119042432074786209e-02,4.352354740859832455e-02,6.966400534159414293e-02,6.369289933828456429e-02,8.039598286496982271e-02,-1.579827926717205233e-01,8.221575507061902599e-02,3.543539343837807942e-02,9.837941706759586458e-01,-1.298807254219763174e-01,1.036249904653551823e+01,2.279436940146506441e-02,2.344059008134295047e-02,2.275466644016328407e-02,2.294981624666756273e-02,1.522164778710206057e-01,1.543590679853579783e-01,1.520838556712489353e-01,1.527346182862189816e-01
1.199999999999999956e-01,4.112564422915907653e-02,4.359321958456552348e-02,6.971862734836278830e-02,6.375135764302529429e-02,8.099604239030130937e-02,-1.573028355864848626e-01,8.226335638625979774e-02,3.659185577877148432e-02,9.834698956235659040e-01,-1.295393269566666172e-01,1.036329928226830077e+01,2.279977031412335278e-02,2.345983196745678873e-02,2.275998755753511071e-02,2.295774961057600594e-02,1.522596056659347719e-01,1.544478664419500213e-01,1.521267106550199533e-01,1.527861974157225244e-01
1.224999999999999978e-01,4.106095306417143626e-02,4.366286358302608195e-02,6.977305483631450478e-02,6.380796717619421909e-02,8.159515743235717933e-02,-1.566239718445127105e-01,8.231067205601717840e-02,3.774593015514188937e-02,9.831464739883297721e-01,-1.291979919065479043e-01,1.036411439535851642e+01,2.280513596059663070e-02,2.347904156716933491e-02,2.276530488058145160e-02,2.296561594587238908e-02,1.523025658218964962e-01,1.545364990757235601e-01,1.521695031015005972e-01,1.528375037717110696e-01
1.250000000000000000e-01,4.099635256268194250e-02,4.373247882594780839e-02,6.982728820849742890e-02,6.386272741543519427e-02,8.219332583594377017e-02,-1.559461918503379507e-01,8.235770254696428427e-02,3.889759725579623045e-02,9.828239056101371052e-01,-1.288567215323589144e-01,1.036494435928785940e+01,2.281046638587769931e-02,2.349821886647320349e-02,2.277061842506513875e-02,2.297341535102416857e-02,1.523453583781203824e-01,1.546249657943856159e-01,1.522122329672815355e-01,1.528885375832963744e-01
1.275000000000000022e-01,4.093184444894487628e-02,4.380206473122631727e-02,6.988132786922358897e-02,6.391563804864196230e-02,8.279054552866216277e-02,-1.552694860764533002e-01,8.240444832847079737e-02,4.004683817602668755e-02,9.825021903257200595e-01,-1.285155170964661919e-01,1.036578914755137149e+01,2.281576163526677359e-02,2.351736385111457411e-02,2.277592820673181653e-02,2.298114792630663247e-02,1.523879833751982382e-01,1.547132665049196221e-01,1.522549002092768722e-01,1.529392990853911671e-01
1.300000000000000044e-01,4.086743043443109152e-02,4.387162071271408920e-02,6.993517422404256501e-02,6.396669897330276022e-02,8.338681452123616888e-02,-1.545938450628871197e-01,8.245090987216334433e-02,4.119363441713679019e-02,9.821813279686534282e-01,-1.281743798625964992e-01,1.036664873365931605e+01,2.282102175436602834e-02,2.353647650659482921e-02,2.278123424130977515e-02,2.298881377377725785e-02,1.524304408550840040e-01,1.548014011135958046e-01,1.522975047847250629e-01,1.529897885186315976e-01
1.325000000000000067e-01,4.080311221769145763e-02,4.394114618025028729e-02,6.998882767971358054e-02,6.401591029583232617e-02,8.398213090779710344e-02,-1.539192594167730910e-01,8.249708765188497328e-02,4.233796788532992461e-02,9.818613183693518653e-01,-1.278333110955727769e-01,1.036752309113910897e+01,2.282624678907411303e-02,2.355555681817217070e-02,2.278653654450977020e-02,2.299641299725007845e-02,1.524727308610788479e-01,1.548893695259817849e-01,1.523400466511899976e-01,1.530400061292999103e-01
1.350000000000000089e-01,4.073889148422345924e-02,4.401064053969043488e-02,7.004228864417715028e-02,6.406327233089192941e-02,8.457649286612480000e-02,-1.532457198119147601e-01,8.254298214365374253e-02,4.347982089046716764e-02,9.815421613550654456e-01,-1.274923120610545746e-01,1.036841219353719090e+01,2.283143678558065617e-02,2.357460477086326112e-02,2.279183513202485620e-02,2.300394570227001431e-02,1.525148534378160947e-01,1.549771716469529603e-01,1.523825257665620547e-01,1.530899521692471454e-01
1.375000000000000111e-01,4.067476990634154993e-02,4.408010319293638457e-02,7.009555752652536775e-02,6.410878560069849241e-02,8.516989865784672931e-02,-1.525732169883433631e-01,8.258859382562042106e-02,4.461917614469620985e-02,9.812238567498811070e-01,-1.271513840252819771e-01,1.036931601442092621e+01,2.283659179036074544e-02,2.359362034944485070e-02,2.279713001953022344e-02,2.301141199608719087e-02,1.525568086312456273e-01,1.550648073807027738e-01,1.524249420890589346e-01,1.531396268958153117e-01
1.400000000000000133e-01,4.061074914305132233e-02,4.414953353796650937e-02,7.014863473697144358e-02,6.415245083432298545e-02,8.576234662859416602e-02,-1.519017417518715163e-01,8.263392317802518983e-02,4.575601676095604475e-02,9.809064043747183215e-01,-1.268105282548236679e-01,1.037023452738051432e+01,2.284171185016938693e-02,2.361260353845540463e-02,2.280242122268302807e-02,2.301881198763127898e-02,1.525985964886189539e-01,1.551522766307530665e-01,1.524672955772266580e-01,1.531890305717601986e-01
1.425000000000000155e-01,4.054683083992718234e-02,4.421893096886606034e-02,7.020152068681811963e-02,6.419426896697937035e-02,8.635383520811651392e-02,-1.512312849736409115e-01,8.267897068315367692e-02,4.689032625136124038e-02,9.805898040473307598e-01,-1.264697460163288212e-01,1.037116770603084959e+01,2.284679701203595759e-02,2.363155432219673710e-02,2.280770875712222895e-02,2.302614578748581400e-02,1.526402170584732487e-01,1.552395792999641533e-01,1.525095861899404548e-01,1.532381634651737434e-01
1.449999999999999900e-01,4.048301662899383979e-02,4.428829487585749652e-02,7.025421578842534764e-02,6.423424113930450985e-02,8.694436291035384512e-02,-1.505618375896662642e-01,8.272373682529210459e-02,4.802208852546962364e-02,9.802740555823049595e-01,-1.261290385762831034e-01,1.037211552401341130e+01,2.285184732325864360e-02,2.365047268473563502e-02,2.281299263846842812e-02,2.303341350786255320e-02,1.526816703906161143e-01,1.553267152905450088e-01,1.525518138864054296e-01,1.532870258494066218e-01
1.474999999999999922e-01,4.041930812861158767e-02,4.435762464533121729e-02,7.030672045517691315e-02,6.427236869662961150e-02,8.753392833346843038e-02,-1.498933906003744876e-01,8.276822209068158964e-02,4.915128788843712432e-02,9.799591587910626567e-01,-1.257884072007685039e-01,1.037307795499815022e+01,2.285686283139885810e-02,2.366935860990547827e-02,2.281827288232372158e-02,2.304061526257586076e-02,1.527229565361096220e-01,1.554136845040630655e-01,1.525939786261574505e-01,1.533356180029909199e-01
1.499999999999999944e-01,4.035570694336510639e-02,4.442691965987612124e-02,7.035903510144610185e-02,6.430865318824435795e-02,8.812253015983501081e-02,-1.492259350701401754e-01,8.281242696747161125e-02,5.027790903906426828e-02,9.796451134818600082e-01,-1.254478531552270515e-01,1.037405497268534305e+01,2.286184358427566579e-02,2.368821208130787032e-02,2.282354950427153625e-02,2.304775116701711715e-02,1.527640755472546852e-01,1.555004868414544272e-01,1.526360803690639534e-01,1.533839402095629745e-01
1.524999999999999967e-01,4.029221466395638274e-02,4.449617929831035240e-02,7.041116014256090794e-02,6.434309636665334897e-02,8.871016715599119862e-02,-1.485594621268178928e-01,8.285635194567314565e-02,5.140193706773756727e-02,9.793319194597914779e-01,-1.251073777042284729e-01,1.037504655080745586e+01,2.286678962996020401e-02,2.370703308231425152e-02,2.282882251987647729e-02,2.305482133812916667e-02,1.528050274775750728e-01,1.555871222030334178e-01,1.526781190753243866e-01,1.534319927577861009e-01
1.549999999999999989e-01,4.022883286710104978e-02,4.456540293571216449e-02,7.046309599476785479e-02,6.437570018682658990e-02,8.929683817254774336e-02,-1.478939629612708029e-01,8.289999751711045473e-02,5.252335745426976732e-02,9.790195765267906136e-01,-1.247669821112420002e-01,1.037605266313099861e+01,2.287170101677009348e-02,2.372582159606751936e-02,2.283409194468418585e-02,2.306182589438083783e-02,1.528458123818016712e-01,1.556735904885024335e-01,1.527200947054711822e-01,1.534797759412737106e-01
1.575000000000000011e-01,4.016556311542872348e-02,4.463458994345068792e-02,7.051484307519531591e-02,6.440646680544359626e-02,8.988254214405899667e-02,-1.472294288268971296e-01,8.294336417537261086e-02,5.364215606564327887e-02,9.787080844816353764e-01,-1.244266676384118836e-01,1.037707328345837610e+01,2.287657779326384908e-02,2.374457760548364174e-02,2.283935779422119339e-02,2.306876495574149491e-02,1.528864303158561366e-01,1.557598915969615749e-01,1.527620072203699775e-01,1.535272900585124833e-01
1.600000000000000033e-01,4.010240695738720440e-02,4.470373968921685648e-02,7.056640180181608657e-02,6.443539858013207222e-02,9.046727808885561550e-02,-1.465658510391533997e-01,8.298645241576432796e-02,5.475831915366010522e-02,9.783974431199485844e-01,-1.240864355463369151e-01,1.037810838562970694e+01,2.288142000823530087e-02,2.376330109325325290e-02,2.284462008399477245e-02,2.307563864365567291e-02,1.529268813368354074e-01,1.558460254269182776e-01,1.528038565812206706e-01,1.535745354127858453e-01
1.625000000000000056e-01,4.003936592715018339e-02,4.477285153705417436e-02,7.061777259340877577e-02,6.446249806870153753e-02,9.105104510883769986e-02,-1.459032209750765474e-01,8.302926273525583489e-02,5.587183335250267557e-02,9.780876522342044632e-01,-1.237462870938537962e-01,1.037915794352464971e+01,2.288622771070801531e-02,2.378199204184327023e-02,2.284987882949279792e-02,2.308244708101777828e-02,1.529671655029950783e-01,1.559319918762966384e-01,1.528456427495574754e-01,1.536215123120975856e-01
1.650000000000000078e-01,3.997644154452911769e-02,4.484192484738972612e-02,7.066895586951890684e-02,6.448776802837220823e-02,9.163384238923104330e-02,-1.452415300728034375e-01,8.307179563243251297e-02,5.698268567620824038e-02,9.777787116137325318e-01,-1.234062235378244610e-01,1.038022193106422364e+01,2.289100094992973372e-02,2.380065043349848669e-02,2.285513404618361166e-02,2.308919039214687302e-02,1.530072828737337465e-01,1.560177908424469628e-01,1.528873656872498099e-01,1.536682210690956119e-01
1.675000000000000100e-01,3.991363531488863192e-02,4.491095897706462448e-02,7.071995205041899102e-02,6.451121141500001932e-02,9.221566919830566367e-02,-1.445807698310893619e-01,8.311405160744360365e-02,5.809086351606277537e-02,9.774706210447229315e-01,-1.230662461329272706e-01,1.038130032221260635e+01,2.289573977536680030e-02,2.381927625024316333e-02,2.286038574951589075e-02,2.309586870276153156e-02,1.530472335095764969e-01,1.561034222221548973e-01,1.529290253565024071e-01,1.537146620009962328e-01
1.700000000000000122e-01,3.985094872906571467e-02,4.497995327936504806e-02,7.077076155706797655e-02,6.453283138229706783e-02,9.279652488705783520e-02,-1.439209318088255363e-01,8.315603116195065259e-02,5.919635463791510233e-02,9.771633803102318661e-01,-1.227263561314519968e-01,1.038239309097890484e+01,2.290044423669862494e-02,2.383786947388261482e-02,2.286563395491850864e-02,2.310248213995480526e-02,1.530870174721590815e-01,1.561888859116507267e-01,1.529706217198560647e-01,1.537608354295083857e-01
1.725000000000000144e-01,3.978838326329300207e-02,4.504890710405284188e-02,7.082138481106975414e-02,6.455263128104912762e-02,9.337640888885705148e-02,-1.432620076245552931e-01,8.319773479907499603e-02,6.029914717941773500e-02,9.768569891901883739e-01,-1.223865547830986361e-01,1.038350021141895496e+01,2.290511438381214945e-02,2.385643008600479495e-02,2.287087867780041375e-02,2.310903083216928056e-02,1.531266348242115438e-01,1.562741818066185062e-01,1.530121547401877280e-01,1.538067416807585575e-01
1.750000000000000167e-01,3.972594037912556553e-02,4.511781979739579868e-02,7.087182223463162067e-02,6.457061465832976410e-02,9.395532071905614291e-02,-1.426039889559910512e-01,8.323916302334533057e-02,6.139922964719662229e-02,9.765514474614001017e-01,-1.220468433347802473e-01,1.038462165763706935e+01,2.290975026679632764e-02,2.387495806798186834e-02,2.287611993355050458e-02,2.311551490917224116e-02,1.531660856295421758e-01,1.563593098022049988e-01,1.530536243807111840e-01,1.538523810852156226e-01
1.774999999999999911e-01,3.966362152337142566e-02,4.518669070219830802e-02,7.092207425052096670e-02,6.458678525671127102e-02,9.453325997456786534e-02,-1.419468675395290647e-01,8.328031634064383959e-02,6.249659091395344535e-02,9.762467548975614084e-01,-1.217072230304292874e-01,1.038575740378778356e+01,2.291435193593663669e-02,2.389345340097177861e-02,2.288135773753750130e-02,2.312193450203093442e-02,1.532053699530213364e-01,1.564442697930286674e-01,1.530950306049770338e-01,1.538977539776163750e-01
1.799999999999999933e-01,3.960142812802633361e-02,4.525551915783147111e-02,7.097214128202256056e-02,6.460114701347323407e-02,9.511022633340719679e-02,-1.412906351697668927e-01,8.332119525815284700e-02,6.359122021550474291e-02,9.759429112692610264e-01,-1.213676951108078467e-01,1.038690742407758449e+01,2.291891944170959539e-02,2.391191606591981655e-02,2.288659210510983130e-02,2.312828974308796595e-02,1.532444878605652427e-01,1.565290616731884743e-01,1.531363733768732194e-01,1.539428606968910596e-01
1.824999999999999956e-01,3.953936161021150142e-02,4.532430450026333352e-02,7.102202375289423664e-02,6.461370405980794429e-02,9.568621955420006375e-02,-1.406352836990197586e-01,8.336180028430029143e-02,6.468310714776019654e-02,9.756399163439894995e-01,-1.210282608133217419e-01,1.038807169276663700e+01,2.292345283477731366e-02,2.393034604356017100e-02,2.289182305159551817e-02,2.313458076593680537e-02,1.532834394191200655e-01,1.566136853362726511e-01,1.531776526606251354e-01,1.539877015860896536e-01
1.849999999999999978e-01,3.947742337211582880e-02,4.539304606208849346e-02,7.107172208732255581e-02,6.462446072002427100e-02,9.626123947566002370e-02,-1.399808050368376577e-01,8.340213192870510328e-02,6.577224166364534219e-02,9.753377698861482870e-01,-1.206889213718380649e-01,1.038925018417048740e+01,2.292795216598207328e-02,2.394874331441747273e-02,2.289705059230205675e-02,2.314080770539742038e-02,1.533222246966456370e-01,1.566981406753674144e-01,1.532188684207959339e-01,1.540322769923081481e-01
1.875000000000000000e-01,3.941561480094146058e-02,4.546174317255810560e-02,7.112123670987759161e-02,6.463342151074870368e-02,9.683528601603239028e-02,-1.393271911495247428e-01,8.344219070212216538e-02,6.685861406997013756e-02,9.750364716570587564e-01,-1.203496780165064506e-01,1.039044287266173683e+01,2.293241748634091554e-02,2.396710785880834874e-02,2.290227474251631257e-02,2.314697069749204264e-02,1.533608437620994913e-01,1.567824275830654035e-01,1.532600206222867467e-01,1.540765872666155778e-01
1.900000000000000022e-01,3.935393726885293847e-02,4.553039515760911454e-02,7.117056804546702253e-02,6.464059114012457585e-02,9.740835917250732778e-02,-1.386744340596588188e-01,8.348197711638641327e-02,6.794221502424827031e-02,9.747360214149722868e-01,-1.200105319735843556e-01,1.039164973267171455e+01,2.293684884704028440e-02,2.398543965684294538e-02,2.290749551750442120e-02,2.315306987942107250e-02,1.533992966854208495e-01,1.568665459514742289e-01,1.533011092303366574e-01,1.541206327639812190e-01
1.925000000000000044e-01,3.929239213293052313e-02,4.559900133989353010e-02,7.121971651929016878e-02,6.464597450700931835e-02,9.798045902060315004e-02,-1.380225258456135862e-01,8.352149168435733795e-02,6.902303553146937887e-02,9.744364189150790390e-01,-1.196714844652654597e-01,1.039287073869212996e+01,2.294124629943068011e-02,2.400373868842645489e-02,2.291271293251167032e-02,2.315910538953911899e-02,1.534375835375147157e-01,1.569504956722249100e-01,1.533421342105230623e-01,1.541644138432022582e-01
1.950000000000000067e-01,3.923098073512651385e-02,4.566756103880734163e-02,7.126868255679101594e-02,6.464957670016963087e-02,9.855158571351897712e-02,-1.373714586410821614e-01,8.356073491986251711e-02,7.010106694082859913e-02,9.741376639095189471e-01,-1.193325367095117995e-01,1.039410586527671043e+01,2.294560989502136134e-02,2.402200493326064196e-02,2.291792700276241643e-02,2.316507736733119244e-02,1.534757043902359175e-01,1.570342766364801190e-01,1.533830955287616427e-01,1.542079308668320714e-01
1.975000000000000089e-01,3.916970440222570377e-02,4.573607357051921729e-02,7.131746658361094726e-02,6.465140299747515473e-02,9.912173948145877600e-02,-1.367212246346030668e-01,8.359970733764107709e-02,7.117630094241547689e-02,9.738397561473932651e-01,-1.189936899198897058e-01,1.039535508704281597e+01,2.294993968547506813e-02,2.404023837084534945e-02,2.292313774345998076e-02,2.317098595338903250e-02,1.535136593163733409e-01,1.571178887349422848e-01,1.534239931513063648e-01,1.542511842011087264e-01
2.000000000000000111e-01,3.910856444580931152e-02,4.580453824799863433e-02,7.136606902554074039e-02,6.465145886508988360e-02,9.969092063092760414e-02,-1.360718160690893297e-01,8.363840945328669674e-02,7.224872956386570177e-02,9.735426953747741141e-01,-1.186549453054088071e-01,1.039661837867303085e+01,2.295423572260279696e-02,2.405843898048000418e-02,2.292834516978655562e-02,2.317683128938760606e-02,1.535514483896341098e-01,1.572013318578619478e-01,1.534648270447497576e-01,1.542941742158841500e-01
2.025000000000000133e-01,3.904756216222220883e-02,4.587295438104412038e-02,7.141449030847253632e-02,6.464974995666183943e-02,1.002591295439997504e-01,-1.354232252413589410e-01,8.367684178319051425e-02,7.331834516697993687e-02,9.732464813347169175e-01,-1.183163040703647806e-01,1.039789571491675702e+01,2.295849805835859653e-02,2.407660674126511219e-02,2.293354929690311766e-02,2.318261351806174403e-02,1.535890716846280424e-01,1.572846058950456705e-01,1.535055971760227456e-01,1.543369012845535460e-01
2.050000000000000155e-01,3.898669883254406859e-02,4.594132127631070373e-02,7.146273085835089245e-02,6.464628211251090273e-02,1.008263666775609801e-01,-1.347754445016700331e-01,8.371500484448361756e-02,7.438514044430998007e-02,9.729511137672733900e-01,-1.179777674141853916e-01,1.039918707059175240e+01,2.296272674483442258e-02,2.409474163210374720e-02,2.293875013994934112e-02,2.318833278318294805e-02,1.536265292768518032e-01,1.573677107358638638e-01,1.535463035123945386e-01,1.543793657839855338e-01
2.075000000000000178e-01,3.892597572256378813e-02,4.600963823733730113e-02,7.151079110112371073e-02,6.464106135881494963e-02,1.013926325625240654e-01,-1.341284662532584993e-01,8.375289915497953486e-02,7.544910841571882132e-02,9.726565924095019744e-01,-1.176393365312800865e-01,1.040049242058569945e+01,2.296692183425502395e-02,2.411284363170303202e-02,2.294394771404352149e-02,2.319398922953636033e-02,1.536638212426737204e-01,1.574506462692588371e-01,1.535869460214728810e-01,1.544215680944526214e-01
2.099999999999999922e-01,3.886539408275731244e-02,4.607790456457343253e-02,7.155867146269243029e-02,6.463409390679332456e-02,1.019579278030198072e-01,-1.334822829518790832e-01,8.379052523311585066e-02,7.651024242491383243e-02,9.723629169954819407e-01,-1.173010126108926521e-01,1.040181173985771501e+01,2.297108337897287716e-02,2.413091271857560963e-02,2.294914203428248534e-02,2.319958300289789999e-02,1.537009476593181601e-01,1.575334123837524858e-01,1.536275246712037745e-01,1.544635085995622326e-01
2.124999999999999944e-01,3.880495514826920456e-02,4.614611955540589422e-02,7.160637236886210899e-02,6.462538615188881397e-02,1.025222530755639933e-01,-1.328368871053510480e-01,8.382788359789651589e-02,7.756853613595847408e-02,9.720700872563259320e-01,-1.169627968369572751e-01,1.040314500343984072e+01,2.297521143146316266e-02,2.414894887104111418e-02,2.295433311574152091e-02,2.320511425001155897e-02,1.537379086048502597e-01,1.576160089674539244e-01,1.536680394298714503e-01,1.545051876861883167e-01
2.149999999999999967e-01,3.874466013889720645e-02,4.621428250418453676e-02,7.165389424529110263e-02,6.461494467294719157e-02,1.030856091282000009e-01,-1.321922712731065097e-01,8.386497476883331137e-02,7.862398352976426863e-02,9.717781029201933984e-01,-1.166246903879579050e-01,1.040449218643854934e+01,2.297930604431878271e-02,2.416695206722762126e-02,2.295952097347430873e-02,2.321058311856688192e-02,1.537747041581608021e-01,1.576984359080672027e-01,1.537084902660982022e-01,1.545466057444033481e-01
2.174999999999999989e-01,3.868451025908040131e-02,4.628239270224809160e-02,7.170123751744010565e-02,6.460277623139418224e-02,1.036479967796194446e-01,-1.315484280657448490e-01,8.390179926588750559e-02,7.967657890056534242e-02,9.714869637123048074e-01,-1.162866944367908217e-01,1.040585326403619071e+01,2.298336727024544515e-02,2.418492228507309813e-02,2.296470562251285222e-02,2.321598975717661939e-02,1.538113343989510329e-01,1.577806930928987716e-01,1.537488771488444150e-01,1.545877631674110186e-01
2.200000000000000011e-01,3.862450669789066482e-02,4.635044943794919270e-02,7.174840261052109480e-02,6.458888777041002505e-02,1.042094169182608693e-01,-1.309053501445899825e-01,8.393835760941098512e-02,8.072631685237888211e-02,9.711966693549556329e-01,-1.159488101506301605e-01,1.040722821149243593e+01,2.298739516205678540e-02,2.420285950232684696e-02,2.296988707786740483e-02,2.322133431535454776e-02,1.538477994077177557e-01,1.578627804088648112e-01,1.537892000474081478e-01,1.546286603514792080e-01
2.225000000000000033e-01,3.856465062902716956e-02,4.641845199667882227e-02,7.179538994944584251e-02,6.457328641410137182e-02,1.047698705013872522e-01,-1.302630302212536284e-01,8.397465032008777364e-02,8.177319229545337853e-02,9.709072195675301220e-01,-1.156110386907966692e-01,1.040861700414570734e+01,2.299138977266953696e-02,2.422076369655094472e-02,2.297506535452642148e-02,2.322661694349347980e-02,1.538840992657385665e-01,1.579446977424987797e-01,1.538294589314251615e-01,1.546692976958738697e-01
2.250000000000000056e-01,3.850494321081442822e-02,4.648639966089072179e-02,7.184219995877430542e-02,6.455597946667025744e-02,1.053293585541430766e-01,-1.296214610572025416e-01,8.401067791887509295e-02,8.281720044270778069e-02,9.706186140665170603e-01,-1.152733812126296026e-01,1.041001961741456405e+01,2.299535115509875396e-02,2.423863484512166211e-02,2.298024046745648918e-02,2.323183779284344885e-02,1.539202340550568926e-01,1.580264449799585469e-01,1.538696537708686141e-01,1.547096756027930842e-01
2.275000000000000078e-01,3.844538558620320956e-02,4.655429171012474138e-02,7.188883306266236062e-02,6.453697441157993375e-02,1.058878821685920874e-01,-1.289806354633317165e-01,8.404644092694434077e-02,8.385833680616308627e-02,9.703308525655247596e-01,-1.149358388653612673e-01,1.041143602679909463e+01,2.299927936245310320e-02,2.425647292523088958e-02,2.298541243160227843e-02,2.323699701549008026e-02,1.539562038584677273e-01,1.581080220070335829e-01,1.539097845360488381e-01,1.547497944773019163e-01
2.300000000000000100e-01,3.838597888277477110e-02,4.662212742103006430e-02,7.193528968480944474e-02,6.451627891071728960e-02,1.064454425027367146e-01,-1.283405462995418911e-01,8.408193986562212396e-02,8.489659719336921373e-02,9.700439347752958241e-01,-1.145984127919949247e-01,1.041286620788227246e+01,2.300317444793019764e-02,2.427427791388754585e-02,2.299058126188649465e-02,2.324209476433314325e-02,1.539920087595029463e-01,1.581894287091521190e-01,1.539498511976131190e-01,1.547896547272678003e-01
2.325000000000000122e-01,3.832672421274806174e-02,4.668990606738759874e-02,7.198157024840623475e-02,6.449390080355163479e-02,1.070020407795192058e-01,-1.277011864743237968e-01,8.411717525633143067e-02,8.593197770382943190e-02,9.697578604037229155e-01,-1.142611041291852203e-01,1.041431013633129155e+01,2.300703646481197864e-02,2.429204978791898659e-02,2.299574697320981922e-02,2.324713119306530060e-02,1.540276488424171808e-01,1.582706649713882530e-01,1.539898537265454170e-01,1.548292567632963690e-01
2.350000000000000144e-01,3.826762267298996351e-02,4.675762692013180760e-02,7.202767517608155146e-02,6.446984810628990370e-02,1.075576782858059660e-01,-1.270625489443475142e-01,8.415214762053228881e-02,8.696447472542415125e-02,9.694726291558660725e-01,-1.139239140071219014e-01,1.041576778789887214e+01,2.301086546646018485e-02,2.430978852397239903e-02,2.300090958045088174e-02,2.325210645615103169e-02,1.540631241921734951e-01,1.583517306784686385e-01,1.540297920941660348e-01,1.548686009986679490e-01
2.375000000000000167e-01,3.820867534502848939e-02,4.682528924737232312e-02,7.207360488984934643e-02,6.444412901102729296e-02,1.081123563713558694e-01,-1.264246267140569924e-01,8.418685747966263289e-02,8.799408493083643590e-02,9.691882407339672545e-01,-1.135868435494155337e-01,1.041723913842457350e+01,2.301466150631184537e-02,2.432749409851619679e-02,2.300606909846621140e-02,2.325702070880574998e-02,1.540984348944295368e-01,1.584326257147797290e-01,1.540696662721313392e-01,1.549076878492746667e-01
2.399999999999999911e-01,3.814988329506899950e-02,4.689289231441427785e-02,7.211935981105548066e-02,6.441675188489420778e-02,1.086660764477721947e-01,-1.257874128352722276e-01,8.422130535507961480e-02,8.902080527398124887e-02,9.689046948374681056e-01,-1.132498938729869786e-01,1.041872416383606215e+01,2.301842463787485624e-02,2.434516648784140411e-02,2.301122554209019538e-02,2.326187410697511809e-02,1.541335810355236313e-01,1.585133499643742450e-01,1.541094762324334289e-01,1.549465177335579702e-01
2.424999999999999933e-01,3.809124757401313038e-02,4.696043538377867033e-02,7.216494036032435055e-02,6.438772526919753214e-02,1.092188399874418903e-01,-1.251509004067967168e-01,8.425549176800024853e-02,9.004463298643987368e-02,9.686219911630266077e-01,-1.129130660879585218e-01,1.042022284015033939e+01,2.302215491472360889e-02,2.436280566806304018e-02,2.301637892613505459e-02,2.326666680731453996e-02,1.541685627024610428e-01,1.585939033109781127e-01,1.541492219473997727e-01,1.549850910724468733e-01
2.449999999999999956e-01,3.803276921748062478e-02,4.702791771522171760e-02,7.221034695750504218e-02,6.435705787855783289e-02,1.097706485224586442e-01,-1.245150825740305445e-01,8.428941723944249897e-02,9.106556557390228790e-02,9.683401294045331786e-01,-1.125763612975483607e-01,1.042173514347500785e+01,2.302585239049468463e-02,2.438041161512148614e-02,2.302152926539080893e-02,2.327139896716886799e-02,1.542033799829006513e-01,1.586742856379971256e-01,1.541889033896929051e-01,1.550234082892968102e-01
2.474999999999999978e-01,3.797444924583388143e-02,4.709533856575351396e-02,7.225558002161791560e-02,6.432475860004074897e-02,1.103215036435347962e-01,-1.238799525285917691e-01,8.432308229016639844e-02,9.208360081261873775e-02,9.680591092531301012e-01,-1.122397805979671731e-01,1.042326105000944381e+01,2.302951711888260103e-02,2.439798430478385197e-02,2.302667657462525302e-02,2.327607074455227340e-02,1.542380329651412696e-01,1.587544968285233282e-01,1.542285205323099262e-01,1.550614698098288502e-01
2.500000000000000000e-01,3.791628866420519717e-02,4.716269718965641206e-02,7.230063997080031502e-02,6.429083649228291286e-02,1.108714069989003292e-01,-1.232455035079430550e-01,8.435648744061514936e-02,9.309873674586177650e-02,9.677789303972270663e-01,-1.119033250783175309e-01,1.042480053604601586e+01,2.303314915363564169e-02,2.441552371264534352e-02,2.303182086858393193e-02,2.328068229812833845e-02,1.542725217381087921e-01,1.588345367653418716e-01,1.542680733485821409e-01,1.550992760620698019e-01
2.525000000000000022e-01,3.785828846252670826e-02,4.722999283850214808e-02,7.234552722225280619e-02,6.425530078461161310e-02,1.114203602931898851e-01,-1.226117287950257151e-01,8.438963321085651836e-02,9.411097168040165328e-02,9.674995925225207127e-01,-1.115669958204955348e-01,1.042635357797121287e+01,2.303674854855173107e-02,2.443302981413061209e-02,2.303696216199013075e-02,2.328523378719032227e-02,1.543068463913429555e-01,1.589144053309370364e-01,1.543075618121746984e-01,1.551368274762925381e-01
2.550000000000000044e-01,3.780044961556274646e-02,4.729722476116874491e-02,7.239024219218506695e-02,6.421816087615889179e-02,1.119683652863204398e-01,-1.219786217179002208e-01,8.442252012052396670e-02,9.512030418299573242e-02,9.672210953120110588e-01,-1.112307938990948486e-01,1.042792015226681812e+01,2.304031535747437867e-02,2.445050258449510752e-02,2.304210046954484337e-02,2.328972537164163137e-02,1.543410070149846269e-01,1.589941024074991160e-01,1.543469858970861197e-01,1.551741244849573487e-01
2.575000000000000067e-01,3.774277308294499839e-02,4.736439220385645771e-02,7.243478529576141689e-02,6.417942633496791227e-02,1.125154237923573358e-01,-1.213461756493945110e-01,8.445514868875848846e-02,9.612673307689305335e-02,9.669434384460224852e-01,-1.108947203813131360e-01,1.042950023551100536e+01,2.304384963428870656e-02,2.446794199882642434e-02,2.304723580592677595e-02,2.329415721197649128e-02,1.543750036997630637e-01,1.590736278769301348e-01,1.543863455776476878e-01,1.552111675226533760e-01
2.600000000000000089e-01,3.768525980920981594e-02,4.743149441010308109e-02,7.247915694704699929e-02,6.413910689709349799e-02,1.130615376783729170e-01,-1.207143840067589624e-01,8.448751943415001853e-02,9.713025743835754233e-02,9.666666216022188340e-01,-1.105587763268608137e-01,1.043109380437945077e+01,2.304735143291751151e-02,2.448534803204564791e-02,2.305236818579232960e-02,2.329852946926079874e-02,1.544088365369835625e-01,1.591529816208508141e-01,1.544256408285233917e-01,1.552479570260411890e-01
2.625000000000000111e-01,3.762791072383814273e-02,4.749853062079837512e-02,7.252335755895297775e-02,6.409721246569428932e-02,1.136067088632954775e-01,-1.200832402513281744e-01,8.451963287467938180e-02,9.813087659320822442e-02,9.663906444556253916e-01,-1.102229627878717338e-01,1.043270083564640593e+01,2.305082080731742783e-02,2.450272065890868323e-02,2.305749762377559686e-02,2.330284230511317847e-02,1.544425056185149692e-01,1.592321635206060682e-01,1.544648716247088716e-01,1.552844934337954397e-01
2.650000000000000133e-01,3.757072674129761231e-02,4.756550007419796389e-02,7.256738754318248219e-02,6.405375311011794748e-02,1.141509393167512293e-01,-1.194527378881910518e-01,8.455148952766028403e-02,9.912859011338107096e-02,9.661155066786463186e-01,-1.098872808088164205e-01,1.043432130618574938e+01,2.305425781147513870e-02,2.452005985400759064e-02,2.306262413448836174e-02,2.330709588168622740e-02,1.544760110367777994e-01,1.593111734572716098e-01,1.545040379415313914e-01,1.553207771865482978e-01
2.675000000000000155e-01,3.751370876108720692e-02,4.763240200593642226e-02,7.261124731017618017e-02,6.400873906497779597e-02,1.146942310578992347e-01,-1.188228704658677165e-01,8.458308990968149699e-02,1.001233978135105118e-01,9.658412079410843010e-01,-1.095517314264170261e-01,1.043595519297201335e+01,2.305766249940365345e-02,2.453736559177191814e-02,2.306774773252010663e-02,2.331129036164796692e-02,1.545093528847321651e-01,1.593900113116597794e-01,1.545431397546490893e-01,1.553568087268336895e-01
2.700000000000000178e-01,3.745685766778367176e-02,4.769923564903918306e-02,7.265493726905801475e-02,6.396218072922135733e-02,1.152365861542600511e-01,-1.181936315759938155e-01,8.461443453654954316e-02,1.011152997475346788e-01,9.655677479101598681e-01,-1.092163156695645509e-01,1.043760247308141409e+01,2.306103492513866815e-02,2.455463784647002323e-02,2.307286843243800886e-02,2.331542590816347918e-02,1.545425312558661168e-01,1.594686769643257063e-01,1.545821770400505057e-01,1.553925884990316753e-01
2.725000000000000200e-01,3.740017433109067008e-02,4.776600023393435396e-02,7.269845782758059538e-02,6.391408866518971665e-02,1.157780067205389646e-01,-1.175650148530136968e-01,8.464552392323097807e-02,1.021042962053233805e-01,9.652951262505314878e-01,-1.088810345592380324e-01,1.043926312369281817e+01,2.306437514273498510e-02,2.457187659221039822e-02,2.307798624878695803e-02,2.331950268487674102e-02,1.545755462441841255e-01,1.595471702955731097e-01,1.546211497740540286e-01,1.554281169493138548e-01
2.750000000000000222e-01,3.734365960588946487e-02,4.783269498846315360e-02,7.274180939207114394e-02,6.386447359766818377e-02,1.163184949174449201e-01,-1.169370139738782621e-01,8.467635858379564395e-02,1.030903877093317239e-01,9.650233426243144397e-01,-1.085458891084254140e-01,1.044093712208873370e+01,2.306768320626300522e-02,2.458908180294298515e-02,2.308310119608956296e-02,2.332352085589265919e-02,1.546083979441957301e-01,1.596254911854604053e-01,1.546600579333073655e-01,1.554633945255890770e-01
2.775000000000000244e-01,3.728731433229204306e-02,4.789931913788977869e-02,7.278499236737706601e-02,6.381334641292671361e-02,1.168580529505045540e-01,-1.163096226577548103e-01,8.470693903135970149e-02,1.040735750112784103e-01,9.647523966911025761e-01,-1.082108803220465931e-01,1.044262444565622161e+01,2.307095916980528988e-02,2.460625345246049769e-02,2.308821328884617247e-02,2.332748058575927902e-02,1.546410864509043526e-01,1.597036395138062281e-01,1.546989014947869334e-01,1.554984216774496775e-01
2.800000000000000266e-01,3.723113933569598133e-02,4.796587190491052172e-02,7.282800715681192472e-02,6.376071815775141705e-02,1.173966830688736585e-01,-1.156828346657405027e-01,8.473726577802906390e-02,1.050538590888510232e-01,9.644822881079868626e-01,-1.078760091968780366e-01,1.044432507188787262e+01,2.307420308745319198e-02,2.462339151439973603e-02,2.309332254153489278e-02,2.333138203945021166e-02,1.546736118597965004e-01,1.597816151601955392e-01,1.547376804357972202e-01,1.555331988561185208e-01
2.825000000000000289e-01,3.717513542684123401e-02,4.803235250966179926e-02,7.287085416210105360e-02,6.370660003846445596e-02,1.179343875641457318e-01,-1.150566438005863057e-01,8.476733933484334460e-02,1.060312411424399470e-01,9.642130165295770272e-01,-1.075412767214791454e-01,1.044603897838265105e+01,2.307741501330356354e-02,2.464049596224290178e-02,2.309842896861160830e-02,2.333522538234723484e-02,1.547059742668308591e-01,1.598594180039852874e-01,1.547763947339703128e-01,1.555677265143965704e-01
2.850000000000000311e-01,3.711930340186903043e-02,4.809876016972772228e-02,7.291353378332780799e-02,6.365100341993447375e-02,1.184711687691585857e-01,-1.144310439064280538e-01,8.479716021171972151e-02,1.070057225918988747e-01,9.639445816080212115e-01,-1.072066838761205343e-01,1.044776614284682381e+01,2.308059500145552903e-02,2.465756676931889907e-02,2.310353258451001285e-02,2.333901078022310172e-02,1.547381737684278835e-01,1.599370479243099885e-01,1.548150443672652310e-01,1.556020051066108190e-01
2.875000000000000333e-01,3.706364404238206289e-02,4.816509410014641751e-02,7.295604641887955266e-02,6.359393982457535455e-02,1.190070290567994682e-01,-1.138060288685247001e-01,8.482672891739753696e-02,1.079773050733363465e-01,9.636769829930283970e-01,-1.068722316327135324e-01,1.044950654309480065e+01,2.308374310600732476e-02,2.467460390880466328e-02,2.310863340364164090e-02,2.334273839922451979e-02,1.547702104614593344e-01,1.600145048000873871e-01,1.548536293139672060e-01,1.556360350885629407e-01
2.899999999999999800e-01,3.700815811550688811e-02,4.823135351341577282e-02,7.299839246539388538e-02,6.353542093133369983e-02,1.195419708388098107e-01,-1.131815926130051581e-01,8.485604595938288364e-02,1.089459904359360021e-01,9.634102203318868352e-01,-1.065379209547416411e-01,1.045126015704997968e+01,2.308685938105322841e-02,2.469160735372645521e-02,2.311373144039589184e-02,2.334640840585533797e-02,1.548020844432383414e-01,1.600917885100242577e-01,1.548921495526872083e-01,1.556698169174786650e-01
2.924999999999999822e-01,3.695284637395760546e-02,4.829753761949834301e-02,7.304057231770483272e-02,6.347545857466448116e-02,1.200759965645896432e-01,-1.125577291066232194e-01,8.488511184389366249e-02,1.099117807388083345e-01,9.631442932694878056e-01,-1.062037527971932543e-01,1.045302696274556453e+01,2.308994388068054057e-02,2.470857707696117594e-02,2.311882670914007856e-02,2.335002096695991750e-02,1.548337958115093005e-01,1.601688989326217061e-01,1.549306050623611430e-01,1.557033510519572617e-01
2.949999999999999845e-01,3.689770955610135322e-02,4.836364562582511073e-02,7.308258636878975367e-02,6.341406474349470246e-02,1.206091087200028000e-01,-1.119344323565196753e-01,8.491392707580515398e-02,1.108746782478734066e-01,9.628792014483453787e-01,-1.058697281064959334e-01,1.045480693832536190e+01,2.309299665896663925e-02,2.472551305123767834e-02,2.312391922421945523e-02,2.335357624970669024e-02,1.548653446644381593e-01,1.602458359461807480e-01,1.549689958222493502e-01,1.557366379519221355e-01
2.974999999999999867e-01,3.684274838602526886e-02,4.842967673729878936e-02,7.312443500971567423e-02,6.335125158017457236e-02,1.211413098261833604e-01,-1.113116964099928885e-01,8.494249215859586699e-02,1.118346854327752354e-01,9.626149445086182865e-01,-1.055358478204518891e-01,1.045660006204456849e+01,2.309601776997612446e-02,2.474241524913808193e-02,2.312900899995727622e-02,2.335707442157190436e-02,1.548967311006030079e-01,1.603225994288079159e-01,1.550073218119357166e-01,1.557696780785714774e-01
2.999999999999999889e-01,3.678796357360487185e-02,4.849563015629589080e-02,7.316611862958634360e-02,6.328703137941568690e-02,1.216726024383438659e-01,-1.106895153542766796e-01,8.497080759429360974e-02,1.127918049638292897e-01,9.623515220881320165e-01,-1.052021128681751849e-01,1.045840631227051709e+01,2.309900726775801147e-02,2.475928364309906704e-02,2.313409605065482738e-02,2.336051565032355379e-02,1.549279552189846698e-01,1.603991892584205325e-01,1.550455830113272038e-01,1.558024718943298303e-01
3.024999999999999911e-01,3.673335581457388976e-02,4.856150508266811328e-02,7.320763761548927662e-02,6.322141658721608382e-02,1.222029891445854666e-01,-1.100678833163268450e-01,8.499887388342228234e-02,1.137460397090024472e-01,9.620889338223992393e-01,-1.048685241700297588e-01,1.046022566748342797e+01,2.310196520634301420e-02,2.477611820541320703e-02,2.313918039059148848e-02,2.336390010400549860e-02,1.549590171189576537e-01,1.604756053127521509e-01,1.550837794006530990e-01,1.558350198628000449e-01
3.049999999999999933e-01,3.667892579059536112e-02,4.862730071374281315e-02,7.324899235244304585e-02,6.315441979977190479e-02,1.227324725647120918e-01,-1.094467944626148770e-01,8.502669152494873872e-02,1.146973927309263702e-01,9.618271793446439011e-01,-1.045350826375690129e-01,1.046205810627712296e+01,2.310489163974088767e-02,2.479291890823026590e-02,2.314426203402477483e-02,2.336722795092176577e-02,1.549899169002811883e-01,1.605518474693578834e-01,1.551219109604640989e-01,1.558673224487155673e-01
3.074999999999999956e-01,3.662467416933420927e-02,4.869301624432265108e-02,7.329018322334490687e-02,6.308605376237477746e-02,1.232610553490472438e-01,-1.088262429989300950e-01,8.505426101623060620e-02,1.156458672839445895e-01,9.615662582858213181e-01,-1.042017891734762641e-01,1.046390360735970404e+01,2.310778662193784319e-02,2.480968572355852358e-02,2.314934099519040667e-02,2.337049935962103031e-02,1.550206546630905902e-01,1.606279156056197865e-01,1.551599776716319212e-01,1.558993801178938932e-01
3.099999999999999978e-01,3.657060160453077385e-02,4.875865086668414172e-02,7.333121060891842347e-02,6.301633136829572213e-02,1.237887401772551077e-01,-1.082062231701885341e-01,8.508158285296373025e-02,1.165914668111939639e-01,9.613061702746417136e-01,-1.038686446715067213e-01,1.046576214955427275e+01,2.311065020689404351e-02,2.482641862326608745e-02,2.315441728830236121e-02,2.337371449888128727e-02,1.550512305078886877e-01,1.607038095987520787e-01,1.551979795153483610e-01,1.559311933371897441e-01
3.125000000000000000e-01,3.651670873607567452e-02,4.882420377057565541e-02,7.337207488766163410e-02,6.294526565765383441e-02,1.243155297571667262e-01,-1.075867292602505770e-01,8.510865752913097937e-02,1.175341949417207238e-01,9.610469149375916453e-01,-1.035356500164300170e-01,1.046763371179953950e+01,2.311348244854116371e-02,2.484311757908221757e-02,2.315949092755293856e-02,2.337687353769469026e-02,1.550816445355376605e-01,1.607795293258064417e-01,1.552359164731245689e-01,1.559627625744493540e-01
3.150000000000000022e-01,3.646299619008563225e-02,4.888967414321423316e-02,7.341277643579549594e-02,6.287286981627035476e-02,1.248414268236104491e-01,-1.069677555917460526e-01,8.513548553695093890e-02,1.184740554876303198e-01,9.607884918989576528e-01,-1.032028060839741135e-01,1.046951827315051275e+01,2.311628340078001817e-02,2.485978256259863822e-02,2.316456192711282419e-02,2.337997664525258076e-02,1.551118968472507964e-01,1.608550746636771278e-01,1.552737885267903573e-01,1.559940882984651445e-01
3.175000000000000044e-01,3.640946457898058125e-02,4.895506116928170087e-02,7.345331562721203744e-02,6.279915717450777757e-02,1.253664341372488500e-01,-1.063492965259063144e-01,8.516206736682714606e-02,1.194110524412734242e-01,9.605309007808477961e-01,-1.028701137407701111e-01,1.047141581277908529e+01,2.311905311747826375e-02,2.487641354527088053e-02,2.316963030113116523e-02,2.338302399093068751e-02,1.551419875445847196e-01,1.609304454891063163e-01,1.553115956584933954e-01,1.560251709789307328e-01
3.200000000000000067e-01,3.635611450156137764e-02,4.902036403091993705e-02,7.349369283342382930e-02,6.272414120609350052e-02,1.258905544834220125e-01,-1.057313464624043825e-01,8.518840350729801891e-02,1.203451899724663765e-01,9.602741412032150814e-01,-1.025375738442976664e-01,1.047332630997464875e+01,2.312179165246817936e-02,2.489301049841960434e-02,2.317469606373563987e-02,2.338601574427450966e-02,1.551719167294317858e-01,1.610056416786891931e-01,1.553493378506984879e-01,1.560560110863967176e-01
3.225000000000000089e-01,3.630294654308877794e-02,4.908558190772491225e-02,7.353390842351288648e-02,6.264783552692690383e-02,1.264137906709960624e-01,-1.051138998392025375e-01,8.521449444498715997e-02,1.212764724257463372e-01,9.600182127838806645e-01,-1.022051872428315633e-01,1.047524974414467458e+01,2.312449905954450449e-02,2.490957339323192701e-02,2.317975922903252675e-02,2.338895207498486659e-02,1.552016845040124216e-01,1.610806631088790020e-01,1.553870150861866584e-01,1.560866090922267413e-01
3.250000000000000111e-01,3.624996127536314616e-02,4.915071397674037473e-02,7.357396276408031954e-02,6.257025389387189940e-02,1.269361455312203735e-01,-1.044969511324073674e-01,8.524034066455422887e-02,1.222049043176633293e-01,9.597631151385561665e-01,-1.018729547753890186e-01,1.047718609481528240e+01,2.312717539246234369e-02,2.492610220076276958e-02,2.318481981110679865e-02,2.339183315290361762e-02,1.552312909708679634e-01,1.611555096559923184e-01,1.554246273480545670e-01,1.561169654685541641e-01
3.275000000000000133e-01,3.619715925680480617e-02,4.921575941245028007e-02,7.361385621919609712e-02,6.249141020353173037e-02,1.274576219165917124e-01,-1.038804948561313640e-01,8.526594264864627293e-02,1.231304903341060020e-01,9.595088478808676546e-01,-1.015408772716775709e-01,1.047913534163178717e+01,2.312982070493516118e-02,2.494259689193620289e-02,2.318987782402219186e-02,2.339465914799957261e-02,1.552607362328535801e-01,1.612301811962139897e-01,1.554621746197135113e-01,1.561470806882393481e-01
3.300000000000000155e-01,3.614454103253544881e-02,4.928071738677048536e-02,7.365358915034955767e-02,6.241131849100791523e-02,1.279782226997259742e-01,-1.032645255623625413e-01,8.529130087784950187e-02,1.240532353276643379e-01,9.592554106223779575e-01,-1.012089555520438305e-01,1.048109746435921963e+01,2.313243505063282759e-02,2.495905743754678677e-02,2.319493328182129291e-02,2.339743023035455519e-02,1.552900203931314449e-01,1.613046776056023257e-01,1.554996568848887040e-01,1.561769552248272463e-01
3.325000000000000178e-01,3.609210713445996227e-02,4.934558706903954123e-02,7.369316191639994906e-02,6.232999292864231655e-02,1.284979507722392444e-01,-1.026490378408412563e-01,8.531641583064203394e-02,1.249731443150265547e-01,9.590028029726116454e-01,-1.008771904274227416e-01,1.048307244288284501e+01,2.313501848317973952e-02,2.497548380826093359e-02,2.319998619852563226e-02,2.340014657014963598e-02,1.553191435551640187e-01,1.613789987600940112e-01,1.555370741276183855e-01,1.562065895525054926e-01
3.350000000000000200e-01,3.603985808134894941e-02,4.941036762600867216e-02,7.373257487352721795e-02,6.224744782474186944e-02,1.290168090436374648e-01,-1.020340263189427471e-01,8.534128798334655874e-02,1.258902224744126164e-01,9.587510245390774566e-01,-1.005455826992875668e-01,1.048506025720865154e+01,2.313757105615300153e-02,2.499187597461825783e-02,2.320503658813577452e-02,2.340280833765154625e-02,1.553481058227075273e-01,1.614531445355091854e-01,1.555744263322530463e-01,1.562359841460630727e-01
3.375000000000000222e-01,3.598779437892196675e-02,4.947505822183090318e-02,7.377182837518379832e-02,6.216369762228583090e-02,1.295348004402144815e-01,-1.014194856615679430e-01,8.536591781008417978e-02,1.268044751430420780e-01,9.585000749272918341e-01,-1.002141331596002188e-01,1.048706088746383536e+01,2.314009282308069140e-02,2.500823390703295693e-02,2.321008446463140515e-02,2.340541570319923728e-02,1.553769072998057721e-01,1.615271148075565211e-01,1.556117134834546778e-01,1.562651394808495797e-01
3.400000000000000244e-01,3.593591651993117281e-02,4.953965801804909724e-02,7.381092277204615026e-02,6.207875689761627874e-02,1.300519279039611398e-01,-1.008054105710403520e-01,8.539030578272842342e-02,1.277159078146382909e-01,9.582499537408037948e-01,-9.988284259076224414e-02,1.048907431389724998e+01,2.314258383744017752e-02,2.502455757579516785e-02,2.321512984197143456e-02,2.340796883719062707e-02,1.554055480907840792e-01,1.616009094518380818e-01,1.556489355661956064e-01,1.562940560327345796e-01
3.425000000000000266e-01,3.588422498424534424e-02,4.960416617358375663e-02,7.384985841196707590e-02,6.199264035910943826e-02,1.305681943914833998e-01,-1.001917957870096937e-01,8.541445237085987241e-02,1.286245261369663162e-01,9.580006605812186882e-01,-9.955171176556625035e-02,1.049110051687984324e+01,2.314504415265650553e-02,2.504084695107236178e-02,2.322017273409409527e-02,2.341046791006948929e-02,1.554340283002432210e-01,1.616745283438543457e-01,1.556860925657579386e-01,1.563227342780677542e-01
3.450000000000000289e-01,3.583272023893461361e-02,4.966858184471917986e-02,7.388863563992836836e-02,6.190536284583027238e-02,1.310836028729315261e-01,-9.957863608636141617e-02,8.543835804172174309e-02,1.295303359094076290e-01,9.577521950482206226e-01,-9.922074144714772281e-02,1.049313947690510140e+01,2.314747382210085788e-02,2.505710200291072151e-02,2.322521315491704597e-02,2.341291309231251574e-02,1.554623480330540042e-01,1.617479713590091739e-01,1.557231844677325339e-01,1.563511746936395164e-01
3.475000000000000311e-01,3.578140273835511004e-02,4.973290418508954924e-02,7.392725479799401589e-02,6.181693932616835058e-02,1.315981563309391589e-01,-9.896592628313381768e-02,8.546202326017560136e-02,1.304333430805683647e-01,9.575045567395997770e-01,-9.888993238893697968e-02,1.049519117458944173e+01,2.314987289908907592e-02,2.507332270123653964e-02,2.323025111833747214e-02,2.341530455441653835e-02,1.554905073943514404e-01,1.618212383726146952e-01,1.557602112580181164e-01,1.563793777566417631e-01
3.500000000000000333e-01,3.573027292423448104e-02,4.979713234566363750e-02,7.396571622526366963e-02,6.172738489645475390e-02,1.321118577595747634e-01,-9.835366122844020620e-02,8.548544848865799461e-02,1.313335537459221491e-01,9.572577452512731622e-01,-9.855928533461180696e-02,1.049725559067260861e+01,2.315224143688024080e-02,2.508950901585762366e-02,2.323528663823220403e-02,2.341764246688589693e-02,1.555185064895298341e-01,1.618943292598964134e-01,1.557971729228204705e-01,1.564073439446295455e-01
3.524999999999999800e-01,3.567933122575719235e-02,4.986126547472902876e-02,7.400402025782680526e-02,6.163671477956140371e-02,1.326247101633029613e-01,-9.774183581039769253e-02,8.550863418713768038e-02,1.322309741454882337e-01,9.570117601773120430e-01,-9.822880101805013531e-02,1.049933270601805546e+01,2.315457948867532742e-02,2.510566091646470113e-02,2.324031972845781724e-02,2.341992700021998039e-02,1.555463454242371757e-01,1.619672438959977867e-01,1.558340694486514133e-01,1.564350737354828214e-01
3.549999999999999822e-01,3.562857805965027880e-02,4.992530271787550683e-02,7.404216722871703737e-02,6.154494432348089905e-02,1.331367165559587395e-01,-9.713044495406109036e-02,8.553158081307327132e-02,1.331256106615429646e-01,9.567666011099648093e-01,-9.789848016328296654e-02,1.050142250161330004e+01,2.315688710761591371e-02,2.512177837263284558e-02,2.324535040285075072e-02,2.342215832490090674e-02,1.555740243043706172e-01,1.620399821559854459e-01,1.558709008223278791e-01,1.564625676073686245e-01
3.574999999999999845e-01,3.557801383026922004e-02,4.998924321797754144e-02,7.408015746786733580e-02,6.145208899988754969e-02,1.336478799597333178e-01,-9.651948362136393567e-02,8.555428882137175450e-02,1.340174698163655032e-01,9.565222676396825108e-01,-9.756832348444746672e-02,1.050352495857027435e+01,2.315916434678296637e-02,2.513786135382289899e-02,2.325037867522742469e-02,2.342433661138137654e-02,1.556015432360714212e-01,1.621125439148539682e-01,1.559076670309710866e-01,1.564898260387041218e-01
3.599999999999999867e-01,3.552763892968394122e-02,5.005308611517610834e-02,7.411799130206546404e-02,6.135816440267951449e-02,1.341582034041722271e-01,-9.590894681106365560e-02,8.557675866434763523e-02,1.349065582700167687e-01,9.562787593551427268e-01,-9.723833168574022578e-02,1.050564005812564616e+01,2.316141125919566474e-02,2.515390982938291511e-02,2.325540455938435863e-02,2.342646203007265476e-02,1.556289023257205473e-01,1.621849290475307348e-01,1.559443680620055672e-01,1.565168495081195321e-01
3.624999999999999889e-01,3.547745373776493155e-02,5.011683054685983629e-02,7.415566905491006999e-02,6.126318624650125416e-02,1.346676899251857962e-01,-9.529882955869294070e-02,8.559899079168258040e-02,1.357928828181516889e-01,9.560360758432754347e-01,-9.690850546137080856e-02,1.050776778164114234e+01,2.316362789781031828e-02,2.516992376854959579e-02,2.326042806909829272e-02,2.342853475133272259e-02,1.556561016799341002e-01,1.622571374288808710e-01,1.559810039031580831e-01,1.565436384944219050e-01
3.649999999999999911e-01,3.542745862226919645e-02,5.018047564764504392e-02,7.419319104676706800e-02,6.116717036524734613e-02,1.351763425640728766e-01,-9.468912693651579393e-02,8.562098565038585296e-02,1.366764503898643679e-01,9.557942166892873237e-01,-9.657884549551494502e-02,1.050990811060385077e+01,2.316581431551931539e-02,2.518590314044976200e-02,2.326544921812630923e-02,2.343055494545455766e-02,1.556831414055593055e-01,1.623291689337121035e-01,1.560175745424568772e-01,1.565701934765589831e-01
3.674999999999999933e-01,3.537765393892648019e-02,5.024402054935561690e-02,7.423055759472692305e-02,6.107013271054614195e-02,1.356841643665570307e-01,-9.407983405348899208e-02,8.564274368475535693e-02,1.375572680455662000e-01,9.555531814766876630e-01,-9.624935246226810903e-02,1.051206102662650288e+01,2.316797056515015191e-02,2.520184791410181105e-02,2.327046802020596786e-02,2.343252278265459121e-02,1.557100216096702350e-01,1.624010234367795347e-01,1.560540799682305080e-01,1.565965149335837303e-01
3.699999999999999956e-01,3.532804003152525268e-02,5.030746438100167084e-02,7.426776901256230967e-02,6.097208935022378762e-02,1.361911583818372351e-01,-9.347094605522841826e-02,8.566426533633948737e-02,1.384353429748946263e-01,9.553129697873125048e-01,-9.592002702559900007e-02,1.051422651144773823e+01,2.317009669946451175e-02,2.521775805841719453e-02,2.327548448905542022e-02,2.343443843306127622e-02,1.557367423995640598e-01,1.624727008127907490e-01,1.560905201691069610e-01,1.566226033446192767e-01
3.724999999999999978e-01,3.527861723199861299e-02,5.037080626875782563e-02,7.430482561068608993e-02,6.087305646674954357e-02,1.366973276616500199e-01,-9.286245812397937727e-02,8.568555104389956323e-02,1.393106824946555022e-01,9.550735812013512183e-01,-9.559086983930284442e-02,1.051640454693237281e+01,2.317219277115739953e-02,2.523363354220189980e-02,2.328049863837355904e-02,2.343630206670382909e-02,1.557633038827572758e-01,1.625442009364103380e-01,1.561268951340126221e-01,1.566484591888239741e-01
3.750000000000000000e-01,3.522938586051008875e-02,5.043404533594060546e-02,7.434172769611030462e-02,6.077305035565969127e-02,1.372026752593477616e-01,-9.225436547859225400e-02,8.570660124337278751e-02,1.401832940467949151e-01,9.548350152973712479e-01,-9.526188154695483523e-02,1.051859511507164235e+01,2.317425883285634605e-02,2.524947433415796264e-02,2.328551048184013955e-02,2.343811385350109272e-02,1.557897061669821781e-01,1.626155236822650063e-01,1.561632048521713056e-01,1.566740829453572292e-01
3.775000000000000022e-01,3.518034622553927598e-02,5.049718070298540168e-02,7.437847557240540031e-02,6.067208742396320437e-02,1.377072042289887999e-01,-9.164666337450183553e-02,8.572741636783619279e-02,1.410531851964035022e-01,9.545972716523440926e-01,-9.493306278186317004e-02,1.052079819798341909e+01,2.317629493712065891e-02,2.526528040288495564e-02,2.329052003311592178e-02,2.343987396325055567e-02,1.558159493601833923e-01,1.626866689249482911e-01,1.561994493131031170e-01,1.566994750933453640e-01
3.800000000000000044e-01,3.513149862396712508e-02,5.056021148742256832e-02,7.441506953966021964e-02,6.057018418852638114e-02,1.382109176244429305e-01,-9.103934710371044958e-02,8.574799684747125283e-02,1.419203636297497739e-01,9.543603498416703967e-01,-9.460441416702228268e-02,1.052301377791244619e+01,2.317830113644074250e-02,2.528105171688152519e-02,2.329552730584280584e-02,2.344158256561749976e-02,1.558420335705149040e-01,1.627576365390255853e-01,1.562356285066235917e-01,1.567246361118482811e-01
3.825000000000000067e-01,3.508284334116110181e-02,5.062313680385293474e-02,7.445150989444246359e-02,6.046735727443784680e-02,1.387138184985107492e-01,-9.043241199477551617e-02,8.576834310952906326e-02,1.427848371523436632e-01,9.541242494392067064e-01,-9.427593631506545058e-02,1.052524183723053319e+01,2.318027748323744572e-02,2.529678824454691458e-02,2.330053231364397764e-02,2.344323983012430029e-02,1.558679589063366178e-01,1.628284263990387448e-01,1.562717424228425023e-01,1.567495664798261579e-01
3.850000000000000089e-01,3.503438065106013327e-02,5.068595576392299212e-02,7.448779692975993072e-02,6.036362341335353016e-02,1.392159099020576218e-01,-8.982585341280098501e-02,8.578845557829622992e-02,1.436466136870303278e-01,9.538889700172908936e-01,-9.394762982821776298e-02,1.052748235843674429e+01,2.318222402986150343e-02,2.531248995418250089e-02,2.330553507012404768e-02,2.344484592613984425e-02,1.558937254762117197e-01,1.628990383795110575e-01,1.563077910521628588e-01,1.567742666761066661e-01
3.875000000000000111e-01,3.498611081625892238e-02,5.074866747629900449e-02,7.452393093502227006e-02,6.025899944182180890e-02,1.397171948831615884e-01,-8.921966675943074354e-02,8.580833467506174261e-02,1.445057012721115419e-01,9.536545111467684688e-01,-9.361949529824825644e-02,1.052973532415758129e+01,2.318414082859299868e-02,2.532815681399335633e-02,2.331053558886919674e-02,2.344640102286909764e-02,1.559193333889038746e-01,1.629694723549520996e-01,1.563437743852798267e-01,1.567987371793524987e-01
3.900000000000000133e-01,3.493803408809224159e-02,5.081127104664114047e-02,7.455991219600319186e-02,6.015350229958782435e-02,1.402176764862769487e-01,-8.861384747284667407e-02,8.582798081808418189e-02,1.453621080594963699e-01,9.534208723970181154e-01,-9.329153330642217523e-02,1.053200071714713992e+01,2.318602793164089432e-02,2.534378879208981292e-02,2.331553388344733205e-02,2.344790528934280124e-02,1.559447827533745057e-01,1.630397281998626213e-01,1.563796924131796995e-01,1.568229784680295058e-01
3.925000000000000155e-01,3.489015070671851182e-02,5.087376557757634921e-02,7.459574099480366371e-02,6.004714902787840897e-02,1.407173577514118090e-01,-8.800839102776891743e-02,8.584739442256004993e-02,1.462158423128791518e-01,9.531880533359793350e-01,-9.296374442345270439e-02,1.053427852028728751e+01,2.318788539114260971e-02,2.535938585648903412e-02,2.332052996740822948e-02,2.344935889440729823e-02,1.559700736787804909e-01,1.631098057887392649e-01,1.564155451271386776e-01,1.568469910203747764e-01
3.950000000000000178e-01,3.484246090120326350e-02,5.093615016867158313e-02,7.463141760981567563e-02,5.993995676766673830e-02,1.412162417133213110e-01,-8.740329293545925915e-02,8.586657590059257328e-02,1.470669124059452715e-01,9.529560535301768720e-01,-9.263612920945256402e-02,1.053656871658777661e+01,2.318971325916365997e-02,2.537494797511660738e-02,2.332552385428368277e-02,2.345076200671450742e-02,1.559952062744717483e-01,1.631797049960795609e-01,1.564513325187219250e-01,1.568707753143655792e-01
3.975000000000000200e-01,3.479496488960188982e-02,5.099842391640577177e-02,7.466694231568617168e-02,5.983194275791645783e-02,1.417143314007153210e-01,-8.679854874372676388e-02,8.588552566116150477e-02,1.479153268206033489e-01,9.527248725447501343e-01,-9.230868821388502066e-02,1.053887128918638894e+01,2.319151158769732976e-02,2.539047511580815042e-02,2.333051555758766313e-02,2.345211479471199720e-02,1.560201806499890154e-01,1.632494256963866464e-01,1.564870545797822643e-01,1.568943318276881105e-01
4.000000000000000222e-01,3.474766287904198364e-02,5.106058591414160824e-02,7.470231538328250820e-02,5.972312433380631835e-02,1.422116298354818009e-01,-8.619415403693538036e-02,8.590424411009331407e-02,1.487610941452439661e-01,9.524945099434767304e-01,-9.198142197551467669e-02,1.054118622134904903e+01,2.319328042866440620e-02,2.540596724631091416e-02,2.333550509081648225e-02,2.345341742663321558e-02,1.560449969150620175e-01,1.633189677641741777e-01,1.565227113024591776e-01,1.569176610377071290e-01
4.025000000000000244e-01,3.470055506580524418e-02,5.112263525209712056e-02,7.473753707965767601e-02,5.961351892493398780e-02,1.427081400319250015e-01,-8.559010443601448859e-02,8.592273165003244673e-02,1.496042230730228462e-01,9.522649652888018901e-01,-9.165433102235789886e-02,1.054351349646995217e+01,2.319501983391296027e-02,2.542142433428541681e-02,2.334049246744893114e-02,2.345467007048783123e-02,1.560696551796073306e-01,1.633883310739712158e-01,1.565583026791776133e-01,1.569407634214355640e-01
4.050000000000000266e-01,3.465364163540864822e-02,5.118457101731637565e-02,7.477260766801699376e-02,5.950314405350073943e-02,1.432038649960189480e-01,-8.498639559847043223e-02,8.594098868041326333e-02,1.504447224001713712e-01,9.520362381418630005e-01,-9.132741587163248353e-02,1.054585309807162119e+01,2.319672985521816985e-02,2.543684634730707800e-02,2.334547770094646049e-02,2.345587289405221335e-02,1.560941555537267988e-01,1.634575155003270552e-01,1.565938287026468478e-01,1.569636394555047332e-01
4.075000000000000289e-01,3.460692276268518414e-02,5.124639229364015558e-02,7.480752740768498166e-02,5.939201733247527482e-02,1.436988077246768025e-01,-8.438302321840036868e-02,8.595901559743279741e-02,1.512826010243291663e-01,9.518083280625198039e-01,-9.100067702970734973e-02,1.054820500980502551e+01,2.319841054428219487e-02,2.545223325286787366e-02,2.335046080475332991e-02,2.345702606486002248e-02,1.561184981477057587e-01,1.635265209178159707e-01,1.566292893658591812e-01,1.569862896161345334e-01
4.100000000000000311e-01,3.456039861186403078e-02,5.130809816167608561e-02,7.484229655407290127e-02,5.928015646373824971e-02,1.441929712050352697e-01,-8.377998302650625784e-02,8.597681279402398513e-02,1.521178679429016634e-01,9.515812346093779350e-01,-9.067411499205144110e-02,1.055056921544965043e+01,2.320006195273410440e-02,2.546758501837798755e-02,2.335544179229677789e-02,2.345812975019293672e-02,1.561426830720116787e-01,1.635953472010422960e-01,1.566646846620889655e-01,1.570087143791045192e-01
4.125000000000000333e-01,3.451406933664985521e-02,5.136968769876833901e-02,7.487691535864743342e-02,5.916757923620643428e-02,1.446863584137542680e-01,-8.317727079011105751e-02,8.599438065983010249e-02,1.529505322514410903e-01,9.513549573398190073e-01,-9.034773024318196177e-02,1.055294569891355039e+01,2.320168413212982811e-02,2.548290161116750427e-02,2.336042067698718139e-02,2.345918411707148890e-02,1.561667104372926884e-01,1.636639942246451151e-01,1.567000145848911896e-01,1.570309142197247043e-01
4.150000000000000355e-01,3.446793508030186748e-02,5.143115997896742508e-02,7.491138406889986945e-02,5.905430352393740978e-02,1.451789723163327273e-01,-8.257488231317618166e-02,8.601171958117982685e-02,1.537806031420496655e-01,9.511294958100269259e-01,-9.002152325661283427e-02,1.055533444423341116e+01,2.320327713395217706e-02,2.549818299848808159e-02,2.336539747221822935e-02,2.346018933224603212e-02,1.561905803543762739e-01,1.637324618633031470e-01,1.567352791281003410e-01,1.570528896128071672e-01
4.174999999999999822e-01,3.442199597571164033e-02,5.149251407299897110e-02,7.494570292831564950e-02,5.894034728421444769e-02,1.456708158664392627e-01,-8.197281343631740436e-02,8.602882994106282599e-02,1.546080899018043575e-01,9.509048495750157537e-01,-8.969549449480154757e-02,1.055773543557460137e+01,2.320484100961088536e-02,2.551342914751466087e-02,2.337037219136708921e-02,2.346114556218783370e-02,1.562142929342681952e-01,1.638007499917396304e-01,1.567704782858292123e-01,1.570746410326377407e-01
4.199999999999999845e-01,3.437625214548085950e-02,5.155374904823308707e-02,7.497987217634509427e-02,5.882572855561181424e-02,1.461618920052590309e-01,-8.137106003682334499e-02,8.604571211910647111e-02,1.554330019112049044e-01,9.506810181886564681e-01,-8.936964440909636598e-02,1.056014865723119378e+01,2.320637581044271425e-02,2.552864002534717403e-02,2.337534484779458036e-02,2.346205297308026974e-02,1.562378482881515984e-01,1.638688584847273200e-01,1.568056120524676800e-01,1.570961689529481731e-01
4.224999999999999867e-01,3.433070370199786669e-02,5.161486396865276605e-02,7.501389204837485836e-02,5.871046545604019506e-02,1.466522036608556567e-01,-8.076961802867357876e-02,8.606236649155328544e-02,1.562553486426398186e-01,9.504580012037067149e-01,-8.904397343968256662e-02,1.056257409362599731e+01,2.320788158771157697e-02,2.554381559901227131e-02,2.338031545484533721e-02,2.346291173081014453e-02,1.562612465273857665e-01,1.639367872170930662e-01,1.568406804226811502e-01,1.571174738468882892e-01
4.249999999999999889e-01,3.428535074751366818e-02,5.167585789482266601e-02,7.504776277569981391e-02,5.859457618077348884e-02,1.471417537475490367e-01,-8.016848336255566476e-02,8.607879343123893412e-02,1.570751396588750404e-01,9.502357981718370095e-01,-8.871848201552805235e-02,1.056501172931058541e+01,2.320935839260872269e-02,2.555895583546505603e-02,2.338528402584799659e-02,2.346372200095913491e-02,1.562844877635056473e-01,1.640045360637229221e-01,1.568756833914097260e-01,1.571385561869989567e-01
4.274999999999999911e-01,3.424019337421729120e-02,5.173672988385717708e-02,7.508148458549585014e-02,5.847807900045542961e-02,1.476305451653082135e-01,-7.956765202588290953e-02,8.609499330757147684e-02,1.578923846115603824e-01,9.500144086436602686e-01,-8.839317055432853454e-02,1.056746154896527834e+01,2.321080627625294462e-02,2.557406070159084360e-02,2.339025057411536421e-02,2.346448394879534563e-02,1.563075721082208547e-01,1.640721048995668896e-01,1.569106209538664587e-01,1.571594164451849407e-01
4.299999999999999933e-01,3.419523166431014116e-02,5.179747898938877326e-02,7.511505770079354716e-02,5.836099225908764759e-02,1.481185807991607095e-01,-7.896712004281083996e-02,8.611096648651084262e-02,1.587070932397559586e-01,9.497938321687579011e-01,-8.806803946245202186e-02,1.056992353739916979e+01,2.321222528969084029e-02,2.558913016420691355e-02,2.339521511294459163e-02,2.346519773926497229e-02,1.563304996734153907e-01,1.641394935996439708e-01,1.569454931055364322e-01,1.571800550926883699e-01
4.324999999999999956e-01,3.415046569007955390e-02,5.185810426153603797e-02,7.514848234045234943e-02,5.824333437199849528e-02,1.486058635186165156e-01,-7.836688347425307954e-02,8.612671333054952583e-02,1.595192753684761544e-01,9.495740682957111156e-01,-8.774308913488258754e-02,1.057239767955009313e+01,2.321361548389709595e-02,2.560416419006428593e-02,2.340017765561735671e-02,2.346586353698408567e-02,1.563532705711468962e-01,1.642067020390467480e-01,1.569802998421750695e-01,1.572004726000621744e-01
4.349999999999999978e-01,3.410589551397199409e-02,5.191860474687175209e-02,7.518175871913571062e-02,5.812512382379297210e-02,1.490923961771079553e-01,-7.776693841789622530e-02,8.614223419869408704e-02,1.603289409072509997e-01,9.493551165721271223e-01,-8.741831995516360920e-02,1.057488396048462143e+01,2.321497690977481973e-02,2.561916274584951497e-02,2.340513821540004744e-02,2.346648150623052709e-02,1.563758849136463458e-01,1.642737300929465183e-01,1.570150411598070783e-01,1.572206694371441338e-01
4.375000000000000000e-01,3.406152118866477563e-02,5.197897948839068361e-02,7.521488704728708508e-02,5.800637916628411522e-02,1.495781816114449825e-01,-7.716728100821343417e-02,8.615752944644732014e-02,1.611360998487056106e-01,9.491369765446689977e-01,-8.709373229534045358e-02,1.057738236539802834e+01,2.321630961815589547e-02,2.563412579818647938e-02,2.341009680554393541e-02,2.346705181093592177e-02,1.563983428133176867e-01,1.643405776365979842e-01,1.570497170547248966e-01,1.572406460730311484e-01
4.400000000000000022e-01,3.401734275713747674e-02,5.203922752547757158e-02,7.524786753110633553e-02,5.788711901640558599e-02,1.500632226412856596e-01,-7.656790741647565013e-02,8.617259942579116871e-02,1.619407622671540647e-01,9.489196477590835510e-01,-8.676932651590223144e-02,1.057989287961426328e+01,2.321761365980139560e-02,2.564905331363819332e-02,2.341505343928535973e-02,2.346757461467778583e-02,1.564206443827377835e-01,1.644072445453443332e-01,1.570843275234873326e-01,1.572604029760537037e-01
4.425000000000000044e-01,3.397336025274224486e-02,5.209934789387513782e-02,7.528070037252716784e-02,5.776736205410611807e-02,1.505475220686224580e-01,-7.596881385076227622e-02,8.618744448517050294e-02,1.627429383172106503e-01,9.487031297602319668e-01,-8.644510296572319175e-02,1.058241548858589631e+01,2.321888908540199400e-02,2.566394525870863488e-02,2.342000812984591437e-02,2.346805008067176859e-02,1.564427897346559737e-01,1.644737306946217614e-01,1.571188725629182603e-01,1.572799406137506684e-01
4.450000000000000067e-01,3.392957369927335209e-02,5.215933962565180715e-02,7.531338576919556493e-02,5.764712702022549429e-02,1.510310826772836013e-01,-7.536999655596847425e-02,8.620206496947804831e-02,1.635426382324149386e-01,9.484874220921165611e-01,-8.612106198200290830e-02,1.058495017789408443e+01,2.322013594557844826e-02,2.567880159984456748e-02,2.342496089043263202e-02,2.346847837176398166e-02,1.564647789819943735e-01,1.645400359599647477e-01,1.571533521701051206e-01,1.572992594528444532e-01
4.475000000000000089e-01,3.388598311103580007e-02,5.221920174917015628e-02,7.534592391444858150e-02,5.752643271435309985e-02,1.515139072324492298e-01,-7.477145181381118777e-02,8.621646122003964741e-02,1.643398723238719272e-01,9.482725242979122005e-01,-8.579720389020666083e-02,1.058749693324850227e+01,2.322135429088208539e-02,2.569362230343739603e-02,2.342991173423817144e-02,2.346885965042344938e-02,1.564866122378476831e-01,1.646061602170105775e-01,1.571877663423974503e-01,1.573183599592163917e-01
4.500000000000000111e-01,3.384258849291310600e-02,5.227893328905484222e-02,7.537831499729431839e-02,5.740529799266777533e-02,1.519959984801835529e-01,-7.417317594283188986e-02,8.623063357460056255e-02,1.651346509789048678e-01,9.480584359199942801e-01,-8.547352900400422004e-02,1.059005574048727993e+01,2.322254417179533612e-02,2.570840733582501272e-02,2.343486067444099444e-02,2.346919407873465993e-02,1.565082896154834091e-01,1.646721033415043944e-01,1.572221150774054943e-01,1.573372425978825095e-01
4.525000000000000133e-01,3.379938984043427685e-02,5.233853326616082213e-02,7.541055920239224386e-02,5.728374176576072480e-02,1.524773591469819889e-01,-7.357516529839709662e-02,8.624458236731270822e-02,1.659269846597219711e-01,9.478451564999694767e-01,-8.515003762520841069e-02,1.059262658557693371e+01,2.322370563873228308e-02,2.572315666329367048e-02,2.343980772420557052e-02,2.346948181839023789e-02,1.565298112283418919e-01,1.647378652093039741e-01,1.572563983729986514e-01,1.573559078329692662e-01
4.550000000000000155e-01,3.375638713983972194e-02,5.239800069754210754e-02,7.544265671003508311e-02,5.716178299644101429e-02,1.529579919393320719e-01,-7.297741627269516140e-02,8.625830792872248021e-02,1.667168839020951865e-01,9.476326855787039483e-01,-8.482673004371296677e-02,1.059520945461228258e+01,2.322483874203925408e-02,2.573787025207985302e-02,2.344475289668254692e-02,2.346972303068370347e-02,1.565511771900368332e-01,1.648034456963845817e-01,1.572906162273041142e-01,1.573743561276901293e-01
4.575000000000000178e-01,3.371358036814636749e-02,5.245733459642024088e-02,7.547460769613055509e-02,5.703944069752357043e-02,1.534378995432912896e-01,-7.237992529473018244e-02,8.627181058575965344e-02,1.675043593140506659e-01,9.474210226963549752e-01,-8.450360653742942929e-02,1.059780433381636300e+01,2.322594353199544312e-02,2.575254806837216914e-02,2.344969620500896024e-02,2.346991787650234973e-02,1.565723876143553239e-01,1.648688446788438289e-01,1.573247686387051758e-01,1.573925879443218434e-01
4.600000000000000200e-01,3.367096949321191079e-02,5.251653397215332031e-02,7.550641233218483017e-02,5.691673392960045624e-02,1.539170846240777712e-01,-7.178268883031296843e-02,8.628509066172694586e-02,1.682894215745699695e-01,9.472101673923996046e-01,-8.418066737222376639e-02,1.060041120954035243e+01,2.322702005881354184e-02,2.576719007831323668e-02,2.345463766230840644e-02,2.347006651632022739e-02,1.565934426152584824e-01,1.649340620329064755e-01,1.573588556058397592e-01,1.574106037441813932e-01
4.625000000000000222e-01,3.362855447379810292e-02,5.257559783020533672e-02,7.553807078528625152e-02,5.679368179879563244e-02,1.543955498256776027e-01,-7.118570338204668890e-02,8.629814847629034558e-02,1.690720814323025400e-01,9.470001192056649586e-01,-8.385791280185164731e-02,1.060303006826343974e+01,2.322806837264041607e-02,2.578179624800160455e-02,2.345957728169124901e-02,2.347016911019122326e-02,1.566143423068818152e-01,1.649990976349293426e-01,1.573928771275990290e-01,1.574284039876030494e-01
4.650000000000000244e-01,3.358633525963310856e-02,5.263452517211552467e-02,7.556958321809006951e-02,5.667030345450251722e-02,1.548732977704652680e-01,-7.058896548931094250e-02,8.631098434547068710e-02,1.698523497042867814e-01,9.467908776743598764e-01,-8.353534306789360542e-02,1.060566089659274525e+01,2.322908852355779971e-02,2.579636654349365746e-02,2.346451507625479938e-02,2.347022581774225319e-02,1.566350868035356614e-01,1.650639513614058917e-01,1.574268332031254214e-01,1.574459891339156647e-01
4.675000000000000266e-01,3.354431179147297076e-02,5.269331499546837244e-02,7.560094978880398109e-02,5.654661808710650939e-02,1.553503310588391362e-01,-6.999247172823845620e-02,8.632359858163538013e-02,1.706302372746811291e-01,9.465824423361042239e-01,-8.321295839968931296e-02,1.060830368126320700e+01,2.323008056158300944e-02,2.581090093080554496e-02,2.346945105908351814e-02,2.347023679816655217e-02,1.566556762197058028e-01,1.651286230889713325e-01,1.574607238318114499e-01,1.574633596414203862e-01
4.700000000000000289e-01,3.350248400116217357e-02,5.275196629386397218e-02,7.563217065117458504e-02,5.642264492569036560e-02,1.558266522688717126e-01,-6.939621871169050771e-02,8.633599149349170665e-02,1.714057550935032814e-01,9.463748127279594247e-01,-8.289075901427074566e-02,1.061095840913745114e+01,2.323104453666969757e-02,2.582539937591511042e-02,2.347438524324920589e-02,2.347020221021707889e-02,1.566761106700542694e-01,1.651931126944072015e-01,1.574945490132978743e-01,1.574805159673686450e-01
4.725000000000000311e-01,3.346085181169332345e-02,5.281047805688852265e-02,7.566324595447450341e-02,5.629840323572483929e-02,1.563022639559739635e-01,-6.880020308922611683e-02,8.634816338608038155e-02,1.721789141753775620e-01,9.461679883864597684e-01,-8.256874511629538893e-02,1.061362506720568177e+01,2.323198049870860843e-02,2.583986184476384090e-02,2.347931764181119749e-02,2.347012221220000014e-02,1.566963902694197830e-01,1.652574200546462480e-01,1.575283087474721178e-01,1.574974585679401740e-01
4.750000000000000333e-01,3.341941513726576912e-02,5.286884927008576873e-02,7.569417584349071026e-02,5.617391231674348506e-02,1.567771686525735175e-01,-6.820442154706596316e-02,8.636011456077036241e-02,1.729497255982891391e-01,9.459619688476449406e-01,-8.224691689797794525e-02,1.061630364258554238e+01,2.323288849752836935e-02,2.585428830325881000e-02,2.348424826781656330e-02,2.346999696196830701e-02,1.567165151328183959e-01,1.653215450467769854e-01,1.575620030344664912e-01,1.575141878982213861e-01
4.775000000000000355e-01,3.337817388334350654e-02,5.292707891492837158e-02,7.572496045851316582e-02,5.604919150000184369e-02,1.572513688678071897e-01,-6.760887080805233484e-02,8.637184531525421427e-02,1.737182005023447939e-01,9.457567536470875558e-01,-8.192527453902184731e-02,1.061899412252199504e+01,2.323376858289630947e-02,2.586867871727463811e-02,2.348917713430029655e-02,2.346982661691550398e-02,1.567364853754447118e-01,1.653854875480488262e-01,1.575956318746567497e-01,1.575307044121844746e-01
4.799999999999999822e-01,3.333712794671195995e-02,5.298516596879040974e-02,7.575559993532481051e-02,5.592426014612321417e-02,1.577248670872279102e-01,-6.701354763160308203e-02,8.638335594354440428e-02,1.744843500885404630e-01,9.455523423199277966e-01,-8.160381820655000784e-02,1.062169649438716057e+01,2.323462080451927855e-02,2.588303305265545612e-02,2.349410425428551455e-02,2.346961133396942636e-02,1.567563011126722472e-01,1.654492474358764398e-01,1.576291952686601217e-01,1.575470085626660410e-01
4.824999999999999845e-01,3.329627721553399256e-02,5.304310940491977627e-02,7.578609440519210039e-02,5.579913764272814020e-02,1.581976657725247259e-01,-6.641844881366054665e-02,8.639464673597055389e-02,1.752481856175331920e-01,9.453487344009040561e-01,-8.128254805503461189e-02,1.062441074568019950e+01,2.323544521204450389e-02,2.589735127521687261e-02,2.349902964078365644e-02,2.346935126958613407e-02,1.567759624600544577e-01,1.655128245878445814e-01,1.576626932173337270e-01,1.575631008013463619e-01
4.849999999999999867e-01,3.325562156940498060e-02,5.310090819241187338e-02,7.581644399485661101e-02,5.567384340205107363e-02,1.586697673612564308e-01,-6.582357118663446915e-02,8.640571797917732944e-02,1.760097184084186139e-01,9.451459294243840237e-01,-8.096146422622649275e-02,1.062713686402714153e+01,2.323624185506045770e-02,2.591163335074796181e-02,2.350395330679467751e-02,2.346904657974392683e-02,1.567954695333255988e-01,1.655762188817128389e-01,1.576961257217727730e-01,1.575789815787291270e-01
4.874999999999999889e-01,3.321516087940687423e-02,5.315856129618332787e-02,7.584664882652723816e-02,5.554839685854218861e-02,1.591411742665995999e-01,-6.522891161933842830e-02,8.641656995612335967e-02,1.767689598375123128e-01,9.449439269243967709e-01,-8.064056684908377237e-02,1.062987483718073811e+01,2.323701078309773488e-02,2.592587924501323776e-02,2.350887526530724692e-02,2.346869741993744957e-02,1.568148224484017805e-01,1.656394301954203230e-01,1.577294927833088056e-01,1.575946513441210950e-01
4.899999999999999911e-01,3.317489500816157844e-02,5.321606767694688628e-02,7.587670901787359201e-02,5.542281746645601886e-02,1.596118888771096700e-01,-6.463446701692161789e-02,8.642720294608083331e-02,1.775259213371346012e-01,9.447427264346653919e-01,-8.031985603969953036e-02,1.063262465302030257e+01,2.323775204562997243e-02,2.594008892375464573e-02,2.351379552929894548e-02,2.346830394517189500e-02,1.568340213213816059e-01,1.657024584070901363e-01,1.577627944035079055e-01,1.576101105456119977e-01
4.924999999999999933e-01,3.313482380988320292e-02,5.327342629118660827e-02,7.590662468202001578e-02,5.529712469742675829e-02,1.600819135564944817e-01,-6.404023432079317124e-02,8.643761722463627617e-02,1.782806143943987676e-01,9.445423274886393106e-01,-7.999933190122926474e-02,1.063538629955155201e+01,2.323846569207475843e-02,2.595426235269355369e-02,2.351871411173647036e-02,2.346786630995731718e-02,1.568530662685474197e-01,1.657653033950340360e-01,1.577960305841687172e-01,1.576253596300550563e-01
4.949999999999999956e-01,3.309494713042941683e-02,5.333063609113406628e-02,7.593639592754054812e-02,5.517133803803035697e-02,1.605512506434017828e-01,-6.344621050854026834e-02,8.644781306369146712e-02,1.790330505500013214e-01,9.443427296195252563e-01,-7.967899452381728420e-02,1.063815976490641724e+01,2.323915177179456878e-02,2.596839949753275770e-02,2.352363102557582589e-02,2.346738466830303876e-02,1.568719574063663358e-01,1.658279650377573189e-01,1.578292013273209227e-01,1.576403990430475521e-01
4.974999999999999978e-01,3.305526480735216516e-02,5.338769602474523202e-02,7.596602285845488467e-02,5.504547698733432831e-02,1.610199024512202481e-01,-6.285239259383972044e-02,8.645779073146615812e-02,1.797832413970148480e-01,9.441439323603215694e-01,-7.935884398452279498e-02,1.064094503734290420e+01,2.323981033409771441e-02,2.598250032395848022e-02,2.352854628376252477e-02,2.346685917371215541e-02,1.568906948514909860e-01,1.658904432139629570e-01,1.578623066352230486e-01,1.576552292289115365e-01
5.000000000000000000e-01,3.301577666994735122e-02,5.344460503567825815e-02,7.599550557422478370e-02,5.491956105443479563e-02,1.614878712678913808e-01,-6.225877762636260193e-02,8.646755049250076652e-02,1.805311985796808627e-01,9.439459352438511752e-01,-7.903888034724500244e-02,1.064374210524488262e+01,2.324044142823931264e-02,2.599656479764236860e-02,2.353345989923178935e-02,2.346628997917614423e-02,1.569092787207607975e-01,1.659527378025562605e-01,1.578953465103606624e-01,1.576698506306748737e-01
5.025000000000000577e-01,3.297648253930344359e-02,5.350136206327192612e-02,7.602484416975215098e-02,5.479360975598225603e-02,1.619551593557363167e-01,-6.166536269167206818e-02,8.647709260766058004e-02,1.812769337922048862e-01,9.437487378027917817e-01,-7.871910366264771308e-02,1.064655095712191901e+01,2.324104510342225871e-02,2.601059288424351079e-02,2.353837188490874241e-02,2.346567723716957640e-02,1.569277091312030747e-01,1.660148486826496517e-01,1.579283209554445955e-01,1.576842636900529226e-01
5.050000000000000044e-01,3.293738222834970836e-02,5.355796604252503756e-02,7.605403873537693038e-02,5.466764261369488204e-02,1.624217689512937046e-01,-6.107214491111333243e-02,8.648641733414021149e-02,1.820204587775508531e-01,9.435523395697128501e-01,-7.839951396808356177e-02,1.064937158160909014e+01,2.324162140879821453e-02,2.602458454941045107e-02,2.354328225370861880e-02,2.346502109964491295e-02,1.569459862000338601e-01,1.660767757335667727e-01,1.579612299734087510e-01,1.576984688474298013e-01
5.075000000000000622e-01,3.289847554190299811e-02,5.361441590407714508e-02,7.608308935687696506e-02,5.454167915186163007e-02,1.628877022651703810e-01,-6.047912144169736298e-02,8.649552492546938587e-02,1.827617853262360481e-01,9.433567400771064593e-01,-7.808011128751704555e-02,1.065220396746679121e+01,2.324217039346861136e-02,2.603853975878318849e-02,2.354819101853694932e-02,2.346432171802741856e-02,1.569641100446592663e-01,1.661385188348470376e-01,1.579940735674082997e-01,1.577124665418404570e-01
5.100000000000000089e-01,3.285976227671418698e-02,5.367071057418952573e-02,7.611199611546792809e-02,5.441573889483349719e-02,1.633529614819044240e-01,-5.988628947597615659e-02,8.650441563151942126e-02,1.835009252751235997e-01,9.431619388574216112e-01,-7.776089563144764072e-02,1.065504810358053867e+01,2.324269210648565939e-02,2.605245847799520301e-02,2.355309819228977239e-02,2.346357924321016905e-02,1.569820807826764197e-01,1.662000778662501010e-01,1.580268517408175977e-01,1.577262572109528471e-01
5.124999999999999556e-01,3.282124222151357879e-02,5.372684897472759097e-02,7.614075908780448820e-02,5.428984136450495240e-02,1.638175487598400593e-01,-5.929364624191053174e-02,8.651308969851032038e-02,1.842378905062157513e-01,9.429679354430980931e-01,-7.744186699683172637e-02,1.065790397896077124e+01,2.324318659685336783e-02,2.606634067267546429e-02,2.355800378785382482e-02,2.346279382554914555e-02,1.569998985318745710e-01,1.662614527077601323e-01,1.580595644972281888e-01,1.577398412910502590e-01
5.150000000000000133e-01,3.278291515705532289e-02,5.378283002314440675e-02,7.616937834598230816e-02,5.416400607778494580e-02,1.642814662310144724e-01,-5.870118900273062906e-02,8.652154736901904175e-02,1.849726929454440782e-01,9.427747293666002282e-01,-7.712302536700441080e-02,1.066077158274265457e+01,2.324365391352857871e-02,2.608018630845044747e-02,2.356290781810674306e-02,2.346196561485844670e-02,1.570175634102363160e-01,1.663226432395901733e-01,1.580922118404468057e-01,1.577532192170139902e-01
5.174999999999999600e-01,3.274478085616144146e-02,5.383865263246492838e-02,7.619785395754109791e-02,5.403825254405834194e-02,1.647447160010566680e-01,-5.810891505678755786e-02,8.652978888198856189e-02,1.857053445614575693e-01,9.425823201604510704e-01,-7.680437071160042817e-02,1.066365090418587513e+01,2.324409410542200086e-02,2.609399535094614545e-02,2.356781029591726098e-02,2.346109476040559444e-02,1.570350755359385952e-01,1.663836493421863849e-01,1.581247937744931498e-01,1.577663914223063901e-01
5.200000000000000178e-01,3.270683908376454535e-02,5.389431571127170639e-02,7.622618598546812563e-02,5.391260026263787475e-02,1.652073001490972082e-01,-5.751682173739773585e-02,8.653781447273747873e-02,1.864358573644079031e-01,9.423907073572669324e-01,-7.648590298647475749e-02,1.066654193267441642e+01,2.324450722139926456e-02,2.610776776579008113e-02,2.357271123414541106e-02,2.346018141090693357e-02,1.570524350273538317e-01,1.664444708962321828e-01,1.581573103035978367e-01,1.577793583389539844e-01
5.224999999999999645e-01,3.266908959695010578e-02,5.394981816369125160e-02,7.625437448820301944e-02,5.378706872020762308e-02,1.656692207276905249e-01,-5.692490641267879820e-02,8.654562437297087796e-02,1.871642434047316728e-01,9.421998904897919136e-01,-7.616762213362243683e-02,1.066944465771635819e+01,2.324489331028196937e-02,2.612150351861332320e-02,2.357761064564271175e-02,2.345922571452313532e-02,1.570696420030510410e-01,1.665051077826525949e-01,1.581897614322003709e-01,1.577921203975309605e-01
5.250000000000000222e-01,3.263153214499799754e-02,5.400515888938228759e-02,7.628241951964327694e-02,5.366167738825730615e-02,1.661304797627471963e-01,-5.633316648537664562e-02,8.655321881079158786e-02,1.878905147719297508e-01,9.420098690909319838e-01,-7.584952808109832190e-02,1.067235906894365449e+01,2.324525242084874224e-02,2.613520257505248801e-02,2.358250854325237220e-02,2.345822781885479810e-02,1.570866965817969696e-01,1.665655598826182582e-01,1.582221471649468136e-01,1.578046780271430138e-01
5.274999999999999689e-01,3.259416646942291107e-02,5.406033678352431537e-02,7.631032112915069054e-02,5.353644572050895306e-02,1.665910792534781582e-01,-5.574159939268472086e-02,8.656059801071278037e-02,1.886146835933400490e-01,9.418206426937910658e-01,-7.553162074293567896e-02,1.067528515611192930e+01,2.324558460183630965e-02,2.614886490075175179e-02,2.358740493980949343e-02,2.345718787093815927e-02,1.571035988825571494e-01,1.666258270775495820e-01,1.582544675066876738e-01,1.578170316554111940e-01
5.300000000000000266e-01,3.255699230401442462e-02,5.411535073680814878e-02,7.633807936155867502e-02,5.341139315033575224e-02,1.670510211723496008e-01,-5.515020260605445201e-02,8.656776219367105785e-02,1.893367620329090562e-01,9.416322108317054518e-01,-7.521390001906495815e-02,1.067822290910022076e+01,2.324588990194056959e-02,2.616249046136484568e-02,2.359229984814125228e-02,2.345610601724089014e-02,1.571203490244969525e-01,1.666859092491206340e-01,1.582867224624757430e-01,1.578291817084563065e-01
5.324999999999999734e-01,3.252000937487613957e-02,5.417019963542735878e-02,7.636569425718048310e-02,5.328653908817353180e-02,1.675103074650489132e-01,-5.455897363099648095e-02,8.657471157704045572e-02,1.900567622899556608e-01,9.414445730382793309e-01,-7.489636579523169246e-02,1.068117231791078225e+01,2.324616836981766022e-02,2.617607922255705405e-02,2.359719328106710604e-02,2.345498240365799861e-02,1.571369471269827012e-01,1.667458062792632201e-01,1.583189120375636805e-01,1.578411286108833966e-01
5.350000000000000311e-01,3.248321740046404560e-02,5.422488236107118886e-02,7.639316585181818442e-02,5.316190291892588377e-02,1.679689400504606744e-01,-5.396791000687386347e-02,8.658144637464713911e-02,1.907746965979314480e-01,9.412577288474197612e-01,-7.457901794291402209e-02,1.068413337266885144e+01,2.324642005408504228e-02,2.618963115000720945e-02,2.360208525139898678e-02,2.345381717550784270e-02,1.571533933095828339e-01,1.668055180501708534e-01,1.583510362374019043e-01,1.578528727857666791e-01
5.374999999999999778e-01,3.244661609162432375e-02,5.427939779091842804e-02,7.642049417677285184e-02,5.303750399936219689e-02,1.684269208206536916e-01,-5.337700930668594357e-02,8.658796679678555652e-02,1.914905772231742798e-01,9.410716777933740840e-01,-7.426185631923991337e-02,1.068710606362238558e+01,2.324664500332258160e-02,2.620314620940968064e-02,2.360697577194148869e-02,2.345261047752822750e-02,1.571696876920686270e-01,1.668650444443024738e-01,1.583830950676362037e-01,1.578644146546344662e-01
5.400000000000000355e-01,3.241020515163046956e-02,5.433374479763324050e-02,7.644767925885523341e-02,5.291336165551038806e-02,1.688842516408779471e-01,-5.278626913684340144e-02,8.659427305023451038e-02,1.922044164636564634e-01,9.408864194107641188e-01,-7.394488076690382272e-02,1.069009038114187149e+01,2.324684326607363502e-02,2.621662436647633973e-02,2.361186485549207278e-02,2.345136245387261301e-02,1.571858303944156099e-01,1.669243853443861669e-01,1.584150885341054082e-01,1.578757546374547072e-01
5.424999999999999822e-01,3.237398427621959729e-02,5.438792224936191133e-02,7.647472112039767345e-02,5.278949518004370095e-02,1.693409343495718422e-01,-5.219568713693422540e-02,8.660036533827476790e-02,1.929162266477257304e-01,9.407019532346232449e-01,-7.362809111408316620e-02,1.069308631572005019e+01,2.324701489084613285e-02,2.623006558693855364e-02,2.361675251484125077e-02,2.345007324810641919e-02,1.572018215368042315e-01,1.669835406334232164e-01,1.584470166428390003e-01,1.578868931526204722e-01
5.450000000000000400e-01,3.233795315362818917e-02,5.444192900973120197e-02,7.650161977926658863e-02,5.266592382966309854e-02,1.697969707583791288e-01,-5.160526097947965712e-02,8.660624386070718550e-02,1.936260201328409147e-01,9.405182788004328165e-01,-7.331148717435406748e-02,1.069609385797168599e+01,2.324715992611366827e-02,2.624346983654913396e-02,2.362163876277277932e-02,2.344874300320343857e-02,1.572176612396210538e-01,1.670425101946913515e-01,1.584788794000547840e-01,1.578978306169359913e-01
5.474999999999999867e-01,3.230211146462733107e-02,5.449576393784814204e-02,7.652837524887606824e-02,5.254266682247415998e-02,1.702523626521764699e-01,-5.101498836968332978e-02,8.661190881387173524e-02,1.943338093042983605e-01,9.403353956441582451e-01,-7.299506874660728617e-02,1.069911299863332488e+01,2.324727842031658678e-02,2.625683708108430062e-02,2.362652361206385443e-02,2.344737186154234945e-02,1.572333496234596395e-01,1.671012939117486606e-01,1.585106768121563869e-01,1.579085674456028043e-01
5.500000000000000444e-01,3.226645888255699063e-02,5.454942588830127143e-02,7.655498753820237645e-02,5.241974333536092434e-02,1.707071117891095779e-01,-5.042486704516736806e-02,8.661736039066754433e-02,1.950396065739534168e-01,9.401533033022865249e-01,-7.267883561496316092e-02,1.070214372856304053e+01,2.324737042186307209e-02,2.627016728634562481e-02,2.363140707548529867e-02,2.344595996490331583e-02,1.572488868091213854e-01,1.671598916684369496e-01,1.585424088857309011e-01,1.579191040522061884e-01
5.524999999999999911e-01,3.223099507336003172e-02,5.460291371116355458e-02,7.658145665179903749e-02,5.229717250135532819e-02,1.711612199006392054e-01,-4.983489477570299947e-02,8.662259878057329554e-02,1.957434243789325512e-01,9.399720013118623152e-01,-7.236278754868685770e-02,1.070518603874018915e+01,2.324743597913023554e-02,2.628346041816197187e-02,2.363628916580174863e-02,2.344450745446471224e-02,1.572642729176166043e-01,1.672183033488852666e-01,1.585740756275462460e-01,1.579294408487020296e-01
5.550000000000000488e-01,3.219571969561565300e-02,5.465622625199646756e-02,7.660778258981308653e-02,5.217497340700417291e-02,1.716146886915973502e-01,-4.924506936292905035e-02,8.662762416966895973e-02,1.964452751803385522e-01,9.397914892105265761e-01,-7.204692430210288268e-02,1.070823992026514304e+01,2.324747514046519511e-02,2.629671644239141640e-02,2.364116989577184913e-02,2.344301447079994577e-02,1.572795080701651915e-01,1.672765288375131498e-01,1.586056770445488096e-01,1.579395782454037778e-01
5.574999999999999956e-01,3.216063240057179251e-02,5.470936235185623608e-02,7.663396534800229198e-02,5.205316508973301809e-02,1.720675198402508987e-01,-4.865538864006233727e-02,8.663243674065812527e-02,1.971451714619466833e-01,9.396117665365526506e-01,-7.173124561450974768e-02,1.071130536435904723e+01,2.324748795418616829e-02,2.630993532492316780e-02,2.364604927814843716e-02,2.344148115387436476e-02,1.572945923881975960e-01,1.673345680190340412e-01,1.586372131438607835e-01,1.579495166509697346e-01
5.600000000000000533e-01,3.212573283217776132e-02,5.476232084730099647e-02,7.666000491775280812e-02,5.193176653520798630e-02,1.725197149983760392e-01,-4.806585047159813578e-02,8.663703667289110455e-02,1.978431257288934542e-01,9.394328328288846786e-01,-7.141575121009388627e-02,1.071438236236355124e+01,2.324747446858355104e-02,2.632311703167947159e-02,2.365092732567872919e-02,2.343990764304228896e-02,1.573095259933555146e-01,1.673924207784584506e-01,1.586686839327776377e-01,1.579592564723907300e-01
5.625000000000000000e-01,3.209102062711557957e-02,5.481510057040018397e-02,7.668590128609825696e-02,5.181079667469656869e-02,1.729712757913400845e-01,-4.747645275300092088e-02,8.664142414238903966e-02,1.985391505063565931e-01,9.392546876271754552e-01,-7.110044079784380577e-02,1.071747090574054795e+01,2.324743473192099341e-02,2.633626152861748976e-02,2.365580405110450160e-02,2.343829407704413684e-02,1.573243090074927519e-01,1.674500870010971754e-01,1.587000894187655387e-01,1.579687981149779652e-01
5.650000000000000577e-01,3.205649541483134024e-02,5.486770034874517699e-02,7.671165443573910170e-02,5.169027438242624478e-02,1.734222038181930658e-01,-4.688719341038628807e-02,8.664559932186854940e-02,1.992332583382254441e-01,9.390773304718240677e-01,-7.078531407146389232e-02,1.072057098607190539e+01,2.324736879243647844e-02,2.634936878173118474e-02,2.366067946716228151e-02,2.343664059400366040e-02,1.573389415526758595e-01,1.675075665725641316e-01,1.587314296094586297e-01,1.579781419823513000e-01
5.675000000000000044e-01,3.202215681756591381e-02,5.492011900546186348e-02,7.673726434506340788e-02,5.157021847294392808e-02,1.738725006517674865e-01,-4.629807040019241066e-02,8.664956238076750028e-02,1.999254617857636751e-01,9.389007609040145308e-01,-7.047037070928773017e-02,1.072368259505920740e+01,2.324727669834339081e-02,2.636243875705318249e-02,2.366555358658352370e-02,2.343494733142527722e-02,1.573534237511849121e-01,1.675648593787796292e-01,1.587627045126564218e-01,1.579872884764275953e-01
5.700000000000000622e-01,3.198800445038513240e-02,5.497235535922462280e-02,7.676273098816838170e-02,5.145064769847378788e-02,1.743221678387860962e-01,-4.570908170884255967e-02,8.665331348527166577e-02,2.006157734262620507e-01,9.387249784657549778e-01,-7.015561037419193458e-02,1.072680572452347469e+01,2.324715849783158192e-02,2.637547142065660780e-02,2.367042642209479797e-02,2.343321442619151346e-02,1.573677557255139525e-01,1.676219653059728698e-01,1.587939141363210183e-01,1.579962379974094444e-01
5.725000000000000089e-01,3.195403792120960623e-02,5.502440822427253492e-02,7.678805433488228305e-02,5.133158074627686140e-02,1.747712068999785762e-01,-4.512022535239806897e-02,8.665685279834139942e-02,2.013042058516819888e-01,9.385499826999149642e-01,-6.984103271350926290e-02,1.072994036640489135e+01,2.324701423906843159e-02,2.638846673865692660e-02,2.367529798641796260e-02,2.343144201456055092e-02,1.573819375983718238e-01,1.676788842406851110e-01,1.588250584885745054e-01,1.580049909437744593e-01
5.750000000000000666e-01,3.192025683084404736e-02,5.507627641042673466e-02,7.681323435078786510e-02,5.121303623601111688e-02,1.752196193302055505e-01,-4.453149937620091980e-02,8.666018047974036187e-02,2.019907716672905973e-01,9.383757731502658794e-01,-6.952663735894186459e-02,1.073308651276253300e+01,2.324684397019991314e-02,2.640142467721375008e-02,2.368016829227034478e-02,2.342963023216387483e-02,1.573959694926825581e-01,1.677356160697720255e-01,1.588561375776960660e-01,1.580135477122643628e-01
5.775000000000000133e-01,3.188666077300646162e-02,5.512795872310997242e-02,7.683827099724639675e-02,5.109503271709325833e-02,1.756674065985915079e-01,-4.394290185450791530e-02,8.666329668606405356e-02,2.026754834902854963e-01,9.382023493615184728e-01,-6.921242392647440622e-02,1.073624415577407731e+01,2.324664773935163076e-02,2.641434520253263876e-02,2.368503735236492450e-02,2.342777921400403598e-02,1.574098515315860147e-01,1.677921606804066157e-01,1.588871514121192319e-01,1.580219086978748300e-01
5.799999999999999600e-01,3.185324933435648015e-02,5.517945396336784020e-02,7.686316423142232346e-02,5.097758866606233452e-02,1.761145701486646342e-01,-4.335443089011430107e-02,8.666620157076958264e-02,2.033583539484101199e-01,9.380297108793648198e-01,-6.889839201628725207e-02,1.073941328773553927e+01,2.324642559462986730e-02,2.642722828086687542e-02,2.368990517941049756e-02,2.342588909445251708e-02,1.574235838384381025e-01,1.678485179600813781e-01,1.589181000004289690e-01,1.580300742938452740e-01
5.825000000000000178e-01,3.182002209452382269e-02,5.523076092789179492e-02,7.688791400630937134e-02,5.086072248394661599e-02,1.765611113985044445e-01,-4.276608461396887856e-02,8.666889528420640421e-02,2.040393956785605256e-01,9.378578572505148481e-01,-6.858454121266957526e-02,1.074259390106097278e+01,2.324617758412262161e-02,2.644007387851922061e-02,2.369477178611185605e-02,2.342396000724769958e-02,1.574371665368114459e-01,1.679046877966109130e-01,1.589489833513589578e-01,1.580380448916493541e-01
5.849999999999999645e-01,3.178697862613612257e-02,5.528187840904415923e-02,7.691252027075659581e-02,5.074445249363294247e-02,1.770070317408976024e-01,-4.217786118477820367e-02,8.667137797364718454e-02,2.047186213253809894e-01,9.376867880227388596e-01,-6.827087108393217751e-02,1.074578598828218645e+01,2.324590375590063207e-02,2.645288196184365781e-02,2.369963718516996526e-02,2.342199208549293823e-02,1.574505997504955790e-01,1.679606700781341722e-01,1.589798014737885679e-01,1.580458208809851772e-01
5.875000000000000222e-01,3.175411849484650884e-02,5.533280519488456561e-02,7.693698296949641469e-02,5.062879693724084418e-02,1.774523325435002352e-01,-4.158975878860290964e-02,8.667364978332031678e-02,2.053960435398518858e-01,9.375165027449059441e-01,-6.795738118232091951e-02,1.074898954204845936e+01,2.324560415801840696e-02,2.646565249724711077e-02,2.370450138928213019e-02,2.341998546165475689e-02,1.574638836034972789e-01,1.680164646931165962e-01,1.590105543767399987e-01,1.580534026497664446e-01
5.899999999999999689e-01,3.172144125936100095e-02,5.538354006919902345e-02,7.696130204317244705e-02,5.051377397350024362e-02,1.778970151490076590e-01,-4.100177563844306650e-02,8.667571085444282508e-02,2.060716749778662704e-01,9.373470009670246128e-01,-6.764407104392962389e-02,1.075220455512624795e+01,2.324527883851522717e-02,2.647838545119114012e-02,2.370936441114216212e-02,2.341794026756113117e-02,1.574770182200408986e-01,1.680720715303523349e-01,1.590412420693752271e-01,1.580607905841135696e-01
5.925000000000000266e-01,3.168894647146552196e-02,5.543408181153013092e-02,7.698547742836876762e-02,5.039940167513459052e-02,1.783410808753319587e-01,-4.041390997381563710e-02,8.667756132525358814e-02,2.067455282987981924e-01,9.371782822402835444e-01,-6.733094018861339458e-02,1.075543102039887522e+01,2.324492784541615578e-02,2.649108079019361559e-02,2.371422626344054860e-02,2.341585663439989945e-02,1.574900037245683948e-01,1.681274904789659963e-01,1.590718645609932036e-01,1.580679850683451015e-01
5.949999999999999734e-01,3.165663367605277972e-02,5.548442919720956296e-02,7.700950905763992438e-02,5.028569802624942298e-02,1.787845310157853140e-01,-3.982616006032157346e-02,8.667920133104849156e-02,2.074176161640612359e-01,9.370103461170927739e-01,-6.701798811990196392e-02,1.075866893086625886e+01,2.324455122673301996e-02,2.650373848083036749e-02,2.371908695886461652e-02,2.341373469271726057e-02,1.575028402417395224e-01,1.681827214284146721e-01,1.591024218610264662e-01,1.580749864849693986e-01
5.975000000000000311e-01,3.162450241114874577e-02,5.553458099739262688e-02,7.703339685954185834e-02,5.017268091972709038e-02,1.792273668392708463e-01,-3.923852418920408675e-02,8.668063100421548317e-02,2.080879512356568206e-01,9.368431921511227722e-01,-6.670521432491319236e-02,1.076191827964459335e+01,2.324414903046541359e-02,2.651635848973682777e-02,2.372394651009870209e-02,2.341157457241640344e-02,1.575155278964320282e-01,1.682377642684897423e-01,1.591329139790385316e-01,1.580817952146770233e-01
5.999999999999999778e-01,3.159255220793914798e-02,5.558453597909438632e-02,7.705714075866303137e-02,5.006036815462840128e-02,1.796695895904802942e-01,-3.865100067689724445e-02,8.668185047427034995e-02,2.087565461747148687e-01,9.366768198973478565e-01,-6.639261827426652662e-02,1.076517905996605329e+01,2.324372130460165484e-02,2.652894078360961902e-02,2.372880492982430353e-02,2.340937640275623371e-02,1.575280668137415407e-01,1.682926188893182906e-01,1.591633409247203979e-01,1.580884116363329428e-01
6.025000000000000355e-01,3.156078259079560244e-02,5.563429290522816512e-02,7.708074067565758025e-02,4.994877743360147393e-02,1.801112004900973507e-01,-3.806358786456667115e-02,8.668285986789403541e-02,2.094234136400235091e-01,9.365112289120860467e-01,-6.608019942199694352e-02,1.076845126517848428e+01,2.324326809711975417e-02,2.654148532920814346e-02,2.373366223072025105e-02,2.340714031235020462e-02,1.575404571189814307e-01,1.683472851813648252e-01,1.591937027078876576e-01,1.580948361269692848e-01
6.049999999999999822e-01,3.152919307730185638e-02,5.568385053464564027e-02,7.710419652727790174e-02,4.983792636029877460e-02,1.805522007350086056e-01,-3.747628411763914008e-02,8.668365930897004024e-02,2.100885662865512038e-01,9.363464187530412541e-01,-6.576795720546894930e-02,1.077173488874509921e+01,2.324278945598837187e-02,2.655399209335613381e-02,2.373851842546285604e-02,2.340486642916526916e-02,1.575526989376829778e-01,1.684017630354325834e-01,1.592239993384772234e-01,1.581010690617784542e-01
6.075000000000000400e-01,3.149778317827962165e-02,5.573320762217917612e-02,7.712750822640936088e-02,4.972783243680224674e-02,1.809925914985197615e-01,-3.688908782532612091e-02,8.668424891862294701e-02,2.107520167639588826e-01,9.361823889793450260e-01,-6.545589104529081492e-02,1.077502992424416917e+01,2.324228542916775483e-02,2.656646104294318328e-02,2.374337352672606719e-02,2.340255488052093644e-02,1.575647923955949270e-01,1.684560523426648082e-01,1.592542308265441353e-01,1.581071108141063886e-01
6.099999999999999867e-01,3.146655239781441515e-02,5.578236291868620550e-02,7.715067568210469406e-02,4.961851306105872356e-02,1.814323739305787053e-01,-3.630199740013535098e-02,8.668462881525751396e-02,2.114137777151044173e-01,9.360191391515979564e-01,-6.514400034522900562e-02,1.077833636536869832e+01,2.324175606461066287e-02,2.657889214492624094e-02,2.374822754718163009e-02,2.340020579308844245e-02,1.575767376186834046e-01,1.685101529945459142e-01,1.592843971822584248e-01,1.581129617554464795e-01
6.125000000000000444e-01,3.143550023328139931e-02,5.583131517109542891e-02,7.717369879961996637e-02,4.950998552432413213e-02,1.818715491580037147e-01,-3.571501127737557180e-02,8.668479911459872622e-02,2.120738617745377697e-01,9.358566688319129856e-01,-6.483228449212316558e-02,1.078165420592612200e+01,2.324120141026328468e-02,2.659128536633108622e-02,2.375308049949923644e-02,2.339781929289002499e-02,1.575885347331315578e-01,1.685640648829024868e-01,1.593144984159016730e-01,1.581186222554332721e-01
6.149999999999999911e-01,3.140462617537104900e-02,5.588006312245507451e-02,7.719657748045119505e-02,4.940226700861887615e-02,1.823101182847187973e-01,-3.512812791465271672e-02,8.668475992973262434e-02,2.127322815669888401e-01,9.356949775839566996e-01,-6.452074285580115809e-02,1.078498343983798513e+01,2.324062151406615373e-02,2.660364067425377912e-02,2.375793239634666626e-02,2.339539550529831646e-02,1.576001838653391940e-01,1.686177878999042812e-01,1.593445345378638744e-01,1.581240926818371084e-01
6.175000000000000488e-01,3.137392970811497123e-02,5.592860551198339941e-02,7.721931162237122281e-02,4.929537458419375878e-02,1.827480823919939712e-01,-3.454134579135648836e-02,8.668451137114753513e-02,2.133890497058457125e-01,9.355340649729926294e-01,-6.420937478899453599e-02,1.078832406113961007e+01,2.324001642395502262e-02,2.661595803586206538e-02,2.376278325038994749e-02,2.339293455503583391e-02,1.576116851419223641e-01,1.686713219380648610e-01,1.593745055586400228e-01,1.581293734005585760e-01
6.199999999999999956e-01,3.134341030891131530e-02,5.597694107512093953e-02,7.724190111946831194e-02,4.918932520700832617e-02,1.831854425386909568e-01,-3.395466340813919903e-02,8.668405354677664876e-02,2.140441787916271543e-01,9.353739305659241055e-01,-6.389817962725444223e-02,1.079167606397978574e+01,2.323938618786175470e-02,2.662823741839676767e-02,2.376763307429349131e-02,2.339043656617460776e-02,1.576230386897127800e-01,1.687246668902422919e-01,1.594044114888267527e-01,1.581344647756235955e-01
6.225000000000000533e-01,3.131306744855083535e-02,5.602506854358516725e-02,7.726434586218466904e-02,4.908413571622147892e-02,1.836221997615156976e-01,-3.336807928638597931e-02,8.668338656204081782e-02,2.146976814104466502e-01,9.352145739313367789e-01,-6.358715668886782968e-02,1.079503944262044079e+01,2.323873085371518446e-02,2.664047878917313178e-02,2.377248188072023788e-02,2.338790166213589733e-02,1.576342446357573701e-01,1.687778226496397249e-01,1.594342523391189814e-01,1.581393671691787572e-01
6.250000000000000000e-01,3.128290059124243239e-02,5.607298664542684219e-02,7.728664573735627430e-02,4.897982283169462214e-02,1.840583550752748487e-01,-3.278159196767806149e-02,8.668251051989248057e-02,2.153495701324690814e-01,9.350559946395428090e-01,-6.327630527477431932e-02,1.079841419143629899e+01,2.323805046944196068e-02,2.665268211558215194e-02,2.377732968233179506e-02,2.338532996569002084e-02,1.576453031073174471e-01,1.688307891098055624e-01,1.594640281203063559e-01,1.581440809414869364e-01
6.275000000000000577e-01,3.125290919463901557e-02,5.612069410508854772e-02,7.730880062825330745e-02,4.887640315150917208e-02,1.844939094731385398e-01,-3.219520001324582131e-02,8.668142552086000041e-02,2.159998575103617424e-01,9.348981922626229402e-01,-6.296562466848312778e-02,1.080180030491456833e+01,2.323734508296739637e-02,2.666484736509187187e-02,2.378217649178857723e-02,2.338272159895631030e-02,1.576562142318682080e-01,1.688835661646339303e-01,1.594937388432699776e-01,1.581486064509233513e-01
6.300000000000000044e-01,3.122309270986343976e-02,5.616818964346557280e-02,7.733081041462125382e-02,4.877389314949830135e-02,1.849288639269077994e-01,-3.160890200341585216e-02,8.668013166309324058e-02,2.166485560777371699e-01,9.347411663744720212e-01,-6.265511413599093860e-02,1.080519777765458755e+01,2.323661474221627721e-02,2.667697450524862332e-02,2.378702232174993714e-02,2.338007668340317050e-02,1.576669781370977075e-01,1.689361537083645670e-01,1.595233845189786004e-01,1.581529440539716780e-01
6.325000000000000622e-01,3.119345058153448480e-02,5.621547197796834122e-02,7.735267497272292625e-02,4.867230917279331132e-02,1.853632193872878642e-01,-3.102269653704958427e-02,8.667862904240906941e-02,2.172956783475920028e-01,9.345849165508411938e-01,-6.234477292569998857e-02,1.080860660436750820e+01,2.323585949511368029e-02,2.668906350367826127e-02,2.379186718487430463e-02,2.337739533984824550e-02,1.576775949509061636e-01,1.689885516355829620e-01,1.595529651584854658e-01,1.581570941052209966e-01
6.350000000000000089e-01,3.116398224779323017e-02,5.626253982258750536e-02,7.737439417538112540e-02,4.857166743938637343e-02,1.857969767841654019e-01,-3.043658223097459384e-02,8.667691775233871132e-02,2.179412368107394582e-01,9.344294423693828566e-01,-6.203460026833677865e-02,1.081202677987593219e+01,2.323507938958575478e-02,2.670111432808735391e-02,2.379671109381931160e-02,2.337467768845870666e-02,1.576880648014049591e-01,1.690407598412199675e-01,1.595824807729243899e-01,1.581610569573625724e-01
6.375000000000000666e-01,3.113468714032907245e-02,5.630939188796051098e-02,7.739596789202218829e-02,4.847198403570903563e-02,1.862301370268916734e-01,-2.985055771940784558e-02,8.667499788417465378e-02,2.185852439342350073e-01,9.342747434096946302e-01,-6.172459537687145087e-02,1.081545829911359391e+01,2.323427447356050252e-02,2.671312694626433448e-02,2.380155406124192033e-02,2.337192384875165160e-02,1.576983878169156139e-01,1.690927782205516872e-01,1.596119313735064049e-01,1.581648329611873294e-01
6.400000000000000133e-01,3.110556468440661693e-02,5.635602688144082661e-02,7.741739598872017514e-02,4.837327491422814540e-02,1.866627010045697477e-01,-2.926462165337296792e-02,8.667286952701933056e-02,2.192277121598005529e-01,9.341208192533640986e-01,-6.141475744643757478e-02,1.081890115712498890e+01,2.323344479496853784e-02,2.672510132608062194e-02,2.380639609979855187e-02,2.336913393959460378e-02,1.577085641259686755e-01,1.691446066691988381e-01,1.596413169715159841e-01,1.581684224655833249e-01
6.424999999999999600e-01,3.107661429889213914e-02,5.640244350716874799e-02,7.743867832824158359e-02,4.827555589105901601e-02,1.870946695863467679e-01,-2.867877270010895860e-02,8.667053276783365234e-02,2.198686539022410291e-01,9.339676694840136628e-01,-6.110508565425293304e-02,1.082235534906505059e+01,2.323259040174383699e-02,2.673703743549170342e-02,2.381123722214520053e-02,2.336630807920614047e-02,1.577185938573025525e-01,1.691962450831260567e-01,1.596706375783073228e-01,1.581718258175338898e-01
6.450000000000000178e-01,3.104783539628081304e-02,5.644864046614463809e-02,7.745981477009138139e-02,4.817884264359758445e-02,1.875260436217109083e-01,-2.809300954247338430e-02,8.666798769148691128e-02,2.205080815478596412e-01,9.338152936873449494e-01,-6.079557915954045960e-02,1.082582087019878259e+01,2.323171134182445627e-02,2.674893524253818891e-02,2.381607744093755877e-02,2.336344638515662139e-02,1.577284771398623497e-01,1.692476933586413990e-01,1.596998932053008136e-01,1.581750433621159913e-01
6.474999999999999645e-01,3.101922738272383864e-02,5.649461645630399903e-02,7.748080517055894179e-02,4.808315070817108933e-02,1.879568239407925223e-01,-2.750733087833763524e-02,8.666523438080676878e-02,2.211460074528682207e-01,9.336636914511838858e-01,-6.048623710345031601e-02,1.082929771590091583e+01,2.323080766315324674e-02,2.676079471534681051e-02,2.382091676883113518e-02,2.336054897436903519e-02,1.577382141027984519e-01,1.692989513923951472e-01,1.597290838639791599e-01,1.581780754424987889e-01
6.500000000000000222e-01,3.099078965805606573e-02,5.654037017259474357e-02,7.750164938276558890e-02,4.798849547770839968e-02,1.883870113546700364e-01,-2.692173541997714553e-02,8.666227291663086696e-02,2.217824439417961924e-01,9.335128623655262192e-01,-6.017705860898255044e-02,1.083278588165554090e+01,2.322987941367855164e-02,2.677261582213140076e-02,2.382575521848135855e-02,2.335761596311995356e-02,1.577478048754650808e-01,1.693500190813789497e-01,1.597582095658835744e-01,1.581809223999427749e-01
6.524999999999999689e-01,3.096252161582384310e-02,5.658590030705652058e-02,7.752234725671183768e-02,4.789489219943127152e-02,1.888166066556799250e-01,-2.633622189345352638e-02,8.665910337785805162e-02,2.224174033058952393e-01,9.333628060225833689e-01,-5.986804278091024945e-02,1.083628536305576162e+01,2.322892664135487589e-02,2.678439853119382597e-02,2.383059280254370277e-02,2.335464746704061026e-02,1.577572495874189074e-01,1.694008963229243492e-01,1.597872703226101421e-01,1.581835845737990520e-01
6.550000000000000266e-01,3.093442264331325298e-02,5.663120554890195557e-02,7.754289863932650739e-02,4.780235597256553975e-02,1.892456106177311803e-01,-2.575078903799217153e-02,8.665572584150116331e-02,2.230508978015449673e-01,9.332135220168276124e-01,-5.955918870570407059e-02,1.083979615580333089e+01,2.322794939414355234e-02,2.679614281092488476e-02,2.383542953367378051e-02,2.335164360111807030e-02,1.577665483684174696e-01,1.694515830147015900e-01,1.598162661458057410e-01,1.581860623015090839e-01
6.574999999999999734e-01,3.090649212157869224e-02,5.667628458460010482e-02,7.756330337451523838e-02,4.771090174607545142e-02,1.896740239966234476e-01,-2.516543560535268106e-02,8.665214038273987007e-02,2.236829396486549881e-01,9.330650099450373824e-01,-5.925049545145686519e-02,1.084331825570828123e+01,2.322694772001338004e-02,2.680784862980515812e-02,2.384026542452745770e-02,2.334860447969652752e-02,1.577757013484174242e-01,1.695020790547180911e-01,1.598451970471643779e-01,1.581883559186047783e-01
6.600000000000000311e-01,3.087872942547183197e-02,5.672113609796196332e-02,7.758356130321079902e-02,4.762054431641888491e-02,1.901018475303699051e-01,-2.458016035919485115e-02,8.664834707497477695e-02,2.243135410290680865e-01,9.329172694063444515e-01,-5.894196206780973751e-02,1.084685165868856060e+01,2.322592166694124882e-02,2.681951595640582817e-02,2.384510048776095070e-02,2.334553021647870624e-02,1.577847086575730196e-01,1.695523843413166143e-01,1.598740630384231365e-01,1.581904657587087371e-01
6.624999999999999778e-01,3.085113392367100707e-02,5.676575877022772831e-02,7.760367226342342051e-02,4.753129832532658472e-02,1.905290819395236979e-01,-2.399496207443835988e-02,8.664434598988179914e-02,2.249427140849634688e-01,9.327703000022801172e-01,-5.863358758587855490e-02,1.085039636076966474e+01,2.322487128291273947e-02,2.683114475938945184e-02,2.384993473603093037e-02,2.334242092452737394e-02,1.577935704262339589e-01,1.696024987731734601e-01,1.599028641313582633e-01,1.581923921535350330e-01
6.650000000000000355e-01,3.082370497871110213e-02,5.681015128015643595e-02,7.762363609029196421e-02,4.744317825760421131e-02,1.909557279275082009e-01,-2.340983953661666950e-02,8.664013719746735398e-02,2.255704709172582645e-01,9.326241013368197219e-01,-5.832537101818165148e-02,1.085395235808426584e+01,2.322379661592271702e-02,2.684273500751069644e-02,2.385476818199460530e-02,2.333927671626696843e-02,1.578022867849439292e-01,1.696524222492965250e-01,1.599316003377813100e-01,1.581941354328904592e-01
6.674999999999999822e-01,3.079644194701372864e-02,5.685431230411734649e-02,7.764345261613568583e-02,4.735619843895953751e-02,1.913817861809515852e-01,-2.282479154122712961e-02,8.663572076612408024e-02,2.261968235840147723e-01,9.324786730164322801e-01,-5.801731135856826732e-02,1.085751964687183957e+01,2.322269771397589971e-02,2.685428666961703695e-02,2.385960083830982598e-02,2.333609770348533952e-02,1.578108578644381588e-01,1.697021546690230254e-01,1.599602716695348592e-01,1.581956959246755556e-01
6.700000000000000400e-01,3.076934417891812740e-02,5.689824051618341816e-02,7.766312167050684612e-02,4.727037303385400735e-02,1.918072573700244920e-01,-2.223981689307590048e-02,8.663109676268744563e-02,2.268217840988454859e-01,9.323340146501241099e-01,-5.770940758214806315e-02,1.086109822347828135e+01,2.322157462508739681e-02,2.686579971464940139e-02,2.386443271763517143e-02,2.333288399733558088e-02,1.578192837956418348e-01,1.697516959320173602e-01,1.599888781384887493e-01,1.581970739548867744e-01
6.724999999999999867e-01,3.074241101871243165e-02,5.694193458822682796e-02,7.768264308024368237e-02,4.718571604337979536e-02,1.922321421487819260e-01,-2.165491440561678402e-02,8.662626525249296494e-02,2.274453644293232824e-01,9.321901258494884601e-01,-5.740165864522155104e-02,1.086468808435553157e+01,2.322042739728325672e-02,2.687727411164278143e-02,2.386926383263003257e-02,2.332963570833799377e-02,1.578275647096674950e-01,1.698010459382682802e-01,1.600174197565358558e-01,1.581982698476182281e-01
6.750000000000000444e-01,3.071564180466543337e-02,5.698539319001613701e-02,7.770201666952418484e-02,4.710224130316338631e-02,1.926564411555087286e-01,-2.107008290028882999e-02,8.662122629943377894e-02,2.280675764953938034e-01,9.320470062287504742e-01,-5.709406348521160746e-02,1.086828922606119541e+01,2.321925607860095969e-02,2.688870982972680138e-02,2.387409419595469540e-02,2.332635294638215132e-02,1.578357007378132226e-01,1.698502045880866118e-01,1.600458965355880114e-01,1.581992839250643546e-01
6.774999999999999911e-01,3.068903586905905381e-02,5.702861498931587059e-02,7.772124225992027569e-02,4.701996248129595990e-02,1.930801550130678834e-01,-2.048532120584616728e-02,8.661597996601919092e-02,2.286884321677924992e-01,9.319046554048160402e-01,-5.678662102059582606e-02,1.087190164525815206e+01,2.321806071708991739e-02,2.690010683812623510e-02,2.387892382027042085e-02,2.332303582072906001e-02,1.578436920115599273e-01,1.698991717821021485e-01,1.600743084875718147e-01,1.582001165075224980e-01
6.800000000000000488e-01,3.066259253822131020e-02,5.707159865198783294e-02,7.774031967045307023e-02,4.693889307629082325e-02,1.935032843292534277e-01,-1.990062815768662424e-02,8.661052631343384156e-02,2.293079432664661133e-01,9.317630729973181980e-01,-5.647933015084038999e-02,1.087552533871417637e+01,2.321684136081194477e-02,2.691146510616148832e-02,2.388375271823952109e-02,2.331968444001345647e-02,1.578515386625692907e-01,1.699479474212607644e-01,1.601026556244245780e-01,1.582007679133961286e-01
6.824999999999999956e-01,3.063631113255984098e-02,5.711434284209381679e-02,7.775924871764804125e-02,4.685904641506947327e-02,1.939258296971456130e-01,-1.931600259717570350e-02,8.660486540159710589e-02,2.299261215589998575e-01,9.316222586286656560e-01,-5.617218975633449241e-02,1.087916030330153738e+01,2.321559805784171107e-02,2.692278460324903921e-02,2.388858090252543240e-02,2.331629891224617709e-02,1.578592408226810462e-01,1.699965314068213051e-01,1.601309379580899972e-01,1.582012384591982013e-01
6.850000000000000533e-01,3.061019096659626723e-02,5.715684622200126186e-02,7.777802921559129334e-02,4.678043565097562279e-02,1.943477916954704787e-01,-1.873144337096684792e-02,8.659899728922366979e-02,2.305429787590500268e-01,9.314822119240894205e-01,-5.586519869832631130e-02,1.088280653599662173e+01,2.321433085626716658e-02,2.693406529890182352e-02,2.389340838579278106e-02,2.331287934481666296e-02,1.578667986239105647e-01,1.700449236403522302e-01,1.601591555005139333e-01,1.582015284595550408e-01
6.875000000000000000e-01,3.058423134900089754e-02,5.719910745248970446e-02,7.779666097598637864e-02,4.670307376181929288e-02,1.947691708889617013e-01,-1.814694933031983648e-02,8.659292203388441189e-02,2.311585265247845800e-01,9.313429325116917568e-01,-5.555835581886001823e-02,1.088646403387951977e+01,2.321303980418995896e-02,2.694530716272958148e-02,2.389823518070745625e-02,2.330942584449555502e-02,1.578742121984460511e-01,1.700931240237281705e-01,1.601873082636402212e-01,1.582016382272102561e-01
6.900000000000000577e-01,3.055843158262843903e-02,5.724112519285971118e-02,7.781514380821123733e-02,4.662697354794969468e-02,1.951899678287264128e-01,-1.756251933041474284e-02,8.658663969206756295e-02,2.317727764573301874e-01,9.312044200224939283e-01,-5.525165994071381398e-02,1.089013279413365076e+01,2.321172494972581837e-02,2.695651016443915970e-02,2.390306129993666207e-02,2.330593851743739675e-02,1.578814816786459352e-01,1.701411324591261542e-01,1.602153962594062286e-01,1.582015680730293472e-01
6.925000000000000044e-01,3.053279096455412817e-02,5.728289810104349872e-02,7.783347751937623460e-02,4.655214763035976644e-02,1.956101830526135177e-01,-1.697815222966427354e-02,8.658015031924132243e-02,2.323857400992293820e-01,9.310666740904839367e-01,-5.494510986733956714e-02,1.089381281404534541e+01,2.321038634100492867e-02,2.696767427383476787e-02,2.390788675614898343e-02,2.330241746918344792e-02,1.578886071970359573e-01,1.701889488490219704e-01,1.602434194997386652e-01,1.582013183060044237e-01
6.950000000000000622e-01,3.050730878611081914e-02,5.732442483371708725e-02,7.785166191438228078e-02,4.647860844882033271e-02,1.960298170855859778e-01,-1.639384688902353199e-02,8.657345396991608655e-02,2.329974289329045933e-01,9.309296943526662593e-01,-5.463870438280322983e-02,1.089750409100345863e+01,2.320902402617227786e-02,2.697879946081819039e-02,2.391271156201443815e-02,2.329886280466459195e-02,1.578955888863061985e-01,1.702365730961860335e-01,1.602713779965490859e-01,1.582008892332591732e-01
6.975000000000000089e-01,3.048198433292670026e-02,5.736570404641459786e-02,7.786969679598015892e-02,4.640636826004655713e-02,1.964488704400951247e-01,-1.580960217129796438e-02,8.656655069770811950e-02,2.336078543791337281e-01,9.307934804491087011e-01,-5.433244225172693953e-02,1.090120662249894856e+01,2.320763805338798766e-02,2.698988569538894600e-02,2.391753573020452550e-02,2.329527462820435435e-02,1.579024268793081942e-01,1.702840051036793034e-01,1.602992717617295892e-01,1.582002811600545233e-01
7.000000000000000666e-01,3.045681688496373885e-02,5.740673439364407660e-02,7.788758196482931107e-02,4.633543913589652230e-02,1.968673436164589396e-01,-1.522541694044842429e-02,8.655944055540304438e-02,2.342170277955363533e-01,9.306580320229919101e-01,-5.402632221923229366e-02,1.090492040612449642e+01,2.320622847082760842e-02,2.700093294764441612e-02,2.392235927339228171e-02,2.329165304352201135e-02,1.579091213090518253e-01,1.703312447748490666e-01,1.603271008071483483e-01,1.581994943897941652e-01
7.025000000000000133e-01,3.043180571655702826e-02,5.744751452900495603e-02,7.790531721955806788e-02,4.626583296160152042e-02,1.972852371032421670e-01,-1.464129006089657722e-02,8.655212359502040265e-02,2.348249604750698161e-01,9.305233487206588938e-01,-5.372034301088479680e-02,1.090864543957407484e+01,2.320479532668241404e-02,2.701194118777990386e-02,2.392718220425231468e-02,2.328799815373581994e-02,1.579156723087020153e-01,1.703782920133241063e-01,1.603548651446450868e-01,1.581985292240306595e-01
7.049999999999999600e-01,3.040695009645500574e-02,5.748804310530733486e-02,7.792290235682401700e-02,4.619756143403032367e-02,1.977025513776403121e-01,-1.405722039682739087e-02,8.654459986787849113e-02,2.354316636445397404e-01,9.303894301916624254e-01,-5.341450333263998707e-02,1.091238172064254819e+01,2.320333866915966214e-02,2.702291038608866866e-02,2.393200453546085252e-02,2.328431006136632425e-02,1.579220800115755940e-01,1.704251467230104844e-01,1.603825647860267489e-01,1.581973859624719869e-01
7.075000000000000178e-01,3.038224928786024265e-02,5.752831877469287425e-02,7.794033717137491268e-02,4.613063605998645594e-02,1.981192869058659989e-01,-1.347320681149066085e-02,8.653686942466015664e-02,2.360371484631217098e-01,9.302562760888151150e-01,-5.310880187079066589e-02,1.091612924722526401e+01,2.320185854648283350e-02,2.703384051296190554e-02,2.393682627969576787e-02,2.328058886833977298e-02,1.579283445511378559e-01,1.704718088080864891e-01,1.604101997430628090e-01,1.581960649029880428e-01
7.099999999999999645e-01,3.035770254847137625e-02,5.756834018875734565e-02,7.795762145610973803e-02,4.606506815453944442e-02,1.985354441435381312e-01,-1.288924816650383401e-02,8.652893231547816033e-02,2.366414260208974385e-01,9.301238860682390364e-01,-5.280323729191575138e-02,1.091988801731763559e+01,2.320035500689185751e-02,2.704473153888867221e-02,2.394164744963662647e-02,2.327683467599163392e-02,1.579344660609990902e-01,1.705182781729975561e-01,1.604377700274808027e-01,1.581945663416176873e-01
7.125000000000000222e-01,3.033330913052570410e-02,5.760810599867450393e-02,7.797475500214083588e-02,4.600086883939071003e-02,1.989510235360733292e-01,-1.230534332115162423e-02,8.652078858994236010e-02,2.372445073374056246e-01,9.299922597894140219e-01,-5.249780824283054731e-02,1.092365802901471916e+01,2.319882809864330306e-02,2.705558343445577454e-02,2.394646805796470102e-02,2.327304758507019872e-02,1.579404446749111679e-01,1.705645547224512726e-01,1.604652756509617473e-01,1.581928905725761836e-01
7.149999999999999689e-01,3.030906828084301702e-02,5.764761485532191032e-02,7.799173759885608126e-02,4.593804904127437444e-02,1.993660255190818076e-01,-1.172149113168760755e-02,8.651243829722655987e-02,2.378464033602070982e-01,9.298613969152274006e-01,-5.219251335053851776e-02,1.092743928051081781e+01,2.319727787001055197e-02,2.706639617034760706e-02,2.395128811736299893e-02,2.326922769574029173e-02,1.579462805267638215e-01,1.706106383614120758e-01,1.604927166251355342e-01,1.581910378882627477e-01
7.175000000000000266e-01,3.028497924086989701e-02,5.768686540940780316e-02,7.800856903398145636e-02,4.587661949039276155e-02,1.997804505187630586e-01,-1.113769045063514943e-02,8.650388148613584460e-02,2.384471249634672607e-01,9.297312971120245129e-01,-5.188735122218448431e-02,1.093123177009903380e+01,2.319570436928396207e-02,2.707716971734594122e-02,2.395610764051629357e-02,2.326537510758706906e-02,1.579519737505808985e-01,1.706565289950955355e-01,1.605200929615762384e-01,1.581890085792684864e-01
7.199999999999999734e-01,3.026104124672524681e-02,5.772585631160009889e-02,7.802524909364423611e-02,4.581659071888879303e-02,2.001942989523064764e-01,-1.055394012608848291e-02,8.649511820517484517e-02,2.390466829465550946e-01,9.296019600496571167e-01,-5.158232044500941221e-02,1.093503549617087600e+01,2.319410764477098166e-02,2.708790404632966872e-02,2.396092664011112774e-02,2.326148991961989737e-02,1.579575244805166978e-01,1.707022265289629137e-01,1.605474046717974557e-01,1.581868029343846127e-01
7.225000000000000311e-01,3.023725352924692619e-02,5.776458621265593424e-02,7.804177756243646513e-02,4.575797305935293963e-02,2.006075712282938406e-01,-9.970239001015289079e-03,8.648614850261618359e-02,2.396450880326582988e-01,9.294733854015337915e-01,-5.127741958630689656e-02,1.093885045721581406e+01,2.319248774479627448e-02,2.709859912827449618e-02,2.396574512883583100e-02,2.325757223027635073e-02,1.579629328508518893e-01,1.707477308687152806e-01,1.605746517672477502e-01,1.581844212406111339e-01
7.249999999999999778e-01,3.021361531403891215e-02,5.780305376355339420e-02,7.805815422347896215e-02,4.570077664336789913e-02,2.010202677471040755e-01,-9.386585912560108449e-03,8.647697242656948724e-02,2.402423508674189079e-01,9.293455728446705644e-01,-5.097264719338116118e-02,1.094267665182087335e+01,2.319084471770178901e-02,2.710925493425259125e-02,2.397056311938053352e-02,2.325362213742626985e-02,1.579681989959896837e-01,1.707930419202873806e-01,1.606018342593056869e-01,1.581818637831653995e-01
7.275000000000000355e-01,3.019012582151988852e-02,5.784125761562421836e-02,7.807437885848561576e-02,4.564501140008940527e-02,2.014323889013199809e-01,-8.802979691348333455e-03,8.646759002505097214e-02,2.408384820175861196e-01,9.292185220597390938e-01,-5.066800179350659100e-02,1.094651407867020332e+01,2.318917861184683141e-02,2.711987143543219056e-02,2.397538062443715923e-02,2.324963973837593234e-02,1.579733230504517250e-01,1.708381595898417205e-01,1.606289521592752512e-01,1.581791308454915668e-01
7.299999999999999822e-01,3.016678426697277926e-02,5.787919642068772158e-02,7.809045124782772185e-02,4.559068705486372941e-02,2.018439350761390694e-01,-8.219419160792424892e-03,8.645800134605298448e-02,2.414334919696900783e-01,9.290922327311191831e-01,-5.036348189388910324e-02,1.095036273654464232e+01,2.318748947560810014e-02,2.713044860307714176e-02,2.398019765669943959e-02,2.324562512987228546e-02,1.579783051488738710e-01,1.708830837837619354e-01,1.606560054783810199e-01,1.581762227092696760e-01
7.325000000000000400e-01,3.014358986059509707e-02,5.791686883118660201e-02,7.810637117059965329e-02,4.553781312788364455e-02,2.022549066497846271e-01,-7.635903136400633284e-03,8.644820643761479129e-02,2.420273911287354751e-01,9.289667045469467421e-01,-5.005908598162918388e-02,1.095422262432131078e+01,2.318577735737969645e-02,2.714098640854641434e-02,2.398501422886289633e-02,2.324157840810729334e-02,1.579831454260020307e-01,1.709278144086466555e-01,1.606829942277633871e-01,1.581731396544256429e-01
7.349999999999999867e-01,3.012054180755065896e-02,5.795427350032294339e-02,7.812213840468362758e-02,4.548639893288066588e-02,2.026653039939210477e-01,-7.052430425086826139e-03,8.643820534789301013e-02,2.426201898169170201e-01,9.288419371991656348e-01,-4.975481252368661039e-02,1.095809374097315647e+01,2.318404230557312776e-02,2.715148482329356183e-02,2.398983035362484834e-02,2.323749966872234313e-02,1.579878440166878062e-01,1.709723513713025389e-01,1.607099184184736240e-01,1.581698819591409733e-01
7.375000000000000444e-01,3.009763930802223861e-02,5.799140908219631296e-02,7.813775272681566797e-02,4.543645357585612832e-02,2.030751274740702772e-01,-6.468999824483292853e-03,8.642799812523301040e-02,2.432118982723560641e-01,9.287179303835773059e-01,-4.945065996684681886e-02,1.096197608556855307e+01,2.318228436861726957e-02,2.716194381886612164e-02,2.399464604368438739e-02,2.323338900681274494e-02,1.579924010558839964e-01,1.710166945787376103e-01,1.607367780614691877e-01,1.581664498998631985e-01
7.399999999999999911e-01,3.007488155726529069e-02,5.802827423194278217e-02,7.815321391265171724e-02,4.538798595384990753e-02,2.034843774500309788e-01,-5.885610122256642630e-03,8.641758481824041160e-02,2.438025266478606179e-01,9.285946837998914072e-01,-4.914662673768945000e-02,1.096586965727084895e+01,2.318050359495830992e-02,2.717236336690499049e-02,2.399946131174236774e-02,2.322924651693231146e-02,1.579968166786401840e-01,1.710608439381543222e-01,1.607635731676086699e-01,1.581628437513162566e-01
7.425000000000000488e-01,3.005226774566281331e-02,5.806486760587466212e-02,7.816852173683365435e-02,4.534100475374738815e-02,2.038930542762996123e-01,-5.302260095426124947e-03,8.640696547585310916e-02,2.443920850097079933e-01,9.284721971517768679e-01,-4.884271124255813723e-02,1.096977445533794082e+01,2.317870003305967652e-02,2.718274343914372712e-02,2.400427617050138185e-02,2.322507229309801399e-02,1.580010910200981278e-01,1.711047993569422276e-01,1.607903037476469676e-01,1.581590637865113447e-01
7.449999999999999956e-01,3.002979705878161196e-02,5.810118786162157128e-02,7.818367597305624084e-02,4.529551845112501224e-02,2.043011583024944289e-01,-4.718948509686773408e-03,8.639614014741361925e-02,2.449805833364520902e-01,9.283504701469116327e-01,-4.853891186753276493e-02,1.097369047912185458e+01,2.317687373140192922e-02,2.719308400740783407e-02,2.400909063266573953e-02,2.322086642879472168e-02,1.580052242154869335e-01,1.711485607426709021e-01,1.608169698122303426e-01,1.581551102767578820e-01
7.475000000000000533e-01,3.000746867742909788e-02,5.813723365827270367e-02,7.819867639413381755e-02,4.525153530913406802e-02,2.047086898737805749e-01,-4.135674118734172441e-03,8.638510888274182620e-02,2.455680315177548867e-01,9.282295024970341757e-01,-4.823522697840301743e-02,1.097761772806830116e+01,2.317502473848263508e-02,2.720338504361397014e-02,2.401390471094143678e-02,2.321662901698000672e-02,1.580092164001184463e-01,1.711921280030823389e-01,1.608435713718914251e-01,1.581509834916749180e-01
7.500000000000000000e-01,2.998528177771207781e-02,5.817300365651979777e-02,7.821352277206740367e-02,4.520906337742344044e-02,2.051156493312985551e-01,-3.552435663595070441e-03,8.637387173220804903e-02,2.461544393532431874e-01,9.281092939179933499e-01,-4.793165492064432182e-02,1.098155620171623958e+01,2.317315310281622270e-02,2.721364651976912810e-02,2.401871841803612448e-02,2.321236015008902934e-02,1.580130677093823099e-01,1.712355010460834548e-01,1.608701084370443013e-01,1.581466836992025948e-01
7.525000000000000577e-01,2.996323553109599830e-02,5.820849651880071612e-02,7.822821487811225383e-02,4.516811049110101145e-02,2.055220370125936391e-01,-2.969231871961565145e-03,8.636242874680653825e-02,2.467398165513914887e-01,9.279898441298003453e-01,-4.762819401939537983e-02,1.098550589969746127e+01,2.317125887293380523e-02,2.722386840796976737e-02,2.402353176665907031e-02,2.320805992003949908e-02,1.580167782787409714e-01,1.712786797797381799e-01,1.608965810179794065e-01,1.581422111656139162e-01
7.550000000000000044e-01,2.994132910446588650e-02,5.824371090944466256e-02,7.824275248284547069e-02,4.512868426973339064e-02,2.059278532520483207e-01,-2.386061457529834416e-03,8.635077997822930562e-02,2.473241727284310187e-01,9.278711528566784272e-01,-4.732484257943799649e-02,1.098946682173613887e+01,2.316934209738298611e-02,2.723405068040089111e-02,2.402834476952111012e-02,2.320372841823668819e-02,1.580203482437247675e-01,1.713216641122596862e-01,1.609229891248585564e-01,1.581375661555267931e-01
7.575000000000000622e-01,2.991956166018820695e-02,5.827864549481728135e-02,7.825713535623353423e-02,4.509079211638547524e-02,2.063330983813155550e-01,-1.802923119344314491e-03,8.633892547893985692e-02,2.479075174072859489e-01,9.277532198271150055e-01,-4.702159888517853936e-02,1.099343896764840878e+01,2.316740282472762660e-02,2.724419330933508868e-02,2.403315743933460980e-02,2.319936573557854209e-02,1.580237777399265686e-01,1.713644539520021715e-01,1.609493327677098407e-01,1.581327489319163671e-01
7.600000000000000089e-01,2.989793235617420331e-02,5.831329894346729686e-02,7.827136326770081642e-02,4.505444121669749391e-02,2.067377727297556866e-01,-1.219815541146360757e-03,8.632686530224809029e-02,2.484898600165382498e-01,9.276360447739108173e-01,-4.671846120063175706e-02,1.099742233734193064e+01,2.316544110354761335e-02,2.725429626713151907e-02,2.403796978881340973e-02,2.319497196246083151e-02,1.580270669029969210e-01,1.714070492074528385e-01,1.609756119564226262e-01,1.581277597561274728e-01
7.625000000000000666e-01,2.987644034594443346e-02,5.834766992627343773e-02,7.828543598619749910e-02,4.501963853800196314e-02,2.071418766248742105e-01,-6.367373907289921968e-04,8.631459950238466738e-02,2.490712098894179438e-01,9.275196274342338842e-01,-4.641542776940651288e-02,1.100141693081545391e+01,2.316345698243857734e-02,2.726435952623486314e-02,2.404278183067277280e-02,2.319054718878237054e-02,1.580302158686382463e-01,1.714494497872232071e-01,1.610018267007423398e-01,1.581225988878871835e-01
7.650000000000000133e-01,2.985508477869422764e-02,5.838175711659191608e-02,7.829935328026806085e-02,4.498639082847856463e-02,2.075454103927610594e-01,-5.368731929770152213e-05,8.630212813457598109e-02,2.496515762628256918e-01,9.274039675496666968e-01,-4.611249681469355155e-02,1.100542274815838439e+01,2.316145051001160249e-02,2.727438305917422035e-02,2.404759357762931843e-02,2.318609150395031793e-02,1.580332247725999284e-01,1.714916556000409820e-01,1.610279770102654995e-01,1.581172665853181059e-01
7.675000000000000711e-01,2.983386479936108587e-02,5.841555919040493372e-02,7.831311491811977776e-02,4.495470461634807485e-02,2.079483743585333333e-01,5.293360391633715901e-04,8.628945125511934544e-02,2.502309682763814158e-01,9.272890648662606150e-01,-4.580966653925559740e-02,1.100943978955036329e+01,2.315942173489290642e-02,2.728436683856196726e-02,2.405240504240096708e-02,2.318160499688551313e-02,1.580360937506725960e-01,1.715336665547410600e-01,1.610540628944344133e-01,1.581117631049511474e-01
7.700000000000000178e-01,2.981277954869277283e-02,5.844907482646909819e-02,7.832672066769164054e-02,4.492458620910470130e-02,2.083507688467785557e-01,1.112334068518503784e-03,8.627656892145875445e-02,2.508093949715047843e-01,9.271749191345854957e-01,-4.550693512541938157e-02,1.101346805526082484e+01,2.315737070572348663e-02,2.729431083709256065e-02,2.405721623770686046e-02,2.317708775602788512e-02,1.580388229386824883e-01,1.715754825602568423e-01,1.610800843625320444e-01,1.581060887017390615e-01
7.724999999999999645e-01,2.979182816331705369e-02,5.848230270646506690e-02,7.834017029672296628e-02,4.489604169278638146e-02,2.087525941820003728e-01,1.695308171100057488e-03,8.626348119226030786e-02,2.513868652905243417e-01,9.270615301097804295e-01,-4.520430073506995911e-02,1.101750754564857182e+01,2.315529747115876655e-02,2.730421502754130925e-02,2.406202717626729909e-02,2.317253986934191337e-02,1.580414124724859870e-01,1.716171035256113531e-01,1.611060414236769600e-01,1.581002436290699642e-01
7.750000000000000222e-01,2.977100977581267210e-02,5.851524151514689992e-02,7.835346357282238494e-02,4.486907693128364127e-02,2.091538506890656679e-01,2.278259768321933779e-03,8.625018812748809494e-02,2.519633880758176403e-01,9.269488975516058105e-01,-4.490176150964732965e-02,1.102155826116134385e+01,2.315320207986818965e-02,2.731407938276310399e-02,2.406683787080365552e-02,2.316796142432215114e-02,1.580438624879638154e-01,1.716585293599080797e-01,1.611319340868179739e-01,1.580942281387811288e-01
7.774999999999999689e-01,2.975032351478154244e-02,5.854788994049219680e-02,7.836660026353703401e-02,4.484369756568653415e-02,2.095545386936540078e-01,2.861190301285512164e-03,8.623668978848064715e-02,2.525389720689830142e-01,9.268370212244937401e-01,-4.459931557014513992e-02,1.102562020233539108e+01,2.315108458053479965e-02,2.732390387569109264e-02,2.407164833403829460e-02,2.316335250799878356e-02,1.580461731210151266e-01,1.716997599723217027e-01,1.611577623607289844e-01,1.580880424811728080e-01
7.800000000000000266e-01,2.972976850492254144e-02,5.858024667385266365e-02,7.837958013642155886e-02,4.481990901366843943e-02,2.099546585227084483e-01,3.444101231377508926e-03,8.622298623802690520e-02,2.531136259100414398e-01,9.267259008975994306e-01,-4.429696101711182860e-02,1.102969336979504433e+01,2.314894502185480679e-02,2.733368847933530937e-02,2.407645857869449013e-02,2.315871320694324817e-02,1.580483445075517024e-01,1.717407952720888809e-01,1.611835262540037284e-01,1.580816869050223894e-01
7.824999999999999734e-01,2.970934386710640668e-02,5.861231041010436793e-02,7.839240295910732126e-02,4.479771646890862158e-02,2.103542105048882283e-01,4.026994040861028856e-03,8.620907754044299098e-02,2.536873581366712038e-01,9.266155363448526083e-01,-4.399469593065395007e-02,1.103377776425229939e+01,2.314678345253710218e-02,2.734343316678128355e-02,2.408126861749633127e-02,2.315404360727390740e-02,1.580503767834918749e-01,1.717816351684985365e-01,1.612092257750505908e-01,1.580751616575987728e-01
7.850000000000000311e-01,2.968904871845218577e-02,5.864407984779896471e-02,7.840506849937167733e-02,4.477712490055029554e-02,2.107531949710229058e-01,4.609870233456337882e-03,8.619496376164872964e-02,2.542601771834728241e-01,9.265059273450073629e-01,-4.369251837044195452e-02,1.103787338650637473e+01,2.314459992130278240e-02,2.735313791118858945e-02,2.408607846316861839e-02,2.314934379466175585e-02,1.580522700847545869e-01,1.718222795708825024e-01,1.612348609320871651e-01,1.580684669846767476e-01
7.874999999999999778e-01,2.966888217240495201e-02,5.867555368931420823e-02,7.841757652520735256e-02,4.475813905269709903e-02,2.111516122545682161e-01,5.192731334915668025e-03,8.618064496924457418e-02,2.548320913812693322e-01,9.263970736816954377e-01,-4.339042637571836197e-02,1.104198023744331358e+01,2.314239447688460835e-02,2.736280268578935443e-02,2.409088812843676944e-02,2.314461385433616916e-02,1.580540245472530081e-01,1.718627283886055290e-01,1.612604317331350900e-01,1.580616031305515645e-01
7.900000000000000355e-01,2.964884333881497372e-02,5.870673064100544181e-02,7.842992680489162260e-02,4.474076344394480736e-02,2.115494626920639831e-01,5.775578893587099243e-03,8.616612123258843292e-02,2.554031089564352541e-01,9.262889751434751906e-01,-4.308841796530801099e-02,1.104609831803553810e+01,2.314016716802648130e-02,2.737242746388673237e-02,2.409569762602671930e-02,2.313985387109071187e-02,1.580556403068884841e-01,1.719029815310555154e-01,1.612859381860147212e-01,1.580545703380537848e-01
7.924999999999999822e-01,2.962893132401824697e-02,5.873760941335638003e-02,7.844211910705564672e-02,4.472500236694979675e-02,2.119467466235929742e-01,6.358414480970260747e-03,8.615139262287280220e-02,2.559732380302613408e-01,9.261816315238832198e-01,-4.278649113763142997e-02,1.105022762934144964e+01,2.313791804348285311e-02,2.738201221885333894e-02,2.410050696866479839e-02,2.313506392928896607e-02,1.580571174995441530e-01,1.719430389076335719e-01,1.613113802983398293e-01,1.580473688485643236e-01
7.950000000000000400e-01,2.960914523091850992e-02,5.876818872113043213e-02,7.845415320075389831e-02,4.471085988803275707e-02,2.123434643932420318e-01,6.941239692263638864e-03,8.613645921320189913e-02,2.565424866183509955e-01,9.260750426214860997e-01,-4.248464387071996390e-02,1.105436817250500781e+01,2.313564715201815031e-02,2.739155692412964180e-02,2.410531616907762506e-02,2.313024411287040519e-02,1.580584562610784505e-01,1.719829004277437789e-01,1.613367580775121601e-01,1.580399989020292995e-01
7.974999999999999867e-01,2.958948415907053028e-02,5.879846728352138702e-02,7.846602885553344287e-02,4.469833984681811923e-02,2.127396163495635650e-01,7.524056146899230080e-03,8.612132107866901642e-02,2.571108626300502853e-01,9.259692082399306745e-01,-4.218287412223383631e-02,1.105851994875530764e+01,2.313335454240613223e-02,2.740106155322231951e-02,2.411012523999198423e-02,2.312539450535630592e-02,1.580596567273187258e-01,1.720225660007830282e-01,1.613620715307161890e-01,1.580324607369753276e-01
8.000000000000000444e-01,2.956994720476497154e-02,5.882844382430447300e-02,7.847774584150300770e-02,4.468744585590742058e-02,2.131352028460398729e-01,8.106865489071104353e-03,8.610597829643379386e-02,2.576783738679106484e-01,9.258641281879949059e-01,-4.188117982948280638e-02,1.106268295940619062e+01,2.313104026342926306e-02,2.741052607970256502e-02,2.411493419413469896e-02,2.312051518985568446e-02,1.580607190340545809e-01,1.720620355361306697e-01,1.613873206649137082e-01,1.580247545905250073e-01
8.024999999999999911e-01,2.955053346111463641e-02,5.885811707198690401e-02,7.848930392940235701e-02,4.467818130058802406e-02,2.135302242415480223e-01,8.689669388250781043e-03,8.609043094579937883e-02,2.582450280271857967e-01,9.257598022796390547e-01,-4.157955890944896316e-02,1.106685720585580235e+01,2.312870436387802486e-02,2.741995047720437520e-02,2.411974304423250559e-02,2.311560624907126396e-02,1.580616433170312363e-01,1.721013089431379650e-01,1.614125054868384423e-01,1.580168806984121876e-01
8.050000000000000488e-01,2.953124201814206692e-02,5.888748575995834261e-02,7.850070289067145879e-02,4.467054933857450560e-02,2.139246809008266970e-01,9.272469539693430768e-03,8.607467910829028068e-02,2.588108326953622029e-01,9.256562303340561959e-01,-4.127800925881257299e-02,1.107104268958622306e+01,2.312634689255023066e-02,2.742933471942279183e-02,2.412455180301192534e-02,2.311066776530548011e-02,1.580624297119428701e-01,1.721403861311177341e-01,1.614376260029906918e-01,1.580088392949976495e-01
8.074999999999999956e-01,2.951207196286873002e-02,5.891654862664084946e-02,7.851194249751937415e-02,4.466455289978411847e-02,2.143185731949441009e-01,9.855267664933126809e-03,8.605872286772943414e-02,2.593757953517223935e-01,9.255534121757232890e-01,-4.097652875398034855e-02,1.107523941216303420e+01,2.312396789825029580e-02,2.743867878011209405e-02,2.412936048319911167e-02,2.310569982046650414e-02,1.580630783544256235e-01,1.721792670093333644e-01,1.614626822196318923e-01,1.580006306132847593e-01
8.100000000000000533e-01,2.949302237940562565e-02,5.894530441563870793e-02,7.852302252299328544e-02,4.466019468614422505e-02,2.147119015017664723e-01,1.043806551226708450e-02,8.604256231031573443e-02,2.599399233669423825e-01,9.254513476344511380e-01,-4.067511525111645876e-02,1.107944737523494716e+01,2.312156742978848517e-02,2.744798263308398725e-02,2.413416909751972192e-02,2.310070249607429002e-02,1.580635893800508840e-01,1.722179514869884021e-01,1.614876741427792028e-01,1.579922548849354014e-01
8.125000000000000000e-01,2.947409234904520628e-02,5.897375187588766582e-02,7.853394274104746886e-02,4.465747717143223050e-02,2.151046662064299841e-01,1.102086485722833346e-02,8.602619752470169745e-02,2.605032240027231327e-01,9.253500365454359056e-01,-4.037376658617634201e-02,1.108366658053337162e+01,2.311914553598014982e-02,2.745724625220572618e-02,2.413897765869875769e-02,2.309567587326664603e-02,1.580639629243181243e-01,1.722564394732153392e-01,1.615126017782001211e-01,1.579837123402857146e-01
8.150000000000000577e-01,2.945528095035494440e-02,5.900188976180378159e-02,7.854470292661168418e-02,4.465640260114710908e-02,2.154968677018116452e-01,1.160366750304712459e-02,8.600962860207045368e-02,2.610657044114556014e-01,9.252494787493088513e-01,-4.007248057494285781e-02,1.108789702987205850e+01,2.311670226564491171e-02,2.746646961139821708e-02,2.414378617946041916e-02,2.309062003280531669e-02,1.580641991226480192e-01,1.722947308770649000e-01,1.615374651314070154e-01,1.579750032083621358e-01
8.175000000000000044e-01,2.943658725927224967e-02,5.902971683343167381e-02,7.855530285565993920e-02,4.465697299241126739e-02,2.158885063890027822e-01,1.218647528110021125e-02,8.599285563621340833e-02,2.616273716359178159e-01,9.251496740921865136e-01,-3.977125501306595645e-02,1.109213872514669141e+01,2.311423766760585183e-02,2.747565268463409219e-02,2.414859467252794892e-02,2.308553505508210632e-02,1.580642981103752009e-01,1.723328256074949105e-01,1.615622642076517401e-01,1.579661277168975808e-01
8.200000000000000622e-01,2.941801034920090568e-02,5.905723185659207675e-02,7.856574230527900438e-02,4.465919013390284159e-02,2.162795826777834107e-01,1.276929005134878545e-02,8.597587872360759609e-02,2.621882326090086424e-01,9.250506224257225574e-01,-3.947008767610419439e-02,1.109639166833449409e+01,2.311175179068864632e-02,2.748479544593573909e-02,2.415340315062346546e-02,2.308042102012498181e-02,1.580642600227410155e-01,1.723707235733589749e-01,1.615869990119200572e-01,1.579570860923473763e-01
8.225000000000000089e-01,2.939954929110902629e-02,5.908443360302920860e-02,7.857602105373648338e-02,4.466305558581773472e-02,2.166700969870973270e-01,1.335211370276321446e-02,8.595869796349261960e-02,2.627482941535113636e-01,9.249523236071552912e-01,-3.916897631957014236e-02,1.110065586149387151e+01,2.310924468372069565e-02,2.749389786937331270e-02,2.415821162646779666e-02,2.307527800760422049e-02,1.580640849948863336e-01,1.724084246833956502e-01,1.616116695489263344e-01,1.579478785599058022e-01
8.250000000000000666e-01,2.938120315362825058e-02,5.911132085055676583e-02,7.858613888054880037e-02,4.466857067986040181e-02,2.170600497455289213e-01,1.393494815373523543e-02,8.594131345794805976e-02,2.633075629818935059e-01,9.248547774993610693e-01,-3.886791867897767400e-02,1.110493130676401563e+01,2.310671639553022252e-02,2.750295992906270220e-02,2.416302011278030973e-02,2.307010609683855101e-02,1.580637731618440567e-01,1.724459288462165674e-01,1.616362758231079666e-01,1.579385053435220509e-01
8.275000000000000133e-01,2.936297100315479053e-02,5.913789238320374397e-02,7.859609556654927054e-02,4.467573651926281392e-02,2.174494413917805180e-01,1.451779535247814217e-02,8.592372531197031704e-02,2.638660456961381406e-01,9.247579839709008098e-01,-3.856691246989303601e-02,1.110921800636452872e+01,2.310416697494533170e-02,2.751198159916348404e-02,2.416782862227873779e-02,2.306490536680130127e-02,1.580633246585317897e-01,1.724832359702956341e-01,1.616608178386199912e-01,1.579289666659168812e-01
8.300000000000000711e-01,2.934485190395159232e-02,5.916414699135916916e-02,7.860589089395542128e-02,4.468455397883044217e-02,2.178382723751516314e-01,1.510065727741376901e-02,8.590593363354961931e-02,2.644237487876083259e-01,9.246619428960721754e-01,-3.826595538798806262e-02,1.111351596259506813e+01,2.310159647079306627e-02,2.752096285387682986e-02,2.417263716767899251e-02,2.305967589612657395e-02,1.580627396197442358e-01,1.725203459639571835e-01,1.616852955993295371e-01,1.579192627485988265e-01
8.325000000000000178e-01,2.932684491825224976e-02,5.919008347191596908e-02,7.861552464643660476e-02,4.469502370501603900e-02,2.182265431560178048e-01,1.568353593754469311e-02,8.588793853374672438e-02,2.649806786369450773e-01,9.245666541549582007e-01,-3.796504510909716468e-02,1.111782517783497504e+01,2.309900493189841891e-02,2.752990366744340403e-02,2.417744576169498713e-02,2.305441776311539098e-02,1.580620181801456470e-01,1.725572587353645382e-01,1.617097091088104954e-01,1.579093938118807661e-01
8.349999999999999645e-01,2.930894910636618750e-02,5.921570062841419874e-02,7.862499660918113864e-02,4.470714611601855903e-02,2.186142542063117256e-01,1.626643337281507076e-02,8.586974012676946988e-02,2.655368415139976457e-01,9.244721176334774748e-01,-3.766417928927669884e-02,1.112214565454290494e+01,2.309639240708333263e-02,2.753880401414121951e-02,2.418225441703843528e-02,2.304913104574187604e-02,1.580611604742620524e-01,1.725939741925084925e-01,1.617340583703377743e-01,1.578993600748963000e-01
8.375000000000000222e-01,2.929116352678542978e-02,5.924099727118307263e-02,7.863430656896308601e-02,4.472092140190743470e-02,2.190014060100042848e-01,1.684935165445656038e-02,8.585133853004928151e-02,2.660922435777844375e-01,9.243783332234322137e-01,-3.736335556486768128e-02,1.112647739525649726e+01,2.309375894516565650e-02,2.754766386828347291e-02,2.418706314641866362e-02,2.304381582165941633e-02,1.580601666364737645e-01,1.726304922431955713e-01,1.617583433868821086e-01,1.578891617556165416e-01
8.399999999999999689e-01,2.927348723629281946e-02,5.926597221748193534e-02,7.864345431420886878e-02,4.473634952477201915e-02,2.193879990635872468e-01,1.743229288532036070e-02,8.583273386431737595e-02,2.666468908764884072e-01,9.242853008225594413e-01,-3.706257155256166558e-02,1.113082040259199701e+01,2.309110459495809092e-02,2.755648320421635530e-02,2.419187196254241404e-02,2.303847216820682081e-02,1.580590368010071634e-01,1.726668127950363174e-01,1.617825641611044252e-01,1.578787990708663269e-01
8.425000000000000266e-01,2.925591929007172534e-02,5.929062429164052433e-02,7.865243963506368674e-02,4.475343021889425371e-02,2.197740338765561685e-01,1.801525920019500862e-02,8.581392625368060301e-02,2.672007893474828144e-01,9.241930203345782857e-01,-3.676182484946946549e-02,1.113517467924392612e+01,2.308842940526710866e-02,2.756526199631684909e-02,2.419668087811362861e-02,2.303310016241449237e-02,1.580577711019271747e-01,1.727029357554335509e-01,1.618067206953503201e-01,1.578682722363410895e-01
8.449999999999999734e-01,2.923845874181722412e-02,5.931495232519778255e-02,7.866126232345754810e-02,4.477216299094456675e-02,2.201595109718942345e-01,1.859825276611028894e-02,8.579491582569750974e-02,2.677539448173878456e-01,9.241014916692394943e-01,-3.646111303319325009e-02,1.113954022798474064e+01,2.308573342489183763e-02,2.757400021899047635e-02,2.420148990583325180e-02,2.302769988101057222e-02,1.580563696731291656e-01,1.727388610315705453e-01,1.618308129916447291e-01,1.578575814666232646e-01
8.475000000000000311e-01,2.922110464384860412e-02,5.933895515703981743e-02,7.866992217317085589e-02,4.479254712020037249e-02,2.205444308865563141e-01,1.918127578262612126e-02,8.577570271145361358e-02,2.683063630021590984e-01,9.240107147423746170e-01,-3.616043366190182379e-02,1.114391705166450031e+01,2.308301670262292646e-02,2.758269784666905061e-02,2.420629905839901189e-02,2.302227140042708772e-02,1.580548326483308119e-01,1.727745885303991757e-01,1.618548410516862379e-01,1.578467269751990254e-01
8.499999999999999778e-01,2.920385604722363498e-02,5.936263163353641681e-02,7.867841897989980016e-02,4.481458165878520611e-02,2.209287941719556281e-01,1.976433048210633758e-02,8.575628704563675875e-02,2.688580495072060983e-01,9.239206894759434130e-01,-3.585978427440898036e-02,1.114830515321052751e+01,2.308027928724138214e-02,2.759135485380839747e-02,2.421110834850520241e-02,2.301681479680610029e-02,1.580531601610642156e-01,1.728101181586279289e-01,1.618788048768418641e-01,1.578357089744749642e-01
8.525000000000000355e-01,2.918671200185392334e-02,5.938598060867672501e-02,7.868675254132147245e-02,4.483826543193022984e-02,2.213126013944475001e-01,2.034741912997884219e-02,8.573666896661205628e-02,2.694090098275419010e-01,9.238314157980829222e-01,-3.555916239025523617e-02,1.115270453562709996e+01,2.307752122751737314e-02,2.759997121488605432e-02,2.421591778884246010e-02,2.301133014600581506e-02,1.580513523446676061e-01,1.728454498227101344e-01,1.619027044681413119e-01,1.578245276757944959e-01
8.549999999999999822e-01,2.916967155662208641e-02,5.940900094420323296e-02,7.869492265715853641e-02,4.486359703825387041e-02,2.216958531358177442e-01,2.093054402497883382e-02,8.571684861649675469e-02,2.699592493479607835e-01,9.237428936431555382e-01,-3.525856550979296344e-02,1.115711520199512030e+01,2.307474257220903241e-02,2.760854690439895620e-02,2.422072739209753245e-02,2.300581752360670446e-02,1.580494093322770133e-01,1.728805834288317522e-01,1.619265398262716704e-01,1.578131832894546505e-01
8.575000000000000400e-01,2.915273375950003937e-02,5.943169150974484533e-02,7.870292912924352347e-02,4.489057485006239107e-02,2.220785499937676377e-01,2.151370749937754276e-02,8.569682614123436126e-02,2.705087733432471331e-01,9.236551229517964146e-01,-3.495799111427461137e-02,1.116153715547181235e+01,2.307194337006119797e-02,2.761708189686109399e-02,2.422553717095305217e-02,2.300027700491759364e-02,1.580473312568181632e-01,1.729155188828995771e-01,1.619503109515718908e-01,1.578016760247226147e-01
8.599999999999999867e-01,2.913589765766897918e-02,5.945405118294817132e-02,7.871077176158272626e-02,4.491919701366815093e-02,2.224606925824028081e-01,2.209691191919624723e-02,8.567660169066876330e-02,2.710575869784124237e-01,9.235681036709614267e-01,-3.465743666594441053e-02,1.116597039929041202e+01,2.306912366980416046e-02,2.762557616680116901e-02,2.423034713808729437e-02,2.299470866498174240e-02,1.580451182509980124e-01,1.729502560905291364e-01,1.619740178440273737e-01,1.577900060898523305e-01
8.625000000000000444e-01,2.911916229764065570e-02,5.947607884960831592e-02,7.871845036041980048e-02,4.494946144972578050e-02,2.228422815327201212e-01,2.268015968440242197e-02,8.565617541861801632e-02,2.716056953089601156e-01,9.234818357539744671e-01,-3.435689960813368554e-02,1.117041493675987240e+01,2.306628352015236555e-02,2.763402968876022686e-02,2.423515730617394406e-02,2.298911257858290286e-02,1.580427704472962824e-01,1.729847949570326171e-01,1.619976605032643902e-01,1.577781736921010647e-01
8.649999999999999911e-01,2.910252672538007207e-02,5.949777340379693719e-02,7.872596473429883945e-02,4.498136585358573220e-02,2.232233174930951802e-01,2.326345322909264754e-02,8.563554748294754937e-02,2.721531032811793094e-01,9.233963191605745191e-01,-3.405637736535914450e-02,1.117487077126456896e+01,2.306342296980309556e-02,2.764244243728927741e-02,2.423996768788183598e-02,2.298348882025136319e-02,1.580402879779569947e-01,1.730191353874068472e-01,1.620212389285448085e-01,1.577661790377459516e-01
8.675000000000000488e-01,2.908598998642979508e-02,5.951913374799021328e-02,7.873331469412719885e-02,4.501490769566417194e-02,2.236038011297720174e-01,2.384679502165738818e-02,8.561471804564316224e-02,2.726998157324658223e-01,9.233115538569632852e-01,-3.375586734342504724e-02,1.117933790626400459e+01,2.306054206743513371e-02,2.765081438694689392e-02,2.424477829587471864e-02,2.297783746426994983e-02,1.580376709749798936e-01,1.730532772863211943e-01,1.620447531187604595e-01,1.577540223321003965e-01
8.699999999999999956e-01,2.906955112603529928e-02,5.954015879319474180e-02,7.874050005323759982e-02,4.505008422182809474e-02,2.239837331273503152e-01,2.443018756493052848e-02,8.559368727288343970e-02,2.732458373916692995e-01,9.232275398158507063e-01,-3.345536692952885000e-02,1.118381634529254853e+01,2.305764086170737984e-02,2.765914551229681564e-02,2.424958914281098721e-02,2.297215858468002955e-02,1.580349195701118425e-01,1.730872205581054923e-01,1.620682030724279188e-01,1.577417037795307564e-01
8.725000000000000533e-01,2.905320918927209797e-02,5.956084745907162109e-02,7.874752062745010717e-02,4.508689245379646215e-02,2.243631141892747372e-01,2.501363339632300606e-02,8.557245533511202706e-02,2.737911728794683586e-01,9.231442770165017020e-01,-3.315487349237011827e-02,1.118830609195914860e+01,2.305471940125747299e-02,2.766743578790552618e-02,2.425440024134343023e-02,2.296645225528746656e-02,1.580320338948381920e-01,1.731209651067380229e-01,1.620915887876828998e-01,1.577292235834726053e-01
8.750000000000000000e-01,2.903696322117400516e-02,5.958119867405987924e-02,7.875437623513369123e-02,4.512532918955448197e-02,2.247419450383233153e-01,2.559713508793899639e-02,8.555102240710936445e-02,2.743358267087696034e-01,9.230617654447825782e-01,-3.285438438226327695e-02,1.119280714994705939e+01,2.305177773470036204e-02,2.767568518833982832e-02,2.425921160411896246e-02,2.296071854966855869e-02,1.580290140803739252e-01,1.731545108358334695e-01,1.621149102622749805e-01,1.577165819464471652e-01
8.775000000000000577e-01,2.902081226686289289e-02,5.960121137549762027e-02,7.876106669726673504e-02,4.516539100378293148e-02,2.251202264170968637e-01,2.618069524667616596e-02,8.552938866806358842e-02,2.748798032851340611e-01,9.229800050932075450e-01,-3.255389693125383677e-02,1.119731952301360600e+01,2.304881591062685892e-02,2.768389368816441543e-02,2.426402324377836123e-02,2.295495754117594933e-02,1.580258602576547766e-01,1.731878576486305943e-01,1.621381674935621353e-01,1.577037790700775710e-01
8.800000000000000044e-01,2.900475537167980164e-02,5.962088450974201148e-02,7.876759183749781901e-02,4.520707424829926990e-02,2.254979590885071161e-01,2.676431651430910552e-02,8.550755430164161397e-02,2.754231069072259341e-01,9.228989959609821270e-01,-3.225340845323838856e-02,1.120184321498990876e+01,2.304583397760217103e-02,2.769206126193942200e-02,2.426883517295598536e-02,2.294916930294449431e-02,1.580225725573287110e-01,1.732210054479806083e-01,1.621613604785053508e-01,1.576908151551053294e-01
8.825000000000000622e-01,2.898879158131737951e-02,5.964021703228765403e-02,7.877395148220567300e-02,4.525037505251242737e-02,2.258751438362655017e-01,2.734800156755575612e-02,8.548551949605934230e-02,2.759657417672886637e-01,9.228187380540504581e-01,-3.195291624408827524e-02,1.120637822978064690e+01,2.304283198416440595e-02,2.770018788421798120e-02,2.427364740427950113e-02,2.294335390789710785e-02,1.580191511097466250e-01,1.732539541363348201e-01,1.621844892136633243e-01,1.576776904014062786e-01
8.850000000000000089e-01,2.897291994195362597e-02,5.965920790788325351e-02,7.878014546055840672e-02,4.529528932388892509e-02,2.262517814653723924e-01,2.793175311812802139e-02,8.546328444415131342e-02,2.765077119516419768e-01,9.227392313851391359e-01,-3.165241758177676779e-02,1.121092457136382592e+01,2.303980997882304135e-02,2.770827352954377196e-02,2.427845995036960122e-02,2.293751142875057741e-02,1.580155960449535490e-01,1.732867036157328122e-01,1.622075536951870789e-01,1.576644050080070192e-01
8.875000000000000666e-01,2.895713950038710308e-02,5.967785611064697904e-02,7.878617360457290664e-02,4.534181274843043785e-02,2.266278728026046019e-01,2.851557391276303768e-02,8.544084934344009508e-02,2.770490214412028585e-01,9.226604759738024075e-01,-3.135190972651021035e-02,1.121548224379052527e+01,2.303676801005738461e-02,2.771631817244856605e-02,2.428327282383972024e-02,2.293164193802133335e-02,1.580119074926796263e-01,1.733192537877902561e-01,1.622305539188146073e-01,1.576509591731007076e-01
8.900000000000000133e-01,2.894144930417323971e-02,5.969616062417974073e-02,7.879203574917276187e-02,4.538994079116248637e-02,2.270034186970039947e-01,2.909946673323995231e-02,8.541821439620476963e-02,2.775896741120297273e-01,9.225824718464650243e-01,-3.105138992086293667e-02,1.122005125118470659e+01,2.303370612631500461e-02,2.772432178744976480e-02,2.428808603729573981e-02,2.292574550803118047e-02,1.580080855823310093e-01,1.733516045536873662e-01,1.622534898798656255e-01,1.576373530940633483e-01
8.925000000000000711e-01,2.892584840176221431e-02,5.971412044167750260e-02,7.879773173224670357e-02,4.543966869663344788e-02,2.273784200203652350e-01,2.968343439637781411e-02,8.539537980954955976e-02,2.781296737358871507e-01,9.225052190364688709e-01,-3.075085538991594383e-02,1.122463159774296493e+01,2.303062437601011841e-02,2.773228434904794273e-02,2.429289960333569712e-02,2.291982221091300176e-02,1.580041304429805615e-01,1.733837558141564650e-01,1.622763615732361331e-01,1.576235869674695034e-01
8.950000000000000178e-01,2.891033584263782985e-02,5.973173456604133347e-02,7.880326139470573976e-02,4.549099148942339216e-02,2.277528776677225364e-01,3.026747975401646723e-02,8.537234579547094138e-02,2.786690239808335967e-01,9.224287175841133779e-01,-3.045030334139943104e-02,1.122922328773434053e+01,2.302752280752198843e-02,2.774020583172439811e-02,2.429771353454947616e-02,2.291387211861642056e-02,1.580000422033590035e-01,1.734157074694706591e-01,1.622991689933933612e-01,1.576096609891083633e-01
8.974999999999999645e-01,2.889491067745795019e-02,5.974900200998647243e-02,7.880862458053990161e-02,4.554390397466288876e-02,2.281267925578376876e-01,3.085160569298124947e-02,8.534911257092483994e-02,2.792077284118280045e-01,9.223529675367009295e-01,-3.014973096583910619e-02,1.123382632550010740e+01,2.302440146919326053e-02,2.774808620993868616e-02,2.430252784351851977e-02,2.290789530291340720e-02,1.579958209918453094e-01,1.734474594194316266e-01,1.623219121343703331e-01,1.575955753539993176e-01
9.000000000000000222e-01,2.887957195819593204e-02,5.976592179614921563e-02,7.881382113687469826e-02,4.559840073856034903e-02,2.285001656336853870e-01,3.143581513502873015e-02,8.532568035789313277e-02,2.797457904913575044e-01,9.222779689485787191e-01,-2.984913543670672520e-02,1.123844071545359036e+01,2.302126040932829520e-02,2.775592545812616968e-02,2.430734254281551043e-02,2.290189183540386128e-02,1.579914669364577140e-01,1.734790115633580987e-01,1.623445909897607009e-01,1.575813302564077201e-01
9.024999999999999689e-01,2.886431873828336145e-02,5.978249295719260253e-02,7.881885091402696109e-02,4.565447614893893696e-02,2.288729978629391870e-01,3.202011103677587789e-02,8.530204938344927712e-02,2.802832135800853441e-01,9.222037218811813819e-01,-2.954851391057429846e-02,1.124306646207996963e+01,2.301809967619147107e-02,2.776372355069557304e-02,2.431215764500406148e-02,2.289586178752114898e-02,1.579869801648441652e-01,1.735103638000740911e-01,1.623672055527135560e-01,1.575669258898606262e-01
9.050000000000000266e-01,2.884915007275427531e-02,5.979871453591026342e-02,7.882371376555963316e-02,4.571212435578141109e-02,2.292452902384573832e-01,3.260449638961161051e-02,8.527821987982356355e-02,2.808200009375154682e-01,9.221302264030735163e-01,-2.924786352727233238e-02,1.124770356993609965e+01,2.301491931800546398e-02,2.777148046202653278e-02,2.431697316263839795e-02,2.288980523053758473e-02,1.579823608042729699e-01,1.735415160278972468e-01,1.623897558159281829e-01,1.575523624471620865e-01
9.074999999999999734e-01,2.883406501839020503e-02,5.981458558532903869e-02,7.882840954833685021e-02,4.577133929178337640e-02,2.296170437787663221e-01,3.318897421959117466e-02,8.525419208446770314e-02,2.813561557226781917e-01,9.220574825899898741e-01,-2.894718141005215781e-02,1.125235204365034214e+01,2.301171938294949842e-02,2.777919616646716897e-02,2.432178910826304427e-02,2.288372223556987134e-02,1.579776089816235518e-01,1.735724681446274009e-01,1.624122417716490352e-01,1.575376401204087451e-01
9.100000000000000311e-01,2.881906263386650388e-02,5.983010516880928054e-02,7.883293812257738398e-02,4.583211467291500862e-02,2.299882595285443199e-01,3.377354758731185291e-02,8.522996624011830447e-02,2.818916809948318059e-01,9.219854905248789922e-01,-2.864646466575224842e-02,1.125701188792241680e+01,2.300849991915757467e-02,2.778687063833165313e-02,2.432660549441249126e-02,2.287761287358449844e-02,1.579727248233767367e-01,1.736032200475349230e-01,1.624346634116604071e-01,1.575227591010049111e-01
9.124999999999999778e-01,2.880414197990007266e-02,5.984527236014453716e-02,7.883729935190854354e-02,4.589444399898985616e-02,2.303589385591047201e-01,3.435821958777281887e-02,8.520554259486066984e-02,2.824265797141819467e-01,9.219142502979416065e-01,-2.834571038496868159e-02,1.126168310752321844e+01,2.300526097471668197e-02,2.779450385189778314e-02,2.433142233361087342e-02,2.287147721540308890e-02,1.579677084556053157e-01,1.736337716333494208e-01,1.624570207272815481e-01,1.575077195796781293e-01
9.150000000000000355e-01,2.878930211939792830e-02,5.986008624365905806e-02,7.884149310341857786e-02,4.595832055424195484e-02,2.307290819688769257e-01,3.494299335021617409e-02,8.518092140219050978e-02,2.829608547426168963e-01,9.218437620066722848e-01,-2.804491564222955091e-02,1.126636570729469788e+01,2.300200259766497016e-02,2.780209578140458923e-02,2.433623963837162896e-02,2.286531533170770361e-02,1.579625600039646638e-01,1.736641227982484992e-01,1.624793137093614726e-01,1.574925217464939464e-01
9.174999999999999822e-01,2.877454211760718458e-02,5.987454591430388384e-02,7.884551924770917541e-02,4.602373740791024237e-02,2.310986908838879861e-01,3.552787203795054055e-02,8.515610292107639312e-02,2.834945088444602024e-01,9.217740257558997286e-01,-2.774407749617370175e-02,1.127105969214970571e+01,2.299872483598990394e-02,2.780964640104992280e-02,2.434105742119717364e-02,2.285912729304608038e-02,1.579572795936827478e-01,1.736942734378462971e-01,1.625015423482738530e-01,1.574771657908711486e-01
9.200000000000000400e-01,2.875986104226574067e-02,5.988865047775155520e-02,7.884937765894670103e-02,4.609068741483094561e-02,2.314677664582416305e-01,3.611285884815802760e-02,8.513108741602011531e-02,2.840275446872375098e-01,9.217050416578249639e-01,-2.744319298973349475e-02,1.127576506707186610e+01,2.299542773762640671e-02,2.781715568498808674e-02,2.434587569457855039e-02,2.285291316983683804e-02,1.579518673495509395e-01,1.737242234471826074e-01,1.625237066339122460e-01,1.574616519015964999e-01
9.224999999999999867e-01,2.874525796375461753e-02,5.990239905048937857e-02,7.885306821491350204e-02,4.615916321603667771e-02,2.318363098745970519e-01,3.669795701168250546e-02,8.510587515711755258e-02,2.845599648424586570e-01,9.216368098320618651e-01,-2.714225915032185757e-02,1.128048183711545427e+01,2.299211135045495583e-02,2.782462360732746234e-02,2.435069447099509621e-02,2.284667303237462171e-02,1.579463233959139679e-01,1.737539727207117468e-01,1.625458065556848186e-01,1.574459802668396469e-01
9.250000000000000444e-01,2.873073195525074203e-02,5.991579075991115833e-02,7.885659079705796548e-02,4.622915723936400767e-02,2.322043223446454419e-01,3.728316979280084376e-02,8.508046642011785066e-02,2.850917717864142609e-01,9.215693304056742363e-01,-2.684127299002333003e-02,1.128521000740528457e+01,2.298877572229967442e-02,2.783205014212815354e-02,2.435551376291408138e-02,2.284040695083519590e-02,1.579406478566604821e-01,1.737835211522916201e-01,1.625678421025096576e-01,1.574301510741677457e-01
9.274999999999999911e-01,2.871628209288129910e-02,5.992882474440746482e-02,7.885994529054421442e-02,4.630066170006817000e-02,2.325718051095873873e-01,3.786850048897762860e-02,8.505486148648223887e-02,2.856229679009858469e-01,9.215026035132150017e-01,-2.654023150578978599e-02,1.128994958313660746e+01,2.298542090092639198e-02,2.783943526339965890e-02,2.436033358279036595e-02,2.283411499528048560e-02,1.579348408552131711e-01,1.738128686351729513e-01,1.625898132628097736e-01,1.574141645105600062e-01
9.300000000000000488e-01,2.870190745587882300e-02,5.994150015345470206e-02,7.886313158430120762e-02,4.637366860144581659e-02,2.329387594406063522e-01,3.845395243060072826e-02,8.502906064344191439e-02,2.861535554744688015e-01,9.214366292967633987e-01,-2.623913167963995430e-02,1.129470056957499224e+01,2.298204693404068411e-02,2.784677894509855409e-02,2.436515394306604243e-02,2.282779723566355848e-02,1.579289025145189374e-01,1.738420150619885141e-01,1.626117200245081884e-01,1.573980207624220973e-01
9.324999999999999956e-01,2.868760712673721139e-02,5.995381614770268347e-02,7.886614957107113133e-02,4.644816973546557481e-02,2.333051866393421603e-01,3.903952898070123939e-02,8.500306418405541298e-02,2.866835367024089809e-01,9.213714079059622808e-01,-2.593797047886344312e-02,1.129946297205626315e+01,2.297865386928587758e-02,2.785408116112619500e-02,2.436997485617007492e-02,2.282145374183356876e-02,1.579228329570392386e-01,1.738709603247426405e-01,1.626335623750231330e-01,1.573817200156006069e-01
9.350000000000000533e-01,2.867338019136906821e-02,5.996577189906124317e-02,7.886899914745713891e-02,4.652415668340682126e-02,2.336710880383628119e-01,3.962523353465480236e-02,8.497687240726471691e-02,2.872129136884500333e-01,9.213069394980537563e-01,-2.563674485622926408e-02,1.130423679598639453e+01,2.297524175424104850e-02,2.786134188532644884e-02,2.437479633451793831e-02,2.281508458354061450e-02,1.579166323047401510e-01,1.738997043148008681e-01,1.626553403012634125e-01,1.573652624553970869e-01
9.375000000000000000e-01,2.865922573926361558e-02,5.997736659078495292e-02,7.887168021397025774e-02,4.660162081650690014e-02,2.340364650016349135e-01,4.021106951986640893e-02,8.495048561795086328e-02,2.877416884451941548e-01,9.212432242379172687e-01,-2.533545175019829079e-02,1.130902204684145218e+01,2.297181063641898918e-02,2.786856109148343197e-02,2.437961839051124707e-02,2.280868983044057052e-02,1.579103006790824326e-01,1.739282469228793093e-01,1.626770537896232716e-01,1.573486482665821806e-01
9.400000000000000577e-01,2.864514286364575057e-02,5.998859941755743663e-02,7.887419267507587983e-02,4.668055329661767450e-02,2.344013189249913032e-01,4.079704039543891048e-02,8.492390412698846980e-02,2.882698628950719488e-01,9.211802622981022370e-01,-2.503408808514056075e-02,1.131381873016752238e+01,2.296836056326415076e-02,2.787573875331929296e-02,2.438444103653739092e-02,2.280226955209984849e-02,1.579038382010118646e-01,1.739565880390349373e-01,1.626987028259782031e-01,1.573318776334097224e-01
9.425000000000000044e-01,2.863113066163593123e-02,5.999946958557399873e-02,7.887653643923958624e-02,4.676094507687008489e-02,2.347656512365983994e-01,4.138314965182202793e-02,8.489712825129965001e-02,2.887974388712243878e-01,9.211180538588653599e-01,-2.473265077155635192e-02,1.131862685158065318e+01,2.296489158215057197e-02,2.788287484449200257e-02,2.438926428496915669e-02,2.279582381800009799e-02,1.578972449909490650e-01,1.739847275526551773e-01,1.627202873956798967e-01,1.573149507396303104e-01
9.450000000000000622e-01,2.861718823441095072e-02,6.000997631262325327e-02,7.887871141897212501e-02,4.684278690234944253e-02,2.351294633974213011e-01,4.196940081044768511e-02,8.487015831390701259e-02,2.893244181183938779e-01,9.210565991082040327e-01,-2.443113670630235948e-02,1.132344641676680830e+01,2.296140374037977314e-02,2.788996933859318184e-02,2.439408814816435012e-02,2.278935269754285217e-02,1.578905211687797461e-01,1.740126653524481926e-01,1.627418074835517425e-01,1.572978677685052951e-01
9.475000000000000089e-01,2.860331468736563090e-02,6.002011882816803839e-02,7.888071753087368132e-02,4.692606931078011773e-02,2.354927569016870836e-01,4.255579742334592019e-02,8.484299464398541157e-02,2.898508022938257045e-01,9.209958982418905427e-01,-2.412954277282171670e-02,1.132827743148182797e+01,2.295789708517862945e-02,2.789702220914595451e-02,2.439891263846542119e-02,2.278285626005411776e-02,1.578836668538445565e-01,1.740404013264331418e-01,1.627632630738843067e-01,1.572806289028201021e-01
9.500000000000000666e-01,2.858950913027517166e-02,6.002989637342486667e-02,7.888255469567767575e-02,4.701078263322087947e-02,2.358555332773447921e-01,4.314234307274584374e-02,8.481563757691325256e-02,2.903765929681776936e-01,9.209359514635048205e-01,-2.382786584137894931e-02,1.133311990155139526e+01,2.295437166369724072e-02,2.790403342960282376e-02,2.440373776819907206e-02,2.277633457478890275e-02,1.578766821649293106e-01,1.740679353619306313e-01,1.627846541504307243e-01,1.572632343248978881e-01
9.525000000000000133e-01,2.857577067745852017e-02,6.003930820144298686e-02,7.888422283829371606e-02,4.709691699477167731e-02,2.362177940865264891e-01,4.372904137065918018e-02,8.478808745432257765e-02,2.909017916264405312e-01,9.208767589844674140e-01,-2.352610276929889555e-02,1.133797383287099869e+01,2.295082752300674905e-02,2.791100297334358354e-02,2.440856354967587544e-02,2.276978771093568499e-02,1.578695672202547751e-01,1.740952673455533062e-01,1.628059806964022860e-01,1.572456842166127244e-01
9.550000000000000711e-01,2.856209844794228500e-02,6.004835357718207173e-02,7.888572188784988282e-02,4.718446231529136586e-02,2.365795409260033066e-01,4.431589595844786372e-02,8.476034462414841486e-02,2.914263996688624125e-01,9.208183210240715733e-01,-2.322425040121047640e-02,1.134283923140594474e+01,2.294726471009716010e-02,2.791793081367326818e-02,2.441338999518987904e-02,2.276321573762081843e-02,1.578623221374667873e-01,1.741223971631965517e-01,1.628272426944639972e-01,1.572279787594029477e-01
9.575000000000000178e-01,2.854849156562556944e-02,6.005703177758960065e-02,7.888705177773451538e-02,4.727340831012873806e-02,2.369407754276408318e-01,4.490291050637493231e-02,8.473240944067728098e-02,2.919504184118860146e-01,9.207606378095146704e-01,-2.292230556929485824e-02,1.134771610319132229e+01,2.294368327187512949e-02,2.792481692382011924e-02,2.441821711701821704e-02,2.275661872391288379e-02,1.578549470336262084e-01,1.741493247000295563e-01,1.628484401267301929e-01,1.572101181342840104e-01
9.599999999999999645e-01,2.853494915944558910e-02,6.006534209167724292e-02,7.888821244563659629e-02,4.736374449086577787e-02,2.373014992588518557e-01,4.549008871314069724e-02,8.470428226459386645e-02,2.924738490890896880e-01,9.207037095759285084e-01,-2.262026509353798343e-02,1.135260445433202214e+01,2.294008325516172855e-02,2.793166127693359757e-02,2.442304492742071106e-02,2.274999673882696638e-02,1.578474420251987642e-01,1.741760498404863744e-01,1.628695729747603183e-01,1.571921025218617207e-01
9.625000000000000222e-01,2.852147036354357734e-02,6.007328382059683169e-02,7.888920383358662136e-02,4.745546016607526257e-02,2.376617141230473740e-01,4.607743430540088558e-02,8.467596346302821986e-02,2.929966928521365865e-01,9.206475365664100741e-01,-2.231812578198780553e-02,1.135750429100273529e+01,2.293646470669019957e-02,2.793846384608243694e-02,2.442787343863946428e-02,2.274334985132889231e-02,1.578398072280451092e-01,1.742025724682571830e-01,1.628906412195544329e-01,1.571739321023447600e-01
9.649999999999999689e-01,2.850805431743187388e-02,6.008085627771545673e-02,7.889002588799551297e-02,4.754854444209243025e-02,2.380214217600846172e-01,4.666495103727105742e-02,8.464745340960068420e-02,2.935189507717298474e-01,9.205921190320512926e-01,-2.201588443101598278e-02,1.136241561944796707e+01,2.293282767310367287e-02,2.794522460425270804e-02,2.443270266289846934e-02,2.273667813033938140e-02,1.578320427574106399e-01,1.742288924662798444e-01,1.629116448415492691e-01,1.571556070555574502e-01
9.675000000000000266e-01,2.849470016616131168e-02,6.008805878869041134e-02,7.889067855969367216e-02,4.764298622380237075e-02,2.383806239467131105e-01,4.725264268981491100e-02,8.461875248446631970e-02,2.940406238385745996e-01,9.205374572319673376e-01,-2.171353782558423443e-02,1.136733844598208698e+01,2.292917220095287700e-02,2.795194352434595200e-02,2.443753261240318858e-02,2.272998164473815155e-02,1.578241487279154476e-01,1.742550097167315515e-01,1.629325838206137911e-01,1.571371275609524110e-01
9.699999999999999734e-01,2.848140706048940540e-02,6.009489069154356350e-02,7.889116180396898992e-02,4.773877421544360511e-02,2.387393224970184025e-01,4.784051307051673252e-02,8.458986107435849389e-02,2.945617129643446352e-01,9.204835514333240543e-01,-2.141108273951481192e-02,1.137227277698932504e+01,2.292549833669382114e-02,2.795862057917733456e-02,2.444236329934015503e-02,2.272326046336795372e-02,1.578161252535443260e-01,1.742809241010208898e-01,1.629534581360454482e-01,1.571184937976228824e-01
9.725000000000000311e-01,2.846817415704876869e-02,6.010135133673558810e-02,7.889147558060413679e-02,4.783589692142813099e-02,2.390975192628626012e-01,4.842856601273989176e-02,8.456077957263088973e-02,2.950822189826547981e-01,9.204304019113674906e-01,-2.110851593576596602e-02,1.137721861892384112e+01,2.292180612668546016e-02,2.796525574147383855e-02,2.444719473587655609e-02,2.271651465503855133e-02,1.578079724476364742e-01,1.743066354997796219e-01,1.629742677665658446e-01,1.570997059443149102e-01
9.749999999999999778e-01,2.845500061851671814e-02,6.010744008723955395e-02,7.889161985391321408e-02,4.793434264718069576e-02,2.394552161343232732e-01,4.901680537516935748e-02,8.453150837929923611e-02,2.956021426500379801e-01,9.203780089494495442e-01,-2.080583416671214977e-02,1.138217597830976402e+01,2.291809561718734234e-02,2.797184898387251525e-02,2.445202693415981718e-02,2.270974428853062346e-02,1.577996904228755326e-01,1.743321437928551376e-01,1.629950126903168817e-01,1.570807641794396692e-01
9.775000000000000355e-01,2.844188561378462390e-02,6.011315631861481601e-02,7.889159459277746145e-02,4.803409949999575684e-02,2.398124150401295396e-01,4.960523504124050853e-02,8.450204790108112318e-02,2.961214846469268913e-01,9.203263728390534970e-01,-2.050303417442792681e-02,1.138714486174125007e+01,2.291436685435722584e-02,2.797840027891875317e-02,2.445685990631719237e-02,2.270294943259962631e-02,1.577912792912795070e-01,1.743574488593031546e-01,1.630156928848568720e-01,1.570616686810853979e-01
9.799999999999999822e-01,2.842882831812837408e-02,6.011849941908072037e-02,7.889139977068064524e-02,4.813515538991530035e-02,2.401691179480940075e-01,5.019385891855312337e-02,8.447239855143565124e-02,2.966402455786394388e-01,9.202754938798201056e-01,-2.020011269097746892e-02,1.139212527588255774e+01,2.291061988424868828e-02,2.798490959906460573e-02,2.446169366445533067e-02,2.269613015597956793e-02,1.577827391641905275e-01,1.743825505773801410e-01,1.630363083271565983e-01,1.570424196270292783e-01
9.825000000000000400e-01,2.841582791337901592e-02,6.012346878959006630e-02,7.889103536574340603e-02,4.823749803062706704e-02,2.405253268655448973e-01,5.078268093827148499e-02,8.444256075060119215e-02,2.971584259763676017e-01,9.202253723795725815e-01,-1.989706643870788744e-02,1.139711722746810274e+01,2.290685475280870853e-02,2.799137691666717109e-02,2.446652822065985972e-02,2.268928652738673099e-02,1.577740701522649114e-01,1.744074488245365151e-01,1.630568589935957047e-01,1.570230171947492037e-01
9.849999999999999867e-01,2.840288358809377189e-02,6.012806384390301240e-02,7.889050136075674569e-02,4.834111494038550311e-02,2.408810438397523679e-01,5.137170505451060104e-02,8.441253492563248473e-02,2.976760262981709149e-01,9.201760086543397943e-01,-1.959389213054749806e-02,1.140212072330256454e+01,2.290307150587523460e-02,2.799780220398699268e-02,2.447136358699496597e-02,2.268241861552333649e-02,1.577652723654628664e-01,1.744321434774096791e-01,1.630773448599587006e-01,1.570034615614353812e-01
9.875000000000000444e-01,2.838999453772769396e-02,6.013228400866126727e-02,7.888979774321522309e-02,4.844599344295483917e-02,2.412362709583536213e-01,5.196093524370844208e-02,8.438232151043675855e-02,2.981930469299701181e-01,9.201274030283801419e-01,-1.929058647030846424e-02,1.140713577026095393e+01,2.289927018917472731e-02,2.800418543318653267e-02,2.447619977550295409e-02,2.267552648908112423e-02,1.577563459130385537e-01,1.744566344118174406e-01,1.630977659014316294e-01,1.569837529040018498e-01
9.899999999999999911e-01,2.837715996480544289e-02,6.013612872346182220e-02,7.888892450534901180e-02,4.855212066857741288e-02,2.415910103497756201e-01,5.255037550398579393e-02,8.435192094580830358e-02,2.987094881865466345e-01,9.200795558342026448e-01,-1.898714615299430808e-02,1.141216237528873023e+01,2.289545084831969002e-02,2.801052657632867315e-02,2.448103679820382711e-02,2.266861021674489857e-02,1.577472909035300130e-01,1.744809215027518512e-01,1.631181220925982944e-01,1.569638913990978601e-01
9.925000000000000488e-01,2.836437907909343872e-02,6.013959744093222426e-02,7.888788164415537485e-02,4.865948355496640260e-02,2.419452641836521145e-01,5.314002985449249594e-02,8.432133367946231806e-02,2.992253503125415492e-01,9.200324674125905933e-01,-1.868356786511146672e-02,1.141720054540188478e+01,2.289161352880617409e-02,2.801682560537528677e-02,2.448587466709484586e-02,2.266166986719598056e-02,1.577381074447489484e-01,1.745050046243728503e-01,1.631384134074367886e-01,1.569438772231190882e-01
9.949999999999999956e-01,2.835165109777253167e-02,6.014268962680550945e-02,7.888666916142925145e-02,4.876806884832584482e-02,2.422990346712416976e-01,5.372990233474077282e-02,8.429056016606722990e-02,2.997406334834572528e-01,9.199861381126208659e-01,-1.837984828498585160e-02,1.142225028768709016e+01,2.288775827601127397e-02,2.802308249218582806e-02,2.449071339415009874e-02,2.265470550911561493e-02,1.577287956437707084e-01,1.745288836500025753e-01,1.631586398193160259e-01,1.569237105522185982e-01
9.975000000000000533e-01,2.833897524561069733e-02,6.014540475999560071e-02,7.888528706379362154e-02,4.887786310439751203e-02,2.426523240658389757e-01,5.431999700392627084e-02,8.425960086727653231e-02,3.002553378066613599e-01,9.199405682916840243e-01,-1.807598408308382781e-02,1.142731160930177658e+01,2.288388513519059447e-02,2.802929720851601164e-02,2.449555299132006453e-02,2.264771721118830766e-02,1.577193556069243774e-01,1.745525584521196716e-01,1.631788013009925487e-01,1.569033915623181119e-01
1.000000000000000000e+00,2.832635075513610309e-02,6.014774233267437820e-02,7.888373536272812181e-02,4.898885268953712124e-02,2.430051346631855458e-01,5.491031794023848445e-02,8.422845625175842676e-02,3.007694633223895742e-01,9.198957583155046303e-01,-1.777197192233751291e-02,1.143238451747430062e+01,2.287999415147570423e-02,2.803546972601650769e-02,2.450039347053116490e-02,2.264070504210510121e-02,1.577097874397824229e-01,1.745760289023539635e-01,1.631988978246070032e-01,1.568829204291185830e-01
1.002499999999999947e+00,2.831377686681023007e-02,6.014970185034829858e-02,7.888201407459789760e-02,4.910102378182026189e-02,2.433574688018753374e-01,5.550086924015684015e-02,8.419712679522536880e-02,3.012830100047511617e-01,9.198517085581583430e-01,-1.746780845847502664e-02,1.143746901950406958e+01,2.287608536987158214e-02,2.804160001623171028e-02,2.450523484368533414e-02,2.263366907056677327e-02,1.577000912471510641e-01,1.745992948714813753e-01,1.632189293616811143e-01,1.568622973281111332e-01
1.005000000000000115e+00,2.830125282920150503e-02,6.015128283193665187e-02,7.888012322068117810e-02,4.921436237217956949e-02,2.437093288637591781e-01,5.609165501773713536e-02,8.416561298046162931e-02,3.017959777627335360e-01,9.198084194020907933e-01,-1.716349034035460561e-02,1.144256512276167470e+01,2.287215883525402574e-02,2.804768805059856471e-02,2.451007712265956470e-02,2.262660936528699401e-02,1.576902671330599193e-01,1.746223562294190179e-01,1.632388958831144377e-01,1.568415224345873493e-01
1.007500000000000062e+00,2.828877789915855076e-02,6.015248480985049134e-02,7.887806282719615758e-02,4.932885426557413050e-02,2.440607172743440023e-01,5.668267940388659054e-02,8.413391529735028684e-02,3.023083664412072324e-01,9.197658912381333485e-01,-1.685901421030395336e-02,1.144767283468905994e+01,2.286821459236705600e-02,2.805373380044542259e-02,2.451492031930546656e-02,2.261952599499539307e-02,1.576803152007521525e-01,1.746452128452206931e-01,1.632587973591813901e-01,1.568205959236501079e-01
1.010000000000000009e+00,2.827635134198422037e-02,6.015330733007266673e-02,7.887583292532719670e-02,4.944448508219251304e-02,2.444116365031901161e-01,5.727394654562812520e-02,8.410203424289829088e-02,3.028201758219291051e-01,9.197241244655192105e-01,-1.655437670446350401e-02,1.145279216279968537e+01,2.286425268582030837e-02,2.805973723699098366e-02,2.451976444544881617e-02,2.261241902844059182e-02,1.576702355526745924e-01,1.746678645870725355e-01,1.632786337595282244e-01,1.567995179702236508e-01
1.012499999999999956e+00,2.826397243160900380e-02,6.015374995223887050e-02,7.887343355125020494e-02,4.956124025869065863e-02,2.447620890643046332e-01,5.786546060535362190e-02,8.406997032126108105e-02,3.033314056245466905e-01,9.196831194918988484e-01,-1.624957445313420651e-02,1.145792311467867464e+01,2.286027316008638899e-02,2.806569833134327230e-02,2.452460951288911589e-02,2.260528853439313854e-02,1.576600282904676298e-01,1.746903113222890713e-01,1.632984050531701425e-01,1.567782887490639099e-01
1.015000000000000124e+00,2.825164045076502400e-02,6.015381224972032176e-02,7.887086474615725984e-02,4.967910504946541905e-02,2.451120775165316901e-01,5.845722576006817661e-02,8.403772404376534666e-02,3.038420555075993512e-01,9.196428767333543197e-01,-1.594460408113012803e-02,1.146306569798300856e+01,2.285627605949824143e-02,2.807161705449867650e-02,2.452945553339912904e-02,2.259813458164841235e-02,1.576496935149553635e-01,1.747125529173092495e-01,1.633181112084885478e-01,1.567569084347686104e-01
1.017500000000000071e+00,2.823935469115978689e-02,6.015349380970709536e-02,7.886812655628037960e-02,4.979806452796565336e-02,2.454616044639385819e-01,5.904924620062439872e-02,8.400529592893100916e-02,3.043521250695180869e-01,9.196033966144110394e-01,-1.563946220813485291e-02,1.146821992044170457e+01,2.285226142824647519e-02,2.807749337734105621e-02,2.453430251872443929e-02,2.259095723902944386e-02,1.576392313261358313e-01,1.747345892376933330e-01,1.633377521932282972e-01,1.567353772017872071e-01
1.020000000000000018e+00,2.822711445364988261e-02,6.015279423329340097e-02,7.886521903291469904e-02,4.991810358804099623e-02,2.458106725561996775e-01,5.964152613094646921e-02,8.397268650249162247e-02,3.048616138496237360e-01,9.195646795680521013e-01,-1.533414544906277002e-02,1.147338578985601387e+01,2.284822931037668384e-02,2.808332727064088638e-02,2.453915048058298576e-02,2.258375657538966991e-02,1.576286418231709063e-01,1.747564201481193458e-01,1.633573279744949813e-01,1.567136952244308212e-01
1.022499999999999964e+00,2.821491904841486736e-02,6.015171313556430532e-02,7.886214223244061849e-02,5.003920694533122576e-02,2.461592844889758380e-01,6.023406976724707956e-02,8.393989629741357983e-02,3.053705213291220688e-01,9.195267260357289363e-01,-1.502865041442447668e-02,1.147856331409960084e+01,2.284417974978675270e-02,2.808911870505448327e-02,2.454399943066461198e-02,2.257653265961564668e-02,1.576179251043766383e-01,1.747780455123803256e-01,1.633768385187524819e-01,1.566918626768817879e-01
1.024999999999999911e+00,2.820276779513086057e-02,6.015025014568372436e-02,7.885889621634556423e-02,5.016135913869480129e-02,2.465074430042910880e-01,6.082688133723388596e-02,8.390692585391434921e-02,3.058788469320954384e-01,9.194895364673711935e-01,-1.472297371069645165e-02,1.148375250111876866e+01,2.284011279022415269e-02,2.809486765112327936e-02,2.454884938063061142e-02,2.256928556062967259e-02,1.576070812672134280e-01,1.747994651933817423e-01,1.633962837918205013e-01,1.566698797332036208e-01
1.027500000000000080e+00,2.819066002314382299e-02,6.014840490698427494e-02,7.885548105124429163e-02,5.028454453168062360e-02,2.468551508909045122e-01,6.141996507930948951e-02,8.387377571947898791e-02,3.063865900264921005e-01,9.194531113213975093e-01,-1.441711194069516741e-02,1.148895335893266534e+01,2.283602847528320642e-02,2.810057407927315717e-02,2.455370034211326255e-02,2.256201534739236611e-02,1.575961104082762299e-01,1.748206790531391386e-01,1.634156637588721483e-01,1.566477465673501157e-01
1.030000000000000027e+00,2.817859507164335170e-02,6.014617707705902094e-02,7.885189680889920227e-02,5.040874731404163672e-02,2.472024109846798212e-01,6.201332524176289551e-02,8.384044644887558850e-02,3.068937499251088163e-01,9.194174510647232790e-01,-1.411106170395541592e-02,1.149416589563349866e+01,2.283192684840235076e-02,2.810623795981385606e-02,2.455855232671537089e-02,2.255472208890518110e-02,1.575850126232848647e-01,1.748416869527761042e-01,1.634349783844316895e-01,1.566254633531750651e-01
1.032499999999999973e+00,2.816657228983543773e-02,6.014356632785460011e-02,7.884814356623923159e-02,5.053395150329337282e-02,2.475492261689508922e-01,6.260696608195355506e-02,8.380693860416942031e-02,3.074003258865733446e-01,9.193825561727697604e-01,-1.380481959711262439e-02,1.149939011938677069e+01,2.282780795286138212e-02,2.811185926293842050e-02,2.456340534600980757e-02,2.254740585421285276e-02,1.575737880070741670e-01,1.748624887525224991e-01,1.634542276323723564e-01,1.566030302644413619e-01
1.034999999999999920e+00,2.815459103711569558e-02,6.014057234576679345e-02,7.884422140537825086e-02,5.066014094631656611e-02,2.478955993748834519e-01,6.320089186548918936e-02,8.377325275473590516e-02,3.079063171163176627e-01,9.193484271294682930e-01,-1.349838221428962572e-02,1.150462603843151221e+01,2.282367183177869130e-02,2.811743795872273521e-02,2.456825941153904444e-02,2.254006671240578810e-02,1.575624366535846865e-01,1.748830843117132605e-01,1.634734114659142645e-01,1.565804474748302977e-01
1.037500000000000089e+00,2.814265068324190919e-02,6.013719483173752406e-02,7.884013041363256702e-02,5.078729932100706917e-02,2.482415335818332625e-01,6.379510686539612008e-02,8.373938947727165016e-02,3.084117227675481354e-01,9.193150644272684024e-01,-1.319174614748755414e-02,1.150987366108052257e+01,2.281951852810847753e-02,2.812297401712510539e-02,2.457311453481469260e-02,2.253270473262238699e-02,1.575509586558527519e-01,1.749034734887869313e-01,1.634925298476224698e-01,1.565577151579505555e-01
1.040000000000000036e+00,2.813075060850647388e-02,6.013343350135443022e-02,7.883587068353772875e-02,5.091541013797203086e-02,2.485870318177005045e-01,6.438961536128456897e-02,8.370534935580531410e-02,3.089165419422092440e-01,9.192824685671423524e-01,-1.288490798698056425e-02,1.151513299572061300e+01,2.281534808463794514e-02,2.812846740798590275e-02,2.457797072731704099e-02,2.252531998405131117e-02,1.575393541060009506e-01,1.749236561412851609e-01,1.635115827394049426e-01,1.565348334873470915e-01
1.042499999999999982e+00,2.811889020390847746e-02,6.012928808495177080e-02,7.883144231286433323e-02,5.104445674227460483e-02,2.489320971592805243e-01,6.498442163850738640e-02,8.367113298170575364e-02,3.094207736919394325e-01,9.192506400585876980e-01,-1.257786432171486592e-02,1.152040405081288021e+01,2.281116054398450721e-02,2.813391810102728804e-02,2.458282800049458108e-02,2.251791253593368736e-02,1.575276230952288303e-01,1.749436321258520111e-01,1.635305701025108749e-01,1.565118026365102111e-01
1.044999999999999929e+00,2.810706887132540313e-02,6.012475832771446010e-02,7.882684540463304190e-02,5.117442231522770918e-02,2.492767327326109728e-01,6.557952998731471361e-02,8.363674095368976713e-02,3.099244170190229575e-01,9.192195794196311720e-01,-1.227061173971148896e-02,1.152568683489294088e+01,2.280695594859294753e-02,2.813932606585298896e-02,2.458768636576355235e-02,2.251048245756526178e-02,1.575157657138031575e-01,1.749634012982339559e-01,1.635494918975289869e-01,1.564886227788841178e-01
1.047500000000000098e+00,2.809528602368438835e-02,6.011984398978350436e-02,7.882208006712905501e-02,5.130528987623797499e-02,2.496209417133148645e-01,6.617494470200215029e-02,8.360217387782838128e-02,3.104274708773297475e-01,9.191892871768304607e-01,-1.196314682847335331e-02,1.153098135657122825e+01,2.280273434073259303e-02,2.814469127194813361e-02,2.459254583450746698e-02,2.250302981829847143e-02,1.575037820510486186e-01,1.749829635132797712e-01,1.635683480843858895e-01,1.564652940878756560e-01
1.050000000000000044e+00,2.808354108513320610e-02,6.011454484636393619e-02,7.881714641391542042e-02,5.143704228470016154e-02,2.499647273269400560e-01,6.677067008005614646e-02,8.356743236755134752e-02,3.109299341732514876e-01,9.191597638652740931e-01,-1.165546617539588679e-02,1.153628762453325862e+01,2.279849576249446882e-02,2.815001368867917769e-02,2.459740641807664149e-02,2.249555468754448409e-02,1.574916721953384668e-01,1.750023186249412832e-01,1.635871386223445578e-01,1.564418167368629431e-01
1.052499999999999991e+00,2.807183349121060434e-02,6.010886068783541369e-02,7.881204456384577339e-02,5.156966224194354381e-02,2.503080928492944501e-01,6.736671042129485643e-02,8.353251704365072250e-02,3.114318057666257689e-01,9.191310100285822182e-01,-1.134756636818165347e-02,1.154160564753989782e+01,2.279424025578842897e-02,2.815529328529385936e-02,2.460226812778773184e-02,2.248805713477515858e-02,1.574794362340851961e-01,1.750214664862738689e-01,1.636058634700030823e-01,1.564181908992036407e-01
1.054999999999999938e+00,2.806016268901620828e-02,6.010279131986438067e-02,7.880677464107595231e-02,5.170313229323111881e-02,2.506510416067787017e-01,6.796307002700534283e-02,8.349742853428278322e-02,3.119330844716526885e-01,9.191030262189048283e-01,-1.103944399525859203e-02,1.154693543442768089e+01,2.278996786234028377e-02,2.816053003092125473e-02,2.460713097492326501e-02,2.248053722952496683e-02,1.574670742537311874e-01,1.750404069494377046e-01,1.636245225852931695e-01,1.563944167482435588e-01
1.057500000000000107e+00,2.804852813738010348e-02,6.009633656351952291e-02,7.880133677507508705e-02,5.183743482981103406e-02,2.509935769767133729e-01,6.855975319907779697e-02,8.346216747496860988e-02,3.124337690577993487e-01,9.190758129969196499e-01,-1.073109564620229259e-02,1.155227699410908748e+01,2.278567862368892361e-02,2.816572389457188200e-02,2.461199497073116721e-02,2.247299504139283616e-02,1.574545863397396328e-01,1.750591398656990705e-01,1.636431159254790879e-01,1.563704944573247879e-01
1.060000000000000053e+00,2.803692930703130873e-02,6.008949625538888978e-02,7.879573110063559094e-02,5.197255209102309009e-02,2.513357023876633956e-01,6.915676423913744153e-02,8.342673450859335038e-02,3.129338582506959732e-01,9.190493709318285909e-01,-1.042251791216158505e-02,1.155763033557284558e+01,2.278137258118341849e-02,2.817087484513787141e-02,2.461686012642429547e-02,2.246543064004395338e-02,1.574419725765852374e-01,1.750776650854321825e-01,1.636616434471566683e-01,1.563464241997939153e-01
1.062500000000000000e+00,2.802536568076616566e-02,6.008227024769987462e-02,7.878995775788256994e-02,5.210846616645859603e-02,2.516774213197576771e-01,6.975410744767412963e-02,8.339113028540419414e-02,3.134333507330198665e-01,9.190237006013524113e-01,-1.011370738628791788e-02,1.156299546788423882e+01,2.277704977598010369e-02,2.817598285139321160e-02,2.462172645317996234e-02,2.245784409521150993e-02,1.574292330477453095e-01,1.750959824581212743e-01,1.636801051062522494e-01,1.563222061490102677e-01
1.064999999999999947e+00,2.801383675361604486e-02,6.007465840844137400e-02,7.878401689228216320e-02,5.224515899817629150e-02,2.520187373050065127e-01,7.035178712316970950e-02,8.335535546300662513e-02,3.139322451453658291e-01,9.189988025917272818e-01,-9.804660664168216716e-03,1.156837240018544932e+01,2.277271024903967586e-02,2.818104788199405839e-02,2.462659396213947444e-02,2.245023547669838804e-02,1.574163678356905460e-01,1.751140918323628171e-01,1.636985008580216783e-01,1.562978404783537667e-01
1.067500000000000115e+00,2.800234203301397301e-02,6.006666062148857677e-02,7.877790865464895376e-02,5.238261238297344663e-02,2.523596539276131701e-01,7.094980756122507004e-02,8.331941070635946744e-02,3.144305400871070244e-01,9.189746774976967902e-01,-9.495374344261082317e-03,1.157376114169582415e+01,2.276835404112425437e-02,2.818606990547910598e-02,2.463146266440766063e-02,2.244260485437878788e-02,1.574033770218760953e-01,1.751319930558684623e-01,1.637168306570498388e-01,1.562733273612329499e-01
1.070000000000000062e+00,2.799088103896094776e-02,6.005827678673023029e-02,7.877163320115296297e-02,5.252080797471243151e-02,2.527001748242829748e-01,7.154817305368570135e-02,8.328329668776862649e-02,3.149282341172391919e-01,9.189513259225033925e-01,-9.185845028336553364e-03,1.157916170171225190e+01,2.276398119279444618e-02,2.819104889027003458e-02,2.463633257105239324e-02,2.243495229819981659e-02,1.573902606867328413e-01,1.751496859754679558e-01,1.637350944572498468e-01,1.562486669710929921e-01
1.072500000000000009e+00,2.797945330419134707e-02,6.004950682019816882e-02,7.876519069332509060e-02,5.265972728670476749e-02,2.530403036845268461e-01,7.214688788776651984e-02,8.324701408687895654e-02,3.154253257552135925e-01,9.189287484778809745e-01,-8.876069321919132296e-03,1.158457408960947532e+01,2.275959174440639679e-02,2.819598480467201337e-02,2.464120369310413006e-02,2.242727787818301136e-02,1.573770189096583005e-01,1.751671704371125238e-01,1.637532922118626888e-01,1.562238594814233383e-01
1.074999999999999956e+00,2.796805837433761349e-02,6.004035065419932593e-02,7.875858129806241614e-02,5.279935169415086310e-02,2.533800442509634432e-01,7.274595634517815046e-02,8.321056359066547614e-02,3.159218134817523005e-01,9.189069457840446375e-01,-8.566043834733871182e-03,1.158999831484042708e+01,2.275518573610883083e-02,2.820087761687429390e-02,2.464607604155543558e-02,2.241958166442582084e-02,1.573636517690080450e-01,1.751844462858787588e-01,1.637714238734565286e-01,1.561989050657655587e-01
1.077500000000000124e+00,2.795669580809396343e-02,6.003080823745054334e-02,7.875180518763205684e-02,5.293966243663759258e-02,2.537194003196149850e-01,7.334538270125187664e-02,8.317394589342219646e-02,3.164176957396511725e-01,9.188859184696795968e-01,-8.255765181155861124e-03,1.159543438693658146e+01,2.275076320784008913e-02,2.820572729495083794e-02,2.465094962736051262e-02,2.241186372710303118e-02,1.573501593420868760e-01,1.752015133659723112e-01,1.637894893939267349e-01,1.561738038977210086e-01
1.080000000000000071e+00,2.794536517737953446e-02,6.002087953521506591e-02,7.874486253967431792e-02,5.308064062069240557e-02,2.540583757402000153e-01,7.394517122406679688e-02,8.313716169675042234e-02,3.169129709345637202e-01,9.188656671719284130e-01,-7.945229980662594366e-03,1.160088231550830784e+01,2.274632419932514152e-02,2.821053380686104270e-02,2.465582446143474091e-02,2.240412413646813636e-02,1.573365417051402759e-01,1.752183715207326908e-01,1.638074887244954925e-01,1.561485561509583508e-01
1.082500000000000018e+00,2.793406606750039461e-02,6.001056452944199954e-02,7.873775353720517678e-02,5.322226722239476598e-02,2.543969744164227831e-01,7.454532617357770286e-02,8.310021170954497161e-02,3.174076374357693853e-01,9.188461925363782257e-01,-7.634434858289363031e-03,1.160634211024520113e+01,2.274186875007261355e-02,2.821529712045051791e-02,2.466070055465419478e-02,2.239636296285467398e-02,1.573227989333458587e-01,1.752350205926376803e-01,1.638254218157118303e-01,1.561231619992214381e-01
1.084999999999999964e+00,2.792279807731061839e-02,5.999986321890790619e-02,7.873047836861754578e-02,5.336452309004564853e-02,2.547352003062575698e-01,7.514585180074562221e-02,8.306309664797922876e-02,3.179016935769237162e-01,9.188274952170463195e-01,-7.323376445087704904e-03,1.161181378091648320e+01,2.273739689937178537e-02,2.822001720345193587e-02,2.466557791785518525e-02,2.238858027667750203e-02,1.573089311008047386e-01,1.752514604233085527e-01,1.638432886174517600e-01,1.560976216163363905e-01
1.087500000000000133e+00,2.791156081937267233e-02,5.998877561936050151e-02,7.872303722768170253e-02,5.350738894689326813e-02,2.550730574222299096e-01,7.574675234666926327e-02,8.302581723548882464e-02,3.183951376567905611e-01,9.188095758763644705e-01,-7.012051378586266551e-03,1.161729733737133330e+01,2.273290868628958725e-02,2.822469402348594739e-02,2.467045656183379163e-02,2.238077614843403396e-02,1.572949382805333418e-01,1.752676908535153733e-01,1.638610890789182206e-01,1.560719351762194507e-01
1.090000000000000080e+00,2.790035392011644064e-02,5.997730176366477400e-02,7.871543031354506781e-02,5.365084539391695023e-02,2.554105498316934786e-01,7.634803204172023461e-02,8.298837420275356758e-02,3.188879679399537759e-01,9.187924351851612936e-01,-6.700456303254921642e-03,1.162279278953928241e+01,2.272840414966759842e-02,2.822932754806216013e-02,2.467533649734538967e-02,2.237295064870543221e-02,1.572808205444549690e-01,1.752837117231828001e-01,1.638788231486417168e-01,1.560461028528842276e-01
1.092500000000000027e+00,2.788917701999754986e-02,5.996544170195113044e-02,7.870765783073067900e-02,5.379487291266737969e-02,2.557476816571029321e-01,7.694969510468062379e-02,8.295076828767826427e-02,3.193801826575090042e-01,9.187760738226460333e-01,-6.388587870971016922e-03,1.162830014743057738e+01,2.272388332811901487e-02,2.823391774458019685e-02,2.468021773510418668e-02,2.236510384815774966e-02,1.572665779633914684e-01,1.752995228713960241e-01,1.638964907744804578e-01,1.560201248204491076e-01
1.094999999999999973e+00,2.787802977365441692e-02,5.995319550176550494e-02,7.869971998913517786e-02,5.393945186816401921e-02,2.560844570762829675e-01,7.755174574188515579e-02,8.291300023537202801e-02,3.198717800077356954e-01,9.187604924763880243e-01,-6.076442741488450976e-03,1.163381942113655931e+01,2.271934626002563781e-02,2.823846458033080903e-02,2.468510028578276352e-02,2.235723581754303288e-02,1.572522106070551595e-01,1.753151241364073187e-01,1.639140919036209953e-01,1.559940012531446096e-01
1.097499999999999920e+00,2.786691185006417645e-02,5.994056324822163301e-02,7.869161700402534099e-02,5.408456251184920460e-02,2.564208803226931122e-01,7.815418814636532208e-02,8.287507079812592159e-02,3.203627581567462523e-01,9.187456918422967078e-01,-5.764017582908941353e-03,1.163935062083005789e+01,2.271479298353483445e-02,2.824296802249706001e-02,2.468998416001159588e-02,2.234934662770038383e-02,1.572377185440407832e-01,1.753305153556427021e-01,1.639316264825790015e-01,1.559677323253207681e-01
1.100000000000000089e+00,2.785582293269772691e-02,5.992754504415512967e-02,7.868334909603429128e-02,5.423018498459770270e-02,2.567569556856890700e-01,7.875702649700011548e-02,8.283698073538939277e-02,3.208531152391133623e-01,9.187316726246006482e-01,-5.451309072155900715e-03,1.164489375676578398e+01,2.271022353655649875e-02,2.824742803815557396e-02,2.469486936837860663e-02,2.234143634955698676e-02,1.572231018418173143e-01,1.753456963657089029e-01,1.639490944571999065e-01,1.559413182114543495e-01
1.102500000000000036e+00,2.784476271967323627e-02,5.991414101027905947e-02,7.867491649115636310e-02,5.437629931978243958e-02,2.570926875107796272e-01,7.936026495766980438e-02,8.279873081374523880e-02,3.213428493584733481e-01,9.187184355358244403e-01,-5.138313895450308776e-03,1.165044883928070796e+01,2.270563795676000529e-02,2.825184459427785774e-02,2.469975592142869408e-02,2.233350505412908318e-02,1.572083605667202733e-01,1.753606670024009939e-01,1.639664957726599259e-01,1.559147590861561794e-01
1.104999999999999982e+00,2.783373092390868664e-02,5.990035128534165060e-02,7.866631942074088502e-02,5.452288544639512236e-02,2.574280801998783952e-01,7.996390767641617381e-02,8.276032180688276674e-02,3.218319585881050382e-01,9.187059812967655059e-01,-4.825028748788683271e-03,1.165601587879448253e+01,2.270103628157115611e-02,2.825621765773167135e-02,2.470464382966327394e-02,2.232555281252292245e-02,1.571934947839436214e-01,1.753754271007097743e-01,1.639838303734669767e-01,1.558880551241783596e-01
1.107499999999999929e+00,2.782272727327324627e-02,5.988617602628498043e-02,7.865755812148571280e-02,5.466992319222143543e-02,2.577631382115552205e-01,8.056795878460638882e-02,8.272175449557032934e-02,3.223204409714865992e-01,9.186943106364676703e-01,-4.511450338423027631e-03,1.166159488580982284e+01,2.269641854816913107e-02,2.826054719528249201e-02,2.470953310353981788e-02,2.231757969593566732e-02,1.571785045575323225e-01,1.753899764948302908e-01,1.640010982034620923e-01,1.558612065004216785e-01
1.110000000000000098e+00,2.781175151073696575e-02,5.987161540840554158e-02,7.864863283542904149e-02,5.481739228706994371e-02,2.580978660612788245e-01,8.117242239610575338e-02,8.268302966762554329e-02,3.228082945228227807e-01,9.186834242921962934e-01,-4.197575381342926251e-03,1.166718587091292036e+01,2.269178479348341049e-02,2.826483317359500952e-02,2.471442375347139911e-02,2.230958577565627515e-02,1.571633899503743492e-01,1.754043150181698318e-01,1.640182992058204225e-01,1.558342133899426607e-01
1.112500000000000044e+00,2.780080339451950974e-02,5.985666962551561276e-02,7.863954380994070403e-02,5.496527236605369682e-02,2.584322683216582206e-01,8.177730260645313387e-02,8.264414811788461934e-02,3.232955172275480127e-01,9.186733230094101810e-01,-3.883400605759266926e-03,1.167278884477386391e+01,2.268713505419071505e-02,2.826907555923471871e-02,2.471931578982623778e-02,2.230157112306633757e-02,1.571481510241934110e-01,1.754184425033569472e-01,1.640354333230529538e-01,1.558070759679608952e-01
1.114999999999999991e+00,2.778988269823753215e-02,5.984133889010600366e-02,7.863029129771238745e-02,5.511354297292488102e-02,2.587663496226802473e-01,8.238260349204636068e-02,8.260511064817011029e-02,3.237821070428028025e-01,9.186640075417333851e-01,-3.568922751589168052e-03,1.167840381814704465e+01,2.268246936671192843e-02,2.827327431866954663e-02,2.472420922292723616e-02,2.229353580964088533e-02,1.571327878395411826e-01,1.754323587822502750e-01,1.640525004970078415e-01,1.557797944098663345e-01
1.117499999999999938e+00,2.777898921105043106e-02,5.982562343350947276e-02,7.862087555674686368e-02,5.526218356345954930e-02,2.591001146519420484e-01,8.298832910933238993e-02,8.256591806725706306e-02,3.242680618978799334e-01,9.186554786509250059e-01,-3.254138570943225593e-03,1.168403080187156640e+01,2.267778776720902334e-02,2.827742941827156992e-02,2.472910406305153797e-02,2.228547990694917935e-02,1.571173004557901709e-01,1.754460636859481448e-01,1.640695006688721869e-01,1.557523688912264836e-01
1.120000000000000107e+00,2.776812273780480955e-02,5.980952350606508899e-02,7.861129685034626280e-02,5.541117350889345622e-02,2.594335681548788908e-01,8.359448349400655509e-02,8.252657119083826875e-02,3.247533796946445728e-01,9.186477371068475506e-01,-2.939044828613568416e-03,1.168966980687168267e+01,2.267309029158197028e-02,2.828154082431877381e-02,2.473400032043006694e-02,2.227740348665545669e-02,1.571016889311262488e-01,1.754595570447981256e-01,1.640864337791739236e-01,1.557247995877937830e-01
1.122500000000000053e+00,2.775728309917751754e-02,5.979303937728312757e-02,7.860155544709948594e-02,5.556049209940693012e-02,2.597667149349902060e-01,8.420107066021782771e-02,8.248707084148750035e-02,3.252380583079229615e-01,9.186407836874357358e-01,-2.623638302563337417e-03,1.169532084415720696e+01,2.266837697546565666e-02,2.828560850299688748e-02,2.473889800524708277e-02,2.226930662051965909e-02,1.570859533225415217e-01,1.754728386884072400e-01,1.641032997677836502e-01,1.556970866755127691e-01
1.125000000000000000e+00,2.774647013181707686e-02,5.977617133600980626e-02,7.859165162086845235e-02,5.571011854765733212e-02,2.600995598540587483e-01,8.480809459978390363e-02,8.244741784862176515e-02,3.257220955858620148e-01,9.186346191786620707e-01,-2.307915784417463503e-03,1.170098392482394623e+01,2.266364785422678510e-02,2.828963242040127141e-02,2.474379712763972658e-02,2.226118938039814074e-02,1.570700936858271946e-01,1.754859084456521778e-01,1.641200985739167673e-01,1.556692303305275693e-01
1.127499999999999947e+00,2.773568368848368729e-02,5.975891969059318742e-02,7.858158565077350000e-02,5.586003199235885924e-02,2.604321078323682537e-01,8.541555928141350562e-02,8.240761304846197510e-02,3.262054893502588371e-01,9.186292443745027736e-01,-1.991874079954307313e-03,1.170665906005412538e+01,2.265890296296079257e-02,2.829361254253887417e-02,2.474869769769759073e-02,2.225305183824434138e-02,1.570541100755665498e-01,1.754987661446900937e-01,1.641368301361357251e-01,1.556412307291891728e-01
1.130000000000000115e+00,2.772492363818753955e-02,5.974128476904781021e-02,7.857135782117766198e-02,5.601021150190782505e-02,2.607643638489146043e-01,8.602346864993778985e-02,8.236765728399243758e-02,3.266882373968560960e-01,9.186246600769010229e-01,-1.675510009598085628e-03,1.171234626111682786e+01,2.265414233648874176e-02,2.829754883533024817e-02,2.475359972546225390e-02,2.224489406610944200e-02,1.570380025451280637e-01,1.755114116129695423e-01,1.641534943923523004e-01,1.556130880480628420e-01
1.132500000000000062e+00,2.771418986632563641e-02,5.972326691921981540e-02,7.856096842167024918e-02,5.616063607805173163e-02,2.610963329416148837e-01,8.663182662555095337e-02,8.232755140491862522e-02,3.271703374956097532e-01,9.186208670957306532e-01,-1.358820408912279855e-03,1.171804553936840776e+01,2.264936600935421943e-02,2.830144126461162785e-02,2.475850322092686129e-02,2.223671613614301018e-02,1.570217711466585508e-01,1.755238446772419136e-01,1.641700912798300938e-01,1.555848024639355787e-01
1.135000000000000009e+00,2.770348227481679582e-02,5.970486650895139025e-02,7.855041774704916990e-02,5.631128465960169582e-02,2.614280202075104365e-01,8.724063710306027841e-02,8.228729626762422422e-02,3.276517873909187695e-01,9.186178662487567426e-01,-1.041802129093534566e-03,1.172375690625295697e+01,2.264457401582023813e-02,2.830528979613705295e-02,2.476340819403567012e-02,2.222851812059362109e-02,1.570054159310764474e-01,1.755360651635730074e-01,1.641866207351872498e-01,1.555563741538237010e-01
1.137499999999999956e+00,2.769280078223527661e-02,5.968608392624408926e-02,7.853970609730213936e-02,5.646213612618550953e-02,2.617594308029680961e-01,8.784990395114555817e-02,8.224689273512594823e-02,3.281325848018267211e-01,9.186156583615957549e-01,-7.244520374658697031e-04,1.172948037330271553e+01,2.263976638986612069e-02,2.830909439558057517e-02,2.476831465468361942e-02,2.222030009180945426e-02,1.569889369480653163e-01,1.755480728973550786e-01,1.642030826943990662e-01,1.555278032949803380e-01
1.140000000000000124e+00,2.768214532394229488e-02,5.966691957942144020e-02,7.852883377758738959e-02,5.661316930204134124e-02,2.620905699438739744e-01,8.845963101162862552e-02,8.220634167702789430e-02,3.286127274221858907e-01,9.186142442676764608e-01,-4.067670179753846258e-04,1.173521595213851576e+01,2.263494316518439506e-02,2.831285502853849931e-02,2.477322261271589637e-02,2.221206212223889379e-02,1.569723342460670468e-01,1.755598677033190225e-01,1.642194770928009362e-01,1.554990900649030339e-01
1.142500000000000071e+00,2.767151585221614210e-02,5.964737389729002359e-02,7.851780109821297760e-02,5.676436295984869235e-02,2.624214429058265297e-01,8.906982209875267953e-02,8.216564396947413640e-02,3.290922129207898283e-01,9.186136248081956390e-01,-8.874397168516650627e-05,1.174096365447023693e+01,2.263010437517768911e-02,2.831657166053169403e-02,2.477813207792750605e-02,2.220380428443110427e-02,1.569556078722757764e-01,1.755714494055469754e-01,1.642358038650914009e-01,1.554702346413414926e-01
1.145000000000000018e+00,2.766091233638024588e-02,5.962744732929908115e-02,7.850660837461516384e-02,5.691569582459606036e-02,2.627520550243224173e-01,8.968048099847289456e-02,8.212480049510008373e-02,3.295710389414681640e-01,9.186138008320755555e-01,2.296201827300017981e-04,1.174672349209723166e+01,2.262525005295560471e-02,2.832024425700796141e-02,2.478304306006283431e-02,2.219552665103660324e-02,1.569387578726313126e-01,1.755828178274853879e-01,1.642520629453352032e-01,1.554412372023054323e-01
1.147499999999999964e+00,2.765033476292953069e-02,5.960714034569818826e-02,7.849525592733574975e-02,5.706714657748392094e-02,2.630824116949398994e-01,9.029161146775763203e-02,8.208381214298253459e-02,3.300492031031496132e-01,9.186147731959193319e-01,5.483285084890862854e-04,1.175249547690876817e+01,2.262038023133161949e-02,2.832387278334445521e-02,2.478795556881523143e-02,2.218722929480781980e-02,1.569217842918131101e-01,1.755939727919579862e-01,1.642682542669667567e-01,1.554120979260723290e-01
1.150000000000000133e+00,2.763978313565493977e-02,5.958645343769269215e-02,7.848374408199876306e-02,5.721869385985982326e-02,2.634125183735174791e-01,9.090321723389922781e-02,8.204267980858877263e-02,3.305267029998866790e-01,9.186165427639652048e-01,8.673840502100904409e-04,1.175827962088448153e+01,2.261549494281995740e-02,2.832745720485015106e-02,2.479286961382658541e-02,2.217891228859965314e-02,1.569046871732340531e-01,1.756049141211794007e-01,1.642843777627933100e-01,1.553828169911954105e-01
1.152500000000000080e+00,2.762925747576597257e-02,5.956538711759669369e-02,7.847207316928572762e-02,5.737031627718503640e-02,2.637423805763275952e-01,9.151530199383781095e-02,8.200140439372392842e-02,3.310035362008461046e-01,9.186191104080391190e-01,1.186789833416559883e-03,1.176407593609481417e+01,2.261059421963248009e-02,2.833099748676838614e-02,2.479778520468689865e-02,2.217057570537002073e-02,1.568874665590344608e-01,1.756156416367689876e-01,1.643004333649987769e-01,1.553533945765117885e-01
1.155000000000000027e+00,2.761875782201128268e-02,5.954394191898330913e-02,7.846024352490993392e-02,5.752199240303051964e-02,2.640720038802462644e-01,9.212786941349614123e-02,8.195998680647754997e-02,3.314797002502624657e-01,9.186224770075060997e-01,1.506548864043938309e-03,1.176988443470144396e+01,2.260567809367557482e-02,2.833449359427944042e-02,2.480270235093387510e-02,2.216221961818041000e-02,1.568701224900763136e-01,1.756261551597650128e-01,1.643164210051472895e-01,1.553238308611505358e-01
1.157499999999999973e+00,2.760828423079744742e-02,5.952211839683180239e-02,7.844825548959023787e-02,5.767370078309981551e-02,2.644013939229192811e-01,9.274092312712450825e-02,8.191842796116871606e-02,3.319551926673557363e-01,9.186266434492210697e-01,1.826664127947418047e-03,1.177570512895775678e+01,2.260074659654702847e-02,2.833794549250316652e-02,2.480762106205250048e-02,2.215384410019642994e-02,1.568526550059373414e-01,1.756364545106388342e-01,1.643323406141870557e-01,1.552941260245409294e-01
1.159999999999999920e+00,2.759783677630547535e-02,5.949991712767091490e-02,7.843610940902308315e-02,5.782541993927738100e-02,2.647305564029219793e-01,9.335446673665995232e-02,8.187672877829019202e-02,3.324300109462112185e-01,9.186316106274784454e-01,2.147138590410194083e-03,1.178153803120925502e+01,2.259579975953291547e-02,2.834135314650168200e-02,2.481254134747463633e-02,2.214544922468835927e-02,1.568350641449053895e-01,1.756465395093097515e-01,1.643481921224543008e-01,1.552642802464209715e-01
1.162500000000000089e+00,2.758741555060555475e-02,5.947733870971911446e-02,7.842380563385437098e-02,5.797712837370038591e-02,2.650594970799157180e-01,9.396850381109504713e-02,8.183489018445139207e-02,3.329041525556242775e-01,9.186373794439596230e-01,2.467975195653086904e-03,1.178738315389403191e+01,2.259083761360448223e-02,2.834471652128210672e-02,2.481746321657861062e-02,2.213703506503170507e-02,1.568173499439728391e-01,1.756564099751599661e-01,1.643639754596774305e-01,1.552342937068457163e-01
1.165000000000000036e+00,2.757702066376946370e-02,5.945438376302002864e-02,7.841134451964956731e-02,5.812880457285150848e-02,2.653882217748003702e-01,9.458303788586019945e-02,8.179291311231985662e-02,3.333776149389076071e-01,9.186439508076787996e-01,2.789176866345543897e-03,1.179324050954318537e+01,2.258586018941503848e-02,2.834803558179934888e-02,2.482238667868881185e-02,2.212860169470775781e-02,1.567995124388311956e-01,1.756660657270498749e-01,1.643796905549813059e-01,1.552041665861961239e-01
1.167499999999999982e+00,2.756665224398108238e-02,5.943105292957383962e-02,7.839872642686332438e-02,5.828042701167059775e-02,2.657167363698602625e-01,9.519807246221859143e-02,8.175079850056225783e-02,3.338503955136600809e-01,9.186513256349304601e-01,3.110746503117936372e-03,1.179911011078126748e+01,2.258086751729683483e-02,2.835131029295894986e-02,2.482731174307528307e-02,2.212014918730417085e-02,1.567815516638656759e-01,1.756755065833335017e-01,1.643953373368914894e-01,1.551738990651875816e-01
1.169999999999999929e+00,2.755631043764454960e-02,5.940734687346348186e-02,7.838595172080800588e-02,5.843197415768365544e-02,2.660450468089067266e-01,9.581361100667212805e-02,8.170854729378385084e-02,3.343224916715015760e-01,9.186595048492322002e-01,3.432686984075611260e-03,1.180499197032673031e+01,2.257585962725795065e-02,2.835454061961995703e-02,2.483223841895332989e-02,2.211167761651552932e-02,1.567634676521500181e-01,1.756847323618744294e-01,1.644109157333388249e-01,1.551434913248790903e-01
1.172500000000000098e+00,2.754599540949031686e-02,5.938326628097615606e-02,7.837302077162099090e-02,5.858342447514651441e-02,2.663731590974167118e-01,9.642965695038160923e-02,8.166616044246709227e-02,3.347939007777694376e-01,9.186684893812678832e-01,3.755001164314894588e-03,1.181088610099234693e+01,2.257083654897918887e-02,2.835772652659786577e-02,2.483716671548312147e-02,2.210318705614394696e-02,1.567452604354412915e-01,1.756937428800619538e-01,1.644264256716641837e-01,1.551129435466821194e-01
1.175000000000000044e+00,2.753570734267908951e-02,5.935881186071884780e-02,7.835993395423156149e-02,5.873475642920053530e-02,2.667010793026642346e-01,9.704621368859737973e-02,8.162363890290927348e-02,3.352646201711775853e-01,9.186782801688302413e-01,4.077691875440794984e-03,1.181679251568567146e+01,2.256579831181096743e-02,2.836086797866759282e-02,2.484209664176930538e-02,2.209467758009966629e-02,1.567269300441749835e-01,1.757025379548272648e-01,1.644418670786230996e-01,1.550822559123699318e-01
1.177499999999999991e+00,2.752544643890324216e-02,5.933398434372790659e-02,7.834669164832602783e-02,5.888594849003933596e-02,2.670288135538483321e-01,9.766328458010603564e-02,8.158098363715898804e-02,3.357346471634412577e-01,9.186888781567613682e-01,4.400761925087297126e-03,1.182271122740943348e+01,2.256074494477020714e-02,2.836396494056649467e-02,2.484702820686061561e-02,2.208614926240169002e-02,1.567084765074599484e-01,1.757111174026601830e-01,1.644572398803907376e-01,1.550514286040869105e-01
1.179999999999999938e+00,2.751521291848621140e-02,5.930878448357266436e-02,7.833329423831279781e-02,5.903697913708320227e-02,2.673563680422169631e-01,9.828087294668691465e-02,8.153819561295183593e-02,3.362039790388642313e-01,9.187002842968912120e-01,4.724214096439834434e-03,1.182864224926200514e+01,2.255567647653723695e-02,2.836701737699744846e-02,2.485196141974948744e-02,2.207760217717840909e-02,1.566898998530737719e-01,1.757194810396261742e-01,1.644725440025671115e-01,1.550204618043583005e-01
1.182500000000000107e+00,2.750500702047936619e-02,5.928321305645214284e-02,7.831974211328567026e-02,5.918782686315916114e-02,2.676837490211836923e-01,9.889898207258336627e-02,8.149527580364523960e-02,3.366726130538905126e-01,9.187124995479777345e-01,5.048051147760352145e-03,1.183458559443780267e+01,2.255059293545268184e-02,2.837002525263194325e-02,2.485689628937167578e-02,2.206903639866826528e-02,1.566712001074578586e-01,1.757276286813832245e-01,1.644877793701818858e-01,1.549893556960995067e-01
1.185000000000000053e+00,2.749482900275658503e-02,5.925727086128462079e-02,7.830603566698668416e-02,5.933847017868470325e-02,2.680109628064407667e-01,9.951761520398634542e-02,8.145222518815203872e-02,3.371405464366217242e-01,9.187255248756418524e-01,5.372275811915217490e-03,1.184054127622773045e+01,2.254549434951437850e-02,2.837298853211324759e-02,2.486183282460588742e-02,2.206045200122042776e-02,1.566523772957131577e-01,1.757355601431996039e-01,1.645029459077001488e-01,1.549581104626265304e-01
1.187500000000000000e+00,2.748467914210642876e-02,5.923095871978989457e-02,7.829217529776791307e-02,5.948888761585247043e-02,2.683380157760666407e-01,1.001367755485314121e-01,8.140904475087379355e-02,3.376077763862982972e-01,9.187393612523047093e-01,5.696890795906222466e-03,1.184650930801958069e+01,2.254038074637427364e-02,2.837590718005959800e-02,2.486677103427339594e-02,2.205184905929550090e-02,1.566334314415955276e-01,1.757432752399713249e-01,1.645180435390275753e-01,1.549267262876656004e-01
1.189999999999999947e+00,2.747455773432175632e-02,5.920427747656368395e-02,7.827816140855221871e-02,5.963905773281425599e-02,2.686649143706276166e-01,1.007564662748087619e-01,8.136573548163286707e-02,3.380743000727473579e-01,9.187540096571226167e-01,6.021898780404453221e-03,1.185248970329846330e+01,2.253525215333533616e-02,2.837878116106743245e-02,2.487171092713768433e-02,2.204322764746624932e-02,1.566143625675112949e-01,1.757507737862399888e-01,1.645330721875161162e-01,1.548952033553637753e-01
1.192500000000000115e+00,2.746446509428708896e-02,5.917722799914374582e-02,7.826399440679338015e-02,5.978895911786055034e-02,2.689916650932749342e-01,1.013766905118867190e-01,8.132229837560384089e-02,3.385401146357963076e-01,9.187694710759195527e-01,6.347302419287900385e-03,1.185848247564723046e+01,2.253010859734847632e-02,2.838161043971465861e-02,2.487665251190407725e-02,2.203458784041835775e-02,1.565951706945132860e-01,1.757580555962111601e-01,1.645480317759697164e-01,1.548635418502991856e-01
1.195000000000000062e+00,2.745440155606327856e-02,5.914981117806741157e-02,7.824967470443471018e-02,5.993857039359555550e-02,2.693182745098355313e-01,1.019974513488480783e-01,8.127873443324405700e-02,3.390052171846548168e-01,9.187857465011208813e-01,6.673104339182387053e-03,1.186448763874685497e+01,2.252495010500946138e-02,2.838439498056397406e-02,2.488159579721936979e-02,2.202592971295120813e-02,1.565758558422964408e-01,1.757651204837725467e-01,1.645629222266501157e-01,1.548317419574917753e-01
1.197500000000000009e+00,2.744436747296967113e-02,5.912202792692017317e-02,7.823520271786769953e-02,6.008787022110274184e-02,2.696447492488980857e-01,1.026187518343393973e-01,8.123504466022404835e-02,3.394696047972633468e-01,9.188028369316831867e-01,6.999307139006557751e-03,1.187050520637686368e+01,2.251977670255584513e-02,2.838713474816620397e-02,2.488654079167148397e-02,2.201725333997870196e-02,1.565564180291940666e-01,1.757719682625128732e-01,1.645777434612829271e-01,1.547998038624142925e-01
1.199999999999999956e+00,2.743436321766363692e-02,5.909387918237471449e-02,7.822057886788878756e-02,6.023683730410065579e-02,2.699710960018917860e-01,1.032405949761348585e-01,8.119123006735647075e-02,3.399332745196106398e-01,9.188207433730258833e-01,7.325913389520549365e-03,1.187653519241573541e+01,2.251458841586389051e-02,2.838982970706369069e-02,2.489148750378911146e-02,2.200855879653009634e-02,1.565368572721737295e-01,1.757785987457404775e-01,1.645924954010636321e-01,1.547677277510031979e-01
1.202500000000000124e+00,2.742438918221763028e-02,5.906536590422042238e-02,7.820580357965599416e-02,6.038545039308600149e-02,2.702973215231612714e-01,1.038629837407118450e-01,8.114729167052503467e-02,3.403962233650223435e-01,9.188394668369591622e-01,7.652925632879210502e-03,1.188257761084127040e+01,2.250938527044550955e-02,2.839247982179371466e-02,2.489643594204136307e-02,2.199984615775089566e-02,1.565171735868335634e-01,1.757850117465026007e-01,1.646071779666639923e-01,1.547355138096701277e-01
1.205000000000000071e+00,2.741444577819350178e-02,5.903648907538251722e-02,7.819087728264430270e-02,6.053368828946063124e-02,2.706234326300335225e-01,1.044859210528404497e-01,8.110323049061265999e-02,3.408584483134174947e-01,9.188590083416128262e-01,7.980346382189435622e-03,1.188863247573101845e+01,2.250416729144521372e-02,2.839508505689193954e-02,2.490138611483742534e-02,2.199111549890376063e-02,1.564973669873986339e-01,1.757912070776045388e-01,1.646217910782381555e-01,1.547031622253131622e-01
1.207500000000000018e+00,2.740453343671394107e-02,5.900724970193100410e-02,7.817580041060048779e-02,6.068152984964240992e-02,2.709494362028799785e-01,1.051094097951858902e-01,8.105904755342921431e-02,3.413199463105405229e-01,9.188793689113623486e-01,8.308178121072342520e-03,1.189469980126264126e+01,2.249893450363705388e-02,2.839764537689590251e-02,2.490633803052622400e-02,2.198236689536945537e-02,1.564774374867173301e-01,1.757971845516293485e-01,1.646363346554294838e-01,1.546706731853288719e-01
1.209999999999999964e+00,2.739465260853172004e-02,5.897764881307800827e-02,7.816057340149661081e-02,6.082895398915501295e-02,2.712753391851721596e-01,1.057334528079242747e-01,8.101474388963854356e-02,3.417807142671618892e-01,9.189005495767551546e-01,8.636423303230406773e-03,1.190077960171429616e+01,2.249368693142157760e-02,2.840016074634853574e-02,2.491129169739607699e-02,2.197360042264784319e-02,1.564573850962580337e-01,1.758029439809574157e-01,1.646508086173767982e-01,1.546380468776240580e-01
1.212500000000000133e+00,2.738480376409545627e-02,5.894768746116481328e-02,7.814519669748345998e-02,6.097593968669678954e-02,2.716011485835302386e-01,1.063580528883721482e-01,8.097032053468530832e-02,3.422407490582572431e-01,9.189225513744350149e-01,8.965084352019373620e-03,1.190687189146501446e+01,2.248842459882279682e-02,2.840263112980170868e-02,2.491624712367437877e-02,2.196481615635891699e-02,1.564372098261056776e-01,1.758084851777864943e-01,1.646652128827215122e-01,1.546052834906280204e-01
1.215000000000000080e+00,2.737498739361321834e-02,5.891736672163646465e-02,7.812967074484244989e-02,6.112246598818443094e-02,2.719268714677661736e-01,1.069832127906266556e-01,8.092577852872137600e-02,3.427000475221581577e-01,9.189453753470658848e-01,9.294163660025630755e-03,1.191297668499507445e+01,2.248314752948515557e-02,2.840505649181981201e-02,2.492120431752725684e-02,2.195601417224386093e-02,1.564169116849586094e-01,1.758138079541518295e-01,1.646795473696141821e-01,1.545723832133049647e-01
1.217500000000000027e+00,2.736520400711294973e-02,5.888668769300486189e-02,7.811399599393717419e-02,6.126851201077086750e-02,2.722525149709182357e-01,1.076089352252215248e-01,8.088111891653189389e-02,3.431586064596828245e-01,9.189690225432535220e-01,9.623663588649175593e-03,1.191909399688634075e+01,2.247785574667051159e-02,2.840743679698335550e-02,2.492616328705925602e-02,2.194719454616616064e-02,1.563964906801255106e-01,1.758189121219465023e-01,1.646938119957217228e-01,1.545393462351667135e-01
1.219999999999999973e+00,2.735545413450009983e-02,5.885565149679925639e-02,7.809817289916401450e-02,6.141405694683357841e-02,2.725780862892812073e-01,1.082352228587947357e-01,8.083634274746072379e-02,3.436164226332421578e-01,9.189934940174687705e-01,9.953586467692236012e-03,1.192522384182265149e+01,2.247254927325511784e-02,2.840977200989261778e-02,2.493112404031302271e-02,2.193835735411276897e-02,1.563759468175224265e-01,1.758237974929419689e-01,1.647080066782343755e-01,1.545061727462854750e-01
1.222499999999999920e+00,2.734573832561248280e-02,5.882425927750428024e-02,7.808220191890227757e-02,6.155908006793296694e-02,2.729035926824278646e-01,1.088620783137681514e-01,8.079145107533648729e-02,3.440734927659284681e-01,9.190187908299665143e-01,1.028393459495395394e-02,1.193136623459015233e+01,2.246722813172663535e-02,2.841206209517129627e-02,2.493608658526898919e-02,2.192950267219528557e-02,1.563552801016698246e-01,1.758284638788088494e-01,1.647221313338730064e-01,1.544728629373070816e-01
1.225000000000000089e+00,2.733605715027203828e-02,5.879251220248492282e-02,7.806608351546302782e-02,6.170356072873692255e-02,2.732290414732229111e-01,1.094895041680416792e-01,8.074644495839720937e-02,3.445298135405827078e-01,9.190449140467059630e-01,1.061471023583108499e-02,1.193752119007763746e+01,2.246189234418112177e-02,2.841430701747020560e-02,2.494105092984505445e-02,2.192063057665120940e-02,1.563344905356899572e-01,1.758329110911377446e-01,1.647361858788964351e-01,1.544394169994643407e-01
1.227500000000000036e+00,2.732641119833366730e-02,5.876041146189797670e-02,7.804981815503803100e-02,6.184747837091046641e-02,2.735544400478306937e-01,1.101175029546974798e-01,8.070132545921622491e-02,3.449853815988466188e-01,9.190718647392686069e-01,1.094591562292526743e-02,1.194368872327688891e+01,2.245654193232005796e-02,2.841650674147097599e-02,2.494601708189628925e-02,2.191174114384522240e-02,1.563135781213041697e-01,1.758371389414603303e-01,1.647501702291088999e-01,1.544058351245905514e-01
1.229999999999999982e+00,2.731680107973126839e-02,5.872795826859036200e-02,7.803340630764704633e-02,6.199081252696847510e-02,2.738797958557152024e-01,1.107460771617201217e-01,8.065609364462657249e-02,3.454401935401996138e-01,9.190996439847761712e-01,1.127755295565709831e-02,1.194986884928300341e+01,2.245117691744737479e-02,2.841866123188980728e-02,2.495098504921463081e-02,2.190283445027051482e-02,1.562925428588304022e-01,1.758411472412707843e-01,1.647640842998677468e-01,1.543721175051335492e-01
1.232499999999999929e+00,2.730722742452041871e-02,5.869515385798303869e-02,7.801684844708531297e-02,6.213354282408851958e-02,2.742051164096312443e-01,1.113752292317255893e-01,8.061075058564637352e-02,3.458942459209802811e-01,9.191282528658076822e-01,1.160962439988664358e-02,1.195606158329471391e+01,2.244579732046649012e-02,2.842077045348121236e-02,2.495595483952858448e-02,2.189391057255017994e-02,1.562713847471807471e-01,1.758449358020469366e-01,1.647779280060908125e-01,1.543382643341695837e-01
1.235000000000000098e+00,2.729769088291823451e-02,5.866199948794101338e-02,7.800014505087003724e-02,6.227564898788259806e-02,2.745304092856089007e-01,1.120049615617050159e-01,8.056529735740407261e-02,3.463475352533975649e-01,9.191576924703130924e-01,1.194213208754156541e-02,1.196226694061471640e+01,2.244040316187735640e-02,2.842283437104181285e-02,2.496092646050293226e-02,2.188496958743862270e-02,1.562501037838593121e-01,1.758485044352722237e-01,1.647917012622647226e-01,1.543042758054178343e-01
1.237500000000000044e+00,2.728819212534014382e-02,5.862849643862899640e-02,7.798329660018608889e-02,6.241711084612629884e-02,2.748556821229288794e-01,1.126352765027794911e-01,8.051973503906310892e-02,3.468000580045322856e-01,9.191879638915306794e-01,1.227507811625242785e-02,1.196848493664994884e+01,2.243499446177352197e-02,2.842485294941413457e-02,2.496589991973844486e-02,2.187601157182304454e-02,1.562286999649598329e-01,1.758518529524571161e-01,1.648054039824523032e-01,1.542701521132548437e-01
1.239999999999999991e+00,2.727873184243329030e-02,5.859464601235200854e-02,7.796630357983128090e-02,6.255790833244236071e-02,2.751809426240900414e-01,1.132661763599675103e-01,8.047406471374748960e-02,3.472518105953302792e-01,9.192190682278986724e-01,1.260846454899534029e-02,1.197471558691191795e+01,2.242957123983920636e-02,2.842682615349042749e-02,2.497087522477160065e-02,2.186703660272496311e-02,1.562071732851637307e-01,1.758549811651612393e-01,1.648190360803009624e-01,1.542358934527294778e-01
1.242499999999999938e+00,2.726931074510712330e-02,5.856044953338149922e-02,7.794916647816116373e-02,6.269802148993679214e-02,2.755061985547685999e-01,1.138976633919631110e-01,8.042828746846722443e-02,3.477027893995887076e-01,9.192510065829699872e-01,1.294229341374290333e-02,1.198095890701697996e+01,2.242413351534638249e-02,2.842875394821650983e-02,2.497585238307430469e-02,2.185804475730177346e-02,1.561855237377381966e-01,1.758578888850153010e-01,1.648325974690505735e-01,1.542015000195778585e-01
1.245000000000000107e+00,2.725992956456057756e-02,5.852590834776599804e-02,7.793188578703291736e-02,6.283743047478737576e-02,2.758314577437670501e-01,1.145297398109272335e-01,8.038240439404367721e-02,3.481529907429406490e-01,9.192837800653226310e-01,1.327656670312268861e-02,1.198721491268661055e+01,2.241868130715187965e-02,2.843063629859563304e-02,2.498083140205360764e-02,2.184903611284837871e-02,1.561637513145342215e-01,1.758605759237434341e-01,1.648460880615419122e-01,1.541669720102387675e-01
1.247500000000000053e+00,2.725058905230592216e-02,5.849102382312650755e-02,7.791446200174922954e-02,6.297611555978099851e-02,2.761567280829559934e-01,1.151624077822900050e-01,8.033641658503591632e-02,3.486024109018364125e-01,9.193173897884715506e-01,1.361128637408447542e-02,1.199348361974770683e+01,2.241321463369449693e-02,2.843247316969234675e-02,2.498581228905144211e-02,2.184001074679884150e-02,1.561418560059850968e-01,1.758630420931854288e-01,1.648595077702249279e-01,1.541323096218691346e-01
1.250000000000000000e+00,2.724128998018977496e-02,5.845579734843685260e-02,7.789689562100120257e-02,6.311405713779864868e-02,2.764820175272053593e-01,1.157956694245643042e-01,8.029032513966671836e-02,3.490510461025244648e-01,9.193518368707795929e-01,1.394645434757565104e-02,1.199976504413283607e+01,2.240773351299212707e-02,2.843426452663640192e-02,2.499079505134435900e-02,2.183096873672810828e-02,1.561198378011045829e-01,1.758652872053192429e-01,1.648728565071670427e-01,1.540975130523598025e-01
1.252499999999999947e+00,2.723203314041047068e-02,5.842023033378761221e-02,7.787918714681082988e-02,6.325123572524761484e-02,2.768073340943065785e-01,1.164295268091710411e-01,8.024413115974922406e-02,3.494988925200374630e-01,9.193871224353664662e-01,1.428207250822561072e-02,1.200605920188048437e+01,2.240223796263890454e-02,2.843601033462665392e-02,2.499577969614325684e-02,2.182191016035376491e-02,1.560976966874855765e-01,1.758673110722836219e-01,1.648861341840619221e-01,1.540625825003514582e-01
1.255000000000000115e+00,2.722281934553213642e-02,5.838432421013488999e-02,7.786133708447333379e-02,6.338763196543679979e-02,2.771326858648849867e-01,1.170639819602757314e-01,8.019783575061430192e-02,3.499459462771803975e-01,9.194232476100179241e-01,1.461814270403895624e-02,1.201236610913534086e+01,2.239672799980236065e-02,2.843771055893498656e-02,2.500076623059312858e-02,2.181283509553784417e-02,1.560754326512986401e-01,1.758691135064007205e-01,1.648993407122378019e-01,1.540275181652510927e-01
1.257500000000000062e+00,2.721364942849563429e-02,5.834808042903291692e-02,7.784334594249855965e-02,6.352322663189673146e-02,2.774580809823019023e-01,1.176990368546356053e-01,8.015144002103777310e-02,3.503922034435273947e-01,9.194602135270930621e-01,1.495466674609820246e-02,1.201868578214851269e+01,2.239120364122059587e-02,2.843936516491024288e-02,2.500575466177281519e-02,2.180374362028867849e-02,1.560530456772907804e-01,1.758706943201991391e-01,1.649124760026665915e-01,1.539923202472482100e-01
1.260000000000000009e+00,2.720452424262604155e-02,5.831150046235089590e-02,7.782521423255263360e-02,6.365800063164044065e-02,2.777835276525469355e-01,1.183346934214576512e-01,8.010494508316899631e-02,3.508376600344275120e-01,9.194980213234330568e-01,1.529164640827556688e-02,1.202501823727776475e+01,2.238566490319947311e-02,2.844097411798218386e-02,2.501074499669474552e-02,2.179463581276280468e-02,1.560305357487842826e-01,1.758720533264366837e-01,1.649255399659722843e-01,1.539569889473315356e-01
1.262499999999999956e+00,2.719544466163656415e-02,5.827458580197363708e-02,7.780694246939846848e-02,6.379193500836505271e-02,2.781090341441191938e-01,1.189709535422688730e-01,8.005835205245943886e-02,3.512823120100215246e-01,9.195366721402660204e-01,1.562908342695469230e-02,1.203136349098775248e+01,2.238011180160982827e-02,2.844253738366543313e-02,2.501573724230469684e-02,2.178551175126691025e-02,1.560079028476756280e-01,1.758731903381235695e-01,1.649385325124401724e-01,1.539215244673060590e-01
1.265000000000000124e+00,2.718641157962928961e-02,5.823733795948617120e-02,7.778853117083640856e-02,6.392501094559160935e-02,2.784346087878976084e-01,1.196078190507943034e-01,8.001166204759221912e-02,3.517261552742731445e-01,9.195761671231149625e-01,1.596697950076234745e-02,1.203772155985023495e+01,2.237454435188468774e-02,2.844405492756346340e-02,2.502073140548155550e-02,2.177637151425981452e-02,1.559851469544346614e-01,1.758741051685454304e-01,1.649514535520256453e-01,1.538859270098099086e-01
1.267500000000000071e+00,2.717742591109230388e-02,5.819975846584260482e-02,7.776998085764437463e-02,6.405720976974425829e-02,2.787602599770016010e-01,1.202452917328488552e-01,7.996487619041205142e-02,3.521691856740168380e-01,9.196165074217009794e-01,1.630533629031006432e-02,1.204409246054427562e+01,2.236896256901652405e-02,2.844552671537256550e-02,2.502572749303707753e-02,2.176721518035451206e-02,1.559622680481036472e-01,1.758747976312867167e-01,1.649643029943633488e-01,1.538501967783318103e-01
1.270000000000000018e+00,2.716848859089338042e-02,5.816184887101845391e-02,7.775129205351784256e-02,6.418851295316413408e-02,2.790859961666379840e-01,1.208833733262367482e-01,7.991799560585662043e-02,3.526113989980230734e-01,9.196576941898493285e-01,1.664415541794629291e-02,1.205047620985646439e+01,2.236336646755451157e-02,2.844695271288584515e-02,2.503072551171565963e-02,2.175804282832024053e-02,1.559392661062967145e-01,1.758752675402540100e-01,1.649770807487762614e-01,1.538143339772285179e-01
1.272499999999999964e+00,2.715960057427015822e-02,5.812361074364744834e-02,7.773246528500921126e-02,6.431890211706033089e-02,2.794118258739381466e-01,1.215220655206630529e-01,7.987102142188798326e-02,3.530527909760864946e-01,9.196997285853936166e-01,1.698343846751920738e-02,1.205687282468108279e+01,2.235775606160181686e-02,2.844833288599721288e-02,2.503572546819411021e-02,2.174885453708460051e-02,1.559161411051990798e-01,1.758755147096992821e-01,1.649897867242849370e-01,1.537783388117424377e-01
1.275000000000000133e+00,2.715076283681678096e-02,5.808504567064222412e-02,7.771350108146704572e-02,6.444835903439469216e-02,2.797377576777820285e-01,1.221613699576538786e-01,7.982395476942535928e-02,3.534933572781359667e-01,9.197426117700773229e-01,1.732318698415019273e-02,1.206328232202031536e+01,2.235213136481289248e-02,2.844966720070539815e-02,2.504072736908142041e-02,2.173965038573570652e-02,1.558928930195667417e-01,1.758755389542437653e-01,1.650024208296169137e-01,1.537422114880196145e-01
1.277500000000000080e+00,2.714197637446702158e-02,5.804615525679933385e-02,7.769439997497556982e-02,6.457686563269965374e-02,2.800638002186109921e-01,1.228012882304877207e-01,7.977679678227887761e-02,3.539330935133708778e-01,9.197863449094597632e-01,1.766340247401844768e-02,1.206970471898441133e+01,2.234649239039081248e-02,2.845095562311795306e-02,2.504573122091855591e-02,2.173043045352439015e-02,1.558695218227259538e-01,1.758753400889010998e-01,1.650149829732159290e-01,1.537059522131276057e-01
1.280000000000000027e+00,2.713324220347358706e-02,5.800694112438840866e-02,7.767516250029299352e-02,6.470440399682998722e-02,2.803899621982272050e-01,1.234418218841360493e-01,7.972954859708403230e-02,3.543719952294263620e-01,9.198309291728158366e-01,1.800408640415705058e-02,1.207614003279184267e+01,2.234083915108461826e-02,2.845219811945527352e-02,2.505073703017822451e-02,2.172119481986642051e-02,1.558460274865730855e-01,1.758749179291012599e-01,1.650274730632513842e-01,1.536695611950738005e-01
1.282499999999999973e+00,2.712456136038406129e-02,5.796740491272638768e-02,7.765578919479032560e-02,6.483095637164459912e-02,2.807162523795799780e-01,1.240829724152139046e-01,7.968221135323715065e-02,3.548100579115675002e-01,9.198763657330385479e-01,1.834524020226019694e-02,1.208258828076949420e+01,2.233517165918668182e-02,2.845339465605462026e-02,2.505574480326467485e-02,2.171194356434476974e-02,1.558224099815744279e-01,1.758742722907142841e-01,1.650398910076280035e-01,1.536330386428237660e-01
1.284999999999999920e+00,2.711593490201323967e-02,5.792754827773585746e-02,7.763628059839020046e-02,6.495650516462088409e-02,2.810426795865397231e-01,1.247247412719394849e-01,7.963478619283255455e-02,3.552472769819181031e-01,9.199226557665417525e-01,1.868686525650236491e-02,1.208904948035278260e+01,2.232948992653010362e-02,2.845454519937414689e-02,2.506075454651348830e-02,2.170267676671191331e-02,1.557986692767660553e-01,1.758734029900738127e-01,1.650522367139951596e-01,1.535963847663196491e-01
1.287500000000000089e+00,2.710736390541146693e-02,5.788737289148882664e-02,7.761663725350451126e-02,6.508103294839864827e-02,2.813692527036582569e-01,1.253671298541043644e-01,7.958727426059987453e-02,3.556836477987238565e-01,9.199698004531594586e-01,1.902896291536941911e-02,1.209552364908583044e+01,2.232379396448613135e-02,2.845564971599692447e-02,2.506576626619136730e-02,2.169339450689215451e-02,1.557748053397540744e-01,1.758723098440011234e-01,1.650645100897567275e-01,1.535595997764989118e-01
1.290000000000000036e+00,2.709884946782958534e-02,5.784688044173561666e-02,7.759685970497330609e-02,6.520452246325394996e-02,2.816959806759143370e-01,1.260101395130517887e-01,7.953967670384357036e-02,3.561191656556539908e-01,9.200178009760475728e-01,1.937153448750164944e-02,1.210201080462157286e+01,2.231808378396159948e-02,2.845670817263497993e-02,2.507077996849593760e-02,2.168409686498398020e-02,1.557508181367146805e-01,1.758709926698288906e-01,1.650767110420805761e-01,1.535226838853130660e-01
1.292499999999999982e+00,2.709039270668006649e-02,5.780607263141950003e-02,7.757694850000271258e-02,6.532695661950201071e-02,2.820228725084465982e-01,1.266537715516654616e-01,7.949199467238300676e-02,3.565538257811410872e-01,9.200666585215830917e-01,1.971458124154940039e-02,1.210851096472191912e+01,2.231235939539639654e-02,2.845772053613332062e-02,2.507579565955555048e-02,2.167478392126244435e-02,1.557267076323944899e-01,1.758694512854250547e-01,1.650888394779084778e-01,1.534856373057465473e-01
1.294999999999999929e+00,2.708199475949437177e-02,5.776495117817693342e-02,7.755690418810273767e-02,6.544831849982901684e-02,2.823499372662695572e-01,1.272980272243675048e-01,7.944422931849400016e-02,3.569876233377657360e-01,9.201163742792651812e-01,2.005810440604106903e-02,1.211502414725785393e+01,2.230662080876096368e-02,2.845868677347397624e-02,2.508081334542909199e-02,2.166545575618157235e-02,1.557024737901108735e-01,1.758676855092168867e-01,1.651008953039657945e-01,1.534484602518356444e-01
1.297500000000000098e+00,2.707365678387656585e-02,5.772351781382467628e-02,7.753672732102555309e-02,6.556859136155242240e-02,2.826771840739779051e-01,1.279429077371244394e-01,7.939638179685187813e-02,3.574205534216831071e-01,9.201669494416137018e-01,2.040210516926386358e-02,1.212155037020955284e+01,2.230086803355381397e-02,2.845960685178003380e-02,2.508583303210578860e-02,2.165611245037679308e-02,1.556781165717525950e-01,1.758656951602148022e-01,1.651128784267713034e-01,1.534111529386876505e-01
1.300000000000000044e+00,2.706537995745321445e-02,5.768177428383285815e-02,7.751641845270344777e-02,6.568775863880856047e-02,2.830046221154334796e-01,1.285884142474637559e-01,7.934845326447556579e-02,3.578526110620982026e-01,9.202183852040685119e-01,2.074658467915763485e-02,1.212808965166650488e+01,2.229510107879907957e-02,2.846048073831966216e-02,2.509085472550501641e-02,2.164675408466737797e-02,1.556536359377803380e-01,1.758634800580363977e-01,1.651247887526471059e-01,1.533737155825000420e-01
1.302499999999999991e+00,2.705716547781928868e-02,5.763972234678645112e-02,7.749597813918665534e-02,6.580580394466922778e-02,2.833322606334361393e-01,1.292345478644988388e-01,7.930044488067344854e-02,3.582837912207890718e-01,9.202706827648892141e-01,2.109154404322176324e-02,1.213464200982760133e+01,2.228931995304409344e-02,2.846130840051015395e-02,2.509587843147612074e-02,2.163738074005890424e-02,1.556290318472274559e-01,1.758610400229304871e-01,1.651366261877285635e-01,1.533361484005795750e-01
1.304999999999999938e+00,2.704901456248055835e-02,5.759736377383286449e-02,7.747540693858137595e-02,6.592271107318421752e-02,2.836601089293815936e-01,1.298813096489630503e-01,7.925235780699046995e-02,3.587140887916803189e-01,9.203238433250533479e-01,2.143698432843507695e-02,1.214120746300123344e+01,2.228352466435699550e-02,2.846208980592195015e-02,2.510090415579823916e-02,2.162799249774573565e-02,1.556043042577007485e-01,1.758583748758010545e-01,1.651483906379742073e-01,1.532984516113616857e-01
1.307500000000000107e+00,2.704092844879170399e-02,5.755470034811933921e-02,7.745470541098803396e-02,6.603846400135300609e-02,2.839881763628995248e-01,1.305287006132519745e-01,7.920419320715701983e-02,3.591434986004718444e-01,9.203778680881555818e-01,2.178290656118982843e-02,1.214778602960538656e+01,2.227771522032438029e-02,2.846282492228266806e-02,2.510593190418011766e-02,2.161858943911350306e-02,1.555794531253815449e-01,1.758554844382312077e-01,1.651600820091757016e-01,1.532606254344296703e-01
1.310000000000000053e+00,2.703290839389099753e-02,5.751173386421794265e-02,7.743387411843886958e-02,6.615304689102256830e-02,2.843164723514780001e-01,1.311767217214769854e-01,7.915595224703865507e-02,3.595720154043200445e-01,9.204327582603051283e-01,2.212931172723889284e-02,1.215437772816772188e+01,2.227189162804895511e-02,2.846351371748112591e-02,2.511096168225993366e-02,2.160917164574159902e-02,1.555544784050266749e-01,1.758523685325073527e-01,1.651717002069679474e-01,1.532226700905342520e-01
1.312500000000000000e+00,2.702495567463076426e-02,5.746846612754095279e-02,7.741291362483661287e-02,6.626644409071344444e-02,2.846450063700700084e-01,1.318253738895248939e-01,7.910763609458855428e-02,3.599996338915781302e-01,9.204885150500249358e-01,2.247620077165698310e-02,1.216098257732565102e+01,2.226605389414725369e-02,2.846415615957135700e-02,2.511599349560513644e-02,2.159973919940566880e-02,1.555293800499696621e-01,1.758490269816430640e-01,1.651832451368390464e-01,1.531845858016126771e-01
1.314999999999999947e+00,2.701707158750408719e-02,5.742489895374551512e-02,7.739182449589222801e-02,6.637864013737262980e-02,2.849737879506811788e-01,1.324746579851286687e-01,7.905924591980048599e-02,3.604263486815949546e-01,9.205451396681503251e-01,2.282357459881573583e-02,1.216760059582640530e+01,2.226020202474736712e-02,2.846475221677663425e-02,2.512102734971225979e-02,2.159029218208011885e-02,1.555041580121219735e-01,1.758454596094030375e-01,1.651947167041403486e-01,1.531463727908081995e-01
1.317500000000000115e+00,2.700925744856764663e-02,5.738103416812954938e-02,7.737060729906357348e-02,6.648961975805510460e-02,2.853028266819425118e-01,1.331245748279464847e-01,7.901078289466412219e-02,3.608521543245732932e-01,9.206026333277257390e-01,2.317143407237329950e-02,1.217423180252711568e+01,2.225433602548672340e-02,2.846530185749346353e-02,2.512606325000676932e-02,2.158083067594060780e-02,1.554788122419744345e-01,1.758416662403271269e-01,1.652061148140966107e-01,1.531080312824895096e-01
1.320000000000000062e+00,2.700151459336028181e-02,5.733687360501893426e-02,7.734926260349378468e-02,6.659936787153174220e-02,2.856321322086625702e-01,1.337751251896486804e-01,7.896224819312173959e-02,3.612770453014923500e-01,9.206609972439047107e-01,2.351978001527774836e-02,1.218087621639486429e+01,2.224845590150988095e-02,2.846580505029559088e-02,2.513110120184289600e-02,2.157135476336653063e-02,1.554533426885987279e-01,1.758376466997543242e-01,1.652174393718159606e-01,1.530695615022697742e-01
1.322500000000000009e+00,2.699384437681815255e-02,5.729241910714697600e-02,7.732779097994971207e-02,6.670786958982725945e-02,2.859617142313640170e-01,1.344263097940162355e-01,7.891364299102678059e-02,3.617010160240941019e-01,9.207202326338463916e-01,2.386861320978542200e-02,1.218753385650674659e+01,2.224256165746638786e-02,2.846626176393799584e-02,2.513614121050346609e-02,2.156186452694350969e-02,1.554277492996490595e-01,1.758334008138464910e-01,1.652286902823001946e-01,1.530309636770262327e-01
1.324999999999999956e+00,2.698624817318536276e-02,5.724767252502711845e-02,7.730619300076067846e-02,6.681511021968521147e-02,2.862915825057985586e-01,1.350781293170457698e-01,7.886496846610402400e-02,3.621240608349351464e-01,9.207803407166158527e-01,2.421793439749361093e-02,1.219420474204992111e+01,2.223665329750864825e-02,2.846667196736087785e-02,2.514118328119975543e-02,2.155236004946585460e-02,1.554020320213636841e-01,1.758289284096123950e-01,1.652398674504546028e-01,1.529922380349190425e-01
1.327500000000000124e+00,2.697872737592087178e-02,5.720263571631920008e-02,7.728446923975766658e-02,6.692107526396245953e-02,2.866217468424446801e-01,1.357305843870650341e-01,7.881622579791186523e-02,3.625461740075058281e-01,9.208413227130805012e-01,2.456774427938811928e-02,1.220088889232166984e+01,2.223073082528985098e-02,2.846703562969362875e-02,2.514622741907132294e-02,2.154284141393902202e-02,1.553761907985670154e-01,1.758242293149313851e-01,1.652509707810983497e-01,1.529533848054106804e-01
1.330000000000000071e+00,2.697128339760142268e-02,5.715731054519078425e-02,7.726262027221195150e-02,6.702575042295333407e-02,2.869522171059860627e-01,1.363836755848578941e-01,7.876741616780595645e-02,3.629673497464195320e-01,9.209031798458096052e-01,2.491804351590549277e-02,1.220758632672943200e+01,2.222479424396192615e-02,2.846735272025879490e-02,2.515127362918585796e-02,2.153330870358203739e-02,1.553502255746714300e-01,1.758193033585773446e-01,1.652620001789744386e-01,1.529144042192848163e-01
1.332500000000000018e+00,2.696391766982031424e-02,5.711169888167386827e-02,7.724064667477453794e-02,6.712912159564270176e-02,2.872830032147686286e-01,1.370374034437973898e-01,7.871854075890492852e-02,3.633875821876699219e-01,9.209659133389733743e-01,2.526883272701060251e-02,1.221429706479086086e+01,2.221884355617354326e-02,2.846762320857603931e-02,2.515632191653902755e-02,2.152376200182991306e-02,1.553241362916792379e-01,1.758141503702421171e-01,1.652729555487598145e-01,1.528752965086651594e-01
1.334999999999999964e+00,2.695663164308213094e-02,5.706580260101890706e-02,7.721854902541577803e-02,6.723117488089103144e-02,2.876141151402387131e-01,1.376917684499890104e-01,7.866960075605819447e-02,3.638068653989623980e-01,9.210295244182409302e-01,2.562011249228897738e-02,1.222102112613385394e+01,2.221287876406815437e-02,2.846784706436607942e-02,2.516137228605432388e-02,2.151420139233602494e-02,1.552979228901849862e-01,1.758087701805593761e-01,1.652838367950755227e-01,1.528360619070344151e-01
1.337500000000000133e+00,2.694942678669359076e-02,5.701962358304540901e-02,7.719632790336461436e-02,6.733189657854854460e-02,2.879455629063611966e-01,1.383467710424233776e-01,7.862059734581507142e-02,3.642251933801153863e-01,9.210940143106807199e-01,2.597188335105451995e-02,1.222775853049660277e+01,2.220689986928207210e-02,2.846802425755462496e-02,2.516642474258292544e-02,2.150462695897446125e-02,1.552715853093777076e-01,1.758031626211280785e-01,1.652946438224966452e-01,1.527967006492527147e-01
1.340000000000000080e+00,2.694230458865010461e-02,5.697316371149232367e-02,7.717398388904864182e-02,6.743127319050357116e-02,2.882773565890150436e-01,1.390024116131386711e-01,7.857153171639634504e-02,3.646425600635385678e-01,9.211593842446582636e-01,2.632414580247265448e-02,1.223450929772761775e+01,2.220090687294260304e-02,2.846815475827628450e-02,2.517147929090353398e-02,2.149503878584233668e-02,1.552451234870432795e-01,1.757973275245360567e-01,1.653053765355626259e-01,1.527572129715761562e-01
1.342500000000000027e+00,2.693526655551845353e-02,5.692642487336732615e-02,7.715151756403411387e-02,6.752929142166105847e-02,2.886095063153689133e-01,1.396586905073923801e-01,7.852240505766747147e-02,3.650589593147830492e-01,9.212256354497373456e-01,2.667690030569851850e-02,1.224127344778577964e+01,2.219489977566621586e-02,2.846823853687848252e-02,2.517653593572223916e-02,2.148543695726207528e-02,1.552185373595669771e-01,1.757912647243833615e-01,1.653160348387870127e-01,1.527175991116752063e-01
1.344999999999999973e+00,2.692831421231522970e-02,5.687940895829724647e-02,7.712892951096628202e-02,6.762593818085606279e-02,2.889420222632356205e-01,1.403156080238427694e-01,7.847321856111395821e-02,3.654743849331690275e-01,9.212927691565806487e-01,2.703014728003113459e-02,1.224805100074035913e+01,2.218887857755676499e-02,2.846827556392534167e-02,2.518159468167236945e-02,2.147582155778363089e-02,1.551918268619360552e-01,1.757849740553054096e-01,1.653266186366675328e-01,1.526778593086524360e-01
1.347499999999999920e+00,2.692144910238120428e-02,5.683211785788056664e-02,7.710622031350949923e-02,6.772120058170025270e-02,2.892749146604027266e-01,1.409731644147415308e-01,7.842397341981806325e-02,3.658888306524888390e-01,9.213607865968478361e-01,2.738388710508260493e-02,1.225484197677106479e+01,2.218284327820374893e-02,2.846826581020155816e-02,2.518665553331435672e-02,2.146619267218668331e-02,1.551649919277425238e-01,1.757784553529966043e-01,1.653371278336963068e-01,1.526379938030607841e-01
1.350000000000000089e+00,2.691467278725167764e-02,5.678455346504294315e-02,7.708339055628853076e-02,6.781506594336454696e-02,2.896081937839436460e-01,1.416313598861349832e-01,7.837467082843867228e-02,3.663022901417885002e-01,9.214296890030997389e-01,2.773812012096344912e-02,1.226164639616806085e+01,2.217679387668063454e-02,2.846820924671626327e-02,2.519171849513558367e-02,2.145655038548276508e-02,1.551380324891859785e-01,1.757717084542330110e-01,1.653475623343694800e-01,1.525980028369208208e-01
1.352500000000000036e+00,2.690798684652268014e-02,5.673671767339660832e-02,7.706044082482878255e-02,6.790752179129616595e-02,2.899418699595042170e-01,1.422901945980767635e-01,7.832531198319159227e-02,3.667147570062253004e-01,9.214994776086967709e-01,2.809284662848326314e-02,1.226846427933202399e+01,2.217073037154320900e-02,2.846810584470685357e-02,2.519678357155025195e-02,2.144689478291734661e-02,1.551109484770766267e-01,1.757647331968956728e-01,1.653579220431973806e-01,1.525578866537384004e-01
1.354999999999999982e+00,2.690139287771289509e-02,5.668861237660624552e-02,7.703737170549777857e-02,6.799855585787378809e-02,2.902759535605666796e-01,1.429496686648499271e-01,7.827589808183313402e-02,3.671262247880051066e-01,9.215701536477045597e-01,2.844806688936729611e-02,1.227529564677415586e+01,2.216465276082800473e-02,2.846795557564282472e-02,2.520185076689923642e-02,2.143722594997185885e-02,1.550837398208381457e-01,1.757575294199932026e-01,1.653682068647140679e-01,1.525176454985215091e-01
1.357499999999999929e+00,2.689489249612159530e-02,5.664023946776063079e-02,7.701418378544633292e-02,6.808815608300022859e-02,2.906104550076911153e-01,1.436097821552023424e-01,7.822643032364511029e-02,3.675366869673979964e-01,9.216417183547918057e-01,2.880378112648872974e-02,1.228214051911623450e+01,2.215856104205075547e-02,2.846775841122957049e-02,2.520692008544994991e-02,2.142754397236563968e-02,1.550564064485113469e-01,1.757500969636849597e-01,1.653784167034875741e-01,1.524772796177972789e-01
1.360000000000000098e+00,2.688848733468247182e-02,5.659160083875314218e-02,7.699087765255024918e-02,6.817631061463347297e-02,2.909453847677332394e-01,1.442705350925885810e-01,7.817690990942166573e-02,3.679461369638317714e-01,9.217141729651384674e-01,2.915998952411687911e-02,1.228899891709065351e+01,2.215245521220492869e-02,2.846751432341216442e-02,2.521199153139620439e-02,2.141784893605783863e-02,1.550289482867569513e-01,1.757424356693031986e-01,1.653885514641292853e-01,1.524367892596282803e-01
1.362500000000000044e+00,2.688217904381316747e-02,5.654269837967104001e-02,7.696745389535168680e-02,6.826300780925824430e-02,2.912807533530374360e-01,1.449319274554275172e-01,7.812733804145859107e-02,3.683545681370656855e-01,9.217875187143358406e-01,2.951669222818095739e-02,1.229587086154044329e+01,2.214633526776028580e-02,2.846722328437912772e-02,2.521706510885806871e-02,2.140814092724922790e-02,1.550013652608594750e-01,1.757345453793759116e-01,1.653986110513038232e-01,1.523961746736288703e-01
1.364999999999999991e+00,2.687596929126079975e-02,5.649353397819591865e-02,7.694391310300151277e-02,6.834823623229835388e-02,2.916165713206076426e-01,1.455939591773680875e-01,7.807771592354426082e-02,3.687619737884438864e-01,9.218617568382925231e-01,2.987388934655020242e-02,1.230275637341933503e+01,2.214020120466152555e-02,2.846688526656616924e-02,2.522214082188174375e-02,2.139842003238394755e-02,1.549736572947305324e-01,1.757264259376489779e-01,1.654085953697387867e-01,1.523554361109809019e-01
1.367499999999999938e+00,2.686985976194316422e-02,5.644410951901594753e-02,7.692025586520088998e-02,6.843198465847116774e-02,2.919528492712515910e-01,1.462566301475673736e-01,7.802804476095256958e-02,3.691683471622249635e-01,9.219368885731402674e-01,3.023158094932929668e-02,1.230965547379179803e+01,2.213405301832696223e-02,2.846650024265989440e-02,2.522721867443940974e-02,2.138868633815117770e-02,1.549458243109126943e-01,1.757180771891083682e-01,1.654185043242340503e-01,1.523145738244491287e-01
1.370000000000000107e+00,2.686385215778593072e-02,5.639442688325168457e-02,7.689648277214386485e-02,6.851424207208564598e-02,2.922895978487012325e-01,1.469199402109813424e-01,7.797832576043799147e-02,3.695736814469947062e-01,9.220129151551379465e-01,3.058976706916986463e-02,1.231656818383308405e+01,2.212789070364727315e-02,2.846606818560152088e-02,2.523229867042909788e-02,2.137893993148670679e-02,1.549178662305831233e-01,1.757094989800023765e-01,1.654283378196715615e-01,1.522735880683965259e-01
1.372500000000000053e+00,2.685794819755562765e-02,5.634448794789648912e-02,7.687259441445959407e-02,6.859499766728437142e-02,2.926268277387100714e-01,1.475838891686662158e-01,7.792856013023267969e-02,3.699779697771540810e-01,9.220898378205809598e-01,3.094844770159812380e-02,1.232349452482929131e+01,2.212171425498430169e-02,2.846558906859052857e-02,2.523738081367455852e-02,2.136918089957444422e-02,1.548897829735576548e-01,1.757006911578631592e-01,1.654380957610245839e-01,1.522324790987985843e-01
1.375000000000000000e+00,2.685214961668833805e-02,5.629429458527363678e-02,7.684859138315494609e-02,6.867424084823184338e-02,2.929645496681215766e-01,1.482484767780924140e-01,7.787874908004514818e-02,3.703812052344866435e-01,9.221676578057067530e-01,3.130762280535761416e-02,1.233043451817740710e+01,2.211552366616992629e-02,2.846506286508831626e-02,2.524246510792511541e-02,2.135940932984781160e-02,1.548615744582947651e-01,1.756916535715286332e-01,1.654477780533672171e-01,1.521912471732579097e-01
1.377499999999999947e+00,2.684645816711444741e-02,5.624384866251063569e-02,7.682447426955725522e-02,6.875196122924920328e-02,2.933027744039152229e-01,1.489137027534719326e-01,7.782889382106157605e-02,3.707833808498040562e-01,9.222463763466037800e-01,3.166729230276861540e-02,1.233738818538538951e+01,2.210931893050498837e-02,2.846448954882182386e-02,2.524755155685553046e-02,2.134962530999106461e-02,1.548332406018998741e-01,1.756823860711640151e-01,1.654573846018835837e-01,1.521498925510178790e-01
1.380000000000000115e+00,2.684087561707900263e-02,5.619315204103297878e-02,7.680024366525683988e-02,6.882814863489747359e-02,2.936415127522262747e-01,1.495795667660962114e-01,7.777899556594830566e-02,3.711844896046686548e-01,9.223259946791216857e-01,3.202745608010239969e-02,1.234435554807221536e+01,2.210310004075828269e-02,2.846386909378711624e-02,2.525264016406587181e-02,2.133982892794048999e-02,1.548047813201294531e-01,1.756728885082829705e-01,1.654669153118770442e-01,1.521084154929760457e-01
1.382500000000000062e+00,2.683540375095799443e-02,5.614220657607823378e-02,7.677590016205007584e-02,6.890279310000993473e-02,2.939807755573379811e-01,1.502460684446884631e-01,7.772905552885681080e-02,3.715845244331922870e-01,9.224065140387807116e-01,3.238811398797199204e-02,1.235133662796795662e+01,2.209686698916561373e-02,2.846320147425294642e-02,2.525773093308137512e-02,2.133002027188553307e-02,1.547761965273957152e-01,1.756631607357689029e-01,1.654763700887793010e-01,1.520668162616971020e-01
1.385000000000000009e+00,2.683004436907052842e-02,5.609101411623242800e-02,7.675144435188217817e-02,6.897588486967551336e-02,2.943205737006494571e-01,1.509132073757691872e-01,7.767907492543034420e-02,3.719834782239111459e-01,9.224879356606840997e-01,3.274926584173805388e-02,1.235833144691387453e+01,2.209061976742891092e-02,2.846248666476430128e-02,2.526282386735229785e-02,2.132019943026978309e-02,1.547474861367709453e-01,1.756532026078957143e-01,1.654857488381594188e-01,1.520250951214250912e-01
1.387499999999999956e+00,2.682479928748671832e-02,5.603957650298985183e-02,7.672687682679024679e-02,6.904741439917395918e-02,2.946609180996170863e-01,1.515809831040333677e-01,7.762905497281259726e-02,3.723813438217352667e-01,9.225702607794292742e-01,3.311091142193040016e-02,1.236534002686249245e+01,2.208435836671543417e-02,2.846172464014588843e-02,2.526791897025379083e-02,2.131036649179187531e-02,1.547186500599924130e-01,1.756430139803487334e-01,1.654950514657327065e-01,1.519832523380955924e-01
1.390000000000000124e+00,2.681967033783149573e-02,5.598789557033756470e-02,7.670219817884631197e-02,6.911737235386410105e-02,2.950018197066682779e-01,1.522493951327429651e-01,7.757899688965806673e-02,3.727781140299719076e-01,9.226534906290220217e-01,3.347305047468508016e-02,1.237236238987768289e+01,2.207808277765701752e-02,2.846091537550561948e-02,2.527301624508575609e-02,2.130052154540627851e-02,1.546896882074670909e-01,1.756325947102449769e-01,1.655042778773697099e-01,1.519412881793469339e-01
1.392500000000000071e+00,2.681465936708409686e-02,5.593597314436696971e-02,7.667740900010013017e-02,6.918574960902761084e-02,2.953432895080891907e-01,1.529184429241317589e-01,7.752890189614462801e-02,3.731737816124221507e-01,9.227376264427912256e-01,3.383568271219693224e-02,1.237939855813478829e+01,2.207179299034940992e-02,2.846005884623804480e-02,2.527811569507270109e-02,2.129066468032394729e-02,1.546606004882766505e-01,1.756219446561535780e-01,1.655134279791045937e-01,1.518992029145310729e-01
1.395000000000000018e+00,2.680976823737369827e-02,5.588381104291261642e-02,7.665250988252228503e-02,6.925253724966740076e-02,2.956853385228856435e-01,1.535881258998252341e-01,7.747877121398731581e-02,3.735683392955478355e-01,9.228226694533038232e-01,3.419880781318723750e-02,1.238644855392070987e+01,2.206548899435166466e-02,2.845915502802776748e-02,2.528321732336359998e-02,2.128079598601287023e-02,1.546313868101826527e-01,1.756110636781158252e-01,1.655225016771440516e-01,1.518569968147240323e-01
1.397499999999999964e+00,2.680499882577055959e-02,5.583141107522106988e-02,7.662750141794719139e-02,6.931772657026431805e-02,2.960279778016173258e-01,1.542584434412727079e-01,7.742860606645492194e-02,3.739617797707100455e-01,9.229086208922826495e-01,3.456242542338675700e-02,1.239351239963403195e+01,2.205917077868562240e-02,2.845820389685280172e-02,2.528832113303175477e-02,2.127091555219849661e-02,1.546020470796316271e-01,1.755999516376648972e-01,1.655314988778755769e-01,1.518146701527353648e-01
1.400000000000000133e+00,2.680035302407323544e-02,5.577877504165023453e-02,7.660238419801569665e-02,6.938130907449177598e-02,2.963712184252044746e-01,1.549293948901967477e-01,7.737840767838714828e-02,3.743540956964757083e-01,9.229954819905239471e-01,3.492653515603355574e-02,1.240059011778515163e+01,2.205283833183545317e-02,2.845720542898791394e-02,2.529342712707464969e-02,2.126102346886402095e-02,1.545725812017606227e-01,1.755886083978454304e-01,1.655404194878759561e-01,1.517722232031176177e-01
1.402500000000000080e+00,2.679583273859157191e-02,5.572590473340104794e-02,7.657715881411794601e-02,6.944327647489130506e-02,2.967150715037073505e-01,1.556009795490537473e-01,7.732817727621442427e-02,3.747452797009925285e-01,9.230832539778169865e-01,3.529113659238621026e-02,1.240768173099640315e+01,2.204649164174727824e-02,2.845615960100792916e-02,2.529853530841380538e-02,2.125111982625055296e-02,1.545429890804026762e-01,1.755770338232328642e-01,1.655492634139195118e-01,1.517296562421746875e-01
1.405000000000000027e+00,2.679143988992560219e-02,5.567280193228339030e-02,7.655182585733585898e-02,6.950362069250762276e-02,2.970595481750779587e-01,1.562731966815119333e-01,7.727791608797922318e-02,3.751353243844282037e-01,9.231719380828646848e-01,3.565622928225135879e-02,1.241478726200220528e+01,2.204013069582888215e-02,2.845506638979097835e-02,2.530364567989462979e-02,2.124120471485715228e-02,1.545132706180924742e-01,1.755652277799524541e-01,1.655580305629860416e-01,1.516869695479698410e-01
1.407499999999999973e+00,2.678717641274023370e-02,5.561946841051661206e-02,7.652638591838561988e-02,6.956233385648814826e-02,2.974046596038857904e-01,1.569460455129416399e-01,7.722762534335891882e-02,3.755242223214758646e-01,9.232615355332061124e-01,3.602181274452616322e-02,1.242190673364922482e+01,2.203375548094948025e-02,2.845392577252172164e-02,2.530875824428627588e-02,2.123127822544072091e-02,1.544834257160721813e-01,1.755531901356980617e-01,1.655667208422690329e-01,1.516441634003329320e-01
1.409999999999999920e+00,2.678304425553587956e-02,5.556590593056694172e-02,7.650083958755982128e-02,6.961940830364499178e-02,2.977504169800148648e-01,1.576195252309226802e-01,7.717730627369043250e-02,3.759119660639200777e-01,9.233520475551392215e-01,3.638788646775541202e-02,1.242904016889652752e+01,2.202736598343957644e-02,2.845273772669454013e-02,2.531387300428148551e-02,2.122134044901575686e-02,1.544534542742973804e-01,1.755409207597506127e-01,1.655753341591834349e-01,1.516012380808672566e-01
1.412500000000000089e+00,2.677904538041510699e-02,5.551211624502340458e-02,7.647518745466932999e-02,6.967483657798333174e-02,2.980968315173330718e-01,1.582936349857655689e-01,7.712696011199665636e-02,3.762985481432650214e-01,9.234434753736457946e-01,3.675444991070252188e-02,1.243618759081576286e+01,2.202096218909091463e-02,2.845150223011666188e-02,2.531898996249644027e-02,2.121139147685397602e-02,1.544233561914433173e-01,1.755284195229964705e-01,1.655838704213732637e-01,1.515581938729554379e-01
1.415000000000000036e+00,2.677518176284485185e-02,5.545810109651209269e-02,7.644943010898500035e-02,6.972861143019538910e-02,2.984439144523353682e-01,1.589683738910476207e-01,7.707658809301390357e-02,3.766839610734213917e-01,9.235358202123181703e-01,3.712150250293517334e-02,1.244334902259134346e+01,2.201454408315648911e-02,2.845021926091126016e-02,2.532410912147060877e-02,2.120143140048378477e-02,1.543931313649110071e-01,1.755156862979451171e-01,1.655923295367193460e-01,1.515150310617648099e-01
1.417499999999999982e+00,2.677145539141504230e-02,5.540386221765243591e-02,7.642356813917919323e-02,6.978072581712289890e-02,2.987916770427589408e-01,1.596437410241659804e-01,7.702619145322213423e-02,3.770681973534492082e-01,9.236290832932866346e-01,3.748904364542484519e-02,1.245052448752064223e+01,2.200811165035065908e-02,2.844888879752051694e-02,2.532923048366659061e-02,2.119146031168960345e-02,1.543627796908337568e-01,1.755027209587470827e-01,1.656007114133466462e-01,1.514717499342521090e-01
1.419999999999999929e+00,2.676786826759258373e-02,5.534940133105437782e-02,7.639760213326644844e-02,6.983117290118824594e-02,2.991401305661693932e-01,1.603197354269024766e-01,7.697577143087498686e-02,3.774512494703570198e-01,9.237232658371489213e-01,3.785707271115985872e-02,1.245771400901420556e+01,2.200166487484933250e-02,2.844751081870862050e-02,2.533435405146995667e-02,2.118147830251104757e-02,1.543323010640836324e-01,1.754895233812110156e-01,1.656090159596315947e-01,1.514283507791674421e-01
1.422500000000000098e+00,2.676442240547183965e-02,5.529472014935982171e-02,7.637153267854435157e-02,6.987994604979654023e-02,2.994892863185225074e-01,1.609963561060085979e-01,7.692532926603312671e-02,3.778331099019525130e-01,9.238183690629009348e-01,3.822558904577239014e-02,1.246491761059597714e+01,2.199520374029025407e-02,2.844608530356472834e-02,2.533947982718909656e-02,2.117148546524194944e-02,1.543016953782783141e-01,1.754760934428208352e-01,1.656172430842091092e-01,1.513848338870575627e-01
1.425000000000000044e+00,2.676111983152071327e-02,5.523982037532827738e-02,7.634536036153363736e-02,6.992703883470904880e-02,2.998391556126959179e-01,1.616736020338013502e-01,7.687486620059763576e-02,3.782137711197451346e-01,9.239143941878685817e-01,3.859459196817878468e-02,1.247213531590352353e+01,2.198872822977335911e-02,2.844461223150588150e-02,2.534460781305504506e-02,2.116148189242923403e-02,1.542709625257879802e-01,1.754624310227524964e-01,1.656253926959798117e-01,1.513411995502685903e-01
1.427499999999999991e+00,2.675796258432280167e-02,5.518470370196804781e-02,7.631908576791796017e-02,6.997244503138955185e-02,3.001897497769947520e-01,1.623514721487769596e-01,7.682438347834581738e-02,3.785932255918958989e-01,9.240113424276430454e-01,3.896408077123295760e-02,1.247936714868828645e+01,2.198223832586123846e-02,2.844309158227987383e-02,2.534973801122132608e-02,2.115146767687163532e-02,1.542401023977422736e-01,1.754485360018902540e-01,1.656334647041164954e-01,1.512974480629475094e-01
1.429999999999999938e+00,2.675495271431555661e-02,5.512937181271511389e-02,7.629270948248287332e-02,7.001615861832537202e-02,3.005410801536305687e-01,1.630299653562383155e-01,7.677388234496758390e-02,3.789714657862157665e-01,9.241092149960156155e-01,3.933405472239299983e-02,1.248661313281583496e+01,2.197573401057967626e-02,2.844152333596806567e-02,2.535487042376377911e-02,2.114144291161825992e-02,1.542091148840374903e-01,1.754344082628427615e-01,1.656414590180710911e-01,1.512535797210436128e-01
1.432500000000000107e+00,2.675209228352459778e-02,5.507382638165950195e-02,7.626623208905501661e-02,7.005817377632302112e-02,3.008931580971718200e-01,1.637090805289393713e-01,7.672336404810410626e-02,3.793484841732051582e-01,9.242080131049149605e-01,3.970451306440010014e-02,1.249387329226614796e+01,2.196921526541829872e-02,2.843990747298814556e-02,2.536000505268039967e-02,2.113140768996699462e-02,1.541779998733441848e-01,1.754200476899587802e-01,1.656493755475809682e-01,1.512095948223087516e-01
1.435000000000000053e+00,2.674938336529375862e-02,5.501806907382095213e-02,7.623965417043944426e-02,7.009848488778178122e-02,3.012459949729697772e-01,1.643888165077433405e-01,7.667282983738671343e-02,3.797242732291379874e-01,9.243077379643466207e-01,4.007545501597073456e-02,1.250114765113388771e+01,2.196268207133129230e-02,2.843824397409685026e-02,2.536514189989115542e-02,2.112136210546273346e-02,1.541467572531144969e-01,1.754054541693426117e-01,1.656572142026752625e-01,1.511654936662969184e-01
1.437500000000000000e+00,2.674682804401140590e-02,5.496210154547503252e-02,7.621297630835800752e-02,7.013708653594347142e-02,3.015996021555552575e-01,1.650691721022951031e-01,7.662228096447833148e-02,3.800988254391821086e-01,9.244083907823330559e-01,4.044687977250014527e-02,1.250843623362871604e+01,2.195613440873823291e-02,2.843653282039262237e-02,2.537028096723781614e-02,2.111130625189547305e-02,1.541153869095899243e-01,1.753906275888690858e-01,1.656649748936811772e-01,1.511212765543631098e-01
1.439999999999999947e+00,2.674442841483285621e-02,5.490592544453015700e-02,7.618619908338526703e-02,7.017397350412277190e-02,3.019539910270105931e-01,1.657501460917105429e-01,7.657171868311488105e-02,3.804721333005605111e-01,9.245099727648579124e-01,4.081878650677873976e-02,1.251573906407559100e+01,2.194957225752501226e-02,2.843477399331821934e-02,2.537542225648377683e-02,2.110124022329822394e-02,1.540838887278092595e-01,1.753755678381981320e-01,1.656726575312297001e-01,1.510769437896614387e-01
1.442500000000000115e+00,2.674218658339874363e-02,5.484954241095694322e-02,7.615932307488516850e-02,7.020914077491675898e-02,3.023091729753150658e-01,1.664317372252786809e-01,7.652114424914896462e-02,3.808441893257434319e-01,9.246124851158084024e-01,4.119117436971982821e-02,1.252305616691509726e+01,2.194299559704484398e-02,2.843296747466325658e-02,2.538056576931387379e-02,2.109116411394475893e-02,1.540522625916166399e-01,1.753602748087892682e-01,1.656802620262615988e-01,1.510324956771424698e-01
1.445000000000000062e+00,2.674010466554957097e-02,5.479295407727008405e-02,7.613234886094619180e-02,7.024258352939606598e-02,3.026651593926644734e-01,1.671139442231785177e-01,7.647055892059416438e-02,3.812149860456741646e-01,9.247159290369226792e-01,4.156404249109878213e-02,1.253038756670380138e+01,2.193640440611939121e-02,2.843111324656671240e-02,2.538571150733420420e-02,2.108107801834721226e-02,1.540205083836697908e-01,1.753447483939154505e-01,1.656877882900329446e-01,1.509879325235496117e-01
1.447500000000000009e+00,2.673818478703638563e-02,5.473616206906437021e-02,7.610527701831600045e-02,7.027429714627848878e-02,3.030219616737644395e-01,1.677967657772100885e-01,7.641996395767061689e-02,3.815845160130247882e-01,9.248203057277379902e-01,4.193738998030373949e-02,1.253773328811458221e+01,2.192979866303997397e-02,2.842921129151936011e-02,2.539085947207193883e-02,2.107098203125349137e-02,1.539886259854484074e-01,1.753289884886765349e-01,1.656952362341205243e-01,1.509432546374149808e-01
1.449999999999999956e+00,2.673642908322785769e-02,5.467916800560485013e-02,7.607810812233491149e-02,7.030427720108571588e-02,3.033795912140990203e-01,1.684802005515397827e-01,7.636936062285162863e-02,3.819527718054774867e-01,9.249256163855396062e-01,4.231121592709694013e-02,1.254509335593703945e+01,2.192317834556888403e-02,2.842726159236614453e-02,2.539600966497513115e-02,2.106087624764453256e-02,1.539566152772628427e-01,1.753129949900126272e-01,1.657026057704271416e-01,1.508984623290543781e-01
1.452500000000000124e+00,2.673483969881316341e-02,5.462197350047232752e-02,7.605084274686919887e-02,7.033251946528515375e-02,3.037380594081748875e-01,1.691642471834570172e-01,7.631875018091184570e-02,3.823197460290326255e-01,9.250318622053143036e-01,4.268551940238721198e-02,1.255246779507784183e+01,2.191654343094080748e-02,2.842526413230851007e-02,2.540116208741251616e-02,2.105076076273139016e-02,1.539244761382627669e-01,1.752967677967168236e-01,1.657098968111865578e-01,1.508535559105612378e-01
1.455000000000000071e+00,2.673341878750123621e-02,5.456458016226410634e-02,7.602348146424267594e-02,7.035901990541693074e-02,3.040973776477395862e-01,1.698489042841465346e-01,7.626813389897553475e-02,3.826854313213368108e-01,9.251390443797034013e-01,4.306029945901233835e-02,1.255985663056114809e+01,2.190989389586433730e-02,2.842321889490664888e-02,2.540631674067332993e-02,2.104063567195215215e-02,1.538922084464462159e-01,1.752803068094475059e-01,1.657171092689684322e-01,1.508085356958001055e-01
1.457500000000000018e+00,2.673216851171651351e-02,5.450698959535127397e-02,7.599602484516797263e-02,7.038377468220771704e-02,3.044575573199763685e-01,1.705341704394707225e-01,7.621751304656700088e-02,3.830498203550312120e-01,9.252471640989575752e-01,4.343555513253184036e-02,1.256725988752901912e+01,2.190322971652360062e-02,2.842112586408171437e-02,2.541147362596709799e-02,2.103050107096869278e-02,1.538598120786688339e-01,1.752636119307405538e-01,1.657242430566829849e-01,1.507634020003992270e-01
1.459999999999999964e+00,2.673109104229068680e-02,5.444920340069255710e-02,7.596847345867645263e-02,7.040678014967169385e-02,3.048186098056749893e-01,1.712200442107660592e-01,7.616688889566121390e-02,3.834129058411174240e-01,9.253562225508966677e-01,4.381128544202962660e-02,1.257467759124184603e+01,2.189655086857998992e-02,2.841898502411794106e-02,2.541663274442343065e-02,2.102035705566324825e-02,1.538272869106530050e-01,1.752466830650207530e-01,1.657312980875853825e-01,1.507181551417420828e-01
1.462500000000000133e+00,2.673018855815090591e-02,5.439122317670449375e-02,7.594082787204729790e-02,7.042803285420080883e-02,3.051805464773802434e-01,1.719065241356488860e-01,7.611626272073566957e-02,3.837746805323360988e-01,9.254662209208678325e-01,4.418748939092596167e-02,1.258210976707879958e+01,2.188985732717399144e-02,2.841679635966472620e-02,2.542179409709182172e-02,2.101020372213483617e-02,1.537946328169975674e-01,1.752295201186131746e-01,1.657382742752800953e-01,1.506727954389584512e-01
1.465000000000000080e+00,2.672946324600420850e-02,5.433305052018989889e-02,7.591308865073541357e-02,7.044752953364348536e-02,3.055433786975156329e-01,1.725936087288335030e-01,7.606563579882331949e-02,3.841351372265589537e-01,9.255771603917084533e-01,4.456416596779887856e-02,1.258955644053828848e+01,2.188314906692713155e-02,2.841455985573864210e-02,2.542695768494144040e-02,2.100004116669549822e-02,1.537618496711875005e-01,1.752121229997538054e-01,1.657451715337248666e-01,1.506273232129143880e-01
1.467500000000000027e+00,2.672891730001842811e-02,5.427468702732225064e-02,7.588525635829847238e-02,7.046526711637483842e-02,3.059071178164864957e-01,1.732812964829600066e-01,7.601500940956611163e-02,3.844942687701897177e-01,9.256890421437095062e-01,4.494131414721422996e-02,1.259701763723843548e+01,2.187642606194402373e-02,2.841227549772537206e-02,2.543212350886090919e-02,2.098986948586636231e-02,1.537289373456038333e-01,1.751944916186000401e-01,1.657519897772345430e-01,1.505817387862015411e-01
1.469999999999999973e+00,2.672855292149961190e-02,5.421613429468885581e-02,7.585733155632257141e-02,7.048124272035721782e-02,3.062717751707605407e-01,1.739695858694317310e-01,7.596438483526986307e-02,3.848520680615705736e-01,9.258018673545815869e-01,4.531893289056468377e-02,1.260449338291756582e+01,2.186968828581452653e-02,2.840994327138159081e-02,2.543729156965808882e-02,2.097968877637356941e-02,1.536958957115337199e-01,1.751766258872405890e-01,1.657587289204849601e-01,1.505360424831256871e-01
1.472499999999999920e+00,2.672837231856565673e-02,5.415739392039044947e-02,7.582931480434680627e-02,7.049545365219318793e-02,3.066373620809275113e-01,1.746584753392610712e-01,7.591376336095964628e-02,3.852085280543951495e-01,9.259156371994237134e-01,4.569702114691676087e-02,1.261198370343473307e+01,2.186293571161601612e-02,2.840756316283678598e-02,2.544246186805985965e-02,2.096949913514399230e-02,1.536627246391808199e-01,1.751585257197049161e-01,1.657653888785159679e-01,1.504902346296941307e-01
1.475000000000000089e+00,2.672837770581659028e-02,5.409846750519857472e-02,7.580120665978686001e-02,7.050789740617169343e-02,3.070038898497374769e-01,1.753479633239240498e-01,7.586314627443635494e-02,3.855636417611208455e-01,9.260303528506923509e-01,4.607557785386599131e-02,1.261948862477021294e+01,2.185616831191575585e-02,2.840513515859499974e-02,2.544763440471189270e-02,2.095930065930082589e-02,1.536294239976759013e-01,1.751401910319726196e-01,1.657719695667351223e-01,1.504443155536027976e-01
1.477500000000000036e+00,2.672857130400151451e-02,5.403935665377004871e-02,7.577300767785709323e-02,7.051857166330745275e-02,3.073713697601205830e-01,1.760380482362214061e-01,7.581253486633371397e-02,3.859174022563824913e-01,9.261460154781747667e-01,4.645460193839962004e-02,1.262700817302606282e+01,2.184938605877339429e-02,2.840265924553650456e-02,2.545280918017842411e-02,2.094909344615897631e-02,1.535959936550873872e-01,1.751216217419818422e-01,1.657784709009203217e-01,1.503982855842220523e-01
1.479999999999999982e+00,2.672895533968167037e-02,5.398006297591790431e-02,7.574471841149163498e-02,7.052747429037528604e-02,3.077398130731855419e-01,1.767287284711459294e-01,7.576193043017666329e-02,3.862698026804012308e-01,9.262626262489638274e-01,4.683409231776678588e-02,1.263454237442665828e+01,2.184258892374357081e-02,2.840013541091941651e-02,2.545798619494201928e-02,2.093887759322031125e-02,1.535624334784324307e-01,1.751028177696375421e-01,1.657848927972227493e-01,1.503521450525818481e-01
1.482499999999999929e+00,2.672953204489071297e-02,5.392058808793937646e-02,7.571633941126400258e-02,7.053460333893903089e-02,3.081092310262011913e-01,1.774200024067563441e-01,7.571133426244024134e-02,3.866208362423881328e-01,9.263801863274334636e-01,4.721404790035559074e-02,1.264209125531927924e+01,2.183577687787862168e-02,2.839756364238124609e-02,2.546316544940333340e-02,2.092865319816872988e-02,1.535287433336879614e-01,1.750837790368194036e-01,1.657912351721695654e-01,1.503058942913563234e-01
1.485000000000000098e+00,2.673030365679099005e-02,5.386093361399896945e-02,7.568787122530558353e-02,7.053995704437762693e-02,3.084796348305591240e-01,1.781118684050534973e-01,7.566074766260935669e-02,3.869704962239415291e-01,9.264986968752190188e-01,4.759446758657703835e-02,1.264965484217467129e+01,2.182894989173141467e-02,2.839494392794036579e-02,2.546834694388087211e-02,2.091842035886507661e-02,1.534949230858020930e-01,1.750645054673891921e-01,1.657974979426660722e-01,1.502595336348470367e-01
1.487500000000000044e+00,2.673127241732726686e-02,5.380110118756782633e-02,7.565931439922271573e-02,7.054353382490625990e-02,3.088510356697194426e-01,1.788043248128622087e-01,7.561017193323939234e-02,3.873187759824305298e-01,9.266181590511972654e-01,4.797535026975509320e-02,1.265723316158766742e+01,2.182210793535829460e-02,2.839227625599742219e-02,2.547353067861075210e-02,2.090817917334189535e-02,1.534609725987056417e-01,1.750449969871976652e-01,1.658036810259979899e-01,1.502130634189659530e-01
1.489999999999999991e+00,2.673244057287643000e-02,5.374109245291686793e-02,7.563066947601264356e-02,7.054533228059635397e-02,3.092234446971398043e-01,1.794973699627128716e-01,7.555960838001787860e-02,3.876656689543698242e-01,9.267385740114715276e-01,4.835669483702303983e-02,1.266482624027777781e+01,2.181525097832213989e-02,2.838956061533667169e-02,2.547871665374644434e-02,2.089792973979800669e-02,1.534268917353238670e-01,1.750252535240908736e-01,1.658097843398332605e-01,1.501664839812171803e-01
1.492499999999999938e+00,2.673381037389447462e-02,5.368090906666431877e-02,7.560193699597787809e-02,7.054535119239226104e-02,3.095968730341887576e-01,1.801910021737264389e-01,7.550905831182679051e-02,3.880111686587757736e-01,9.268599429093544728e-01,4.873850017022539338e-02,1.267243410508983104e+01,2.180837898969554059e-02,2.838679699512724683e-02,2.548390486935852087e-02,2.088767215659294990e-02,1.533926803575885733e-01,1.750052750079165442e-01,1.658158078022239634e-01,1.501197956606783734e-01
1.495000000000000107e+00,2.673538407456018187e-02,5.362055269937604507e-02,7.557311749663898903e-02,7.054358952112717296e-02,3.099713317680448665e-01,1.808852197524984939e-01,7.545852304080546968e-02,3.883552687005085158e-01,9.269822668953591194e-01,4.912076514682527789e-02,1.268005678299461358e+01,2.180149193806408744e-02,2.838398538492436368e-02,2.548909532543439799e-02,2.087740652224124790e-02,1.533583383264500999e-01,1.749850613705294378e-01,1.658217513316075920e-01,1.500729987979807500e-01
1.497500000000000053e+00,2.673716393241573272e-02,5.356002503721742081e-02,7.554421151264696654e-02,7.054004640653833980e-02,3.103468319495814587e-01,1.815800209939808507e-01,7.540800388241519769e-02,3.886979627735924203e-01,9.271055471171866236e-01,4.950348864081697414e-02,1.268769430108952534e+01,2.179458979152978232e-02,2.838112577467044248e-02,2.549428802187807264e-02,2.086713293540652658e-02,1.533238655018899499e-01,1.749646125457965384e-01,1.658276148468083022e-01,1.500260937352888846e-01
1.500000000000000000e+00,2.673915220800399811e-02,5.349932778365664582e-02,7.551521957569289067e-02,7.053472116628110855e-02,3.107233845912371617e-01,1.822754041823628213e-01,7.535750215550358899e-02,3.890392446645155600e-01,9.272297847197208398e-01,4.988666952364279039e-02,1.269534668659925458e+01,2.178767251771455971e-02,2.837821815469618314e-02,2.549948295850985869e-02,2.085685149489547446e-02,1.532892617429331972e-01,1.749439284696017449e-01,1.658333982670380513e-01,1.499790808162793088e-01
1.502499999999999947e+00,2.674135116450329988e-02,5.343846266121717731e-02,7.548614221441736494e-02,7.052761329494416920e-02,3.111010006648769477e-01,1.829713675919463767e-01,7.530701918237105164e-02,3.893791082555060901e-01,9.273549808450207710e-01,5.027030666511507484e-02,1.270301396687644058e+01,2.178074008376392617e-02,2.837526251572155406e-02,2.550468013506611634e-02,2.084656229965165322e-02,1.532545269076615035e-01,1.749230090798502557e-01,1.658391015118973744e-01,1.499319603861185568e-01
1.505000000000000115e+00,2.674376306735865363e-02,5.337743141327853241e-02,7.545697995431782656e-02,7.051872246306507830e-02,3.114796910996386892e-01,1.836679094880177276e-01,7.525655628883712311e-02,3.897175475277819268e-01,9.274811366323196804e-01,5.065439893434142693e-02,1.271069616940241254e+01,2.177379245635073166e-02,2.837225884885671151e-02,2.550987955119897108e-02,2.083626544874915554e-02,1.532196608532260251e-01,1.749018543164722050e-01,1.658447245013759119e-01,1.498847327914403504e-01
1.507500000000000062e+00,2.674639018391059692e-02,5.331623580592360911e-02,7.542773331765478817e-02,7.050804851614680957e-02,3.118594667797721653e-01,1.843650281277113834e-01,7.520611480430840212e-02,3.900545565647736135e-01,9.276082532180234264e-01,5.103894520065441892e-02,1.271839332178785753e+01,2.176682960167903788e-02,2.836920714560286702e-02,2.551508120647603961e-02,2.082596104138612070e-02,1.531846634358608461e-01,1.748804641214261324e-01,1.658502671558527430e-01,1.498373983803220066e-01
1.510000000000000009e+00,2.674923478302084975e-02,5.325487762983183160e-02,7.539840282335670552e-02,7.049559147367664980e-02,3.122403385424660227e-01,1.850627217608649122e-01,7.515569606184760443e-02,3.903901295553167672e-01,9.277363317357127936e-01,5.142394433454451630e-02,1.272610545177358077e+01,2.175985148548812212e-02,2.836610739785307492e-02,2.552028510038013495e-02,2.081564917687809407e-02,1.531495345108962736e-01,1.748588384387018690e-01,1.658557293960964130e-01,1.497899575022600405e-01
1.512499999999999956e+00,2.675229913469520659e-02,5.319335870221530982e-02,7.536898898692322157e-02,7.048135152814657967e-02,3.126223171756694619e-01,1.857609886308670133e-01,7.510530139824306284e-02,3.907242607968128278e-01,9.278653733161463801e-01,5.180939520859578762e-02,1.273383258723122680e+01,2.175285807305658500e-02,2.836295959789296092e-02,2.552549123230898886e-02,2.080532995465126170e-02,1.531142739327727986e-01,1.748369772143230361e-01,1.658611111432650997e-01,1.497424105081453238e-01
1.515000000000000124e+00,2.675558550970387472e-02,5.313168086879722224e-02,7.533949232032731425e-02,7.046532904407634690e-02,3.130054134159037660e-01,1.864598269754905446e-01,7.505493215407968433e-02,3.910569446983567787e-01,9.279953790872689234e-01,5.219529669842493114e-02,1.274157475616402735e+01,2.174584932920659019e-02,2.835976373840137787e-02,2.553069960157495003e-02,2.079500347423551485e-02,1.530788815550547244e-01,1.748148803963491538e-01,1.658664123189058370e-01,1.496947577502369398e-01
1.517500000000000071e+00,2.675909617919898856e-02,5.306984600582986128e-02,7.530991333191598691e-02,7.044752455703995331e-02,3.133896379460698878e-01,1.871592350277161698e-01,7.500458967381129494e-02,3.913881757838300612e-01,9.281263501742182953e-01,5.258164768362241087e-02,1.274933198670757939e+01,2.173882521830821507e-02,2.835651981245100248e-02,2.553591020740468565e-02,2.078466983525740358e-02,1.530433572304446266e-01,1.747925479348770295e-01,1.658716328449543198e-01,1.496469995821357868e-01
1.520000000000000018e+00,2.676283341432943857e-02,5.300785602215091902e-02,7.528025252630955733e-02,7.042793877269491742e-02,3.137750013932487647e-01,1.878592110165391293e-01,7.495427530583355369e-02,3.917179486949555201e-01,9.282582876993368259e-01,5.296844704869596576e-02,1.275710430713061250e+01,2.173178570428392284e-02,2.835322781350886265e-02,2.554112304893887617e-02,2.077432913743294113e-02,1.530077008107975645e-01,1.747699797820423118e-01,1.658767726437338219e-01,1.495991363587573508e-01
1.522499999999999964e+00,2.676679948585339655e-02,5.294571286127537635e-02,7.525051040429964200e-02,7.040657256581508983e-02,3.141615143264989696e-01,1.885597531677609406e-01,7.490399040255869834e-02,3.920462581943139901e-01,9.283911927821868471e-01,5.335569368401580498e-02,1.276489174583577046e+01,2.172473075061314568e-02,2.834988773543680937e-02,2.554633812523190994e-02,2.076398148056028334e-02,1.529719121471355692e-01,1.747471758920197127e-01,1.658818316379541691e-01,1.495511684363034499e-01
1.525000000000000133e+00,2.677099666374812073e-02,5.288341850352153845e-02,7.522068746274597484e-02,7.038342697932840897e-02,3.145491872546521406e-01,1.892608597047630015e-01,7.485373632049137360e-02,3.923730991683210267e-01,9.285250665395631264e-01,5.374338648676155877e-02,1.277269433136042842e+01,2.171766032033699972e-02,2.834649957249192609e-02,2.555155543525156753e-02,2.075362696451225550e-02,1.529359910896627428e-01,1.747241362210238957e-01,1.658868097507106842e-01,1.495030961722337570e-01
1.527500000000000080e+00,2.677542721681739832e-02,5.282097496816810095e-02,7.519078419447179640e-02,7.035850322335814033e-02,3.149380306241038596e-01,1.899625288492604591e-01,7.480351442030575004e-02,3.926984666301621130e-01,9.286599100855139621e-01,5.413152436187025629e-02,1.278051209237749042e+01,2.171057437606310758e-02,2.834306331932687217e-02,2.555677497787869207e-02,2.074326568922878894e-02,1.528999374877800521e-01,1.747008607273088931e-01,1.658917069054822446e-01,1.494549199252362681e-01
1.530000000000000027e+00,2.678009341229668772e-02,5.275838431564081749e-02,7.516080108815811900e-02,7.033180267426872301e-02,3.153280548166073616e-01,1.906647588220351242e-01,7.475332606692439152e-02,3.930223557226838471e-01,9.287957245313608334e-01,5.452010622298521930e-02,1.278834505769621011e+01,2.170347287997054231e-02,2.833957897099016743e-02,2.556199675190688053e-02,2.073289775470919458e-02,1.528637511901006218e-01,1.746773493711677727e-01,1.658965230261299217e-01,1.494066400551971596e-01
1.532499999999999973e+00,2.678499751545589461e-02,5.269564864972522272e-02,7.513073862823672899e-02,7.030332687371712574e-02,3.157192701470647456e-01,1.913675478436448196e-01,7.470317262959839943e-02,3.933447617212410541e-01,9.289325109857198282e-01,5.490913099340590658e-02,1.279619325626303805e+01,2.169635579381488932e-02,2.833604652292643841e-02,2.556722075604214370e-02,2.072252326100433931e-02,1.528274320444653334e-01,1.746536021149318607e-01,1.659012580368947609e-01,1.493582569231700907e-01
1.535000000000000142e+00,2.679014178919993105e-02,5.263277011980369707e-02,7.510059729478187063e-02,7.027307752770908800e-02,3.161116868613219055e-01,1.920708941351086385e-01,7.465305548198927776e-02,3.936656800364977671e-01,9.290702705545303974e-01,5.529859760703766114e-02,1.280405671716244775e+01,2.168922307893342283e-02,2.833246597097658151e-02,2.557244698890256615e-02,2.071214230820869751e-02,1.527909798979582845e-01,1.746296189229690488e-01,1.659059118623955331e-01,1.493097708913446453e-01
1.537500000000000089e+00,2.679552849366736642e-02,5.256975092311406278e-02,7.507037756340130541e-02,7.024105650566075942e-02,3.165053151339665694e-01,1.927747959185642512e-01,7.460297600225278269e-02,3.939851062171807472e-01,9.292090043410790035e-01,5.568850500934189457e-02,1.281193546961779894e+01,2.168207469625039671e-02,2.832883731137789129e-02,2.557767544901797321e-02,2.070175499645227762e-02,1.527543945969229988e-01,1.746053997616824061e-01,1.659104844276264312e-01,1.492611823230143575e-01
1.540000000000000036e+00,2.680115988582652126e-02,5.250659330702655420e-02,7.504007990512585879e-02,7.020726583946580723e-02,3.169001650661287250e-01,1.934792514178968470e-01,7.455293557312411834e-02,3.943030359527851525e-01,9.293487134460323151e-01,5.607885215828575104e-02,1.281982954299219379e+01,2.167491060628246383e-02,2.832516054076413339e-02,2.558290613482958054e-02,2.069136142589245164e-02,1.527176759869783018e-01,1.745809445995077647e-01,1.659149756579542945e-01,1.492124915825437936e-01
1.542499999999999982e+00,2.680703821907002432e-02,5.244329957133678222e-02,7.500970478629807869e-02,7.017170772256894895e-02,3.172962466832894290e-01,1.941842588593388486e-01,7.450293558200571375e-02,3.946194650762297473e-01,9.294893989674684054e-01,5.646963802529127857e-02,1.282773896678936154e+01,2.166773076914419588e-02,2.832143565616556877e-02,2.558813904468964021e-02,2.068096169670566656e-02,1.526808239130346412e-01,1.745562534069113880e-01,1.659193854791154721e-01,1.491636990353353565e-01
1.544999999999999929e+00,2.681316574280720108e-02,5.237987207057147321e-02,7.497925266845983927e-02,7.013438450904536936e-02,3.176935699330934448e-01,1.948898164720357651e-01,7.445297742105634609e-02,3.949343895664627624e-01,9.296310620009116121e-01,5.686086159618403135e-02,1.283566377065452357e+01,2.166053514455372475e-02,2.831766265500892943e-02,2.559337417686107993e-02,2.067055590907904139e-02,1.526438382193108234e-01,1.745313261563869456e-01,1.659237138172129644e-01,1.491148050477950071e-01
1.547500000000000098e+00,2.681954470205472410e-02,5.231631321630449832e-02,7.494872400823936187e-02,7.009529871268591061e-02,3.180921446831723731e-01,1.955959224885786829e-01,7.440306248728291438e-02,3.952478055510137978e-01,9.297737036393700638e-01,5.725252187214024957e-02,1.284360398437528694e+01,2.165332369183849484e-02,2.831384153511734905e-02,2.559861152951713875e-02,2.066014416320187744e-02,1.526067187493506117e-01,1.745061628224522932e-01,1.659279605987127870e-01,1.490658099872979314e-01
1.550000000000000044e+00,2.682617733702533092e-02,5.225262547947891884e-02,7.491811925723702859e-02,7.005445300608986736e-02,3.184919807189757757e-01,1.963025751455001466e-01,7.435319218263450325e-02,3.955597093084960991e-01,9.299173249733743152e-01,5.764461787063297760e-02,1.285155963788255029e+01,2.164609636994113337e-02,2.830997229471026236e-02,2.560385110074099579e-02,2.064972655925706099e-02,1.525694653460397954e-01,1.744807633816459203e-01,1.659321257504404457e-01,1.490167142221532348e-01
1.552499999999999991e+00,2.683306588271514026e-02,5.218881139273379155e-02,7.488743886191089050e-02,7.001185021976329137e-02,3.188930877416144560e-01,1.970097726837324870e-01,7.430336791409863917e-02,3.958700972710518795e-01,9.300619270910204239e-01,5.803714862637630173e-02,1.285953076125139205e+01,2.163885313742542824e-02,2.830605493240324205e-02,2.560909288852539212e-02,2.063930319741236891e-02,1.525320778516232878e-01,1.744551278125228144e-01,1.659362091995769672e-01,1.489675181215681099e-01
1.554999999999999938e+00,2.684021256848910172e-02,5.212487355273068279e-02,7.485668326346082979e-02,6.996749334122516484e-02,3.192954753657141209e-01,1.977175133490261527e-01,7.425359109380023914e-02,3.961789660267466262e-01,9.302075110780141376e-01,5.843011319226799893e-02,1.286751738470200834e+01,2.163159395248242037e-02,2.830208944720782535e-02,2.561433689077224213e-02,2.062887417781168048e-02,1.524945561077225009e-01,1.744292560956502425e-01,1.659402108736547643e-01,1.489182220556114489e-01
1.557500000000000107e+00,2.684761961766506805e-02,5.206081462247764968e-02,7.482585289771284676e-02,6.992138551411948566e-02,3.196991531172836964e-01,1.984257953923259377e-01,7.420386313910323772e-02,3.964863123219056762e-01,9.303540780177165237e-01,5.882351064032982635e-02,1.287551953860059584e+01,2.162431877293660362e-02,2.829807583853129194e-02,2.561958310529224847e-02,2.061843960056610262e-02,1.524568999553529702e-01,1.744031482136030597e-01,1.659441307005534161e-01,1.488688263951770396e-01
1.560000000000000053e+00,2.685528924709634779e-02,5.199663733364714990e-02,7.479494819500250025e-02,6.987353003733583201e-02,3.201041304315983549e-01,1.991346170701040474e-01,7.415418547271536431e-02,3.967921330633970567e-01,9.305016289911935967e-01,5.921734006264554179e-02,1.288353725346031986e+01,2.161702755625222877e-02,2.829401410617641416e-02,2.562483152980449611e-02,2.060799956574500477e-02,1.524191092349421184e-01,1.743768041509587419e-01,1.659479686084949224e-01,1.488193315119460125e-01
1.562500000000000000e+00,2.686322366675299514e-02,5.193234448888436189e-02,7.476396958005762650e-02,6.982393036413574172e-02,3.205104166510995278e-01,1.998439766446471200e-01,7.410455952279516867e-02,3.970964253208555395e-01,9.306501650772686096e-01,5.961160057229623194e-02,1.289157055994220080e+01,2.160972025953973238e-02,2.828990425034118988e-02,2.563008216193604985e-02,2.059755417336697758e-02,1.523811837863471574e-01,1.743502238942920834e-01,1.659517245260389018e-01,1.487697377783488428e-01
1.564999999999999947e+00,2.687142507930178822e-02,5.186793896410259175e-02,7.473291747188137712e-02,6.977259010128772365e-02,3.209180210233092412e-01,2.005538723842975046e-01,7.405498672306326524e-02,3.973991863288525161e-01,9.307996873525734571e-01,6.000629130429300379e-02,1.289961948885608933e+01,2.160239683956224552e-02,2.828574627161852678e-02,2.563533499922153805e-02,2.058710352339070820e-02,1.523431234488734076e-01,1.743234074321696192e-01,1.659553983820776790e-01,1.487200455675269650e-01
1.567500000000000115e+00,2.687989567968506952e-02,5.180342371076195745e-02,7.470179228363445223e-02,6.971951300820951325e-02,3.213269526987684310e-01,2.012643025636418614e-01,7.400546851291600614e-02,3.977004134890065878e-01,9.309501968916065184e-01,6.040141141650610945e-02,1.290768407116158656e+01,2.159505725274223770e-02,2.828154017099593701e-02,2.564059003910273971e-02,2.057664771570577242e-02,1.523049280612925049e-01,1.742963547551437675e-01,1.659589901058307893e-01,1.486702552532936650e-01
1.570000000000000062e+00,2.688863765469838227e-02,5.173880175812871351e-02,7.467059442251755552e-02,6.966470299611728090e-02,3.217372207289916353e-01,2.019752654636544076e-01,7.395600633754330355e-02,3.980001043720359788e-01,9.311016947667901666e-01,6.079696009059137873e-02,1.291576433796899614e+01,2.158770145516823724e-02,2.827728594985519719e-02,2.564584727892814733e-02,2.056618685012337119e-02,1.522665974618610252e-01,1.742690658557466965e-01,1.659624996268395936e-01,1.486203672100945561e-01
1.572500000000000009e+00,2.689765318256747556e-02,5.167407621551015767e-02,7.463932428965364130e-02,6.960816412718406898e-02,3.221488340644450554e-01,2.026867593717811555e-01,7.390660164804972732e-02,3.982982567197545509e-01,9.312541820485321642e-01,6.119293653291241197e-02,1.292386032054028000e+01,2.158032940260167648e-02,2.827298360997199111e-02,2.565110671595253328e-02,2.055572102636698054e-02,1.522281314883391079e-01,1.742415407284837459e-01,1.659659268749614225e-01,1.485703818129676945e-01
1.574999999999999956e+00,2.690694443252392501e-02,5.160925027446300328e-02,7.460798227997018917e-02,6.954990061370472376e-02,3.225618015525483773e-01,2.033987825819756345e-01,7.385725590157980747e-02,3.985948684470067005e-01,9.314076598052875022e-01,6.158933997545965738e-02,1.293197205029000862e+01,2.157294105048381330e-02,2.826863315351555925e-02,2.565636834733650215e-02,2.054525034406294928e-02,1.521895299780094968e-01,1.742137793698270432e-01,1.659692717803636086e-01,1.485202994375030561e-01
1.577500000000000124e+00,2.691651356438034062e-02,5.154432721097075565e-02,7.457656878208218654e-02,6.948991681726972292e-02,3.229761319356992955e-01,2.041113333946732999e-01,7.380797056144723645e-02,3.988899376435454669e-01,9.315621291036245699e-01,6.198616967676513767e-02,1.294009955878632567e+01,2.156553635394277413e-02,2.826423458304833103e-02,2.566163217014603634e-02,2.053477490273102751e-02,1.521507927676964966e-01,1.741857817782083429e-01,1.659725342735172415e-01,1.484701204598017632e-01
1.580000000000000071e+00,2.692636272810484954e-02,5.147931038758645633e-02,7.454508417817447274e-02,6.942821724794732974e-02,3.233918338493267375e-01,2.048244101167133457e-01,7.375874709726844280e-02,3.991834625758517441e-01,9.317175910082914347e-01,6.238342492281315904e-02,1.294824287775190008e+01,2.155811526780068710e-02,2.825978790152555709e-02,2.566689818135204151e-02,2.052429480177483251e-02,1.521119196937853468e-01,1.741575479540121707e-01,1.659757142851908673e-01,1.484198452564346737e-01
1.582500000000000018e+00,2.693649406339469754e-02,5.141420325553753418e-02,7.451352884388584563e-02,6.936480656347317197e-02,3.238089158199695117e-01,2.055380110611967903e-01,7.370958698510070295e-02,3.994754416888914861e-01,9.318740465822870078e-01,6.278110502794650993e-02,1.295640203906489951e+01,2.155067774658089852e-02,2.825529311229495188e-02,2.567216637782986088e-02,2.051381014047227655e-02,1.520729105922414282e-01,1.741290778995683020e-01,1.659788117464435220e-01,1.483694742044007475e-01
1.584999999999999964e+00,2.694690969924967011e-02,5.134900935678856498e-02,7.448190314819223834e-02,6.929968956844916039e-02,3.242273862633842652e-01,2.062521345472862200e-01,7.366049170758463827e-02,3.997658736078174568e-01,9.320314968869325423e-01,6.317920933576828824e-02,1.296457707475995669e+01,2.154322374451530381e-02,2.825075021909632944e-02,2.567743675635880685e-02,2.050332101796592185e-02,1.520337652986300525e-01,1.741003716191442674e-01,1.659818265886179312e-01,1.483190076810848024e-01
1.587500000000000133e+00,2.695761175354504519e-02,5.128373232605895615e-02,7.445020745329210266e-02,6.923287121355035934e-02,3.246472534826839174e-01,2.069667788999427771e-01,7.361146275409219397e-02,4.000547571396089186e-01,9.321899429819454630e-01,6.357773722003881578e-02,1.297276801702913929e+01,2.153575321555175129e-02,2.824615922606126331e-02,2.568270931362166137e-02,2.049282753325329734e-02,1.519944836481360306e-01,1.740714291189377760e-01,1.659847587433334881e-01,1.482684460642150759e-01
1.590000000000000080e+00,2.696860233260419890e-02,5.121837589279051861e-02,7.441844211449152868e-02,6.916435659474076680e-02,3.250685256665083456e-01,2.076819424495993105e-01,7.356250162087925315e-02,4.003420912746532001e-01,9.323493859255165273e-01,6.397668808556769560e-02,1.298097489822290740e+01,2.152826611336154314e-02,2.824152013771275352e-02,2.568798404620417988e-02,2.048232978517717379e-02,1.519550654755835450e-01,1.740422504070687770e-01,1.659876081424785932e-01,1.482177897318202320e-01
1.592500000000000027e+00,2.697988353077099624e-02,5.115294388306340645e-02,7.438660748009096046e-02,6.909415095249771266e-02,3.254912108872276555e-01,2.083976235317681613e-01,7.351360981124389904e-02,4.006278751882685341e-01,9.325098267743875402e-01,6.437606136910087318e-02,1.298919775085111361e+01,2.152076239134702654e-02,2.823683295896492473e-02,2.569326095059457429e-02,2.047182787241579732e-02,1.519155106154564117e-01,1.740128354935715771e-01,1.659903747182033540e-01,1.481670390621862843e-01
1.594999999999999973e+00,2.699145742998237951e-02,5.108744022145429720e-02,7.435470389127286917e-02,6.902225967104544391e-02,3.259153170991802573e-01,2.091138204865820582e-01,7.346478883569022844e-02,4.009121082421661653e-01,9.326712665839341776e-01,6.477585654020220907e-02,1.299743660758394626e+01,2.151324200264926462e-02,2.823209769512273828e-02,2.569854002318299260e-02,2.046132189347307090e-02,1.518758189019178140e-01,1.739831843903864583e-01,1.659930584029113976e-01,1.481161944338127145e-01
1.597500000000000142e+00,2.700332609934056813e-02,5.102186893283499475e-02,7.432273168199073077e-02,6.894868827759696728e-02,3.263408521369452475e-01,2.098305316582694813e-01,7.341604021209802156e-02,4.011947899858557265e-01,9.328337064082468100e-01,6.517607310212969463e-02,1.300569150125291884e+01,2.150570490015579414e-02,2.822731435188173890e-02,2.570382126026098807e-02,2.045081194666871841e-02,1.518359901688309255e-01,1.739532971113518511e-01,1.659956591292521266e-01,1.480652562253688131e-01
1.600000000000000089e+00,2.701549159468582401e-02,5.095623414410702795e-02,7.429069117885944706e-02,6.887344244160618911e-02,3.267678237136552033e-01,2.105477553945585834e-01,7.336736546589826824e-02,4.014759201579907733e-01,9.329971473002178772e-01,6.557671059270622771e-02,1.301396246485184527e+01,2.149815103650846299e-02,2.822248293532782920e-02,2.570910465802097103e-02,2.044029813012840716e-02,1.517960242497792545e-01,1.739231736721956190e-01,1.659981768301121430e-01,1.480142248156491591e-01
1.602500000000000036e+00,2.702795595816916488e-02,5.089054008586841454e-02,7.425858270104752912e-02,6.879652797402839581e-02,3.271962394193458357e-01,2.112654900460130825e-01,7.331876613025568867e-02,4.017554986876563095e-01,9.331615903116275978e-01,6.597776858518442089e-02,1.302224953153780262e+01,2.149058036411133701e-02,2.821760345193709274e-02,2.571439021255565033e-02,2.042978054177384956e-02,1.517559209780870444e-01,1.738928140905269260e-01,1.660006114386069209e-01,1.479631005835292390e-01
1.604999999999999982e+00,2.704072121782576804e-02,5.082479109400991901e-02,7.422640656017071015e-02,6.871795082659060139e-02,3.276261067193453336e-01,2.119837339652964059e-01,7.327024374625711045e-02,4.020335256955980263e-01,9.333270364932355623e-01,6.637924668910581694e-02,1.303055273463211172e+01,2.148299283513870409e-02,2.821267590857566218e-02,2.571967791985746085e-02,2.041925927931287355e-02,1.517156801868400351e-01,1.738622183858275216e-01,1.660029628880718422e-01,1.479118839079204550e-01
1.607499999999999929e+00,2.705378938714851286e-02,5.075899161123615527e-02,7.419416306018798701e-02,6.863771709107141517e-02,3.280574329527060073e-01,2.127024855063645581e-01,7.322179986310721478e-02,4.023100014953950310e-01,9.334934868948707720e-01,6.678114455115358172e-02,1.303887210762130699e+01,2.147538840154312664e-02,2.820770031249962909e-02,2.572496777581798760e-02,2.040873444022946875e-02,1.516753017089062239e-01,1.738313865794434976e-01,1.660052311120533974e-01,1.478605751677251057e-01
1.610000000000000098e+00,2.706716246466245659e-02,5.069314618850888354e-02,7.416185249729934092e-02,6.855583299859038804e-02,3.284902253306790643e-01,2.134217430235866297e-01,7.317343603833120769e-02,4.025849265945732891e-01,9.336609425655261196e-01,6.718346185599965992e-02,1.304720768415810994e+01,2.146776701506357757e-02,2.820267667135500228e-02,2.573025977622736896e-02,2.039820612177382919e-02,1.516347853769565990e-01,1.738003186945766554e-01,1.660074160442999436e-01,1.478091747417908941e-01
1.612500000000000044e+00,2.708084243349984793e-02,5.062725948640844909e-02,7.412947515984594227e-02,6.847230491890755888e-02,3.289244909352330160e-01,2.141415048707906443e-01,7.312515383798495749e-02,4.028583016956656659e-01,9.338294045534547561e-01,6.758619832714511666e-02,1.305555949806239724e+01,2.146012862723364889e-02,2.819760499317774255e-02,2.573555391677367563e-02,2.038767442095236124e-02,1.515941310234862616e-01,1.737690147562758747e-01,1.660095176187521004e-01,1.477576830088653259e-01
1.614999999999999991e+00,2.709483126097600447e-02,5.056133627641062195e-02,7.409703132821285343e-02,6.838713935973315949e-02,3.293602367176168833e-01,2.148617694002374068e-01,7.307695483687273730e-02,4.031301276972125702e-01,9.339988739062684564e-01,6.798935372775447017e-02,1.306392758332216175e+01,2.145247318938981601e-02,2.819248528639384938e-02,2.574085019304230004e-02,2.037713943451769510e-02,1.515533384808352424e-01,1.737374747914285922e-01,1.660115357695332305e-01,1.477061003475497458e-01
1.617499999999999938e+00,2.710913089816633509e-02,5.049538144207475765e-02,7.406452127473409086e-02,6.830034296604652055e-02,3.297974694969722509e-01,2.155825349615183018e-01,7.302884061877305821e-02,4.034004056947086969e-01,9.341693516710367629e-01,6.839292786148301606e-02,1.307231197409448953e+01,2.144480065267976091e-02,2.818731755981952053e-02,2.574614860051530757e-02,2.036660125895867202e-02,1.515124075812097348e-01,1.737056988287524750e-01,1.660134704309395026e-01,1.476544271362533189e-01
1.620000000000000107e+00,2.712374327948420191e-02,5.042939998014055181e-02,7.403194526360096228e-02,6.821192251942713447e-02,3.302361959589913409e-01,2.163037999003795675e-01,7.298081277667264888e-02,4.036691369814939812e-01,9.343408388943899023e-01,6.879692057329807320e-02,1.308071270470651548e+01,2.143711096807077165e-02,2.818210182266138800e-02,2.575144913457078771e-02,2.035605999049034526e-02,1.514713381567032724e-01,1.736736868987868165e-01,1.660153215374298163e-01,1.476026637531466235e-01
1.622500000000000053e+00,2.713867032226023254e-02,5.036339700153002336e-02,7.399930355077305455e-02,6.812188493739455841e-02,3.306764226546260454e-01,2.170255625574696867e-01,7.293287291300909470e-02,4.039363230495915946e-01,9.345133366226228144e-01,6.920133175029294370e-02,1.308912980965639150e+01,2.142940408635818361e-02,2.817683808451681982e-02,2.575675179048218105e-02,2.034551572504396041e-02,1.514301300393179062e-01,1.736414390338842095e-01,1.660170890236153662e-01,1.475508105761152711e-01
1.625000000000000000e+00,2.715391392632286044e-02,5.029737773225146508e-02,7.396659638389238567e-02,6.803023727276036325e-02,3.311181559988469747e-01,2.177478212670129198e-01,7.288502263992194252e-02,4.042019655904910413e-01,9.346868459018026210e-01,6.960616132249461407e-02,1.309756332361423681e+01,2.142167995817387954e-02,2.817152635537433294e-02,2.576205656341758882e-02,2.033496855825693908e-02,1.513887830609854102e-01,1.736089552682021087e-01,1.660187728242491223e-01,1.474988679827129445e-01
1.627499999999999947e+00,2.716947597358033289e-02,5.023134751420287730e-02,7.393382400220124828e-02,6.793698671299007452e-02,3.315614022694536311e-01,2.184705743554064272e-01,7.283726357951349206e-02,4.044660664958782959e-01,9.348613677778750963e-01,7.001140926366369865e-02,1.310601328142310074e+01,2.141393853399483488e-02,2.816616664561406858e-02,2.576736344843907206e-02,2.032441858546287644e-02,1.513472970535887641e-01,1.735762356376948368e-01,1.660203728742150053e-01,1.474468363501148516e-01
1.630000000000000115e+00,2.718535832760442250e-02,5.016531180587046473e-02,7.390098663646328669e-02,6.784214057957708988e-02,3.320061676059400391e-01,2.191938201397416186e-01,7.278959736411844128e-02,4.047286278583137054e-01,9.350369032967759120e-01,7.041707559208824907e-02,1.311447971809990598e+01,2.140617976415172194e-02,2.816075896600838541e-02,2.577267244050193348e-02,2.031386590168152845e-02,1.513056718489834973e-01,1.735432801801053693e-01,1.660218891085169235e-01,1.473947160550703739e-01
1.632500000000000062e+00,2.720156283321581089e-02,5.009927618292184248e-02,7.386808450888857069e-02,6.774570632742762943e-02,3.324524580084122771e-01,2.199175569262508678e-01,7.274202563658348220e-02,4.049896519718594878e-01,9.352134535045433239e-01,7.082316037136951459e-02,1.312296266883641849e+01,2.139840359883755233e-02,2.815530332772252925e-02,2.577798353445396456e-02,2.030331060160881981e-02,1.512639072790188943e-01,1.735100889349574238e-01,1.660233214622674758e-01,1.473425074738562157e-01
1.635000000000000009e+00,2.721809131607135987e-02,5.003324633868828919e-02,7.383511783306243026e-02,6.764769154425753772e-02,3.329002793365627988e-01,2.206417830086780663e-01,7.269455005055708297e-02,4.052491413326569369e-01,9.353910194474319706e-01,7.122966371120134643e-02,1.313146216900016050e+01,2.139060998811635056e-02,2.814979974231543100e-02,2.578329672503470310e-02,2.029275277960685200e-02,1.512220031755595884e-01,1.734766619435476331e-01,1.660246698706765167e-01,1.472902109822287475e-01
1.637499999999999956e+00,2.723494558225321438e-02,4.996722808453572112e-02,7.380208681387868952e-02,6.754810395000036827e-02,3.333496373087018738e-01,2.213664966665746525e-01,7.264717227078926198e-02,4.055070986394506694e-01,9.355696021720290023e-01,7.163658576814167789e-02,1.313997825413539289e+01,2.138279888193187969e-02,2.814424822174060523e-02,2.578861200687463870e-02,2.028219252969393899e-02,1.511799593705068501e-01,1.734429992489380790e-01,1.660259342690393602e-01,1.472378269553769048e-01
1.640000000000000124e+00,2.725212741786064291e-02,4.990122735012030714e-02,7.376899164747681426e-02,6.744695139622858271e-02,3.338005375008457065e-01,2.220916961635211739e-01,7.259989397344200623e-02,4.057635267940684076e-01,9.357492027253723199e-01,7.204392674637684346e-02,1.314851095996401753e+01,2.137497023011640171e-02,2.813864877834715630e-02,2.579392937449441828e-02,2.027162994553464298e-02,1.511377756958200702e-01,1.734091008959486591e-01,1.660271145927250114e-01,1.471853557678744207e-01
1.642500000000000071e+00,2.726963858860320666e-02,4.983525018352733676e-02,7.373583252118406928e-02,6.734424186558642111e-02,3.342529853458643396e-01,2.228173797452740190e-01,7.255271684641088903e-02,4.060184289018501369e-01,9.359298221550709229e-01,7.245168689847844568e-02,1.315706032238653833e+01,2.136712398239945521e-02,2.813300142488091640e-02,2.579924882230403421e-02,2.026106512042983795e-02,1.510954519835381316e-01,1.733749669311500929e-01,1.660282107771638704e-01,1.471327977936322251e-01
1.645000000000000018e+00,2.728748083939719349e-02,4.976930275128988584e-02,7.370260961346221384e-02,6.723998347123576191e-02,3.347069861326897322e-01,2.235435456378409846e-01,7.250564258965766506e-02,4.062718082720315760e-01,9.361114615094263680e-01,7.285986652615286663e-02,1.316562637748298314e+01,2.135926008841667473e-02,2.812730617448570489e-02,2.580457034460196392e-02,2.025049814730680436e-02,1.510529880658007251e-01,1.733405974028567609e-01,1.660292227578354651e-01,1.470801534058508719e-01
1.647499999999999964e+00,2.730565589396416123e-02,4.970339133828616945e-02,7.366932309385898492e-02,6.713418445631437470e-02,3.351625450055840116e-01,2.242701920454808762e-01,7.245867291555441181e-02,4.065236684180804638e-01,9.362941218375562258e-01,7.326846598098282759e-02,1.317420916151383281e+01,2.135137849771861704e-02,2.812156304070471957e-02,2.580989393557432329e-02,2.023992911870932040e-02,1.510103837748697775e-01,1.733059923611201536e-01,1.660301504702559050e-01,1.470274229769726604e-01
1.650000000000000133e+00,2.732416545443238157e-02,4.963752234751264703e-02,7.363597312296497888e-02,6.702685319340841164e-02,3.356196669634708973e-01,2.249973171486356338e-01,7.241180954923974455e-02,4.067740130579891589e-01,9.364778041895208682e-01,7.367748566516156561e-02,1.318280871092094664e+01,2.134347915977963597e-02,2.811577203748204939e-02,2.581521958929396121e-02,2.022935812678780532e-02,1.509676389431506838e-01,1.732711518577222665e-01,1.660309938499648086e-01,1.469746068786336179e-01
1.652500000000000080e+00,2.734301120094088933e-02,4.957170229973137388e-02,7.360255985237572351e-02,6.691799818403733335e-02,3.360783568593305182e-01,2.257249191017878798e-01,7.236505422898689699e-02,4.070228461145232179e-01,9.366625096164495901e-01,7.408692603221936346e-02,1.319142506232848255e+01,2.133556202400674340e-02,2.810993317916435016e-02,2.582054729971956439e-02,2.021878526328948003e-02,1.509247534032135685e-01,1.732360759461695210e-01,1.660317528325126191e-01,1.469217054816159551e-01
1.655000000000000027e+00,2.736219479124671686e-02,4.950593783298914974e-02,7.356908342465917627e-02,6.680762805815337879e-02,3.365386193996559583e-01,2.264529960312516299e-01,7.231840870658425013e-02,4.072701717154267320e-01,9.368482391706709489e-01,7.449678758774216925e-02,1.320005825254382259e+01,2.132762703974850488e-02,2.810404648050264867e-02,2.582587706069470329e-02,2.020821061954855558e-02,1.508817269878145184e-01,1.732007646816868252e-01,1.660324273534469763e-01,1.468687191557997429e-01
1.657499999999999973e+00,2.738171786033527857e-02,4.944023570200766632e-02,7.353554397332917603e-02,6.669575157365527363e-02,3.370004591439785813e-01,2.271815460328934777e-01,7.227187474772900355e-02,4.075159941935863617e-01,9.370349939058424393e-01,7.490707089008237507e-02,1.320870831855847172e+01,2.131967415630393187e-02,2.809811195665429598e-02,2.583120886594687457e-02,2.019763428647646311e-02,1.508385595299166493e-01,1.731652181212120778e-01,1.660330173482995331e-01,1.468156482701152843e-01
1.660000000000000142e+00,2.740158202003379825e-02,4.937460277744197545e-02,7.350194162282459864e-02,6.658237761591535853e-02,3.374638805044566370e-01,2.279105671697874147e-01,7.222545413243353085e-02,4.077603180871534616e-01,9.372227748770853850e-01,7.531777655106187963e-02,1.321737529754897800e+01,2.131170332293139472e-02,2.809212962318507339e-02,2.583654270908651920e-02,2.018705635455211173e-02,1.507952508627111166e-01,1.731294363233907563e-01,1.660335227525719659e-01,1.467624931924947640e-01
1.662500000000000089e+00,2.742178885862833065e-02,4.930904604500659094e-02,7.346827648849474368e-02,6.646751519732299607e-02,3.379288877455313700e-01,2.286400574698042032e-01,7.217914865544515501e-02,4.080031481396296233e-01,9.374115831411169442e-01,7.572890523666733764e-02,1.322605922687784563e+01,2.130371448885751834e-02,2.808609949607146841e-02,2.584187858360599208e-02,2.017647691381218092e-02,1.507518008196380432e-01,1.730934193485713646e-01,1.660339435017222365e-01,1.467092542898245922e-01
1.665000000000000036e+00,2.744233994048432199e-02,4.924357260446768358e-02,7.343454867659103547e-02,6.635117345684179990e-02,3.383954849836508516e-01,2.293700149231359953e-01,7.213296012667984314e-02,4.082444892999121944e-01,9.376014197563884434e-01,7.614045766773712420e-02,1.323476014409442492e+01,2.129570760328609522e-02,2.808002159170308945e-02,2.584721648287851767e-02,2.016589605384145820e-02,1.507082092344074753e-01,1.730571672588005483e-01,1.660342795311502972e-01,1.466559319278971929e-01
1.667499999999999982e+00,2.746323680567081676e-02,4.917818966849960005e-02,7.340075828426503857e-02,6.623336165958360056e-02,3.388636761870626457e-01,2.301004374797595287e-01,7.208689037166957081e-02,4.084843467223015501e-01,9.377922857832222681e-01,7.655243462064065252e-02,1.324347808693582174e+01,2.128768261540697759e-02,2.807389592688527488e-02,2.585255640015712494e-02,2.015531386376322176e-02,1.506644759410199208e-01,1.730206801178192366e-01,1.660345307761837419e-01,1.466025264713631537e-01
1.669999999999999929e+00,2.748448096958870310e-02,4.911290456140596922e-02,7.336690539957325952e-02,6.611408919639723270e-02,3.393334651756759746e-01,2.308313230468402033e-01,7.204094123202407773e-02,4.087227257664755586e-01,9.379841822839518617e-01,7.696483692794929554e-02,1.325221309332780351e+01,2.127963947440496967e-02,2.806772251884183736e-02,2.585789832857352671e-02,2.014473043222964055e-02,1.506206007737870001e-01,1.729839579910587288e-01,1.660346971720631504e-01,1.465490382836830419e-01
1.672500000000000098e+00,2.750607392260257314e-02,4.904772471770270370e-02,7.333299010148913721e-02,6.599336558347397574e-02,3.398048556209929405e-01,2.315626694860730139e-01,7.199511456590738934e-02,4.089596319974264649e-01,9.381771103230633901e-01,7.737766547909989689e-02,1.326096520138568202e+01,2.127157812946871285e-02,2.806150138521800938e-02,2.586324226113698860e-02,2.013414584741225755e-02,1.505765835673519015e-01,1.729470009456374469e-01,1.660347786539271842e-01,1.464954677270797478e-01
1.675000000000000044e+00,2.752801712967727424e-02,4.898265768056388192e-02,7.329901245992119507e-02,6.587120046196989764e-02,3.402778510461118011e-01,2.322944746109740777e-01,7.194941224852866024e-02,4.091950711853675759e-01,9.383710709673380723e-01,7.779092122104939999e-02,1.326973444941521052e+01,2.126349852979953284e-02,2.805523254408355538e-02,2.586858819073316676e-02,2.012356019699248350e-02,1.505324241567097543e-01,1.729098090503579377e-01,1.660347751567976260e-01,1.464418151624904130e-01
1.677499999999999991e+00,2.755031203001835280e-02,4.891771110012854001e-02,7.326497253573963087e-02,6.574760359764492135e-02,3.407524548257997443e-01,2.330267361841100171e-01,7.190383617264885230e-02,4.094290493056056413e-01,9.385660652859968422e-01,7.820460515892173337e-02,1.327852087591348251e+01,2.125540062462028326e-02,2.804891601393606076e-02,2.587393611012289013e-02,2.011297356815215306e-02,1.504881223772275567e-01,1.728723823757045697e-01,1.660346866155639478e-01,1.463880809495186064e-01
1.679999999999999938e+00,2.757296003671718884e-02,4.885289273166854018e-02,7.323087038080902667e-02,6.562258488051896099e-02,3.412286701866398264e-01,2.337594519142809635e-01,7.185838824910195655e-02,4.096615725383827566e-01,9.387620943508476756e-01,7.861871835664671626e-02,1.328732451956981997e+01,2.124728436318416847e-02,2.804255181370440483e-02,2.587928601194093223e-02,2.010238604756412958e-02,1.504436780646643268e-01,1.728347209938412288e-01,1.660345129649677676e-01,1.463342654463865022e-01
1.682500000000000107e+00,2.759596253640064084e-02,4.878821043361725174e-02,7.319670603802953812e-02,6.549615432454672370e-02,3.417065002072502411e-01,2.344926194536502140e-01,7.181307040733279912e-02,4.098926472686903466e-01,9.389591592364310291e-01,7.903326193759031837e-02,1.329614541926665439e+01,2.123914969478351775e-02,2.803613996275242798e-02,2.588463788869473786e-02,2.009179772138296530e-02,1.503990910551908367e-01,1.727968249786101529e-01,1.660342541395872507e-01,1.462803690098873899e-01
1.685000000000000053e+00,2.761932088888547840e-02,4.872367216545851754e-02,7.316247954138571652e-02,6.536832206731008066e-02,3.421859478185746983e-01,2.352262363948282864e-01,7.176788459595027925e-02,4.101222800860548356e-01,9.391572610201727178e-01,7.944823708517700922e-02,1.330498361408042918e+01,2.123099656875854224e-02,2.802968048088277583e-02,2.588999173276310822e-02,2.008120867523559977e-02,1.503543611854091244e-01,1.727586944055303220e-01,1.660339100738207618e-01,1.462263919953375180e-01
1.687500000000000000e+00,2.764303642683784562e-02,4.865928598547578088e-02,7.312819091600254728e-02,6.523909836972918708e-02,3.426670158042492420e-01,2.359603002679094008e-01,7.172283278329673328e-02,4.103504777842945095e-01,9.393564007825307982e-01,7.986364504350371152e-02,1.331383914328248075e+01,2.122282493450605018e-02,2.802317338834094465e-02,2.589534753639486514e-02,2.007061899421211729e-02,1.503094882923719233e-01,1.727203293517973470e-01,1.660334807018710446e-01,1.461723347565291597e-01
1.689999999999999947e+00,2.766711045543763722e-02,4.859506004836203208e-02,7.309384017821035640e-02,6.510849361579285066e-02,3.431497068010417317e-01,2.366948085374681321e-01,7.167791695803403529e-02,4.105772473612545603e-01,9.395565796071517761e-01,8.027948711794566372e-02,1.332271204633992312e+01,2.121463474148812395e-02,2.801661870581952096e-02,2.590070529170745636e-02,2.006002876285656322e-02,1.502644722136017297e-01,1.726817298962830816e-01,1.660329659577282624e-01,1.461181976456825127e-01
1.692500000000000115e+00,2.769154425204829739e-02,4.853100260269049837e-02,7.305942733561740510e-02,6.497651831230841224e-02,3.436340232993662092e-01,2.374297585995130688e-01,7.163313912974651754e-02,4.108025960185163750e-01,9.397577985810215973e-01,8.069576467575342860e-02,1.333160236291654499e+01,2.120642593924075212e-02,2.801001645446261207e-02,2.590606499068552962e-02,2.004943806515780899e-02,1.502193127871098988e-01,1.726428961195360934e-01,1.660323657751537896e-01,1.460639810133987360e-01
1.695000000000000062e+00,2.771633906589188873e-02,4.846712198824615347e-02,7.302495238719101944e-02,6.484318308867126346e-02,3.441199676438728150e-01,2.381651477784055282e-01,7.158850132956028067e-02,4.110265311610839523e-01,9.399600587946229657e-01,8.111247914664236613e-02,1.334051013287370324e+01,2.119819847738240240e-02,2.800336665587048121e-02,2.591142662517947545e-02,2.003884698454047597e-02,1.501740098514151023e-01,1.726038281037826083e-01,1.660316800876628640e-01,1.460096852086124053e-01
1.697500000000000009e+00,2.774149611772969148e-02,4.840342663321932359e-02,7.299041532334721305e-02,6.470849869665540322e-02,3.446075420341124240e-01,2.389009733237417998e-01,7.154400561078025356e-02,4.112490603970525016e-01,9.401633613420911084e-01,8.152963202337290549e-02,1.334943539627119335e+01,2.118995230562256346e-02,2.799666933210437705e-02,2.591679018690391106e-02,2.002825560385591494e-02,1.501285632455619523e-01,1.725645259329278702e-01,1.660309088285076839e-01,1.459553105785444671e-01
1.699999999999999956e+00,2.776701659954862803e-02,4.833992505126120942e-02,7.295581612604880306e-02,6.457247601022392258e-02,3.450967485252772193e-01,2.396372324072046367e-01,7.149965404954441994e-02,4.114701915372526719e-01,9.403677073213732029e-01,8.194722486232283720e-02,1.335837819336817134e+01,2.118168737377020688e-02,2.798992450569157478e-02,2.592215566743612948e-02,2.001766400537324450e-02,1.500829728091389592e-01,1.725249896925582227e-01,1.660300519306597833e-01,1.459008574686551096e-01
1.702500000000000124e+00,2.779290167425348471e-02,4.827662583840342664e-02,7.292115476891235237e-02,6.443512602536162481e-02,3.455875890290181496e-01,2.403739221193853803e-01,7.145544874549575320e-02,4.116899325948814026e-01,9.405730978343864734e-01,8.236525928405119545e-02,1.336733856462403836e+01,2.117340363174219711e-02,2.798313219963061496e-02,2.592752305821451400e-02,2.000707227077045194e-02,1.500372383822965450e-01,1.724852194699435515e-01,1.660291093267925455e-01,1.458463262225968005e-01
1.705000000000000071e+00,2.781915247536515326e-02,4.821353766984068367e-02,7.288643121732396590e-02,6.429645985992935020e-02,3.460800653143363270e-01,2.411110394665803014e-01,7.141139182247165096e-02,4.119082917851145109e-01,9.407795339871813933e-01,8.278373697385348062e-02,1.337631655069933778e+01,2.116510102957164588e-02,2.797629243739674712e-02,2.593289235053688330e-02,1.999648048112554616e-02,1.499913598057645847e-01,1.724452153540403654e-01,1.660280809492631626e-01,1.457917171821674907e-01
1.707500000000000018e+00,2.784577010672503392e-02,4.815066929657984413e-02,7.285164542856405190e-02,6.415648875353952008e-02,3.465741790085538621e-01,2.418485813675624319e-01,7.136748542921188265e-02,4.121252775247030709e-01,9.409870168901027787e-01,8.320265968230829146e-02,1.338531219245666648e+01,2.115677951741618337e-02,2.796940524294758146e-02,2.593826353555881564e-02,1.998588871690777299e-02,1.499453369208696152e-01,1.724049774354954045e-01,1.660269667300945939e-01,1.457370306872638466e-01
1.709999999999999964e+00,2.787275564220584659e-02,4.808802954195496443e-02,7.281679735194103442e-02,6.401522406745602245e-02,3.470699315983593047e-01,2.425865446503364387e-01,7.132373174008424521e-02,4.123408984315595216e-01,9.411955476579537683e-01,8.362202922581571385e-02,1.339432553096158607e+01,2.114843904556616000e-02,2.796247064072895222e-02,2.594363660429190380e-02,1.997529705796890001e-02,1.498991695695519877e-01,1.723645058066498592e-01,1.660257666009571642e-01,1.456822670758347593e-01
1.712500000000000133e+00,2.790011012542879115e-02,4.802562729801090891e-02,7.278188692893446110e-02,6.387267728451576088e-02,3.475673244309296916e-01,2.433249260488722088e-01,7.128013295582898146e-02,4.125551633243280114e-01,9.414051274101613576e-01,8.404184748712682784e-02,1.340335660748353419e+01,2.114007956445277531e-02,2.795548865568098229e-02,2.594901154760197518e-02,1.996470558353454286e-02,1.498528575943822994e-01,1.723238005615441715e-01,1.660244804931499951e-01,1.456274266838350206e-01
1.715000000000000080e+00,2.792783456948761539e-02,4.796347152175609724e-02,7.274691409334718695e-02,6.372886000907501680e-02,3.480663587151301974e-01,2.440637221998293305e-01,7.123669130432130903e-02,4.127680812219484130e-01,9.416157572709435986e-01,8.446211641586472141e-02,1.341240546349675355e+01,2.113170102465613057e-02,2.794845931324435942e-02,2.595438835620725651e-02,1.995411437219557493e-02,1.498064008385777413e-01,1.722828617959231146e-01,1.660231083375819650e-01,1.455725098451786936e-01
1.717500000000000027e+00,2.795592995667917427e-02,4.790157123128694489e-02,7.271187877146692569e-02,6.358378396697886292e-02,3.485670355227906692e-01,2.448029296392660592e-01,7.119340904135294801e-02,4.129796613432079044e-01,9.418274383694755780e-01,8.488283802903687225e-02,1.342147214068121031e+01,2.112330337691317728e-02,2.794138263936682062e-02,2.595976702067648648e-02,1.994352350189958559e-02,1.497597991460181410e-01,1.722416896072420378e-01,1.660216500647528348e-01,1.455175168916934270e-01
1.719999999999999973e+00,2.798439723824115363e-02,4.783993550178509274e-02,7.267678088223715471e-02,6.343746100555648637e-02,3.490693557900576005e-01,2.455425447993447863e-01,7.115028845143216152e-02,4.131899131062896080e-01,9.420401718400608360e-01,8.530401441153867559e-02,1.343055668092355859e+01,2.111488657212559281e-02,2.793425866050984474e-02,2.596514753142697626e-02,1.993293304994240775e-02,1.497130523612614228e-01,1.722002840946730562e-01,1.660201056047337642e-01,1.454624481530741309e-01
1.722500000000000142e+00,2.801323733409674319e-02,4.777857346139029182e-02,7.264162033743760960e-02,6.328990309364004863e-02,3.495733203188232663e-01,2.462825640050302356e-01,7.110733184860297540e-02,4.133988461283105154e-01,9.422539588223003415e-01,8.572564771664825667e-02,1.343965912631805537e+01,2.110645056136756237e-02,2.792708740365554623e-02,2.597052987872260771e-02,1.992234309295969411e-02,1.496661603295589282e-01,1.721586453591121002e-01,1.660184748871476046e-01,1.454073039568373749e-01
1.725000000000000089e+00,2.804245113260692493e-02,4.771749428695020584e-02,7.260639704187420163e-02,6.314112232161073202e-02,3.500789297782334608e-01,2.470229834707879102e-01,7.106454157728296639e-02,4.136064702248601344e-01,9.424688004612630232e-01,8.614774016651258193e-02,1.344877951916753567e+01,2.109799529589345690e-02,2.791986889631379101e-02,2.597591405267179673e-02,1.991175370691857655e-02,1.496191228968701825e-01,1.721167735031868540e-01,1.660167578411494149e-01,1.453520846282756462e-01
1.727500000000000036e+00,2.807203949032981150e-02,4.765670719964978236e-02,7.257111089357824729e-02,6.299113090146971072e-02,3.505861847062672898e-01,2.477637992972838987e-01,7.102192001312063185e-02,4.138127954095350836e-01,9.426846979076609623e-01,8.657029405262477162e-02,1.345791790198438775e+01,2.108952072714541728e-02,2.791260316652950657e-02,2.598130004322537698e-02,1.990116496710936378e-02,1.495719399098773827e-01,1.720746686312646379e-01,1.660149543954058948e-01,1.452967904904118868e-01
1.729999999999999982e+00,2.810200323178753054e-02,4.759622146052228109e-02,7.253576178401578700e-02,6.283994116693568388e-02,3.510950855113975089e-01,2.485050074680898169e-01,7.097946956387143902e-02,4.140178318934708002e-01,9.429016523180220322e-01,8.699331173629193392e-02,1.346707431749151596e+01,2.108102680676082405e-02,2.790529024289020374e-02,2.598668784017443834e-02,1.989057694813732916e-02,1.495246112159992757e-01,1.720323308494612902e-01,1.660130644780753173e-01,1.452414218639540289e-01
1.732499999999999929e+00,2.813234314924135601e-02,4.753604636584519982e-02,7.250034959830596593e-02,6.268756557357109405e-02,3.516056324743239148e-01,2.492466038463967692e-01,7.093719267029346964e-02,4.142215900848804644e-01,9.431196648548645367e-01,8.741679564909513034e-02,1.347624880862334962e+01,2.107251348657966650e-02,2.789793015453370315e-02,2.599207743314809957e-02,1.987998972391453317e-02,1.494771366634049525e-01,1.719897602656506874e-01,1.660110880167869618e-01,1.451859790672500872e-01
1.735000000000000098e+00,2.816306000247403157e-02,4.747619124242270783e-02,7.246487421544928198e-02,6.253401669893289549e-02,3.521178257497834529e-01,2.499885841717410240e-01,7.089509180706204949e-02,4.144240805885875401e-01,9.433387366868750679e-01,8.784074829333896051e-02,1.348544141852685030e+01,2.106398071865180077e-02,2.789052293115605596e-02,2.599746881161122888e-02,1.986940336765171886e-02,1.494295161010268380e-01,1.719469569894744310e-01,1.660090249386199646e-01,1.451304624162428891e-01
1.737500000000000044e+00,2.819415451858070520e-02,4.741666544275796591e-02,7.242933550856549274e-02,6.237930724275408262e-02,3.526316653684355984e-01,2.507309440567425662e-01,7.085316948370361245e-02,4.146253142055723595e-01,9.435588689890831438e-01,8.826517224249334770e-02,1.349465219056253495e+01,2.105542845524408305e-02,2.788306860301967977e-02,2.600286196486208817e-02,1.985881795185027651e-02,1.493817493785736528e-01,1.719039211323528105e-01,1.660068751700826128e-01,1.450748722244255551e-01
1.739999999999999991e+00,2.822562739176761801e-02,4.735747834011820590e-02,7.239373334514065395e-02,6.222345002715234941e-02,3.531471512388219547e-01,2.514736789838640241e-01,7.081142824554909065e-02,4.148253019325171542e-01,9.437800629430433963e-01,8.869007014162515190e-02,1.350388116830550267e+01,2.104685664884739169e-02,2.787556720096167825e-02,2.600825688202993563e-02,1.984823354829425360e-02,1.493338363465423757e-01,1.718606528074953232e-01,1.660046386370905569e-01,1.450192088027965343e-01
1.742499999999999938e+00,2.825747928315936255e-02,4.729863932349553934e-02,7.235806758728416388e-02,6.206645799686826004e-02,3.536642831494006267e-01,2.522167843021911326e-01,7.076987067470597026e-02,4.150240549613624652e-01,9.440023197370116526e-01,8.911544470782109539e-02,1.351312839554650758e+01,2.103826525218351409e-02,2.786801875640237958e-02,2.601365355207253469e-02,1.983765022804243744e-02,1.492857768562303455e-01,1.718171521299129145e-01,1.660023152649455491e-01,1.449634724598153346e-01
1.745000000000000107e+00,2.828971082061455464e-02,4.724015779246572289e-02,7.232233809199516139e-02,6.190834421953216038e-02,3.541830607706550338e-01,2.529602552242337099e-01,7.072849939105035899e-02,4.152215846788729903e-01,9.442256405661275664e-01,8.954129873060132083e-02,1.352239391629303178e+01,2.102965421821192255e-02,2.786042330135403769e-02,2.601905196377362478e-02,1.982706806142049000e-02,1.492375707597464463e-01,1.717734192164299400e-01,1.659999049783132952e-01,1.449076635013582248e-01
1.747500000000000053e+00,2.832232259855005721e-02,4.718204315195002885e-02,7.228654471143834692e-02,6.174912188596124590e-02,3.547034836572753314e-01,2.537040868227589119e-01,7.068731705323744174e-02,4.154179026662130347e-01,9.444500266325949189e-01,8.996763507232349855e-02,1.353167777477039024e+01,2.102102350013640431e-02,2.785278086842975925e-02,2.602445210574030887e-02,1.981648711801314508e-02,1.491892179100220150e-01,1.717294541856970447e-01,1.659974077012015270e-01,1.448517822306740754e-01
1.750000000000000000e+00,2.835531517777412081e-02,4.712430480688154649e-02,7.225068729322892125e-02,6.158880431048808363e-02,3.552255512504127188e-01,2.544482740276524657e-01,7.064632635973115693e-02,4.156130206985361730e-01,9.446754791458655820e-01,9.039445666857721939e-02,1.354098001542281793e+01,2.101237305141156336e-02,2.784509149085260052e-02,2.602985396640037502e-02,1.980590746665646454e-02,1.491407181608211951e-01,1.716852571582045406e-01,1.659948233569373821e-01,1.447958289483402550e-01
1.752499999999999947e+00,2.838868908532807267e-02,4.706695215678069477e-02,7.221476568072718316e-02,6.142740493131827739e-02,3.557492628800061341e-01,2.551928116228133758e-01,7.060553004985320458e-02,4.158069507445895097e-01,9.449019993228221503e-01,9.082176652856932542e-02,1.355030068291464929e+01,2.100370282574918340e-02,2.783735520246485157e-02,2.603525753399955206e-02,1.979532917543014650e-02,1.490920713667507891e-01,1.716408282562963128e-01,1.659921518681448660e-01,1.447398039522192204e-01
1.755000000000000115e+00,2.842244481433754688e-02,4.700999459024263888e-02,7.217877971334232812e-02,6.126493731092025330e-02,3.562746177671809455e-01,2.559376942430871549e-01,7.056493090485042863e-02,4.159997049663324842e-01,9.451295883879620163e-01,9.124956773549916522e-02,1.355963982213145513e+01,2.099501277712444505e-02,2.782957203773750443e-02,2.604066279659868546e-02,1.978475231164989606e-02,1.490432773832695290e-01,1.715961676041844186e-01,1.659893931567219816e-01,1.446837075374146075e-01
1.757500000000000062e+00,2.845658282387238114e-02,4.695344147934100987e-02,7.214272922684489275e-02,6.110141513644730404e-02,3.568016150267169784e-01,2.566829163712360806e-01,7.052453174898082322e-02,4.161912957185777140e-01,9.453582475735846646e-01,9.167786344692442635e-02,1.356899747818124524e+01,2.098630285978200435e-02,2.782174203177991204e-02,2.604606974207085424e-02,1.977417694185984454e-02,1.489943360666970418e-01,1.715512753279638258e-01,1.659865471438173867e-01,1.446275399962278774e-01
1.760000000000000009e+00,2.849110353881615168e-02,4.689730217395147310e-02,7.210661405368858079e-02,6.093685222019078196e-02,3.573302536695883158e-01,2.574284723349553050e-01,7.048433545061857930e-02,4.163817355486471028e-01,9.455879781199751921e-01,9.210665689511668419e-02,1.357837369639567804e+01,2.097757302824192552e-02,2.781386522034960673e-02,2.605147835809839760e-02,1.976360313182503464e-02,1.489452472742220646e-01,1.715061515556283445e-01,1.659836137498071074e-01,1.445713016181152943e-01
1.762499999999999956e+00,2.852600734974512081e-02,4.684158599599839989e-02,7.207043402334083193e-02,6.077126250006691793e-02,3.578605326055700475e-01,2.581743563039318179e-01,7.044434492337693643e-02,4.165710371960528735e-01,9.458187812755944890e-01,9.253595138740736137e-02,1.358776852233129873e+01,2.096882323730544020e-02,2.780594163986229231e-02,2.605688863216987922e-02,1.975303094652394037e-02,1.488960108639100499e-01,1.714607964170863086e-01,1.659805928942705844e-01,1.445149926896445169e-01
1.765000000000000124e+00,2.856129461281649295e-02,4.678630223362936769e-02,7.203418896262198112e-02,6.060466004013570496e-02,3.583924506459163495e-01,2.589205622869534817e-01,7.040456312724917287e-02,4.167592135922004171e-01,9.460506582972655343e-01,9.296575030652348692e-02,1.359718200177082359e+01,2.096005344206057844e-02,2.779797132740201987e-02,2.606230055157697512e-02,1.974246045014106318e-02,1.488466266947105487e-01,1.714152100441774518e-01,1.659774844959669982e-01,1.444586134944519096e-01
1.767500000000000071e+00,2.859696564966656210e-02,4.673146013532155502e-02,7.199787869605295265e-02,6.043705903115442757e-02,3.589260065061031790e-01,2.596670841290674159e-01,7.036499306976772006e-02,4.169462778601180086e-01,9.462836104503626888e-01,9.339605711091313045e-02,1.360661418072444206e+01,2.095126359788762951e-02,2.778995432073150945e-02,2.606771410341127138e-02,1.973189170605954904e-02,1.487970946264637329e-01,1.713693925706897825e-01,1.659742884728107326e-01,1.444021643131998267e-01
1.770000000000000018e+00,2.863302074731879573e-02,4.667706890392366720e-02,7.196150304621126703e-02,6.026847379116417186e-02,3.594611988086384713e-01,2.604139155087956126e-01,7.032563780718041613e-02,4.171322433142118369e-01,9.465176390090010994e-01,9.382687533506077482e-02,1.361606510543113835e+01,2.094245366046443638e-02,2.778189065830263468e-02,2.607312927456099591e-02,1.972132477685387825e-02,1.487474145199065012e-01,1.713233441323773476e-01,1.659710047418470613e-01,1.443456454235339526e-01
1.772499999999999964e+00,2.866946015810145632e-02,4.662313769063774344e-02,7.192506183409523579e-02,6.009891876611133527e-02,3.599980260859380610e-01,2.611610499354032333e-01,7.028650044564443977e-02,4.173171234600505097e-01,9.467527452562277679e-01,9.425820858979185035e-02,1.362553482236008406e+01,2.093362358577153040e-02,2.777378037926707052e-02,2.607854605170766352e-02,1.971075972428259354e-02,1.486975862366778089e-01,1.712770648669781071e-01,1.659676332192272508e-01,1.442890571000409183e-01
1.775000000000000133e+00,2.870628409957570043e-02,4.656967558894588299e-02,7.188855487949627476e-02,5.992840853050314387e-02,3.605364867832653308e-01,2.619084807462289111e-01,7.024758414243717497e-02,4.175009319941805352e-01,9.469889304842127320e-01,9.469006056256698556e-02,1.363502337821202204e+01,2.092477333009710311e-02,2.776562352348707630e-02,2.608396442132264459e-02,1.970019660928107319e-02,1.486476096393237467e-01,1.712305549142325856e-01,1.659641738201835248e-01,1.442323996142061693e-01
1.777500000000000080e+00,2.874349275447357285e-02,4.651669162848529049e-02,7.185198200137835056e-02,5.975695778809955033e-02,3.610765792617342540e-01,2.626562011040764477e-01,7.020889210718306295e-02,4.176836828039736105e-01,9.472261959944404675e-01,9.512243501776540544e-02,1.364453081992070871e+01,2.091590285004180441e-02,2.775742013154643834e-02,2.608938436966364710e-02,1.968963549195434579e-02,1.485974845913017317e-01,1.711838144159028574e-01,1.659606264590038072e-01,1.441756732343717762e-01
1.780000000000000027e+00,2.878108627064635688e-02,4.646419476887688610e-02,7.181534301826557332e-02,5.958458137263929200e-02,3.616183018013753303e-01,2.634042039946700164e-01,7.017042760309766258e-02,4.178653899675097150e-01,9.474645430979024008e-01,9.555533579695732471e-02,1.365405719465441514e+01,2.090701210252335004e-02,2.774917024476153404e-02,2.609480588277111185e-02,1.967907643156995706e-02,1.485472109569841992e-01,1.711368435157919754e-01,1.659569910490061029e-01,1.441188782256945800e-01
1.782499999999999973e+00,2.881906476102325670e-02,4.641219389351208813e-02,7.177863774863674218e-02,5.941129424860223246e-02,3.621616526042601980e-01,2.641524822241768100e-01,7.013219394824676822e-02,4.180460677534924563e-01,9.477039731152918645e-01,9.598876681916559961e-02,1.366360254981741917e+01,2.089810104478099020e-02,2.774087390519254862e-02,2.610022894646453484e-02,1.966851948655086793e-02,1.484967886016616834e-01,1.710896423597637328e-01,1.659532675025125470e-01,1.440620148501043363e-01
1.785000000000000142e+00,2.885742830358063726e-02,4.636069780330160511e-02,7.174186601132641339e-02,5.923711151200912461e-02,3.627066297976893061e-01,2.649010284167981344e-01,7.009419451682098734e-02,4.182257306212074921e-01,9.479444873771957214e-01,9.642273208111556970e-02,1.367316693305158815e+01,2.088916963437975963e-02,2.773253115565480625e-02,2.610565354633868906e-02,1.965796471446839069e-02,1.484462173915452876e-01,1.710422110957631747e-01,1.659494557308233975e-01,1.440050833662623042e-01
1.787500000000000089e+00,2.889617694132178699e-02,4.630971521039253108e-02,7.170502762593343460e-02,5.906204839125631795e-02,3.632532314374338767e-01,2.656498350124335550e-01,7.005643274042570867e-02,4.184043932205169236e-01,9.481860872242904303e-01,9.685723565747431096e-02,1.368275039223796519e+01,2.088021782921457500e-02,2.772414203973022975e-02,2.611107966775977340e-02,1.964741217203516688e-02,1.483954971937685718e-01,1.709945498738370817e-01,1.659455556441906954e-01,1.439480840295195296e-01
1.790000000000000036e+00,2.893531068226734906e-02,4.625925473185660969e-02,7.166812241323522459e-02,5.888612024798815792e-02,3.638014555110385406e-01,2.663988942644164859e-01,7.001891210938490651e-02,4.185820703918963215e-01,9.484287740075366679e-01,9.729228170107759310e-02,1.369235297549843722e+01,2.087124558751412770e-02,2.771570660177891110e-02,2.611650729586146094e-02,1.963686191509817630e-02,1.483446278763886905e-01,1.709466588461552028e-01,1.659415671517914248e-01,1.438910170918756282e-01
1.792499999999999982e+00,2.897482949945655653e-02,4.620932488335700861e-02,7.163115019560846453e-02,5.870934257800736189e-02,3.643512999411765430e-01,2.671481982373284381e-01,6.998163617405944725e-02,4.187587771665142178e-01,9.486725490883756162e-01,9.772787444314538774e-02,1.370197473119741183e+01,2.086225286784460994e-02,2.770722488695080005e-02,2.612193641554086745e-02,1.962631399863178430e-02,1.482936093083869200e-01,1.708985381670316273e-01,1.659374901617007014e-01,1.438338828019375959e-01
1.794999999999999929e+00,2.901473333095927476e-02,4.615993407279581073e-02,7.159411079745503503e-02,5.853173101222176877e-02,3.649027625890611803e-01,2.678977388048872643e-01,6.994460854617785828e-02,4.189345287663591710e-01,9.489174138389235846e-01,9.816401819348583024e-02,1.371161570794356344e+01,2.085323962911323284e-02,2.769869694119750023e-02,2.612736701145442278e-02,1.961576847673080284e-02,1.482424413596688251e-01,1.708501879929467671e-01,1.659333245808645996e-01,1.437766814048787867e-01
1.797500000000000098e+00,2.905502207989900040e-02,4.611109059394983417e-02,7.155700404563410111e-02,5.835330131762992562e-02,3.654558412579088644e-01,2.686475076479197255e-01,6.990783290018083573e-02,4.191093406044107961e-01,9.491633696421711841e-01,9.860071734068620586e-02,1.372127595459163985e+01,2.084420583057156745e-02,2.769012281128414160e-02,2.613279906801366237e-02,1.960522540260360019e-02,1.481911239010632320e-01,1.708016084825693670e-01,1.659290703150726465e-01,1.437194131423978338e-01
1.800000000000000044e+00,2.909569561448683422e-02,4.606280262009853493e-02,7.151982976989841589e-02,5.817406939834430385e-02,3.660105336964527001e-01,2.693974962524132710e-01,6.987131297457713219e-02,4.192832282848610315e-01,9.494104178921783932e-01,9.903797635229216745e-02,1.373095552024430255e+01,2.083515143181868118e-02,2.768150254480138128e-02,2.613823256938091130e-02,1.959468482856521754e-02,1.481396568043210904e-01,1.707527997967790701e-01,1.659247272689301222e-01,1.436620782526778772e-01
1.802499999999999991e+00,2.913675376806648676e-02,4.601507819764909246e-02,7.148258780333570372e-02,5.799405129665397701e-02,3.665668376025070785e-01,2.701476959076523077e-01,6.983505257331135141e-02,4.194562076033870324e-01,9.496585599942728440e-01,9.947579977497458814e-02,1.374065445425400256e+01,2.082607639280409373e-02,2.767283619017744598e-02,2.614366749946488849e-02,1.958414680603052030e-02,1.480880399421133919e-01,1.707037620986893711e-01,1.659202953458300545e-01,1.436046769703459569e-01
1.804999999999999938e+00,2.917819633917062561e-02,4.596792523976495071e-02,7.144527798281441466e-02,5.781326319412445625e-02,3.671247506265792881e-01,2.708980977044398997e-01,6.979905556714224857e-02,4.196282945474727466e-01,9.499077973652483298e-01,9.991419223468295252e-02,1.375037280622496283e+01,2.081698067383051798e-02,2.766412379669029586e-02,2.614910384191621029e-02,1.957361138550736332e-02,1.480362731880284222e-01,1.706544955536705432e-01,1.659157744479250185e-01,1.435472095264322956e-01
1.807500000000000107e+00,2.922002309158815495e-02,4.592135152000231119e-02,7.140790014943289299e-02,5.763172141273839588e-02,3.676842703755261454e-01,2.716486925334075098e-01,6.976332589503120296e-02,4.197995052967892771e-01,9.501581314335625361e-01,1.003531584367863827e-01,1.376011062601517132e+01,2.080786423555641695e-02,2.765536541447983013e-02,2.615454158012280733e-02,1.956307861658977340e-02,1.479843564165684855e-01,1.706050003293732020e-01,1.659111644760986048e-01,1.434896761483298311e-01
1.810000000000000053e+00,2.926223375444287136e-02,4.587536466596025403e-02,7.137045414897238982e-02,5.744944241607408131e-02,3.682453944162570880e-01,2.723994710834126143e-01,6.972786756554011367e-02,4.199698562236277022e-01,9.504095636395361035e-01,1.007927031662011058e-01,1.376986796373845046e+01,2.079872703899835265e-02,2.764656109456017224e-02,2.615998069720523386e-02,1.955254854795115266e-02,1.479322895031459362e-01,1.705552765957519257e-01,1.659064653299365810e-01,1.434320770597538319e-01
1.812500000000000000e+00,2.930482802228352376e-02,4.582997215294982302e-02,7.133293983235287905e-02,5.726644281052457180e-02,3.688081202794784019e-01,2.731504238400290774e-01,6.969268465823739989e-02,4.201393638933922370e-01,9.506620954355511355e-01,1.012328312875046404e-01,1.377964486976658343e+01,2.078956904553313015e-02,2.763771088883200736e-02,2.616542117601189377e-02,1.954202122733748187e-02,1.478800723240783488e-01,1.705053245250891802e-01,1.659016769076980813e-01,1.433744124807015130e-01
1.814999999999999947e+00,2.934780555518506223e-02,4.578518129768780615e-02,7.129535705609131579e-02,5.708273934655534038e-02,3.693724454634793597e-01,2.739015410841255660e-01,6.965778132511207810e-02,4.203080450651501265e-01,9.509157282862512606e-01,1.016735477450362024e-01,1.378944139473151509e+01,2.078039021689974050e-02,2.762881485009497512e-02,2.617086299911416600e-02,1.953149670156055159e-02,1.478277047565833002e-01,1.704551442920195503e-01,1.658967991062861025e-01,1.433166826274119010e-01
1.817500000000000115e+00,2.939116597886131527e-02,4.574099925202109590e-02,7.125770568276258710e-02,5.689834892000281835e-02,3.699383674379557729e-01,2.746528128905428856e-01,6.962316179199495858e-02,4.204759166922449887e-01,9.511704636687408065e-01,1.021148575629831495e-01,1.379925758952758308e+01,2.077119051520110241e-02,2.761987303206010075e-02,2.617630614880142939e-02,1.952097501649117245e-02,1.477751866787722634e-01,1.704047360735539141e-01,1.658918318212180554e-01,1.432588877123255888e-01
1.820000000000000062e+00,2.943490888478916129e-02,4.569743299668595216e-02,7.121998558146111491e-02,5.671328857341294272e-02,3.705058836478719031e-01,2.754042291268620213e-01,6.958883035998457423e-02,4.206429959229732174e-01,9.514263030727840853e-01,1.025567658454532849e-01,1.380909350531385549e+01,2.076196990290559222e-02,2.761088548936227460e-02,2.618175060707599380e-02,1.951045621705241664e-02,1.477225179696438906e-01,1.703541000491042567e-01,1.658867749465960661e-01,1.432010279440446565e-01
1.822500000000000009e+00,2.947903383034396543e-02,4.565448933510987684e-02,7.118219662826452687e-02,5.652757549741899146e-02,3.710749915173568447e-01,2.761557794522703779e-01,6.955479140687947925e-02,4.208093001013229473e-01,9.516832480010058992e-01,1.029992777765324219e-01,1.381894919351651296e+01,2.075272834284836235e-02,2.760185227757274221e-02,2.618719635564793063e-02,1.949994034721284214e-02,1.476696985090767134e-01,1.703032364005082344e-01,1.658816283750768616e-01,1.431431035272926755e-01
1.824999999999999956e+00,2.952354033894682289e-02,4.561217488725984731e-02,7.114433870669754911e-02,5.634122703216083716e-02,3.716456884536338268e-01,2.769074533165248320e-01,6.952104938861369821e-02,4.209748467677823514e-01,9.519412999690916033e-01,1.034423986203275303e-01,1.382882470583129297e+01,2.074346579823245842e-02,2.759277345321163935e-02,2.619264337592981662e-02,1.948942744997971335e-02,1.476167281778208995e-01,1.702521453120541262e-01,1.658763919978415158e-01,1.430851146628746018e-01
1.827500000000000124e+00,2.956842790022271711e-02,4.557049608354386827e-02,7.110641170819578805e-02,5.615426066874436989e-02,3.722179718509809887e-01,2.776592399590154248e-01,6.948760884069550559e-02,4.211396536602145524e-01,9.522004605059859461e-01,1.038861337209947278e-01,1.383872009422603000e+01,2.073418223262972135e-02,2.758364907376052721e-02,2.619809164903135271e-02,1.947891756739222185e-02,1.475636068574897874e-01,1.702008269705059251e-01,1.658710657045650294e-01,1.430270615476369467e-01
1.830000000000000071e+00,2.961369597017088004e-02,4.552945915877167765e-02,7.106841553256973421e-02,5.596669405074154724e-02,3.727918390947203564e-01,2.784111284079243132e-01,6.945447437964814841e-02,4.213037387148025337e-01,9.524607311540951304e-01,1.043304885027518669e-01,1.384863541094323836e+01,2.072487760998147771e-02,2.757447919767493441e-02,2.620354115575392051e-02,1.946841074051470361e-02,1.475103344305501163e-01,1.701492815651284574e-01,1.658656493833854662e-01,1.429689443744278365e-01
1.832500000000000018e+00,2.965934397134587994e-02,4.548907014617978306e-02,7.103035008846725340e-02,5.577854497573063453e-02,3.733672875652326306e-01,2.791631074794915235e-01,6.942165070445126263e-02,4.214671200670663254e-01,9.527221134694852100e-01,1.047754684698754407e-01,1.385857070850279982e+01,2.071555189459902205e-02,2.756526388439690597e-02,2.620899187658499996e-02,1.945790700942982149e-02,1.474569107803122003e-01,1.700975092877125838e-01,1.658601429208731159e-01,1.429107633320570725e-01
1.834999999999999964e+00,2.970537129305074811e-02,4.544933487152730961e-02,7.099221529383505092e-02,5.558983139687843217e-02,3.739443146420001751e-01,2.799151657773783497e-01,6.938914259798231732e-02,4.216298160529537431e-01,9.529846090220832622e-01,1.052210792066820000e-01,1.386852603970470454e+01,2.070620505116388746e-02,2.755600319436754542e-02,2.621444379169252797e-02,1.944740641323175478e-02,1.474033357909189934e-01,1.700455103326007356e-01,1.658545462019991590e-01,1.428525186052562734e-01
1.837500000000000133e+00,2.975177729154122527e-02,4.541025894726812701e-02,7.095401107637759608e-02,5.540057142456199929e-02,3.745229177076677129e-01,2.806672916921339467e-01,6.935695492845644905e-02,4.217918452100045679e-01,9.532482193958777827e-01,1.056673263774927235e-01,1.387850145763187193e+01,2.069683704472789418e-02,2.754669718903952902e-02,2.621989688091911838e-02,1.943690899001935049e-02,1.473496093473346535e-01,1.699932848967120325e-01,1.658488591101042464e-01,1.427942103746390190e-01
1.840000000000000080e+00,2.979856129024164788e-02,4.537184776680600051e-02,7.091573737401411781e-02,5.521078332803226046e-02,3.751030941521248940e-01,2.814194734007674503e-01,6.932509265086361783e-02,4.219532262785928856e-01,9.535129461891169722e-01,1.061142157265819036e-01,1.388849701565307448e+01,2.068744784071300039e-02,2.753734593088961666e-02,2.622535112377621588e-02,1.942641477688926768e-02,1.472957313353324971e-01,1.699408331795680405e-01,1.658430815268671088e-01,1.427358388166610204e-01
1.842500000000000027e+00,2.984572257997196790e-02,4.533410649883787974e-02,7.087739413533161725e-02,5.502048553711790663e-02,3.756848413766079586e-01,2.821716988664224046e-01,6.929356080840218257e-02,4.221139782032468646e-01,9.537787910145102410e-01,1.065617530781084454e-01,1.389851276742589370e+01,2.067803740491092751e-02,2.752794948343111753e-02,2.623080649943813208e-02,1.941592380992907332e-02,1.472417016414819813e-01,1.698881553833181124e-01,1.658372133322723319e-01,1.426774041035800689e-01
1.844999999999999973e+00,2.989326041918656182e-02,4.529704008179172292e-02,7.083898132003488279e-02,5.482969664397072118e-02,3.762681567978143349e-01,2.829239558381574371e-01,6.926236453390706427e-02,4.222741201340489692e-01,9.540457554994269396e-01,1.070099443360300329e-01,1.390854876689983932e+01,2.066860570348256695e-02,2.751850791122631770e-02,2.623626298673598783e-02,1.940543612421033459e-02,1.471875201531354926e-01,1.698352517127648398e-01,1.658312544045785486e-01,1.426189064034163456e-01
1.847500000000000142e+00,2.994117403422376020e-02,4.526065321836509475e-02,7.080049889939156460e-02,5.463843540485104761e-02,3.768530378520312252e-01,2.836762318508316838e-01,6.923150905127163635e-02,4.224336714281162752e-01,9.543138412860961983e-01,1.074587954840001414e-01,1.391860506831945266e+01,2.065915270295719947e-02,2.750902127989886953e-02,2.624172056415155843e-02,1.939495175378164876e-02,1.471331867584139974e-01,1.697821223753896713e-01,1.658252046202861318e-01,1.425603458799123147e-01
1.850000000000000089e+00,2.998946261956719761e-02,4.522495037017033870e-02,7.076194685667239193e-02,5.444672074195509165e-02,3.774394819992756833e-01,2.844285142250976839e-01,6.920099967686138553e-02,4.225926516511668840e-01,9.545830500318057688e-01,1.079083125852468711e-01,1.392868172622758571e+01,2.064967837023146471e-02,2.749948965614612550e-02,2.624717920981101127e-02,1.938447073166165574e-02,1.470787013461922754e-01,1.697287675813781704e-01,1.658190638541046091e-01,1.425017226924928382e-01
1.852500000000000036e+00,3.003812533811802549e-02,4.518993575249236755e-02,7.072332518758639441e-02,5.425457174528169890e-02,3.780274867274405204e-01,2.851807900674999119e-01,6.917084182091903788e-02,4.227510805791645510e-01,9.548533834090999761e-01,1.083585017824335167e-01,1.393877879546872123e+01,2.064018267256815045e-02,2.748991310775140626e-02,2.625263890147856716e-02,1.937399308983199855e-02,1.470240638060836269e-01,1.696751875436456614e-01,1.658128319789202998e-01,1.424430369962250975e-01
1.854999999999999982e+00,3.008716132147836592e-02,4.515561332916510212e-02,7.068463390070871266e-02,5.406200767454152900e-02,3.786170495564463723e-01,2.859330462706807241e-01,6.914104098895841599e-02,4.229089782000576281e-01,9.551248431059802257e-01,1.088093692975009574e-01,1.394889633119239392e+01,2.063066557759475270e-02,2.748029170359619910e-02,2.625809961655004021e-02,1.936351885923023181e-02,1.469692740284233856e-01,1.696213824778622647e-01,1.658065088657630914e-01,1.423842889417784585e-01
1.857499999999999929e+00,3.013656967024576361e-02,4.512198680757279617e-02,7.064587301790280216e-02,5.386904796110467131e-02,3.792081680423989298e-01,2.866852695136939966e-01,6.911160278314609773e-02,4.230663647155964435e-01,9.553974308261008463e-01,1.092609214314907151e-01,1.395903438885670056e+01,2.062112705330182080e-02,2.747062551367228725e-02,2.626356133204629101e-02,1.935304806974269889e-02,1.469143319042526263e-01,1.695673526024784605e-01,1.658000943837737717e-01,1.423254786753843648e-01
1.860000000000000098e+00,3.018634945431864988e-02,4.508905963378258969e-02,7.060704257473436607e-02,5.367571220999112908e-02,3.798008397817431714e-01,2.874374462624270099e-01,6.908253290366973831e-02,4.232232605432473815e-01,9.556711482889674869e-01,1.097131645643491249e-01,1.396919302423191667e+01,2.061156706804110478e-02,2.746091460909378529e-02,2.626902402460659300e-02,1.934258075019733986e-02,1.468592373253003736e-01,1.695130981387499014e-01,1.657935884001707216e-01,1.422666063387960922e-01
1.862500000000000044e+00,3.023649971321272847e-02,4.505683498781318241e-02,7.056814262087761358e-02,5.348202020189936345e-02,3.803950624154174842e-01,2.881895627701296370e-01,6.905383715009107137e-02,4.233796863181918946e-01,9.559459972301347364e-01,1.101661051547117021e-01,1.397937229340418241e+01,2.060198559052347708e-02,2.745115906210908799e-02,2.627448767048188791e-02,1.933211692835644022e-02,1.468039901839657269e-01,1.694586193107626149e-01,1.657869907802165532e-01,1.422076720692482532e-01
1.864999999999999991e+00,3.028701945638774193e-02,4.502531577904724663e-02,7.052917322051248383e-02,5.328799189527667207e-02,3.809908336330011802e-01,2.889416050780522216e-01,6.902552142268135460e-02,4.235356628954190517e-01,9.562219794014008567e-01,1.106197497396669560e-01,1.398957225277932537e+01,2.059238258981666361e-02,2.744135894611272192e-02,2.627995224552796133e-02,1.932165663090933128e-02,1.467485903732992647e-01,1.694039163454579000e-01,1.657803013871847475e-01,1.421486759994165516e-01
1.867499999999999938e+00,3.033790766358553798e-02,4.499450464179214487e-02,7.049013445271272438e-02,5.309364742842814094e-02,3.815881511768571821e-01,2.896935590161916485e-01,6.899759172373928773e-02,4.236912113519100131e-01,9.564990965710056248e-01,1.110741049345010945e-01,1.399979295908674004e+01,2.058275803534274570e-02,2.743151433565707217e-02,2.628541772519851077e-02,1.931119988346500713e-02,1.466930377869835878e-01,1.693489894726568079e-01,1.657735200823258759e-01,1.420896182573770372e-01
1.870000000000000107e+00,3.038916328517821119e-02,4.496440393099607885e-02,7.045102641182360292e-02,5.289900712166647340e-02,3.821870128462614424e-01,2.904454102041456043e-01,6.897005415888766977e-02,4.238463529889177628e-01,9.567773505238236220e-01,1.115291774324205232e-01,1.401003446938339714e+01,2.057311189687546782e-02,2.742162530646402238e-02,2.629088408453813738e-02,1.930074671054468616e-02,1.466373323193136124e-01,1.692938389250848996e-01,1.657666467248340436e-01,1.420304989665654993e-01
1.872500000000000053e+00,3.044078524252657320e-02,4.493501571812436035e-02,7.041184920782930790e-02,5.270409147950055884e-02,3.827874165015198726e-01,2.911971440520751409e-01,6.894291493834865669e-02,4.240011093343408199e-01,9.570567430615600779e-01,1.119849740042539593e-01,1.402029684105793805e+01,2.056344414453734060e-02,2.741169193543643856e-02,2.629635129817523703e-02,1.929029713557428583e-02,1.465814738651758653e-01,1.692384649383964212e-01,1.657596811718128060e-01,1.419713182457365552e-01
1.875000000000000000e+00,3.049277242834926363e-02,4.490634178720340208e-02,7.037260296670874715e-02,5.250892119286354465e-02,3.833893600680718938e-01,2.919487457617759851e-01,6.891618037819513543e-02,4.241555021451946517e-01,9.573372760029441597e-01,1.124415014981328398e-01,1.403058013183487773e+01,2.055375474879653566e-02,2.740171430066955238e-02,2.630181934031480470e-02,1.927985118087683150e-02,1.465254623200276385e-01,1.691828677511983403e-01,1.657526232782413345e-01,1.419120762089226551e-01
1.877499999999999947e+00,3.054512370710166236e-02,4.487838363103617556e-02,7.033328783077935631e-02,5.231351714137948833e-02,3.839928415405715612e-01,2.927002003278558195e-01,6.888985690157589659e-02,4.243095534101791744e-01,9.576189511839208190e-01,1.128987668391496363e-01,1.404088439977892122e+01,2.054404368046357232e-02,2.739169248146218136e-02,2.630728818473115557e-02,1.926940886766476471e-02,1.464692975798751462e-01,1.691270476050743821e-01,1.657454728969402769e-01,1.418527729653930591e-01
1.880000000000000115e+00,3.059783791536489425e-02,4.485114244759666469e-02,7.029390395902829214e-02,5.211790039566900623e-02,3.845978589869500364e-01,2.934514925390214191e-01,6.886395103991406474e-02,4.244632853523459537e-01,9.579017704578445258e-01,1.133567770289939797e-01,1.405120970329937791e+01,2.053431091068782383e-02,2.738162655832782066e-02,2.631275780476055592e-02,1.925897021603218545e-02,1.464129795412513202e-01,1.690710047446084274e-01,1.657382298785375907e-01,1.417934086196122601e-01
1.882500000000000062e+00,3.065091386224457620e-02,4.482461913660806818e-02,7.025445152743044208e-02,5.192209221969299598e-02,3.852044105524529138e-01,2.942026069794719811e-01,6.883846943407545549e-02,4.246167204318653243e-01,9.581857356956688943e-01,1.138155391455655946e-01,1.406155610115467702e+01,2.052455641095379812e-02,2.737151661300556843e-02,2.631822817329376729e-02,1.924853524494698348e-02,1.463565081011930780e-01,1.690147394174079387e-01,1.657308940714341816e-01,1.417339832711986825e-01
1.885000000000000009e+00,3.070435032977928552e-02,4.479881429631059342e-02,7.021493072925225065e-02,5.172611407313372489e-02,3.858124944636505127e-01,2.949535280303978158e-01,6.881341883550573524e-02,4.247698813488923753e-01,9.584708487861369752e-01,1.142750603425644051e-01,1.407192365245700927e+01,2.051478015307724515e-02,2.736136272847090531e-02,2.632369926276852123e-02,1.923810397224288288e-02,1.462998831572179248e-01,1.689582518741270245e-01,1.657234653217697640e-01,1.416744970148828831e-01
1.887499999999999956e+00,3.075814607335823625e-02,4.477372822042465644e-02,7.017534177534105744e-02,5.152998761381395038e-02,3.864221090324169716e-01,2.957042398715876708e-01,6.878880610733398293e-02,4.249227910465371849e-01,9.587571116359706602e-01,1.147353478490568401e-01,1.408231241667707323e+01,2.050498210920106631e-02,2.735116498894629364e-02,2.632917104516189349e-02,1.922767641461138252e-02,1.462431046073000007e-01,1.689015423684890327e-01,1.657159434733884162e-01,1.416149499404656120e-01
1.890000000000000124e+00,3.081229982214859359e-02,4.474936089531404704e-02,7.013568489439928055e-02,5.133373470015314272e-02,3.870332526598786460e-01,2.964547264831394191e-01,6.876463822544097437e-02,4.250754727139353650e-01,9.590445261700579760e-01,1.151964089690180187e-01,1.409272245364891951e+01,2.049516225179101592e-02,2.734092347991160313e-02,2.633464349198262611e-02,1.921725258759360289e-02,1.461861723498459054e-01,1.688446111573091157e-01,1.657083283678040253e-01,1.415553421327757078e-01
1.892500000000000071e+00,3.086681027953137174e-02,4.472571199735578262e-02,7.009596033324250186e-02,5.113737739365890878e-02,3.876459238403247576e-01,2.972049716472760506e-01,6.874092227948931655e-02,4.252279497894217442e-01,9.593330943316399351e-01,1.156582510808495945e-01,1.410315382357494229e+01,2.048532055363123244e-02,2.733063828811435614e-02,2.634011657426334543e-02,1.920683250557200447e-02,1.461290862836694959e-01,1.687874585005161021e-01,1.657006198441660638e-01,1.414956736716276586e-01
1.895000000000000018e+00,3.092167612354648765e-02,4.470278089052032860e-02,7.005616835704119028e-02,5.094093796145668374e-02,3.882601211650812956e-01,2.979549589502661355e-01,6.871766547391437718e-02,4.253802459638107436e-01,9.596228180824966092e-01,1.161208816368724250e-01,1.411360658703093840e+01,2.047545698781958606e-02,2.732030950157978907e-02,2.634559026255273856e-02,1.919641618176200909e-02,1.460718463079666296e-01,1.687300846611743121e-01,1.656928177392249235e-01,1.414359446317790536e-01
1.897499999999999964e+00,3.097689600734639809e-02,4.468056662416861752e-02,7.001630924954534152e-02,5.074443887885243115e-02,3.888758433263396208e-01,2.987046717844454302e-01,6.869487512887273439e-02,4.255323851837771176e-01,9.599136994031303161e-01,1.165843081627939981e-01,1.412408080497134577e+01,2.046557152776282140e-02,2.730993720962070215e-02,2.635106452690762907e-02,1.918600362820349278e-02,1.460144523222893231e-01,1.686724899055048188e-01,1.656849218872975815e-01,1.413761550828876168e-01
1.900000000000000133e+00,3.103246855965810513e-02,4.465906793106963479e-02,6.997638331329104899e-02,5.054790283193233424e-02,3.894930891209452128e-01,2.994540933503422875e-01,6.867255868114643946e-02,4.256843916553451068e-01,9.602057402929485841e-01,1.170485382571500310e-01,1.413457653873451392e+01,2.045566414717154072e-02,2.729952150284712178e-02,2.635653933688500428e-02,1.917559485575216077e-02,1.459569042265193017e-01,1.686146745029064031e-01,1.656769321202331280e-01,1.413163050894681583e-01
1.902500000000000080e+00,3.108839238525311355e-02,4.463828322564430962e-02,6.993639086978917230e-02,5.035135272019539837e-02,3.901118574541354023e-01,3.002032066589021553e-01,6.865072368500095557e-02,4.258362898474821745e-01,9.604989427704463401e-01,1.175135795907196190e-01,1.414509385004819997e+01,2.044573482005500320e-02,2.728906247317574446e-02,2.636201466153397649e-02,1.916518987407080099e-02,1.458992019208412150e-01,1.685566387259760379e-01,1.656688482673783491e-01,1.412563947108490536e-01
1.905000000000000027e+00,3.114466606542586058e-02,4.461821060243989501e-02,6.989633225969459074e-02,5.015481165921988754e-02,3.907321473432284198e-01,3.009519945338121061e-01,6.862937781299371931e-02,4.259881044957988250e-01,9.607933088733844329e-01,1.179794399059138910e-01,1.415563280103507893e+01,2.043578352071575080e-02,2.727856021383916543e-02,2.636749046938767840e-02,1.915478869162039188e-02,1.458413453057154086e-01,1.684983828505290104e-01,1.656606701555433658e-01,1.411964240011286120e-01
1.907499999999999973e+00,3.120128815847911935e-02,4.459884783483924336e-02,6.985620784295616670e-02,4.995830298336408765e-02,3.913539579212578778e-01,3.017004396139226774e-01,6.860852885673177082e-02,4.261398606063557803e-01,9.610888406589694899e-01,1.184461270161373259e-01,1.416619345421845999e+01,2.042581022374406405e-02,2.726801481939488542e-02,2.637296672845509601e-02,1.914439131565108532e-02,1.457833342818502520e-01,1.684399071556185734e-01,1.656523976089672445e-01,1.411363930091308894e-01
1.910000000000000142e+00,3.125825720021736115e-02,4.458019237400941137e-02,6.981601799894650295e-02,4.976185024849708732e-02,3.919772884405525182e-01,3.024485243557661907e-01,6.858818472757544082e-02,4.262915834595759623e-01,9.613855402040286657e-01,1.189136488051213136e-01,1.417677587252806148e+01,2.041581490401225135e-02,2.725742638573408136e-02,2.637844340621285644e-02,1.913399775219305071e-02,1.457251687501741888e-01,1.683812119235551796e-01,1.656440304492840243e-01,1.410763017783616680e-01
1.912500000000000089e+00,3.131557170444697336e-02,4.456224134809391724e-02,6.977576312657100821e-02,4.956547723476335127e-02,3.926021382762542866e-01,3.031962310361708823e-01,6.856835345728563846e-02,4.264432986142660531e-01,9.616834096051862790e-01,1.193820132262296274e-01,1.418738011930595455e+01,2.040579753666877869e-02,2.724679501009015167e-02,2.638392046959696022e-02,1.912360800604716998e-02,1.456668486118071482e-01,1.683222974399252447e-01,1.656355684954883278e-01,1.410161503469634092e-01
1.915000000000000036e+00,3.137323016348349952e-02,4.454499156165189766e-02,6.973544364435553533e-02,4.936920794937629114e-02,3.932285069297767333e-01,3.039435417549655738e-01,6.854904319861246376e-02,4.265950319117434719e-01,9.619824509790362299e-01,1.198512283017354046e-01,1.419800625831260810e+01,2.039575809713223969e-02,2.723612079104701170e-02,2.638939788499446160e-02,1.911322208077557983e-02,1.456083737680319012e-01,1.682631639936092993e-01,1.656270115639014717e-01,1.409559387476705672e-01
1.917499999999999982e+00,3.143123104866532569e-02,4.452843949534866091e-02,6.969505999051267553e-02,4.917306662944227746e-02,3.938563940321969103e-01,3.046904384377782660e-01,6.853026222582249416e-02,4.267468094800704881e-01,9.622826664623133075e-01,1.203213021220686796e-01,1.420865435373306873e+01,2.038569656108516273e-02,2.722540382854714280e-02,2.639487561823512102e-02,1.910283997869206829e-02,1.455497441202648068e-01,1.682038118767999191e-01,1.656183594681377158e-01,1.408956670077640694e-01
1.919999999999999929e+00,3.148957281087378518e-02,4.451258130590048795e-02,6.965461262298516809e-02,4.897707774481453030e-02,3.944857993475804903e-01,3.054369028389211094e-01,6.851201893516151165e-02,4.268986577383977465e-01,9.625840582120630540e-01,1.207922428450347585e-01,1.421932447018324730e+01,2.037561290446768258e-02,2.721464422389938825e-02,2.640035363458299519e-02,1.909246170085231176e-02,1.454909595700264180e-01,1.681442413850189610e-01,1.656096120190703180e-01,1.408353351490256311e-01
1.922500000000000098e+00,3.154825388105932105e-02,4.449741282627690808e-02,6.961410201946693910e-02,4.878126600097323906e-02,3.951167227762348300e-01,3.061829165443639145e-01,6.849432184525110212e-02,4.270506034014107111e-01,9.628866284058087421e-01,1.212640586950021193e-01,1.423001667271636883e+01,2.036550710347105608e-02,2.720384207978648883e-02,2.640583189872800982e-02,1.908208724704394538e-02,1.454320200189117562e-01,1.680844528171342167e-01,1.656007690247982556e-01,1.407749431876917090e-01
1.925000000000000044e+00,3.160727267077290126e-02,4.448292956616429344e-02,6.957352867740067281e-02,4.858565634193474925e-02,3.957491643578883722e-01,3.069284609747920944e-01,6.847717959741538019e-02,4.272026734838866302e-01,9.631903792417167987e-01,1.217367579620598494e-01,1.424073102682951486e+01,2.035537913453103892e-02,2.719299750027235826e-02,2.641131037477749410e-02,1.907171661577648086e-02,1.453729253685601963e-01,1.680244464753759270e-01,1.655918302906127793e-01,1.407144911344071214e-01
1.927499999999999991e+00,3.166662757270358869e-02,4.446912671269181300e-02,6.953289311395144390e-02,4.839027395318502844e-02,3.963831242747956063e-01,3.076735173887447106e-01,6.846060095593514694e-02,4.273548953053549759e-01,9.634953129387604509e-01,1.222103490011440946e-01,1.425146759847030964e+01,2.034522897432112370e-02,2.718211059080907765e-02,2.641678902624769454e-02,1.906134980427103345e-02,1.453136755206252129e-01,1.679642226653521586e-01,1.655827956189642736e-01,1.406539789941780305e-01
1.929999999999999938e+00,3.172631696122037853e-02,4.445599913142415233e-02,6.949219586595657694e-02,4.819514426463927803e-02,3.970186028547598167e-01,3.084180668858349517e-01,6.844459480822762121e-02,4.275072964948660736e-01,9.638014317368794881e-01,1.226848402311326580e-01,1.426222645404373601e+01,2.033505659974564964e-02,2.717118145824363312e-02,2.642226781605526084e-02,1.905098680844988929e-02,1.452542703767438770e-01,1.679037816960642915e-01,1.655736648094295049e-01,1.405934067663248133e-01
1.932500000000000107e+00,3.178633919291927457e-02,4.444354136762160290e-02,6.945143748985020682e-02,4.800029295362495674e-02,3.976556005740765620e-01,3.091620904100460532e-01,6.842917016494706739e-02,4.276599049958633159e-01,9.641087378971411326e-01,1.231602401339076946e-01,1.427300766041908098e+01,2.032486198793278034e-02,2.716021021082435510e-02,2.642774670650872501e-02,1.904062762292588890e-02,1.451947098385060198e-01,1.678431238799213132e-01,1.655644376586788702e-01,1.405327744444343774e-01
1.935000000000000053e+00,3.184669260717466754e-02,4.443174764777016450e-02,6.941061856156352516e-02,4.780574594788740417e-02,3.982941180603912779e-01,3.099055687530998804e-01,6.841433616000555662e-02,4.278127490711605696e-01,9.644172337018941388e-01,1.236365572533855983e-01,1.428381128493700558e+01,2.031464511622736724e-02,2.714919695820708356e-02,2.643322565929995954e-02,1.903027224099163375e-02,1.451349938074233958e-01,1.677822495327542518e-01,1.655551139604443389e-01,1.404720820163120054e-01
1.937500000000000000e+00,3.190737552669454385e-02,4.442061188138313188e-02,6.936973967639888106e-02,4.761152942861669041e-02,3.989341560954680621e-01,3.106484825578988973e-01,6.840010205050854608e-02,4.279658573080233341e-01,9.647269214549240024e-01,1.241138001945136793e-01,1.429463739541674450e+01,2.030440596218368102e-02,2.713814181146104176e-02,2.643870463549563565e-02,1.901992065460849507e-02,1.450751221848984307e-01,1.677211589738293318e-01,1.655456935054872014e-01,1.404113294639329490e-01
1.939999999999999947e+00,3.196838625807981588e-02,4.441012766307528281e-02,6.932880144887854090e-02,4.741766983349481046e-02,3.995757156178713076e-01,3.113908123220339164e-01,6.838647721660429113e-02,4.281192586233532049e-01,9.650378034816036177e-01,1.245919776222331327e-01,1.430548606016343882e+01,2.029414450355804950e-02,2.712704488307441861e-02,2.644418359552868844e-02,1.900957285439544564e-02,1.450150948721931621e-01,1.676598525258610750e-01,1.655361760815665106e-01,1.403505167633934403e-01
1.942500000000000115e+00,3.202972309238667076e-02,4.440028827491086100e-02,6.928780451256712214e-02,4.722419385976163453e-02,4.002187977255531326e-01,3.121325384013579063e-01,6.837347116124235791e-02,4.282729822689731458e-01,9.653498821290419363e-01,1.250710982604079369e-01,1.431635734797561987e+01,2.028386071830137402e-02,2.711590628695965260e-02,2.644966249918977164e-02,1.899922882961768353e-02,1.449549117703976819e-01,1.675983305150246239e-01,1.655265614734079127e-01,1.402896438848612592e-01
1.945000000000000062e+00,3.209138430569206252e-02,4.439108668902533306e-02,6.924674951986757587e-02,4.703112846729702590e-02,4.008634036783446652e-01,3.128736410136190860e-01,6.836109350983929356e-02,4.284270578370134586e-01,9.656631597662304056e-01,1.255511708907184332e-01,1.432725132815277647e+01,2.027355458455155565e-02,2.710472613845841747e-02,2.645514130561874358e-02,1.898888856817506840e-02,1.448945727803988559e-01,1.675365932709674266e-01,1.655168494626725884e-01,1.402287107925258847e-01
1.947500000000000009e+00,3.215336815966193806e-02,4.438251557052209223e-02,6.920563714179042702e-02,4.683850088172018117e-02,4.015095349003515168e-01,3.136141002421524160e-01,6.834935400984730458e-02,4.285815152653986160e-01,9.659776387841855216e-01,1.260322043515197943e-01,1.433816807050310693e+01,2.026322608062581035e-02,2.709350455434630239e-02,2.646061997329616014e-02,1.897855205659035316e-02,1.448340778028485154e-01,1.674746411268205060e-01,1.655070398279268329e-01,1.401677174445481455e-01
1.949999999999999956e+00,3.221567290212169754e-02,4.437456728064353983e-02,6.916446806769610545e-02,4.664633859750171030e-02,4.021571929822490565e-01,3.143538960396264348e-01,6.833826253022338981e-02,4.287363848434300184e-01,9.662933215960896050e-01,1.265142075366646746e-01,1.434910764535136707e+01,2.025287518501292169e-02,2.708224165283718704e-02,2.646609846003480232e-02,1.896821927999720048e-02,1.447734267381321493e-01,1.674124744192089231e-01,1.654971323446120524e-01,1.401066637930095116e-01
1.952500000000000124e+00,3.227829676762842409e-02,4.436723388021555220e-02,6.912324300500977126e-02,4.645466938108892829e-02,4.028063796834727150e-01,3.150930082318361691e-01,6.832782906079486185e-02,4.288916972174665054e-01,9.666102106374273584e-01,1.269971893942888341e-01,1.436007012354684953e+01,2.024250187636537218e-02,2.707093755358731119e-02,2.647157672297121775e-02,1.895789022212800851e-02,1.447126194863372350e-01,1.673500934882618807e-01,1.654871267850152039e-01,1.400455497838607177e-01
1.955000000000000071e+00,3.234123797804493855e-02,4.436050713336594370e-02,6.908196267890909237e-02,4.626352127404127768e-02,4.034570969343075353e-01,3.158314165215452829e-01,6.831806371151889767e-02,4.290474833966970158e-01,9.669283083661206479e-01,1.274811589255599176e-01,1.437105557647153198e+01,2.023210613349142942e-02,2.705959237769902867e-02,2.647705471855733156e-02,1.894756486530151107e-02,1.446516559472214858e-01,1.672874986776219930e-01,1.654770229182397634e-01,1.399843753568699722e-01
1.957500000000000018e+00,3.240449474311495048e-02,4.435437851151427524e-02,6.904062783198398889e-02,4.607292259617455643e-02,4.041093468378673115e-01,3.165691004923688046e-01,6.830897671163158047e-02,4.292037747590095598e-01,9.672476172626588431e-01,1.279661251833882352e-01,1.438206407604829984e+01,2.022168793534714903e-02,2.704820624772423868e-02,2.648253240255206767e-02,1.893724319041015930e-02,1.445905360201815426e-01,1.672246903344543068e-01,1.654668205101771095e-01,1.399231404455708594e-01
1.959999999999999964e+00,3.246806526103866025e-02,4.434883919763205756e-02,6.899923922386898278e-02,4.588290194871228606e-02,4.047631316719655370e-01,3.173060396126923255e-01,6.830057840868371255e-02,4.293606030569473986e-01,9.675681398302271585e-01,1.284520972710995468e-01,1.439309569474934491e+01,2.021124726102829436e-02,2.703677928766752211e-02,2.648800973001306028e-02,1.892692517690729506e-02,1.445292596042213051e-01,1.671616688094541836e-01,1.654565193234787679e-01,1.398618449772094097e-01
1.962500000000000133e+00,3.253194771904942967e-02,4.434388009077194770e-02,6.895779763084729230e-02,4.569348821744150663e-02,4.054184538908757185e-01,3.180422132396260593e-01,6.829287926745934711e-02,4.295180004237554861e-01,9.678898785948311101e-01,1.289390843410679888e-01,1.440415050560466881e+01,2.020078408976222831e-02,2.702531162298893799e-02,2.649348665528839658e-02,1.891661080279410240e-02,1.444678265979206233e-01,1.670984344568551550e-01,1.654461191175288226e-01,1.398004888726908368e-01
1.965000000000000080e+00,3.259614029398980733e-02,4.433949181086232344e-02,6.891630384542744847e-02,4.550471057587104212e-02,4.060753161269789469e-01,3.187776006229860459e-01,6.828588986877430489e-02,4.296759993795125632e-01,9.682128361054159749e-01,1.294270955933105594e-01,1.441522858221073378e+01,2.019029840089971856e-02,2.701380338060652489e-02,2.649896313200844969e-02,1.890630004460632299e-02,1.444062368994040169e-01,1.670349876344359163e-01,1.654356196484174646e-01,1.397390720465259695e-01
1.967500000000000027e+00,3.266064115288765807e-02,4.433566470376566065e-02,6.887475867589130940e-02,4.531659848839082044e-02,4.067337211922930074e-01,3.195121809092990040e-01,6.827962090814951313e-02,4.298346328373454650e-01,9.685370149339862511e-01,1.299161402740397209e-01,1.442632999873922728e+01,2.017979017390672883e-02,2.700225468889846242e-02,2.650443911307778094e-02,1.889599287740075309e-02,1.443444904063095058e-01,1.669713287035266835e-01,1.654250206689147351e-01,1.396775944067766284e-01
1.969999999999999973e+00,3.272544845353136250e-02,4.433238884659705670e-02,6.883316294581449946e-02,4.512918171342848034e-02,4.073936720798888023e-01,3.202459331458279990e-01,6.827408319435741835e-02,4.299939341097276380e-01,9.688624176757173467e-01,1.304062276741765058e-01,1.443745482994595086e+01,2.016925938835613039e-02,2.699066567770492045e-02,2.650991455066712549e-02,1.888568927474150450e-02,1.442825870157576906e-01,1.669074580290151322e-01,1.654143219284452682e-01,1.396160558550011144e-01
1.972500000000000142e+00,3.279056034504380934e-02,4.432965405329935410e-02,6.879151749355869039e-02,4.494249030660173172e-02,4.080551719651844822e-01,3.209788362846099918e-01,6.826928764783575521e-02,4.301539369148500436e-01,9.691890469490666016e-01,1.308973671278207962e-01,1.444860315117986183e+01,2.015870602391941699e-02,2.697903647832959606e-02,2.651538939620548541e-02,1.887538920868604003e-02,1.442205266243210826e-01,1.668433759793516713e-01,1.654035231730636712e-01,1.395544562861986970e-01
1.975000000000000089e+00,3.285597496845504839e-02,4.432744988047073592e-02,6.874982317173594648e-02,4.475655462386407546e-02,4.087182242071213945e-01,3.217108691865037673e-01,6.826524529896660365e-02,4.303146753830732196e-01,9.695169053958793137e-01,1.313895680106798303e-01,1.445977503839221789e+01,2.014813006035836435e-02,2.696736722354091745e-02,2.652086360037230958e-02,1.886509264977096617e-02,1.441583091279934337e-01,1.667790829265541341e-01,1.653926241454306556e-01,1.394927955887537985e-01
1.977500000000000036e+00,3.292169045727289661e-02,4.432576563344114290e-02,6.870808084664503657e-02,4.457140532463984423e-02,4.093828323492153531e-01,3.224420106252432472e-01,6.826196728621548859e-02,4.304761840634455661e-01,9.698459956814893257e-01,1.318828397384532447e-01,1.447097056814585159e+01,2.013753147751667916e-02,2.695565804757293904e-02,2.652633711308980194e-02,1.885479956699759665e-02,1.440959344221597049e-01,1.667145792462120524e-01,1.653816245847899991e-01,1.394310736443797050e-01
1.979999999999999982e+00,3.298770493805128212e-02,4.432459037259171841e-02,6.866629139768001822e-02,4.438707337494772476e-02,4.100490001204873391e-01,3.231722392914855857e-01,6.825946485412746900e-02,4.306384979302930738e-01,9.701763204948189445e-01,1.323771917651745955e-01,1.448218981762456892e+01,2.012691025531163427e-02,2.694390908612591048e-02,2.653180988351535111e-02,1.884450992781726980e-02,1.440334024015659797e-01,1.666498653174900979e-01,1.653705242269464248e-01,1.393692903280614737e-01
1.982500000000000151e+00,3.305401653095575709e-02,4.432391291991309018e-02,6.862445571671159372e-02,4.420359005050764761e-02,4.107167314362668575e-01,3.239015337968589314e-01,6.825774935117637221e-02,4.308016523898717254e-01,9.705078825484717564e-01,1.328726335815076376e-01,1.449343286464268488e+01,2.011626637372569346e-02,2.693212047636654380e-02,2.653728186003408152e-02,1.883422369811642988e-02,1.439707129602898761e-01,1.665849415231313024e-01,1.653593228042440910e-01,1.393074455079986729e-01
1.985000000000000098e+00,3.312062335032615878e-02,4.432372186579582735e-02,6.858257470744041906e-02,4.402098693982935129e-02,4.113860303988700617e-01,3.246298726779924815e-01,6.825683222746187218e-02,4.309656832870820131e-01,9.708406845788211115e-01,1.333691747129979732e-01,1.450469978765464241e+01,2.010559981279812572e-02,2.692029235692793704e-02,2.654275299025155715e-02,1.882394084220145869e-02,1.439078659917113479e-01,1.665198082494597498e-01,1.653480200455464955e-01,1.392455390455473452e-01
1.987500000000000044e+00,3.318752350523561379e-02,4.432400557604826430e-02,6.854064928472360096e-02,4.383929594727853374e-02,4.120569012981509238e-01,3.253572344005335459e-01,6.825672503225248267e-02,4.311306269122371915e-01,9.711747293460966102e-01,1.338668247182779880e-01,1.451599066576481789e+01,2.009491055261664744e-02,2.690842486790921695e-02,2.654822322098664145e-02,1.881366132278327469e-02,1.438448613884838190e-01,1.664544658863822690e-01,1.653366156762168526e-01,1.391835707951615264e-01
1.989999999999999991e+00,3.325471510004569115e-02,4.432475219913432907e-02,6.849868037387428499e-02,4.365854929611821117e-02,4.127293486119224530e-01,3.260835973631409646e-01,6.825743941136813708e-02,4.312965200078877626e-01,9.715100196344643724e-01,1.343655931872249631e-01,1.452730557873735684e+01,2.008419857330905056e-02,2.689651815087484507e-02,2.655369249826451325e-02,1.880338510096167537e-02,1.437816990425056229e-01,1.663889148273903218e-01,1.653251094180996916e-01,1.391215406043341540e-01
1.992499999999999938e+00,3.332219623495747546e-02,4.432594967362452065e-02,6.845666890993430675e-02,4.347877953151926822e-02,4.134033770062506274e-01,3.268089399014493801e-01,6.825898710440014838e-02,4.314633997756898154e-01,9.718465582521005341e-01,1.348654897390712537e-01,1.453864460700621208e+01,2.007346385503486555e-02,2.688457234885362895e-02,2.655916076730985981e-02,1.879311213620944374e-02,1.437183788448922750e-01,1.663231554695609460e-01,1.653135009895037033e-01,1.390594483135378090e-01
1.995000000000000107e+00,3.338996500655763006e-02,4.432758573585413725e-02,6.841461583692078074e-02,4.330001952353978306e-02,4.140789913356153207e-01,3.275332402920013708e-01,6.826137994176285917e-02,4.316313038833181626e-01,9.721843480312660768e-01,1.353665240204659226e-01,1.455000783168522815e+01,2.006270637797704509e-02,2.687258760633743152e-02,2.656462797254025704e-02,1.878284238635620149e-02,1.436549006859486055e-01,1.662571882135574219e-01,1.653017901051850314e-01,1.389972937561642918e-01
1.997500000000000053e+00,3.345801950836000543e-02,4.432964792777880497e-02,6.837252210704676536e-02,4.312230247006648004e-02,4.147561966429432756e-01,3.282564767561393371e-01,6.826462984157384561e-02,4.318002704714173356e-01,9.725233918283695544e-01,1.358687057034865808e-01,1.456139533457838731e+01,2.005192612233367561e-02,2.686056406927956122e-02,2.657009405755974760e-02,1.877257580757201241e-02,1.435912644551420314e-01,1.661910134636293279e-01,1.652899764763326451e-01,1.389350767584643653e-01
2.000000000000000000e+00,3.352635783134121084e-02,4.433212360502223476e-02,6.833038867991629572e-02,4.294566189971393833e-02,4.154349981595076291e-01,3.289786274638537011e-01,6.826874880635770693e-02,4.319703381605842218e-01,9.728636925240298217e-01,1.363720444836007961e-01,1.457280719819013015e+01,2.004112306830973730e-02,2.684850188509288818e-02,2.657555896515263402e-02,1.876231235435075334e-02,1.435274700410760218e-01,1.661246316276125123e-01,1.652780598105539900e-01,1.388727971394865535e-01
