R,zeta,Gamma_enclosed,dGamma_dR,material_viscous_dGamma_dt
0.000000000000000000e+00,9.094568176679733718e-01,0.000000000000000000e+00,0.000000000000000000e+00,-0.000000000000000000e+00
4.000000000000000083e-03,9.094360303211401764e-01,4.571376196318907841e-05,2.285662041413406842e-02,-7.836555570560250507e-06
8.000000000000000167e-03,9.093736711314004406e-01,1.828487787041278671e-04,4.571010631351021120e-02,-3.134407290069271524e-05
1.200000000000000025e-02,9.092697486503831250e-01,4.113862442098190010e-04,6.855732389979554697e-02,-7.051610458264685082e-05
1.600000000000000033e-02,9.091242771286311974e-01,7.312948199011024778e-04,9.139514080727804968e-02,-1.253419073928384710e-04
2.000000000000000042e-02,9.089372765123446829e-01,1.142530641794804258e-03,1.142204268186038651e-01,-1.958064459747494823e-04
2.400000000000000050e-02,9.087087724388231980e-01,1.645037330527535915e-03,1.370300545798275038e-01,-2.818903979927880042e-04
2.800000000000000058e-02,9.084387962306073039e-01,2.238746004237937050e-03,1.598209003145457385e-01,-3.835701607549098333e-04
3.200000000000000067e-02,9.081273848883232302e-01,2.923575294303246575e-03,1.825898445368874801e-01,-5.008178593011770614e-04
3.600000000000000422e-02,9.077745810822308581e-01,3.699431363925155623e-03,2.053337727631311949e-01,-6.336013559548050404e-04
4.000000000000000083e-02,9.073804331424798475e-01,4.566207929559012307e-03,2.280495762217231437e-01,-7.818842613316221921e-04
4.400000000000000439e-02,9.069449950480744649e-01,5.523786285179526842e-03,2.507341525614694699e-01,-9.456259468032563072e-04
4.800000000000000100e-02,9.064683264145539932e-01,6.572035329375201969e-03,2.733844065576765403e-01,-1.124781558408726422e-03
5.200000000000000455e-02,9.059504924803890580e-01,7.710811595262868218e-03,2.959972508160143567e-01,-1.319302032208521502e-03
5.600000000000000117e-02,9.053915640921006425e-01,8.939959283212712757e-03,3.185696064738785527e-01,-1.529134111074617304e-03
6.000000000000000472e-02,9.047916176881062311e-01,1.025931029637342645e-02,3.410984038990295675e-01,-1.754220362909294758e-03
6.400000000000000133e-02,9.041507352812969689e-01,1.166868427898604121e-02,3.635805833852841507e-01,-1.994499200284987218e-03
6.800000000000000488e-02,9.034690044403529408e-01,1.316788865747431196e-02,3.860130958450420091e-01,-2.249904901496816486e-03
7.200000000000000844e-02,9.027465182698013457e-01,1.475671868429847926e-02,4.083929034984248307e-01,-2.520367633018850799e-03
7.599999999999999811e-02,9.019833753888254479e-01,1.643495748455845937e-02,4.307169805588121347e-01,-2.805813473354547716e-03
8.000000000000000167e-02,9.011796799088280796e-01,1.820237610533165240e-02,4.529823139145561228e-01,-3.106164438271242015e-03
8.400000000000000522e-02,9.003355414097611309e-01,2.005873356772949409e-02,4.751859038066607033e-01,-3.421338507407957127e-03
8.800000000000000877e-02,8.994510749152244689e-01,2.200377692165643786e-02,4.973247645022116914e-01,-3.751249652245254671e-03
9.199999999999999845e-02,8.985264008663447211e-01,2.403724130325370426e-02,5.193959249633463005e-01,-4.095807865425244408e-03
9.600000000000000200e-02,8.975616450944418068e-01,2.615884999500969407e-02,5.413964295115522019e-01,-4.454919191409343997e-03
1.000000000000000056e-01,8.965569387924904321e-01,2.836831448851787063e-02,5.633233384870883764e-01,-4.828485758460757289e-03
1.040000000000000091e-01,8.955124184853879843e-01,3.066533454986224150e-02,5.851737289033217548e-01,-5.216405811938181966e-03
1.079999999999999988e-01,8.944282259990361528e-01,3.304959828760968554e-02,6.069446950957754217e-01,-5.618573748886607211e-03
1.120000000000000023e-01,8.933045084282476012e-01,3.552078222338758001e-02,6.286333493656885985e-01,-6.034880153910610230e-03
1.160000000000000059e-01,8.921414181034867941e-01,3.807855136502429766e-02,6.502368226178859567e-01,-6.465211836314981031e-03
1.200000000000000094e-01,8.909391125564556368e-01,4.072255928222947435e-02,6.717522649927610834e-01,-6.909451868496971003e-03
1.239999999999999991e-01,8.896977544845362518e-01,4.345244818479020860e-02,6.931768464921806983e-01,-7.367479625574035844e-03
1.280000000000000027e-01,8.884175117140992173e-01,4.626784900325831701e-02,7.145077575991137797e-01,-7.839170826230276376e-03
1.320000000000000062e-01,8.870985571626922583e-01,4.916838147210325638e-02,7.357422098907986374e-01,-8.324397574764465929e-03
1.360000000000000098e-01,8.857410688001189358e-01,5.215365421530445550e-02,7.568774366452613034e-01,-8.823028404321904203e-03
1.400000000000000133e-01,8.843452296084199915e-01,5.522326483435612693e-02,7.779106934409976137e-01,-9.334928321291971476e-03
1.440000000000000169e-01,8.829112275407710042e-01,5.837679999865692110e-02,7.988392587496414565e-01,-9.859958850852718407e-03
1.480000000000000204e-01,8.814392554793077927e-01,6.161383553825568876e-02,8.196604345214373311e-01,-1.039797808364337911e-02
1.519999999999999962e-01,8.799295111918942203e-01,6.493393653892480522e-02,8.403715467633430247e-01,-1.094884072354526845e-02
1.559999999999999998e-01,8.783821972878453899e-01,6.833665743953058758e-02,8.609699461095892126e-01,-1.151239813655107955e-02
1.600000000000000033e-01,8.767975211726187768e-01,7.182154213167060708e-02,8.814530083845250052e-01,-1.208849840070205621e-02
1.640000000000000069e-01,8.751756950014905057e-01,7.538812406154687951e-02,9.018181351575839111e-01,-1.267698635707232430e-02
1.680000000000000104e-01,8.735169356322284306e-01,7.903592633404254997e-02,9.220627542902083418e-01,-1.327770366177900146e-02
1.720000000000000140e-01,8.718214645767776716e-01,8.276446181897034737e-02,9.421843204745667943e-01,-1.389048883899647070e-02
1.760000000000000175e-01,8.700895079519744835e-01,8.657323325945882886e-02,9.621803157639132742e-01,-1.451517733495275193e-02
1.800000000000000211e-01,8.683212964293032243e-01,9.046173338244342665e-02,9.820482500944310855e-01,-1.515160157288551225e-02
1.839999999999999969e-01,8.665170651837111881e-01,9.442944501122731149e-02,1.001785661798411331e+00,-1.579959100893494131e-02
1.880000000000000004e-01,8.646770538414985108e-01,9.847584118007755849e-02,1.021390118108620237e+00,-1.645897218895033681e-02
1.920000000000000040e-01,8.628015064272992474e-01,1.026003852508208247e-01,1.040859215653712644e+00,-1.712956880618681302e-02
1.960000000000000075e-01,8.608906713101686092e-01,1.068025310314026644e-01,1.060190580944548211e+00,-1.781120175986841345e-02
2.000000000000000111e-01,8.589448011487947898e-01,1.110817228963735387e-01,1.079381870851279679e+00,-1.850368921459337110e-02
2.040000000000000147e-01,8.569641528358511451e-01,1.154373959092646618e-01,1.098430773071075617e+00,-1.920684666055709824e-02
2.080000000000000182e-01,8.549489874415061585e-01,1.198689759468155730e-01,1.117335006586351653e+00,-1.992048697456810097e-02
2.120000000000000218e-01,8.528995701561091769e-01,1.243758798250156478e-01,1.136092322113385844e+00,-2.064442048183181416e-02
2.159999999999999976e-01,8.508161702320685693e-01,1.289575154269206603e-01,1.154700502541194718e+00,-2.137845501847697796e-02
2.200000000000000011e-01,8.486990609249399631e-01,1.336132818322048332e-01,1.173157363360552985e+00,-2.212239599479899968e-02
2.240000000000000047e-01,8.465485194337450947e-01,1.383425694484095303e-01,1.191460753083045665e+00,-2.287604645919447469e-02
2.280000000000000082e-01,8.443648268405350432e-01,1.431447601438477213e-01,1.209608553650040497e+00,-2.363920716276078984e-02
2.320000000000000118e-01,8.421482680492209383e-01,1.480192273821240856e-01,1.227598680831475608e+00,-2.441167662453448337e-02
2.360000000000000153e-01,8.398991317236872423e-01,1.529653363582296199e-01,1.245429084614362747e+00,-2.519325119734196899e-02
2.400000000000000189e-01,8.376177102252089224e-01,1.579824441361700194e-01,1.263097749580905926e+00,-2.598372513423578140e-02
2.440000000000000224e-01,8.353042995491896106e-01,1.630698997880847545e-01,1.280602695276142677e+00,-2.678289065548961415e-02
2.479999999999999982e-01,8.329591992612408458e-01,1.682270445348164056e-01,1.297941976565018640e+00,-2.759053801612497414e-02
2.520000000000000018e-01,8.305827124326213839e-01,1.734532118878865381e-01,1.315113683978811565e+00,-2.840645557394232829e-02
2.560000000000000053e-01,8.281751455750566704e-01,1.787477277928360420e-01,1.332115944050818790e+00,-2.923042985802939281e-02
2.600000000000000089e-01,8.257368085749566822e-01,1.841099107738866092e-01,1.348946919641238029e+00,-3.006224563771901434e-02
2.640000000000000124e-01,8.232680146270540122e-01,1.895390720798799666e-01,1.365604810251162204e+00,-3.090168599196916124e-02
2.680000000000000160e-01,8.207690801674787373e-01,1.950345158314511496e-01,1.382087852325622590e+00,-3.174853237913716208e-02
2.720000000000000195e-01,8.182403248062944945e-01,2.005955391693919343e-01,1.398394319545615216e+00,-3.260256470712063342e-02
2.760000000000000231e-01,8.156820712595118650e-01,2.062214324041603819e-01,1.414522523109051244e+00,-3.346356140383698746e-02
2.800000000000000266e-01,8.130946452806010472e-01,2.119114791664916397e-01,1.430470812000571801e+00,-3.433129948801372927e-02
2.840000000000000302e-01,8.104783755915242471e-01,2.176649565590663138e-01,1.446237573250178210e+00,-3.520555464026148967e-02
2.880000000000000338e-01,8.078335938133082150e-01,2.234811353091898378e-01,1.461821232180631869e+00,-3.608610127440188553e-02
2.920000000000000373e-01,8.051606343961756895e-01,2.293592799224401235e-01,1.477220252643574261e+00,-3.697271260902203899e-02
2.960000000000000409e-01,8.024598345492593987e-01,2.352986488372359741e-01,1.492433137244334018e+00,-3.786516073922768094e-02
2.999999999999999889e-01,7.997315341699160474e-01,2.412984945802824910e-01,1.507458427555381730e+00,-3.876321670856695129e-02
3.039999999999999925e-01,7.969760757726630507e-01,2.473580639228483702e-01,1.522294704318406078e+00,-3.966665058109675179e-02
3.079999999999999960e-01,7.941938044177582201e-01,2.534765980378269057e-01,1.536940587634980648e+00,-4.057523151356348667e-02
3.119999999999999996e-01,7.913850676394423855e-01,2.596533326575383160e-01,1.551394737145801894e+00,-4.148872782767058093e-02
3.160000000000000031e-01,7.885502153738672693e-01,2.658874982322255165e-01,1.565655852198480469e+00,-4.240690708240455603e-02
3.200000000000000067e-01,7.856895998867278186e-01,2.721783200891984000e-01,1.579722672003870843e+00,-4.332953614639188655e-02
3.240000000000000102e-01,7.828035757006208684e-01,2.785250185925802202e-01,1.593593975780929872e+00,-4.425638127025897234e-02
3.280000000000000138e-01,7.798924995221510059e-01,2.849268093036103067e-01,1.607268582890102548e+00,-4.518720815896744986e-02
3.320000000000000173e-01,7.769567301688040661e-01,2.913829031414583715e-01,1.620745352955226704e+00,-4.612178204409731613e-02
3.360000000000000209e-01,7.739966284956092402e-01,2.978925065445020004e-01,1.634023185973970005e+00,-4.705986775605033867e-02
3.400000000000000244e-01,7.710125573216104478e-01,3.044548216320241973e-01,1.647101022416794791e+00,-4.800122979614658558e-02
3.440000000000000280e-01,7.680048813561696219e-01,3.110690463662831307e-01,1.659977843314474510e+00,-4.894563240858679914e-02
3.480000000000000315e-01,7.649739671251188922e-01,3.177343747149095066e-01,1.672652670334168867e+00,-4.989283965225350254e-02
3.520000000000000351e-01,7.619201828967863133e-01,3.244499968135852175e-01,1.685124565844076105e+00,-5.084261547232412498e-02
3.560000000000000386e-01,7.588438986079143467e-01,3.312150991289576352e-01,1.697392632966699955e+00,-5.179472377166959018e-02
3.600000000000000422e-01,7.557454857894913003e-01,3.380288646217445292e-01,1.709456015620739011e+00,-5.274892848201138962e-02
3.639999999999999902e-01,7.526253174925168210e-01,3.448904729099833699e-01,1.721313898551648292e+00,-5.370499363481143207e-02
3.679999999999999938e-01,7.494837682137227564e-01,3.517991004323817728e-01,1.732965507350899603e+00,-5.466268343186837103e-02
3.719999999999999973e-01,7.463212138212685920e-01,3.587539206117195678e-01,1.744410108463981146e+00,-5.562176231559437523e-02
3.760000000000000009e-01,7.431380314804325593e-01,3.657541040182636927e-01,1.755647009187184748e+00,-5.658199503894698057e-02
3.800000000000000044e-01,7.399345995793191744e-01,3.727988185331455040e-01,1.766675557653223594e+00,-5.754314673499072441e-02
3.840000000000000080e-01,7.367112976546029701e-01,3.798872295116594300e-01,1.777495142805737505e+00,-5.850498298606313097e-02
3.880000000000000115e-01,7.334685063173280728e-01,3.870184999464370001e-01,1.788105194362733519e+00,-5.946726989252063694e-02
3.920000000000000151e-01,7.302066071787850499e-01,3.941917906304532315e-01,1.798505182769029709e+00,-6.042977414103940098e-02
3.960000000000000187e-01,7.269259827764841253e-01,4.014062603198202406e-01,1.808694619137761528e+00,-6.139226307244743941e-02
4.000000000000000222e-01,7.236270165002435251e-01,4.086610658963256149e-01,1.818673055181011966e+00,-6.235450474906328172e-02
4.040000000000000258e-01,7.203100925184161563e-01,4.159553625296708579e-01,1.828440083129651894e+00,-6.331626802151822664e-02
4.080000000000000293e-01,7.169755957042692751e-01,4.232883038393693287e-01,1.837995335642441441e+00,-6.427732259503853018e-02
4.120000000000000329e-01,7.136239115625410134e-01,4.306590420562570465e-01,1.847338485704494326e+00,-6.523743909516444006e-02
4.160000000000000364e-01,7.102554261561904170e-01,4.380667281835783355e-01,1.856469246515167093e+00,-6.619638913288368454e-02
4.200000000000000400e-01,7.068705260333612017e-01,4.455105121576007354e-01,1.865387371365470726e+00,-6.715394536915694768e-02
4.240000000000000435e-01,7.034695981545777688e-01,4.529895430077192642e-01,1.874092653505085471e+00,-6.810988157881339711e-02
4.280000000000000471e-01,7.000530298201924628e-01,4.605029690160073463e-01,1.882584925999072567e+00,-6.906397271379455249e-02
4.319999999999999951e-01,6.966212085981032809e-01,4.680499378761752705e-01,1.890864061574380361e+00,-7.001599496572563641e-02
4.359999999999999987e-01,6.931745222517593508e-01,4.756295968518941542e-01,1.898929972456238957e+00,-7.096572582779314686e-02
4.400000000000000022e-01,6.897133586684731643e-01,4.832410929344442829e-01,1.906782610194543315e+00,-7.191294415590848699e-02
4.440000000000000058e-01,6.862381057880582169e-01,4.908835729996507413e-01,1.914421965480339605e+00,-7.285743022913747369e-02
4.480000000000000093e-01,6.827491515318087067e-01,4.985561839640642035e-01,1.921848067952507177e+00,-7.379896580937629624e-02
4.520000000000000129e-01,6.792468837318399455e-01,5.062580729403497459e-01,1.929060985994760724e+00,-7.473733420025414909e-02
4.560000000000000164e-01,6.757316900608072441e-01,5.139883873918438262e-01,1.936060826523076761e+00,-7.567232030524484454e-02
4.600000000000000200e-01,6.722039579620183725e-01,5.217462752862429554e-01,1.942847734763662348e+00,-7.660371068496725500e-02
4.640000000000000235e-01,6.686640745799606877e-01,5.295308852483848749e-01,1.949421894021595048e+00,-7.753129361365887484e-02
4.680000000000000271e-01,6.651124266912562533e-01,5.373413667120852111e-01,1.955783525440240478e+00,-7.845485913480279572e-02
4.720000000000000306e-01,6.615494006360623791e-01,5.451768700709949123e-01,1.961932887751585364e+00,-7.937419911589273236e-02
4.760000000000000342e-01,6.579753822499353477e-01,5.530365468284402786e-01,1.967870277017604863e+00,-8.028910730231829385e-02
4.800000000000000377e-01,6.543907567961725347e-01,5.609195497462116098e-01,1.973596026362804068e+00,-8.119937937035535958e-02
4.840000000000000413e-01,6.507959088986481344e-01,5.688250329922623916e-01,1.979110505698052469e+00,-8.210481297924492050e-02
4.880000000000000449e-01,6.471912224751601439e-01,5.767521522872892659e-01,1.984414121435862377e+00,-8.300520782234578621e-02
4.920000000000000484e-01,6.435770806713023706e-01,5.847000650501550378e-01,1.989507316197237863e+00,-8.390036567734637796e-02
4.959999999999999964e-01,6.399538657948767861e-01,5.926679305421214128e-01,1.994390568510232553e+00,-8.479009045552075852e-02
5.000000000000000000e-01,6.363219592508622124e-01,6.006549100098623750e-01,1.999064392500372378e+00,-8.567418825001596461e-02
5.040000000000000036e-01,6.326817414769533299e-01,6.086601668272205723e-01,2.003529337573068503e+00,-8.655246738315655608e-02
5.080000000000000071e-01,6.290335918796843284e-01,6.166828666356782840e-01,2.007785988088182982e+00,-8.742473845275403055e-02
5.120000000000000107e-01,6.253778887711518575e-01,6.247221774835124419e-01,2.011834963026888357e+00,-8.829081437740855798e-02
5.160000000000000142e-01,6.217150093063500416e-01,6.327772699636000642e-01,2.015676915650966183e+00,-8.915051044079130849e-02
5.200000000000000178e-01,6.180453294211328830e-01,6.408473173498470121e-01,2.019312533154711264e+00,-9.000364433489570215e-02
5.240000000000000213e-01,6.143692237708158199e-01,6.489314957322104283e-01,2.022742536309581673e+00,-9.085003620224749166e-02
5.280000000000000249e-01,6.106870656694307620e-01,6.570289841502842121e-01,2.025967679101757124e+00,-9.168950867706238128e-02
5.320000000000000284e-01,6.069992270296452608e-01,6.651389647254215554e-01,2.028988748362761996e+00,-9.252188692534193959e-02
5.360000000000000320e-01,6.033060783033623586e-01,6.732606227913668917e-01,2.031806563393313336e+00,-9.334699868389852162e-02
5.400000000000000355e-01,5.996079884230074430e-01,6.813931470233678400e-01,2.034421975580551933e+00,-9.416467429829984692e-02
5.440000000000000391e-01,5.959053247435196488e-01,6.895357295657458252e-01,2.036835868008818107e+00,-9.497474675972547575e-02
5.480000000000000426e-01,5.921984529850561341e-01,6.976875661578960663e-01,2.039049155064141861e+00,-9.577705174072713434e-02
5.520000000000000462e-01,5.884877371764213327e-01,7.058478562586919525e-01,2.041062782032603273e+00,-9.657142762988547846e-02
5.560000000000000497e-01,5.847735395992316176e-01,7.140158031692728224e-01,2.042877724692734542e+00,-9.735771556535660620e-02
5.600000000000000533e-01,5.810562207328284767e-01,7.221906141541882818e-01,2.044494988902131993e+00,-9.813575946730233868e-02
5.640000000000000568e-01,5.773361391999464187e-01,7.303715005608789612e-01,2.045915610178439259e+00,-9.890540606919769051e-02
5.680000000000000604e-01,5.736136517131495971e-01,7.385576779374694034e-01,2.047140653274880151e+00,-9.966650494801131133e-02
5.720000000000000639e-01,5.698891130220449242e-01,7.467483661488524271e-01,2.048171211750503762e+00,-1.004189085532532777e-01
5.760000000000000675e-01,5.661628758612812229e-01,7.549427894910436532e-01,2.049008407535314102e+00,-1.011624722348863914e-01
5.800000000000000711e-01,5.624352908993447420e-01,7.631401768037892053e-01,2.049653390490462801e+00,-1.018970542700973064e-01
5.840000000000000746e-01,5.587067066881573618e-01,7.713397615814009400e-01,2.050107337963663845e+00,-1.026225158889239736e-01
5.880000000000000782e-01,5.549774696134899266e-01,7.795407820818063271e-01,2.050371454340017330e+00,-1.033387212987368631e-01
5.920000000000000817e-01,5.512479238461949205e-01,7.877424814337926628e-01,2.050446970588409190e+00,-1.040455377075718696e-01
5.959999999999999742e-01,5.475184112942682590e-01,7.959441077424269650e-01,2.050335143803655669e+00,-1.047428353463124573e-01
5.999999999999999778e-01,5.437892715557482992e-01,8.041449141926388933e-01,2.050037256744580816e+00,-1.054304874897212807e-01
6.039999999999999813e-01,5.400608418724589521e-01,8.123441591509443782e-01,2.049554617368187337e+00,-1.061083704763187280e-01
6.079999999999999849e-01,5.363334570846014504e-01,8.205411062653011900e-01,2.048888558360102863e+00,-1.067763637271093718e-01
6.119999999999999885e-01,5.326074495862062053e-01,8.287350245630794587e-01,2.048040436661478836e+00,-1.074343497631564393e-01
6.159999999999999920e-01,5.288831492814461965e-01,8.369251885471302721e-01,2.047011632992511210e+00,-1.080822142220045773e-01
6.199999999999999956e-01,5.251608835418208887e-01,8.451108782899443561e-01,2.045803551372759710e+00,-1.087198458729523587e-01
6.239999999999999991e-01,5.214409771642153357e-01,8.532913795258850742e-01,2.044417618638447731e+00,-1.093471366311764281e-01
6.280000000000000027e-01,5.177237523298396926e-01,8.614659837414848642e-01,2.042855283956907630e+00,-1.099639815707089685e-01
6.320000000000000062e-01,5.140095285640545741e-01,8.696339882637933449e-01,2.041118018338351270e+00,-1.105702789362718319e-01
6.360000000000000098e-01,5.102986226970863681e-01,8.777946963467702091e-01,2.039207314145142558e+00,-1.111659301539694999e-01
6.400000000000000133e-01,5.065913488256383879e-01,8.859474172557061378e-01,2.037124684598745628e+00,-1.117508398408454812e-01
6.440000000000000169e-01,5.028880182753989736e-01,8.940914663496698500e-01,2.034871663284512078e+00,-1.123249158133050735e-01
6.480000000000000204e-01,4.991889395644541483e-01,9.022261651619720713e-01,2.032449803654503118e+00,-1.128880690944101123e-01
6.520000000000000240e-01,4.954944183676046610e-01,9.103508414786325442e-01,2.029860678528492279e+00,-1.134402139200494514e-01
6.560000000000000275e-01,4.918047574815933021e-01,9.184648294148510805e-01,2.027105879593344540e+00,-1.139812677439915045e-01
6.600000000000000311e-01,4.881202567912434342e-01,9.265674694894719954e-01,2.024187016900928615e+00,-1.145111512418239552e-01
6.640000000000000346e-01,4.844412132365121804e-01,9.346581086974379282e-01,2.021105718364737847e+00,-1.150297883137873789e-01
6.680000000000000382e-01,4.807679207804610444e-01,9.427361005802278315e-01,2.017863629255396418e+00,-1.155371060865089811e-01
6.720000000000000417e-01,4.771006703781433544e-01,9.508008052942746868e-01,2.014462411695203681e+00,-1.160330349136437095e-01
6.760000000000000453e-01,4.734397499464133019e-01,9.588515896773601721e-01,2.010903744151903094e+00,-1.165175083754302759e-01
6.800000000000000488e-01,4.697854443346559661e-01,9.668878273129822842e-01,2.007189320931833887e+00,-1.169904632771697622e-01
6.840000000000000524e-01,4.661380352964393237e-01,9.749088985926958051e-01,2.003320851672628411e+00,-1.174518396466352754e-01
6.880000000000000560e-01,4.624978014620897970e-01,9.829141907764227248e-01,1.999300060835631276e+00,-1.179015807304212571e-01
6.920000000000000595e-01,4.588650183121908976e-01,9.909030980507304021e-01,1.995128687198192141e+00,-1.183396329892413418e-01
6.960000000000000631e-01,4.552399581520049643e-01,9.988750215850821235e-01,1.990808483346002467e+00,-1.187659460921843824e-01
7.000000000000000666e-01,4.516228900868189955e-01,1.006829369586053735e+00,1.986341215165637664e+00,-1.191804729099382870e-01
7.040000000000000702e-01,4.480140799982127442e-01,1.014765557349523339e+00,1.981728661337462505e+00,-1.195831695069920486e-01
7.080000000000000737e-01,4.444137905212484085e-01,1.022683007310833503e+00,1.976972612829055009e+00,-1.199739951328261112e-01
7.120000000000000773e-01,4.408222810225816413e-01,1.030581149092927751e+00,1.972074872389314892e+00,-1.203529122121021894e-01
7.160000000000000808e-01,4.372398075794917127e-01,1.038459419552465901e+00,1.967037254043404459e+00,-1.207198863338638101e-01
7.200000000000000844e-01,4.336666229598298283e-01,1.046317262823919680e+00,1.961861582588682484e+00,-1.210748862397587056e-01
7.240000000000000879e-01,4.301029766028826029e-01,1.054154130361656172e+00,1.956549693091776732e+00,-1.214178838112954101e-01
7.279999999999999805e-01,4.265491146011499146e-01,1.061969480980010649e+00,1.951103430386951887e+00,-1.217488540561458138e-01
7.319999999999999840e-01,4.230052796830331419e-01,1.069762780891356124e+00,1.945524648575920112e+00,-1.220677750935063033e-01
7.359999999999999876e-01,4.194717111964327838e-01,1.077533503742176713e+00,1.939815210529242329e+00,-1.223746281385304779e-01
7.399999999999999911e-01,4.159486450932502466e-01,1.085281130647146375e+00,1.933976987389463220e+00,-1.226693974858459185e-01
7.439999999999999947e-01,4.124363139147925184e-01,1.093005150221227906e+00,1.928011858076128293e+00,-1.229520704921691215e-01
7.479999999999999982e-01,4.089349467780754033e-01,1.100705058609794618e+00,1.921921708792825534e+00,-1.232226375580314504e-01
7.520000000000000018e-01,4.054447693630204852e-01,1.108380359516782043e+00,1.915708432536378902e+00,-1.234810921086305913e-01
7.560000000000000053e-01,4.019660039005442664e-01,1.116030564230885869e+00,1.909373928608355753e+00,-1.237274305738214342e-01
7.600000000000000089e-01,3.984988691615321543e-01,1.123655191649805873e+00,1.902920102128998314e+00,-1.239616523672604914e-01
7.640000000000000124e-01,3.950435804466951861e-01,1.131253768302554086e+00,1.896348863553735109e+00,-1.241837598647188845e-01
7.680000000000000160e-01,3.916003495773034970e-01,1.138825828369832260e+00,1.889662128192386437e+00,-1.243937583815788034e-01
7.720000000000000195e-01,3.881693848867917018e-01,1.146370913702492222e+00,1.882861815731208477e+00,-1.245916561495279545e-01
7.760000000000000231e-01,3.847508912132308612e-01,1.153888573838091736e+00,1.875949849757893695e+00,-1.247774642924678878e-01
7.800000000000000266e-01,3.813450698926620364e-01,1.161378366015553443e+00,1.868928157289658110e+00,-1.249511968016514540e-01
7.840000000000000302e-01,3.779521187532844939e-01,1.168839855187947752e+00,1.861798668304536442e+00,-1.251128705100648386e-01
7.880000000000000338e-01,3.745722321104948960e-01,1.176272614033401220e+00,1.854563315276009039e+00,-1.252625050660710337e-01
7.920000000000000373e-01,3.712056007627679288e-01,1.183676222964154645e+00,1.847224032711072939e+00,-1.254001229063288203e-01
7.960000000000000409e-01,3.678524119883755938e-01,1.191050270133778843e+00,1.839782756691883181e+00,-1.255257492280061893e-01
8.000000000000000444e-01,3.645128495429359461e-01,1.198394351442564121e+00,1.832241424421070741e+00,-1.256394119603020110e-01
8.040000000000000480e-01,3.611870936577857849e-01,1.205708070541101185e+00,1.824601973770851426e+00,-1.257411417352941319e-01
8.080000000000000515e-01,3.578753210391698025e-01,1.212991038832061053e+00,1.816866342836035431e+00,-1.258309718581299974e-01
8.120000000000000551e-01,3.545777048682392518e-01,1.220242875470201049e+00,1.809036469491043686e+00,-1.259089382765766485e-01
8.160000000000000586e-01,3.512944148018524171e-01,1.227463207360602881e+00,1.801114290951036034e+00,-1.259750795499468001e-01
8.200000000000000622e-01,3.480256169741700600e-01,1.234651669155164111e+00,1.793101743337256915e+00,-1.260294368174186552e-01
8.240000000000000657e-01,3.447714739990365707e-01,1.241807903247361011e+00,1.785000761246685830e+00,-1.260720537657659401e-01
8.280000000000000693e-01,3.415321449731414938e-01,1.248931559765299681e+00,1.776813277326110496e+00,-1.261029765965159810e-01
8.320000000000000728e-01,3.383077854799494966e-01,1.256022296563067853e+00,1.768541221850692624e+00,-1.261222539925522523e-01
8.360000000000000764e-01,3.350985475943951131e-01,1.263079779210416032e+00,1.760186522307141788e+00,-1.261299370841803269e-01
8.400000000000000799e-01,3.319045798883292764e-01,1.270103680980775529e+00,1.751751102981569552e+00,-1.261260794146730202e-01
8.440000000000000835e-01,3.287260274367128643e-01,1.277093682837642241e+00,1.743236884552120669e+00,-1.261107369053134086e-01
8.480000000000000870e-01,3.255630318245458232e-01,1.284049473419335730e+00,1.734645783686461051e+00,-1.260839678199530689e-01
8.520000000000000906e-01,3.224157311545240434e-01,1.290970749022161135e+00,1.725979712644206243e+00,-1.260458327291026082e-01
8.560000000000000941e-01,3.192842600554152144e-01,1.297857213581991020e+00,1.717240578884370761e+00,-1.259963944735732755e-01
8.599999999999999867e-01,3.161687496911438355e-01,1.304708578654286466e+00,1.708430284677912248e+00,-1.259357181276861415e-01
8.639999999999999902e-01,3.130693277705760003e-01,1.311524563392576948e+00,1.699550726725445493e+00,-1.258638709620672758e-01
8.679999999999999938e-01,3.099861185579957934e-01,1.318304894525424098e+00,1.690603795780202256e+00,-1.257809224060470465e-01
8.719999999999999973e-01,3.069192428842610343e-01,1.325049306331888221e+00,1.681591376276294625e+00,-1.256869440096796131e-01
8.760000000000000009e-01,3.038688181586319814e-01,1.331757540615514435e+00,1.672515345962363398e+00,-1.255820094054026226e-01
8.800000000000000044e-01,3.008349583812602868e-01,1.338429346676870413e+00,1.663377575540662789e+00,-1.254661942693528764e-01
8.840000000000000080e-01,2.978177741563298175e-01,1.345064481284645064e+00,1.654179928311646064e+00,-1.253395762823567572e-01
8.880000000000000115e-01,2.948173727058391869e-01,1.351662708645341660e+00,1.644924259824115831e+00,-1.252022350906126791e-01
8.920000000000000151e-01,2.918338578840150577e-01,1.358223800371580747e+00,1.635612417530986074e+00,-1.250542522660833822e-01
8.960000000000000187e-01,2.888673301923465608e-01,1.364747535449037041e+00,1.626246240450716307e+00,-1.248957112666150282e-01
9.000000000000000222e-01,2.859178867952307801e-01,1.371233700202033834e+00,1.616827558834467160e+00,-1.247266973958017777e-01
9.040000000000000258e-01,2.829856215362174798e-01,1.377682088257817794e+00,1.607358193839018012e+00,-1.245472977626119332e-01
9.080000000000000293e-01,2.800706249548448046e-01,1.384092500509539470e+00,1.597839957205507977e+00,-1.243576012407943826e-01
9.120000000000000329e-01,2.771729843040526275e-01,1.390464745077953479e+00,1.588274650944023758e+00,-1.241576984280813867e-01
9.160000000000000364e-01,2.742927835681648330e-01,1.396798637271876364e+00,1.578664067024089235e+00,-1.239476816052056535e-01
9.200000000000000400e-01,2.714301034814299851e-01,1.403093999547413651e+00,1.569009987071095180e+00,-1.237276446947492142e-01
9.240000000000000435e-01,2.685850215471072278e-01,1.409350661465988752e+00,1.559314182068686216e+00,-1.234976832198399488e-01
9.280000000000000471e-01,2.657576120570889211e-01,1.415568459651186828e+00,1.549578412067160960e+00,-1.232578942627136215e-01
9.320000000000000506e-01,2.629479461120485806e-01,1.421747237744451553e+00,1.539804425897902673e+00,-1.230083764231581778e-01
9.360000000000000542e-01,2.601560916421016278e-01,1.427886846359647244e+00,1.529993960893868188e+00,-1.227492297768566359e-01
9.400000000000000577e-01,2.573821134279700162e-01,1.433987143036515199e+00,1.520148742616163950e+00,-1.224805558336452133e-01
9.440000000000000613e-01,2.546260731226379637e-01,1.440047992193053128e+00,1.510270484586730300e+00,-1.222024574957034371e-01
9.480000000000000648e-01,2.518880292734890225e-01,1.446069265076828314e+00,1.500360888027156392e+00,-1.219150390156923669e-01
9.520000000000000684e-01,2.491680373449117747e-01,1.452050839715269603e+00,1.490421641603636660e+00,-1.216184059548567620e-01
9.560000000000000719e-01,2.464661497413646596e-01,1.457992600864942867e+00,1.480454421178095448e+00,-1.213126651411079449e-01
9.600000000000000755e-01,2.437824158308871392e-01,1.463894439959847915e+00,1.470460889565479379e+00,-1.209979246271023073e-01
9.640000000000000790e-01,2.411168819690476806e-01,1.469756255058754624e+00,1.460442696297243659e+00,-1.206742936483322509e-01
9.680000000000000826e-01,2.384695915233147612e-01,1.475577950791607806e+00,1.450401477391020100e+00,-1.203418825812434950e-01
9.720000000000000862e-01,2.358405848978430974e-01,1.481359438305018372e+00,1.440338855126498174e+00,-1.200008029013962529e-01
9.760000000000000897e-01,2.332298995586602752e-01,1.487100635206876742e+00,1.430256437827498450e+00,-1.196511671416833067e-01
9.800000000000000933e-01,2.306375700592449285e-01,1.492801465510102732e+00,1.420155819650253282e+00,-1.192930888506213011e-01
9.840000000000000968e-01,2.280636280664841975e-01,1.498461859575562327e+00,1.410038580377893203e+00,-1.189266825507297454e-01
9.880000000000001004e-01,2.255081023869994483e-01,1.504081754054174214e+00,1.399906285221129476e+00,-1.185520636970122388e-01
9.919999999999999929e-01,2.229710189938288178e-01,1.509661091828232271e+00,1.389760484625134573e+00,-1.181693486355543110e-01
9.959999999999999964e-01,2.204524010534551492e-01,1.515199821951966896e+00,1.379602714082604820e+00,-1.177786545622520886e-01
1.000000000000000000e+00,2.179522689531689372e-01,1.520697899591372471e+00,1.369434493953004539e+00,-1.173800994816861093e-01
1.004000000000000004e+00,2.154706403287538208e-01,1.526155285963321839e+00,1.359257329287972160e+00,-1.169738021661534677e-01
1.008000000000000007e+00,2.130075300924845760e-01,1.531571948273997785e+00,1.349072709662878511e+00,-1.165598821148726844e-01
1.012000000000000011e+00,2.105629504614253411e-01,1.536947859656658588e+00,1.338882109014517985e+00,-1.161384595133736208e-01
1.016000000000000014e+00,2.081369109860180255e-01,1.542282999108773867e+00,1.328686985484919258e+00,-1.157096551930867079e-01
1.020000000000000018e+00,2.057294185789490526e-01,1.547577351428538028e+00,1.318488781271248689e+00,-1.152735905911434627e-01
1.024000000000000021e+00,2.033404775442834156e-01,1.552830907150804851e+00,1.308288922481789074e+00,-1.148303877104015908e-01
1.028000000000000025e+00,2.009700896068555287e-01,1.558043662482451186e+00,1.298088818997969573e+00,-1.143801690797068144e-01
1.032000000000000028e+00,1.986182539419053539e-01,1.563215619237205312e+00,1.287889864342417923e+00,-1.139230577144036000e-01
1.036000000000000032e+00,1.962849672049490068e-01,1.568346784769958369e+00,1.277693435553007628e+00,-1.134591770771070929e-01
1.040000000000000036e+00,1.939702235618733228e-01,1.573437171910580634e+00,1.267500893062874168e+00,-1.129886510387476395e-01
1.044000000000000039e+00,1.916740147192428079e-01,1.578486798897275278e+00,1.257313580586361335e+00,-1.125116038398995405e-01
1.048000000000000043e+00,1.893963299548090673e-01,1.583495689309484256e+00,1.247132825010871304e+00,-1.120281600524051374e-01
1.052000000000000046e+00,1.871371561482115531e-01,1.588463872000373867e+00,1.236959936294581119e+00,-1.115384445413056536e-01
1.056000000000000050e+00,1.848964778118588059e-01,1.593391381028921527e+00,1.226796207369984515e+00,-1.110425824270888651e-01
1.060000000000000053e+00,1.826742771219800610e-01,1.598278255591632613e+00,1.216642914053225777e+00,-1.105406990482645235e-01
1.064000000000000057e+00,1.804705339498365591e-01,1.603124539953900918e+00,1.206501314959185889e+00,-1.100329199242777584e-01
1.068000000000000060e+00,1.782852258930822387e-01,1.607930283381043823e+00,1.196372651422273226e+00,-1.095193707187703813e-01
1.072000000000000064e+00,1.761183283072625394e-01,1.612695540069033262e+00,1.186258147422878606e+00,-1.090001772031993776e-01
1.076000000000000068e+00,1.739698143374433514e-01,1.617420369074939357e+00,1.176159009519456289e+00,-1.084754652208230058e-01
1.080000000000000071e+00,1.718396549499568160e-01,1.622104834247118488e+00,1.166076426786168962e+00,-1.079453606510624997e-01
1.084000000000000075e+00,1.697278189642567048e-01,1.626749004155157108e+00,1.156011570756066309e+00,-1.074099893742493789e-01
1.088000000000000078e+00,1.676342730848715268e-01,1.631352952019608393e+00,1.145965595369735635e+00,-1.068694772367662083e-01
1.092000000000000082e+00,1.655589819334462864e-01,1.635916755641521725e+00,1.135939636929377716e+00,-1.063239500165897577e-01
1.096000000000000085e+00,1.635019080808629288e-01,1.640440497331812963e+00,1.125934814058257905e+00,-1.057735333892443619e-01
1.100000000000000089e+00,1.614630120794297852e-01,1.644924263840472412e+00,1.115952227665476748e+00,-1.052183528941735280e-01
1.104000000000000092e+00,1.594422524951296105e-01,1.649368146285647541e+00,1.105992960916001744e+00,-1.046585339015371069e-01
1.108000000000000096e+00,1.574395859399186082e-01,1.653772240082616030e+00,1.096058079205916913e+00,-1.040942015794419362e-01
1.112000000000000099e+00,1.554549671040647840e-01,1.658136644872667320e+00,1.086148630142816485e+00,-1.035254808616124789e-01
1.116000000000000103e+00,1.534883487885174980e-01,1.662461464451920889e+00,1.076265643531296057e+00,-1.029524964155079936e-01
1.120000000000000107e+00,1.515396819372992199e-01,1.666746806700089900e+00,1.066410131363479064e+00,-1.023753726108939943e-01
1.124000000000000110e+00,1.496089156699095257e-01,1.670992783509224422e+00,1.056583087814515709e+00,-1.017942334888728012e-01
1.128000000000000114e+00,1.476959973137332294e-01,1.675199510712439999e+00,1.046785489242997524e+00,-1.012092027313801074e-01
1.132000000000000117e+00,1.458008724364427133e-01,1.679367108012662202e+00,1.037018294196216273e+00,-1.006204036311528632e-01
1.136000000000000121e+00,1.439234848783872145e-01,1.683495698911399607e+00,1.027282443420217461e+00,-1.000279590621743209e-01
1.140000000000000124e+00,1.420637767849586841e-01,1.687585410637564509e+00,1.017578859874569863e+00,-9.943199145060084565e-02
1.144000000000000128e+00,1.402216886389269501e-01,1.691636374076367355e+00,1.007908448751795083e+00,-9.883262274617603260e-02
1.148000000000000131e+00,1.383971592927353556e-01,1.695648723698294003e+00,9.982720975013867903e-01,-9.822997439413647114e-02
1.152000000000000135e+00,1.365901260007485185e-01,1.699622597488188447e+00,9.886706758583557741e-01,-9.762416730761365458e-02
1.156000000000000139e+00,1.348005244514439704e-01,1.703558136874459894e+00,9.791050358762282135e-01,-9.701532184053600349e-02
1.160000000000000142e+00,1.330282887995401508e-01,1.707455486658431720e+00,9.695760119644356578e-01,-9.640355776103533281e-02
1.164000000000000146e+00,1.312733516980519599e-01,1.711314794943844086e+00,9.600844209300192222e-01,-9.578899422536080177e-02
1.168000000000000149e+00,1.295356443302669303e-01,1.715136213066537962e+00,9.506310620235856046e-01,-9.517174975230412171e-02
1.172000000000000153e+00,1.278150964416339408e-01,1.718919895524325669e+00,9.412167169894407603e-01,-9.455194219813925494e-02
1.176000000000000156e+00,1.261116363715569511e-01,1.722665999907073919e+00,9.318421501198304036e-01,-9.392968873207890868e-02
1.180000000000000160e+00,1.244251910850863174e-01,1.726374686827010896e+00,9.225081083132157245e-01,-9.330510581225097411e-02
1.184000000000000163e+00,1.227556862045006414e-01,1.730046119849275144e+00,9.132153211365137135e-01,-9.267830916219707560e-02
1.188000000000000167e+00,1.211030460407717529e-01,1.733680465422718253e+00,9.039645008912273738e-01,-9.204941374789527009e-02
1.191999999999999948e+00,1.194671936249060568e-01,1.737277892810983770e+00,8.947563426833942124e-01,-9.141853375530907544e-02
1.195999999999999952e+00,1.178480507391548721e-01,1.740838574023869656e+00,8.855915244972786260e-01,-9.078578256846386862e-02
1.199999999999999956e+00,1.162455379480880902e-01,1.744362683748997167e+00,8.764707072727369042e-01,-9.015127274805292967e-02
1.203999999999999959e+00,1.146595746295231005e-01,1.747850399283792378e+00,8.673945349861755805e-01,-8.951511601057331180e-02
1.207999999999999963e+00,1.130900790053034621e-01,1.751301900467799433e+00,8.583636347350327434e-01,-8.887742320799310591e-02
1.211999999999999966e+00,1.115369681719210332e-01,1.754717369615340417e+00,8.493786168257076996e-01,-8.823830430795065460e-02
1.215999999999999970e+00,1.100001581309749260e-01,1.758096991448532709e+00,8.404400748648628294e-01,-8.759786837448628460e-02
1.219999999999999973e+00,1.084795638194610418e-01,1.761440953030679157e+00,8.315485858540192510e-01,-8.695622354930598874e-02
1.223999999999999977e+00,1.069750991398872864e-01,1.764749443700040388e+00,8.227047102873789042e-01,-8.631347703357870882e-02
1.227999999999999980e+00,1.054866769902073342e-01,1.768022655004006127e+00,8.139089922527895649e-01,-8.566973507026505452e-02
1.231999999999999984e+00,1.040142092935683743e-01,1.771260780633679310e+00,8.051619595357814019e-01,-8.502510292697852690e-02
1.235999999999999988e+00,1.025576070278665791e-01,1.774464016358876961e+00,7.964641237265985829e-01,-8.437968487937792805e-02
1.239999999999999991e+00,1.011167802551054401e-01,1.777632559963570502e+00,7.878159803301498787e-01,-8.373358419509020767e-02
1.243999999999999995e+00,9.969163815055158417e-02,1.780766611181767045e+00,7.792180088788047687e-01,-8.308690311816284424e-02
1.247999999999999998e+00,9.828208903168252075e-02,1.783866371633850756e+00,7.706706730479538914e-01,-8.243974285404398472e-02
1.252000000000000002e+00,9.688804038692214182e-02,1.786932044763390959e+00,7.621744207742655597e-01,-8.179220355508974583e-02
1.256000000000000005e+00,9.550939890415846567e-02,1.789963835774426082e+00,7.537296843765561860e-01,-8.114438430659609569e-02
1.260000000000000009e+00,9.414607049903929437e-02,1.792961951569240320e+00,7.453368806792040058e-01,-8.049638311335403917e-02
1.264000000000000012e+00,9.279796034304135799e-02,1.795926600686634123e+00,7.369964111380300498e-01,-7.984829688672601122e-02
1.268000000000000016e+00,9.146497289130767205e-02,1.798857993240710496e+00,7.287086619685647637e-01,-7.920022143224057787e-02
1.272000000000000020e+00,9.014701191025041582e-02,1.801756340860168892e+00,7.204740042766395458e-01,-7.855225143770447338e-02
1.276000000000000023e+00,8.884398050491325305e-02,1.804621856628135346e+00,7.122927941912110539e-01,-7.790448046182731068e-02
1.280000000000000027e+00,8.755578114609072204e-02,1.807454755022522841e+00,7.041653729993583299e-01,-7.725700092335817393e-02
1.284000000000000030e+00,8.628231569719997662e-02,1.810255251856936143e+00,6.960920672833715850e-01,-7.660990409072991614e-02
1.288000000000000034e+00,8.502348544090128357e-02,1.813023564222131512e+00,6.880731890598592582e-01,-7.596328007220846945e-02
1.292000000000000037e+00,8.377919110546379333e-02,1.815759910428035528e+00,6.801090359208030733e-01,-7.531721780654379583e-02
1.296000000000000041e+00,8.254933289087279524e-02,1.818464509946331020e+00,6.721998911764813789e-01,-7.467180505411885605e-02
1.300000000000000044e+00,8.133381049467579282e-02,1.821137583353620748e+00,6.643460240001984873e-01,-7.402712838859355771e-02
1.304000000000000048e+00,8.013252313756340228e-02,1.823779352275168852e+00,6.565476895747373032e-01,-7.338327318903921370e-02
1.308000000000000052e+00,7.894536958868246523e-02,1.826390039329236936e+00,6.488051292404691806e-01,-7.274032363256001388e-02
1.312000000000000055e+00,7.777224819067815598e-02,1.828969868072013227e+00,6.411185706450470700e-01,-7.209836268739729104e-02
1.316000000000000059e+00,7.661305688446280737e-02,1.831519062943143261e+00,6.334882278946148970e-01,-7.145747210651255676e-02
1.320000000000000062e+00,7.546769323370791649e-02,1.834037849211867632e+00,6.259143017064563441e-01,-7.081773242164476900e-02
1.324000000000000066e+00,7.433605444905756754e-02,1.836526452923774144e+00,6.183969795630188671e-01,-7.017922293783744603e-02
1.328000000000000069e+00,7.321803741206034388e-02,1.838985100848171461e+00,6.109364358672411122e-01,-6.954202172843111651e-02
1.332000000000000073e+00,7.211353869881767520e-02,1.841414020426081599e+00,6.035328320991154571e-01,-6.890620563051615133e-02
1.336000000000000076e+00,7.102245460334617733e-02,1.843813439718861469e+00,5.961863169734147316e-01,-6.827185024084131415e-02
1.340000000000000080e+00,6.994468116065230556e-02,1.846183587357463241e+00,5.888970265985217223e-01,-6.763902991217306260e-02
1.344000000000000083e+00,6.888011416951694832e-02,1.848524692492324872e+00,5.816650846362872995e-01,-6.700781775010028474e-02
1.348000000000000087e+00,6.782864921498858723e-02,1.850836984743908342e+00,5.744906024628566588e-01,-6.637828561027979413e-02
1.352000000000000091e+00,6.679018169058295595e-02,1.853120694153877368e+00,5.673736793303941761e-01,-6.575050409611653268e-02
1.356000000000000094e+00,6.576460682018768489e-02,1.855376051136927273e+00,5.603144025296420416e-01,-6.512454255687381843e-02
1.360000000000000098e+00,6.475181967967079399e-02,1.857603286433265666e+00,5.533128475532513857e-01,-6.450046908620760133e-02
1.364000000000000101e+00,6.375171521819129883e-02,1.859802631061748368e+00,5.463690782598197293e-01,-6.387835052111950906e-02
1.368000000000000105e+00,6.276418827921086130e-02,1.861974316273671715e+00,5.394831470385714756e-01,-6.325825244132279868e-02
1.372000000000000108e+00,6.178913362120527081e-02,1.864118573507225429e+00,5.326550949746192698e-01,-6.264023916901524658e-02
1.376000000000000112e+00,6.082644593807507577e-02,1.866235634342608973e+00,5.258849520147478307e-01,-6.202437376905369643e-02
1.380000000000000115e+00,5.987601987925420671e-02,1.868325730457807587e+00,5.191727371336576358e-01,-6.141071804952407537e-02
1.384000000000000119e+00,5.893775006951540441e-02,1.870389093585040685e+00,5.125184585006026250e-01,-6.079933256270005776e-02
1.388000000000000123e+00,5.801153112847293181e-02,1.872425955467870828e+00,5.059221136463764035e-01,-6.019027660638603949e-02
1.392000000000000126e+00,5.709725768978081428e-02,1.874436547818987275e+00,4.993836896305751116e-01,-5.958360822563662368e-02
1.396000000000000130e+00,5.619482442002664974e-02,1.876421102278652997e+00,4.929031632090855597e-01,-5.897938421484714977e-02
1.400000000000000133e+00,5.530412603732085680e-02,1.878379850373827376e+00,4.864805010017433373e-01,-5.837766012020922241e-02
1.404000000000000137e+00,5.442505732958063253e-02,1.880313023477956591e+00,4.801156596601012794e-01,-5.777849024252419002e-02
1.408000000000000140e+00,5.355751317250877219e-02,1.882220852771436581e+00,4.738085860352546641e-01,-5.718192764036902215e-02
1.412000000000000144e+00,5.270138854726728189e-02,1.884103569202746575e+00,4.675592173456710743e-01,-5.658802413360751460e-02
1.416000000000000147e+00,5.185657855784556874e-02,1.885961403450253870e+00,4.613674813449671341e-01,-5.599683030724057764e-02
1.420000000000000151e+00,5.102297844812386102e-02,1.887794585884690290e+00,4.552332964895854373e-01,-5.540839551558954246e-02
1.424000000000000155e+00,5.020048361863137937e-02,1.889603346532298556e+00,4.491565721063133787e-01,-5.482276788680488788e-02
1.428000000000000158e+00,4.938898964300031391e-02,1.891387915038647893e+00,4.431372085595997601e-01,-5.423999432769501666e-02
1.432000000000000162e+00,4.858839228411563488e-02,1.893148520633119114e+00,4.371750974186158212e-01,-5.366012052886780931e-02
1.436000000000000165e+00,4.779858750996104216e-02,1.894885392094058707e+00,4.312701216240098501e-01,-5.308319097017813459e-02
1.440000000000000169e+00,4.701947150916221257e-02,1.896598757714595074e+00,4.254221556543127392e-01,-5.250924892647518272e-02
1.444000000000000172e+00,4.625094070622767783e-02,1.898288845269123337e+00,4.196310656919441939e-01,-5.193833647364293205e-02
1.448000000000000176e+00,4.549289177648801336e-02,1.899955881980452288e+00,4.138967097887715219e-01,-5.137049449492639419e-02
1.452000000000000179e+00,4.474522166073442025e-02,1.901600094487613024e+00,4.082189380311798677e-01,-5.080576268753771163e-02
1.455999999999999961e+00,4.400782757955756797e-02,1.903221708814325064e+00,4.025975927046071545e-01,-5.024417956953498160e-02
1.459999999999999964e+00,4.328060704738754400e-02,1.904820950338121932e+00,3.970325084574996555e-01,-4.968578248696709637e-02
1.463999999999999968e+00,4.256345788623637494e-02,1.906398043760128447e+00,3.915235124646481712e-01,-4.913060762127813286e-02
1.467999999999999972e+00,4.185627823914381263e-02,1.907953213075492815e+00,3.860704245898604614e-01,-4.857868999696416529e-02
1.471999999999999975e+00,4.115896658332806463e-02,1.909486681544468212e+00,3.806730575479319589e-01,-4.803006348947620741e-02
1.475999999999999979e+00,4.047142174304230178e-02,1.910998671664136728e+00,3.753312170658705260e-01,-4.748476083336213710e-02
1.479999999999999982e+00,3.979354290213903828e-02,1.912489405140779919e+00,3.700447020433439982e-01,-4.694281363064134460e-02
1.483999999999999986e+00,3.912522961634296720e-02,1.913959102862889949e+00,3.648133047123036099e-01,-4.640425235940502657e-02
1.487999999999999989e+00,3.846638182523455518e-02,1.915407984874817782e+00,3.596368107957543248e-01,-4.586910638263564516e-02
1.491999999999999993e+00,3.781689986394555503e-02,1.916836270351050198e+00,3.545149996656307700e-01,-4.533740395723895311e-02
1.495999999999999996e+00,3.717668447456803915e-02,1.918244177571122311e+00,3.494476444997449693e-01,-4.480917224328158366e-02
1.500000000000000000e+00,3.654563681727908409e-02,1.919631923895152248e+00,3.444345124377738987e-01,-4.428443731342807110e-02
1.504000000000000004e+00,3.592365848118243832e-02,1.920999725739999109e+00,3.394753647362506732e-01,-4.376322416257037023e-02
1.508000000000000007e+00,3.531065149486933147e-02,1.922347798556039322e+00,3.345699569225288328e-01,-4.324555671764344217e-02
1.512000000000000011e+00,3.470651833670008318e-02,1.923676356804554510e+00,3.297180389476874751e-01,-4.273145784762028693e-02
1.516000000000000014e+00,3.411116194480865588e-02,1.924985613935732420e+00,3.249193553383469268e-01,-4.222094937368004591e-02
1.520000000000000018e+00,3.352448572683198319e-02,1.926275782367268929e+00,3.201736453473653099e-01,-4.171405207954246436e-02
1.524000000000000021e+00,3.294639356936642643e-02,1.927547073463574012e+00,3.154806431033890801e-01,-4.121078572196270468e-02
1.528000000000000025e+00,3.237678984715310071e-02,1.928799697515571232e+00,3.108400777592260078e-01,-4.071116904137977305e-02
1.532000000000000028e+00,3.181557943199433969e-02,1.930033863721089427e+00,3.062516736390161753e-01,-4.021521977271194648e-02
1.536000000000000032e+00,3.126266770140397055e-02,1.931249780165839480e+00,3.017151503841780102e-01,-3.972295465629407246e-02
1.540000000000000036e+00,3.071796054699274872e-02,1.932447653804975740e+00,2.972302230980960469e-01,-3.923438944894868524e-02
1.544000000000000039e+00,3.018136438259210602e-02,1.933627690445227199e+00,2.927966024895348185e-01,-3.874953893518642833e-02
1.548000000000000043e+00,2.965278615211826285e-02,1.934790094727607324e+00,2.884139950147522335e-01,-3.826841693852883058e-02
1.552000000000000046e+00,2.913213333717872694e-02,1.935935070110684553e+00,2.840821030182868467e-01,-3.779103633294696174e-02
1.556000000000000050e+00,2.861931396442428388e-02,1.937062818854413893e+00,2.798006248724038136e-01,-3.731740905441089523e-02
1.560000000000000053e+00,2.811423661264835644e-02,1.938173542004526739e+00,2.755692551151735503e-01,-3.684754611254321272e-02
1.564000000000000057e+00,2.761681041963654978e-02,1.939267439377464264e+00,2.713876845871654453e-01,-3.638145760237086745e-02
1.568000000000000060e+00,2.712694508876889454e-02,1.940344709545863244e+00,2.672556005667388046e-01,-3.591915271616970273e-02
1.572000000000000064e+00,2.664455089537717467e-02,1.941405549824571475e+00,2.631726869039096028e-01,-3.546063975539536645e-02
1.576000000000000068e+00,2.616953869286010870e-02,1.942450156257201854e+00,2.591386241527786072e-01,-3.500592614269534830e-02
1.580000000000000071e+00,2.570181991855906983e-02,1.943478723603209835e+00,2.551530897025042766e-01,-3.455501843399629014e-02
1.584000000000000075e+00,2.524130659939684274e-02,1.944491445325494228e+00,2.512157579068030611e-01,-3.410792233066080315e-02
1.588000000000000078e+00,2.478791135728204698e-02,1.945488513578512046e+00,2.473263002119623910e-01,-3.366464269170825474e-02
1.592000000000000082e+00,2.434154741428244326e-02,1.946470119196899828e+00,2.434843852833560585e-01,-3.322518354609453606e-02
1.596000000000000085e+00,2.390212859756904104e-02,1.947436451684605885e+00,2.396896791304422292e-01,-3.278954810504449563e-02
1.600000000000000089e+00,2.346956934413455334e-02,1.948387699204507717e+00,2.359418452302378677e-01,-3.235773877443261920e-02
1.604000000000000092e+00,2.304378470528860301e-02,1.949324048568530365e+00,2.322405446492547543e-01,-3.192975716720612006e-02
1.608000000000000096e+00,2.262469035093240058e-02,1.950245685228245485e+00,2.285854361638856858e-01,-3.150560411584527737e-02
1.612000000000000099e+00,2.221220257361604736e-02,1.951152793265947594e+00,2.249761763792332003e-01,-3.108527968485633869e-02
1.616000000000000103e+00,2.180623829238098957e-02,1.952045555386206166e+00,2.214124198463689186e-01,-3.066878318329132116e-02
1.620000000000000107e+00,2.140671505639071132e-02,1.952924152907878907e+00,2.178938191780165345e-01,-3.025611317729029817e-02
1.624000000000000110e+00,2.101355104835241419e-02,1.953788765756588441e+00,2.144200251626499909e-01,-2.984726750264087708e-02
1.628000000000000114e+00,2.062666508773254234e-02,1.954639572457650631e+00,2.109906868769983734e-01,-2.944224327735028846e-02
1.632000000000000117e+00,2.024597663376931020e-02,1.955476750129450103e+00,2.076054517969544988e-01,-2.904103691422540989e-02
1.636000000000000121e+00,1.987140578828474127e-02,1.956300474477256079e+00,2.042639659068768709e-01,-2.864364413345576316e-02
1.640000000000000124e+00,1.950287329829946195e-02,1.957110919787471870e+00,2.009658738072828132e-01,-2.825005997519518600e-02
1.644000000000000128e+00,1.914030055845312647e-02,1.957908258922312239e+00,1.977108188209287243e-01,-2.786027881213773427e-02
1.648000000000000131e+00,1.878360961323322781e-02,1.958692663314902438e+00,1.944984430972706846e-01,-2.747429436208304043e-02
1.652000000000000135e+00,1.843272315901553840e-02,1.959464302964789795e+00,1.913283877153063584e-01,-2.709209970048738481e-02
1.656000000000000139e+00,1.808756454591880711e-02,1.960223346433866087e+00,1.882002927847915841e-01,-2.671368727299556697e-02
1.660000000000000142e+00,1.774805777947693550e-02,1.960969960842690485e+00,1.851137975458331808e-01,-2.633904890794997941e-02
1.664000000000000146e+00,1.741412752213145759e-02,1.961704311867206618e+00,1.820685404668550000e-01,-2.596817582887257780e-02
1.668000000000000149e+00,1.708569909454731375e-02,1.962426563735848895e+00,1.790641593409370846e-01,-2.560105866691569226e-02
1.672000000000000153e+00,1.676269847675483649e-02,1.963136879227031839e+00,1.761002913805277958e-01,-2.523768747327792897e-02
1.676000000000000156e+00,1.644505230912093191e-02,1.963835419667014470e+00,1.731765733105289917e-01,-2.487805173158114114e-02
1.680000000000000160e+00,1.613268789315254123e-02,1.964522344928132380e+00,1.702926414597576710e-01,-2.452214037020510745e-02
1.684000000000000163e+00,1.582553319213508836e-02,1.965197813427395079e+00,1.674481318507825833e-01,-2.416994177457582396e-02
1.688000000000000167e+00,1.552351683160903446e-02,1.965861982125436835e+00,1.646426802881400808e-01,-2.382144379940403719e-02
1.692000000000000171e+00,1.522656809968748332e-02,1.966515006525817455e+00,1.618759224449320411e-01,-2.347663378087071900e-02
1.696000000000000174e+00,1.493461694721768922e-02,1.967157040674670565e+00,1.591474939478084161e-01,-2.313549854875569453e-02
1.700000000000000178e+00,1.464759398778954155e-02,1.967788237160681408e+00,1.564570304603392081e-01,-2.279802443850656793e-02
1.704000000000000181e+00,1.436543049759372338e-02,1.968408747115400814e+00,1.538041677647788985e-01,-2.246419730324427863e-02
1.708000000000000185e+00,1.408805841513272213e-02,1.969018720213879137e+00,1.511885418422296012e-01,-2.213400252570242241e-02
1.712000000000000188e+00,1.381541034078749910e-02,1.969618304675620379e+00,1.486097889512087156e-01,-2.180742503009737432e-02
1.716000000000000192e+00,1.354741953624255014e-02,1.970207647265844964e+00,1.460675457046237691e-01,-2.148444929392580999e-02
1.719999999999999973e+00,1.328401992377260810e-02,1.970786893297061804e+00,1.435614491451657759e-01,-2.116505935968730073e-02
1.723999999999999977e+00,1.302514608539338814e-02,1.971356186630932372e+00,1.410911368191221094e-01,-2.084923884652855816e-02
1.727999999999999980e+00,1.277073326187980890e-02,1.971915669680430971e+00,1.386562468486225164e-01,-2.053697096180740617e-02
1.731999999999999984e+00,1.252071735165396528e-02,1.972465483412290110e+00,1.362564180023195237e-01,-2.022823851257292069e-02
1.735999999999999988e+00,1.227503490954608492e-02,1.973005767349726769e+00,1.338912897645159472e-01,-1.992302391695997127e-02
1.739999999999999991e+00,1.203362314543111530e-02,1.973536659575437557e+00,1.315605024027456382e-01,-1.962130921549520846e-02
1.743999999999999995e+00,1.179641992274383516e-02,1.974058296734868101e+00,1.292636970338176539e-01,-1.932307608231239454e-02
1.747999999999999998e+00,1.156336375687513907e-02,1.974570814039736222e+00,1.270005156883314001e-01,-1.902830583627456579e-02
1.752000000000000002e+00,1.133439381345242164e-02,1.975074345271814691e+00,1.247706013736739755e-01,-1.873697945200087506e-02
1.756000000000000005e+00,1.110944990650678324e-02,1.975569022786963780e+00,1.225735981355097898e-01,-1.844907757079616156e-02
1.760000000000000009e+00,1.088847249652965567e-02,1.976054977519402067e+00,1.204091511177705215e-01,-1.816458051148081218e-02
1.764000000000000012e+00,1.067140268842171891e-02,1.976532338986218162e+00,1.182769066211585701e-01,-1.788346828111917614e-02
1.768000000000000016e+00,1.045818222933678383e-02,1.977001235292112469e+00,1.161765121601743417e-01,-1.760572058564470466e-02
1.772000000000000020e+00,1.024875350642322040e-02,1.977461793134364765e+00,1.141076165186775820e-01,-1.733131684037971312e-02
1.776000000000000023e+00,1.004305954446567915e-02,1.977914137808018502e+00,1.120698698039956503e-01,-1.706023618044825302e-02
1.780000000000000027e+00,9.841044003429706352e-03,1.978358393211281152e+00,1.100629234995900152e-01,-1.679245747108030345e-02
1.784000000000000030e+00,9.642651175911854874e-03,1.978794681851133053e+00,1.080864305162932415e-01,-1.652795931780575225e-02
1.788000000000000034e+00,9.447825984497894639e-03,1.979223124849135207e+00,1.061400452421289858e-01,-1.626672007653656715e-02
1.792000000000000037e+00,9.256513979031712538e-03,1.979643841947436700e+00,1.042234235907280732e-01,-1.600871786353583182e-02
1.796000000000000041e+00,9.068661333797346097e-03,1.980056951514970187e+00,1.023362230483523955e-01,-1.575393056527207847e-02
1.800000000000000044e+00,8.884214844616803233e-03,1.980462570553834789e+00,1.004781027195415233e-01,-1.550233584815783640e-02
1.804000000000000048e+00,8.703121925866091554e-03,1.980860814705859729e+00,9.864872337139457548e-02,-1.525391116817107102e-02
1.808000000000000052e+00,8.525330607411878842e-03,1.981251798259338726e+00,9.684774747650043425e-02,-1.500863378035824022e-02
1.812000000000000055e+00,8.350789531471392024e-03,1.981635634155935799e+00,9.507483925453215357e-02,-1.476648074821819423e-02
1.816000000000000059e+00,8.179447949397698758e-03,1.982012433997756062e+00,9.332966471251641360e-02,-1.452742895296540993e-02
1.820000000000000062e+00,8.011255718393155839e-03,1.982382308054573494e+00,9.161189168379670067e-02,-1.429145510267228539e-02
1.824000000000000066e+00,7.846163298152918769e-03,1.982745365271208815e+00,8.992118986569953842e-02,-1.405853574128879645e-02
1.828000000000000069e+00,7.684121747441329670e-03,1.983101713275062572e+00,8.825723085592335204e-02,-1.382864725753953430e-02
1.832000000000000073e+00,7.525082720603133365e-03,1.983451458383785226e+00,8.661968818766122014e-02,-1.360176589369674685e-02
1.836000000000000076e+00,7.368998464011975412e-03,1.983794705613087572e+00,8.500823736347369597e-02,-1.337786775422894481e-02
1.840000000000000080e+00,7.215821812458431128e-03,1.984131558684683494e+00,8.342255588792721333e-02,-1.315692881432452103e-02
1.844000000000000083e+00,7.065506185479793026e-03,1.984462120034362842e+00,8.186232329901291238e-02,-1.293892492828969953e-02
1.848000000000000087e+00,6.918005583633765956e-03,1.984786490820184879e+00,8.032722119836079033e-02,-1.272383183782034750e-02
1.852000000000000091e+00,6.773274584718297353e-03,1.985104770930789186e+00,7.881693328026499745e-02,-1.251162518014721156e-02
1.856000000000000094e+00,6.631268339939727467e-03,1.985417058993827810e+00,7.733114535953661273e-02,-1.230228049605428149e-02
1.860000000000000098e+00,6.491942570031280536e-03,1.985723452384495102e+00,7.586954539819806831e-02,-1.209577323776986346e-02
1.864000000000000101e+00,6.355253561324063563e-03,1.986024047234171475e+00,7.443182353103613980e-02,-1.189207877673011983e-02
1.868000000000000105e+00,6.221158161772612737e-03,1.986318938439163295e+00,7.301767209002900383e-02,-1.169117241121492984e-02
1.872000000000000108e+00,6.089613776937011051e-03,1.986608219669538045e+00,7.162678562766296164e-02,-1.149302937385586303e-02
1.876000000000000112e+00,5.960578365923629302e-03,1.986891983378052284e+00,7.025886093915580111e-02,-1.129762483901625321e-02
1.880000000000000115e+00,5.834010437286350943e-03,1.987170320809162005e+00,6.891359708360111913e-02,-1.110493393004315099e-02
1.884000000000000119e+00,5.709869044890404990e-03,1.987443322008123125e+00,6.759069540405197862e-02,-1.091493172639147920e-02
1.888000000000000123e+00,5.588113783740520854e-03,1.987711075830163709e+00,6.628985954655756963e-02,-1.072759327062005989e-02
1.892000000000000126e+00,5.468704785775491128e-03,1.987973669949730793e+00,6.501079547817148474e-02,-1.054289357526003862e-02
1.896000000000000130e+00,5.351602715630815466e-03,1.988231190869810483e+00,6.375321150394558378e-02,-1.036080762955550114e-02
1.900000000000000133e+00,5.236768766371419602e-03,1.988483723931313119e+00,6.251681828292755816e-02,-1.018131040607677361e-02
1.904000000000000137e+00,5.124164655196114006e-03,1.988731353322516826e+00,6.130132884317702341e-02,-1.000437686720649123e-02
1.908000000000000140e+00,5.013752619115650032e-03,1.988974162088574138e+00,6.010645859581726508e-02,-9.829981971498803067e-03
1.912000000000000144e+00,4.905495410606074483e-03,1.989212232141071013e+00,5.893192534813854883e-02,-9.658100679912077352e-03
1.916000000000000147e+00,4.799356293239092144e-03,1.989445644267634705e+00,5.777744931576911380e-02,-9.488707961915454278e-03
1.920000000000000151e+00,4.695299037291138060e-03,1.989674478141590486e+00,5.664275313393050265e-02,-9.321778801469704154e-03
1.924000000000000155e+00,4.593287915332804061e-03,1.989898812331660771e+00,5.552756186779314596e-02,-9.157288202882916603e-03
1.928000000000000158e+00,4.493287697800203359e-03,1.990118724311705778e+00,5.443160302194813283e-02,-8.995211196541371204e-03
1.932000000000000162e+00,4.395263648549923782e-03,1.990334290470496148e+00,5.335460654901189037e-02,-8.835522844516368463e-03
1.936000000000000165e+00,4.299181520399133517e-03,1.990545586121521771e+00,5.229630485738000212e-02,-8.678198246047515510e-03
1.940000000000000169e+00,4.205007550652261825e-03,1.990752685512831910e+00,5.125643281814477176e-02,-8.523212542902933175e-03
1.944000000000000172e+00,4.112708456615933941e-03,1.990955661836892210e+00,5.023472777119487864e-02,-8.370540924617387094e-03
1.948000000000000176e+00,4.022251431103495908e-03,1.991154587240477669e+00,4.923092953051114162e-02,-8.220158633608774801e-03
1.952000000000000179e+00,3.933604137930635930e-03,1.991349532834573388e+00,4.824478038867527352e-02,-8.072040970173784136e-03
1.956000000000000183e+00,3.846734707403505222e-03,1.991540568704298186e+00,4.727602512060722489e-02,-7.926163297363520918e-03
1.960000000000000187e+00,3.761611731800741307e-03,1.991727763918841765e+00,4.632441098654696554e-02,-7.782501045739890870e-03
1.964000000000000190e+00,3.678204260850728626e-03,1.991911186541407641e+00,4.538968773429633008e-02,-7.641029718013541555e-03
1.968000000000000194e+00,3.596481797205451289e-03,1.992090903639169186e+00,4.447160760073656793e-02,-7.501724893564249916e-03
1.972000000000000197e+00,3.516414291912241599e-03,1.992266981293226991e+00,4.356992531263743917e-02,-7.364562232844658329e-03
1.976000000000000201e+00,3.437972139884656018e-03,1.992439484608568234e+00,4.268439808677248343e-02,-7.229517481668208331e-03
1.980000000000000204e+00,3.361126175373806493e-03,1.992608477724027383e+00,4.181478562935712906e-02,-7.096566475382324983e-03
1.983999999999999986e+00,3.285847667441288162e-03,1.992774023822239116e+00,4.096085013482367310e-02,-6.965685142927729653e-03
1.987999999999999989e+00,3.212108315434911675e-03,1.992936185139589922e+00,4.012235628394869580e-02,-6.836849510784857864e-03
1.991999999999999993e+00,3.139880244468479156e-03,1.993095022976159258e+00,3.929907124134880692e-02,-6.710035706808585229e-03
1.995999999999999996e+00,3.069136000906615147e-03,1.993250597705646499e+00,3.849076465235818506e-02,-6.585219963952023033e-03
2.000000000000000000e+00,2.999848547855858607e-03,1.993402968785287444e+00,3.769720863930389743e-02,-6.462378623880668006e-03
2.004000000000000004e+00,2.931991260663062426e-03,1.993552194765755070e+00,3.691817779719332171e-02,-6.341488140477893366e-03
2.008000000000000007e+00,2.865537922422154750e-03,1.993698333301038073e+00,3.615344918882822806e-02,-6.222525083242893065e-03
2.012000000000000011e+00,2.800462719490313772e-03,1.993841441158304750e+00,3.540280233936032167e-02,-6.105466140582254536e-03
2.016000000000000014e+00,2.736740237014513577e-03,1.993981574227737585e+00,3.466601923030197124e-02,-5.990288122996179944e-03
2.020000000000000018e+00,2.674345454469483161e-03,1.994118787532348058e+00,3.394288429300724302e-02,-5.876967966160683010e-03
2.024000000000000021e+00,2.613253741207962472e-03,1.994253135237759933e+00,3.323318440163646609e-02,-5.765482733906761477e-03
2.028000000000000025e+00,2.553440852024238192e-03,1.994384670661967229e+00,3.253670886561897679e-02,-5.655809621097881816e-03
2.032000000000000028e+00,2.494882922731830096e-03,1.994513446285060221e+00,3.185324942162753858e-02,-5.547925956406898548e-03
2.036000000000000032e+00,2.437556465756184933e-03,1.994639513758913907e+00,3.118260022507787776e-02,-5.441809204993592122e-03
2.040000000000000036e+00,2.381438365743292901e-03,1.994762923916849617e+00,3.052455784116772999e-02,-5.337436971084185376e-03
2.044000000000000039e+00,2.326505875184983058e-03,1.994883726783251987e+00,2.987892123546782852e-02,-5.234787000453963550e-03
2.048000000000000043e+00,2.272736610061742036e-03,1.995001971583152400e+00,2.924549176407875359e-02,-5.133837182814281544e-03
2.052000000000000046e+00,2.220108545503817182e-03,1.995117706751772468e+00,2.862407316336643137e-02,-5.034565554105249925e-03
2.056000000000000050e+00,2.168600011471363484e-03,1.995230979944019101e+00,2.801447153928937964e-02,-4.936950298695340876e-03
2.060000000000000053e+00,2.118189688454375028e-03,1.995341838043946714e+00,2.741649535633061685e-02,-4.840969751489235945e-03
2.064000000000000057e+00,2.068856603193075776e-03,1.995450327174163707e+00,2.682995542604642986e-02,-4.746602399945129037e-03
2.068000000000000060e+00,2.020580124419505200e-03,1.995556492705200302e+00,2.625466489524522912e-02,-4.653826886002896714e-03
2.072000000000000064e+00,1.973339958620910686e-03,1.995660379264823536e+00,2.569043923380812111e-02,-4.562622007924322341e-03
2.076000000000000068e+00,1.927116145825623046e-03,1.995762030747305849e+00,2.513709622216390299e-02,-4.472966722046766222e-03
2.080000000000000071e+00,1.881889055412012740e-03,1.995861490322640375e+00,2.459445593843020625e-02,-4.384840144451556711e-03
2.084000000000000075e+00,1.837639381941130268e-03,1.995958800445707615e+00,2.406234074523276936e-02,-4.298221552548437199e-03
2.088000000000000078e+00,1.794348141013614928e-03,1.996054002865383925e+00,2.354057527621469456e-02,-4.213090386577396027e-03
2.092000000000000082e+00,1.751996665151390586e-03,1.996147138633599161e+00,2.302898642224673539e-02,-4.129426251029156940e-03
2.096000000000000085e+00,1.710566599704737862e-03,1.996238248114338143e+00,2.252740331735073390e-02,-4.047208915985755183e-03
2.100000000000000089e+00,1.670039898785205881e-03,1.996327370992584171e+00,2.203565732434686550e-02,-3.966418318382436067e-03
2.104000000000000092e+00,1.630398821224866672e-03,1.996414546283205027e+00,2.155358202023575226e-02,-3.887034563192230414e-03
2.108000000000000096e+00,1.591625926562412240e-03,1.996499812339780355e+00,2.108101318132681729e-02,-3.809037924534594641e-03
2.112000000000000099e+00,1.553704071056499813e-03,1.996583206863367987e+00,2.061778876812295561e-02,-3.732408846709344124e-03
2.116000000000000103e+00,1.516616403726827505e-03,1.996664766911211197e+00,2.016374890997267230e-02,-3.657127945157329172e-03
2.120000000000000107e+00,1.480346362423307950e-03,1.996744528905381566e+00,1.971873588949953765e-02,-3.583176007349058410e-03
2.124000000000000110e+00,1.444877669923783341e-03,1.996822528641362116e+00,1.928259412681977009e-02,-3.510533993602731485e-03
2.128000000000000114e+00,1.410194330060603445e-03,1.996898801296565162e+00,1.885517016355729714e-02,-3.439183037832850304e-03
2.132000000000000117e+00,1.376280623876483802e-03,1.996973381438784445e+00,1.843631264666691777e-02,-3.369104448230903284e-03
2.136000000000000121e+00,1.343121105809927515e-03,1.997046303034584858e+00,1.802587231207460061e-02,-3.300279707879258829e-03
2.140000000000000124e+00,1.310700599910590534e-03,1.997117599457626680e+00,1.762370196814514248e-02,-3.232690475299766428e-03
2.144000000000000128e+00,1.279004196084845011e-03,1.997187303496920530e+00,1.722965647898590594e-02,-3.166318584938210279e-03
2.148000000000000131e+00,1.248017246371875078e-03,1.997255447365015923e+00,1.684359274759653774e-02,-3.101146047586059596e-03
2.152000000000000135e+00,1.217725361250528203e-03,1.997322062706124113e+00,1.646536969887291493e-02,-3.037155050740672664e-03
2.156000000000000139e+00,1.188114405977230880e-03,1.997387180604171419e+00,1.609484826247506786e-02,-2.974327958905392724e-03
2.160000000000000142e+00,1.159170496955175093e-03,1.997450831590783071e+00,1.573189135556720200e-02,-2.912647313830727877e-03
2.164000000000000146e+00,1.130879998135003468e-03,1.997513045653199981e+00,1.537636386543854601e-02,-2.852095834697915624e-03
2.168000000000000149e+00,1.103229517447214909e-03,1.997573852242122916e+00,1.502813263201348802e-02,-2.792656418246163962e-03
2.172000000000000153e+00,1.076205903266473120e-03,1.997633280279488055e+00,1.468706643025913770e-02,-2.734312138844815446e-03
2.176000000000000156e+00,1.049796240908004025e-03,1.997691358166172604e+00,1.435303595249843786e-02,-2.677046248511709241e-03
2.180000000000000160e+00,1.023987849156242141e-03,1.997748113789626689e+00,1.402591379063666127e-02,-2.620842176878965431e-03
2.184000000000000163e+00,9.987682768258776805e-04,1.997803574531439086e+00,1.370557441830907303e-02,-2.565683531107458386e-03
2.188000000000000167e+00,9.741252993554457614e-04,1.997857767274826557e+00,1.339189417295737206e-02,-2.511554095751205619e-03
2.192000000000000171e+00,9.500469154335709245e-04,1.997910718412051922e+00,1.308475123784223239e-02,-2.458437832572872572e-03
2.196000000000000174e+00,9.265213436579856692e-04,1.997962453851773512e+00,1.278402562399927681e-02,-2.406318880311635825e-03
2.200000000000000178e+00,9.035370192274082323e-04,1.998012999026319569e+00,1.248959915214548078e-02,-2.355181554404576529e-03
2.204000000000000181e+00,8.810825906663853147e-04,1.998062378898889602e+00,1.220135543454321618e-02,-2.305010346662850033e-03
2.208000000000000185e+00,8.591469165831443211e-04,1.998110617970685565e+00,1.191917985682835850e-02,-2.255789924903744536e-03
2.212000000000000188e+00,8.377190624605234141e-04,1.998157740287967776e+00,1.164295955980923676e-02,-2.207505132539831771e-03
2.216000000000000192e+00,8.167882974800425933e-04,1.998203769449039546e+00,1.137258342124307722e-02,-2.160140988126399778e-03
2.220000000000000195e+00,7.963440913791284843e-04,1.998248728611160541e+00,1.110794203759601223e-02,-2.113682684868270142e-03
2.224000000000000199e+00,7.763761113415224360e-04,1.998292640497380646e+00,1.084892770579283863e-02,-2.068115590087137717e-03
2.228000000000000203e+00,7.568742189209031520e-04,1.998335527403309664e+00,1.059543440496285051e-02,-2.023425244650619778e-03
2.232000000000000206e+00,7.378284669976946895e-04,1.998377411203807297e+00,1.034735777818713946e-02,-1.979597362364031183e-03
2.236000000000000210e+00,7.192290967690827047e-04,1.998418313359603182e+00,1.010459511425356068e-02,-1.936617829326082270e-03
2.240000000000000213e+00,7.010665347721943812e-04,1.998458254923843214e+00,9.867045329424548039e-03,-1.894472703249513220e-03
2.244000000000000217e+00,6.833313899404347804e-04,1.998497256548563472e+00,9.634608949223525537e-03,-1.853148212747793766e-03
2.248000000000000220e+00,6.660144506929246413e-04,1.998535338491087998e+00,9.407188090244975043e-03,-1.812630756588917789e-03
2.252000000000000224e+00,6.491066820570023368e-04,1.998572520620362392e+00,9.184686441993444514e-03,-1.772906902917363364e-03
2.256000000000000227e+00,6.325992228237248228e-04,1.998608822423203701e+00,8.967009248756395434e-03,-1.733963388445236738e-03
2.260000000000000231e+00,6.164833827363119627e-04,1.998644263010485478e+00,8.754063291515913267e-03,-1.695787117613654308e-03
2.264000000000000234e+00,6.007506397114496582e-04,1.998678861123249106e+00,8.545756869903857120e-03,-1.658365161725342939e-03
2.268000000000000238e+00,5.853926370933684124e-04,1.998712635138742533e+00,8.341999784205061247e-03,-1.621684758049464102e-03
2.272000000000000242e+00,5.704011809406160085e-04,1.998745603076384603e+00,8.142703317413164596e-03,-1.585733308899661253e-03
2.276000000000000245e+00,5.557682373454151271e-04,1.998777782603662567e+00,7.947780217343302853e-03,-1.550498380686288246e-03
2.280000000000000249e+00,5.414859297854983464e-04,1.998809191041955202e+00,7.757144678805802905e-03,-1.515967702943762886e-03
2.284000000000000252e+00,5.275465365083162285e-04,1.998839845372283541e+00,7.570712325845142809e-03,-1.482129167334026625e-03
2.288000000000000256e+00,5.139424879474801438e-04,1.998869762240994996e+00,7.388400194047854003e-03,-1.448970826626985123e-03
2.292000000000000259e+00,5.006663641713287064e-04,1.998898957965373091e+00,7.210126712923445834e-03,-1.416480893658903515e-03
2.296000000000000263e+00,4.877108923634653251e-04,1.998927448539177920e+00,7.035811688361813185e-03,-1.384647740269605081e-03
2.300000000000000266e+00,4.750689443351366033e-04,1.998955249638115550e+00,6.865376285170849031e-03,-1.353459896219396004e-03
2.304000000000000270e+00,4.627335340692934583e-04,1.998982376625241031e+00,6.698743009697593481e-03,-1.322906048086564890e-03
2.308000000000000274e+00,4.506978152961915729e-04,1.999008844556289466e+00,6.535835692536407816e-03,-1.292975038146345268e-03
2.312000000000000277e+00,4.389550791003529371e-04,1.999034668184937802e+00,6.376579471327121704e-03,-1.263655863232140530e-03
2.316000000000000281e+00,4.274987515587414617e-04,1.999059861967998009e+00,6.220900773646556234e-03,-1.234937673579893872e-03
2.320000000000000284e+00,4.163223914099607606e-04,1.999084440070545643e+00,6.068727299996088190e-03,-1.206809771656364985e-03
2.324000000000000288e+00,4.054196877543162956e-04,1.999108416370974250e+00,5.919988006888430958e-03,-1.179261610972175654e-03
2.328000000000000291e+00,3.947844577845429867e-04,1.999131804465988926e+00,5.774613090036142225e-03,-1.152282794880355246e-03
2.332000000000000295e+00,3.844106445470138120e-04,1.999154617675527046e+00,5.632533967644553358e-03,-1.125863075361179921e-03
2.336000000000000298e+00,3.742923147332516409e-04,1.999176869047616156e+00,5.493683263811869125e-03,-1.099992351794102470e-03
2.340000000000000302e+00,3.644236565015215520e-04,1.999198571363165255e+00,5.357994792038509035e-03,-1.074660669717438259e-03
2.344000000000000306e+00,3.547989773283296753e-04,1.999219737140688125e+00,5.225403538848395583e-03,-1.049858219576626280e-03
2.348000000000000309e+00,3.454127018895992497e-04,1.999240378640963156e+00,5.095845647524090659e-03,-1.025575335461705647e-03
2.352000000000000313e+00,3.362593699713341071e-04,1.999260507871629899e+00,4.969258401958186189e-03,-1.001802493834770590e-03
2.356000000000000316e+00,3.273336344095442848e-04,1.999280136591717438e+00,4.845580210622802558e-03,-9.785303122480564289e-04
2.360000000000000320e+00,3.186302590592197991e-04,1.999299276316109264e+00,4.724750590659168061e-03,-9.557495480533404354e-04
2.364000000000000323e+00,3.101441167921354693e-04,1.999317938319951526e+00,4.606710152089169355e-03,-9.334510971033256697e-04
2.368000000000000327e+00,3.018701875232617112e-04,1.999336133642988456e+00,4.491400582150596385e-03,-9.116259924456527860e-04
2.372000000000000330e+00,2.938035562655515035e-04,1.999353873093842049e+00,4.378764629757682901e-03,-8.902654030101622446e-04
2.376000000000000334e+00,2.859394112128808320e-04,1.999371167254227144e+00,4.268746090088619202e-03,-8.693606322900481300e-04
2.379999999999999893e+00,2.782730418509036532e-04,1.999388026483106762e+00,4.161289789301407527e-03,-8.489031170174870904e-04
2.383999999999999897e+00,2.707998370955902803e-04,1.999404460920785054e+00,4.056341569379521596e-03,-8.288844258343524814e-04
2.387999999999999901e+00,2.635152834592126183e-04,1.999420480492941188e+00,3.953848273108673955e-03,-8.092962579585869301e-04
2.391999999999999904e+00,2.564149632435337657e-04,1.999436094914601059e+00,3.853757729185893714e-03,-7.901304418467991648e-04
2.395999999999999908e+00,2.494945527599624294e-04,1.999451313694054155e+00,3.756018737462080408e-03,-7.713789338536408734e-04
2.399999999999999911e+00,2.427498205764257676e-04,1.999466146136705813e+00,3.660581054319070066e-03,-7.530338168884944143e-04
2.403999999999999915e+00,2.361766257907205635e-04,1.999480601348876840e+00,3.567395378182286383e-03,-7.350872990700184698e-04
2.407999999999999918e+00,2.297709163300879973e-04,1.999494688241540974e+00,3.476413335169776294e-03,-7.175317123790418087e-04
2.411999999999999922e+00,2.235287272767686666e-04,1.999508415534008376e+00,3.387587464878564960e-03,-7.003595113103226483e-04
2.415999999999999925e+00,2.174461792192862941e-04,1.999521791757551625e+00,3.300871206309067846e-03,-6.835632715236606392e-04
2.419999999999999929e+00,2.115194766292058219e-04,1.999534825258974635e+00,3.216218883928239052e-03,-6.671356884948290893e-04
2.423999999999999932e+00,2.057449062631164997e-04,1.999547524204126958e+00,3.133585693872118546e-03,-6.510695761668013320e-04
2.427999999999999936e+00,2.001188355895820888e-04,1.999559896581362128e+00,3.052927690288296560e-03,-6.353578656017128340e-04
2.431999999999999940e+00,1.946377112408068371e-04,1.999571950204945603e+00,2.974201771818842880e-03,-6.199936036340079025e-04
2.435999999999999943e+00,1.892980574887599438e-04,1.999583692718403194e+00,2.897365668224107828e-03,-6.049699515251937216e-04
2.439999999999999947e+00,1.840964747455012599e-04,1.999595131597819542e+00,2.822377927147758786e-03,-5.902801836206169684e-04
2.443999999999999950e+00,1.790296380874508613e-04,1.999606274155084629e+00,2.749197901023353249e-03,-5.759176860086635125e-04
2.447999999999999954e+00,1.740942958033459735e-04,1.999617127541085670e+00,2.677785734122721615e-03,-5.618759551827789923e-04
2.451999999999999957e+00,1.692872679656289958e-04,1.999627698748848825e+00,2.608102349746371350e-03,-5.481485967066946187e-04
2.455999999999999961e+00,1.646054450250002631e-04,1.999637994616630943e+00,2.540109437555932055e-03,-5.347293238832030900e-04
2.459999999999999964e+00,1.600457864278897048e-04,1.999648021830959577e+00,2.473769441048907693e-03,-5.216119564268839300e-04
2.463999999999999968e+00,1.556053192565754254e-04,1.999657786929622372e+00,2.409045545175569902e-03,-5.087904191410804172e-04
2.467999999999999972e+00,1.512811368916999787e-04,1.999667296304610042e+00,2.345901664098099058e-03,-4.962587405994951057e-04
2.471999999999999975e+00,1.470703976969222823e-04,1.999676556205007394e+00,2.284302429091851234e-03,-4.840110518327191179e-04
2.475999999999999979e+00,1.429703237254453167e-04,1.999685572739839268e+00,2.224213176588601439e-03,-4.720415850200037158e-04
2.479999999999999982e+00,1.389781994481649300e-04,1.999694351880866305e+00,2.165599936361640391e-03,-4.603446721865886806e-04
2.483999999999999986e+00,1.350913705031793228e-04,1.999702899465336525e+00,2.108429419852467668e-03,-4.489147439068739997e-04
2.487999999999999989e+00,1.313072424664019045e-04,1.999711221198686051e+00,2.052669008638815813e-03,-4.377463280137177293e-04
2.491999999999999993e+00,1.276232796430232231e-04,1.999719322657200760e+00,1.998286743043730870e-03,-4.268340483141408416e-04
2.495999999999999996e+00,1.240370038795622176e-04,1.999727209290624641e+00,1.945251310885316026e-03,-4.161726233116927595e-04
2.500000000000000000e+00,1.205459933962546251e-04,1.999734886424730629e+00,1.893532036366786173e-03,-4.057568649357399561e-04
2.504000000000000004e+00,1.171478816395206884e-04,1.999742359263842140e+00,1.843098869106362661e-03,-3.955816772779140829e-04
2.508000000000000007e+00,1.138403561542611472e-04,1.999749632893313533e+00,1.793922373306582572e-03,-3.856420553359636268e-04
2.512000000000000011e+00,1.106211574757254767e-04,1.999756712281967941e+00,1.745973717062470005e-03,-3.759330837652220879e-04
2.516000000000000014e+00,1.074880780407030484e-04,1.999763602284491792e+00,1.699224661808072584e-03,-3.664499356379237200e-04
2.520000000000000018e+00,1.044389611177841062e-04,1.999770307643784717e+00,1.653647551900750204e-03,-3.571878712105620466e-04
2.524000000000000021e+00,1.014716997564408933e-04,1.999776832993273468e+00,1.609215304342620544e-03,-3.481422366994949263e-04
2.528000000000000025e+00,9.858423575468070062e-05,1.999783182859181441e+00,1.565901398638518864e-03,-3.393084630649864999e-04
2.532000000000000028e+00,9.577455864502312582e-05,1.999789361662757781e+00,1.523679866789807904e-03,-3.306820648038680038e-04
2.536000000000000032e+00,9.304070469855409847e-05,1.999795373722468295e+00,1.482525283423311675e-03,-3.222586387509873414e-04
2.540000000000000036e+00,9.038075594681280905e-05,1.999801223256146621e+00,1.442412756054667561e-03,-3.140338628896161715e-04
2.544000000000000039e+00,8.779283922126550821e-05,1.999806914383106093e+00,1.403317915485295924e-03,-3.060034951709650537e-04
2.548000000000000043e+00,8.527512521012841110e-05,1.999812451126212753e+00,1.365216906332278367e-03,-2.981633723429696057e-04
2.552000000000000046e+00,8.282582753229210208e-05,1.999817837413925714e+00,1.328086377690226774e-03,-2.905094087884678585e-04
2.556000000000000050e+00,8.044320182811531199e-05,1.999823077082291345e+00,1.291903473924418434e-03,-2.830375953729268837e-04
2.560000000000000053e+00,7.812554486684306554e-05,1.999828173876911031e+00,1.256645825594234715e-03,-2.757439983018206099e-04
2.564000000000000057e+00,7.587119367041970030e-05,1.999833131454864743e+00,1.222291540506116776e-03,-2.686247579878013993e-04
2.568000000000000060e+00,7.367852465345592881e-05,1.999837953386603528e+00,1.188819194895051950e-03,-2.616760879277565672e-04
2.572000000000000064e+00,7.154595277912180061e-05,1.999842643157805799e+00,1.156207824733732287e-03,-2.548942735898708403e-04
2.576000000000000068e+00,6.947193073073079379e-05,1.999847204171198989e+00,1.124436917168397361e-03,-2.482756713107821950e-04
2.580000000000000071e+00,6.745494809878796341e-05,1.999851639748348120e+00,1.093486402080434553e-03,-2.418167072029304163e-04
2.584000000000000075e+00,6.549353058327232312e-05,1.999855953131407293e+00,1.063336643772728931e-03,-2.355138760721770354e-04
2.588000000000000078e+00,6.358623921092852857e-05,1.999860147484844974e+00,1.033968432779785876e-03,-2.293637403457788292e-04
2.592000000000000082e+00,6.173166956734448994e-05,1.999864225897129977e+00,1.005362977800625069e-03,-2.233629290107903137e-04
2.596000000000000085e+00,5.992845104358922336e-05,1.999868191382390137e+00,9.775018977533720538e-04,-2.175081365629503386e-04
2.600000000000000089e+00,5.817524609719553733e-05,1.999872046882034127e+00,9.503672139505844928e-04,-2.117961219661302730e-04
2.604000000000000092e+00,5.647074952726376795e-05,1.999875795266349732e+00,9.239413423941785029e-04,-2.062237076223806477e-04
2.608000000000000096e+00,5.481368776347402569e-05,1.999879439336063491e+00,8.982070861889549949e-04,-2.007877783526395437e-04
2.612000000000000099e+00,5.320281816878956406e-05,1.999882981823878136e+00,8.731476280736070192e-04,-1.954852803881367430e-04
2.616000000000000103e+00,5.163692835563995950e-05,1.999886425395973610e+00,8.487465230681418005e-04,-1.903132203725364682e-04
2.620000000000000107e+00,5.011483551537310974e-05,1.999889772653481446e+00,8.249876912366147213e-04,-1.852686643748512106e-04
2.624000000000000110e+00,4.863538576076700300e-05,1.999893026133933605e+00,8.018554105640680668e-04,-1.803487369131526934e-04
2.628000000000000114e+00,4.719745348139437868e-05,1.999896188312676459e+00,7.793343099465483695e-04,-1.755506199891024950e-04
2.632000000000000117e+00,4.579994071163661219e-05,1.999899261604262346e+00,7.574093622931031902e-04,-1.708715521333240982e-04
2.636000000000000121e+00,4.444177651114279736e-05,1.999902248363813140e+00,7.360658777385971309e-04,-1.663088274616236013e-04
2.640000000000000124e+00,4.312191635753485848e-05,1.999905150888353633e+00,7.152894969662379390e-04,-1.618597947420744065e-04
2.644000000000000128e+00,4.183934155115879905e-05,1.999907971418121377e+00,6.950661846386418756e-04,-1.575218564729630925e-04
2.648000000000000131e+00,4.059305863168737120e-05,1.999910712137849877e+00,6.753822229363224848e-04,-1.532924679716041714e-04
2.652000000000000135e+00,3.938209880637763392e-05,1.999913375178026476e+00,6.562242052024079737e-04,-1.491691364740102283e-04
2.656000000000000139e+00,3.820551738979357652e-05,1.999915962616122478e+00,6.375790296924751382e-04,-1.451494202454183956e-04
2.660000000000000142e+00,3.706239325480207978e-05,1.999918476477803297e+00,6.194338934283080775e-04,-1.412309277016542402e-04
2.664000000000000146e+00,3.595182829465455972e-05,1.999920918738108844e+00,6.017762861544257227e-04,-1.374113165413191331e-04
2.668000000000000149e+00,3.487294689596903094e-05,1.999923291322613483e+00,5.845939843962240454e-04,-1.336882928887822087e-04
2.672000000000000153e+00,3.382489542242765173e-05,1.999925596108561354e+00,5.678750456185430347e-04,-1.300596104479497265e-04
2.676000000000000156e+00,3.280684170901011895e-05,1.999927834925979919e+00,5.516078024835264267e-04,-1.265230696667928370e-04
2.680000000000000160e+00,3.181797456658052968e-05,1.999930009558766653e+00,5.357808572065528340e-04,-1.230765169125910309e-04
2.684000000000000163e+00,3.085750329665334262e-05,1.999932121745759517e+00,5.203830760091240383e-04,-1.197178436578704851e-04
2.688000000000000167e+00,2.992465721616093181e-05,1.999934173181778574e+00,5.054035836674978773e-04,-1.164449856769915232e-04
2.692000000000000171e+00,2.901868519205100849e-05,1.999936165518652720e+00,4.908317581559257931e-04,-1.132559222533502255e-04
2.696000000000000174e+00,2.813885518554214642e-05,1.999938100366218663e+00,4.766572253833112577e-04,-1.101486753971491948e-04
2.700000000000000178e+00,2.728445380586879012e-05,1.999939979293306136e+00,4.628698540221282739e-04,-1.071213090736925492e-04
2.704000000000000181e+00,2.645478587334896853e-05,1.999941803828693354e+00,4.494597504284385541e-04,-1.041719284421569391e-04
2.708000000000000185e+00,2.564917399161030523e-05,1.999943575462054701e+00,4.364172536518453834e-04,-1.012986791047883591e-04
2.712000000000000188e+00,2.486695812881139302e-05,1.999945295644874887e+00,4.237329305342242883e-04,-9.849974636646996408e-05
2.716000000000000192e+00,2.410749520769819325e-05,1.999946965791356002e+00,4.113975708960718766e-04,-9.577335450460554083e-05
2.720000000000000195e+00,2.337015870433754221e-05,1.999948587279295031e+00,3.994021828093327034e-04,-9.311776604926157793e-05
2.724000000000000199e+00,2.265433825537085353e-05,1.999950161450952058e+00,3.877379879555415180e-04,-9.053128107350528174e-05
2.728000000000000203e+00,2.195943927363454439e-05,1.999951689613893135e+00,3.763964170681520201e-04,-8.801223649387875775e-05
2.732000000000000206e+00,2.128488257199460441e-05,1.999953173041816301e+00,3.653691054579030349e-04,-8.555900538094209616e-05
2.736000000000000210e+00,2.063010399524546024e-05,1.999954612975364254e+00,3.546478886200919874e-04,-8.316999627982044508e-05
2.740000000000000213e+00,1.999455405992522369e-05,1.999956010622915281e+00,3.442247979226285403e-04,-8.084365254068591293e-05
2.744000000000000217e+00,1.937769760190151503e-05,1.999957367161355526e+00,3.340920563737455416e-04,-7.857845165910495161e-05
2.748000000000000220e+00,1.877901343158356104e-05,1.999958683736841936e+00,3.242420744682450776e-04,-7.637290462617750831e-05
2.752000000000000224e+00,1.819799399661946220e-05,1.999959961465540337e+00,3.146674461111791674e-04,-7.422555528839701203e-05
2.756000000000000227e+00,1.763414505193792330e-05,1.999961201434352631e+00,3.053609446178475015e-04,-7.213497971715322711e-05
2.760000000000000231e+00,1.708698533699714350e-05,1.999962404701626451e+00,2.963155187890212480e-04,-7.009978558780274372e-05
2.764000000000000234e+00,1.655604626010530320e-05,1.999963572297847714e+00,2.875242890603084520e-04,-6.811861156823079101e-05
2.768000000000000238e+00,1.604087158967806785e-05,1.999964705226322970e+00,2.789805437245633274e-04,-6.619012671682212255e-05
2.772000000000000242e+00,1.554101715230149662e-05,1.999965804463840424e+00,2.706777352262677090e-04,-6.431302988976121768e-05
2.776000000000000245e+00,1.505605053747098354e-05,1.999966870961320975e+00,2.626094765268262646e-04,-6.248604915758311246e-05
2.780000000000000249e+00,1.458555080887723986e-05,1.999967905644452149e+00,2.547695375396954944e-04,-6.070794123088744671e-05
2.784000000000000252e+00,1.412910822211396525e-05,1.999968909414309159e+00,2.471518416343071478e-04,-5.897749089513524531e-05
2.788000000000000256e+00,1.368632394868285995e-05,1.999969883147960870e+00,2.397504622077359252e-04,-5.729351045444295800e-05
2.792000000000000259e+00,1.325680980617356813e-05,1.999970827699066422e+00,2.325596193230735048e-04,-5.565483918428752974e-05
2.796000000000000263e+00,1.284018799449819913e-05,1.999971743898451004e+00,2.255736764134796610e-04,-5.406034279303621943e-05
2.800000000000000266e+00,1.243609083806208608e-05,1.999972632554676055e+00,2.187871370508946310e-04,-5.250891289221472228e-05
2.804000000000000270e+00,1.204416053375376245e-05,1.999973494454590606e+00,2.121946417783948809e-04,-5.099946647542450816e-05
2.808000000000000274e+00,1.166404890463966488e-05,1.999974330363876840e+00,2.057909650051959166e-04,-4.953094540582200973e-05
2.812000000000000277e+00,1.129541715925016650e-05,1.999975141027576120e+00,1.995710119633031278e-04,-4.810231591206929187e-05
2.816000000000000281e+00,1.093793565634602702e-05,1.999975927170607015e+00,1.935298157248306562e-04,-4.671256809266769117e-05
2.820000000000000284e+00,1.059128367505559744e-05,1.999976689498271565e+00,1.876625342790105800e-04,-4.536071542858369774e-05
2.824000000000000288e+00,1.025514919027499454e-05,1.999977428696749771e+00,1.819644476679238435e-04,-4.404579430407574238e-05
2.828000000000000291e+00,9.929228653225772626e-06,1.999978145433580545e+00,1.764309551800053659e-04,-4.276686353563330281e-05
2.832000000000000295e+00,9.613226777065209431e-06,1.999978840358133336e+00,1.710575726003639191e-04,-4.152300390893405769e-05
2.836000000000000298e+00,9.306856327447296358e-06,1.999979514102068867e+00,1.658399295169903510e-04,-4.031331772373012286e-05
2.840000000000000302e+00,9.009837917933244720e-06,1.999980167279790555e+00,1.607737666819186219e-04,-3.913692834656991147e-05
2.844000000000000306e+00,8.721899810152555961e-06,1.999980800488882604e+00,1.558549334264254028e-04,-3.799297977126461296e-05
2.848000000000000309e+00,8.442777718617304629e-06,1.999981414310538774e+00,1.510793851293616241e-04,-3.688063618700759431e-05
2.852000000000000313e+00,8.172214620093387464e-06,1.999982009309982933e+00,1.464431807377097720e-04,-3.579908155405271659e-05
2.856000000000000316e+00,7.909960567435110948e-06,1.999982586036877619e+00,1.419424803384889452e-04,-3.474751918686209290e-05
2.860000000000000320e+00,7.655772507790157164e-06,1.999983145025724385e+00,1.375735427811216900e-04,-3.372517134462926043e-05
2.864000000000000323e+00,7.409414105083890541e-06,1.999983686796253712e+00,1.333327233493942479e-04,-3.273127882908558219e-05
2.868000000000000327e+00,7.170655566693925579e-06,1.999984211853805371e+00,1.292164714821567874e-04,-3.176510058949934761e-05
2.872000000000000330e+00,6.939273474226755711e-06,1.999984720689702122e+00,1.252213285419101886e-04,-3.082591333477423576e-05
2.876000000000000334e+00,6.715050618310141642e-06,1.999985213781613202e+00,1.213439256304406973e-04,-2.991301115255549898e-05
2.880000000000000338e+00,6.497775837316720211e-06,1.999985691593906711e+00,1.175809814506798641e-04,-2.902570513525354944e-05
2.884000000000000341e+00,6.287243859935059667e-06,1.999986154577997777e+00,1.139293002139628335e-04,-2.816332301289161254e-05
2.888000000000000345e+00,6.083255151506720836e-06,1.999986603172686506e+00,1.103857695918842598e-04,-2.732520879268815608e-05
2.892000000000000348e+00,5.885615764048651915e-06,1.999987037804485723e+00,1.069473587119486449e-04,-2.651072240528190102e-05
2.896000000000000352e+00,5.694137189882185185e-06,1.999987458887947156e+00,1.036111161962304341e-04,-2.571923935751000077e-05
2.900000000000000355e+00,5.508636218790923749e-06,1.999987866825969629e+00,1.003741682422629064e-04,-2.495015039164821116e-05
2.904000000000000359e+00,5.328934798631593658e-06,1.999988262010112150e+00,9.723371674539083086e-05,-2.420286115102414655e-05
2.907999999999999918e+00,5.154859899322970157e-06,1.999988644820886341e+00,9.418703746182641775e-05,-2.347679185191352803e-05
2.911999999999999922e+00,4.986243380139583438e-06,1.999989015628053313e+00,9.123147821166143997e-05,-2.277137696163069900e-05
2.915999999999999925e+00,4.822921860238351804e-06,1.999989374790907215e+00,8.836445712110086944e-05,-2.208606488272543507e-05
2.919999999999999929e+00,4.664736592347132060e-06,1.999989722658550573e+00,8.558346090318353586e-05,-2.142031764319679145e-05
2.923999999999999932e+00,4.511533339546137035e-06,1.999990059570168954e+00,8.288604317627800181e-05,-2.077361059263744473e-05
2.927999999999999936e+00,4.363162255074078943e-06,1.999990385855292541e+00,8.026982281964362392e-05,-2.014543210422141341e-05
2.931999999999999940e+00,4.219477765092095061e-06,1.999990701834054141e+00,7.773248236535618854e-05,-1.953528328244780101e-05
2.935999999999999943e+00,4.080338454340239236e-06,1.999991007817442545e+00,7.527176642591502042e-05,-1.894267767655598379e-05
2.939999999999999947e+00,3.945606954621951299e-06,1.999991304107545886e+00,7.288548015684752758e-05,-1.836714099952557806e-05
2.943999999999999950e+00,3.815149836053624863e-06,1.999991590997792779e+00,7.057148775364571280e-05,-1.780821085257711404e-05
2.947999999999999954e+00,3.688837501017470614e-06,1.999991868773183246e+00,6.832771098237586322e-05,-1.726543645508948872e-05
2.951999999999999957e+00,3.566544080756853892e-06,1.999992137710516538e+00,6.615212774330962286e-05,-1.673837837984999940e-05
2.955999999999999961e+00,3.448147334554742246e-06,1.999992398078614508e+00,6.404277066693797506e-05,-1.622660829355445687e-05
2.959999999999999964e+00,3.333528551436918498e-06,1.999992650138536554e+00,6.199772574173821322e-05,-1.572970870247529046e-05
2.963999999999999968e+00,3.222572454342762991e-06,1.999992894143789446e+00,6.001513097307218449e-05,-1.524727270321594034e-05
2.967999999999999972e+00,3.115167106707558542e-06,1.999993130340535386e+00,5.809317507260544806e-05,-1.477890373847082652e-05
2.971999999999999975e+00,3.011203821401227921e-06,1.999993358967788959e+00,5.623009617764222095e-05,-1.432421535771022667e-05
2.975999999999999979e+00,2.910577071969878635e-06,1.999993580257615644e+00,5.442418059978840580e-05,-1.388283098271173916e-05
2.979999999999999982e+00,2.813184406127093896e-06,1.999993794435319439e+00,5.267376160235416886e-05,-1.345438367785846648e-05
2.983999999999999986e+00,2.718926361443320676e-06,1.999994001719630932e+00,5.097721820592339241e-05,-1.303851592512646439e-05
2.987999999999999989e+00,2.627706383182713713e-06,1.999994202322883607e+00,4.933297402152616906e-05,-1.263487940368458714e-05
2.991999999999999993e+00,2.539430744237550729e-06,1.999994396451194811e+00,4.773949611085415113e-05,-1.224313477402934024e-05
2.995999999999999996e+00,2.454008467111745708e-06,1.999994584304633838e+00,4.619529387297546124e-05,-1.186295146658009526e-05
3.000000000000000000e+00,2.371351247905538928e-06,1.999994766077392461e+00,4.469891795700617544e-05,-1.149400747465873010e-05
3.004000000000000004e+00,2.291373382254833670e-06,1.999994941957943029e+00,4.324895920021247297e-05,-1.113598915178042472e-05
3.008000000000000007e+00,2.213991693179223425e-06,1.999995112129202335e+00,4.184404759101846859e-05,-1.078859101318144615e-05
3.012000000000000011e+00,2.139125460794009121e-06,1.999995276768682162e+00,4.048285125640973202e-05,-1.045151554151195365e-05
3.016000000000000014e+00,2.066696353842205550e-06,1.999995436048642272e+00,3.916407547322671456e-05,-1.012447299662158082e-05
3.020000000000000018e+00,1.996628363003594963e-06,1.999995590136236068e+00,3.788646170285309676e-05,-9.807181229367114542e-06
3.024000000000000021e+00,1.928847735938665931e-06,1.999995739193652700e+00,3.664878664881098360e-05,-9.499365499371806328e-06
3.028000000000000025e+00,1.863282914026263820e-06,1.999995883378258288e+00,3.544986133678455618e-05,-9.200758296667169294e-06
3.032000000000000028e+00,1.799864470754535666e-06,1.999996022842729815e+00,3.428853021660028795e-05,-8.911099167148463015e-06
3.036000000000000032e+00,1.738525051725680110e-06,1.999996157735187685e+00,3.316367028570125889e-05,-8.630134541776201943e-06
3.040000000000000036e+00,1.679199316235861415e-06,1.999996288199322514e+00,3.207419023366148354e-05,-8.357617569456936079e-06
3.044000000000000039e+00,1.621823880392296844e-06,1.999996414374523912e+00,3.101902960729060023e-05,-8.093307953536506885e-06
3.048000000000000043e+00,1.566337261730648184e-06,1.999996536395998614e+00,2.999715799589345195e-05,-7.836971791841420873e-06
3.052000000000000046e+00,1.512679825296284201e-06,1.999996654394891049e+00,2.900757423624975617e-05,-7.588381420202937231e-06
3.056000000000000050e+00,1.460793731154046787e-06,1.999996768498397248e+00,2.804930563689225838e-05,-7.347315259400807862e-06
3.060000000000000053e+00,1.410622883291713691e-06,1.999996878829878977e+00,2.712140722126558877e-05,-7.113557665463374476e-06
3.064000000000000057e+00,1.362112879883274179e-06,1.999996985508972314e+00,2.622296098935855175e-05,-6.886898783262394296e-06
3.068000000000000060e+00,1.315210964878702965e-06,1.999997088651693788e+00,2.535307519740704349e-05,-6.667134403340983750e-06
3.072000000000000064e+00,1.269865980887764595e-06,1.999997188370544299e+00,2.451088365527407268e-05,-6.454065821914453557e-06
3.076000000000000068e+00,1.226028323326041542e-06,1.999997284774610362e+00,2.369554504112004467e-05,-6.247499703984450689e-06
3.080000000000000071e+00,1.183649895792092303e-06,1.999997377969661594e+00,2.290624223298341124e-05,-6.047247949507620566e-06
3.084000000000000075e+00,1.142684066645280384e-06,1.999997468058246186e+00,2.214218165689821566e-05,-5.853127562560638137e-06
3.088000000000000078e+00,1.103085626754607070e-06,1.999997555139783723e+00,2.140259265118412590e-05,-5.664960523444849869e-06
3.092000000000000082e+00,1.064810748389364083e-06,1.999997639310656883e+00,2.068672684654789294e-05,-5.482573663673665312e-06
3.096000000000000085e+00,1.027816945223230752e-06,1.999997720664297818e+00,1.999385756164532202e-05,-5.305798543787478477e-06
3.100000000000000089e+00,9.920630334240118239e-07,1.999997799291274747e+00,1.932327921375786241e-05,-5.134471333941374434e-06
3.104000000000000092e+00,9.575090938017963002e-07,1.999997875279374338e+00,1.867430674424415553e-05,-4.968432697211473704e-06
3.108000000000000096e+00,9.241164349889780675e-07,1.999997948713683860e+00,1.804627505843393865e-05,-4.807527675566802095e-06
3.112000000000000099e+00,8.918475576262046958e-07,1.999998019676668237e+00,1.743853847963885376e-05,-4.651605578454523994e-06
3.116000000000000103e+00,8.606661195288012864e-07,1.999998088248248651e+00,1.685047021695873650e-05,-4.500519873946578726e-06
3.120000000000000107e+00,8.305369018089352639e-07,1.999998154505874925e+00,1.628146184657103295e-05,-4.354128082397282557e-06
3.124000000000000110e+00,8.014257759292082426e-07,1.999998218524599247e+00,1.573092280619426569e-05,-4.212291672561504664e-06
3.128000000000000114e+00,7.732996716640566190e-07,1.999998280377147664e+00,1.519827990242513512e-05,-4.074875960124499212e-06
3.132000000000000117e+00,7.461265459457532463e-07,1.999998340133986252e+00,1.468297683065239312e-05,-3.941750008594568026e-06
3.136000000000000121e+00,7.198753525724365509e-07,1.999998397863389288e+00,1.418447370725817809e-05,-3.812786532510998887e-06
3.140000000000000124e+00,6.945160127560767897e-07,1.999998453631504081e+00,1.370224661382278776e-05,-3.687861802920304277e-06
3.144000000000000128e+00,6.700193864887643312e-07,1.999998507502412037e+00,1.323578715305353657e-05,-3.566855555074313510e-06
3.148000000000000131e+00,6.463572447062942744e-07,1.999998559538191722e+00,1.278460201616590164e-05,-3.449650898304879508e-06
3.152000000000000135e+00,6.235022422284227875e-07,1.999998609798980143e+00,1.234821256144865972e-05,-3.336134228030243934e-06
3.156000000000000139e+00,6.014278914557028047e-07,1.999998658343024927e+00,1.192615440375131752e-05,-3.226195139849071298e-06
3.160000000000000142e+00,5.801085368032811621e-07,1.999998705226745832e+00,1.151797701463736554e-05,-3.119726345678921180e-06
3.164000000000000146e+00,5.595193298524544061e-07,1.999998750504788259e+00,1.112324333295128378e-05,-3.016623591896388471e-06
3.168000000000000149e+00,5.396362052013006933e-07,1.999998794230074317e+00,1.074152938555370010e-05,-2.916785579437210520e-06
3.172000000000000153e+00,5.204358569960921868e-07,1.999998836453855677e+00,1.037242391798303789e-05,-2.820113885815045783e-06
3.176000000000000156e+00,5.018957161256566349e-07,1.999998877225765304e+00,1.001552803480759840e-05,-2.726512889018479849e-06
3.180000000000000160e+00,4.839939280612643475e-07,1.999998916593862974e+00,9.670454849436570100e-06,-2.635889693246424991e-06
3.184000000000000163e+00,4.667093313250483476e-07,1.999998954604686352e+00,9.336829143163609136e-06,-2.548154056442822690e-06
3.188000000000000167e+00,4.500214365703782457e-07,1.999998991303293172e+00,9.014287033221423840e-06,-2.463218319592277671e-06
3.192000000000000171e+00,4.339104062579658853e-07,1.999999026733308316e+00,8.702475649629745467e-06,-2.380997337738698413e-06
3.196000000000000174e+00,4.183570349119377298e-07,1.999999060936966444e+00,8.401052820624838711e-06,-2.301408412690027472e-06
3.200000000000000178e+00,4.033427299404270220e-07,1.999999093955155294e+00,8.109686766462063356e-06,-2.224371227372451990e-06
3.204000000000000181e+00,3.888494930056537911e-07,1.999999125827455870e+00,7.828055801388166963e-06,-2.149807781798372918e-06
3.208000000000000185e+00,3.748599019288144758e-07,1.999999156592181748e+00,7.555848043584104219e-06,-2.077642330612955230e-06
3.212000000000000188e+00,3.613570931154612755e-07,1.999999186286416819e+00,7.292761132883512870e-06,-2.007801322184729413e-06
3.216000000000000192e+00,3.483247444873949754e-07,1.999999214946055481e+00,7.038501956075952951e-06,-1.940213339206308291e-06
3.220000000000000195e+00,3.357470589074594777e-07,1.999999242605838168e+00,6.792786379608669651e-06,-1.874809040771993030e-06
3.224000000000000199e+00,3.236087480839281357e-07,1.999999269299384874e+00,6.555338989503952867e-06,-1.811521105899492605e-06
3.228000000000000203e+00,3.118950169415409194e-07,1.999999295059231796e+00,6.325892838314007322e-06,-1.750284178463795632e-06
3.232000000000000206e+00,3.005915484465363120e-07,1.999999319916863971e+00,6.104189198938413327e-06,-1.691034813511624587e-06
3.236000000000000210e+00,2.896844888733561490e-07,1.999999343902747029e+00,5.889977325133527282e-06,-1.633711424925608448e-06
3.240000000000000213e+00,2.791604335010069672e-07,1.999999367046359611e+00,5.683014218546892076e-06,-1.578254234407879816e-06
3.244000000000000217e+00,2.690064127273516445e-07,1.999999389376223347e+00,5.483064402113233381e-06,-1.524605221753313801e-06
3.248000000000000220e+00,2.592098785899143331e-07,1.999999410919933274e+00,5.289899699652587879e-06,-1.472708076383280469e-06
3.252000000000000224e+00,2.497586916820486613e-07,1.999999431704184483e+00,5.103299021514229109e-06,-1.422508150111223324e-06
3.256000000000000227e+00,2.406411084536288774e-07,1.999999451754802093e+00,4.923048156114199426e-06,-1.373952411112100101e-06
3.260000000000000231e+00,2.318457688856575462e-07,1.999999471096769010e+00,4.748939567216823947e-06,-1.326989399068015412e-06
3.264000000000000234e+00,2.233616845284968673e-07,1.999999489754249460e+00,4.580772196814912381e-06,-1.281569181463189433e-06
3.268000000000000238e+00,2.151782268936559655e-07,1.999999507750617633e+00,4.418351273465894882e-06,-1.237643311001703704e-06
3.272000000000000242e+00,2.072851161893425854e-07,1.999999525108478782e+00,4.261488125944778643e-06,-1.195164784122112670e-06
3.276000000000000245e+00,1.996724103902319115e-07,1.999999541849697415e+00,4.110000002077912040e-06,-1.154088000583477776e-06
3.280000000000000249e+00,1.923304946321514826e-07,1.999999557995417732e+00,3.963709892624638247e-06,-1.114368724097898502e-06
3.284000000000000252e+00,1.852500709226166455e-07,1.999999573566087152e+00,3.822446360076972912e-06,-1.075964043985095356e-06
3.288000000000000256e+00,1.784221481583894060e-07,1.999999588581477417e+00,3.686043372250487700e-06,-1.038832337825109193e-06
3.292000000000000259e+00,1.718380324414552453e-07,1.999999603060708564e+00,3.554340140542436433e-06,-1.002933235085631567e-06
3.296000000000000263e+00,1.654893176850450352e-07,1.999999617022265141e+00,3.427180962736209443e-06,-9.682275817010183323e-07
3.300000000000000266e+00,1.593678765015364947e-07,1.999999630484021074e+00,3.304415070233854258e-06,-9.346774055804333629e-07
3.304000000000000270e+00,1.534658513642848043e-07,1.999999643463255650e+00,3.185896479601189575e-06,-9.022458830230569950e-07
3.308000000000000274e+00,1.477756460356444423e-07,1.999999655976674173e+00,3.071483848312878308e-06,-8.708973060187715914e-07
3.312000000000000277e+00,1.422899172536447595e-07,1.999999668040424838e+00,2.961040334587444551e-06,-8.405970504131672554e-07
3.316000000000000281e+00,1.370015666699707537e-07,1.999999679670118713e+00,2.854433461204619316e-06,-8.113115449161016212e-07
3.320000000000000284e+00,1.319037330321112030e-07,1.999999690880843284e+00,2.751534983200339590e-06,-7.830082409335823401e-07
3.324000000000000288e+00,1.269897846027054316e-07,1.999999701687183107e+00,2.652220759336806362e-06,-7.556555832030467641e-07
3.328000000000000291e+00,1.222533118093200422e-07,1.999999712103233795e+00,2.556370627247804636e-06,-7.292229812126309736e-07
3.332000000000000295e+00,1.176881201180566066e-07,1.999999722142617786e+00,2.463868282161658105e-06,-7.036807813853695899e-07
3.336000000000000298e+00,1.132882231245687978e-07,1.999999731818499660e+00,2.374601159106611554e-06,-6.790002400096850830e-07
3.340000000000000302e+00,1.090478358562447831e-07,1.999999741143601462e+00,2.288460318505839640e-06,-6.551534968979576959e-07
3.344000000000000306e+00,1.049613682794642347e-07,1.999999750130215581e+00,2.205340335071264029e-06,-6.321135497552834733e-07
3.348000000000000309e+00,1.010234190060184093e-07,1.999999758790220739e+00,2.125139189907907888e-06,-6.098542292410008446e-07
3.352000000000000313e+00,9.722876919292796561e-08,1.999999767135094197e+00,2.047758165742392907e-06,-5.883501747058716708e-07
3.356000000000000316e+00,9.357237663005178598e-08,1.999999775175923311e+00,1.973101745191382525e-06,-5.675768105881953749e-07
3.360000000000000320e+00,9.004937001003718825e-08,1.999999782923421732e+00,1.901077511987955034e-06,-5.475103234525310752e-07
3.364000000000000323e+00,8.665504337530003750e-08,1.999999790387937848e+00,1.831596055085730057e-06,-5.281276396550054596e-07
3.368000000000000327e+00,8.338485073687385116e-08,1.999999797579468552e+00,1.764570875562660404e-06,-5.094064036195749365e-07
3.372000000000000330e+00,8.023440086010360278e-08,1.999999804507671897e+00,1.699918296248297019e-06,-4.913249567099363897e-07
3.376000000000000334e+00,7.719945221230081479e-08,1.999999811181874199e+00,1.637557374000276514e-06,-4.738623166821371456e-07
3.380000000000000338e+00,7.427590806760484278e-08,1.999999817611085806e+00,1.577409814557551975e-06,-4.569981577032451480e-07
3.384000000000000341e+00,7.145981176442946899e-08,1.999999823804007093e+00,1.519399889899766394e-06,-4.407127909217836475e-07
3.388000000000000345e+00,6.874734211099745720e-08,1.999999829769040449e+00,1.463454358043876596e-06,-4.249871455759417621e-07
3.392000000000000348e+00,6.613480893459535664e-08,1.999999835514302937e+00,1.409502385211000233e-06,-4.098027506259183315e-07
3.396000000000000352e+00,6.361864877029093082e-08,1.999999841047629845e+00,1.357475470297911740e-06,-3.951417168970036107e-07
3.400000000000000355e+00,6.119542068498445486e-08,1.999999846376588453e+00,1.307307371589531666e-06,-3.809867197203778397e-07
3.404000000000000359e+00,5.886180223277400867e-08,1.999999851508484916e+00,1.258934035650231655e-06,-3.673209820588619060e-07
3.408000000000000362e+00,5.661458553772310161e-08,1.999999856450373814e+00,1.212293528333306245e-06,-3.541282581051349363e-07
3.412000000000000366e+00,5.445067350023682759e-08,1.999999861209066587e+00,1.167325967849683836e-06,-3.413928173402675507e-07
3.416000000000000369e+00,5.236707612335021130e-08,1.999999865791137754e+00,1.123973459838293605e-06,-3.290994290406524418e-07
3.420000000000000373e+00,5.036090695534042302e-08,1.999999870202935792e+00,1.082180034382073677e-06,-3.172333472217164928e-07
3.424000000000000377e+00,4.842937964517280804e-08,1.999999874450587134e+00,1.041891584915001514e-06,-3.057802960070541872e-07
3.428000000000000380e+00,4.656980460739133526e-08,1.999999878540007714e+00,1.003055808966997347e-06,-2.947264554119028555e-07
3.432000000000000384e+00,4.477958579315625663e-08,1.999999882476905411e+00,9.656221506948490827e-07,-2.840584475301190592e-07
3.435999999999999943e+00,4.305621756422745119e-08,1.999999886266790927e+00,9.295417451487194785e-07,-2.737633231140856713e-07
3.439999999999999947e+00,4.139728166677983981e-08,1.999999889914982232e+00,8.947673642250475266e-07,-2.638285485372140513e-07
3.443999999999999950e+00,3.980044430203064905e-08,1.999999893426612330e+00,8.612533642580512738e-07,-2.542419931289767099e-07
3.447999999999999954e+00,3.826345329073722205e-08,1.999999896806632815e+00,8.289556352031415040e-07,-2.449919168726084064e-07
3.451999999999999957e+00,3.678413532871123274e-08,1.999999900059824087e+00,7.978315513668600340e-07,-2.360669584558629136e-07
3.455999999999999961e+00,3.536039333058082254e-08,1.999999903190796680e+00,7.678399236392325354e-07,-2.274561236654732266e-07
3.459999999999999964e+00,3.399020385910151618e-08,1.999999906204001254e+00,7.389409531853874946e-07,-2.191487741161235054e-07
3.463999999999999968e+00,3.267161463740508338e-08,1.999999909103731710e+00,7.110961865546631044e-07,-2.111346163050302502e-07
3.467999999999999972e+00,3.140274214164052899e-08,1.999999911894129401e+00,6.842684721663232189e-07,-2.034036909833836523e-07
3.471999999999999975e+00,3.018176927154451655e-08,1.999999914579190019e+00,6.584219181322986170e-07,-1.959463628361720685e-07
3.475999999999999979e+00,2.900694309653977413e-08,1.999999917162768703e+00,6.335218513782166376e-07,-1.887533104620583611e-07
3.479999999999999982e+00,2.787657267503839551e-08,1.999999919648583591e+00,6.095347780252116184e-07,-1.818155166452345568e-07
3.483999999999999986e+00,2.678902694468692332e-08,1.999999922040222256e+00,5.864283449958523140e-07,-1.751242589113328163e-07
3.487999999999999989e+00,2.574273268136188384e-08,1.999999924341144597e+00,5.641713028086443687e-07,-1.686711003597044070e-07
3.491999999999999993e+00,2.473617252478338764e-08,1.999999926554686169e+00,5.427334695264155985e-07,-1.624478807645351556e-07
3.495999999999999996e+00,2.376788306868038000e-08,1.999999928684067063e+00,5.220856958249130385e-07,-1.564467079374767899e-07
3.500000000000000000e+00,2.283645301349889503e-08,1.999999930732389242e+00,5.021998311487963251e-07,-1.506599493446388870e-07
3.504000000000000004e+00,2.194052137970497216e-08,1.999999932702646754e+00,4.830486909231357741e-07,-1.450802239709715371e-07
3.508000000000000007e+00,2.107877577979080736e-08,1.999999934597724627e+00,4.646060247893841553e-07,-1.397003944252422637e-07
3.512000000000000011e+00,2.024995074714772179e-08,1.999999936420406632e+00,4.468464858356280347e-07,-1.345135592789764928e-07
3.516000000000000014e+00,1.945282612002556423e-08,1.999999938173376179e+00,4.297456007917911199e-07,-1.295130456329089284e-07
3.520000000000000018e+00,1.868622547884760550e-08,1.999999939859219422e+00,4.132797411611971650e-07,-1.246924019046354902e-07
3.524000000000000021e+00,1.794901463520459724e-08,1.999999941480431032e+00,3.974260952607635945e-07,-1.200453908313369230e-07
3.528000000000000025e+00,1.724010017089983208e-08,1.999999943039416195e+00,3.821626411428241812e-07,-1.155659826815900401e-07
3.532000000000000028e+00,1.655842802546441689e-08,1.999999944538492391e+00,3.674681203723073537e-07,-1.112483486704276727e-07
3.536000000000000032e+00,1.590298213061171392e-08,1.999999945979893612e+00,3.533220126337789920e-07,-1.070868545719750758e-07
3.540000000000000036e+00,1.527278309014325877e-08,1.999999947365774799e+00,3.397045111435204782e-07,-1.030760545241196620e-07
3.544000000000000039e+00,1.466688690386424728e-08,1.999999948698210295e+00,3.265964988425285600e-07,-9.921068501982181137e-08
3.548000000000000043e+00,1.408438373410930919e-08,1.999999949979202940e+00,3.139795253469857570e-07,-9.548565907980905168e-08
3.552000000000000046e+00,1.352439671352212820e-08,1.999999951210678972e+00,3.018357846334266576e-07,-9.189606060153697496e-08
3.556000000000000050e+00,1.298608079277227007e-08,1.999999952394498459e+00,2.901480934364378074e-07,-8.843713887942626388e-08
3.560000000000000053e+00,1.246862162693317031e-08,1.999999953532450858e+00,2.788998703373761288e-07,-8.510430329151935194e-08
3.564000000000000057e+00,1.197123449928318887e-08,1.999999954626262344e+00,2.680751155231818810e-07,-8.189311814782459566e-08
3.568000000000000060e+00,1.149316328132994282e-08,1.999999955677596031e+00,2.576583911949730405e-07,-7.879929769574260097e-08
3.572000000000000064e+00,1.103367942789360074e-08,1.999999956688054414e+00,2.476348026066614644e-07,-7.581870127808527035e-08
3.576000000000000068e+00,1.059208100612093056e-08,1.999999957659180261e+00,2.379899797144112307e-07,-7.294732863932011001e-08
3.580000000000000071e+00,1.016769175733607689e-08,1.999999958592461269e+00,2.287100594182976027e-07,-7.018131537578616976e-08
3.584000000000000075e+00,9.759860190667266397e-09,1.999999959489329626e+00,2.197816683780570250e-07,-6.751692852573913465e-08
3.588000000000000078e+00,9.367958707421649724e-09,1.999999960351166450e+00,2.111919063853475602e-07,-6.495056229519661661e-08
3.592000000000000082e+00,8.991382755211311967e-09,1.999999961179300234e+00,2.029283302754276736e-07,-6.247873391565738355e-08
3.596000000000000085e+00,8.629550010864475382e-09,1.999999961975012175e+00,1.949789383616630592e-07,-6.009807962987489716e-08
3.600000000000000089e+00,8.281899591186068373e-09,1.999999962739535508e+00,1.873321553767569257e-07,-5.780535080197071458e-08
3.604000000000000092e+00,7.947891290659545534e-09,1.999999963474058617e+00,1.799768179050396912e-07,-5.559741014826539798e-08
3.608000000000000096e+00,7.627004845211401930e-09,1.999999964179725032e+00,1.729021602906410322e-07,-5.347122808531139429e-08
3.612000000000000099e+00,7.318739221185651882e-09,1.999999964857636758e+00,1.660978010067771393e-07,-5.142387919169820259e-08
3.616000000000000103e+00,7.022611928703218329e-09,1.999999965508854505e+00,1.595537294718430089e-07,-4.945253878030150575e-08
3.620000000000000107e+00,6.738158358605706385e-09,1.999999966134401008e+00,1.532602932983912989e-07,-4.755447957772941026e-08
3.624000000000000110e+00,6.464931142208678155e-09,1.999999966735259038e+00,1.472081859615035868e-07,-4.572706850781334303e-08
3.628000000000000114e+00,6.202499533113983258e-09,1.999999967312376725e+00,1.413884348734590860e-07,-4.396776357607796096e-08
3.632000000000000117e+00,5.950448810353068949e-09,1.999999967866665784e+00,1.357923898519674543e-07,-4.227411085220106639e-08
3.636000000000000121e+00,5.708379702157213415e-09,1.999999968399003514e+00,1.304117119696332642e-07,-4.064374154756455795e-08
3.640000000000000124e+00,5.475907829671802460e-09,1.999999968910236348e+00,1.252383627726632319e-07,-3.907436918507093339e-08
3.644000000000000128e+00,5.252663169954198795e-09,1.999999969401176969e+00,1.202645938572033293e-07,-3.756378685848419347e-08
3.648000000000000131e+00,5.038289537614425174e-09,1.999999969872609196e+00,1.154829367920107941e-07,-3.610986457862189122e-08
3.652000000000000135e+00,4.832444084478993893e-09,1.999999970325286869e+00,1.108861933765221623e-07,-3.471054670380505566e-08
3.656000000000000139e+00,4.634796816677706060e-09,1.999999970759935852e+00,1.064674262237009711e-07,-3.336384945204434644e-08
3.660000000000000142e+00,4.445030128571642162e-09,1.999999971177254476e+00,1.022199496573516697e-07,-3.206785849250632855e-08
3.664000000000000146e+00,4.262838352959963693e-09,1.999999971577915092e+00,9.813732091391559190e-08,-3.082072661387886384e-08
3.668000000000000149e+00,4.087927327020187167e-09,1.999999971962564516e+00,9.421333163904486163e-08,-2.962067146731570561e-08
3.672000000000000153e+00,3.920013973454707105e-09,1.999999972331825582e+00,9.044199966955776662e-08,-2.846597338170995442e-08
3.676000000000000156e+00,3.758825896332343897e-09,1.999999972686296701e+00,8.681756109164368345e-08,-2.735497324910418459e-08
3.680000000000000160e+00,3.604100991131183196e-09,1.999999973026554523e+00,8.333446256648595248e-08,-2.628607047811442448e-08
3.684000000000000163e+00,3.455587068503382565e-09,1.999999973353153715e+00,7.998735391470686646e-08,-2.525772101329543015e-08
3.688000000000000167e+00,3.313041491299437656e-09,1.999999973666627628e+00,7.677108095133068696e-08,-2.426843541844350962e-08
3.692000000000000171e+00,3.176230824403270826e-09,1.999999973967490075e+00,7.368067856319086303e-08,-2.331677702188291884e-08
3.696000000000000174e+00,3.044930496944228868e-09,1.999999974256235324e+00,7.071136402095803092e-08,-2.240136012183950429e-08
3.700000000000000178e+00,2.918924476466532772e-09,1.999999974533337221e+00,6.785853051821512912e-08,-2.152084825006251174e-08
3.704000000000000181e+00,2.798004954649536295e-09,1.999999974799253177e+00,6.511774093021958747e-08,-2.067395249190286145e-08
3.708000000000000185e+00,2.681972044185901563e-09,1.999999975054422841e+00,6.248472178523081656e-08,-1.985942986111164776e-08
3.712000000000000188e+00,2.570633486437394602e-09,1.999999975299269428e+00,5.995535744149643655e-08,-1.907608172767155338e-08
3.716000000000000192e+00,2.463804369500258770e-09,1.999999975534199059e+00,5.752568446320023878e-08,-1.832275229702161062e-08
3.720000000000000195e+00,2.361306856324203392e-09,1.999999975759602755e+00,5.519188618888299261e-08,-1.759832713908383382e-08
3.724000000000000199e+00,2.262969922540799556e-09,1.999999975975857103e+00,5.295028748605095389e-08,-1.690173176554746289e-08
3.728000000000000203e+00,2.168629103667973927e-09,1.999999976183323813e+00,5.079734968587288223e-08,-1.623193025390864127e-08
3.732000000000000206e+00,2.078126251368644958e-09,1.999999976382349942e+00,4.872966569206558553e-08,-1.558792391681046493e-08
3.736000000000000210e+00,1.991309298451779703e-09,1.999999976573270777e+00,4.674395525824351788e-08,-1.496875001526838061e-08
3.740000000000000213e+00,1.908032032314515690e-09,1.999999976756407394e+00,4.483706042818897770e-08,-1.437348051440801062e-08
3.744000000000000217e+00,1.828153876534028298e-09,1.999999976932068879e+00,4.300594113367472872e-08,-1.380122088038384512e-08
3.748000000000000220e+00,1.751539680327162085e-09,1.999999977100552107e+00,4.124767094463245809e-08,-1.325110891718420968e-08
3.752000000000000224e+00,1.678059515605454543e-09,1.999999977262143736e+00,3.955943296663012403e-08,-1.272231364206824907e-08
3.756000000000000227e+00,1.607588481362073109e-09,1.999999977417117547e+00,3.793851588077647078e-08,-1.221403419841683788e-08
3.760000000000000231e+00,1.540006515135804264e-09,1.999999977565738218e+00,3.638231012132158190e-08,-1.172549880481449817e-08
3.764000000000000234e+00,1.475198211306006023e-09,1.999999977708259546e+00,3.488830418637851459e-08,-1.125596373921675032e-08
3.768000000000000238e+00,1.413052645980235383e-09,1.999999977844924670e+00,3.345408107732634483e-08,-1.080471235708848614e-08
3.772000000000000242e+00,1.353463208244642118e-09,1.999999977975968735e+00,3.207731486260551975e-08,-1.037105414243554472e-08
3.776000000000000245e+00,1.296327437554456215e-09,1.999999978101616893e+00,3.075576736174204589e-08,-9.954323790680397557e-09
3.780000000000000249e+00,1.241546867049752019e-09,1.999999978222085639e+00,2.948728494557858921e-08,-9.553880322367463989e-09
3.784000000000000252e+00,1.189026872588503004e-09,1.999999978337583029e+00,2.826979544881011674e-08,-9.169106226711212135e-09
3.788000000000000256e+00,1.138676527296298017e-09,1.999999978448309124e+00,2.710130519105456474e-08,-8.799406634032689116e-09
3.792000000000000259e+00,1.090408461438458531e-09,1.999999978554455993e+00,2.597989610280092951e-08,-8.444208516156096000e-09
3.796000000000000263e+00,1.044138727427183128e-09,1.999999978656208377e+00,2.490372295270182935e-08,-8.102959913867670019e-09
3.800000000000000266e+00,9.997866697823828132e-10,1.999999978753743912e+00,2.387101067278457092e-08,-7.775129190564117452e-09
3.804000000000000270e+00,9.572747998712408836e-10,1.999999978847232240e+00,2.288005177827012449e-08,-7.460204311246249247e-09
3.808000000000000274e+00,9.165286752572563029e-10,1.999999978936837453e+00,2.192920387879150054e-08,-7.157692146037546563e-09
3.812000000000000277e+00,8.774767834954439779e-10,1.999999979022716978e+00,2.101688727791054971e-08,-6.867117797433858144e-09
3.816000000000000281e+00,8.400504302157406586e-10,1.999999979105021808e+00,2.014158265792818482e-08,-6.588023950513197102e-09
3.820000000000000284e+00,8.041836313422155709e-10,1.999999979183897381e+00,1.930182884708466704e-08,-6.319970245359722857e-09
3.824000000000000288e+00,7.698130093007314127e-10,1.999999979259482252e+00,1.849622066633695674e-08,-6.062532670977645443e-09
3.828000000000000291e+00,7.368776930728586099e-10,1.999999979331910982e+00,1.772340685299484788e-08,-5.815302979994082771e-09
3.832000000000000295e+00,7.053192219585813385e-10,1.999999979401311689e+00,1.698208805858269227e-08,-5.577888123470475922e-09
3.836000000000000298e+00,6.750814529151783040e-10,1.999999979467808497e+00,1.627101491838298436e-08,-5.349909705164326061e-09
3.840000000000000302e+00,6.461104713441050921e-10,1.999999979531518868e+00,1.558898619019837005e-08,-5.131003454602434611e-09
3.844000000000000306e+00,6.183545052021740556e-10,1.999999979592557153e+00,1.493484695995093421e-08,-4.920818718347263003e-09
3.848000000000000309e+00,5.917638423175479826e-10,1.999999979651033044e+00,1.430748691181481924e-08,-4.719017968856864890e-09
3.852000000000000313e+00,5.662907507952331881e-10,1.999999979707051567e+00,1.370583866065495429e-08,-4.525276330357961479e-09
3.856000000000000316e+00,5.418894024006878199e-10,1.999999979760713309e+00,1.312887614461694749e-08,-4.339281121169395941e-09
3.860000000000000320e+00,5.185157988140422969e-10,1.999999979812114193e+00,1.257561307578466509e-08,-4.160731411931040978e-09
3.864000000000000323e+00,4.961277006511806832e-10,1.999999979861348587e+00,1.204510144689174782e-08,-3.989337599210546535e-09
3.868000000000000327e+00,4.746845591514725488e-10,1.999999979908504200e+00,1.153643009213827494e-08,-3.824820993976358635e-09
3.872000000000000330e+00,4.541474504354741367e-10,1.999999979953667628e+00,1.104872330022970112e-08,-3.666913424441949178e-09
3.876000000000000334e+00,4.344790122393090446e-10,1.999999979996921029e+00,1.058113947781819438e-08,-3.515356852801999441e-09
3.880000000000000338e+00,4.156433830356033206e-10,1.999999980038342562e+00,1.013286986158499321e-08,-3.369903005395695662e-09
3.884000000000000341e+00,3.976061434541131483e-10,1.999999980078008166e+00,9.703137277263845701e-09,-3.230313015847952849e-09
3.888000000000000345e+00,3.803342599181208779e-10,1.999999980115991116e+00,9.291194943959965603e-09,-3.096357080752830379e-09
3.892000000000000348e+00,3.637960304157012930e-10,1.999999980152360468e+00,8.896325322176005995e-09,-2.967814127477915047e-09
3.896000000000000352e+00,3.479610323277359195e-10,1.999999980187183279e+00,8.517839004008248121e-09,-2.844471493681383467e-09
3.900000000000000355e+00,3.328000722373553085e-10,1.999999980220523943e+00,8.155073644029218816e-09,-2.726124618146910283e-09
3.904000000000000359e+00,3.182851376480855903e-10,1.999999980252443965e+00,7.807392929421382907e-09,-2.612576742553807276e-09
3.908000000000000362e+00,3.043893505406035481e-10,1.999999980283002188e+00,7.474185587976591540e-09,-2.503638623812501815e-09
3.912000000000000366e+00,2.910869227004256205e-10,1.999999980312255898e+00,7.154864432621275316e-09,-2.399128256606951315e-09
3.916000000000000369e+00,2.783531127513006599e-10,1.999999980340258832e+00,6.848865441173979498e-09,-2.298870605797483226e-09
3.920000000000000373e+00,2.661641848313388753e-10,1.999999980367063612e+00,6.555646870084425068e-09,-2.202697348348367475e-09
3.924000000000000377e+00,2.544973688511971612e-10,1.999999980392720200e+00,6.274688400947013314e-09,-2.110446624455664747e-09
3.928000000000000380e+00,2.433308222757591113e-10,1.999999980417276779e+00,6.005490318621805729e-09,-2.021962797561124530e-09
3.932000000000000384e+00,2.326435933728499910e-10,1.999999980440778868e+00,5.747572719836110244e-09,-1.937096222948193273e-09
3.936000000000000387e+00,2.224155858745532173e-10,1.999999980463271987e+00,5.500474751178626902e-09,-1.855703024626206640e-09
3.940000000000000391e+00,2.126275249986062842e-10,1.999999980484796769e+00,5.263753875434420927e-09,-1.777644880218138797e-09
3.944000000000000394e+00,2.032609247792771306e-10,1.999999980505394959e+00,5.036985165246131587e-09,-1.702788813576921023e-09
3.948000000000000398e+00,1.942980566588952207e-10,1.999999980525105414e+00,4.819760623120608119e-09,-1.631006994864014081e-09
3.952000000000000401e+00,1.857219192930009267e-10,1.999999980543965217e+00,4.611688526834802994e-09,-1.562176547832955140e-09
3.956000000000000405e+00,1.775162095237304392e-10,1.999999980562011226e+00,4.412392799326373437e-09,-1.496179364068725802e-09
3.960000000000000409e+00,1.696652944777265094e-10,1.999999980579276082e+00,4.221512402186966044e-09,-1.432901923942318973e-09
3.963999999999999968e+00,1.621541847464124118e-10,1.999999980595793758e+00,4.038700751905902251e-09,-1.372235124047570911e-09
3.967999999999999972e+00,1.549685086079989214e-10,1.999999980611596451e+00,3.863625158041685648e-09,-1.314074110895092450e-09
3.971999999999999975e+00,1.480944872520794026e-10,1.999999980626712803e+00,3.695966282527695601e-09,-1.258318120645714923e-09
3.975999999999999979e+00,1.415189109690554490e-10,1.999999980641173236e+00,3.535417619345168594e-09,-1.204870324672833418e-09
3.979999999999999982e+00,1.352291162680352256e-10,1.999999980655005505e+00,3.381684993824031517e-09,-1.153637680750255260e-09
3.983999999999999986e+00,1.292129638881527386e-10,1.999999980668236033e+00,3.234486080857484350e-09,-1.104530789668818714e-09
3.987999999999999989e+00,1.234588176695339092e-10,1.999999980680890355e+00,3.093549941341240353e-09,-1.057463757091617028e-09
3.991999999999999993e+00,1.179555242513739844e-10,1.999999980692992896e+00,2.958616576172578158e-09,-1.012354060464079773e-09
3.995999999999999996e+00,1.126923935657680475e-10,1.999999980704567193e+00,2.829436497167399219e-09,-9.691224208012223257e-10
4.000000000000000000e+00,1.076591800970922870e-10,1.999999980715635672e+00,2.705770314276204672e-09,-9.276926791804129830e-10
