t,cyc0,cyc1,cyc2,cyc3,total0,total1,total2,total3,rg2,rg2dot,length,b0,b1,b2,b3,a0_over_Rg,a1_over_Rg,a2_over_Rg,a3_over_Rg
0.000000000000000000e+00,4.430088114713121722e-02,4.022682116704996008e-02,6.687025761169192173e-02,5.891911453611303057e-02,5.118492081346856515e-02,-1.913673097790806743e-01,7.964827809235770772e-02,-2.116344333579793860e-02,9.999999999999997780e-01,-1.459758360958142986e-01,1.034215694928354168e+01,2.249999999999999917e-02,2.249999999999999917e-02,2.249999999999999917e-02,2.249999999999999917e-02,1.500000000000000222e-01,1.500000000000000222e-01,1.500000000000000222e-01,1.500000000000000222e-01
2.500000000000000052e-03,4.423741292614060544e-02,4.029986042318246808e-02,6.693956312369915562e-02,5.906123809499568000e-02,5.183106872882616012e-02,-1.906416635411355698e-01,7.971515733313075391e-02,-1.993192621517931098e-02,9.996354562230699292e-01,-1.456591518352136627e-01,1.034222818821457501e+01,2.249710285992726627e-02,2.251074656166349511e-02,2.249551834824614627e-02,2.250115583667198355e-02,1.500176890555003362e-01,1.500631723869297052e-01,1.500124059537648880e-01,1.500312017025917377e-01
5.000000000000000104e-03,4.417390855790050835e-02,4.037290030317983863e-02,6.700864203442455369e-02,5.920178602027424686e-02,5.247680779452822825e-02,-1.899173575500852362e-01,7.978171039875034398e-02,-1.870048781566957183e-02,9.992717044085205336e-01,-1.453422663394382530e-01,1.034231549741748957e+01,2.249416976793347164e-02,2.252145743736911482e-02,2.249103383788085206e-02,2.250224245491464631e-02,1.500352095760803528e-01,1.501261858236186131e-01,1.500247509477591057e-01,1.500621294101441572e-01
7.499999999999999722e-03,4.411037003657728578e-02,4.044594034209730155e-02,6.707749468453208519e-02,5.934074646173095879e-02,5.312213239768510259e-02,-1.891943812261728808e-01,7.984793757932853731e-02,-1.746916448843531880e-02,9.989087450583202799e-01,-1.450251805076513689e-01,1.034241886094469542e+01,2.249120076132494692e-02,2.253213264650058556e-02,2.248654648929801839e-02,2.250325985014636418e-02,1.500525614840390598e-01,1.501890402426734883e-01,1.500370349325409192e-01,1.500927828733250868e-01
1.000000000000000021e-02,4.404679935725112905e-02,4.051898006982817407e-02,6.714612141544475110e-02,5.947810775748034462e-02,5.376703692764791404e-02,-1.884727240420392136e-01,7.991383916724645320e-02,-1.623799242718555400e-02,9.985465786721613446e-01,-1.447078952616464298e-01,1.034253826277126720e+01,2.248819587788338653e-02,2.254277220815678606e-02,2.248205632286155720e-02,2.250420802046612309e-02,1.500697447034595455e-01,1.502517355756465556e-01,1.500492578588484838e-01,1.501231618512200716e-01
1.250000000000000069e-02,4.398319851567600997e-02,4.059201901110228577e-02,6.721452256938360847e-02,5.961385843565972231e-02,5.441151577815627610e-02,-1.877523755232487490e-01,7.997941545718768863e-02,-1.500700765961586296e-02,9.981852057474043249e-01,-1.443904115455524051e-01,1.034267368679529042e+01,2.248515515586498037e-02,2.255337614115258960e-02,2.247756335890524829e-02,2.250508696664479599e-02,1.500867591602144391e-01,1.503142717530462913e-01,1.500614196776043907e-01,1.501532661113171019e-01
1.499999999999999944e-02,4.391956950803908855e-02,4.066505668548547892e-02,6.728269848940511555e-02,5.974798721606152524e-02,5.505556334948101538e-02,-1.870333252487931808e-01,8.004466674617008448e-02,-1.377624603898178896e-02,9.978246267790209512e-01,-1.440727303255366631e-01,1.034282511683832873e+01,2.248207863399938680e-02,2.256394446401978338e-02,2.247306761773260747e-02,2.250589669211583432e-02,1.501036047819713226e-01,1.503766487043485256e-01,1.500735203399208850e-01,1.501830954294896547e-01
1.750000000000000167e-02,4.385591433071899664e-02,4.073809260738001786e-02,6.735064951943675604e-02,5.988048301170729310e-02,5.569917405056120513e-02,-1.863155628515707485e-01,8.010959333357524359e-02,-1.254574323580788520e-02,9.974648422595407959e-01,-1.437548525895058493e-01,1.034299253664589102e+01,2.247896635148859817e-02,2.257447719500802613e-02,2.246856911961674780e-02,2.250663720296538356e-02,1.501202814981974221e-01,1.504388663580074614e-01,1.500855597971044730e-01,1.502126495899775149e-01
2.000000000000000042e-02,4.379223498004336523e-02,4.081112628602560216e-02,6.741837600431174748e-02,6.001133493036497207e-02,5.634234230113185915e-02,-1.855990780188445932e-01,8.017419552117732717e-02,-1.131553472973436877e-02,9.971058526789964294e-01,-1.434367793468055985e-01,1.034317592988799461e+01,2.247581834800567099e-02,2.258497435208585077e-02,2.246406788480023037e-02,2.250730850792182630e-02,1.501367892401638815e-01,1.505009246414669710e-01,1.500975380006605575e-01,1.502419283853660692e-01
2.249999999999999917e-02,4.372853345204590764e-02,4.088415722550139270e-02,6.748587828980188996e-02,6.014053227600870549e-02,5.698506253384381937e-02,-1.848838604926761053e-01,8.023847361316943649e-02,-1.008565580150808973e-02,9.967476585248709053e-01,-1.431185116279176939e-01,1.034337528015974783e+01,2.247263466369332774e-02,2.259543595294170523e-02,2.245956393349493249e-02,2.250791061834478413e-02,1.501531279409496211e-01,1.505628234811718091e-01,1.501094549022983227e-01,1.502709316165635189e-01
2.500000000000000139e-02,4.366481174222252432e-02,4.095718492472899541e-02,6.755315672264911031e-02,6.026806455022289816e-02,5.762732919637310325e-02,-1.841699000703373446e-01,8.030242791618892595e-02,-8.856141525120269850e-03,9.963902602820449150e-01,-1.428000504841561713e-01,1.034359057098201440e+01,2.246941533916243725e-02,2.260586201498506267e-02,2.245505728588189504e-02,2.250844354821353657e-02,1.501692975354446125e-01,1.506245628025789651e-01,1.501213104539350918e-01,1.502996590927766496e-01
2.750000000000000014e-02,4.360107184528734525e-02,4.103020887747606954e-02,6.762021165059578509e-02,6.039392145355046426e-02,5.826913675351805960e-02,-1.834571866047008115e-01,8.036605873934084265e-02,-7.627026760096015934e-03,9.960336584327450504e-01,-1.424813969873615360e-01,1.034382178580208844e+01,2.246616041549035978e-02,2.261625255534753867e-02,2.245054796211118364e-02,2.250890731411493706e-02,1.501852979603529592e-01,1.506861425301692925e-01,1.501331046077011566e-01,1.503281106314845739e-01
2.999999999999999889e-02,4.353731575492825190e-02,4.110322857236103911e-02,6.768704342241296801e-02,6.051809288678592497e-02,5.891047968928399270e-02,-1.827457100046061267e-01,8.042936639421949252e-02,-6.398346143939146261e-03,9.956778534564929561e-01,-1.421625522295939248e-01,1.034406890799447432e+01,2.246286993421918454e-02,2.262660759088408122e-02,2.244603598230174649e-02,2.250930193523077022e-02,1.502011291541950899e-01,1.507475625874589442e-01,1.501448373159441352e-01,1.503562860584108096e-01
3.250000000000000111e-02,4.347354546356197585e-02,4.117624349285840812e-02,6.775365238792808997e-02,6.064056895221470872e-02,5.955135250895346455e-02,-1.820354602352058926e-01,8.049235119492911816e-02,-5.170134084735008781e-03,9.953228458300552584e-01,-1.418435173228247970e-01,1.034433192086166464e+01,2.245954393735382498e-02,2.263692713817417809e-02,2.244152136654126509e-02,2.250962743332459229e-02,1.502167910573098397e-01,1.508088228970109745e-01,1.501565085312334680e-01,1.503841852074938312e-01
3.500000000000000333e-02,4.340976296208933632e-02,4.124925311730508887e-02,6.782003889805063301e-02,6.076133995479862659e-02,6.019174974114120669e-02,-1.813264273182889075e-01,8.055501345810230085e-02,-3.942424753916224517e-03,9.949686360273940489e-01,-1.415242933986271823e-01,1.034461080763500185e+01,2.245618246735999954e-02,2.264721121352311628e-02,2.243700413488600512e-02,2.250988383272806842e-02,1.502322836118559213e-01,1.508699233804471351e-01,1.501681182063648035e-01,1.504118079208557057e-01
3.749999999999999861e-02,4.334597023965008900e-02,4.132225691890767383e-02,6.788620330479649967e-02,6.088039640330887570e-02,6.083166593983227455e-02,-1.806186013325828676e-01,8.061735350291736324e-02,-2.715252079193149030e-03,9.946152245196182573e-01,-1.412048816078653179e-01,1.034490555147556989e+01,2.245278556716209448e-02,2.265745983296327259e-02,2.243248430736067417e-02,2.251007116032680347e-02,1.502476067618130351e-01,1.509308639584596434e-01,1.501796662943644112e-01,1.504391540487692580e-01
4.000000000000000083e-02,4.328216928337835778e-02,4.139525436575020728e-02,6.795214596131123053e-02,6.099772901140700088e-02,6.147109568640257704e-02,-1.799119724140343934e-01,8.067937165111373210e-02,-1.488649737652883529e-03,9.942626117749361336e-01,-1.408852831203830369e-01,1.034521613547514463e+01,2.244935328014089834e-02,2.266767301225544942e-02,2.242796190395826908e-02,2.251018944554566623e-02,1.502627604529822858e-01,1.509916445508228955e-01,1.501911527484934561e-01,1.504662234496235429e-01
4.250000000000000305e-02,4.321836207815733105e-02,4.146824492080332381e-02,6.801786722189158418e-02,6.111332869867549394e-02,6.211003359161945681e-02,-1.792065307560690157e-01,8.074106822700610753e-02,-2.626511490287337198e-04,9.939107982586072865e-01,-1.405654991246913788e-01,1.034554254265717965e+01,2.244588565013121845e-02,2.267785076689022780e-02,2.242343694463993717e-02,2.251023872033366263e-02,1.502777446329864874e-01,1.510522650764055397e-01,1.502025775222522452e-01,1.504930159898878739e-01
4.499999999999999833e-02,4.315455060637531787e-02,4.154122804193375457e-02,6.808336744200584045e-02,6.122718659159771121e-02,6.274847429762303586e-02,-1.785022666098303734e-01,8.080244355749700846e-02,9.627105308562557400e-04,9.935597844328976080e-01,-1.402455308276552848e-01,1.034588475597783841e+01,2.244238272141938981e-02,2.268799311208936909e-02,2.241890944933481664e-02,2.251021901914830939e-02,1.502925592512697750e-01,1.511127254531822173e-01,1.502139405693844187e-01,1.505195315440740478e-01
4.750000000000000056e-02,4.309073684768120055e-02,4.161420318191489526e-02,6.814864697831253537e-02,6.133929402448929508e-02,6.338641247988545391e-02,-1.777991702843979005e-01,8.086349797208747248e-02,2.187402416470664128e-03,9.932095707570333110e-01,-1.399253794541799323e-01,1.034624275832708840e+01,2.243884453874065224e-02,2.269810006280724782e-02,2.241437943793989432e-02,2.251013037893956348e-02,1.503072042590967716e-01,1.511730255982456361e-01,1.502252418438810577e-01,1.505457699946974037e-01
5.000000000000000278e-02,4.302692277874080318e-02,4.168716978843833160e-02,6.821370618867829416e-02,6.144964254038130097e-02,6.402384284914719448e-02,-1.770972321469848620e-01,8.092423180288707552e-02,3.411391898777327465e-03,9.928601576871555201e-01,-1.396050462468961251e-01,1.034661653252980962e+01,2.243527114727642338e-02,2.270817163373230890e-02,2.240984693031985650e-02,2.250997283913329719e-02,1.503216796095514229e-01,1.512331654278187276e-01,1.502364812999848753e-01,1.505717312322360779e-01
5.249999999999999806e-02,4.296311037299398172e-02,4.176012730412589913e-02,6.827854543219390171e-02,6.155822389185624383e-02,6.466076015333083182e-02,-1.763964426231162952e-01,8.098464538462163409e-02,4.634646651256509736e-03,9.925115456762776400e-01,-1.392845324658456563e-01,1.034700606134696876e+01,2.243166259265144680e-02,2.271820783928855947e-02,2.240531194630693973e-02,2.250974644161433599e-02,1.503359852575354150e-01,1.512931448572664150e-01,1.502476588921940748e-01,1.505974151550890372e-01
5.500000000000000028e-02,4.289930160041209584e-02,4.183307516654286018e-02,6.834316506918894363e-02,6.166503004183847281e-02,6.529715917942834069e-02,-1.756967921967872992e-01,8.104473905463951966e-02,5.857134635747838873e-03,9.921637351742408351e-01,-1.389638393881660328e-01,1.034741132747683423e+01,2.242801892093083949e-02,2.272820869363708848e-02,2.240077450570077816e-02,2.250945123070908008e-02,1.503501211597659259e-01,1.513529638011081313e-01,1.502587745752665960e-01,1.506228216695326416e-01
5.750000000000000250e-02,4.283549842725615370e-02,4.190601280821179553e-02,6.840756546124564241e-02,6.177005316433926974e-02,6.593303475536331504e-02,-1.749982714106007031e-01,8.110451315291732077e-02,7.078824108108099783e-03,9.918167266276732841e-01,-1.386429683077751440e-01,1.034783231355620003e+01,2.242434017861703183e-02,2.273817421067761413e-02,2.239623462826825437e-02,2.250908725316769221e-02,1.503640872747732393e-01,1.514126221730294763e-01,1.502698283042237237e-01,1.506479506896756526e-01
5.999999999999999778e-02,4.277170281583626832e-02,4.197893965662734955e-02,6.847174697121062581e-02,6.187328564515835738e-02,6.656838175182619444e-02,-1.743008708658869421e-01,8.116396802206275740e-02,8.299683623685601835e-03,9.914705204799462157e-01,-1.383219205350556813e-01,1.034826900216170209e+01,2.242062641264657916e-02,2.274810440405006240e-02,2.239169233374336057e-02,2.250865455814589355e-02,1.503778835628978017e-01,1.514721198858949014e-01,1.502808200343541956e-01,1.506728021374133253e-01
6.250000000000000000e-02,4.270791672427179386e-02,4.205185513427171784e-02,6.853570996320623721e-02,6.197472008254265030e-02,6.720319508408127696e-02,-1.736045812228040608e-01,8.122310400731752589e-02,9.519682042608369754e-03,9.911251171711367158e-01,-1.380006973965395844e-01,1.034872137581112206e+01,2.241687767038688314e-02,2.275799928713615264e-02,2.238714764182703904e-02,2.250815319718638130e-02,1.503915099862866422e-01,1.515314568517593385e-01,1.502917497212178932e-01,1.506973759423796411e-01
6.500000000000000222e-02,4.264414210625257912e-02,4.212475865863100216e-02,6.859945480263957007e-02,6.207434928780351108e-02,6.783746971374426948e-02,-1.729093932004189815e-01,8.128192145655754874e-02,1.073878853488611888e-02,9.907805171379837628e-01,-1.376793002345925998e-01,1.034918941696476047e+01,2.241309399963280560e-02,2.276785887306103859e-02,2.238260057218703983e-02,2.250758322419983345e-02,1.504049665088898480e-01,1.515906329818809128e-01,1.503026173206497007e-01,1.507216720418987910e-01
6.750000000000000444e-02,4.258038091080151855e-02,4.219764964221251607e-02,6.866298185621104444e-02,6.217216628589344180e-02,6.847120065053033389e-02,-1.722152975767711203e-01,8.134042072029258608e-02,1.195697258532441368e-02,9.904367208138522560e-01,-1.373577304070988103e-01,1.034967310802683649e+01,2.240927544860317824e-02,2.277768317469493903e-02,2.237805114445776816e-02,2.250694469544558055e-02,1.504182530964562059e-01,1.516496481867327384e-01,1.503134227887631125e-01,1.507456903809349935e-01
7.000000000000000666e-02,4.251663508203820663e-02,4.227052749256257624e-02,6.872629149192116538e-02,6.226816431594370260e-02,6.910438295397049180e-02,-1.715222851889167677e-01,8.139860215166425106e-02,1.317420399825228357e-02,9.900937286286926042e-01,-1.370359892871456930e-01,1.035017243134691789e+01,2.240542206593720137e-02,2.278747220465481352e-02,2.237349937824013868e-02,2.250623766951189569e-02,1.504313697165286234e-01,1.517085023760154638e-01,1.503241660819538972e-01,1.507694309120414800e-01
7.249999999999999500e-02,4.245290655894418813e-02,4.234339161228549420e-02,6.878938407907622676e-02,6.236233683176375248e-02,6.973701173509676277e-02,-1.708303469329568725e-01,8.145646610644233232e-02,1.439045290205994906e-02,9.897515410090041987e-01,-1.367140782627093987e-01,1.035068736922138832e+01,2.240153390069076628e-02,2.279722597530604855e-02,2.236894529310143320e-02,2.250546220729596203e-02,1.504443163384391324e-01,1.517671954586692906e-01,1.503348471569038169e-01,1.507928935953080085e-01
7.499999999999999722e-02,4.238919727512966557e-02,4.241624139906299829e-02,6.885225998829254401e-02,6.245467750230378895e-02,7.036908215809356548e-02,-1.701394737640465338e-01,8.151401294302020040e-02,1.560568975354987946e-02,9.894101583777981102e-01,-1.363919987363405029e-01,1.035121790389495189e+01,2.239761100233264579e-02,2.280694449876416799e-02,2.236438890857514461e-02,2.250461837198348275e-02,1.504570929333034768e-01,1.518257273428862686e-01,1.503454659705839858e-01,1.508160783983074349e-01
7.749999999999999944e-02,4.232550915860157359e-02,4.248907624567453689e-02,6.891491959149990965e-02,6.254518021208169132e-02,7.100058944191578458e-02,-1.694496566963869244e-01,8.157124302240865987e-02,1.681988534209833200e-02,9.890695811545606730e-01,-1.360697521248502295e-01,1.035176401756216258e+01,2.239365342074062931e-02,2.281662778689655391e-02,2.235983024416084500e-02,2.250370622902799975e-02,1.504696994740153115e-01,1.518840979361225640e-01,1.503560224802586165e-01,1.508389852960412003e-01
8.000000000000000167e-02,4.226184413153364489e-02,4.256189554001859471e-02,6.897736326194284229e-02,6.263383906157543590e-02,7.163152886187219848e-02,-1.687608868032023091e-01,8.162815670822841374e-02,1.803301079362956694e-02,9.887298097552197351e-01,-1.357473398589975622e-01,1.035232569236899458e+01,2.238966120619753641e-02,2.282627585132419867e-02,2.235526931932402608e-02,2.250272584612988611e-02,1.504821359352399579e-01,1.519423071451106166e-01,1.503665166434881018e-01,1.508616142708835706e-01
8.250000000000000389e-02,4.219820411003803035e-02,4.263469866513445311e-02,6.903959137418154424e-02,6.272064836758207973e-02,7.226189575117333841e-02,-1.680731552166977727e-01,8.168475436670120937e-02,1.924503757440196652e-02,9.883908445921081309e-01,-1.354247633831768272e-01,1.035290291041442501e+01,2.238563440938714372e-02,2.283588870342346047e-02,2.235070615349596390e-02,2.250167729321504717e-02,1.504944022934080472e-01,1.520003548758713796e-01,1.503769484181327609e-01,1.508839653125251812e-01
8.500000000000000611e-02,4.213459100393898010e-02,4.270748499922488728e-02,6.910160430409142962e-02,6.280560266354485999e-02,7.289168550244302935e-02,-1.673864531280031542e-01,8.174103636663997141e-02,2.045593749460670324e-02,9.880526860739312633e-01,-1.351020241551061929e-01,1.035349565375206105e+01,2.238157308139003890e-02,2.284546635432783968e-02,2.234614076607357655e-02,2.250056064241333018e-02,1.505064985267083044e-01,1.520582410337265600e-01,1.503873177623559210e-01,1.509060384179153058e-01
8.750000000000000833e-02,4.207100671654834256e-02,4.278025391567948782e-02,6.916340242886075129e-02,6.288869669984931132e-02,7.352089356919322416e-02,-1.667007717870997718e-01,8.179700307943719995e-02,2.166568271178037630e-02,9.877153346057345740e-01,-1.347791236455170572e-01,1.035410390439179373e+01,2.237747727367936715e-02,2.285500881492976907e-02,2.234157317641927501e-02,2.249937596803668755e-02,1.505184246150805261e-01,1.521159655233106645e-01,1.503976246346272749e-01,1.509278335912032920e-01
8.999999999999999667e-02,4.200745314444312428e-02,4.285300478309901628e-02,6.922498612698785303e-02,6.296992544408971937e-02,7.414951546726031295e-02,-1.660161025027316328e-01,8.185265487905232784e-02,2.287424573403169098e-02,9.873787905888693484e-01,-1.344560633378444892e-01,1.035472764430146064e+01,2.237334703811651171e-02,2.286451609588241451e-02,2.233700340386082783e-02,2.249812334655704529e-02,1.505301805402077531e-01,1.521735282485833507e-01,1.504078689937262125e-01,1.509493508436791920e-01
9.249999999999999889e-02,4.194393217724538825e-02,4.292573696531996885e-02,6.928635577827670089e-02,6.304928408130699991e-02,7.477754677620408741e-02,-1.653324366423023495e-01,8.190799214199794009e-02,2.408159942308401788e-02,9.870430544209642942e-01,-1.341328447279188651e-01,1.035536685540855650e+01,2.236918242694668074e-02,2.287398820760149290e-02,2.233243146769122237e-02,2.249680285658395631e-02,1.505417662855083605e-01,1.522309291128413622e-01,1.504180507987447346e-01,1.509705901937132555e-01
9.500000000000000111e-02,4.188044569740426160e-02,4.299844982144047922e-02,6.934751176383149862e-02,6.312676801419926653e-02,7.540498314066654273e-02,-1.646497656317565950e-01,8.196301524732445276e-02,2.528771699713356150e-02,9.867081264958923459e-01,-1.338094693236582811e-01,1.035602151960196160e+01,2.236498349279442133e-02,2.288342516026710405e-02,2.232785738716851903e-02,2.249541457884199000e-02,1.505531818361277308e-01,1.522881680187308240e-01,1.504281700090908669e-01,1.509915516666949509e-01
9.750000000000000333e-02,4.181699557998020539e-02,4.307114270584638804e-02,6.940845446604984592e-02,6.320237286330646076e-02,7.603182027169148871e-02,-1.639680809554462104e-01,8.201772457660379267e-02,2.649257203352621548e-02,9.863740072037423534e-01,-1.334859386447622698e-01,1.035669161873366662e+01,2.236075028865905021e-02,2.289282696382556256e-02,2.232328118151571603e-02,2.249395859614792409e-02,1.505644271789294830e-01,1.523452448682591776e-01,1.504382265844914635e-01,1.510122352949709312e-01
1.000000000000000056e-01,4.175358369243180323e-02,4.314381496823836010e-02,6.946918426861499463e-02,6.327609446716975228e-02,7.665805394800377648e-02,-1.632873741559840997e-01,8.207212051391192531e-02,2.769613847125385053e-02,9.860406969307888847e-01,-1.331622542224076000e-01,1.035737713462057208e+01,2.235648286791002901e-02,2.290219362799124012e-02,2.231870286992062094e-02,2.249243499338769714e-02,1.505755023024866746e-01,1.524021595628073100e-01,1.504482204849954541e-01,1.510326411177822792e-01
1.025000000000000078e-01,4.169021189440524217e-02,4.321646595365952886e-02,6.952970155648677264e-02,6.334792888246722209e-02,7.728368001724761349e-02,-1.626076368340828582e-01,8.212620344580974507e-02,2.889839061327061781e-02,9.857081960594648029e-01,-1.328384175989441585e-01,1.035807804904625051e+01,2.235218128428223539e-02,2.291152516224842853e-02,2.231412247153570505e-02,2.249084385749319098e-02,1.505864071970722806e-01,1.524589120031415446e-01,1.504581516709765920e-01,1.510527691812011408e-01
1.049999999999999961e-01,4.162688203752595850e-02,4.328909500252388354e-02,6.959000671589131437e-02,6.341787238412703587e-02,7.790869439718291212e-02,-1.619288606483798576e-01,8.217997376132346599e-02,3.009930312863335136e-02,9.853765049683346211e-01,-1.325144303275935243e-01,1.035879434376277786e+01,2.234784559187119254e-02,2.292082157585319940e-02,2.230954000547797841e-02,2.248918527741879808e-02,1.505971418546495633e-01,1.525155020894254920e-01,1.504680201031364517e-01,1.510726195380664161e-01
1.074999999999999983e-01,4.156359596519319105e-02,4.336170145064530829e-02,6.965010013430979197e-02,6.348592146541866266e-02,7.853309307684017138e-02,-1.612510373152506449e-01,8.223343185192319438e-02,3.129885105446574695e-02,9.850456240320643042e-01,-1.321902939721482650e-01,1.035952600049254535e+01,2.234347584512822935e-02,2.293008287783527416e-02,2.230495549082885109e-02,2.248745934411782235e-02,1.506077062688624402e-01,1.525719297212322911e-01,1.504778257425074262e-01,1.510921922479192547e-01
1.100000000000000006e-01,4.150035551237745562e-02,4.343428462926718359e-02,6.970998220046585592e-02,6.355207283802397078e-02,7.915687211763344777e-02,-1.605741586086075756e-01,8.228657811150083545e-02,3.249700979774881870e-02,9.847155536213992866e-01,-1.318660101066730372e-01,1.036027300093011050e+01,2.233907209885556064e-02,2.293930907699989752e-02,2.230036894663400479e-02,2.248566615051871692e-02,1.506181004350248265e-01,1.526281947975560438e-01,1.504875685504552252e-01,1.511114873769373868e-01
1.125000000000000028e-01,4.143716250542048285e-02,4.350684386509274387e-02,6.976965330431229850e-02,6.361632343208893647e-02,7.978002765442893107e-02,-1.598982163596888162e-01,8.233941293634666758e-02,3.369375513694134600e-02,9.843862941031364944e-01,-1.315415803152078233e-01,1.036103532674406047e+01,2.233463440820131901e-02,2.294850018192971797e-02,2.229578039190326794e-02,2.248380579150116229e-02,1.506283243501104763e-01,1.526842972168240276e-01,1.504972484886819284e-01,1.511305049978692305e-01
1.150000000000000050e-01,4.137401876183834093e-02,4.357937848031609440e-02,6.982911383701603802e-02,6.367867039625696446e-02,8.040255589657185897e-02,-1.592232024568317472e-01,8.239193672512484801e-02,3.488906322342982119e-02,9.840578458401008088e-01,-1.312170061914719743e-01,1.036181295957888437e+01,2.233016282865452756e-02,2.295765620098667859e-02,2.229118984561048386e-02,2.248187836387200572e-02,1.506383780127420469e-01,1.527402368769082697e-01,1.505068655192284555e-01,1.511492451899674738e-01
1.175000000000000072e-01,4.131092609012735478e-02,4.365188779265357505e-02,6.988836419094239527e-02,6.373911109768483352e-02,8.102445312886911999e-02,-1.585491088452381792e-01,8.244414987884753077e-02,3.608291058281316160e-02,9.837302091911208635e-01,-1.308922893385709441e-01,1.036260588105686153e+01,2.232565741604000328e-02,2.296677714231389056e-02,2.228659732669338936e-02,2.247988396634106184e-02,1.506482614231800521e-01,1.527960136751373710e-01,1.505164196044774527e-01,1.511677080389218497e-01
1.199999999999999956e-01,4.124788628957325870e-02,4.372437111537601923e-02,6.994740475963837079e-02,6.379764312204246057e-02,8.164571571252768334e-02,-1.578759275267264950e-01,8.249605280084877645e-02,3.727527411602209184e-02,9.834033845110059513e-01,-1.305674313687044397e-01,1.036341407277998528e+01,2.232111822651323615e-02,2.297586301383753790e-02,2.228200285405348632e-02,2.247782269949680223e-02,1.506579745833115103e-01,1.528516275083081355e-01,1.505259107071557079e-01,1.511858936367917183e-01
1.224999999999999978e-01,4.118490115006323560e-02,4.379682775734147770e-02,7.000623593781446496e-02,6.385426427349776002e-02,8.226634008604935544e-02,-1.572036505594730238e-01,8.254764589675608888e-02,3.846613110027715526e-02,9.830773721505245977e-01,-1.302424339028764311e-01,1.036423751633184409e+01,2.231654531655518151e-02,2.298491382326876484e-02,2.227740644655592725e-02,2.247569466578192704e-02,1.506675174966384534e-01,1.529070782726971445e-01,1.505353387903367035e-01,1.512038020819380657e-01
1.250000000000000000e-01,4.112197245190125916e-02,4.386925702302850449e-02,7.006485812132577651e-02,6.390897257468662607e-02,8.288632276608044747e-02,-1.565322700577433668e-01,8.259892957446229866e-02,3.965545918988843538e-02,9.827521724563809125e-01,-1.299172985706074923e-01,1.036507619327958096e+01,2.231193874296703156e-02,2.299392957810555971e-02,2.227280812302938687e-02,2.247349996946882908e-02,1.506768901682661033e-01,1.529623658640723860e-01,1.505447038174432817e-01,1.512214334789551418e-01
1.275000000000000022e-01,4.105910196562673892e-02,4.394165821256981047e-02,7.012327170715189351e-02,6.396176626666981446e-02,8.350566034821775563e-02,-1.558617781916133982e-01,8.264990424409532355e-02,4.084323641689775047e-02,9.824277857711958273e-01,-1.295920270096485305e-01,1.036593008517580650e+01,2.230729856286493146e-02,2.300291028563466317e-02,2.226820790226595459e-02,2.247123871663498848e-02,1.506860926048907146e-01,1.530174901777046625e-01,1.505540057522499198e-01,1.512387879386016265e-01
1.300000000000000044e-01,4.099629145183641271e-02,4.401403062178700643e-02,7.018147709337577145e-02,6.401264380887766725e-02,8.412434950776816189e-02,-1.551921671866801633e-01,8.270057031798758174e-02,4.202944119156874769e-02,9.821042124334855572e-01,-1.292666208656972349e-01,1.036679917356056357e+01,2.230262483367464674e-02,2.301185595293344863e-02,2.226360580302100961e-02,2.246891101513827718e-02,1.506951248147874733e-01,1.530724511083791095e-01,1.505632445588853119e-01,1.512558655777316297e-01
1.325000000000000067e-01,4.093354266100955596e-02,4.408637354222515875e-02,7.023947467916148713e-02,6.406160387904269449e-02,8.474238700046465844e-02,-1.545234293237640888e-01,8.275092821064394810e-02,4.321405230272473696e-02,9.817814527776427269e-01,-1.289410817921163854e-01,1.036768343996326713e+01,2.229791761312620996e-02,2.302076658687182004e-02,2.225900184401310988e-02,2.246651697459218708e-02,1.507039868077977574e-01,1.531272485504064085e-01,1.505724202018345059e-01,1.512726665192251352e-01
1.350000000000000089e-01,4.087085733333658405e-02,4.415868626118826801e-02,7.029726486473121538e-02,6.410864537312198352e-02,8.535976966313585379e-02,-1.538555569386017008e-01,8.280097833870940505e-02,4.439704891794087754e-02,9.814595071339166088e-01,-1.286154114496541323e-01,1.036858286590467237e+01,2.229317695924850490e-02,2.302964219411410274e-02,2.225439604392388457e-02,2.246405670634101306e-02,1.507126785953168124e-01,1.531818823976342225e-01,1.505815326459414294e-01,1.512891908919184458e-01
1.375000000000000111e-01,4.080823719855140863e-02,4.423096806177530260e-02,7.035484805134099850e-02,6.415376740520936649e-02,8.597649441433186102e-02,-1.531885424215295721e-01,8.285072112093491703e-02,4.557841058359062697e-02,9.811383758283959144e-01,-1.282896115061667452e-01,1.036949743289883230e+01,2.228840293036384035e-02,2.303848278112092390e-02,2.224978842139792301e-02,2.246153032343498057e-02,1.507212001902804577e-01,1.532363525434583262e-01,1.505905818564110821e-01,1.513054388305341003e-01
1.400000000000000133e-01,4.074568397576681239e-02,4.430321822291628103e-02,7.041222464125564129e-02,6.419696930743856722e-02,8.659255825490271008e-02,-1.525223782171604425e-01,8.290015697814294426e-02,4.675811722475039373e-02,9.808180591829913642e-01,-1.279636836363434171e-01,1.037042712245508014e+01,2.228359558508247532e-02,2.304728835415110685e-02,2.224517899504266372e-02,2.245893794060533841e-02,1.507295516071522345e-01,1.532906588808337633e-01,1.505995677988116455e-01,1.513214104756106793e-01
1.425000000000000155e-01,4.068319937331404262e-02,4.437543601940930477e-02,7.046939503772245428e-02,6.423825062987795209e-02,8.720795826853393329e-02,-1.518570568240512064e-01,8.294928633319195721e-02,4.793614914496702184e-02,9.804985575154189226e-01,-1.276376295214335099e-01,1.037137191608000464e+01,2.227875498229713036e-02,2.305605891926354109e-02,2.224056778342829374e-02,2.245627967423940996e-02,1.507377328619100565e-01,1.533448013022858103e-01,1.506084904390767309e-01,1.513371059734324731e-01
1.449999999999999900e-01,4.062078508858543713e-02,4.444762072195769520e-02,7.052635964494416432e-02,6.427761114041764812e-02,8.782269162223448056e-02,-1.511925707943634345e-01,8.299810961093970207e-02,4.911248702588930787e-02,9.801798711391829233e-01,-1.273114508489761876e-01,1.037233179527941829e+01,2.227388118117745036e-02,2.306479448231906620e-02,2.223595480508764460e-02,2.245355564235563747e-02,1.507457439720328030e-01,1.533987796999211894e-01,1.506173497435075725e-01,1.513525254759589267e-01
1.474999999999999922e-01,4.055844280788106770e-02,4.451977159720761634e-02,7.058311886805103408e-02,6.431505082464979151e-02,8.843675556678119720e-02,-1.505289127335167343e-01,8.304662723820628589e-02,5.028711192676772745e-02,9.798620003635611919e-01,-1.269851493125315756e-01,1.037330674156033794e+01,2.226897424116447075e-02,2.307349504898233844e-02,2.223134007851609167e-02,2.245076596457860202e-02,1.507535849564867192e-01,1.534525939654387827e-01,1.506261456787750530e-01,1.513676691407539465e-01
1.499999999999999944e-01,4.049617420625896413e-02,4.459188790778615546e-02,7.063967311307178809e-02,6.435056988574212877e-02,8.905014743711700542e-02,-1.498660752998357826e-01,8.309483964373555465e-02,5.146000528382616707e-02,9.795449454935912792e-01,-1.266587266114159172e-01,1.037429673643298855e+01,2.226403422196504556e-02,2.308216062472370073e-02,2.222672362217146050e-02,2.244791076211406083e-02,1.507612558357115662e-01,1.535062439901404563e-01,1.506348782119215912e-01,1.513825371309150125e-01
1.524999999999999967e-01,4.043398094738916149e-02,4.466396891233977845e-02,7.069602278690345631e-02,6.438416874430631653e-02,8.966286465270455197e-02,-1.492040512041901967e-01,8.314274725815626321e-02,5.263114890950784663e-02,9.792287068300545849e-01,-1.263321844504373404e-01,1.037530176141275184e+01,2.225906118354626859e-02,2.309079121482104230e-02,2.222210545447392618e-02,2.244499015772396383e-02,1.507687566316068539e-01,1.535597296649419130e-01,1.506435473103633627e-01,1.513971296150025125e-01
1.549999999999999989e-01,4.037186468341147361e-02,4.473601386557305576e-02,7.075216829728094015e-02,6.441584803826071182e-02,9.027490471783501669e-02,-1.485428332096290494e-01,8.319035051394207958e-02,5.380052499159931195e-02,9.789132846694643675e-01,-1.260055245396353163e-01,1.037632179802219135e+01,2.225405518612985981e-02,2.309938682436164792e-02,2.221748559380591972e-02,2.244200427570150827e-02,1.507760873675177415e-01,1.536130508803833228e-01,1.506521529418921035e-01,1.514114467669685493e-01
1.575000000000000011e-01,4.030982705479692341e-02,4.480802201828780473e-02,7.080811005274491310e-02,6.444560862268874923e-02,9.088626522189136026e-02,-1.478824141310091933e-01,8.323764984537100620e-02,5.496811609223684753e-02,9.785986793040526432e-01,-1.256787485940218940e-01,1.037735682779297797e+01,2.224901629018656915e-02,2.310794745824405055e-02,2.221286405851204820e-02,2.243895324184620038e-02,1.507832480682208265e-01,1.536662075266398420e-01,1.506606950746769980e-01,1.514254887660861915e-01
1.600000000000000033e-01,4.024786969021344751e-02,4.487999261742254414e-02,7.086384846260955495e-02,6.447345156969322422e-02,9.149694383956839816e-02,-1.472227868346193680e-01,8.328464568848394090e-02,5.613390514679650334e-02,9.782848910217575300e-01,-1.253518583333257386e-01,1.037840683226792393e+01,2.224394455643054214e-02,2.311647312117986672e-02,2.220824086689899765e-02,2.243583718343895514e-02,1.507902387599099614e-01,1.537191994935321326e-01,1.506691736772665935e-01,1.514392557968783359e-01
1.625000000000000056e-01,4.018599420639498015e-02,4.495192490609233732e-02,7.091938393692870379e-02,6.449937816824673209e-02,9.210693833104698081e-02,-1.465639442377984492e-01,8.333133848104218311e-02,5.729787546267378628e-02,9.779719201062121448e-01,-1.250248554817385838e-01,1.037947179300291722e+01,2.223884004581369936e-02,2.312496381769562834e-02,2.220361603723544977e-02,2.243265622921723421e-02,1.507970594701817935e-01,1.537720266705367989e-01,1.506775887185906326e-01,1.514527480490469036e-01
1.650000000000000078e-01,4.012420220801490162e-02,4.502381812362857283e-02,7.097471688646173060e-02,6.452338992403902629e-02,9.271624654212595740e-02,-1.459058793085493688e-01,8.337772866248488457e-02,5.846001071795382809e-02,9.776597668367346117e-01,-1.246977417676640165e-01,1.038055169156891999e+01,2.223370281952009517e-02,2.313341955213461115e-02,2.219898958775200215e-02,2.242941050935022898e-02,1.508037102280212760e-01,1.538246889467966005e-01,1.506859401679616350e-01,1.514659657174018126e-01
1.675000000000000100e-01,4.006249528756278960e-02,4.509567150561962640e-02,7.102984772263834512e-02,6.454548855932162876e-02,9.332486640430856517e-02,-1.452485850651489829e-01,8.342381667388491795e-02,5.962029495997855227e-02,9.773484314883162938e-01,-1.243705189234688702e-01,1.038164650955392254e+01,2.222853293896028676e-02,2.314184032865864230e-02,2.219436153664108499e-02,2.242610015541409915e-02,1.508101910637870691e-01,1.538771862111308342e-01,1.506942279950768959e-01,1.514789090017902295e-01
1.700000000000000122e-01,4.000087502522580579e-02,4.516748428395104403e-02,7.108477685752233322e-02,6.456567601274976198e-02,9.393279593484653300e-02,-1.445920545757547193e-01,8.346960295790460671e-02,6.077871260381098595e-02,9.770379143316129111e-01,-1.240431886852372961e-01,1.038275622856490088e+01,2.222333046576569979e-02,2.315022615124991481e-02,2.218973190205688825e-02,2.242272530036727024e-02,1.508165020091970787e-01,1.539295183520453247e-01,1.507024521700199293e-01,1.514915781070257927e-01
1.725000000000000144e-01,3.993934298877362815e-02,4.523925568684648152e-02,7.113950470377515545e-02,6.458395443922214374e-02,9.454003323674144144e-02,-1.439362809580068958e-01,8.351508795875071944e-02,6.193524843060244089e-02,9.767282156329359921e-01,-1.237157527925270423e-01,1.038388083022978314e+01,2.221809546178299399e-02,2.315857702371277096e-02,2.218510070211528531e-02,2.241928607852579705e-02,1.508226430973133581e-01,1.539816852577425288e-01,1.507106126632622722e-01,1.515039732428179742e-01
1.750000000000000167e-01,3.987790073344729680e-02,4.531098493890865081e-02,7.119403167461769988e-02,6.460032620971893624e-02,9.514657649870195133e-02,-1.432812573786282628e-01,8.356027212212835398e-02,6.308988758586554779e-02,9.764193356542436586e-01,-1.233882129881286038e-01,1.038502029619940004e+01,2.221282798906843922e-02,2.316689294967550286e-02,2.218046795489376360e-02,2.241578262553881387e-02,1.508286143625276743e-01,1.540336868161315265e-01,1.507187094456650112e-01,1.515160946237016359e-01
1.774999999999999911e-01,3.981654980185227177e-02,4.538267126116046074e-02,7.124835818379240959e-02,6.461479391113812698e-02,9.575242399506038449e-02,-1.426269770530214920e-01,8.360515589519484925e-02,6.424261557765642561e-02,9.761112746531340756e-01,-1.230605710178265949e-01,1.038617460814941929e+01,2.220752810988229492e-02,2.317517393259212535e-02,2.217583367843135173e-02,2.241221507836405058e-02,1.508344158405463820e-01,1.540855229148377359e-01,1.507267424884802531e-01,1.515279424689665311e-01
1.799999999999999933e-01,3.975529172385525167e-02,4.545431387108624793e-02,7.130248464552367549e-02,6.462736034613024427e-02,9.635757408564638027e-02,-1.419734332448639169e-01,8.364973972651240652e-02,6.539341827466879642e-02,9.758040328828361254e-01,-1.227328286301638399e-01,1.038734374778227121e+01,2.220219588668320698e-02,2.318341997574413851e-02,2.217119789072855701e-02,2.240858357524343897e-02,1.508400475683757125e-01,1.541371934412129052e-01,1.507347117633528744e-01,1.515395170025873595e-01
1.824999999999999956e-01,3.969412801648530137e-02,4.552591198267329220e-02,7.135641147447803478e-02,6.463802853293179607e-02,9.696202521561986254e-02,-1.413206192656990545e-01,8.369402406600054412e-02,6.654228190424506251e-02,9.754976105922057439e-01,-1.224049875762079492e-01,1.038852769682908672e+01,2.219683138212261847e-02,2.319163108224228664e-02,2.216656060974730655e-02,2.240488825567882661e-02,1.508455095843066751e-01,1.541886982823445218e-01,1.507426172423217414e-01,1.515508184531536295e-01
1.849999999999999978e-01,3.963306018383850465e-02,4.559746480645333888e-02,7.141013908572339808e-02,6.464680170519779279e-02,9.756577591526226223e-02,-1.406685284745292364e-01,8.373800936488770552e-02,6.768919305030614286e-02,9.751920080257164836e-01,-1.220770496093204205e-01,1.038972643705161225e+01,2.219143465903918380e-02,2.319980725502830340e-02,2.216192185341088125e-02,2.240112926040778094e-02,1.508508019279003187e-01,1.542400373250656376e-01,1.507504588978213489e-01,1.515618470538000195e-01
1.875000000000000000e-01,3.957208971698691208e-02,4.566897154954414895e-02,7.146366789468752700e-02,6.465368331183278527e-02,9.816882479972889597e-02,-1.400171542774045208e-01,8.378169607566225696e-02,6.883413865120430186e-02,9.748872254234575152e-01,-1.217490164849281131e-01,1.039093995024410333e+01,2.218600578045321417e-02,2.320794849687664654e-02,2.215728163960386035e-02,2.239730673137949046e-02,1.508559246399724108e-01,1.542912104559641395e-01,1.507582367026831238e-01,1.515726030421367110e-01
1.900000000000000022e-01,3.951121809389150641e-02,4.574043141569134746e-02,7.151699831711592903e-02,6.465867701682133373e-02,9.877117056875947543e-02,-1.393664901270111334e-01,8.382508465202320735e-02,6.997710599750259219e-02,9.745832630211260783e-01,-1.214208899602975816e-01,1.039216821823522707e+01,2.218054480956114030e-02,2.321605481039622221e-02,2.215263998617207283e-02,2.239342081173079785e-02,1.508608777625788100e-01,1.543422175613922975e-01,1.507659506301367580e-01,1.515830866601802773e-01
1.925000000000000044e-01,3.945044677931885957e-02,4.581184360531020960e-02,7.157013076902909998e-02,6.466178669905697785e-02,9.937281200635110501e-02,-1.387165295222607952e-01,8.386817554883022052e-02,7.111808272968346556e-02,9.742801210500242615e-01,-1.210926717943114905e-01,1.039341122288994157e+01,2.217505180972999257e-02,2.322412619803209538e-02,2.214799691092253844e-02,2.238947164576233356e-02,1.508656613390001455e-01,1.543930585274760070e-01,1.507736006538116513e-01,1.515932981542845448e-01
1.950000000000000067e-01,3.938977722476218191e-02,4.588320731552725240e-02,7.162306566667858698e-02,6.466301645217058247e-02,9.997374798039168620e-02,-1.380672660078776370e-01,8.391096922205291964e-02,7.225705683579018712e-02,9.739777997370560048e-01,-1.207643637472477494e-01,1.039466894611136105e+01,2.216952684449191233e-02,2.323216266206718991e-02,2.214335243162342259e-02,2.238545937891477447e-02,1.508702754137269952e-01,1.544437332401238372e-01,1.507811867477380496e-01,1.516032377750719251e-01
1.975000000000000089e-01,3.932921086836579927e-02,4.595452174022229136e-02,7.167580342650300973e-02,6.466237058435746199e-02,1.005739774422551303e-01,-1.374186931739866391e-01,8.395346612871984471e-02,7.339401664900498112e-02,9.736762993047216597e-01,-1.204359675805610347e-01,1.039594136984262818e+01,2.216396997753869100e-02,2.324016420462397814e-02,2.213870656600399819e-02,2.238138415774523077e-02,1.508747200324448701e-01,1.544942415850364403e-01,1.507887088863484604e-01,1.516129057773650257e-01
2.000000000000000111e-01,3.926874913485403629e-02,4.602578607006998362e-02,7.172834446508333239e-02,6.465985361820333899e-02,1.011734994263596837e-01,-1.367708046557019330e-01,8.399566672686721580e-02,7.452895084516618363e-02,9.733756199711178780e-01,-1.201074850566667546e-01,1.039722847606873835e+01,2.215838127271633345e-02,2.324813082766616010e-02,2.213405933175459708e-02,2.237724612990376824e-02,1.508789952420190872e-01,1.545445834477152391e-01,1.507961670444786795e-01,1.516223024201184266e-01
2.025000000000000133e-01,3.920839343546381195e-02,4.609699949258180135e-02,7.178068919909666445e-02,6.465547029050898453e-02,1.017723130496888118e-01,-1.361235941327157695e-01,8.403757147548646111e-02,7.566184844022827427e-02,9.730757619499337263e-01,-1.197789179387275943e-01,1.039853024681839067e+01,2.215276079401965609e-02,2.325606253300031845e-02,2.212941074652657533e-02,2.237304544411006235e-02,1.508831010904801151e-01,1.545947587134715306e-01,1.508035611973690959e-01,1.516314279663510678e-01
2.050000000000000155e-01,3.914814516788096138e-02,4.616816119214756098e-02,7.183283804527072769e-02,6.464922555211351229e-02,1.023704175112760267e-01,-1.354770553288886792e-01,8.407918083447227242e-02,7.679269878766752100e-02,9.727767254504501304e-01,-1.194502679904420051e-01,1.039984666416579628e+01,2.214710860558692304e-02,2.326395932227758728e-02,2.212476082793227161e-02,2.236878225013018417e-02,1.508870376270083635e-01,1.546447672674352014e-01,1.508108913206657742e-01,1.516402826830786088e-01
2.075000000000000178e-01,3.908800571618095687e-02,4.623927035007709824e-02,7.188479142033678271e-02,6.464112456771600734e-02,1.029678120916546619e-01,-1.348311820118409388e-01,8.412049526456935600e-02,7.792149157583698471e-02,9.724785106775373222e-01,-1.191215369758357456e-01,1.040117771023247784e+01,2.214142477169451020e-02,2.327182119699527582e-02,2.212010959354498291e-02,2.236445669875354939e-02,1.508908049019195563e-01,1.546946089945635261e-01,1.508181573904216755e-01,1.516488668412465379e-01
2.099999999999999922e-01,3.902797645077284855e-02,4.631032614464172803e-02,7.193654974098220856e-02,6.463117271569540634e-02,1.035644961522717566e-01,-1.341859679925452853e-01,8.416151522731940560e-02,7.904821682527327087e-02,9.721811178316563939e-01,-1.187927266590550757e-01,1.040252336718905468e+01,2.213570935675161430e-02,2.327964815849851293e-02,2.211545706089892635e-02,2.236006894176999910e-02,1.508944029666497433e-01,1.547442837796496884e-01,1.508253593830974626e-01,1.516571807156632812e-01
2.124999999999999944e-01,3.896805872834743084e-02,4.638132775111575290e-02,7.198811342380256884e-02,6.461937558792842096e-02,1.041604691348691908e-01,-1.335414071249222956e-01,8.420224118500715949e-02,8.017286488595899707e-02,9.718845471088576327e-01,-1.184638388041627105e-01,1.040388361725703170e+01,2.212996242529499322e-02,2.328744020798185349e-02,2.211080324748922535e-02,2.235561913194704028e-02,1.508978318737405344e-01,1.547937915073314408e-01,1.508324972755628324e-01,1.516652245849339775e-01
2.149999999999999967e-01,3.890825389182916288e-02,4.645227434181745108e-02,7.203948288525291455e-02,6.460573898960475514e-02,1.047557305608300404e-01,-1.328974933054373198e-01,8.424267360060648524e-02,8.129542643454248929e-02,9.715887987007814086e-01,-1.181348751749360382e-01,1.040525844271053835e+01,2.212418404198376529e-02,2.329519734649088819e-02,2.210614817077187835e-02,2.235110742300723888e-02,1.509010916768245836e-01,1.548431320620993201e-01,1.508395710450973481e-01,1.516729987313945038e-01
2.174999999999999989e-01,3.884856327033172491e-02,4.652316508615036983e-02,7.209065854159910081e-02,6.459026893903992150e-02,1.053502800304934178e-01,-1.322542204727003012e-01,8.428281293772615923e-02,8.241589247151913378e-02,9.712938727946592854e-01,-1.178058375346672931e-01,1.040664782587806769e+01,2.211837427159422942e-02,2.330291957492383256e-02,2.210149184816374152e-02,2.234653396960577590e-02,1.509041824306107671e-01,1.548923053283052520e-01,1.508465806693914391e-01,1.516805034410458886e-01
2.200000000000000011e-01,3.878898817911730079e-02,4.659399915064406372e-02,7.214164080886742436e-02,6.457297166748532380e-02,1.059441172224364625e-01,-1.316115826070677897e-01,8.432265966055460527e-02,8.353425431837717408e-02,9.709997695733154632e-01,-1.174767276459663112e-01,1.040805174914422437e+01,2.211253317901475113e-02,2.331060689403310904e-02,2.209683429704250787e-02,2.234189892730815974e-02,1.509071041908696953e-01,1.549413111901705720e-01,1.508535261265473715e-01,1.516877390034892803e-01
2.225000000000000033e-01,3.872952991955976726e-02,4.666477569899475653e-02,7.219243010279513539e-02,6.455385361893428708e-02,1.065372418927261478e-01,-1.309695737302494500e-01,8.436221423380527162e-02,8.465050361470932705e-02,9.707064892151688884e-01,-1.171475472705651721e-01,1.040947019495138903e+01,2.210666082924068326e-02,2.331825930442691514e-02,2.209217553474670040e-02,2.233720245256810150e-02,1.509098570144192519e-01,1.549901495317942135e-01,1.508604073950800262e-01,1.516947057118610553e-01
2.250000000000000056e-01,3.867018977911120675e-02,4.673549389210589905e-02,7.224302683877932563e-02,6.453292144992553436e-02,1.071296538741396270e-01,-1.303281879049163205e-01,8.440147712266107827e-02,8.576463231529492248e-02,9.704140318942350296e-01,-1.168182981691251177e-01,1.041090314580144671e+01,2.210075728736934572e-02,2.332587680657078125e-02,2.208751557857566508e-02,2.233244470270557072e-02,1.509124409591102167e-01,1.550388202371608959e-01,1.508672244539178975e-01,1.517014038627687300e-01
2.275000000000000078e-01,3.861096903127227836e-02,4.680615288812794983e-02,7.229343143182594134e-02,6.451018202934116763e-02,1.077213530753558940e-01,-1.296874192343134558e-01,8.444044879271873916e-02,8.687663268715403730e-02,9.701223977801290976e-01,-1.164889821010457044e-01,1.041235058425743887e+01,2.209482261859505026e-02,2.333345940078911107e-02,2.208285444578955356e-02,2.232762583588501423e-02,1.509148560838119990e-01,1.550873231901489790e-01,1.508739772824039815e-01,1.517078337562270118e-01
2.300000000000000100e-01,3.855186893556607902e-02,4.687675184249875948e-02,7.234364429649804695e-02,6.448564243820104069e-02,1.083123394801181194e-01,-1.290472618618762057e-01,8.447912970993287640e-02,8.798649730657649715e-02,9.698315870380707082e-01,-1.161596008242756078e-01,1.041381249294521183e+01,2.208885688820417387e-02,2.334100708726671858e-02,2.207819215360932660e-02,2.232274601109373452e-02,1.509171024483983437e-01,1.551356582745382073e-01,1.508806658602962480e-01,1.517139956955943503e-01
2.325000000000000122e-01,3.849289073751539086e-02,4.694728990798271995e-02,7.239366584686365846e-02,6.445930996945223312e-02,1.089026131463683850e-01,-1.284077099708511305e-01,8.451752034055975971e-02,8.909421905612939507e-02,9.695415998288851034e-01,-1.158301560951258968e-01,1.041528885455506881e+01,2.208286016157030157e-02,2.334851986605034416e-02,2.207352871921675758e-02,2.231780538812046591e-02,1.509191801137335087e-01,1.551838253740177587e-01,1.508872901677688894e-01,1.517198899875101537e-01
2.350000000000000144e-01,3.843403566862368947e-02,4.701776623471033700e-02,7.244349649644335476e-02,6.443119212775193227e-02,1.094921742053549946e-01,-1.277687577839202449e-01,8.455562115110101806e-02,9.019979112164377977e-02,9.692524363090104789e-01,-1.155006496680850842e-01,1.041677965184336685e+01,2.207683250414940387e-02,2.335599773705017076e-02,2.206886415975442550e-02,2.231280412753411380e-02,1.509210891416579436e-01,1.552318243721936830e-01,1.508938501854125980e-01,1.517255169418321170e-01
2.375000000000000167e-01,3.837530494635921913e-02,4.708817997021681745e-02,7.249313665815709795e-02,6.440129662924541643e-02,1.100810228607134733e-01,-1.271303995628314809e-01,8.459343260824694899e-02,9.130320698918494016e-02,9.689640966304999825e-01,-1.151710832956359398e-01,1.041828486763412620e+01,2.207077398147509403e-02,2.336344070004131579e-02,2.206419849232573241e-02,2.230774239066267775e-02,1.509228295949748555e-01,1.552796551525966740e-01,1.509003458942356490e-01,1.517308768715743827e-01
2.399999999999999911e-01,3.831669977414268319e-02,4.715853025948081589e-02,7.254258674427087328e-02,6.436963140133727945e-02,1.106691593875222951e-01,-1.264926296080320645e-01,8.463095517881961960e-02,9.240446044200781306e-02,9.686765809410285977e-01,-1.148414587280744970e-01,1.041980448482059707e+01,2.206468465915392696e-02,2.337084875466532291e-02,2.205953173399490333e-02,2.230262033957235504e-02,1.509244015374362757e-01,1.553273175986894794e-01,1.509067772756643444e-01,1.517359700928459232e-01
2.424999999999999933e-01,3.825822134133816804e-02,4.722881624496261255e-02,7.259184716634291268e-02,6.433620458245477292e-02,1.112565841313336856e-01,-1.258554422583081922e-01,8.466818932971605094e-02,9.350354555749926244e-02,9.683898893838993605e-01,-1.145117777133306536e-01,1.042133848636684590e+01,2.205856460286076751e-02,2.337822190043163315e-02,2.205486390178701059e-02,2.229743813704682109e-02,1.509258050337293489e-01,1.553748115938742569e-01,1.509131443115436788e-01,1.517407969247893396e-01
2.449999999999999956e-01,3.819987082324727279e-02,4.729903706664178448e-02,7.264091833516947427e-02,6.430102452180487538e-02,1.118432975071807917e-01,-1.252188318904297604e-01,8.470513552785097211e-02,9.460045670411114382e-02,9.681040220980474675e-01,-1.141820419967906758e-01,1.042288685530924930e+01,2.205241387833421426e-02,2.338556013671904896e-02,2.205019501268797727e-02,2.229219594656670425e-02,1.509270401494632319e-01,1.554221370215000397e-01,1.509194469841380615e-01,1.517453576895205214e-01
2.474999999999999978e-01,3.814164938110652797e-02,4.736919186205444665e-02,7.268980066073027491e-02,6.426409977912196647e-02,1.124292999985618546e-01,-1.245827929188009359e-01,8.474179424009947725e-02,9.569518853828563876e-02,9.678189792180482698e-01,-1.138522533211212134e-01,1.042444957475805545e+01,2.204623255137209276e-02,2.339286346277719836e-02,2.204552508364460844e-02,2.228689393228923399e-02,1.509281069511555773e-01,1.554692937648699813e-01,1.509256852761318435e-01,1.517496527120684169e-01
2.500000000000000000e-01,3.808355816208786743e-02,4.743927976633023624e-02,7.273849455213364512e-02,6.422543912440709102e-02,1.130145921564020828e-01,-1.239473197951147798e-01,8.477816593323973804e-02,9.678773600137365041e-02,9.675347608741248218e-01,-1.135224134260953421e-01,1.042602662789885848e+01,2.204002068782701454e-02,2.340013187772796432e-02,2.204085413156460505e-02,2.228153225902808690e-02,1.509290055062193214e-01,1.555162817072483217e-01,1.509318591706298174e-01,1.517536823203153862e-01
2.525000000000000022e-01,3.802559829930218793e-02,4.750929991222876958e-02,7.278700041756101802e-02,6.418505153765798055e-02,1.135991745979946926e-01,-1.233124070080163642e-01,8.481425107389542473e-02,9.787809431655150605e-02,9.672513671921538769e-01,-1.131925240484198125e-01,1.042761799799409239e+01,2.203377835360198489e-02,2.340736538056692809e-02,2.203618217331660203e-02,2.227611109223341657e-02,1.509297358829498614e-01,1.555631007318676040e-01,1.509379686511578278e-01,1.517574468449381930e-01
2.550000000000000044e-01,3.796777091180606606e-02,4.757925143017539132e-02,7.283531866421177892e-02,6.414294620858870810e-02,1.141830480059210229e-01,-1.226780490827694137e-01,8.485005012847797456e-02,9.896625898573482849e-02,9.669687982936741033e-01,-1.128625869215643396e-01,1.042922366838446813e+01,2.202750561464610068e-02,2.341456397016478813e-02,2.203150922573018228e-02,2.227063059797206382e-02,1.509302981505121211e-01,1.556097507219356968e-01,1.509440137016632988e-01,1.517609466193493850e-01
2.575000000000000067e-01,3.791007710461107016e-02,4.764913344829665998e-02,7.288344969824700481e-02,6.409913253633886532e-02,1.147662131269517743e-01,-1.220442405809307740e-01,8.488556356312905449e-02,1.000522257864939896e-01,9.666870542958957424e-01,-1.125326037755916830e-01,1.043084362249044261e+01,2.202120253695030033e-02,2.342172764526877921e-02,2.202683530559592165e-02,2.226509094290796478e-02,1.509306923789277832e-01,1.556562315606425939e-01,1.509499943065154559e-01,1.517641819796390068e-01
2.600000000000000089e-01,3.785251796869654184e-02,4.771894509245527133e-02,7.293139392473355076e-02,6.405362012917095726e-02,1.153486707709291959e-01,-1.214109761000310983e-01,8.492079184366303768e-02,1.011359907689712151e-01,9.664061353117073816e-01,-1.122025763369900037e-01,1.043247784381361143e+01,2.201486918654318656e-02,2.342885640450406703e-02,2.202216042966542373e-02,2.225949229428274972e-02,1.509309186390628832e-01,1.557025431311672703e-01,1.509559104505061311e-01,1.517671532645172849e-01
2.625000000000000111e-01,3.779509458102445207e-02,4.778868548628435048e-02,7.297915174758735912e-02,6.400641880415630647e-02,1.159304218096313122e-01,-1.207782502732613061e-01,8.495573543550861972e-02,1.022175502528029495e-01,9.661260414496861681e-01,-1.118725063285058996e-01,1.043412631593812279e+01,2.200850562948691511e-02,2.343595024637515692e-02,2.201748461465135448e-02,2.225383481989652579e-02,1.509309770026154296e-01,1.557486853166844820e-01,1.509617621188499570e-01,1.517698608152572848e-01
2.650000000000000133e-01,3.773780800455767137e-02,4.785835375122121649e-02,7.302672356951712962e-02,6.395753858684771753e-02,1.165114671756196374e-01,-1.201460577691663562e-01,8.499039480365161436e-02,1.032969008240478548e-01,9.658467728141075792e-01,-1.115423954689791913e-01,1.043578902253203999e+01,2.200211193187316325e-02,2.344300916926726416e-02,2.201280787722748739e-02,2.224811868808886095e-02,1.509308675421031365e-01,1.557946580003713166e-01,1.509675492971846722e-01,1.517723049756383724e-01
2.675000000000000155e-01,3.768065928828050887e-02,4.792794900654050172e-02,7.307410979196704570e-02,6.390698971093906888e-02,1.170918078610708735e-01,-1.195143932913460966e-01,8.502477041257690271e-02,1.043740393321228727e-01,9.655683295049553028e-01,-1.112122454731788446e-01,1.043746594734870925e+01,2.199568815981916073e-02,2.345003317144770880e-02,2.200813023402875546e-02,2.224234406771993799e-02,1.509305903308514329e-01,1.558404610654138267e-01,1.509732719715716487e-01,1.517744860918901484e-01
2.700000000000000178e-01,3.762364946722215886e-02,4.799747036938698669e-02,7.312131081505976460e-02,6.385478261791045773e-02,1.176714449165925380e-01,-1.188832515781627908e-01,8.505886272621068778e-02,1.054489628867495282e-01,9.652907116179303415e-01,-1.108820580516399756e-01,1.043915707422808836e+01,2.198923437946380399e-02,2.345702225106726865e-02,2.200345170165128594e-02,2.223651112815192357e-02,1.509301454429818057e-01,1.558860943950135525e-01,1.509789301284961693e-01,1.517764045126368255e-01
2.725000000000000200e-01,3.756677956248218736e-02,4.806691695480735937e-02,7.316832703753908818e-02,6.380092795665887051e-02,1.182503794500256167e-01,-1.182526274024557067e-01,8.509267220786270736e-02,1.065216688549106422e-01,9.650139192444637803e-01,-1.105518349105021614e-01,1.044086238709806658e+01,2.198275065696382244e-02,2.346397640616154981e-02,2.199877229665246972e-02,2.223062003923051769e-02,1.509295329533998087e-01,1.559315578723939888e-01,1.509845237548676500e-01,1.517780605888422174e-01
2.750000000000000222e-01,3.751005058125926606e-02,4.813628787578144025e-02,7.321515885671235624e-02,6.374543658311282446e-02,1.188286126252328795e-01,-1.176225155712630616e-01,8.512619932016866897e-02,1.075921548578206571e-01,9.647379524717265564e-01,-1.102215777513486650e-01,1.044258186997574711e+01,2.197623705849004530e-02,2.347089563465234313e-02,2.199409203555100986e-02,2.222467097126669747e-02,1.509287529377839054e-01,1.559768513808068024e-01,1.509900528380199725e-01,1.517794546737550043e-01
2.775000000000000244e-01,3.745346351688143977e-02,4.820558224325332403e-02,7.326180666839260391e-02,6.368831955983118853e-02,1.194061456608745547e-01,-1.169929109255515298e-01,8.515944452503233786e-02,1.086604187679098277e-01,9.644628113826417826e-01,-1.098912882710468830e-01,1.044431550696873323e+01,2.196969365022372403e-02,2.347777993434896002e-02,2.198941093482698061e-02,2.221866409501863787e-02,1.509278054725740337e-01,1.560219748035382437e-01,1.509955173657117067e-01,1.517805871228548875e-01
2.800000000000000266e-01,3.739701934883950946e-02,4.827479916616083527e-02,7.330827086684096883e-02,6.362958815558462933e-02,1.199829798291728589e-01,-1.163638083399527318e-01,8.519240828356827722e-02,1.097264587058241758e-01,9.641884960558961826e-01,-1.095609681615894448e-01,1.044606328227636816e+01,2.196312049835293101e-02,2.348462930294958548e-02,2.198472901092188639e-02,2.221259958167384752e-02,1.509266906349605031e-01,1.560669280239153078e-01,1.510009173261263604e-01,1.517814582937987711e-01
2.825000000000000289e-01,3.734071904282187243e-02,4.834393775146539340e-02,7.335455184470836276e-02,6.356925384491943221e-02,1.205591164546643834e-01,-1.157352027225082153e-01,8.522509105604419988e-02,1.107902730374436540e-01,9.639150065659528588e-01,-1.092306191099364499e-01,1.044782518019097495e+01,2.195651766906905195e-02,2.349144373804259653e-02,2.198004628023873461e-02,2.220647760283147795e-02,1.509254085028732539e-01,1.561117109253118695e-01,1.510062527078724626e-01,1.517820685463679709e-01
2.850000000000000311e-01,3.728456355075224216e-02,4.841299710418024010e-02,7.340064999297742088e-02,6.350732830770272619e-02,1.211345569129442246e-01,-1.151070890144205161e-01,8.525749330182350039e-02,1.118518603709166281e-01,9.636423429830639487e-01,-1.089002427978583293e-01,1.044960118509905200e+01,2.194988522856332336e-02,2.349822323710790140e-02,2.197536275914210510e-02,2.220029833048482379e-02,1.509239591549708659e-01,1.561563233911546777e-01,1.510115234999838407e-01,1.517824182424154511e-01
2.875000000000000333e-01,3.722855381082897097e-02,4.848197632739861124e-02,7.344656570090427050e-02,6.344382342864866853e-02,1.217093026293991076e-01,-1.144794621898139741e-01,8.528961547930845322e-02,1.129112195537166352e-01,9.633705053732837253e-01,-1.085698409017794575e-01,1.045139128148247920e+01,2.194322324302348109e-02,2.350496779751825444e-02,2.197067846395821603e-02,2.219406193700401708e-02,1.509223426706303717e-01,1.562007653049296008e-01,1.510167296919196767e-01,1.517825077458138383e-01
2.899999999999999800e-01,3.717269074756671121e-02,4.855087452232090955e-02,7.349229935596014729e-02,6.337875129682435382e-02,1.222833550779334338e-01,-1.138523172555014062e-01,8.532145804588255056e-02,1.139683496697179860e-01,9.630994937984826976e-01,-1.082394150926227344e-01,1.045319545391967608e+01,2.193653177863045742e-02,2.351167741654057106e-02,2.196599341097500019e-02,2.218776859511891603e-02,1.509205591299366822e-01,1.562450365501871496e-01,1.510218712735646174e-01,1.517823374224038790e-01
2.924999999999999822e-01,3.711697527183967227e-02,4.861969078828108637e-02,7.353785134377292809e-02,6.331212420513510075e-02,1.228567157796866260e-01,-1.132256492507598411e-01,8.535302145785408912e-02,1.150232500362947247e-01,9.628293083163608213e-01,-1.079089670356542657e-01,1.045501368708674939e+01,2.192981090155517523e-02,2.351835209133723917e-02,2.196130761644218832e-02,2.218141847790216364e-02,1.509186086136726501e-01,1.562891370105486677e-01,1.510269482352288584e-01,1.517819076399433420e-01
2.949999999999999845e-01,3.706140828092711198e-02,4.868842422277239873e-02,7.358322204806852507e-02,6.324395464978831150e-02,1.234293863017445064e-01,-1.125994532471137621e-01,8.538430617039893811e-02,1.160759202014417235e-01,9.625599489804619324e-01,-1.075784983903289860e-01,1.045684596575862102e+01,2.192306067795540478e-02,2.352499181896742717e-02,2.195662109657138886e-02,2.217501175875245464e-02,1.509164912033090777e-01,1.563330665697121313e-01,1.510319605676481713e-01,1.517812187680565861e-01
2.974999999999999867e-01,3.700599065856022968e-02,4.875707392147242414e-02,7.362841185061264060e-02,6.317425532973489077e-02,1.240013682558445823e-01,-1.119737243481263578e-01,8.541531263750450076e-02,1.171263599409210210e-01,9.622914158401887352e-01,-1.072480108101366431e-01,1.045869227481012942e+01,2.191628117397271397e-02,2.353159659638838150e-02,2.195193386753617124e-02,2.216854861137796881e-02,1.509142069809950859e-01,1.563768251114576457e-01,1.510369082619840431e-01,1.517802711781842673e-01
2.999999999999999889e-01,3.695072327497124498e-02,4.882563897826705523e-02,7.367342113115181446e-02,6.310303914608790532e-02,1.245726632970760167e-01,-1.113484576891985295e-01,8.544604131191277374e-02,1.181745692554320715e-01,9.620237089408177900e-01,-1.069175059424479490e-01,1.046055259921711666e+01,2.190947245572947774e-02,2.353816642045672772e-02,2.194724594547215260e-02,2.216202920978000909e-02,1.509117560295485105e-01,1.564204125196533290e-01,1.510417913098233977e-01,1.517790652435339616e-01
3.024999999999999911e-01,3.689560698694342028e-02,4.889411848527402960e-02,7.371825026735509545e-02,6.303031920151705436e-02,1.251432731225749218e-01,-1.107236484373761154e-01,8.547649264506457234e-02,1.192205483678085154e-01,9.617568283235156112e-01,-1.065869854283616469e-01,1.046242692405749253e+01,2.190263458932598800e-02,2.354470128792976111e-02,2.194255734647709843e-02,2.215545372823681664e-02,1.509091384324466323e-01,1.564638286782608634e-01,1.510466097031788746e-01,1.517776013390309542e-01
3.049999999999999933e-01,3.684064263786338000e-02,4.896251153286560603e-02,7.376289963475528288e-02,6.295610879961939521e-02,1.257131994702166966e-01,-1.100992917911650243e-01,8.550666708704360297e-02,1.202642977202421359e-01,9.614907740253528790e-01,-1.062564509025509807e-01,1.046431523451229317e+01,2.189576764083762603e-02,2.355120119546673385e-02,2.193786808661100582e-02,2.214882234128755581e-02,1.509063542738172947e-01,1.565070734713409906e-01,1.510513634344885503e-01,1.517758798412696397e-01
3.074999999999999956e-01,3.678583105777431805e-02,4.903081720968983231e-02,7.380736960669048718e-02,6.288042144426411739e-02,1.262824441173054646e-01,-1.094753829803547934e-01,8.553656508652057733e-02,1.213058179715336971e-01,9.612255460793230899e-01,-1.059259039931111923e-01,1.046621751586666704e+01,2.188887167631211814e-02,2.355766613963015260e-02,2.193317818189620752e-02,2.214213522371651088e-02,1.509034036384296895e-01,1.565501467830590632e-01,1.510560524966159113e-01,1.517739011284653938e-01
3.099999999999999978e-01,3.673117306343091915e-02,4.909903460269217368e-02,7.385166055424545462e-02,6.280327083891146245e-02,1.268510088792606794e-01,-1.088519172658486411e-01,8.556618709069800655e-02,1.223451099943721337e-01,9.609611445143564357e-01,-1.055953463214066301e-01,1.046813375351092290e+01,2.188194676176687115e-02,2.356409611688705524e-02,2.192848764831746566e-02,2.213539255053743535e-02,1.509002866116859465e-01,1.565930484976905679e-01,1.510606768828497704e-01,1.517716655804070558e-01
3.125000000000000000e-01,3.667666945835535569e-02,4.916716279713513604e-02,7.389577284619322506e-02,6.272467088590552575e-02,1.274188956083033286e-01,-1.082288899395045523e-01,8.559553354525503699e-02,1.233821748726436629e-01,9.606975693553394535e-01,-1.052647795019181071e-01,1.047006393294147841e+01,2.187499296318638417e-02,2.357049112361029458e-02,2.192379650182208622e-02,2.212859449697809552e-02,1.508970032796125849e-01,1.566357784996262881e-01,1.510652365869041003e-01,1.517691735784094387e-01
3.150000000000000022e-01,3.662232103289477653e-02,4.923520087661770184e-02,7.393970684893658163e-02,6.264463568573869212e-02,1.279861061921414578e-01,-1.076062963239803050e-01,8.562460489429248034e-02,1.244170138987690521e-01,9.604348206231307916e-01,-1.049342051420902033e-01,1.047200803976185135e+01,2.186801034651974021e-02,2.357685115607982898e-02,2.191910475832001617e-02,2.212174123846499807e-02,1.508935537288521866e-01,1.566783366733777993e-01,1.510697316029177839e-01,1.517664255052668665e-01
3.175000000000000044e-01,3.656812856427973935e-02,4.930314792309369726e-02,7.398346292644980560e-02,6.256317953628902362e-02,1.285526425526552774e-01,-1.069841317725899049e-01,8.565340158027845430e-02,1.254496285710726688e-01,9.601728983345794166e-01,-1.046036248421783610e-01,1.047396605968357086e+01,2.186099897767818101e-02,2.358317621048399218e-02,2.191441243368395797e-02,2.211483295060827706e-02,1.508899380466555140e-01,1.567207229035827432e-01,1.510741619254545032e-01,1.517634217452068501e-01
3.200000000000000067e-01,3.651409281668370477e-02,4.937100301688947951e-02,7.402704144022027866e-02,6.248031693202753256e-02,1.291185066445837415e-01,-1.063623916691660842e-01,8.568192404399399553e-02,1.264800205911807696e-01,9.599118025025428214e-01,-1.042730401950961172e-01,1.047593797852713315e+01,2.185395892253275130e-02,2.358946628292078393e-02,2.190971954374947711e-02,2.210786980918677536e-02,1.508861563208735712e-01,1.567629370750099616e-01,1.510785275495024615e-01,1.517601626838442075e-01
3.225000000000000089e-01,3.646021454128377248e-02,4.943876523672048606e-02,7.407044274919061255e-02,6.239606256319687322e-02,1.296837004542125138e-01,-1.057410714279310160e-01,8.571017272447943591e-02,1.275081918614517917e-01,9.596515331359057877e-01,-1.039424527862617964e-01,1.047792378222289500e+01,2.184689024691202630e-02,2.359572136939913634e-02,2.190502610431512703e-02,2.210085199013329255e-02,1.508822086399499718e-01,1.568049790725646875e-01,1.510828284704741897e-01,1.517566487081358495e-01
3.250000000000000111e-01,3.640649447632205576e-02,4.950643365970713861e-02,7.411366720970040400e-02,6.231043131495937748e-02,1.302482259980644874e-01,-1.051201664933752444e-01,8.573814805898052893e-02,1.285341444824375234e-01,9.593920902395984829e-01,-1.036118641934451051e-01,1.047992345681194060e+01,2.183979301659991559e-02,2.360194146584020450e-02,2.190033213114255667e-02,2.209377966952000630e-02,1.508780950929136389e-01,1.568468487812937628e-01,1.510870646842061849e-01,1.517528802063358162e-01
3.275000000000000133e-01,3.635293334716804131e-02,4.957400736138989350e-02,7.415671517542858637e-02,6.222343826651409449e-02,1.308120853215925250e-01,-1.044996723401438177e-01,8.576585048289556146e-02,1.295578807503776353e-01,9.591334738146171102e-01,-1.032812759866133800e-01,1.048193698844698396e+01,2.183266729733355019e-02,2.360812656807863980e-02,2.189563763995663881e-02,2.208665302354406723e-02,1.508738157693713666e-01,1.568885460863905790e-01,1.510912361869585496e-01,1.517488575679507568e-01
3.300000000000000155e-01,3.629953186638160828e-02,4.964148541574313345e-02,7.419958699733557317e-02,6.213509869018213339e-02,1.313752804978768618e-01,-1.038795844729299145e-01,8.579328042972240997e-02,1.305794031547241885e-01,9.588756838580424491e-01,-1.029506897277771699e-01,1.048396436339318072e+01,2.182551315480123558e-02,2.361427667186387705e-02,2.189094264644559154e-02,2.207947222851336724e-02,1.508693707595011313e-01,1.569300708732001837e-01,1.510953429754147703e-01,1.517445811836961034e-01
3.325000000000000178e-01,3.624629073377693550e-02,4.970886689518853180e-02,7.424228302360588727e-02,6.204542805046022597e-02,1.319378136263263113e-01,-1.032598984263769087e-01,8.582043833100611030e-02,1.315987143757011424e-01,9.586187203630605058e-01,-1.026201069708355951e-01,1.048600556802897721e+01,2.181833065464049495e-02,2.362039177286141128e-02,2.188624716626111355e-02,2.207223746083247090e-02,1.508647601540449579e-01,1.569714230272241939e-01,1.510993850466813004e-01,1.517400514454523563e-01
3.350000000000000200e-01,3.619321063648676950e-02,4.977615087060729276e-02,7.428480359959067914e-02,6.195444200304041360e-02,1.324996868313838838e-01,-1.026406097649872201e-01,8.584732461628696853e-02,1.326158172818943104e-01,9.583625833189823862e-01,-1.022895292614210694e-01,1.048806058884690984e+01,2.181111986243618184e-02,2.362647186665408489e-02,2.188155121501849862e-02,2.206494889698871337e-02,1.508599840443027307e-01,1.570126024341259030e-01,1.511033623982871166e-01,1.517352687462219241e-01
3.375000000000000222e-01,3.614029224902742116e-02,4.984333641135152426e-02,7.432714906775082786e-02,6.186215639379667036e-02,1.330609022612397607e-01,-1.020217140830380759e-01,8.587393971304871365e-02,1.336307149278757878e-01,9.581072727112663889e-01,-1.019589581367432995e-01,1.049012941245440089e+01,2.180388084371866209e-02,2.363251694874337130e-02,2.187685480829678134e-02,2.205760671353847527e-02,1.508550425221253655e-01,1.570536089797348878e-01,1.511072750281832466e-01,1.517302334800865182e-01
3.400000000000000244e-01,3.608753623336419941e-02,4.991042258525484054e-02,7.436931976759994511e-02,6.176858725773749087e-02,1.336214620865477931e-01,-1.014032070045063905e-01,8.590028404666767703e-02,1.346434105518609370e-01,9.578527885215379900e-01,-1.016283951254326468e-01,1.049221202557454014e+01,2.179661366396209304e-02,2.363852701455065874e-02,2.187215796163887241e-02,2.205021108709361369e-02,1.508499356799089530e-01,1.570944425500520603e-01,1.511111229347424645e-01,1.517249460421647711e-01
3.425000000000000266e-01,3.603494323897703938e-02,4.997740845864200032e-02,7.441131603564769825e-02,6.167375081792286079e-02,1.341813684991517985e-01,-1.007850841829979610e-01,8.592635804036159730e-02,1.356539075733978472e-01,9.575991307276119358e-01,-1.012978417473827386e-01,1.049430841504682199e+01,2.178931838858275127e-02,2.364450205941855121e-02,2.186746069055168704e-02,2.204276219430804928e-02,1.508446636105887084e-01,1.571351030312544417e-01,1.511149061167585961e-01,1.517194068285703801e-01
3.450000000000000289e-01,3.598251390292673407e-02,5.004429309633757345e-02,7.445313820534359139e-02,6.157766348434651205e-02,1.347406237108163540e-01,-1.001673413016863912e-01,8.595216211513978521e-02,1.366622095910911827e-01,9.573462993035143365e-01,-1.009672995135922208e-01,1.049641856782789162e+01,2.178199508293745743e-02,2.365044207861215220e-02,2.186276301050629409e-02,2.203526021186453382e-02,1.508392264076331146e-01,1.571755903096999363e-01,1.511186245734461586e-01,1.517136162363706409e-01
3.475000000000000311e-01,3.593024884992127715e-02,5.011107556167380267e-02,7.449478660702064936e-02,6.148034185278119373e-02,1.352992299519684416e-01,-9.954997407325742731e-02,8.597769668975294155e-02,1.376683203803577282e-01,9.570942942195056480e-01,-1.006367699260057175e-01,1.049854247099226789e+01,2.177464381232206356e-02,2.365634706732036227e-02,2.185806493693805835e-02,2.202770531646155647e-02,1.508336241650383991e-01,1.572159042719319111e-01,1.511222783044396945e-01,1.517075746635453415e-01
3.500000000000000333e-01,3.587814869238238613e-02,5.017775491649752867e-02,7.453626156783969836e-02,6.138180270358846446e-02,1.358571894704451444e-01,-9.893297823985995609e-02,8.600296218064393261e-02,1.386722438912166566e-01,9.568431154421022100e-01,-1.003062544773536124e-01,1.050068011173304150e+01,2.176726464197001332e-02,2.366221702065719051e-02,2.185336648524679320e-02,2.202009768480042706e-02,1.508278569773231770e-01,1.572560448046840809e-01,1.511258673097932159e-01,1.517012825089461281e-01
3.524999999999999800e-01,3.582621403051197695e-02,5.024433022117634484e-02,7.457756341173397974e-02,6.128206300048977262e-02,1.364145045302517234e-01,-9.831634957306466249e-02,8.602795900189903755e-02,1.396739842461110770e-01,9.565927629341007821e-01,-9.997575465099110825e-02,1.050283147736256240e+01,2.175985763705098192e-02,2.366805193366304863e-02,2.184866767079689590e-02,2.201243749357249813e-02,1.508219249395232331e-01,1.572960117948850323e-01,1.511293915899796503e-01,1.516947401722561761e-01
3.549999999999999822e-01,3.577444545235909656e-02,5.031080053460359330e-02,7.461869245935361106e-02,6.118113988930108660e-02,1.369711774103298529e-01,-9.770008387382764226e-02,8.605268756519916795e-02,1.406735457377642495e-01,9.563432366546009700e-01,-9.964527192073582840e-02,1.050499655531310772e+01,2.175242286266958897e-02,2.367385180130606240e-02,2.184396850891750716e-02,2.200472491944655690e-02,1.508158281471865259e-01,1.573358051296629145e-01,1.511328511458900625e-01,1.516879480539504166e-01
3.574999999999999845e-01,3.572284353388635592e-02,5.037716491420270171e-02,7.465964902801110192e-02,6.107905069662802194e-02,1.375272104033344045e-01,-9.708417697246177203e-02,8.607714827977257233e-02,1.416709328270665535e-01,9.560945365590305389e-01,-9.931480775070471168e-02,1.050717533313752838e+01,2.174496038386417029e-02,2.367961661848338659e-02,2.183926901490267081e-02,2.199696013905635614e-02,1.508095666963684134e-01,1.573754246963498526e-01,1.511362459788331281e-01,1.516809065552559288e-01
3.599999999999999867e-01,3.567140883903652249e-02,5.044342241593060411e-02,7.470043343162650895e-02,6.097581292852289475e-02,1.380826058144219715e-01,-9.646862472861328364e-02,8.610134155234694386e-02,1.426661501409968447e-01,9.558466625991689503e-01,-9.898436359514942162e-02,1.050936779850989211e+01,2.173747026560563303e-02,2.368534638002252682e-02,2.183456920401148291e-02,2.198914332898831148e-02,1.508031406836270460e-01,1.574148703824866935e-01,1.511395760905342167e-01,1.516736160781127774e-01
3.624999999999999889e-01,3.562014191979898103e-02,5.050957209428012101e-02,7.474104598067361771e-02,6.087144426910195971e-02,1.386373659600511066e-01,-9.585342303124402830e-02,8.612526778710304087e-02,1.436592024705751203e-01,9.555996147231727855e-01,-9.865394089829046531e-02,1.051157393922610339e+01,2.172995257279638354e-02,2.369104108068266143e-02,2.182986909146825139e-02,2.198127466576933753e-02,1.507965502060188701e-01,1.574541420758273080e-01,1.511428414831348654e-01,1.516660770251353763e-01
3.649999999999999911e-01,3.556904331627568083e-02,5.057561300228161083e-02,7.478148698212586098e-02,6.076596257912270094e-02,1.391914931667924404e-01,-9.523856779862048538e-02,8.614892738562797414e-02,1.446500947688472705e-01,9.553533928756007265e-01,-9.832354109415016030e-02,1.051379374320448612e+01,2.172240737026931087e-02,2.369670071515597026e-02,2.182516869246266256e-02,2.197335432585484014e-02,1.507897953610944641e-01,1.574932396643432542e-01,1.511460421591918069e-01,1.516582897995739643e-01
3.674999999999999933e-01,3.551811355674731191e-02,5.064154419150381642e-02,7.482175673940308358e-02,6.065938589452109231e-02,1.397449897701529276e-01,-9.462405497830718437e-02,8.617232074686995147e-02,1.456388321489017756e-01,9.551079969974386463e-01,-9.799316560638407503e-02,1.051602719848640888e+01,2.171483472278685004e-02,2.370232527806897388e-02,2.182046802214994072e-02,2.196538248561684739e-02,1.507828762468945427e-01,1.575321630362280789e-01,1.511491781216763308e-01,1.516502548052768018e-01
3.699999999999999956e-01,3.546735315773849595e-02,5.070736471205354590e-02,7.486185555231857081e-02,6.055173242490773794e-02,1.402978581134110003e-01,-9.400988054716653830e-02,8.619544826709267527e-02,1.466254198819173238e-01,9.548634270261278090e-01,-9.766281584811113692e-02,1.051827429323681784e+01,2.170723469504010766e-02,2.370791476398387623e-02,2.181576709565102162e-02,2.195735932133228985e-02,1.507757929619458481e-01,1.575709120799016483e-01,1.511522493739732298e-01,1.516419724466521735e-01
3.724999999999999978e-01,3.541676262408313680e-02,5.077307361257477059e-02,7.490178371702652105e-02,6.044302055202252499e-02,1.408501005464658506e-01,-9.339604051136271567e-02,8.621831033983111403e-02,1.476098633952419859e-01,9.546196828955885172e-01,-9.733249322174213070e-02,1.052053501574481764e+01,2.169960735164806059e-02,2.371346916739991081e-02,2.181106592805271208e-02,2.194928500917142644e-02,1.507685456052577366e-01,1.576094866840147268e-01,1.511552559198800771e-01,1.516334431286313067e-01
3.750000000000000000e-01,3.536634244898884810e-02,5.083866994024681396e-02,7.494154152596980978e-02,6.033326882814799702e-02,1.414017194246994513e-01,-9.278253090637091083e-02,8.624090735584730161e-02,1.485921682705026448e-01,9.543767645362496443e-01,-9.700219911880691992e-02,1.052280935442420429e+01,2.169195275715681687e-02,2.371898848275469721e-02,2.180636453440786687e-02,2.194115972518641614e-02,1.507611342763184592e-01,1.576478867374531134e-01,1.511581977636063112e-01,1.516246672566313181e-01
3.775000000000000022e-01,3.531609311410122132e-02,5.090415274078153446e-02,7.498112926782850296e-02,6.022249597448042086e-02,1.419527171078530103e-01,-9.216934779699181846e-02,8.626323970308680256e-02,1.495723402417443726e-01,9.541346718750750577e-01,-9.667193491977946196e-02,1.052509729781399272e+01,2.168427097603893572e-02,2.372447270442560111e-02,2.180166292973556574e-02,2.193298364530001446e-02,1.507535590750918031e-01,1.576861121293420265e-01,1.511610749097720419e-01,1.516156452365185758e-01
3.800000000000000044e-01,3.526601508956726805e-02,5.096952105841985603e-02,7.502054722746868964e-02,6.011072087945797116e-02,1.425030959589168866e-01,-9.155648727736991066e-02,8.628530776663648205e-02,1.505503851936000614e-01,9.538934048355901529e-01,-9.634170199390201805e-02,1.052739883457893200e+01,2.167656207269282737e-02,2.372992182673111516e-02,2.179696112902127988e-02,2.192475694529442617e-02,1.507458201020140942e-01,1.577241627490504339e-01,1.511638873634074953e-01,1.516063774745725068e-01
3.825000000000000067e-01,3.521610883409826559e-02,5.103477393592735500e-02,7.505979568589156437e-02,5.999796259704660156e-02,1.430528583430360490e-01,-9.094394547101579407e-02,8.630711192868151249e-02,1.515263091594882816e-01,9.536529633379131621e-01,-9.601150169900685150e-02,1.052971395351000083e+01,2.166882611144219789e-02,2.373533584393222248e-02,2.179225914721705931e-02,2.191647980080028632e-02,1.507379174579908943e-01,1.577620384861951053e-01,1.511666351299515154e-01,1.515968643774494029e-01
3.850000000000000089e-01,3.516637479503201963e-02,5.109991041458917388e-02,7.509887492018331445e-02,5.988424034498213838e-02,1.436020066264299955e-01,-9.033171853083310499e-02,8.632865256846437851e-02,1.525001183198405053e-01,9.534133472987811331e-01,-9.568133538133667682e-02,1.053204264352489083e+01,2.166106315653557393e-02,2.374071475023378439e-02,2.178755699924170980e-02,2.190815238728578002e-02,1.507298512443943916e-01,1.577997392306449975e-01,1.511693182152508141e-01,1.515871063521469775e-01
3.875000000000000111e-01,3.511681340839423182e-02,5.116492953420386652e-02,7.513778520346557632e-02,5.976957350296903393e-02,1.441505431753271338e-01,-8.971980263914930420e-02,8.634993006224379875e-02,1.534718190003560856e-01,9.531745566315803497e-01,-9.535120437536306892e-02,1.053438489366848607e+01,2.165327327214587941e-02,2.374605853978594208e-02,2.178285469998097329e-02,2.189977488004589759e-02,1.507216215630605427e-01,1.578372648725254179e-01,1.511719366255587227e-01,1.515771038059689491e-01
3.900000000000000133e-01,3.506742509895918042e-02,5.122983033307663969e-02,7.517652680484614158e-02,5.965398161083500933e-02,1.446984703549173967e-01,-8.910819400774862287e-02,8.637094478325441083e-02,1.544414176702848807e-01,9.529365912463759747e-01,-9.502111000360320692e-02,1.053674069311329831e+01,2.164545652237006429e-02,2.375136720668550444e-02,2.177815226428771525e-02,2.189134745419182501e-02,1.507132285162865459e-01,1.578746153022219656e-01,1.511744903675341645e-01,1.515668571464900971e-01
3.925000000000000155e-01,3.501821028030958211e-02,5.129461184801174800e-02,7.521509998937037089e-02,5.953748436664180882e-02,1.452457905283177086e-01,-8.849688887791051783e-02,8.639169710166720584e-02,1.554089209407359118e-01,9.526994510499420254e-01,-9.469105357643439747e-02,1.053911003115994127e+01,2.163761297122881663e-02,2.375664074497736700e-02,2.177344970698210855e-02,2.188287028464045228e-02,1.507046722068285105e-01,1.579117904103849168e-01,1.511769794482403229e-01,1.515563667815214843e-01
3.950000000000000178e-01,3.496916935489529504e-02,5.135927311430429215e-02,7.525350501797298253e-02,5.942010162475078877e-02,1.457925060555562979e-01,-8.788588352044850172e-02,8.641218738455040682e-02,1.563743355630136944e-01,9.524631359457916835e-01,-9.436103639190704384e-02,1.054149289723753746e+01,2.162974268266630931e-02,2.376187914865592402e-02,2.176874704285182774e-02,2.187434354610403447e-02,1.506959527378991803e-01,1.579487900879331663e-01,1.511794038751435587e-01,1.515456331190761508e-01
3.975000000000000200e-01,3.492030271409154313e-02,5.142381316573081673e-02,7.529174214743072913e-02,5.930185339384441007e-02,1.463386192925719698e-01,-8.727517423575388567e-02,8.643241599583129098e-02,1.573376684269783554e-01,9.522276458342094907e-01,-9.403105973555529740e-02,1.054388928090413557e+01,2.162184572055001613e-02,2.376708241166649443e-02,2.176404428665223295e-02,2.186576741307996730e-02,1.506870702131657136e-01,1.579856142260582241e-01,1.511817636561120226e-01,1.515346565673348911e-01
4.000000000000000222e-01,3.487161073825569696e-02,5.148823103453954719e-02,7.532981163031542138e-02,5.918275983490235009e-02,1.468841325902313089e-01,-8.666475735384074341e-02,8.645238329625863638e-02,1.582989265594317019e-01,9.519929806122803262e-01,-9.370112488020583552e-02,1.054629917184714394e+01,2.161392214867058348e-02,2.377225052790675128e-02,2.175934145310656764e-02,2.185714205984068750e-02,1.506780247367479619e-01,1.580222627162284066e-01,1.511840587994146279e-01,1.515234375346127815e-01
4.025000000000000244e-01,3.482309379678330541e-02,5.155252575143982191e-02,7.536771371494761784e-02,5.906284125913237315e-02,1.474290482933623969e-01,-8.605462923439349820e-02,8.647208964336572379e-02,1.592581171225276315e-01,9.517591401739243784e-01,-9.337123308578450243e-02,1.054872255988369112e+01,2.160597203074175743e-02,2.377738349122817188e-02,2.175463855690615289e-02,2.184846766042371907e-02,1.506688164132164165e-01,1.580587354501926389e-01,1.511862893137193298e-01,1.515119764293252624e-01
4.050000000000000266e-01,3.477475224816303778e-02,5.161669634559067771e-02,7.540544864535085601e-02,5.894211812585588989e-02,1.479733687398066266e-01,-8.544478626681611955e-02,8.649153539143396296e-02,1.602152474122043591e-01,9.515261244099285642e-01,-9.304138559912096540e-02,1.055115943496101849e+01,2.159799543040036296e-02,2.378248129543748465e-02,2.174993561271057821e-02,2.183974438862181650e-02,1.506594453475905981e-01,1.580950323199845631e-01,1.511884552080919597e-01,1.515002736599552480e-01
4.075000000000000289e-01,3.472658644003042555e-02,5.168074184458875536e-02,7.544301666120646621e-02,5.882061104034762289e-02,1.485170962594872246e-01,-8.483522487028329062e-02,8.651072089145755983e-02,1.611703248566408730e-01,9.512939332079781707e-01,-9.271158365375095634e-02,1.055360978715686393e+01,2.158999241120632823e-02,2.378754393429812625e-02,2.174523263514790278e-02,2.183097241797326074e-02,1.506499116453375309e-01,1.581311532179263402e-01,1.511905564919948652e-01,1.514883296350200692e-01
4.100000000000000311e-01,3.467859670922038284e-02,5.174466127445571939e-02,7.548041799780944028e-02,5.869834075162969761e-02,1.490602331734968422e-01,-8.422594149379257489e-02,8.652964649110872486e-02,1.621233570147341541e-01,9.510625664526919376e-01,-9.238182846971665363e-02,1.055607360667979755e+01,2.158196303664278518e-02,2.379257140153171954e-02,2.174052963881486361e-02,2.182215192175225235e-02,1.506402154123703263e-01,1.581670980366327306e-01,1.511925931752853280e-01,1.514761447630388891e-01
4.125000000000000333e-01,3.463078338181888732e-02,5.180845365962463700e-02,7.551765288602425852e-02,5.857532815022005457e-02,1.496027817932026049e-01,-8.361693261621798434e-02,8.654831253470346430e-02,1.630743515745980698e-01,9.508320240256565858e-01,-9.205212125336444118e-02,1.055855088386958229e+01,2.157390737011618750e-02,2.379756369081953427e-02,2.173582663827706291e-02,2.181328307295945373e-02,1.506303567550466294e-01,1.582028666690146468e-01,1.511945652682139263e-01,1.514637194525002561e-01
4.150000000000000355e-01,3.458314677321312064e-02,5.187211802292610724e-02,7.555472155224200737e-02,5.845159426583389217e-02,1.501447444193690361e-01,-8.300819474636389472e-02,8.656671936316825966e-02,1.640233163520816440e-01,9.506023058054587915e-01,-9.172246319714080776e-02,1.056104160919751145e+01,2.156582547495651189e-02,2.380252079580398930e-02,2.173112364806917968e-02,2.180436604431262165e-02,1.506203357801677856e-01,1.582384590082832887e-01,1.511964727814233966e-01,1.514510541118302134e-01
4.174999999999999822e-01,3.453568718814034599e-02,5.193565338557327993e-02,7.559162421833767742e-02,5.832716026503988183e-02,1.506861233413012147e-01,-8.239972442301915501e-02,8.658486731400738545e-02,1.649702592893074748e-01,9.503734116677223787e-01,-9.139285547938577614e-02,1.056354577326672128e+01,2.155771741441748351e-02,2.380744271009013410e-02,2.172642068269517793e-02,2.179540100823738544e-02,1.506101525949775644e-01,1.582738749479538631e-01,1.511983157259466082e-01,1.514381491493602405e-01
4.199999999999999845e-01,3.448840492073580039e-02,5.199905876714677744e-02,7.562836110162871051e-02,5.820204744886987164e-02,1.512269208360046135e-01,-8.179151821501282060e-02,8.660275672127133728e-02,1.659151884532280297e-01,9.501453414851432910e-01,-9.106329926412382036e-02,1.056606336681251790e+01,2.154958325167686053e-02,2.381232942724716486e-02,2.172171775662850440e-02,2.178638813685812928e-02,1.505998073071611043e-01,1.583091143818491364e-01,1.512000941132051468e-01,1.514250049732958625e-01
4.224999999999999867e-01,3.444130025457901867e-02,5.206233318557871442e-02,7.566493241483351895e-02,5.807627725038189137e-02,1.517671391673650616e-01,-8.118357272126784652e-02,8.662038791552524597e-02,1.668581120341995627e-01,9.499180951275253415e-01,-9.073379570085275680e-02,1.056859438070267743e+01,2.154142304983675676e-02,2.381718094080992679e-02,2.171701488431230717e-02,2.177732760198899942e-02,1.505893000248442470e-01,1.583441772041035145e-01,1.512018079550075944e-01,1.514116219916853689e-01
4.249999999999999889e-01,3.439437346273889473e-02,5.212547565713583630e-02,7.570133836603155919e-02,5.794987123217761049e-02,1.523067805853480228e-01,-8.057588457085546052e-02,8.663776122381897093e-02,1.677990383445729927e-01,9.496916724618168493e-01,-9.040434592433002625e-02,1.057113880593773736e+01,2.153323687192402330e-02,2.382199724428043716e-02,2.171231208015963338e-02,2.176821957512502237e-02,1.505786308565925935e-01,1.583790633091664291e-01,1.512034572635477525e-01,1.513980006123887001e-01
4.274999999999999911e-01,3.434762480781736876e-02,5.218848519640289368e-02,7.573757915862330825e-02,5.782285108387223704e-02,1.528458473252156669e-01,-7.996845042304850937e-02,8.665487696965722131e-02,1.687379758173000455e-01,9.494660733521484985e-01,-9.007495105435685268e-02,1.057369663365128787e+01,2.152502478089066140e-02,2.382677833112941540e-02,2.170760935855365129e-02,2.175906422743334456e-02,1.505677999114108934e-01,1.584137725918061401e-01,1.512050420514028104e-01,1.513841412430466937e-01
4.299999999999999933e-01,3.430105454199174758e-02,5.225136081626464285e-02,7.577365499129157245e-02,5.769523861951956351e-02,1.533843416067651733e-01,-7.936126696737380581e-02,8.667173547297085667e-02,1.696749330045551063e-01,9.492412976598693097e-01,-8.974561219555945990e-02,1.057626785511023648e+01,2.151678683961427696e-02,2.383152419479782000e-02,2.170290673384785846e-02,2.174986172974457954e-02,1.505568072987426287e-01,1.584483049471133442e-01,1.512065623315317631e-01,1.513700442910507205e-01
4.324999999999999956e-01,3.425466290705574818e-02,5.231410152788777690e-02,7.580956605796337899e-02,5.756705577498952286e-02,1.539222656335851314e-01,-7.875433092366269927e-02,8.668833705008889556e-02,1.706099185763693404e-01,9.490173452435870516e-01,-8.941633043716833151e-02,1.057885246171508697e+01,2.150852311089859401e-02,2.383623482869839591e-02,2.169820422036629684e-02,2.174061225254428353e-02,1.505456531284692367e-01,1.584826602705046716e-01,1.512080181172732185e-01,1.513557101635122915e-01
4.349999999999999978e-01,3.420845013445866084e-02,5.237670634070221154e-02,7.584531254777247822e-02,5.743832460529991329e-02,1.544596215923319249e-01,-7.814763904210082768e-02,8.670468201371117623e-02,1.715429413192797459e-01,9.487942159592052116e-01,-8.908710685279477848e-02,1.058145044500017740e+01,2.150023365747398205e-02,2.384091022621722539e-02,2.169350183240376442e-02,2.173131596596452816e-02,1.505343375109099158e-01,1.585168384577264056e-01,1.512094094223436491e-01,1.513411392672330269e-01
4.375000000000000000e-01,3.416241644534368654e-02,5.243917426238204477e-02,7.588089464502292825e-02,5.730906728190218041e-02,1.549964116520258228e-01,-7.754118810327498279e-02,8.672077067288216923e-02,1.724740101349886701e-01,9.485719096599634081e-01,-8.875794250020506426e-02,1.058406179663395186e+01,2.149191854199805282e-02,2.384555038071529617e-02,2.168879958422603380e-02,2.172197303977559807e-02,1.505228605568212641e-01,1.585508394048577574e-01,1.512107362608354211e-01,1.513263320086749852e-01
4.400000000000000022e-01,3.411656205058426206e-02,5.250150429882564224e-02,7.591631252915295724e-02,5.717930608992032038e-02,1.555326379633677203e-01,-7.693497491821778278e-02,8.673660333296492886e-02,1.734031340390342346e-01,9.483504261964764703e-01,-8.842883842109185155e-02,1.058668650841917547e+01,2.148357782705626398e-02,2.385015528553006275e-02,2.168409749007007767e-02,2.171258364337779259e-02,1.505112223773970026e-01,1.585846630083145303e-01,1.512119986472146849e-01,1.513112887939312146e-01
4.425000000000000044e-01,3.407088715081921931e-02,5.256369545413575733e-02,7.595156637470040772e-02,5.704906342534499936e-02,1.560683026580741983e-01,-7.632899632845088767e-02,8.675218029561670985e-02,1.743303221594722785e-01,9.481297654167757383e-01,-8.809979564084344239e-02,1.058932457229317592e+01,2.147521157516258869e-02,2.385472493397703189e-02,2.167939556414427704e-02,2.170314794579334544e-02,1.504994230842678915e-01,1.586183091648523946e-01,1.512131965963194047e-01,1.512960100286962761e-01
4.450000000000000067e-01,3.402539193648630722e-02,5.262574673059892266e-02,7.598665635126811146e-02,5.691836179218044689e-02,1.566034078482337888e-01,-7.572324920602323262e-02,8.676750185876470900e-02,1.752555837355654067e-01,9.479099271663493642e-01,-8.777081516831013175e-02,1.059197598032807264e+01,2.146681984876019564e-02,2.385925931935134470e-02,2.167469382062864672e-02,2.169366611565845190e-02,1.504874627895014527e-01,1.586517777715703292e-01,1.512143301233571102e-01,1.512804961182374619e-01
4.475000000000000089e-01,3.398007658785435342e-02,5.268765712866447376e-02,7.602158262349086038e-02,5.678722379954709298e-02,1.571379556256833621e-01,-7.511773045354826206e-02,8.678256831658305581e-02,1.761789281164816701e-01,9.476909112881845010e-01,-8.744189799556834064e-02,1.059464072473097218e+01,2.145840271022218110e-02,2.386375843492936563e-02,2.166999227367505734e-02,2.168413832121541054e-02,1.504753416056021365e-01,1.586850687259139803e-01,1.512153992439028427e-01,1.512647474673658177e-01
4.500000000000000111e-01,3.393494127505358726e-02,5.274942564692348262e-02,7.605634535100266880e-02,5.665567215873734686e-02,1.576719480614031665e-01,-7.451243700423558491e-02,8.679737995947033047e-02,1.771003647599981301e-01,9.474727176228092684e-01,-8.711304509768173776e-02,1.059731879784418496e+01,2.144996022185232873e-02,2.386822227397028887e-02,2.166529093740745399e-02,2.167456473030486899e-02,1.504630596455111546e-01,1.587181819256787974e-01,1.512164039738967680e-01,1.512487644804076936e-01
4.525000000000000133e-01,3.388998615810481785e-02,5.281105128208676835e-02,7.609094468840510439e-02,5.652372968022727207e-02,1.582053872049341003e-01,-7.390736582192010407e-02,8.681193707402809490e-02,1.780199032312126950e-01,9.472553460083357191e-01,-8.678425743246029334e-02,1.060001019214543128e+01,2.144149244588589714e-02,2.387265082971773422e-02,2.166058982592208512e-02,2.166494551035818422e-02,1.504506170226067308e-01,1.587511172690134753e-01,1.512173443296420672e-01,1.512325475611764614e-01
4.550000000000000155e-01,3.384521138694673165e-02,5.287253302896312290e-02,7.612538078523656271e-02,5.639141927064249965e-02,1.587382750838139678e-01,-7.330251390108702414e-02,8.682623994304027037e-02,1.789375532012593972e-01,9.470387962805031368e-01,-8.645553594021644639e-02,1.060271490024801011e+01,2.143299944449044564e-02,2.387704409540136741e-02,2.165588895328772120e-02,2.165528082838989732e-02,1.504380138507040443e-01,1.587838746544229795e-01,1.512182203278024661e-01,1.512160971129443976e-01
4.575000000000000178e-01,3.380061710146198967e-02,5.293386988043693314e-02,7.615965378594230506e-02,5.625876392967948947e-02,1.592706137030336089e-01,-7.269787826689097510e-02,8.684028884545352822e-02,1.798533244460274183e-01,9.468230682727216685e-01,-8.612688154351864911e-02,1.060543291490100515e+01,2.142448127976668767e-02,2.388140206423851331e-02,2.165118833354588712e-02,2.164557085099029846e-02,1.504252502440555916e-01,1.588164539807717934e-01,1.512190319853999043e-01,1.511994135384149285e-01
4.600000000000000200e-01,3.375620343150130542e-02,5.299506082744554619e-02,7.619376382984506535e-02,5.612578674698260467e-02,1.598024050445145949e-01,-7.209345597517191617e-02,8.685408405635766660e-02,1.807672268448841657e-01,9.466081618161187317e-01,-8.579829514694256587e-02,1.060816422898944644e+01,2.141593801374936518e-02,2.388572472943579009e-02,2.164648798071108077e-02,2.163581574431813065e-02,1.504123263173512137e-01,1.588488551472868604e-01,1.512197793198120088e-01,1.511824972396948741e-01
4.625000000000000222e-01,3.371197049690657921e-02,5.305610485895652373e-02,7.622771105111751655e-02,5.599251089897644418e-02,1.603336510666061587e-01,-7.148924411246543320e-02,8.686762584696852696e-02,1.816792703793985997e-01,9.463940767395818687e-01,-8.546977763681924689e-02,1.061090883553448627e+01,2.140736970840815406e-02,2.389001208419072250e-02,2.164178790877100550e-02,2.162601567409336636e-02,1.503992421857184292e-01,1.588810780535607481e-01,1.512204623487696797e-01,1.511653486182672756e-01
4.650000000000000244e-01,3.366791840753185355e-02,5.311700096194438975e-02,7.626149557875436247e-02,5.585895964565489730e-02,1.608643537036029414e-01,-7.088523979600665215e-02,8.688091448461000843e-02,1.825894651320666695e-01,9.461808128698059317e-01,-8.514132988098138677e-02,1.061366672769356256e+01,2.139877642564861140e-02,2.389426412169338640e-02,2.163708813168679912e-02,2.161617080559012985e-02,1.503859979647227951e-01,1.589131225995546737e-01,1.512210810903545088e-01,1.511479680749642229e-01
4.675000000000000266e-01,3.362404726326319315e-02,5.317774812136737139e-02,7.629511753654624751e-02,5.572515632732606000e-02,1.613945148652826678e-01,-7.028144017373059993e-02,8.689395023269791407e-02,1.834978212850351675e-01,9.459683700313409327e-01,-8.481295272850619682e-02,1.061643789876054278e+01,2.139015822731311564e-02,2.389848083512804977e-02,2.163238866339325245e-02,2.160628130362969926e-02,1.503725937703679905e-01,1.589449886856010297e-01,1.512216355629960041e-01,1.511303560099398480e-01
4.700000000000000289e-01,3.358035715403669824e-02,5.323834532014386223e-02,7.632857704305427704e-02,5.559112436131465051e-02,1.619241364364648050e-01,-6.967784242426407204e-02,8.690673335072465755e-02,1.844043491188256667e-01,9.457567480466357868e-01,-8.448464700945620964e-02,1.061922234216588734e+01,2.138151517518186578e-02,2.390266221767480687e-02,2.162768951779904872e-02,2.159634733257363021e-02,1.503590297190964542e-01,1.589766762124068533e-01,1.512221257854692025e-01,1.511125128226439018e-01
4.725000000000000311e-01,3.353684815985518569e-02,5.329879153912875367e-02,7.636187421158550925e-02,5.545688723862095965e-02,1.624532202765882338e-01,-6.907444375691289273e-02,8.691926409424446942e-02,1.853090590110545444e-01,9.455459467360899373e-01,-8.415641353461748853e-02,1.062202005147679351e+01,2.137284733097387021e-02,2.390680826251123658e-02,2.162299070878698909e-02,2.158636905631698688e-02,1.503453059277894688e-01,1.590081850810560748e-01,1.512225517768915894e-01,1.510944389117951370e-01
4.750000000000000333e-01,3.349352035080325335e-02,5.335908575708959295e-02,7.639500915016929350e-02,5.532246852053827879e-02,1.629817682193109296e-01,-6.847124141164211142e-02,8.693154271485982465e-02,1.862119614351508967e-01,9.453359659180998742e-01,-8.382825309523492252e-02,1.062483102039731087e+01,2.136415475634798056e-02,2.391091896281404353e-02,2.161829225021422857e-02,2.157634663828168070e-02,1.503314225137676041e-01,1.590395151930125150e-01,1.512229135567205729e-01,1.510761346753551615e-01
4.775000000000000355e-01,3.345037378706069986e-02,5.341922695068249821e-02,7.642798196153491319e-02,5.518789183522761904e-02,1.635097820721286010e-01,-6.786823265904916302e-02,8.694356946020879995e-02,1.871130669590687357e-01,9.451268054091080950e-01,-8.350016646274530108e-02,1.062765524276849760e+01,2.135543751290393602e-02,2.391499431176071291e-02,2.161359415591249805e-02,2.156628024140991653e-02,1.503173795947912450e-01,1.590706664501225220e-01,1.512232111447504856e-01,1.510576005105026265e-01
4.799999999999999822e-01,3.340740851891463303e-02,5.347921409442828872e-02,7.646079274308958951e-02,5.505318087425178225e-02,1.640372636160136732e-01,-6.726541480032974252e-02,8.695534457395284744e-02,1.880123862439952720e-01,9.449184650236542860e-01,-8.317215438850750209e-02,1.063049271256853601e+01,2.134669566218342848e-02,2.391903430253117593e-02,2.160889643968834373e-02,2.155617002815774647e-02,1.503031772890607298e-01,1.591016387546174971e-01,1.512234445611096989e-01,1.510388368136073856e-01
4.824999999999999845e-01,3.336462458676986431e-02,5.353904616068819178e-02,7.649344158689801165e-02,5.491835938906802772e-02,1.645642146050749488e-01,-6.666278516723683767e-02,8.696686829576606714e-02,1.889099300430511497e-01,9.447109445744246159e-01,-8.284421760353048725e-02,1.063334342391284437e+01,2.133792926567118498e-02,2.392303892830945078e-02,2.160419911532334911e-02,2.154601616048874499e-02,1.502888157152169057e-01,1.591324320091165034e-01,1.512236138262575968e-01,1.510198439802050707e-01
4.849999999999999867e-01,3.332202202115793627e-02,5.359872211963970928e-02,7.652592857966253326e-02,5.478345118748042392e-02,1.650906367662371144e-01,-6.606034112203085229e-02,8.697814086132514555e-02,1.898057091999838797e-01,9.445042438723035838e-01,-8.251635681819841084e-02,1.063620737105420311e+01,2.132913838479606403e-02,2.392700818228531839e-02,2.159950219657438136e-02,2.153581879986776748e-02,1.502742949923414895e-01,1.591630461166286536e-01,1.512237189609816068e-01,1.510006224049718904e-01
4.874999999999999889e-01,3.327960084274458885e-02,5.365824093925231075e-02,7.655825380270463165e-02,5.464848013005274563e-02,1.656165317989406194e-01,-6.545808005742344282e-02,8.698916250230009917e-02,1.906997346478525035e-01,9.442983627264258661e-01,-8.218857272199360520e-02,1.063908454838284356e+01,2.132032308093216935e-02,2.393094205765597393e-02,2.159480569717380991e-02,2.152557810725484744e-02,1.502596152399574003e-01,1.591934809805555517e-01,1.512237599863939796e-01,1.509811724816996770e-01
4.899999999999999911e-01,3.323736106233574072e-02,5.371760158526343865e-02,7.659041733194692225e-02,5.451347012648183332e-02,1.661419013748609286e-01,-6.485599939651105761e-02,8.699993344634608661e-02,1.915920174077036520e-01,9.440933009442293855e-01,-8.186086598321659635e-02,1.064197495042657948e+01,2.131148341539998436e-02,2.393484054762768515e-02,2.159010963082974924e-02,2.151529424309918392e-02,1.502447765780290656e-01,1.592237365046933750e-01,1.512237369239286811e-01,1.509614946032709626e-01
4.924999999999999933e-01,3.319530268088217301e-02,5.377680302115403488e-02,7.662241923789676890e-02,5.437844513193197671e-02,1.666667471376485632e-01,-6.425409659270117646e-02,8.701045391709615051e-02,1.924825685872349479e-01,9.438890583315062699e-01,-8.153323724870395472e-02,1.064487857185087805e+01,2.130261944946750668e-02,2.393870364541746121e-02,2.158541401122628794e-02,2.150496736733324699e-02,1.502297791269630589e-01,1.592538125932355941e-01,1.512236497953383108e-01,1.509415891616348315e-01
4.949999999999999956e-01,3.315342568948238811e-02,5.383584420812442123e-02,7.665425958563037989e-02,5.424342914333186300e-02,1.671910707026884324e-01,-6.365236912962986271e-02,8.702072413415498642e-02,1.933713993794493324e-01,9.436856346924610284e-01,-8.120568714354363393e-02,1.064779540745896291e+01,2.129373124435140346e-02,2.394253134425470414e-02,2.158071885202371767e-02,2.149459763936699408e-02,1.502146230076079614e-01,1.592837091507744995e-01,1.512234986226903832e-01,1.509214565477823011e-01
4.974999999999999978e-01,3.311173006938460117e-02,5.389472410507045730e-02,7.668593843477822247e-02,5.410844619563439512e-02,1.677148736568795095e-01,-6.305081452106908735e-02,8.703074431309321124e-02,1.942585210612954583e-01,9.434830298297616213e-01,-8.087821627078788100e-02,1.065072545219191191e+01,2.128481886121817712e-02,2.394632363738286723e-02,2.157602416685877253e-02,2.148418521808219059e-02,1.501993083412550833e-01,1.593134260823036719e-01,1.512232834283643579e-01,1.509010971517224797e-01
5.000000000000000000e-01,3.307021579198679562e-02,5.395344166855914336e-02,7.671745583951131153e-02,5.397352035803833215e-02,1.682381575584339928e-01,-6.244943031082551832e-02,8.704051466544313054e-02,1.951439449922943714e-01,9.432812435445960819e-01,-8.055082521116346816e-02,1.065366870112870856e+01,2.127588236118533802e-02,2.395008051806112037e-02,2.157132996934486499e-02,2.147373026182685871e-02,1.501838352496385753e-01,1.593429632932198969e-01,1.512230042350480308e-01,1.508805113624589189e-01
5.025000000000000577e-01,3.302888281883576554e-02,5.401199585280508364e-02,7.674881184852894167e-02,5.383867573017586672e-02,1.687609239366958114e-01,-6.184821407263048354e-02,8.705003539869531071e-02,1.960276826131538142e-01,9.430802756367295814e-01,-8.022351452277989847e-02,1.065662514948635753e+01,2.126692180532258752e-02,2.395380197956599455e-02,2.156663627307230796e-02,2.146323292840982000e-02,1.501682038549356224e-01,1.593723206893248312e-01,1.512226610657340375e-01,1.508596995679659936e-01
5.050000000000000044e-01,3.298773110162467326e-02,5.407038560964647078e-02,7.678000650504666902e-02,5.370393643826359975e-02,1.692831742919798654e-01,-6.124716341001757575e-02,8.705930671629562301e-02,1.969097454443646533e-01,9.428801259045602734e-01,-7.989628474083523835e-02,1.065959479261993081e+01,2.125793725465300807e-02,2.395748801519303334e-02,2.156194309160856110e-02,2.145269337509535246e-02,1.501524142797667494e-01,1.594014981768270556e-01,1.512222539437162727e-01,1.508386621551656426e-01
5.075000000000000622e-01,3.294676058218919124e-02,5.412860988852174343e-02,7.681103984678627761e-02,5.356932663121967420e-02,1.698049100954296675e-01,-6.064627595619297151e-02,8.706832881764403620e-02,1.977901450847831533e-01,9.426807941451766926e-01,-7.956913637731907740e-02,1.066257762602264236e+01,2.124892877015426007e-02,2.396113861825844085e-02,2.155725043849845285e-02,2.144211175859798285e-02,1.501364666471959874e-01,1.594304956623436020e-01,1.512217828925863372e-01,1.508173995099044984e-01
5.100000000000000089e-01,3.290597119250254776e-02,5.418666763644595236e-02,7.684191190596617593e-02,5.343487047674689433e-02,1.703261327888950238e-01,-6.004554937389405822e-02,8.707710189809379775e-02,1.986688932101952632e-01,9.424822801544175954e-01,-7.924206992071398947e-02,1.066557364532592622e+01,2.123989641275977891e-02,2.396475378210072282e-02,2.155255832726441986e-02,2.143148823507736583e-02,1.501203610807309297e-01,1.594593130529016467e-01,1.512212479362296524e-01,1.507959120169310441e-01
5.124999999999999556e-01,3.286536285466905294e-02,5.424455779798774413e-02,7.687262270929312580e-02,5.330059215738326694e-02,1.708468437848287003e-01,-5.944498135523761800e-02,8.708562614895178078e-02,1.995460015718631686e-01,9.422845837269301361e-01,-7.891508583569403767e-02,1.066858284629946496e+01,2.123084024335998229e-02,2.396833350008232416e-02,2.154786677140673942e-02,2.142082296013329140e-02,1.501040977043228142e-01,1.594879502559398421e-01,1.512206490988218244e-01,1.507742000598732979e-01
5.150000000000000133e-01,3.282493548091675734e-02,5.430227931524614360e-02,7.690317227795481769e-02,5.316651586652019340e-02,1.713670444662030168e-01,-5.884456962155685394e-02,8.709390175747969143e-02,2.004214819950537185e-01,9.420877046562292634e-01,-7.858818456282148923e-02,1.067160522485127672e+01,2.122176032280348804e-02,2.397187776559125960e-02,2.154317578440376538e-02,2.141011608880081032e-02,1.500876766423666075e-01,1.595164071793099547e-01,1.512199864048248410e-01,1.507522640212165532e-01
5.174999999999999600e-01,3.278468897358832734e-02,5.435983112782815513e-02,7.693356062761411152e-02,5.303266580438959626e-02,1.718867361864445664e-01,-5.824431192322888223e-02,8.710192890689655298e-02,2.012953463775457030e-01,9.418916427347590048e-01,-7.826136651824097679e-02,1.067464077702773828e+01,2.121265671189830754e-02,2.397538657204273740e-02,2.153848537971215019e-02,2.139936777554546712e-02,1.500710980197010047e-01,1.595446837312780308e-01,1.512192598789829645e-01,1.507301042822814241e-01
5.200000000000000178e-01,3.274462322513131685e-02,5.441721217282604467e-02,7.696378776840345770e-02,5.289906617402057726e-02,1.724059202693895010e-01,-5.764420603948947064e-02,8.710970777638170348e-02,2.021676066881187006e-01,9.416963977539545283e-01,-7.793463209337181397e-02,1.067768949901365616e+01,2.120352947141307398e-02,2.397885991288077265e-02,2.153379557076708431e-02,2.138857817425866489e-02,1.500543619616081237e-01,1.595727798205254511e-01,1.512184695463188178e-01,1.507077212232023344e-01
5.224999999999999645e-01,3.270473811808690540e-02,5.447442138479546142e-02,7.699385370492142777e-02,5.276574117716749390e-02,1.729245980092560253e-01,-5.704424977823695925e-02,8.711723854107936149e-02,2.030382749650203045e-01,9.415019695043035375e-01,-7.760798165459800724e-02,1.068075138713228966e+01,2.119437866207823928e-02,2.398229778157979705e-02,2.152910637098252866e-02,2.137774743825312379e-02,1.500374685938135610e-01,1.596006953561501795e-01,1.512176154321294153e-01,1.506851152229059521e-01
5.250000000000000222e-01,3.266503352507775515e-02,5.453145769573319174e-02,7.702375843622948082e-02,5.263271501020859444e-02,1.734427706706372918e-01,-5.644444097582541897e-02,8.712452137210341396e-02,2.039073633144101449e-01,9.413083577754089992e-01,-7.728141554295622773e-02,1.068382643784538999e+01,2.118520434458729534e-02,2.398570017164626186e-02,2.152441779375144359e-02,2.136687572025849219e-02,1.500204180424860867e-01,1.596284302476676797e-01,1.512166975619818610e-01,1.506622866590903997e-01
5.274999999999999689e-01,3.262550930879460492e-02,5.458832003505610653e-02,7.705350195585049244e-02,5.250001186001768821e-02,1.739604394885118366e-01,-5.584477749684436249e-02,8.713155643654416083e-02,2.047748839087835671e-01,9.411155623560532035e-01,-7.695493407382167361e-02,1.068691464775324462e+01,2.117600657959797794e-02,2.398906707662022339e-02,2.151972985244602135e-02,2.135596317241704109e-02,1.500032104342373385e-01,1.596559844050117472e-01,1.512157159617093238e-01,1.506392359082042720e-01
5.300000000000000266e-01,3.258616532198199689e-02,5.464500732957972007e-02,7.708308425176786660e-02,5.236765589980969110e-02,1.744776056682741661e-01,-5.524525723388846316e-02,8.713834389747517062e-02,2.056408489853708277e-01,9.409235830342630447e-01,-7.662853753659200351e-02,1.069001601359469156e+01,2.116678542773347063e-02,2.399239849007692160e-02,2.151504256041791158e-02,2.134500994627951120e-02,1.499858458961214613e-01,1.596833577385351199e-01,1.512146706574065413e-01,1.506159633454261515e-01
5.324999999999999734e-01,3.254700140742283060e-02,5.470151850349753986e-02,7.711250530642636825e-02,5.223567128496024031e-02,1.749942703857816917e-01,-5.464587810731346557e-02,8.714488391396162104e-02,2.065052708445122287e-01,9.407324195973740810e-01,-7.630222619436946574e-02,1.069313053224716370e+01,2.115754094958360518e-02,2.399569440562835179e-02,2.151035593099845378e-02,2.133401619280106409e-02,1.499683245556345523e-01,1.597105501590102006e-01,1.512135616754256562e-01,1.505924693446444584e-01
5.350000000000000311e-01,3.250801739792212597e-02,5.475785247836072178e-02,7.714176509673356663e-02,5.210408214880137695e-02,1.755104347874225090e-01,-5.404663806498127832e-02,8.715117664106972195e-02,2.073681618480104072e-01,9.405420718320982587e-01,-7.597600028364071001e-02,1.069625820072668354e+01,2.114827320570605504e-02,2.399895481692481888e-02,2.150566997749890630e-02,2.132298206233735130e-02,1.499506465407142164e-01,1.597375615776294722e-01,1.512123890423715256e-01,1.505687542784374666e-01
5.374999999999999778e-01,3.246921311628965523e-02,5.481400817305803058e-02,7.717086359406259699e-02,5.197291259839395550e-02,1.760260999901996914e-01,-5.344753508199134862e-02,8.715722222987667966e-02,2.082295344174554530e-01,9.403525395245884155e-01,-7.564986001395512805e-02,1.069939901618789868e+01,2.113898225662752886e-02,2.400217971765647787e-02,2.150098471321067531e-02,2.131190770464073611e-02,1.499328119797390113e-01,1.597643919060058315e-01,1.512111527850975856e-01,1.505448185180539300e-01
5.400000000000000355e-01,3.243058837532200589e-02,5.486998450379636239e-02,7.719980076425617121e-02,5.184218671027775172e-02,1.765412670818348184e-01,-5.284856716040028934e-02,8.716302082748214608e-02,2.090894010325266283e-01,9.401638224605086691e-01,-7.532380556760127910e-02,1.070255297592410137e+01,2.112966816284495009e-02,2.400536910155487078e-02,2.149630015140553685e-02,2.130079326885660207e-02,1.499148210015275040e-01,1.597910410561728667e-01,1.512098529307008832e-01,1.505206624333935150e-01
5.424999999999999822e-01,3.239214297778347101e-02,5.492578038408180846e-02,7.722857656763171263e-02,5.171192852620088570e-02,1.770559371208893784e-01,-5.224973232892921038e-02,8.716857257702062545e-02,2.099477742292664151e-01,9.399759204251019185e-01,-7.499783709928151132e-02,1.070572007736721432e+01,2.112033098482662616e-02,2.400852296239442893e-02,2.149161630533587275e-02,2.128963890351981414e-02,1.498966737353376044e-01,1.598175089405847737e-01,1.512084895065176349e-01,1.504962863929879546e-01
5.450000000000000400e-01,3.235387671638637053e-02,5.498139472470082306e-02,7.725719095898729571e-02,5.158216204882928868e-02,1.775701111369031304e-01,-5.165102864265663785e-02,8.717387761767436682e-02,2.108046665983296653e-01,9.397888332032579006e-01,-7.467195473578469578e-02,1.070890031808780662e+01,2.111097078301341773e-02,2.401164129399398911e-02,2.148693318823488921e-02,2.127844475655129783e-02,1.498783703108656495e-01,1.598437954721164678e-01,1.512070625401184809e-01,1.504716907639824242e-01
5.474999999999999867e-01,3.231578937377047739e-02,5.503682643370239741e-02,7.728564388760943149e-02,5.145291123743752498e-02,1.780837901305525883e-01,-5.105245418270049074e-02,8.717893608468842148e-02,2.116600907832038025e-01,9.396025605795864655e-01,-7.434615857565778085e-02,1.071209369579510806e+01,2.110158761781989051e-02,2.401472409021826460e-02,2.148225081331684230e-02,2.126721097525474322e-02,1.498599108582452655e-01,1.598699005640631943e-01,1.512055720593034613e-01,1.504468759121170562e-01
5.500000000000000444e-01,3.227788072248195805e-02,5.509207441638023367e-02,7.731393529728132485e-02,5.132420000358274559e-02,1.785969750738246598e-01,-5.045400705588528462e-02,8.718374810938520070e-02,2.125140594784042103e-01,9.394171023384851882e-01,-7.402044868887526496e-02,1.071530020833697527e+01,2.109218154963546019e-02,2.401777134497931274e-02,2.147756919377726004e-02,2.125593770631345122e-02,1.498412955080463405e-01,1.598958241301403349e-01,1.512040180920974364e-01,1.504218422017091494e-01
5.524999999999999911e-01,3.224015052495140393e-02,5.514713757525584875e-02,7.734206512629268615e-02,5.119605220676190505e-02,1.791096669102100192e-01,-4.985568539439754615e-02,8.718831381918161483e-02,2.133665854276404761e-01,9.392324582642131992e-01,-7.369482511650755907e-02,1.071851985369991667e+01,2.108275263882551653e-02,2.402078305223799212e-02,2.147288834279316785e-02,2.124462509578729091e-02,1.498225243912738036e-01,1.599215660844828246e-01,1.512024006667448128e-01,1.503965899956353769e-01
5.550000000000000488e-01,3.220259853347137019e-02,5.520201481006207361e-02,7.737003330745065299e-02,5.106849165005480917e-02,1.796218665549123295e-01,-4.925748735542655188e-02,8.719263333760619850e-02,2.142176814219546588e-01,9.390486281409637925e-01,-7.336928787038732303e-02,1.072175263000906398e+01,2.107330094573254750e-02,2.402375920600538506e-02,2.146820827352331068e-02,2.123327328910980596e-02,1.498035976393661817e-01,1.599471263416444855e-01,1.512007198117046869e-01,1.503711196553143559e-01
5.574999999999999956e-01,3.216522449017347740e-02,5.525670501772689258e-02,7.739783976809193333e-02,5.094154207575316007e-02,1.801335748950765592e-01,-4.865941112079333331e-02,8.719670678431769295e-02,2.150673602978327437e-01,9.388656117529372569e-01,-7.304383693277487211e-02,1.072499853552815630e+01,2.106382653067724250e-02,2.402669980034421310e-02,2.146352899910836803e-02,2.122188243108543218e-02,1.497845153841941834e-01,1.599725048165973051e-01,1.511989755556455983e-01,1.503454315406898001e-01
5.600000000000000533e-01,3.212802812700484706e-02,5.531120709235824023e-02,7.742548443009568404e-02,5.081522716097820053e-02,1.806447927900327044e-01,-4.806145489656513115e-02,8.720053427512448885e-02,2.159156349352870097e-01,9.386834088844155932e-01,-7.271847225602229292e-02,1.072825756865952584e+01,2.105432945395957836e-02,2.402960482937021788e-02,2.145885053267118300e-02,2.121045266588687805e-02,1.497652777580591454e-01,1.599977014247303264e-01,1.511971679274404234e-01,1.503195260102138386e-01
5.625000000000000000e-01,3.209100916570396117e-02,5.536551992522912441e-02,7.745296720989844341e-02,5.068957051328666641e-02,1.811555210715583009e-01,-4.746361691265631177e-02,8.720411592200549844e-02,2.167625182559095864e-01,9.385020193198378990e-01,-7.239319376223540825e-02,1.073152972794408200e+01,2.104480977585989135e-02,2.403247428725354545e-02,2.145417288731696695e-02,2.119898413705261289e-02,1.497458848936912001e-01,1.600227160818487038e-01,1.511952969561609073e-01,1.502934034208306124e-01
5.650000000000000577e-01,3.205416731777661898e-02,5.541964240476352638e-02,7.748028801850932734e-02,5.056459566626829438e-02,1.816657605441572010e-01,-4.686589542241672429e-02,8.720745183313149962e-02,2.176080232208983112e-01,9.383214428438755306e-01,-7.206800134293570026e-02,1.073481501206127042e+01,2.103526755663993539e-02,2.403530816822007851e-02,2.144949607613352849e-02,2.118747698748450412e-02,1.497263369242476105e-01,1.600475487041722600e-01,1.511933626710725009e-01,1.502670641279604813e-01
5.675000000000000044e-01,3.201750228447092228e-02,5.547357341652261326e-02,7.750744676152702961e-02,5.044032607513501687e-02,1.821755119853548099e-01,-4.626828870220550671e-02,8.721054211288818692e-02,2.184521628290537199e-01,9.381416792415102623e-01,-7.174289485872008265e-02,1.073811341982904644e+01,2.102570285654392634e-02,2.403810646655276523e-02,2.144482011219147818e-02,2.117593135944558641e-02,1.497066339833106330e-01,1.600721992083341261e-01,1.511913651016286997e-01,1.502405084854843420e-01
5.700000000000000622e-01,3.198101375675247576e-02,5.552731184319198432e-02,7.753444333915800180e-02,5.031678511230336381e-02,1.826847761460119457e-01,-4.567079505095165276e-02,8.721338686189990252e-02,2.192949501147470337e-01,9.379627282981111147e-01,-7.141787413892010383e-02,1.074142495020384658e+01,2.101611573579955164e-02,2.404086917659292374e-02,2.144014500854444713e-02,2.116434739455797312e-02,1.496867762048855188e-01,1.600966675113790760e-01,1.511893042774656859e-01,1.502137368457284183e-01
5.725000000000000089e-01,3.194470141527899765e-02,5.558085656456922957e-02,7.756127764623502174e-02,5.019399606297303418e-02,1.831935537506526601e-01,-4.507341278970099924e-02,8.721598617705421386e-02,2.201363981458613339e-01,9.377845897995135127e-01,-7.109293898125994271e-02,1.074474960228054421e+01,2.100650625461897986e-02,2.404359629274151200e-02,2.143547077822930205e-02,2.115272523380090294e-02,1.496667637233982384e-01,1.601209535307617504e-01,1.511871802283965838e-01,1.501867495594495228e-01
5.750000000000000666e-01,3.190856493037490249e-02,5.563420645755243199e-02,7.758794957223826005e-02,5.007198212070048532e-02,1.837018454978113779e-01,-4.447614026114922459e-02,8.721834015152817032e-02,2.209765200217016223e-01,9.376072635320980009e-01,-7.076808915151333590e-02,1.074808737529240155e+01,2.099687447319984260e-02,2.404628780946037672e-02,2.143079743426635000e-02,2.114106501750892195e-02,1.496465966736930941e-01,1.601450571843447135e-01,1.511849929844057416e-01,1.501595469758204293e-01
5.775000000000000133e-01,3.187260396200576607e-02,5.568736039612889183e-02,7.761445900131649922e-02,4.995076638297178684e-02,1.842096520603943577e-01,-4.387897582916160805e-02,8.722044887481528175e-02,2.218153288708797910e-01,9.374307492828712896e-01,-7.044332438315978329e-02,1.075143826861103591e+01,2.098722045172618511e-02,2.404894372127347815e-02,2.142612498965955348e-02,2.112936688537021476e-02,1.496262751910302224e-01,1.601689783903961772e-01,1.511827425756431253e-01,1.501321294424159680e-01
5.799999999999999600e-01,3.183681815975283186e-02,5.574031725136510684e-02,7.764080581230986544e-02,4.983037184677461401e-02,1.847169740860593046e-01,-4.328191787827844611e-02,8.722231243275338497e-02,2.226528378491688387e-01,9.372550468395466350e-01,-7.011864437703978215e-02,1.075480228174635577e+01,2.097754425036941345e-02,2.405156402276808700e-02,2.142145345739672815e-02,2.111763097642507803e-02,1.496057994110829292e-01,1.601927170675878920e-01,1.511804290324182676e-01,1.501044973051991749e-01
5.825000000000000178e-01,3.180120716278702492e-02,5.579307589139699541e-02,7.766698987877417026e-02,4.971082140417151102e-02,1.852238121976094443e-01,-4.268496481320734753e-02,8.722393090755414802e-02,2.234890601373319685e-01,9.370801559906272171e-01,-6.979404880100933961e-02,1.075817941434651459e+01,2.096784592928921040e-02,2.405414870859594670e-02,2.141678285044975802e-02,2.110585742906452220e-02,1.495851694699348311e-01,1.602162731349924263e-01,1.511780523851943281e-01,1.500766509085081080e-01
5.849999999999999645e-01,3.176577059984372203e-02,5.584563518142097310e-02,7.769301106900557141e-02,4.959213783787596447e-02,1.857301669934052490e-01,-4.208811505830189342e-02,8.722530437783296287e-02,2.243240089389220149e-01,9.369060765254871859e-01,-6.946953728959381902e-02,1.076156966619784505e+01,2.095812554863442367e-02,2.405669777347441488e-02,2.141211318177479658e-02,2.109404638102904336e-02,1.495643855040769410e-01,1.602396465120805857e-01,1.511756126645821818e-01,1.500485905950429133e-01
5.875000000000000222e-01,3.173050808919705007e-02,5.589799398368571620e-02,7.771886924606734304e-02,4.947434381683305654e-02,1.862360390477912908e-01,-4.149136705702592687e-02,8.722643291864046189e-02,2.251576974780561680e-01,9.367328082344575924e-01,-6.914510944364105072e-02,1.076497303722479337e+01,2.094838316854393326e-02,2.405921121218757008e-02,2.140744446431246811e-02,2.108219796940750262e-02,1.495434476504044763e-01,1.602628371187183320e-01,1.511731099013341462e-01,1.500203167058531684e-01
5.899999999999999689e-01,3.169541923863461452e-02,5.595015115748474405e-02,7.774456426781733986e-02,4.935746189180600235e-02,1.867414289115396087e-01,-4.089471927140451990e-02,8.722731660149503352e-02,2.259901389971624153e-01,9.365603509089084344e-01,-6.882076482997404043e-02,1.076838952748986422e+01,2.093861884914750143e-02,2.406168901958728734e-02,2.140277671098806539e-02,2.107031233063618933e-02,1.495223560462136392e-01,1.602858448751641185e-01,1.511705441263379579e-01,1.499918295803261414e-01
5.925000000000000266e-01,3.166050364543244316e-02,5.600210555914944544e-02,7.777009598693672421e-02,4.924151449097091682e-02,1.872463371123077314e-01,-4.029817018146258922e-02,8.722795549441610119e-02,2.268213467547016138e-01,9.363887043413366973e-01,-6.849650298104312252e-02,1.077181913719353723e+01,2.092883265056658462e-02,2.406413119059428590e-02,2.139810993471175440e-02,2.105838960049800576e-02,1.495011108291981750e-01,1.603086697020650320e-01,1.511679153706103618e-01,1.499631295561747180e-01
5.949999999999999734e-01,3.162576089633005461e-02,5.605385604204316669e-02,7.779546425096013629e-02,4.912652391552051884e-02,1.877507641551145467e-01,-3.970171828464810065e-02,8.722834966195892881e-02,2.276513340228629445e-01,9.362178683254507305e-01,-6.817232339457772461e-02,1.077526186667419239e+01,2.091902463291512443e-02,2.406653772019913193e-02,2.139344414837876171e-02,2.104642991412180100e-02,1.494797121374457638e-01,1.603313115204537953e-01,1.511652236652906989e-01,1.499342169694263260e-01
5.975000000000000311e-01,3.159119056750620685e-02,5.610540145655595196e-02,7.782066890230669720e-02,4.901251233527922913e-02,1.882547105228291051e-01,-3.910536209524249907e-02,8.722849916525036995e-02,2.284801140852351919e-01,9.360478426562590659e-01,-6.784822553323774375e-02,1.077871771640803900e+01,2.090919485630031091e-02,2.406890860346323421e-02,2.138877936486957565e-02,2.103443340598186787e-02,1.494581601094341350e-01,1.603537702517447983e-01,1.511624690416345784e-01,1.499050921544121118e-01
5.999999999999999778e-01,3.155679222455472915e-02,5.615674065009971377e-02,7.784570977831245520e-02,4.889950178433144501e-02,1.887581766766773528e-01,-3.850910014375887036e-02,8.722840406202549135e-02,2.293077002344544868e-01,9.358786271301571258e-01,-6.752420882426489468e-02,1.078218668700902150e+01,2.089934338082332158e-02,2.407124383551976707e-02,2.138411559705013718e-02,2.102240020989756819e-02,1.494364548840273199e-01,1.603760458177303228e-01,1.511596515310073274e-01,1.498757554437563921e-01
6.025000000000000355e-01,3.152256542246091586e-02,5.620787246710468033e-02,7.787058671126415033e-02,4.878751415666441466e-02,1.892611630567622716e-01,-3.791293097632479625e-02,8.722806440666552863e-02,2.301341057698284565e-01,9.357102215450175953e-01,-6.720027265913357251e-02,1.078566877922872713e+01,2.088947026658002568e-02,2.407354341157460012e-02,2.137945285777202373e-02,2.101033045903311774e-02,1.494145966004714055e-01,1.603981381405763795e-01,1.511567711648771628e-01,1.498462071683666907e-01
6.049999999999999822e-01,3.148850970557868362e-02,5.625879574901605090e-02,7.789529952843377014e-02,4.867657120182731362e-02,1.897636700826008938e-01,-3.731685315405371822e-02,8.722748025023704943e-02,2.309593439949375604e-01,9.355426257002783519e-01,-6.687641639320196507e-02,1.078916399395631665e+01,2.087957557366165728e-02,2.407580732690715528e-02,2.137479115987265046e-02,2.099822428589752724e-02,1.493925853983903429e-01,1.604200471428185448e-01,1.511538279748088631e-01,1.498164476574243564e-01
6.075000000000000400e-01,3.145462460760790196e-02,5.630950933429194893e-02,7.791984805211474296e-02,4.856669452060870251e-02,1.902656981536754999e-01,-3.672086525240243066e-02,8.722665164053190756e-02,2.317834282152157754e-01,9.353758393970359464e-01,-6.655263934536273518e-02,1.079267233221840172e+01,2.086965936215547449e-02,2.407803557687124632e-02,2.137013051617543680e-02,2.098608182234467517e-02,1.493704214177813405e-01,1.604417727473572142e-01,1.511508219924565521e-01,1.497864772383750709e-01
6.099999999999999867e-01,3.142090965157284810e-02,5.636001205840171502e-02,7.794423209965908872e-02,4.845790556073433647e-02,1.907672476500005543e-01,-3.612496586051567454e-02,8.722557862210864044e-02,2.326063717355102423e-01,9.352098624381344205e-01,-6.622894079769436892e-02,1.079619379517895084e+01,2.085972169214535960e-02,2.408022815689588036e-02,2.136547093949001108e-02,2.097390319957354726e-02,1.493481047990103949e-01,1.604633148774529949e-01,1.511477532495571208e-01,1.497562962369204109e-01
6.125000000000000444e-01,3.138736434980117507e-02,5.641030275382505343e-02,7.796845148351580490e-02,4.835022561258661006e-02,1.912683189327038791e-01,-3.552915358055751954e-02,8.722426123633454653e-02,2.334281878576219826e-01,9.350446946282595651e-01,-6.590531999511202443e-02,1.079972838413919689e+01,2.084976262371241590e-02,2.408238506248601418e-02,2.136081244261237022e-02,2.096168854812862151e-02,1.493256356828073506e-01,1.604846734567217936e-01,1.511446217779231493e-01,1.497259049770095773e-01
6.149999999999999911e-01,3.135398820390356001e-02,5.646038025005214317e-02,7.799250601127037663e-02,4.824367580494744179e-02,1.917689123446234822e-01,-3.493342702703096381e-02,8.722269952142948368e-02,2.342488898778269935e-01,9.348803357740311792e-01,-6.558177614501914388e-02,1.080327610053751819e+01,2.083978221693550889e-02,2.408450628922326892e-02,2.135615503832507048e-02,2.094943799790040251e-02,1.493030142102609870e-01,1.605058484091295423e-01,1.511414276094358855e-01,1.496953037808315401e-01
6.175000000000000488e-01,3.132078070475449033e-02,5.651024337358434568e-02,7.801639548568567450e-02,4.813827710076724886e-02,1.922690282109192905e-01,-3.433778482608365601e-02,8.722089351251001432e-02,2.350684910843814646e-01,9.347167856840986611e-01,-6.525830841695898221e-02,1.080683694594931588e+01,2.082978053189179016e-02,2.408659183276662050e-02,2.135149873939740442e-02,2.093715167812610842e-02,1.492802405228136897e-01,1.605268396589868141e-01,1.511381707760380277e-01,1.496644929688076275e-01
6.199999999999999956e-01,3.128774133247375078e-02,5.655989094793561350e-02,7.804011970474410143e-02,4.803405029296098361e-02,1.927686668396983993e-01,-3.374222561480246657e-02,8.721884324163556301e-02,2.358870047550095661e-01,9.345540441692345990e-01,-6.493491594226689922e-02,1.081041092208691801e+01,2.081975762865718310e-02,2.408864168885302762e-02,2.134684355858556745e-02,2.092482971739051748e-02,1.492573147622562046e-01,1.605476471309431608e-01,1.511348513097265922e-01,1.496334728595847541e-01
6.225000000000000533e-01,3.125486955640911779e-02,5.660932179363501598e-02,7.806367846169023905e-02,4.793101600023350756e-02,1.932678285226567261e-01,-3.314674804049461132e-02,8.721654873785482376e-02,2.367044441543783850e-01,9.343921110424318055e-01,-6.461159781372284583e-02,1.081399803079943567e+01,2.080971356730683397e-02,2.409065585329802847e-02,2.134218950863282782e-02,2.091247224362694293e-02,1.492342370707219756e-01,1.605682707499814232e-01,1.511314692425456407e-01,1.496022437700287866e-01
6.250000000000000000e-01,3.122216483511981722e-02,5.665853472822961201e-02,7.808707154507583958e-02,4.782919466293607952e-02,1.937665135357337087e-01,-3.255135075995699984e-02,8.721401002725386042e-02,2.375208225315571797e-01,9.342309861189989073e-01,-6.428835308520454428e-02,1.081759827407266350e+01,2.079964840791552472e-02,2.409263432199630281e-02,2.133753660226970356e-02,2.090007938411839877e-02,1.492110075906815103e-01,1.605887104414114308e-01,1.511280246065787869e-01,1.495708060152187158e-01
6.275000000000000577e-01,3.118962661636151892e-02,5.670752856628825250e-02,7.811029873880492858e-02,4.772860653895583810e-02,1.942647221397826307e-01,-3.195603243873454402e-02,8.721122713300509532e-02,2.383361531174659209e-01,9.340706692166594882e-01,-6.396518077134140390e-02,1.082121165402891982e+01,2.078956221055804771e-02,2.409457709092216807e-02,2.133288485221412206e-02,2.088765126549887302e-02,1.491876264649362183e-01,1.606089661308638117e-01,1.511245174339417852e-01,1.495391599084410772e-01
6.300000000000000044e-01,3.115725433707210862e-02,5.675630211940631970e-02,7.813335982218047593e-02,4.762927169964006890e-02,1.947624545812544627e-01,-3.136079175036461664e-02,8.720820007541735253e-02,2.391504491223122586e-01,9.339111601556503439e-01,-6.364207984716899191e-02,1.082483817292693828e+01,2.077945503530955612e-02,2.409648415613006162e-02,2.132823427117157625e-02,2.087518801375478836e-02,1.491640938366124158e-01,1.606290377442833317e-01,1.511209477567748982e-01,1.495073057611847334e-01
6.325000000000000622e-01,3.112504742335908681e-02,5.680485419621109783e-02,7.815625456995255183e-02,4.753121002575748377e-02,1.952597110928962765e-01,-3.076562737561261071e-02,8.720492887198719179e-02,2.399637237330210227e-01,9.337524587588191816e-01,-6.331904924778455901e-02,1.082847783316172041e+01,2.076932694224586581e-02,2.409835551375494322e-02,2.132358487183529452e-02,2.086268975422660155e-02,1.491404098491548869e-01,1.606489252079222885e-01,1.511173156072354029e-01,1.494752438831364882e-01
6.350000000000000089e-01,3.109300529048797043e-02,5.685318360236774060e-02,7.817898275236717653e-02,4.743444120349760845e-02,1.957564918944644516e-01,-3.017053800169303135e-02,8.720141353745144985e-02,2.407759901106539813e-01,9.335945648517276485e-01,-6.299608786800317550e-02,1.083213063726438996e+01,2.075917799144372938e-02,2.410019116001268710e-02,2.131893666688639347e-02,2.085015661161054162e-02,1.491165746463203878e-01,1.606686284483332394e-01,1.511136210174896799e-01,1.494429745821766742e-01
6.375000000000000666e-01,3.106112734287235291e-02,5.690128914058634191e-02,7.820154413521648862e-02,4.733898472051111667e-02,1.962527971934512894e-01,-2.957552232148240312e-02,8.719765408384047567e-02,2.415872613878251307e-01,9.334374782627502531e-01,-6.267319456201531080e-02,1.083579658790205968e+01,2.074900824298105823e-02,2.410199109120039762e-02,2.131428966899403393e-02,2.083758870996052157e-02,1.490925883721707923e-01,1.606881473923618409e-01,1.511098640197054976e-01,1.494104981643756547e-01
6.400000000000000133e-01,3.102941297406535542e-02,5.694916961062960331e-02,7.822393847989037030e-02,4.724485986199250531e-02,1.967486271858258362e-01,-2.898057903271934396e-02,8.719365052053285048e-02,2.423975506661114609e-01,9.332811988231778377e-01,-6.235036814304499575e-02,1.083947568787767679e+01,2.073881775693711682e-02,2.410375530369670075e-02,2.130964389081556332e-02,2.082498617269018179e-02,1.490684511710661797e-01,1.607074819671393540e-01,1.511060446460440188e-01,1.493778149339904382e-01
6.424999999999999600e-01,3.099786156675257351e-02,5.699682380932113990e-02,7.824616554342857244e-02,4.715208570680635286e-02,1.972439820567893354e-01,-2.838570683719409890e-02,8.718940285431106552e-02,2.432068710134609180e-01,9.331257263673187197e-01,-6.202760738300971965e-02,1.084316794012986129e+01,2.072860659339267192e-02,2.410548379396196608e-02,2.130499934499667514e-02,2.081234912257510020e-02,1.490441631876576745e-01,1.607266321000749010e-01,1.511021629286520840e-01,1.493449251934621802e-01
6.450000000000000178e-01,3.096647249274655719e-02,5.704425053055467432e-02,7.826822507857456035e-02,4.706068112366043610e-02,1.977388619815440562e-01,-2.779090443992844259e-02,8.718491108941858747e-02,2.440152354615989783e-01,9.329710607326046068e-01,-6.170491101218108371e-02,1.084687334773277101e+01,2.071837481243010703e-02,2.410717655853850810e-02,2.130035604417154435e-02,2.079967768175513404e-02,1.490197245668800075e-01,1.607455977188473051e-01,1.510982188996536912e-01,1.493118292434134353e-01
6.474999999999999645e-01,3.093524511298312296e-02,5.709144856530403572e-02,7.829011683383040043e-02,4.697066476732625340e-02,1.982332671260758628e-01,-2.719617054834390368e-02,8.718017522761735416e-02,2.448226570034382210e-01,9.328172017596927379e-01,-6.138227771884700867e-02,1.085059191389592748e+01,2.070812247413349183e-02,2.410883359405070411e-02,2.129571400096297654e-02,2.078697197173692487e-02,1.489951354539439943e-01,1.607643787513969857e-01,1.510942125911422518e-01,1.492785273826468251e-01
6.500000000000000222e-01,3.090417877751936576e-02,5.713841670163380404e-02,7.831184055351253503e-02,4.688205507490918189e-02,1.987271976479508262e-01,-2.660150387142157236e-02,8.717519526824749065e-02,2.456291485904889826e-01,9.326641492925734633e-01,-6.105970614897589244e-02,1.085432364196405963e+01,2.069784963858861335e-02,2.411045489720509485e-02,2.129107322798253973e-02,2.077423211339653533e-02,1.489703959943286249e-01,1.607829751259173545e-01,1.510901440351721803e-01,1.492450199081431783e-01
6.524999999999999689e-01,3.087327282553332594e-02,5.718515372471061342e-02,7.833339597780873687e-02,4.679487026217074574e-02,1.992206536971260211e-01,-2.600690311885096861e-02,8.716997120828674783e-02,2.464347231302752850e-01,9.325119031786748280e-01,-6.073719490588127407e-02,1.085806853541693506e+01,2.068755636588295518e-02,2.411204046479041227e-02,2.128643373783069975e-02,2.076145822698225590e-02,1.489455063337730423e-01,1.608013867708460720e-01,1.510860132637505127e-01,1.492113071150610037e-01
6.550000000000000266e-01,3.084252658532565111e-02,5.723165841681535082e-02,7.835478284283665940e-02,4.670912831990328001e-02,1.997136354167734218e-01,-2.541236700016987274e-02,8.716450304241263325e-02,2.472393934837588125e-01,9.323604632689705962e-01,-6.041474254988914161e-02,1.086182659786919480e+01,2.067724271610565240e-02,2.411359029367756562e-02,2.128179554309695895e-02,2.074865043211752968e-02,1.489204666182684378e-01,1.608196136148560551e-01,1.510818203088285794e-01,1.491773892967357684e-01
6.574999999999999734e-01,3.081193937432320437e-02,5.727792955735602071e-02,7.837600088070256765e-02,4.662484701036038320e-02,2.002061429441169271e-01,-2.481789422389490962e-02,8.715879076306393136e-02,2.480431724627697732e-01,9.322098294180879430e-01,-6.009234759800656522e-02,1.086559783307017746e+01,2.066690874934738395e-02,2.411510438081958252e-02,2.127715865635997419e-02,2.073580884780404365e-02,1.488952769940493359e-01,1.608376555868461788e-01,1.510775652022935678e-01,1.491432667446800642e-01
6.600000000000000311e-01,3.078151049908473685e-02,5.732396592288119264e-02,7.839704981956217844e-02,4.654204386374399122e-02,2.006981764112844291e-01,-2.422348349664283154e-02,8.715283436050491606e-02,2.488460728274507483e-01,9.320600014844154790e-01,-5.977000852359183602e-02,1.086938224490375582e+01,2.065655452570024087e-02,2.411658272325147706e-02,2.127252309018769216e-02,2.072293359242495178e-02,1.488699376075852121e-01,1.608555126159317006e-01,1.510732479759598068e-01,1.491089397485839685e-01
6.624999999999999778e-01,3.075123925530826030e-02,5.736976628709439946e-02,7.841792938368191690e-02,4.646073617474974493e-02,2.011897359461720380e-01,-2.362913352224373098e-02,8.714663382288954929e-02,2.496481072837118675e-01,9.319109793302136069e-01,-5.944772375602732500e-02,1.087317983738815030e+01,2.064618010525752848e-02,2.411802531809008679e-02,2.126788885713746038e-02,2.071002478374824735e-02,1.488444486055713611e-01,1.608731846314346015e-01,1.510688686615603016e-01,1.490744085963160159e-01
6.650000000000000355e-01,3.072112492784109805e-02,5.741532942086898655e-02,7.843863929350136655e-02,4.638094099917303148e-02,2.016808216733215198e-01,-2.303484300084560760e-02,8.714018913632740060e-02,2.504492884807025810e-01,9.317627628217246549e-01,-5.912549168039358399e-02,1.087699061467575667e+01,2.063578554811354437e-02,2.411943216253384717e-02,2.126325596975615559e-02,2.069708253893025665e-02,1.488188101349197934e-01,1.608906715628733719e-01,1.510644272907377406e-01,1.490396735739245304e-01
6.674999999999999822e-01,3.069116679069173667e-02,5.746065409226380760e-02,7.845917926569720424e-02,4.630267515057633759e-02,2.021714337148133589e-01,-2.244061062801085485e-02,8.713350028495035760e-02,2.512496290082998907e-01,9.316153518292840108e-01,-5.880331063714593076e-02,1.088081458105295241e+01,2.062537091436329739e-02,2.412080325386250709e-02,2.125862444058029127e-02,2.068410697451930277e-02,1.487930223427500198e-01,1.609079733399528533e-01,1.510599238950359746e-01,1.490047349656393738e-01
6.700000000000000400e-01,3.066136410704408885e-02,5.750573906653951017e-02,7.847954901324755150e-02,4.622595519702051708e-02,2.026615721911698975e-01,-2.184643509380437831e-02,8.712656725098047450e-02,2.520491413946157055e-01,9.314687462274318097e-01,-5.848117892179335170e-02,1.088465174093993859e+01,2.061493626410219188e-02,2.412213858943680622e-02,2.125399428213612871e-02,2.067109820645947338e-02,1.487670853763792822e-01,1.609250898925535245e-01,1.510553585058908577e-01,1.489695930538743052e-01
6.724999999999999867e-01,3.063171612927408083e-02,5.755058310617564010e-02,7.849974824549799113e-02,4.615079745786116600e-02,2.031512372222738783e-01,-2.125231508187581247e-02,8.711939001479908351e-02,2.528478381035279554e-01,9.313229458950257333e-01,-5.815909478457940290e-02,1.088850209889052678e+01,2.060448165742565299e-02,2.412343816669807947e-02,2.124936550693978105e-02,2.065805635009455160e-02,1.487409993833128941e-01,1.609420211507208431e-01,1.510507311546214482e-01,1.489342481192296730e-01
6.750000000000000444e-01,3.060222209896855394e-02,5.759518497088805811e-02,7.851977666822813895e-02,4.607721800061122253e-02,2.036404289282996438e-01,-2.065824926853303267e-02,8.711196855501673886e-02,2.536457315322334094e-01,9.311779507153555846e-01,-5.783705643016578968e-02,1.089236565959198089e+01,2.059400715442871385e-02,2.412470198316781292e-02,2.124473812749732779e-02,2.064498152017205795e-02,1.487147645112341376e-01,1.609587670446539498e-01,1.510460418724207943e-01,1.488987004404953574e-01
6.774999999999999911e-01,3.057288124694682724e-02,5.763954341764731398e-02,7.853963398371970051e-02,4.600523263787213019e-02,2.041291474306576870e-01,-2.006423632180959551e-02,8.710430284854445149e-02,2.544428340088285001e-01,9.310337605762561974e-01,-5.751506201731819423e-02,1.089624242786480934e+01,2.058351281520555409e-02,2.412593003644715114e-02,2.124011215630490501e-02,2.063187383084743101e-02,1.486883809079938834e-01,1.609753275046944543e-01,1.510412906903469688e-01,1.488629502946545724e-01
6.800000000000000488e-01,3.054369279328452563e-02,5.768365720069782571e-02,7.855931989082508282e-02,4.593485692433427886e-02,2.046173928529516628e-01,-1.947027490052586490e-02,8.709639287066590907e-02,2.552391577899174036e-01,9.308903753702232331e-01,-5.719310965859510792e-02,1.090013240866257860e+01,2.057299869984899332e-02,2.412712232421634212e-02,2.123548760584879902e-02,2.061873339568834340e-02,1.486618487216003759e-01,1.609917024613148062e-01,1.510364776393136321e-01,1.488269979568876689e-01
6.824999999999999956e-01,3.051465594734008302e-02,5.772752507157701690e-02,7.857883408503751888e-02,4.586610615384868750e-02,2.051051653219484461e-01,-1.887636365334298058e-02,8.708823859511063969e-02,2.560347150582524822e-01,9.307477949945290874e-01,-5.687119742003889783e-02,1.090403560707173902e+01,2.056246486844992560e-02,2.412827884423411964e-02,2.123086448860554004e-02,2.060556032767913923e-02,1.486351681002082148e-01,1.610078918451063046e-01,1.510316027500809288e-01,1.487908437005766027e-01
6.850000000000000533e-01,3.048576990778402787e-02,5.777114577913564086e-02,7.859817625856162226e-02,4.579899535657112886e-02,2.055924649685621219e-01,-1.828250121781302417e-02,8.707983999412845233e-02,2.568295179204069800e-01,9.306060193513395751e-01,-5.654932332087005131e-02,1.090795202831141886e+01,2.055191138109671578e-02,2.412939959433704415e-02,2.122624281704199936e-02,2.059235473922538945e-02,1.486083391921075025e-01,1.610238955867670796e-01,1.510266660532460781e-01,1.487544877973097646e-01
6.875000000000000000e-01,3.045703386263072174e-02,5.781451806955868744e-02,7.861734610038562110e-02,4.573353929617936936e-02,2.060792919288499947e-01,-1.768868621942170857e-02,8.707119703856498749e-02,2.576235784044839106e-01,9.304650483478308365e-01,-5.622748533318407821e-02,1.091188167773324480e+01,2.054133829787454721e-02,2.413048457243877412e-02,2.122162260361545871e-02,2.057911674215857217e-02,1.485813621457126310e-01,1.610397136170896026e-01,1.510216675792337981e-01,1.487179305168871701e-01
6.900000000000000577e-01,3.042844698927314739e-02,5.785764068638630381e-02,7.863634329635378617e-02,4.566975246716602210e-02,2.065656463450215308e-01,-1.709491727062650498e-02,8.706230969793780916e-02,2.584169084578618047e-01,9.303248818963094635e-01,-5.590568138165163958e-02,1.091582456082115549e+01,2.053074567886471052e-02,2.413153377652928200e-02,2.121700386077369702e-02,2.056584644774088477e-02,1.485542371095507908e-01,1.610553458669479465e-01,1.510166073582867585e-01,1.486811721273259279e-01
6.925000000000000044e-01,3.040000845452023662e-02,5.790051237053613770e-02,7.865516752924060773e-02,4.560764909220706154e-02,2.070515283664603190e-01,-1.650119296989119300e-02,8.705317794051417590e-02,2.592095199449830911e-01,9.301855199143279629e-01,-5.558390934322171573e-02,1.091978068319119366e+01,2.052013358414384731e-02,2.413254720467401804e-02,2.121238660095507017e-02,2.055254396667014621e-02,1.485269642322503969e-01,1.610707922672849901e-01,1.510114854204562818e-01,1.486442128948665675e-01
6.950000000000000622e-01,3.037171741463728231e-02,5.794313186032555574e-02,7.867381847882523593e-02,4.554724311960776928e-02,2.075369381507586597e-01,-1.590751190071469645e-02,8.704380173338958915e-02,2.600014246451822775e-01,9.300469623248073248e-01,-5.526216704682780645e-02,1.092375005059134452e+01,2.050950207378314863e-02,2.413352485501301173e-02,2.120777083658856657e-02,2.053920940908483816e-02,1.484995436625290433e-01,1.610860527490991234e-01,1.510063017955922404e-01,1.486070530839791459e-01
6.975000000000000089e-01,3.034357301538924759e-02,5.798549789149451406e-02,7.869229582196750339e-02,4.548854822082686739e-02,2.080218758647650323e-01,-1.531387263065666672e-02,8.703418104256732679e-02,2.607926342505613171e-01,9.299092090561572599e-01,-5.494045227309780899e-02,1.092773266890132078e+01,2.049885120784749118e-02,2.413446672575991422e-02,2.120315658009389731e-02,2.052584288456923978e-02,1.484719755491814008e-01,1.611011272434306474e-01,1.510010565133335647e-01,1.485696929573701031e-01
7.000000000000000666e-01,3.031557439208700661e-02,5.802760919722933786e-02,7.871059923268421132e-02,4.543157778808019215e-02,2.085063416856439145e-01,-1.472027371035911081e-02,8.702431583303883722e-02,2.615831603639109937e-01,9.297722600423956596e-01,-5.461876275406707393e-02,1.093172854413241168e+01,2.048818104639453172e-02,2.413537281520098179e-02,2.119854384388153781e-02,2.051244450215867002e-02,1.484442600410667834e-01,1.611160156813482569e-01,1.509957496030983060e-01,1.485321327759894228e-01
7.025000000000000133e-01,3.028772066963669740e-02,5.806946450818662592e-02,7.872872838222672032e-02,4.537634493202421376e-02,2.089903358019482293e-01,-1.412671367256444245e-02,8.701420606886549336e-02,2.623730144966832101e-01,9.296361152232712755e-01,-5.429709617289504159e-02,1.093573768242726274e+01,2.047749164947374259e-02,2.413624312169401417e-02,2.119393264035279723e-02,2.049901437034485144e-02,1.484163972870966020e-01,1.611307179939349410e-01,1.509903810940737834e-01,1.484943727990380713e-01
7.049999999999999600e-01,3.026001096259222506e-02,5.811106255251773101e-02,7.874668293915965123e-02,4.532286247952103247e-02,2.094738584147044780e-01,-1.353319103113226514e-02,8.700385171326117939e-02,2.631622080670140140e-01,9.295007745443871761e-01,-5.397545016358571562e-02,1.093976009005972294e+01,2.046678307712540210e-02,2.413707764366720965e-02,2.118932298189987393e-02,2.048555259708134679e-02,1.483883874362212918e-01,1.611452341122735776e-01,1.509849510152064811e-01,1.484564132839758521e-01
7.075000000000000178e-01,3.023244437521078326e-02,5.815240205589376071e-02,7.876446256943976654e-02,4.527114297148503164e-02,2.099569097385100835e-01,-1.293970428005141934e-02,8.699325272867586278e-02,2.639507523978019687e-01,9.293662379573222054e-01,-5.365382231071147423e-02,1.094379577343464227e+01,2.045605538937952245e-02,2.413787637961797503e-02,2.118471488090589716e-02,2.047205928978911363e-02,1.483602306374173785e-01,1.611595639674326397e-01,1.509794593951921948e-01,1.484182544865296216e-01
7.099999999999999645e-01,3.020502000151178978e-02,5.819348174153111258e-02,7.878206693649650316e-02,4.522119866081203421e-02,2.104394900026434478e-01,-1.234625189245177126e-02,8.698240907688009615e-02,2.647386587148419235e-01,9.292325054197565493e-01,-5.333221014914133612e-02,1.094784473908772782e+01,2.044530864625473607e-02,2.413863932811168705e-02,2.118010834974498255e-02,2.045853455536214560e-02,1.483319270396738776e-01,1.611737074904511513e-01,1.509739062624657346e-01,1.483798966607016989e-01
7.125000000000000222e-01,3.017773692533894797e-02,5.823430033021741170e-02,7.879949570131272729e-02,4.517304151039187865e-02,2.109215994521860260e-01,-1.175283231961334399e-02,8.697132071905069872e-02,2.655259381450189027e-01,9.290995768955954137e-01,-5.301061116377263349e-02,1.095190699368533238e+01,2.043454290775711599e-02,2.413936648778037403e-02,2.117550340078226678e-02,2.044497850017320401e-02,1.483034767919788888e-01,1.611876646123238943e-01,1.509682916451907109e-01,1.483413400587786923e-01
7.149999999999999689e-01,3.015059422042561110e-02,5.827485654033768420e-02,7.881674852250672436e-02,4.512668319120455990e-02,2.114032383491566691e-01,-1.115944398997459168e-02,8.695998761585697900e-02,2.663126017145623914e-01,9.289674523550945917e-01,-5.268902278926719529e-02,1.095598254402432481e+01,2.042375823387895459e-02,2.414005785732134882e-02,2.117090004637394579e-02,2.043139123007962910e-02,1.482748800433056346e-01,1.612014352639857540e-01,1.509626155712494588e-01,1.483025849313407418e-01
7.175000000000000266e-01,3.012359095046365093e-02,5.831514908790133567e-02,7.883382505641495230e-02,4.508213508050077506e-02,2.118844069736583735e-01,-1.056608530813988971e-02,8.694840972754860897e-02,2.670986603473632925e-01,9.288361317749856960e-01,-5.236744240979155501e-02,1.096007139703190703e+01,2.041295468459747645e-02,2.414071343549578294e-02,2.116629829886730249e-02,2.041777285042925202e-02,1.482461369425983055e-01,1.612150193762964812e-01,1.509568780682325473e-01,1.482636315272708172e-01
7.199999999999999734e-01,3.009672616917563603e-02,5.835517668656906715e-02,7.885072495717519725e-02,4.503940826006645748e-02,2.123651056250372149e-01,-9.972754653885893689e-03,8.693658701404344269e-02,2.678841248633573313e-01,9.287056151386042790e-01,-5.204586735876152309e-02,1.096417355976544528e+01,2.040213231987350259e-02,2.414133322112722163e-02,2.116169817060074496e-02,2.040412346606635535e-02,1.482172476387577098e-01,1.612284168800245665e-01,1.509510791634283422e-01,1.482244800937644325e-01
7.225000000000000311e-01,3.006999892039051089e-02,5.839493804768076946e-02,7.886744787681115865e-02,4.499851351457317961e-02,2.128453346230530507e-01,-9.379450381168741649e-03,8.692451943501731948e-02,2.686690059769749062e-01,9.285759024360153990e-01,-5.172429491859110995e-02,1.096828903941234934e+01,2.039129119965005579e-02,2.414191721310003300e-02,2.115709967390381335e-02,2.039044318133774111e-02,1.481882122806267021e-01,1.612416277058313085e-01,1.509452188838126263e-01,1.481851308763396935e-01
7.249999999999999778e-01,3.004340823812279640e-02,5.843443188028307755e-02,7.888399346531722867e-02,4.495946133001257200e-02,2.133250943090627683e-01,-8.786170817130879718e-03,8.691220694999397811e-02,2.694533142956613281e-01,9.284469936641421839e-01,-5.140272232044614670e-02,1.097241784328989311e+01,2.038043138385092073e-02,2.414246541035781207e-02,2.115250282109721117e-02,2.037673210009884051e-02,1.481590310169752511e-01,1.612546517842544658e-01,1.509392972560381352e-01,1.481455841188474287e-01
7.275000000000000355e-01,3.001695314665524597e-02,5.847365689115776449e-02,7.890036137074457612e-02,4.492226189221641686e-02,2.138043850472140794e-01,-8.192914261109060514e-03,8.689964951843641427e-02,2.702370603184677811e-01,9.283188888268941730e-01,-5.108114674400267979e-02,1.097655997884509027e+01,2.036955293237913481e-02,2.414297781190170508e-02,2.114790762449281561e-02,2.036299032571990339e-02,1.481297039964854512e-01,1.612674890456915200e-01,1.509333143064237326e-01,1.481058400634817085e-01
7.299999999999999822e-01,2.999063266062525906e-02,5.851261178485047537e-02,7.891655123928720261e-02,4.488692508546202747e-02,2.142832072256531384e-01,-7.599678983643351135e-03,8.688684709983847398e-02,2.710202544347163345e-01,9.281915879352965471e-01,-5.075956531720975107e-02,1.098071545365456281e+01,2.035865590511542686e-02,2.414345441678869553e-02,2.114331409639368109e-02,2.034921796109225717e-02,1.481002313677359516e-01,1.612801394203828564e-01,1.509272700609439466e-01,1.480658989507905865e-01
7.325000000000000400e-01,2.996444578511485435e-02,5.855129526369939885e-02,7.893256271536966406e-02,4.485346049116220590e-02,2.147615612577428723e-01,-7.006463225487696324e-03,8.687379965381837599e-02,2.718029069227395622e-01,9.280650910076191362e-01,-5.043797511605756234e-02,1.098488427542440604e+01,2.034774036191660390e-02,2.414389522412981742e-02,2.113872224909404268e-02,2.033541510863460383e-02,1.480706132791865803e-01,1.612926028383947497e-01,1.509211645452181172e-01,1.480257610196869800e-01
7.349999999999999867e-01,2.993839151574426150e-02,5.858970602786468806e-02,7.894839544173461177e-02,4.482187738664061144e-02,2.152394475832923593e-01,-6.413265196622801832e-03,8.686050714021181784e-02,2.725850279486986549e-01,9.279393980695072042e-01,-5.011637316435042788e-02,1.098906645199006960e+01,2.033680636261387537e-02,2.414430023308831996e-02,2.113413209487932654e-02,2.032158187029937946e-02,1.480408498791623007e-01,1.613048792296019329e-01,1.509149977844996826e-01,1.479854265074597996e-01
7.375000000000000444e-01,2.991246883876935367e-02,5.862784277535787458e-02,7.896404905953145759e-02,4.479218474399176281e-02,2.157168666697992232e-01,-5.820083075270722148e-03,8.684696951916670571e-02,2.733666275654793032e-01,9.278145091541125655e-01,-4.979475643348490327e-02,1.099326199131627035e+01,2.032585396701112185e-02,2.414466944287775932e-02,2.112954364602612559e-02,2.030771834757916228e-02,1.480109413158371412e-01,1.613169685236698070e-01,1.509087698036652159e-01,1.479448956497851908e-01
7.399999999999999911e-01,2.988667673118273679e-02,5.866570420207154607e-02,7.897952320840569140e-02,4.476439122902448747e-02,2.161938190137021876e-01,-5.226915006913443289e-03,8.683318675123868902e-02,2.741477157116681829e-01,9.276904243022225938e-01,-4.947312184223345843e-02,1.099747090149685391e+01,2.031488323488311182e-02,2.414500285276005229e-02,2.112495691480220650e-02,2.029382464151312931e-02,1.479808877372179310e-01,1.613288706500370651e-01,1.509024806272038222e-01,1.479041686807383849e-01
7.425000000000000488e-01,2.986101416081866564e-02,5.870328900180957904e-02,7.899481752658879530e-02,4.473850520029029609e-02,2.166703051416462855e-01,-4.633759103313580228e-03,8.681915879748747233e-02,2.749283022106128183e-01,9.275671435623958905e-01,-4.915146625653326468e-02,1.100169319075474128e+01,2.030389422597364893e-02,2.414530046204345012e-02,2.112037191346648191e-02,2.027990085269354426e-02,1.479506892911275351e-01,1.613405855378969300e-01,1.508961302792056480e-01,1.478632458328048016e-01
7.449999999999999956e-01,2.983548008646171729e-02,5.874059586631714264e-02,7.900993165098871285e-02,4.471453470819443388e-02,2.171463256117584784e-01,-4.040613441539782358e-03,8.680488561957332150e-02,2.757083967695647675e-01,9.274446669910905161e-01,-4.882978648928069931e-02,1.100592886744182408e+01,2.029288699999366730e-02,2.414556227008047423e-02,2.111578865426898960e-02,2.026594708127227307e-02,1.479203461251880902e-01,1.613521131161794464e-01,1.508897187833513898e-01,1.478221273368924282e-01
7.475000000000000533e-01,2.981007345795958982e-02,5.877762348531132691e-02,7.902486521728079027e-02,4.469248749418922029e-02,2.176218810149346539e-01,-3.447476062995346886e-03,8.679036717985520732e-02,2.764880089789072959e-01,9.273229946528001033e-01,-4.850807930013162350e-02,1.101017794003890771e+01,2.028186161661927125e-02,2.414578827626577551e-02,2.111120714945087518e-02,2.025196342696735166e-02,1.478898583868038241e-01,1.613634533135324400e-01,1.508832461629008304e-01,1.477808134223432546e-01
7.500000000000000000e-01,2.978479321633933224e-02,5.881437054651182661e-02,7.903961785999963352e-02,4.467237099005002404e-02,2.180969719761380876e-01,-2.854344972452102763e-03,8.677560344148929627e-02,2.772671483114712565e-01,9.272021266201854184e-01,-4.818634139530724586e-02,1.101444041715564559e+01,2.027081813548971267e-02,2.414597848003395553e-02,2.110662741124435041e-02,2.023794998906955356e-02,1.478592262231436805e-01,1.613746060583029496e-01,1.508767124406818760e-01,1.477393043169457354e-01
7.525000000000000577e-01,2.975963829392788002e-02,5.885083573567166659e-02,7.905418921263142329e-02,4.465419231723112559e-02,2.185715991557085902e-01,-2.261218137089194332e-03,8.676059436852828766e-02,2.780458241219375126e-01,9.270820629742086982e-01,-4.786456942740631437e-02,1.101871630753050901e+01,2.025975661620530582e-02,2.414613288085731835e-02,2.110204945187266895e-02,2.022390686644899571e-02,1.478284497811237497e-01,1.613855712785181029e-01,1.508701176390794263e-01,1.476976002469467253e-01
7.550000000000000044e-01,2.973460761447639308e-02,5.888701773660848932e-02,7.906857890770641051e-02,4.463795828630248708e-02,2.190457632506829788e-01,-1.668093485536626796e-03,8.674533992602093124e-02,2.788240456463296213e-01,9.269628038042675433e-01,-4.754275999522294960e-02,1.102300562003073736e+01,2.024867711832529019e-02,2.414625147824356680e-02,2.109747328355007084e-02,2.020983415756174781e-02,1.477975292073893943e-01,1.613963489018658548e-01,1.508634617800239386e-01,1.476557014370638299e-01
7.575000000000000622e-01,2.970970009328853176e-02,5.892291523123542596e-02,7.908278657689239710e-02,4.462367539646503595e-02,2.195194649961255406e-01,-1.074968906925766188e-03,8.672984008011315471e-02,2.796018220015973887e-01,9.268443492083310309e-01,-4.722090964357116005e-02,1.102730836365232392e+01,2.023757970136563084e-02,2.414633427173344671e-02,2.109289891848174781e-02,2.019573196045645891e-02,1.477664646482969857e-01,1.614069388556753915e-01,1.508567448849802428e-01,1.476136081104976183e-01
7.600000000000000089e-01,2.968491463735271896e-02,5.895852689959271004e-02,7.909681185108845269e-02,4.461134983514376817e-02,2.199927051664695432e-01,-4.818422499453872080e-04,8.671409479814939925e-02,2.803791621852891325e-01,9.267266992930727199e-01,-4.689901486311558870e-02,1.103162454752002475e+01,2.022646442479675635e-02,2.414638126089833567e-02,2.108832636886378425e-02,2.018160037278098409e-02,1.477352562498957522e-01,1.614173410668976183e-01,1.508499669749363004e-01,1.475713204889441132e-01
7.625000000000000666e-01,2.966025014547848948e-02,5.899385141987913833e-02,7.911065436051924193e-02,4.460098747765731814e-02,2.204654845768698745e-01,1.112886780962560080e-04,8.669810404877456578e-02,2.811560750753199778e-01,9.266098541740079853e-01,-4.657707209020864325e-02,1.103595418088734270e+01,2.021533134804123083e-02,2.414639244533776929e-02,2.108375564688310527e-02,2.016743949178901457e-02,1.477039041579089607e-01,1.614275554620849817e-01,1.508431280703916300e-01,1.475288387926071421e-01
7.650000000000000133e-01,2.963570550843685342e-02,5.902888746848338614e-02,7.912431373482949060e-02,4.459259388696309306e-02,2.209378040845650371e-01,7.044261121999112214e-04,8.668186780203633590e-02,2.819325694298306928e-01,9.264938139756295765e-01,-4.625507770673450980e-02,1.104029727313657716e+01,2.020418053047138771e-02,2.414636782467692588e-02,2.107918676471741415e-02,2.015324941434670433e-02,1.476724085177150980e-01,1.614375819673713741e-01,1.508362281913459280e-01,1.474861632402107436e-01
7.675000000000000711e-01,2.961127960910467719e-02,5.906363372001612044e-02,7.913778960317952027e-02,4.458617431347589727e-02,2.214096645902499383e-01,1.297572330599164239e-03,8.666538602948906100e-02,2.827086538871418919e-01,9.263785788315429537e-01,-4.593302803995992500e-02,1.104465383377885779e+01,2.019301203140687687e-02,2.414630739856403821e-02,2.107461973453512299e-02,2.013903023693927596e-02,1.476407694743287757e-01,1.614474205084518443e-01,1.508292673572877995e-01,1.474432940490117416e-01
7.700000000000000178e-01,2.958697132261305443e-02,5.909808884734148171e-02,7.915108159434028345e-02,4.458173369495877641e-02,2.218810670394588680e-01,1.890729655673994763e-03,8.664865870429712402e-02,2.834843369658008871e-01,9.262641488846045101e-01,-4.561091936239195649e-02,1.104902387245419249e+01,2.018182591011216664e-02,2.414621116666778103e-02,2.107005456849527641e-02,2.012478205567763342e-02,1.476089871723813007e-01,1.614570710105619755e-01,1.508222455871828516e-01,1.474002314348120124e-01
7.724999999999999645e-01,2.956277951649994087e-02,5.913225152160917625e-02,7.916418933678970316e-02,4.457927665648443727e-02,2.223520124239578011e-01,2.483900454857227661e-03,8.663168580133971675e-02,2.842596270647267942e-01,9.261505242870576859e-01,-4.528874789164283321e-02,1.105340739893156865e+01,2.017062222579397643e-02,2.414607912867456491e-02,2.106549127874748212e-02,2.011050496630492970e-02,1.475770617561011355e-01,1.614665333984569573e-01,1.508151628994624516e-01,1.473569756119710306e-01
7.750000000000000222e-01,2.953870305086681372e-02,5.916612041228627022e-02,7.917711245880866555e-02,4.457880751046636864e-02,2.228225017831478583e-01,3.077087141531477995e-03,8.661446729731551997e-02,2.850345324634480093e-01,9.260377052006708576e-01,-4.496650979030220735e-02,1.105780442310900646e+01,2.015940103759865723e-02,2.414591128428581965e-02,2.106092987743182071e-02,2.009619906420313101e-02,1.475449933692938864e-01,1.614758075963907413e-01,1.508080193120120149e-01,1.473135267934181092e-01
7.774999999999999689e-01,2.951474077853926542e-02,5.919969418718941390e-02,7.918985058857792858e-02,4.458033025675596506e-02,2.232925362054761775e-01,3.670292175917058610e-03,8.659700317084856325e-02,2.858090613224372190e-01,9.259256917968746725e-01,-4.464420116581678533e-02,1.106221495501372054e+01,2.014816240460949939e-02,2.414570763321519792e-02,2.105637037667876243e-02,2.008186444439952895e-02,1.475127821553222085e-01,1.614848935280948083e-01,1.508008148421593475e-01,1.472698851906648065e-01
7.800000000000000266e-01,2.949089154523196893e-02,5.923297151251676745e-02,7.920240335427458644e-02,4.458384858280602103e-02,2.237621168298586372e-01,4.263518065950861087e-03,8.657929340259394591e-02,2.865832216835427215e-01,9.258144842568999389e-01,-4.432181807037752219e-02,1.106663900480221407e+01,2.013690638584399173e-02,2.414546817518573030e-02,2.105181278860907002e-02,2.006750120157324221e-02,1.474804282570856551e-01,1.614937911167567686e-01,1.507935495066630438e-01,1.472260510138171663e-01
7.824999999999999734e-01,2.946715418971759468e-02,5.926595105288014892e-02,7.921477038416982475e-02,4.458936586389698059e-02,2.242312448471097952e-01,4.856767368153165620e-03,8.656133797534455721e-02,2.873570214705140624e-01,9.257040827719166254e-01,-4.399935650081469168e-02,1.107107658276044759e+01,2.012563304025100780e-02,2.414519290992694911e-02,2.104725712533369805e-02,2.005310943006166635e-02,1.474479318169996944e-01,1.615025002849987679e-01,1.507862233217006076e-01,1.471820244715877357e-01
7.850000000000000311e-01,2.944352754399983535e-02,5.929863147133737633e-02,7.922695130672609276e-02,4.459688516342479730e-02,2.246999215013835982e-01,5.450042688486390723e-03,8.654313687413803247e-02,2.881304684896259793e-01,9.255944875431723062e-01,-4.367681239850096375e-02,1.107552769930401659e+01,2.011434242670793668e-02,2.414488183717193592e-02,2.104270339895369241e-02,2.003868922386687138e-02,1.474152929769750320e-01,1.615110209548556719e-01,1.507788363028568779e-01,1.471378057713077225e-01
7.874999999999999778e-01,2.942001043349072587e-02,5.933101142942442952e-02,7.923894575069480306e-02,4.460640923324813573e-02,2.251681480916216116e-01,6.043346683201960938e-03,8.652469008636382020e-02,2.889035704303964947e-01,9.254856987821289405e-01,-4.335418164926234386e-02,1.107999236497833628e+01,2.010303460401774434e-02,2.414453495665434823e-02,2.103815162156007224e-02,2.002424067666196475e-02,1.473825118783967103e-01,1.615193530477534167e-01,1.507713884651123160e-01,1.470933951189389854e-01
7.900000000000000355e-01,2.939660167719186298e-02,5.936308958718754941e-02,7.925075334521446135e-02,4.461794051409279094e-02,2.256359259730110478e-01,6.636682059674410029e-03,8.650599760187152598e-02,2.896763348664027626e-01,9.253777167106054247e-01,-4.303146008329759159e-02,1.108447059045886540e+01,2.009170963090598644e-02,2.414415226810536982e-02,2.103360180523372591e-02,2.000976388179738844e-02,1.473495886621022655e-01,1.615274964844863603e-01,1.507638798228309318e-01,1.470487927190854693e-01
7.924999999999999822e-01,2.937330008787978827e-02,5.939486460321586475e-02,7.926237371990869918e-02,4.463148113601071026e-02,2.261032565584501774e-01,7.230051577226097141e-03,8.648705941307847922e-02,2.904487692561894541e-01,9.252705415609134842e-01,-4.270864347510621578e-02,1.108896238655133892e+01,2.008036756601774483e-02,2.414373377125063336e-02,2.102905396204528266e-02,1.999525893230716042e-02,1.473165234683606328e-01,1.615354511851955777e-01,1.507563103897486823e-01,1.470039987750052513e-01
7.950000000000000400e-01,2.935010447229577032e-02,5.942633513467340811e-02,7.927380650498466741e-02,4.464703291889212527e-02,2.265701413200230663e-01,7.823458047938302781e-03,8.646787551507878478e-02,2.912208809442757840e-01,9.251641735759985608e-01,-4.238572754342471299e-02,1.109346776419204872e+01,2.006900846791451198e-02,2.414327946580708747e-02,2.102450810405498416e-02,1.998072592091506075e-02,1.472833164368500258e-01,1.615432170693460179e-01,1.507486801789615916e-01,1.469590134886217536e-01
7.974999999999999867e-01,2.932701363133920214e-02,5.945749983733174260e-02,7.928505133133140204e-02,4.466459737302767158e-02,2.270365817904815842e-01,8.416904337450101942e-03,8.644844590575173626e-02,2.919926771622522454e-01,9.250586130095790338e-01,-4.206270795117203476e-02,1.109798673444811712e+01,2.005763239507100601e-02,2.414278935147982572e-02,2.101996424331255969e-02,1.996616494004072734e-02,1.472499677066359536e-01,1.615507940557039668e-01,1.507409892029138165e-01,1.469138370605350408e-01
8.000000000000000444e-01,2.930402636026550878e-02,5.948835736560229709e-02,7.929610783061871726e-02,4.468417569971872699e-02,2.275025795647359905e-01,9.010393365743848623e-03,8.642877058587140893e-02,2.927641650299756537e-01,9.249538601262863313e-01,-4.173958030540378394e-02,1.110251930851781310e+01,2.004623940587192676e-02,2.414226342795886340e-02,2.101542239185708039e-02,1.995157608180570669e-02,1.472164774161487666e-01,1.615581820623143705e-01,1.507332374733856839e-01,1.468684696900328657e-01
8.024999999999999911e-01,2.928114144888799633e-02,5.951890637256878475e-02,7.930697563539537698e-02,4.470576879193338682e-02,2.279681363013515982e-01,9.603928107918316068e-03,8.640884955921551702e-02,2.935353515568532301e-01,9.248499152018030411e-01,-4.141634015727571616e-02,1.110706549773090224e+01,2.003482955860864945e-02,2.414170169491586596e-02,2.101088256171682045e-02,1.993695943803939705e-02,1.471828457031614523e-01,1.615653810064779095e-01,1.507254250014820052e-01,1.468229115751016889e-01
8.050000000000000488e-01,2.925835768178371155e-02,5.954914551001974643e-02,7.931765437918843198e-02,4.472937723500504392e-02,2.284332537240547356e-01,1.019751159494748823e-02,8.638868283267558956e-02,2.943062436432209439e-01,9.247467785230050197e-01,-4.109298300201661563e-02,1.111162531354899485e+01,2.002340291147585577e-02,2.414110415200085291e-02,2.100634476490911146e-02,1.992231510028493607e-02,1.471490727047663760e-01,1.615723908047277391e-01,1.507175517976199197e-01,1.467771629124370036e-01
8.074999999999999956e-01,2.923567383850350643e-02,5.957907342848117738e-02,7.932814369660176612e-02,4.475500130737211646e-02,2.288979336232446760e-01,1.079114691442445949e-02,8.636827041636657709e-02,2.950768480818107276e-01,9.246444503880987265e-01,-4.076950427891064266e-02,1.111619876756595815e+01,2.001195952256809921e-02,2.414047079883883951e-02,2.100180901344018622e-02,1.990764315980498092e-02,1.471151585573527987e-01,1.615792113728066193e-01,1.507096178715170431e-01,1.467312238974539940e-01
8.100000000000000533e-01,2.921308869378594700e-02,5.960868877724909143e-02,7.933844322341503108e-02,4.478264098135555787e-02,2.293621778575118397e-01,1.138483721129250961e-02,8.634761232373687478e-02,2.958471715593091189e-01,9.245429311067632216e-01,-4.044589937128947876e-02,1.112078587150832121e+01,2.000049944987631820e-02,2.413980163502645049e-02,2.099727531930501573e-02,1.989294370758740854e-02,1.470811033965830905e-01,1.615858426256432945e-01,1.507016232321795601e-01,1.466850947242975545e-01
8.125000000000000000e-01,2.919060101777552416e-02,5.963799020442232118e-02,7.934855259668244232e-02,4.481229592397214384e-02,2.298259883551636018e-01,1.197858568855966754e-02,8.632670857167858147e-02,2.966172206580023896e-01,9.244422210002889440e-01,-4.012216360653452635e-02,1.112538663723573684e+01,1.998902275128426956e-02,2.413909666012848537e-02,2.099274369448715302e-02,1.987821683435092232e-02,1.470469073573696384e-01,1.615922844773291511e-01,1.506935678878900953e-01,1.466387755858520325e-01
8.150000000000000577e-01,2.916820957624452135e-02,5.966697635693524182e-02,7.935847145483169995e-02,4.484396549777994179e-02,2.302893671157559552e-01,1.257239560799882673e-02,8.630555918063788357e-02,2.973870018575103247e-01,9.243423204017175987e-01,-3.979829225608898235e-02,1.113000107674144701e+01,1.997752948456491678e-02,2.413835587367444899e-02,2.098821415095855278e-02,1.986346263055054767e-02,1.470125705738510036e-01,1.615985368410946532e-01,1.506854518461959724e-01,1.465922666737509983e-01
8.175000000000000044e-01,2.914591313081922944e-02,5.969564588059077942e-02,7.936819943776278474e-02,4.487764876175562301e-02,2.307523162116308091e-01,1.316627029083204149e-02,8.628416417472520306e-02,2.981565215366033250e-01,9.242432296559826010e-01,-3.947428053548061172e-02,1.113462920215280505e+01,1.996601970737674203e-02,2.413757927515504734e-02,2.098368670067939784e-02,1.984868118638303050e-02,1.469780931793678858e-01,1.616045996292855558e-01,1.506772751138969746e-01,1.465455681783862929e-01
8.200000000000000622e-01,2.912371043920985308e-02,5.972399742009341234e-02,7.937773618694682343e-02,4.491334447219754583e-02,2.312148377894597817e-01,1.376021311839838168e-02,8.626252358182628921e-02,2.989257859751057733e-01,9.241449491200480759e-01,-3.915012360435474875e-02,1.113927102573179972e+01,1.995449347726001299e-02,2.413676686401863836e-02,2.097916135559792575e-02,1.983387259179213158e-02,1.469434753064392529e-01,1.616104727533392016e-01,1.506690376970336032e-01,1.464986802889171047e-01
8.225000000000000089e-01,2.910160025544433759e-02,5.975202961908242932e-02,7.938708134552453777e-02,4.495105108365585883e-02,2.316769340717918513e-01,1.435422753280645933e-02,8.624063743371197799e-02,2.996948013558789481e-01,9.240474791630488571e-01,-3.882581656651830360e-02,1.114392655987563963e+01,1.994295085163296649e-02,2.413591863966765144e-02,2.097463812765023444e-02,1.981903693647380990e-02,1.469087170867375836e-01,1.616161561237605959e-01,1.506607396008749211e-01,1.464516031932786289e-01
8.250000000000000666e-01,2.907958133010638685e-02,5.977974112016520153e-02,7.939623455840497113e-02,4.499076674988376767e-02,2.321386073586078347e-01,1.494831703756877191e-02,8.621850576614917272e-02,3.004635737668857609e-01,9.239508201664300424e-01,-3.850135446999456562e-02,1.114859581711733938e+01,1.993139188778794701e-02,2.413503460145497576e-02,2.097011702876009145e-02,1.980417430988128114e-02,1.468738186510646082e-01,1.616216496500983424e-01,1.506523808299067013e-01,1.464043370781902276e-01
8.275000000000000133e-01,2.905765241057685702e-02,5.980713056495094021e-02,7.940519547236365994e-02,4.503248932480997946e-02,2.325998600288777252e-01,1.554248519822045912e-02,8.619612861901120027e-02,3.012321092033329872e-01,9.238549725240865484e-01,-3.817673230708917842e-02,1.115327881012636446e+01,1.991981664288746887e-02,2.413411474868030690e-02,2.096559807083873614e-02,1.978928480122996852e-02,1.468387801293262740e-01,1.616269532409206067e-01,1.506439613878193806e-01,1.463568821291634792e-01
8.300000000000000711e-01,2.903581224127950097e-02,5.983419659408437119e-02,7.941396373614120763e-02,4.507621636352756450e-02,2.330606945421240805e-01,1.613673564291905754e-02,8.617350603638819495e-02,3.020004135698904912e-01,9.237599366425017777e-01,-3.785194501446764725e-02,1.115797555170929023e+01,1.990822517396023672e-02,2.413315908058646583e-02,2.096108126578467845e-02,1.977436849950232195e-02,1.468036016505077923e-01,1.616320668037909136e-01,1.506354812774960694e-01,1.463092385305097276e-01
8.325000000000000178e-01,2.901405956393014046e-02,5.986093784727988115e-02,7.942253900054109528e-02,4.512194512329767426e-02,2.335211134399887978e-01,1.673107206302779093e-02,8.615063806669751023e-02,3.027684926829826706e-01,9.236657129408868405e-01,-3.752698747324435813e-02,1.116268605481050535e+01,1.989661753789708290e-02,2.413216759635569003e-02,2.095656662548348731e-02,1.975942549345252250e-02,1.467682833426484923e-01,1.616369902452439722e-01,1.506269405010007556e-01,1.462614064653472989e-01
8.349999999999999645e-01,2.899239311778968944e-02,5.988735296335580965e-02,7.943092091852761716e-02,4.516967256456683177e-02,2.339811193478021634e-01,1.732549821368029389e-02,8.612752476279390834e-02,3.035363522731540087e-01,9.235723018513203320e-01,-3.720185450908343461e-02,1.116741033251294191e+01,1.988499379144685608e-02,2.413114029510587955e-02,2.095205416180757549e-02,1.974445587161105173e-02,1.467328253328160914e-01,1.616417234707611672e-01,1.506183390595660365e-01,1.462133861156082737e-01
8.375000000000000222e-01,2.897081163992102151e-02,5.991344058026932401e-02,7.943910914532351097e-02,4.521939535199236138e-02,2.344407149761578713e-01,1.792001791432637839e-02,8.610416618207951400e-02,3.043039979875019618e-01,9.234797038188846674e-01,-3.687654089231146015e-02,1.117214839803884097e+01,1.987335399121224408e-02,2.413007717588684306e-02,2.094754388661598798e-02,1.972945972228912562e-02,1.466972277470813824e-01,1.616462663847464676e-01,1.506096769535816282e-01,1.461651776620450927e-01
8.399999999999999689e-01,2.894931386544927210e-02,5.993919933515139825e-02,7.944710333850726891e-02,4.527110985547661004e-02,2.348999031224888179e-01,1.851463504926012527e-02,8.608056238661362936e-02,3.050714353921784583e-01,9.233879193018058595e-01,-3.655104133804289168e-02,1.117690026475056442e+01,1.986169819364553765e-02,2.412897823767648844e-02,2.094303581175417303e-02,1.971443713358301056e-02,1.466614907104921983e-01,1.616506188905018349e-01,1.506009541825821529e-01,1.461167812842364688e-01
8.425000000000000266e-01,2.892789852782599522e-02,5.996462786434229864e-02,7.945490315811042092e-02,4.532481215120525569e-02,2.353586866726463389e-01,1.910935356812732203e-02,8.605671344322252114e-02,3.058386699749549020e-01,9.232969487715912971e-01,-3.622535050631754683e-02,1.118166594615142273e+01,1.985002645504433186e-02,2.412784347937699247e-02,2.093852994905374271e-02,1.969938819337817976e-02,1.466256143470472950e-01,1.616547808902026873e-01,1.505921707452353431e-01,1.460681971605930773e-01
8.449999999999999734e-01,2.890656435909672028e-02,5.998972480342770752e-02,7.946250826671406864e-02,4.538049802268838417e-02,2.358170686024813056e-01,1.970417748641551878e-02,8.603261942360879155e-02,3.066057071478487384e-01,9.232067927131669682e-01,-3.589946300225076159e-02,1.118644545588655248e+01,1.983833883154716843e-02,2.412667289981096017e-02,2.093402631033225089e-02,1.968431298935334126e-02,1.465895987796702604e-01,1.616587522848735026e-01,1.505833266393301340e-01,1.460194254683627180e-01
8.475000000000000311e-01,2.888531009017226980e-02,6.001448878727518726e-02,7.946991832954557189e-02,4.543816296180255843e-02,2.362750519794269977e-01,2.029911088592300725e-02,8.600828040446004130e-02,3.073725522498096385e-01,9.231174516250142403e-01,-3.557337337619721762e-02,1.119123880774383828e+01,1.982663537912911916e-02,2.412546649771754592e-02,2.092952490739295041e-02,1.966921160898433066e-02,1.465534441301828972e-01,1.616625329743632822e-01,1.505744218617650065e-01,1.459704663836352834e-01
8.499999999999999778e-01,2.886413445110323772e-02,6.003891845007109512e-02,7.947713301457444424e-02,4.549780216983006359e-02,2.367326399640833912e-01,2.089415791520773252e-02,8.598369646755814333e-02,3.081392105494624167e-01,9.230289260193067502e-01,-3.524707612392678768e-02,1.119604601565483470e+01,1.981491615359730687e-02,2.412422427174856082e-02,2.092502575202453627e-02,1.965408413954784772e-02,1.465171505192787438e-01,1.616661228573209041e-01,1.505654564085359137e-01,1.459213200813469224e-01
8.525000000000000355e-01,2.884303617135818704e-02,6.006301242535878882e-02,7.948415199260837338e-02,4.555941055849477977e-02,2.371898358118029460e-01,2.148932279001707080e-02,8.595886769988725362e-02,3.089056872479021831e-01,9.229412164220477388e-01,-3.492056568681482787e-02,1.120086709369577527e+01,1.980318121058636388e-02,2.412294622046454867e-02,2.092052885600090284e-02,1.963893066812505070e-02,1.464807180664960962e-01,1.616695218311705040e-01,1.505564302747247618e-01,1.458719867352841482e-01
8.549999999999999822e-01,2.882201398010508786e-02,6.008676934607654757e-02,7.949097493738843667e-02,4.562298275099111594e-02,2.376466428742753934e-01,2.208460979369571489e-02,8.593379419374197470e-02,3.096719874815396234e-01,9.228543233732032780e-01,-3.459383645204546637e-02,1.120570205608858672e+01,1.979143060555383846e-02,2.412163234233086206e-02,2.091603423108089055e-02,1.962375128160500498e-02,1.464441468901911958e-01,1.616727297920870776e-01,1.505473434544875588e-01,1.458224665180873070e-01
8.575000000000000400e-01,2.880106660649616943e-02,6.011018784459722791e-02,7.949760152568410843e-02,4.568851308300598407e-02,2.381030646011139951e-01,2.268002327757412395e-02,8.590847604683483907e-02,3.104381163249962383e-01,9.227682474268401602e-01,-3.426688275282913088e-02,1.121055091720194774e+01,1.977966439377553884e-02,2.412028263571369333e-02,2.091154188900801528e-02,1.960854606668797559e-02,1.464074371075108350e-01,1.616757466349717787e-01,1.505381959410427573e-01,1.457727596012535765e-01
8.599999999999999867e-01,2.878019277995580091e-02,6.013326655276798882e-02,7.950403143738780931e-02,4.575599560372942826e-02,2.385591045414405253e-01,2.327556766133489705e-02,8.588291336240337637e-02,3.112040787940401620e-01,9.226829891512590143e-01,-3.393969886863391905e-02,1.121541369155239387e+01,1.976788263034081825e-02,2.411889709887610547e-02,2.090705184151020468e-02,1.959331510988857050e-02,1.463705888343651562e-01,1.616785722534272440e-01,1.505289877266596243e-01,1.457228661551396021e-01
8.625000000000000444e-01,2.875939123047193888e-02,6.015600410195150877e-02,7.951026435560896999e-02,4.582542407685379765e-02,2.390147663454705029e-01,2.387124743335784435e-02,8.585710624931672252e-02,3.119698798485653901e-01,9.225985491291286422e-01,-3.361227902543146434e-02,1.122029039380544013e+01,1.975608537014780092e-02,2.411747572997405623e-02,2.090256410029953105e-02,1.957805849753873825e-02,1.463336021854000357e-01,1.616812065397332243e-01,1.505197188026465849e-01,1.456727863489637176e-01
8.649999999999999911e-01,2.873866068889045430e-02,6.017839912306802153e-02,7.951629996676762291e-02,4.589679198155961759e-02,2.394700537660953976e-01,2.446706715104500843e-02,8.583105482218172932e-02,3.127355243956081998e-01,9.225149279576196903e-01,-3.328461739595743596e-02,1.122518103877678541e+01,1.974427266789855612e-02,2.411601852705238039e-02,2.089807867707192332e-02,1.956277631579059206e-02,1.462964772739693831e-01,1.616836493848218537e-01,1.505103891593397580e-01,1.456225203508074717e-01
8.675000000000000488e-01,2.871799988721253707e-02,6.020045024663820549e-02,7.952213796068749452e-02,4.597009251348547348e-02,2.399249706604646981e-01,2.506303144112092054e-02,8.580475920144838009e-02,3.135010172923982097e-01,9.224321262485368766e-01,-3.295670809998660356e-02,1.123008564143350974e+01,1.973244457809420274e-02,2.411452548804078957e-02,2.089359558350688956e-02,1.954746865061910213e-02,1.462592142121074412e-01,1.616859006782534192e-01,1.505009987860914389e-01,1.455720683276170990e-01
8.699999999999999956e-01,2.869740755889534783e-02,6.022215610282752318e-02,7.952777803068873663e-02,4.604531858568152586e-02,2.403795209915649544e-01,2.565914499991423306e-02,8.577821951351471963e-02,3.142663633494393594e-01,9.223501446284515515e-01,-3.262854520462340341e-02,1.123500421689533191e+01,1.972060115502997577e-02,2.411299661074983725e-02,2.088911483126723589e-02,1.953213558782461445e-02,1.462218131105005592e-01,1.616879603081915751e-01,1.504915476712586075e-01,1.455214304452041030e-01
8.725000000000000533e-01,2.867688243915537949e-02,6.024351532149185839e-02,7.953321987367976964e-02,4.612246282954422794e-02,2.408337088297958783e-01,2.625541259361469093e-02,8.575143589083093765e-02,3.150315673336191447e-01,9.222689837388333700e-01,-3.230012272460727751e-02,1.123993678043592226e+01,1.970874245279021983e-02,2.411143189286689414e-02,2.088463643199876471e-02,1.951677721303521698e-02,1.461842740784590755e-01,1.616898281613791954e-01,1.504820358021916049e-01,1.454706068682456721e-01
8.750000000000000000e-01,2.865642326527474693e-02,6.026452653222425654e-02,7.953846319024909794e-02,4.620151759573196820e-02,2.412875383545436125e-01,2.685183905850882513e-02,8.572440847200324399e-02,3.157966339713432768e-01,9.221886442361793002e-01,-3.197143462263406233e-02,1.124488334748421714e+01,1.969686852524333773e-02,2.410983133195209599e-02,2.088016039732998319e-02,1.950139361170894967e-02,1.461465972238892019e-01,1.616915041231139494e-01,1.504724631652229194e-01,1.454195977602845413e-01
8.775000000000000577e-01,2.863602877691053331e-02,6.028518836440351775e-02,7.954350768475593192e-02,4.628247495505967424e-02,2.417410138557505306e-01,2.744842930119239729e-02,8.569713740189646711e-02,3.165615679516876058e-01,9.221091267921451839e-01,-3.164247480969278881e-02,1.124984393362582225e+01,1.968497942603667991e-02,2.410819492543430156e-02,2.087568673887179801e-02,1.948598486913585837e-02,1.461087826532642964e-01,1.616929880772239592e-01,1.504628297456556685e-01,1.453684032837282702e-01
8.800000000000000044e-01,2.861569771640639498e-02,6.030549944724397649e-02,7.954835306542072659e-02,4.636532669937110107e-02,2.421941397354793191e-01,2.804518829876054969e-02,8.566962283173619463e-02,3.173263739295701380e-01,9.220304320936729692e-01,-3.131323714541878883e-02,1.125481855460440883e+01,1.967307520859137501e-02,2.410652267060703347e-02,2.087121546821720311e-02,1.947055107043988223e-02,1.460708304715964967e-01,1.616942799060437641e-01,1.504531355277528293e-01,1.453170235998483550e-01
8.825000000000000622e-01,2.859542882910745196e-02,6.032545840984721713e-02,7.955299904441499870e-02,4.645006434238915100e-02,2.426469205094746728e-01,2.864212109897460931e-02,8.564186491921031708e-02,3.180910565289339353e-01,9.219525608431193842e-01,-3.098371543846278192e-02,1.125980722632318276e+01,1.966115592609711180e-02,2.410481456462442232e-02,2.086674659694098127e-02,1.945509230058059189e-02,1.460327407824077994e-01,1.616953794903900898e-01,1.504433804947258035e-01,1.452654588687786741e-01
8.850000000000000089e-01,2.857522086367720801e-02,6.034506388125564919e-02,7.955744533795008899e-02,4.653667912054145622e-02,2.430993608087173019e-01,2.923923282040572294e-02,8.561386382856923938e-02,3.188556203459402827e-01,9.218755137583833914e-01,-3.065390344687681651e-02,1.126480996484640151e+01,1.964922163150687948e-02,2.410307060449714406e-02,2.086228013659937111e-02,1.943960864435476457e-02,1.459945136877013883e-01,1.616962867095378120e-01,1.504335646287235095e-01,1.452137092495132953e-01
8.875000000000000666e-01,2.855507257241735042e-02,6.036431449050774778e-02,7.956169166636610501e-02,4.662516199376243176e-02,2.435514653809729979e-01,2.983652865255528516e-02,8.558561973072587037e-02,3.196200699521681288e-01,9.217992915730317538e-01,-3.032379487851667374e-02,1.126982678640088231e+01,1.963727237753162824e-02,2.410129078708836761e-02,2.085781609872976172e-02,1.942410018639781008e-02,1.459561492879324629e-01,1.616970014411961976e-01,1.504236879108215297e-01,1.451617748999043112e-01
8.900000000000000133e-01,2.853498271158996097e-02,6.038320886669577836e-02,7.956573775421932337e-02,4.671550364626951557e-02,2.440032390923368710e-01,3.043401385595185735e-02,8.555713280335415505e-02,3.203844098978136379e-01,9.217238950364226024e-01,-2.999338339146141383e-02,1.127485770737761150e+01,1.962530821663489855e-02,2.409947510910968524e-02,2.085335449485034923e-02,1.940856701118502670e-02,1.459176476819794011e-01,1.616975235614850626e-01,1.504137503210112581e-01,1.451096559766588967e-01
8.925000000000000711e-01,2.851495004174186415e-02,6.040174563902534627e-02,7.956958333036961983e-02,4.680769448731496307e-02,2.444546869287669011e-01,3.103169376222425155e-02,8.552840323098707953e-02,3.211486447148896306e-01,9.216493249138318911e-01,-2.966266259445014472e-02,1.127990274433336992e+01,1.961332920102740185e-02,2.409762356711706022e-02,2.084889533645981757e-02,1.939300920303270795e-02,1.458790089671143930e-01,1.616978529449110413e-01,1.504037518381890759e-01,1.450573526353359510e-01
8.950000000000000178e-01,2.849497332803163294e-02,6.041992343687745820e-02,7.957322812806655321e-02,4.690172465191087825e-02,2.449058139976145465e-01,3.162957377415163973e-02,8.549943120511353800e-02,3.219127789204181411e-01,9.215755819865746323e-01,-2.933162604733615189e-02,1.128496191399238491e+01,1.960133538266153191e-02,2.409573615750677453e-02,2.084443863503700201e-02,1.937742684609910018e-02,1.458402332389740763e-01,1.616979894643441329e-01,1.503936924401457209e-01,1.450048650303422948e-01
8.974999999999999645e-01,2.847505134055851317e-02,6.043774088987303311e-02,7.957667188503532441e-02,4.699758400152895949e-02,2.453566255291438347e-01,3.222765936568834644e-02,8.547021692427420048e-02,3.226768170196127605e-01,9.215026670521266894e-01,-2.900026726155880905e-02,1.129003523324803737e+01,1.958932681322584843e-02,2.409381287651138001e-02,2.083998440204054212e-02,1.936182002438519359e-02,1.458013205915303645e-01,1.616979329909943586e-01,1.503835721035557405e-01,1.449521933149286457e-01
9.000000000000000222e-01,2.845518285469357533e-02,6.045519662794023030e-02,7.957991434356190275e-02,4.709526212477407880e-02,2.458071268780430974e-01,3.282595608196593046e-02,8.544076059415660340e-02,3.234407635090477684e-01,9.214305809242453460e-01,-2.866857970063368261e-02,1.129512271916462396e+01,1.957730354413949117e-02,2.409185372019565646e-02,2.083553264890854531e-02,1.934618882173537446e-02,1.457622711170607765e-01,1.616976833943884195e-01,1.503733908039671108e-01,1.448993376411848444e-01
9.024999999999999689e-01,2.843536665141305556e-02,6.047228928138412979e-02,7.958295525057670905e-02,4.719474833803223579e-02,2.462573235249279346e-01,3.342446953927113995e-02,8.541106242768875534e-02,3.242046228798106111e-01,9.213593244330887666e-01,-2.833655678066012568e-02,1.130022438897914405e+01,1.956526562654656992e-02,2.408985868445258707e-02,2.083108338705823293e-02,1.933053332183791440e-02,1.457230849061188493e-01,1.616972405423467152e-01,1.503631485157907732e-01,1.448462981600349142e-01
9.050000000000000266e-01,2.841560151763336886e-02,6.048901748095997233e-02,7.958579435773881217e-02,4.729603168609215064e-02,2.467072210778335217e-01,3.402320542499889799e-02,8.538112264513199323e-02,3.249683996206298442e-01,9.212888984253329028e-01,-2.800419187084802683e-02,1.130534026010312054e+01,1.955321311131047804e-02,2.408782776499933040e-02,2.082663662788558981e-02,1.931485360822531722e-02,1.456837620475046613e-01,1.616966043009605558e-01,1.503528452122905590e-01,1.447930750212316764e-01
9.074999999999999734e-01,2.839588624654837412e-02,6.050537985794900847e-02,7.958843142151789118e-02,4.739910094274272373e-02,2.471568252736974780e-01,3.462216949758186585e-02,8.535094147417254806e-02,3.257320982209795934e-01,9.212193037642896210e-01,-2.767147829406275267e-02,1.131047035012447743e+01,1.954114604900819216e-02,2.408576095737321662e-02,2.082219238276500697e-02,1.929914976427452022e-02,1.456443026282348840e-01,1.616957745345692088e-01,1.503424808655728917e-01,1.447396683733508660e-01
9.100000000000000311e-01,2.837621963796810656e-02,6.052137504423782399e-02,7.959086620327671113e-02,4.750394461134480745e-02,2.476061419798308849e-01,3.522136758639492216e-02,8.532051915001215292e-02,3.264957231741535959e-01,9.211505413300201672e-01,-2.733840932738897458e-02,1.131561467680945121e+01,1.952906448992449903e-02,2.408365825692775075e-02,2.081775066304891383e-02,1.928342187320694970e-02,1.456047067335131118e-01,1.616947511057376385e-01,1.503320554465769898e-01,1.446860783637849146e-01
9.124999999999999778e-01,2.835660049865946011e-02,6.053700167240126662e-02,7.959309846935205823e-02,4.761055092537896938e-02,2.480551771953783402e-01,3.582080559163645234e-02,8.528985591545712452e-02,3.272592789803043245e-01,9.210826120194504085e-01,-2.700497820271381341e-02,1.132077325810455193e+01,1.951696848404619461e-02,2.408151965882863316e-02,2.081331148006742085e-02,1.926767001808842375e-02,1.455649744466999962e-01,1.616935338752341078e-01,1.503215689250648468e-01,1.446323051387363723e-01
9.150000000000000355e-01,2.833702764268843793e-02,6.055225837578886994e-02,7.959512799113475923e-02,4.771890784897092619e-02,2.485039370527658276e-01,3.642048948418376980e-02,8.525895202100636228e-02,3.280227701494463077e-01,9.210155167464815218e-01,-2.667117810732889602e-02,1.132594611213854741e+01,1.950485808105623456e-02,2.407934515804979747e-02,2.080887484512794483e-02,1.925189428182893028e-02,1.455251058492834093e-01,1.616921227020080842e-01,1.503110212696115999e-01,1.445783488432110797e-01
9.174999999999999822e-01,2.831749989176393645e-02,6.056714378861510067e-02,7.959695454514952029e-02,4.782900307739284401e-02,2.489524278191361517e-01,3.702042530542620086e-02,8.522780772493816770e-02,3.287862012044140414e-01,9.209492564421026817e-01,-2.633700218455233347e-02,1.133113325722450071e+01,1.949273333032784314e-02,2.407713474936946582e-02,2.080444076951483423e-02,1.923609474718226270e-02,1.454851010208483009e-01,1.616905174431683134e-01,1.503004124475958159e-01,1.445242096210106186e-01
9.200000000000000400e-01,2.829801607558282348e-02,6.058165654605369987e-02,7.959857791313329489e-02,4.794082403754464788e-02,2.494006558977697185e-01,3.762061916707160059e-02,8.519642329339581488e-02,3.295495766837766571e-01,9.208838320544977529e-01,-2.600244353437008993e-02,1.133633471186184494e+01,1.948059428091857698e-02,2.407488842736621795e-02,2.080000926448899445e-02,1.922027149674552030e-02,1.454449600390469444e-01,1.616887179539613917e-01,1.502897424251902203e-01,1.444698876147250122e-01
9.224999999999999867e-01,2.827857503217679619e-02,6.059579528433624296e-02,7.959999788211311045e-02,4.805435788841504879e-02,2.498486278294933249e-01,3.822107725092899200e-02,8.516479900047155271e-02,3.303129011447012431e-01,9.208192445491552025e-01,-2.566749521409728008e-02,1.134155049473849175e+01,1.946844098156435762e-02,2.407260618641510197e-02,2.079558034128750274e-02,1.920442461295846642e-02,1.454046829795687390e-01,1.616867240877501721e-01,1.502790111673521778e-01,1.444153829657243704e-01
9.250000000000000444e-01,2.825917560826008562e-02,6.060955864085516842e-02,7.960121424448295124e-02,4.816959152152222590e-02,2.502963502940728779e-01,3.882180580866823050e-02,8.513293512828934428e-02,3.310761791657598763e-01,9.207554949089725715e-01,-2.533215023905997093e-02,1.134678062473299498e+01,1.945627348067344858e-02,2.407028802068373816e-02,2.079115401112322653e-02,1.918855417810278255e-02,1.453642699161103169e-01,1.616845356959926705e-01,1.502682186378146434e-01,1.443606958141509800e-01
9.274999999999999911e-01,2.823981665957871201e-02,6.062294525427149028e-02,7.960222679807965607e-02,4.828651156133892397e-02,2.507438301115919033e-01,3.942281116155350873e-02,8.510083196708630171e-02,3.318394153496809773e-01,9.206925841343600592e-01,-2.499640158329682199e-02,1.135202512091673199e+01,1.944409182632041849e-02,2.406793392412847829e-02,2.078673028518443142e-02,1.917266027430117661e-02,1.453237209203454561e-01,1.616821526282214150e-01,1.502573647990771422e-01,1.443058262989105889e-01
9.300000000000000488e-01,2.822049705126051730e-02,6.063595376462699998e-02,7.960303534625810806e-02,4.840510436570045344e-02,2.511910742438129285e-01,4.002409970015367163e-02,8.506848981529251119e-02,3.326026143260358836e-01,9.206305132433449945e-01,-2.466024218028144838e-02,1.135728400255612591e+01,1.943189606624004181e-02,2.406554389049056844e-02,2.078230917463439256e-02,1.915674298351638383e-02,1.452830360618949102e-01,1.616795747320224907e-01,1.502464496123968318e-01,1.442507745576634970e-01
9.324999999999999956e-01,2.820121565816645359e-02,6.064858281346210273e-02,7.960363969796545314e-02,4.852535602619852118e-02,2.516380897955250440e-01,4.062567788402721841e-02,8.503590897960969230e-02,3.333657807538579210e-01,9.205692832716696472e-01,-2.432366492366560412e-02,1.136255728911493890e+01,1.941968624782118569e-02,2.406311791329235339e-02,2.077789069061098878e-02,1.914080238755004604e-02,1.452422154082965711e-01,1.616768018530156115e-01,1.502354730377799263e-01,1.441955407268156464e-01
9.350000000000000533e-01,2.818197136524267649e-02,6.066083104393848319e-02,7.960403966781426366e-02,4.864725236856259211e-02,2.520848840158708137e-01,4.122755224138396901e-02,8.500308977508794217e-02,3.341289193241926414e-01,9.205088952728918139e-01,-2.398666266804303990e-02,1.136784500025655475e+01,1.940746241810063777e-02,2.406065598583349840e-02,2.077347484422631396e-02,1.912483856804146967e-02,1.452012590249752433e-01,1.616738338348338300e-01,1.502244350339730639e-01,1.441401249415091845e-01
9.375000000000000000e-01,2.816276306787354397e-02,6.067269710096755142e-02,7.960423507615486949e-02,4.877077895303077310e-02,2.525314642996591696e-01,4.182972936872234038e-02,8.497003252520127226e-02,3.348920347625702898e-01,9.204493503184810743e-01,-2.364922822973445152e-02,1.137314715584632197e+01,1.939522462375692716e-02,2.405815810118725612e-02,2.076906164656626419e-02,1.910885160646629694e-02,1.451601669752126400e-01,1.616706705191039983e-01,1.502133355584550078e-01,1.440845273356127776e-01
9.400000000000000577e-01,2.814358967223528490e-02,6.068417963134434268e-02,7.960422574914706451e-02,4.889592107471178034e-02,2.529778381886573224e-01,4.243221593044190637e-02,8.493673756192171576e-02,3.356551318314004440e-01,9.203906494979126052e-01,-2.331135438759375164e-02,1.137846377595394642e+01,1.938297291110409673e-02,2.405562425219675421e-02,2.076465110869014224e-02,1.909284158413504864e-02,1.451189393201175737e-01,1.616673117454273945e-01,1.502021745674284314e-01,1.440287480417121457e-01
9.425000000000000044e-01,2.812445009565046894e-02,6.069527728388790511e-02,7.960401151883012005e-02,4.902266376394025238e-02,2.534240133728658528e-01,4.303501865843211566e-02,8.490320522579118678e-02,3.364182153322821667e-01,9.203327939187607720e-01,-2.297303388383562656e-02,1.138379488085588953e+01,1.937070732608544774e-02,2.405305443147132821e-02,2.076024324163023779e-02,1.907680858219158726e-02,1.450775761185957302e-01,1.616637573513605153e-01,1.501909520158120348e-01,1.439727871910998491e-01
9.450000000000000622e-01,2.810534326694265339e-02,6.070598870958725940e-02,7.960359222319259020e-02,4.915099178662762913e-02,2.538699976917717094e-01,4.363814435163834021e-02,8.486943586599243750e-02,3.371812901082270053e-01,9.202757847067889463e-01,-2.263425942488464515e-02,1.138914049103783022e+01,1.935842791426725662e-02,2.405044863138288205e-02,2.075583805639141799e-02,1.906075268161146891e-02,1.450360774273199982e-01,1.616600071723965637e-01,1.501796678572325239e-01,1.439166449137653236e-01
9.475000000000000089e-01,2.808626812679203971e-02,6.071631256175424179e-02,7.960296770624074314e-02,4.928088964461135868e-02,2.543157991355846637e-01,4.424159987560222218e-02,8.483542984041812784e-02,3.379443610457895097e-01,9.202196230060391002e-01,-2.229502368224599990e-02,1.139450062719713763e+01,1.934613472083245717e-02,2.404780684406227984e-02,2.075143556395071115e-02,1.904467396320021905e-02,1.449944433007003819e-01,1.616560610419469080e-01,1.501683220440172273e-01,1.438603213383846113e-01
9.500000000000000666e-01,2.806722362809119242e-02,6.072624749618291823e-02,7.960213781806611821e-02,4.941234157600331994e-02,2.547614258464495074e-01,4.484539216197949013e-02,8.480118751573791080e-02,3.387074330771027708e-01,9.201643099789160729e-01,-2.195531929339821983e-02,1.139987531024539358e+01,1.933382779057430528e-02,2.404512906139579659e-02,2.074703577525689388e-02,1.902857250759151103e-02,1.449526737908544138e-01,1.616519187913232625e-01,1.501569145271865191e-01,1.438038165923099243e-01
9.525000000000000133e-01,2.804820873630091069e-02,6.073579217131597902e-02,7.960110241491211158e-02,4.954533155554149276e-02,2.552068861196387095e-01,4.544952820803428717e-02,8.476670926746436574e-02,3.394705111818127619e-01,9.201098468062733904e-01,-2.161513886270751209e-02,1.140526456131094335e+01,1.932150716789000910e-02,2.404241527502159331e-02,2.074263870123005740e-02,1.901244839524527871e-02,1.449107689475772343e-01,1.616475802497198411e-01,1.501454452564466857e-01,1.437471308015592919e-01
9.550000000000000711e-01,2.802922242980655093e-02,6.074494524841818344e-02,7.959986135923947936e-02,4.967984329494645052e-02,2.556521884047230353e-01,4.605401507610898393e-02,8.473199548001664194e-02,3.402336003889087079e-01,9.200562346874935349e-01,-2.127447496236459928e-02,1.141066840174147679e+01,1.930917289677434867e-02,2.403966547632623366e-02,2.073824435276119815e-02,1.899630170644574581e-02,1.448687288183121702e-01,1.616430452441962595e-01,1.501339141801828758e-01,1.436902640908059858e-01
9.575000000000000178e-01,2.801026370027451251e-02,6.075370539175745793e-02,7.959841451979110527e-02,4.981586024328580470e-02,2.560973413067187399e-01,4.665885989307282100e-02,8.469704654678281153e-02,3.409967057784465405e-01,9.200034748405684359e-01,-2.093332013334333469e-02,1.141608685310663951e+01,1.929682502081325052e-02,2.403687965644125263e-02,2.073385274071177717e-02,1.898013252129938586e-02,1.448265534481208983e-01,1.616383135996605769e-01,1.501223212454522726e-01,1.436332165833678620e-01
9.599999999999999645e-01,2.799133155300832093e-02,6.076207126879347442e-02,7.959676177165517230e-02,4.995336558734824600e-02,2.565423535872121685e-01,4.726406984974526604e-02,8.466186287017984924e-02,3.417598324831591095e-01,9.199515685021749656e-01,-2.059166688638180975e-02,1.142151993720068681e+01,1.928446358317735879e-02,2.403405780623976695e-02,2.072946387591329681e-02,1.896394091973283014e-02,1.447842428796542180e-01,1.616333851388528919e-01,1.501106663979775990e-01,1.435759884011969245e-01
9.625000000000000222e-01,2.797242500730514475e-02,6.077004155037433325e-02,7.959490299632809851e-02,5.009234225203089419e-02,2.569872341654599324e-01,4.786965220029782558e-02,8.462644486171258529e-02,3.425229856899497105e-01,9.199005169277499894e-01,-2.024950770298582919e-02,1.142696767604514285e+01,1.927208862661558206e-02,2.403119991633312705e-02,2.072507776916686709e-02,1.894772698149070622e-02,1.447417971531225755e-01,1.616282596823292728e-01,1.500989495821407338e-01,1.435185796648685563e-01
9.649999999999999689e-01,2.795354309681168797e-02,6.077761491094130220e-02,7.959283808177584907e-02,5.023277290074224660e-02,2.574319921194658800e-01,4.847561426163272263e-02,8.459079294203000754e-02,3.432861706412662084e-01,9.198503213915625309e-01,-1.990683503645458013e-02,1.143243009189151493e+01,1.925970019344861936e-02,2.402830597706762453e-02,2.072069443124277544e-02,1.893149078613342792e-02,1.446992163062669201e-01,1.616229370484460470e-01,1.500871707409764944e-01,1.434609904935710278e-01
9.675000000000000266e-01,2.793468486988013449e-02,6.078479002874224296e-02,7.959056692249419362e-02,5.037463993582342453e-02,2.578766366870307025e-01,4.908196341273974445e-02,8.455490754098012041e-02,3.440493926363515365e-01,9.198009831867819397e-01,-1.956364131292922734e-02,1.143790720722401844e+01,1.924729832556247230e-02,2.402537597852124132e-02,2.071631387288004611e-02,1.891523241303495056e-02,1.446565003743295330e-01,1.616174170533447585e-01,1.500753298161669191e-01,1.434032210050950051e-01
9.699999999999999734e-01,2.791584938992352702e-02,6.079156558605335742e-02,7.958808941956868610e-02,5.051792549899045831e-02,2.583211772667778905e-01,4.968870709402934543e-02,8.451878909766290249e-02,3.448126570323646889e-01,9.197525036255452813e-01,-1.921991893246379618e-02,1.144339904476234082e+01,1.923488306440193293e-02,2.402240991050045779e-02,2.071193610478599956e-02,1.889895194138048115e-02,1.446136493900250786e-01,1.616116995109372068e-01,1.500634267480354112e-01,1.433452713158231417e-01
9.725000000000000311e-01,2.789703573577087189e-02,6.079794026941048174e-02,7.958540548073229914e-02,5.066261147180049773e-02,2.587656234191523796e-01,5.029585280664613384e-02,8.448243806048107152e-02,3.455759692453716503e-01,9.197048840390209534e-01,-1.887566027011872496e-02,1.144890562746441098e+01,1.922245445096407157e-02,2.401940776253710594e-02,2.070756113763581527e-02,1.888264945016415383e-02,1.445706633835118216e-01,1.616057842328913752e-01,1.500514614755414922e-01,1.432871415407196147e-01
9.749999999999999778e-01,2.787824300202161598e-02,6.080391276984892235e-02,7.958251502042340553e-02,5.080867947614522290e-02,2.592099848673926066e-01,5.090340811175741303e-02,8.444585488718930888e-02,3.463393347511993237e-01,9.196581257774700813e-01,-1.853085767707706583e-02,1.145442697852922898e+01,1.921001252579170038e-02,2.401636952388527466e-02,2.070318898207208769e-02,1.886632501818668456e-02,1.445275423823629002e-01,1.615996710286172755e-01,1.500394339362754459e-01,1.432288317933201049e-01
9.775000000000000355e-01,2.785947029939941227e-02,6.080948178315334629e-02,7.957941795984149747e-02,5.095611087477277396e-02,2.596542714984740874e-01,5.151138062982358462e-02,8.440904004494097224e-02,3.471027590861495149e-01,9.196122302103040269e-01,-1.818550348178358742e-02,1.145996312139967799e+01,1.919755732896683345e-02,2.401329518351828091e-02,2.069881964870437865e-02,1.884997872405301186e-02,1.444842864115379322e-01,1.615933597052539306e-01,1.500273440664536551e-01,1.431703421857217495e-01
9.799999999999999822e-01,2.784071675510534083e-02,6.081464601011710852e-02,7.957611422700267001e-02,5.110488677184355649e-02,2.600984933640268504e-01,5.211977803984395308e-02,8.437199401033333712e-02,3.478662478475728070e-01,9.195671987261405667e-01,-1.783958999110620697e-02,1.146551407976538250e+01,1.918508890010413304e-02,2.401018473012568599e-02,2.069445314810877679e-02,1.883361064616991681e-02,1.444408954933545375e-01,1.615868500676562181e-01,1.500151918009137164e-01,1.431116728285733164e-01
9.825000000000000400e-01,2.782198151317021723e-02,6.081940415681166834e-02,7.957260375679338360e-02,5.125498801352013772e-02,2.605426606812216717e-01,5.272860807858486404e-02,8.433471726945031277e-02,3.486298066942911111e-01,9.195230327328559605e-01,-1.749310949152046990e-02,1.147107987756558956e+01,1.917260727834435574e-02,2.400703815211037429e-02,2.069008949082743951e-02,1.881722086274364644e-02,1.443973696474604440e-01,1.615801419183825194e-01,1.500029770731101664e-01,1.430528238310656286e-01
9.849999999999999867e-01,2.780326373480598856e-02,6.082375493486609497e-02,7.956888649102378253e-02,5.140639518859572987e-02,2.609867838336289436e-01,5.333787853978360499e-02,8.429721031790356200e-02,3.493934413468743339e-01,9.194797336576343572e-01,-1.714605425031646285e-02,1.147666053899205707e+01,1.916011250234778140e-02,2.400385543758569440e-02,2.068572868736815590e-02,1.880080945177753718e-02,1.443537088908053989e-01,1.615732350576829512e-01,1.499906998151103732e-01,1.429937953009223495e-01
9.875000000000000444e-01,2.778456259875624820e-02,6.082769706175730068e-02,7.956496237847940356e-02,5.155908862916347424e-02,2.614308733720463462e-01,5.394759727333502120e-02,8.425947366087131740e-02,3.501571575877595599e-01,9.194373029470147562e-01,-1.679841651682860426e-02,1.148225608849198487e+01,1.914760461028764890e-02,2.400063657437264547e-02,2.068137074820388874e-02,1.878437649106964175e-02,1.443099132376134963e-01,1.615661292834877638e-01,1.499783599575906512e-01,1.429345873443907677e-01
9.899999999999999911e-01,2.776587730164555706e-02,6.083122926111064754e-02,7.956083137497173274e-02,5.171304841132926683e-02,2.618749400152967644e-01,5.455777218445535121e-02,8.422150781313486601e-02,3.509209612612155804e-01,9.193957420669335301e-01,-1.645018852368765674e-02,1.148786655077091012e+01,1.913508363984358154e-02,2.399738154999714670e-02,2.067701568377231652e-02,1.876792205821039422e-02,1.442659826993556715e-01,1.615588243913967381e-01,1.499659574298326248e-01,1.428752000662332766e-01
9.925000000000000488e-01,2.774720705832764769e-02,6.083435026301200338e-02,7.955649344338838747e-02,5.186825435597128969e-02,2.623189946509948967e-01,5.516841123282857640e-02,8.418331329911367400e-02,3.516848582731446071e-01,9.193550525027651688e-01,-1.610136248809576273e-02,1.149349195079570407e+01,1.912254962819501941e-02,2.399409035168735202e-02,2.067266350447538939e-02,1.875144623058027510e-02,1.442219172847225284e-01,1.615513201746686112e-01,1.499534921597201198e-01,1.428156335697190471e-01
9.949999999999999956e-01,2.772855110223240716e-02,6.083705880433034480e-02,7.955194855374096707e-02,5.202468602954832266e-02,2.627630483362816127e-01,5.577952243173127378e-02,8.414489065289720848e-02,3.524488545907209502e-01,9.193152357593593615e-01,-1.575193061312375048e-02,1.149913231379749412e+01,1.911000261201463782e-02,2.399076296637104103e-02,2.066831422067887114e-02,1.873494908534752840e-02,1.441777169995970553e-01,1.615436164242113892e-01,1.499409640737360272e-01,1.427558879566159233e-01
9.975000000000000533e-01,2.770990868571144780e-02,6.083935362905228822e-02,7.954719668321320880e-02,5.218232274495999967e-02,2.632071122985267242e-01,5.639111384713853259e-02,8.410624041827606534e-02,3.532129562418633295e-01,9.192762933610740816e-01,-1.540188508903064454e-02,1.150478766527466234e+01,1.909744262746179352e-02,2.398739938067306551e-02,2.066396784271188475e-02,1.871843069946590304e-02,1.441333818470282302e-01,1.615357129285731053e-01,1.499283730969596939e-01,1.426959633271830674e-01
1.000000000000000000e+00,2.769127908038233540e-02,6.084123348862828518e-02,7.954223781620654854e-02,5.234114356246132027e-02,2.636511979359995594e-01,5.700319359681223913e-02,8.406736314876935012e-02,3.539771693145347675e-01,9.192382268518063393e-01,-1.505121809460572245e-02,1.151045803099581732e+01,1.908486971017595360e-02,2.398399958091286879e-02,2.065962438086644745e-02,1.870189114967246019e-02,1.440889118272042080e-01,1.615276094739331314e-01,1.499157191530644251e-01,1.426358597801638262e-01
1.002499999999999947e+00,2.767266157747132194e-02,6.084269714232987819e-02,7.953707194438566774e-02,5.250112729063424744e-02,2.640953168185042887e-01,5.761576984937012702e-02,8.402825940765119850e-02,3.547414999558705095e-01,9.192010377950193822e-01,-1.469992179853271165e-02,1.151614343700282106e+01,1.907228389527013818e-02,2.398056355310206750e-02,2.065528384539701973e-02,1.868533051248542562e-02,1.440443069374261753e-01,1.615193058440940466e-01,1.499030021643154575e-01,1.425755774127792086e-01
1.005000000000000115e+00,2.765405548815424649e-02,6.084374335762023772e-02,7.953169906672244438e-02,5.266225248741882720e-02,2.645394806879826088e-01,5.822885082333456586e-02,8.398892976797435461e-02,3.555059543711301395e-01,9.191647277737654553e-01,-1.434798836077578500e-02,1.152184390961376614e+01,1.905968521732437707e-02,2.397709128294210970e-02,2.065094624652005079e-02,1.866874886420210114e-02,1.439995671720825376e-01,1.615108018204740870e-01,1.498902220515681838e-01,1.425151163207218075e-01
1.007500000000000062e+00,2.763546014389616987e-02,6.084437091053579438e-02,7.952611918953857162e-02,5.282449746120543993e-02,2.649837014590828432e-01,5.884244478616719454e-02,8.394937481259170942e-02,3.562705388224686742e-01,9.191292983907068948e-01,-1.399540993398774510e-02,1.152755947542601511e+01,1.904707371037916291e-02,2.397358275582199549e-02,2.064661159441351368e-02,1.865214628089686619e-02,1.439546925226229956e-01,1.615020971821002072e-01,1.498773787342667085e-01,1.424544765981502759e-01
1.010000000000000009e+00,2.761687489678887192e-02,6.084457858608108977e-02,7.952033232654724670e-02,5.298784027199230501e-02,2.654279912196911839e-01,5.945656005328324445e-02,8.390959513417543814e-02,3.570352596275290780e-01,9.190947512681312270e-01,-1.364217866493954226e-02,1.153329016131920426e+01,1.903444940792892864e-02,2.397003795681607388e-02,2.064227989921645079e-02,1.863552283841923840e-02,1.439096829775334541e-01,1.614931917056017519e-01,1.498644721304425997e-01,1.423936583376846921e-01
1.012499999999999956e+00,2.759829911988657264e-02,6.084436517863575644e-02,7.951433849889376348e-02,5.315225873260837064e-02,2.658723622314303481e-01,6.007120498704869582e-02,8.386959133523450016e-02,3.578001231578472052e-01,9.190610880479657130e-01,-1.328828669597169852e-02,1.153903599445829364e+01,1.902181234291554224e-02,2.396645687068190214e-02,2.063795117102850546e-02,1.861887861239204522e-02,1.438645385223108197e-01,1.614840851652046272e-01,1.498515021567141947e-01,1.423326616304019243e-01
1.015000000000000124e+00,2.757973220754002253e-02,6.084372949237455003e-02,7.950813773519474492e-02,5.331773041000534286e-02,2.663168269301207647e-01,6.068638799576248077e-02,8.382936402812900256e-02,3.585651358370718911e-01,9.190283103917856744e-01,-1.293372616646660742e-02,1.154479700229657446e+01,1.900916254772179806e-02,2.396283948185819537e-02,2.063362541990947444e-02,1.860221367820966490e-02,1.438192591394383268e-01,1.614747773327261937e-01,1.498384687282859618e-01,1.422714865658323835e-01
1.017500000000000071e+00,2.756117357572802212e-02,6.084267034170033617e-02,7.950173007157607108e-02,5.348423262661999161e-02,2.667613979262045687e-01,6.130211753262015950e-02,8.378891383508280111e-02,3.593303041389964703e-01,9.189964199808196010e-01,-1.257848921434243442e-02,1.155057321257870484e+01,1.899650005416494633e-02,2.395918577446283504e-02,2.062930265587883949e-02,1.858552811103640276e-02,1.437738448083613063e-01,1.614652679775707977e-01,1.498253717589484724e-01,1.422101332319570255e-01
1.020000000000000018e+00,2.754262266238734908e-02,6.084118655168975487e-02,7.949511555170997446e-02,5.365174246180961365e-02,2.672060880051339016e-01,6.191840209466252520e-02,8.374824138819375596e-02,3.600956345853980056e-01,9.189654185159514821e-01,-1.222256797756696677e-02,1.155636465334375984e+01,1.898382489349022956e-02,2.395549573229095730e-02,2.062498288891531292e-02,1.856882198580495427e-02,1.437282955054629552e-01,1.614555568667257746e-01,1.498122111610785401e-01,1.421486017152052417e-01
1.022499999999999964e+00,2.752407892774023576e-02,6.083927695855254753e-02,7.948829422685045609e-02,5.382023675336101987e-02,2.676509101277207425e-01,6.253525022170819403e-02,8.370734732944168366e-02,3.608611337436841149e-01,9.189353077177198070e-01,-1.186595459569309355e-02,1.156217135292822995e+01,1.897113709636444323e-02,2.395176933881312115e-02,2.062066612895637613e-02,1.855209537721500684e-02,1.436826112040407999e-01,1.614456437647582288e-01,1.497989868456396645e-01,1.420868921004534435e-01
1.024999999999999911e+00,2.750554185461962994e-02,6.083694041010404702e-02,7.948126615586802168e-02,5.398969209907662076e-02,2.680958774304479375e-01,6.315267049527061027e-02,8.366623231069390820e-02,3.616268082243451198e-01,9.189060893263091279e-01,-1.150864121141379273e-02,1.156799333996907464e+01,1.895843669286952776e-02,2.394800657717354939e-02,2.061635238589781469e-02,1.853534835973195960e-02,1.436367918742834926e-01,1.614355284338125085e-01,1.497856987221830860e-01,1.420250044710246184e-01
1.027500000000000080e+00,2.748701094879214477e-02,6.083417576625103212e-02,7.947403140528276622e-02,5.416008485843793602e-02,2.685410032257430912e-01,6.377067153746047989e-02,8.362489699370855012e-02,3.623926646782104632e-01,9.188777651015428427e-01,-1.115061997213708488e-02,1.157383064340671730e+01,1.894572371249617429e-02,2.394420743018844597e-02,2.061204166959326733e-02,1.851858100758579581e-02,1.435908374832476631e-01,1.614252106336080406e-01,1.497723466988487573e-01,1.419629389086886073e-01
1.030000000000000027e+00,2.746848573927855586e-02,6.083098189949105034e-02,7.946659004929623737e-02,5.433139115434806182e-02,2.689863010022122691e-01,6.438926200987317439e-02,8.358334205013553952e-02,3.631587097935055075e-01,9.188503368228669865e-01,-1.079188303158104198e-02,1.157968329248807215e+01,1.893299818413746172e-02,2.394037188034440003e-02,2.060773398985376453e-02,1.850179339477008716e-02,1.435447479948357696e-01,1.614146901214383034e-01,1.497589306823672028e-01,1.419006954936633536e-01
1.032499999999999973e+00,2.744996577867175533e-02,6.082735769542532700e-02,7.945894216982241076e-02,5.450358687495585053e-02,2.694317844248340088e-01,6.500845061246159073e-02,8.354156816151506182e-02,3.639249502927104363e-01,9.188238062893352431e-01,-1.043242255138779155e-02,1.158555131676955163e+01,1.892026013608253537e-02,2.393649990979686282e-02,2.060342935644727397e-02,1.848498559504115762e-02,1.434985233697735896e-01,1.614039666521699667e-01,1.497454505780611844e-01,1.418382743046168182e-01
1.034999999999999920e+00,2.743145064345221470e-02,6.082330205328560085e-02,7.945108785651691652e-02,5.467664767556095623e-02,2.698774673351135855e-01,6.562824608239603563e-02,8.349957601927421313e-02,3.646913929292199819e-01,9.187981753195846313e-01,-1.007223070275627477e-02,1.159143474612003288e+01,1.890750959601029263e-02,2.393259150036870439e-02,2.059912777909823564e-02,1.846815768191741730e-02,1.434521635655888749e-01,1.613930399782429470e-01,1.497319062898482822e-01,1.417756754186703938e-01
1.037500000000000089e+00,2.741293993430062026e-02,6.081881388647413650e-02,7.944302720680535002e-02,5.485054898060272993e-02,2.703233637511964771e-01,6.624865719290952415e-02,8.345736632472050553e-02,3.654580444837992048e-01,9.187734457518107467e-01,-9.711299668093800394e-03,1.159733361072387225e+01,1.889474659098312748e-02,2.392864663354886401e-02,2.059482926748711432e-02,1.845130972867885938e-02,1.434056685365899253e-01,1.613819098496712956e-01,1.497182977202433651e-01,1.417128989114027349e-01
1.040000000000000036e+00,2.739443327640792014e-02,6.081389212311771875e-02,7.943476032591041680e-02,5.502526598573355410e-02,2.707694878679409167e-01,6.686969275213040798e-02,8.341493978903387341e-02,3.662249117608420423e-01,9.187496194437374530e-01,-9.349621642685563422e-03,1.160324794108384339e+01,1.888197114744069247e-02,2.392466529049106297e-02,2.059053383124993808e-02,1.843444180836674093e-02,1.433590382338447433e-01,1.613705760140444756e-01,1.497046247703617550e-01,1.416499448568549202e-01
1.042499999999999982e+00,2.737593031978250227e-02,6.080853570663515006e-02,7.942628732687705140e-02,5.520077365997569374e-02,2.712158540569490350e-01,6.749136160190212508e-02,8.337229713325572389e-02,3.669920015844228556e-01,9.187266982725823539e-01,-8.987188836381726151e-03,1.160917776802409129e+01,1.886918329119370921e-02,2.392064745201261458e-02,2.058624147997784731e-02,1.841755399378345107e-02,1.433122726051608287e-01,1.613590382165294435e-01,1.496908873399225848e-01,1.415868133275367535e-01
1.044999999999999929e+00,2.735743073955441626e-02,6.080274359631853559e-02,7.941760833059736957e-02,5.537704674796601473e-02,2.716624768665549250e-01,6.811367261659076466e-02,8.332943908827596113e-02,3.677593207941513009e-01,9.187046841350188231e-01,-8.623993475301542852e-03,1.161512312269307401e+01,1.885638304741781360e-02,2.391659309859331742e-02,2.058195222321664367e-02,1.840064635749256994e-02,1.432653715950649997e-01,1.613472961998734800e-01,1.496770853272526847e-01,1.415235043944338966e-01
1.047500000000000098e+00,2.733893423627659774e-02,6.079651476792822390e-02,7.940872346583313646e-02,5.555405977228523862e-02,2.721093710217724615e-01,6.873663470188012825e-02,8.328636639481751258e-02,3.685268762408203669e-01,9.186835789471323732e-01,-8.260027803554568018e-03,1.162108403656645450e+01,1.884357044064744607e-02,2.391250221037442489e-02,2.057766607046633209e-02,1.838371897181914627e-02,1.432183351447842978e-01,1.613353497044078544e-01,1.496632186292907452e-01,1.414600181270163903e-01
1.050000000000000044e+00,2.732044053622323040e-02,6.078984821430068880e-02,7.939963286923791552e-02,5.573178703587521043e-02,2.725565514241978793e-01,6.936025679355511953e-02,8.324307980341863478e-02,3.692946747818552367e-01,9.186633846443743590e-01,-7.895284084977669675e-03,1.162706054144999968e+01,1.883074549476977319e-02,2.390837476715771542e-02,2.057338303118067327e-02,1.836677190885017269e-02,1.431711631922266137e-01,1.613231984680517372e-01,1.496492871415918968e-01,1.413963545932482302e-01
1.052499999999999991e+00,2.730194939168460386e-02,6.078274294597080935e-02,7.939033668537723298e-02,5.591020262454238221e-02,2.730040331518698293e-01,6.998454785627467034e-02,8.319958007441294323e-02,3.700627232765610897e-01,9.186441031815100189e-01,-7.529754604887783573e-03,1.163305266948243144e+01,1.881790823301868198e-02,2.390421074840462512e-02,2.056910311476674302e-02,1.834980524043528308e-02,1.431238556719625354e-01,1.613108422263174468e-01,1.496352907583327063e-01,1.413325138595981634e-01
1.054999999999999938e+00,2.728346058125921333e-02,6.077519799180652882e-02,7.938083506674749323e-02,5.608928040954930944e-02,2.734518314590872468e-01,7.060951688233181589e-02,8.315586797790661122e-02,3.708310285811709517e-01,9.186257365325619650e-01,-7.163431671849654521e-03,1.163906045313827775e+01,1.880505867796879171e-02,2.390001013323548792e-02,2.056482633058447432e-02,1.833281903818768585e-02,1.430764125152072797e-01,1.612982807123159723e-01,1.496212293723165609e-01,1.412684959910519011e-01
1.057500000000000107e+00,2.726497391014216093e-02,6.076721239965725274e-02,7.937112817379390894e-02,5.626899405029339024e-02,2.738999617761803673e-01,7.123517289040480482e-02,8.311194429375416692e-02,3.715995975436920395e-01,9.186082866907512301e-01,-6.796307619458275169e-03,1.164508392523067748e+01,1.879219685152953845e-02,2.389577290042885216e-02,2.056055268794621319e-02,1.831581337348532623e-02,1.430288336498031776e-01,1.612855136567633019e-01,1.496071028749794418e-01,1.412043010511251639e-01
1.060000000000000053e+00,2.724648921041044822e-02,6.075878523701511852e-02,7.936121617492676583e-02,5.644931699707229217e-02,2.743484397092390004e-01,7.186152492429767613e-02,8.306780981153115417e-02,3.723684369985580944e-01,9.185917556684316532e-01,-6.428374808134873844e-03,1.165112311891414798e+01,1.877932277493929783e-02,2.389149902842089071e-02,2.055628219611628504e-02,1.829878831747229137e-02,1.429811190002027999e-01,1.612725407879876949e-01,1.495929111563960023e-01,1.411399291018785584e-01
1.062500000000000000e+00,2.722800634130480638e-02,6.074991559168866490e-02,7.935109924653611924e-02,5.663022249393704494e-02,2.747972810397957266e-01,7.248858205166942847e-02,8.302346533050478095e-02,3.731375537610842619e-01,9.185761454970201578e-01,-6.059625626936152205e-03,1.165717806768733844e+01,1.876643646875957028e-02,2.388718849530489796e-02,2.055201486431054714e-02,1.828174394106047221e-02,1.429332684874524695e-01,1.612593618319375088e-01,1.495786541052863960e-01,1.410753802039336480e-01
1.064999999999999947e+00,2.720952518950775847e-02,6.074060257248991429e-02,7.934077757300563027e-02,5.681168358163146692e-02,2.752465017244623557e-01,7.311635336275561226e-02,8.297891165960241677e-02,3.739069546217266837e-01,9.185614582269238104e-01,-5.690052495376326028e-03,1.166324880539574238e+01,1.875353795286922517e-02,2.388284127883086652e-02,2.054775070169594445e-02,1.826468031493147862e-02,1.428852820291765524e-01,1.612459765121897481e-01,1.495643316090229935e-01,1.410106544164900499e-01
1.067500000000000115e+00,2.719104566941854192e-02,6.073084530993286961e-02,7.933025134672444523e-02,5.699367310061750208e-02,2.756961178945223079e-01,7.374484796907905537e-02,8.293414961737757829e-02,3.746766463401534630e-01,9.185476959274602171e-01,-5.319647865260692353e-03,1.166933536623437284e+01,1.874062724645879363e-02,2.387845735640516803e-02,2.054348971739008295e-02,1.824759750953880780e-02,1.428371595395619975e-01,1.612323845499595287e-01,1.495499435536380151e-01,1.409457517973445317e-01
1.070000000000000062e+00,2.717256772342391963e-02,6.072064295694457742e-02,7.931952076809817287e-02,5.717616369418648120e-02,2.761461458554759774e-01,7.437407500215187373e-02,8.288918003197404127e-02,3.754466356391262805e-01,9.185348606867762555e-01,-4.948404222530526989e-03,1.167543778475040384e+01,1.872770436802482716e-02,2.387403670509031378e-02,2.053923192046078899e-02,1.823049559511031453e-02,1.427889009293436262e-01,1.612185856641100978e-01,1.495354898238311081e-01,1.408806724029109669e-01
1.072500000000000009e+00,2.715409132216561883e-02,6.070999468958797329e-02,7.930858604555802993e-02,5.735912781165439928e-02,2.765966020865385233e-01,7.500404361216916893e-02,8.284400374108701059e-02,3.762169291981948271e-01,9.185229546117579247e-01,-4.576314089118157895e-03,1.168155609584575494e+01,1.871476933536431880e-02,2.386957930160480898e-02,2.053497731992567910e-02,1.821337464165092429e-02,1.427405061057900604e-01,1.612045795711637697e-01,1.495209703029778958e-01,1.408154162882423177e-01
1.074999999999999956e+00,2.713561646480355805e-02,6.069889970779576704e-02,7.929744739556868205e-02,5.754253771164132003e-02,2.770475032400935844e-01,7.563476296669353893e-02,8.279862159192283300e-02,3.769875336472095495e-01,9.185119798279413050e-01,-4.203370024811888331e-03,1.168769033477966879e+01,1.870182216556919366e-02,2.386508512232310072e-02,2.053072592475172625e-02,1.819623471894565858e-02,1.426919749726899278e-01,1.611903659853134441e-01,1.495063848731381928e-01,1.407499835070534777e-01
1.077500000000000124e+00,2.711714317927563928e-02,6.068735723611558969e-02,7.928610504263455816e-02,5.772636546543336022e-02,2.774988661410960344e-01,7.626624224933244156e-02,8.275303444115590656e-02,3.777584555596575355e-01,9.185019384794117503e-01,-3.829564629129312593e-03,1.169384053717119087e+01,1.868886287502086532e-02,2.386055414327560922e-02,2.052647774385484361e-02,1.817907589656293441e-02,1.426433074303390669e-01,1.611759446184352074e-01,1.494917334150656085e-01,1.406843741117464464e-01
1.080000000000000071e+00,2.709867152255325193e-02,6.067536652446579859e-02,7.927455921930509630e-02,5.791058296042570636e-02,2.779507077864302733e-01,7.689849065840638487e-02,8.270724315488403589e-02,3.785297014458213205e-01,9.184928327287055216e-01,-3.454890543198990086e-03,1.170000673900167421e+01,1.867589147938485128e-02,2.385598634014886310e-02,2.052223278609944732e-02,1.816189824385816901e-02,1.425945033755279812e-01,1.611613151801012667e-01,1.494770158082165401e-01,1.406185881534362248e-01
1.082500000000000018e+00,2.708020158089282856e-02,6.066292684890121217e-02,7.926281016617799102e-02,5.809516190364654581e-02,2.784030453442181696e-01,7.753151740561091410e-02,8.266124860858080348e-02,3.793012777457693829e-01,9.184846647567020961e-01,-3.079340451648980657e-03,1.170618897661716140e+01,1.866290799360548203e-02,2.385138168828570757e-02,2.051799106029804712e-02,1.814470182997767952e-02,1.425455627015301263e-01,1.611464773775939108e-01,1.494622319307603586e-01,1.405526256819788211e-01
1.084999999999999964e+00,2.706173347008339336e-02,6.065003751238889906e-02,7.925085813190109463e-02,5.828007382535885933e-02,2.788558961530801517e-01,7.816533171466950869e-02,8.261505168704662283e-02,3.800731908221802735e-01,9.184774367625120339e-01,-2.702907084501471411e-03,1.171238728673077212e+01,1.864991243190065873e-02,2.384674016268562707e-02,2.051375257521082310e-02,1.812748672386290533e-02,1.424964852980907248e-01,1.611314309159204428e-01,1.494473816595897897e-01,1.404864867460008104e-01
1.087500000000000133e+00,2.704326733568975308e-02,6.063669784559275883e-02,7.923870337317313883e-02,5.846529008273992217e-02,2.793092777213465605e-01,7.879994281998072003e-02,8.256865328435707141e-02,3.808454469530063724e-01,9.184711509633632920e-01,-2.325583219073086485e-03,1.171860170642501942e+01,1.863690480775670108e-02,2.384206173800514431e-02,2.050951733954521281e-02,1.811025299425492521e-02,1.424472710514162188e-01,1.611161754978282235e-01,1.494324648703314329e-01,1.404201713929303097e-01
1.090000000000000080e+00,2.702480335329157657e-02,6.062290720766737306e-02,7.922634615474241637e-02,5.865078186363570367e-02,2.797632077262205974e-01,7.943535996525809273e-02,8.252205430380962770e-02,3.816180523239838807e-01,9.184658095944786549e-01,-1.947361681878895245e-03,1.172483227315406218e+01,1.862388513392327846e-02,2.383734638855832325e-02,2.050528536195549145e-02,1.809300070969930077e-02,1.423979198441643057e-01,1.611007108238213525e-01,1.494174814373571691e-01,1.403536796690297850e-01
1.092500000000000027e+00,2.700634172871806474e-02,6.060866498705928807e-02,7.921378674940443565e-02,5.883652019038970726e-02,2.802177040128918661e-01,8.007159240216230045e-02,8.247525565786785473e-02,3.823910130209928759e-01,9.184614149089508350e-01,-1.568235350540407537e-03,1.173107902474591491e+01,1.861085342240840351e-02,2.383259408831735898e-02,2.050105665104237640e-02,1.807572993855124932e-02,1.423484315554348623e-01,1.610850365921774330e-01,1.494024312337957627e-01,1.402870116194304684e-01
1.094999999999999973e+00,2.698788269827838773e-02,6.059397060231626331e-02,7.920102543799766026e-02,5.902247592374294805e-02,2.806727845935991228e-01,8.070864938892817475e-02,8.242825826810398770e-02,3.831643350222751487e-01,9.184579691776141308e-01,-1.188197155695372388e-03,1.173734199940460066e+01,1.859780968447352981e-02,2.382780481091326466e-02,2.049683121535261429e-02,1.805844074898113258e-02,1.422988060607610072e-01,1.610691524989653067e-01,1.493873141315447128e-01,1.402201672881684125e-01
1.097499999999999920e+00,2.696942652898726839e-02,6.057882350290320211e-02,7.918806250939795788e-02,5.920861976680361072e-02,2.811284676466451193e-01,8.134654018898392069e-02,8.238106306513943988e-02,3.839380241905160362e-01,9.184554746889060928e-01,-8.072400829093231544e-04,1.174362123571223826e+01,1.858475393062871892e-02,2.382297852963664517e-02,2.049260906337858207e-02,1.804113320898027839e-02,1.422490432321015796e-01,1.610530582380638454e-01,1.493721300012829933e-01,1.401531467182224322e-01
1.100000000000000089e+00,2.695097351878649947e-02,6.056322317002421629e-02,7.917489826051136992e-02,5.939492226908538175e-02,2.815847715153586561e-01,8.198527406956526709e-02,8.233367098858325461e-02,3.847120862647966377e-01,9.184539337487311883e-01,-4.253571745869336282e-04,1.174991677263107448e+01,1.857168617062789767e-02,2.381811521743857490e-02,2.048839020355788798e-02,1.802380738636713900e-02,1.421991429378334504e-01,1.610367535011811291e-01,1.493568787124837094e-01,1.400859499515535733e-01
1.102500000000000036e+00,2.693252399676148573e-02,6.054716911745031127e-02,7.916153299626531303e-02,5.958135383061030632e-02,2.820417147070080621e-01,8.262486030032302475e-02,8.228608298696865608e-02,3.854865268524258481e-01,9.184533486803140301e-01,-4.254153188287812526e-05,1.175622864950544511e+01,1.855860641346420564e-02,2.381321484693157270e-02,2.048417464427297260e-02,1.800646334879378932e-02,1.421491050427452774e-01,1.610202379778746529e-01,1.493415601334276144e-01,1.400185770291464404e-01
1.104999999999999982e+00,2.691407832335318204e-02,6.053066089235169256e-02,7.914796702959826791e-02,5.976788470607512227e-02,2.824993158916621616e-01,8.326530815192470514e-02,8.223830001768783760e-02,3.862613514206560961e-01,9.184537218240510503e-01,3.412136833894310775e-04,1.176255690606367743e+01,1.854551466736544321e-02,2.380827739039065652e-02,2.047996239385073067e-02,1.798910116375275481e-02,1.420989294080313159e-01,1.610035113555721986e-01,1.493261741312167656e-01,1.399510279910522181e-01
1.107499999999999929e+00,2.689563689056546220e-02,6.051369807613397184e-02,7.913420068144760844e-02,5.995448500907904488e-02,2.829575939010016139e-01,8.390662689465006041e-02,8.219032304692477919e-02,3.870365652882949425e-01,9.184550555373565128e-01,7.259152468523377699e-04,1.176890158241993234e+01,1.853241093978959253e-02,2.380330281975450227e-02,2.047575346056211554e-02,1.797172089858418628e-02,1.420486158912863672e-01,1.609865733195935400e-01,1.493107205717887354e-01,1.398833028764334963e-01
1.110000000000000098e+00,2.687720012216728363e-02,6.049628028527763435e-02,7.912023428073648723e-02,6.014112471640951224e-02,2.834165677270765737e-01,8.454882579698129452e-02,8.214215304958666364e-02,3.878121736172199241e-01,9.184573521945036401e-01,1.111569869662559816e-03,1.177526271907596467e+01,1.851929523742045988e-02,2.379829110662670666e-02,2.047154785262175411e-02,1.795432262048338515e-02,1.419981643465012544e-01,1.609694235531728690e-01,1.492951993199311544e-01,1.398154017236108715e-01
1.112500000000000044e+00,2.685876847389027933e-02,6.047840717217949080e-02,7.910606816435809818e-02,6.032777367238428140e-02,2.838762565210155020e-01,8.519191412418765375e-02,8.209379100923278050e-02,3.885881814038025239e-01,9.184606141864609663e-01,1.498184196615408260e-03,1.178164035692282319e+01,1.850616756616339093e-02,2.379324222227712990e-02,2.046734557818757905e-02,1.793690639650866517e-02,1.419475746240589087e-01,1.609520617374820828e-01,1.492796102392968949e-01,1.397473245701112698e-01
1.114999999999999991e+00,2.684034243362117683e-02,6.046007842599571830e-02,7.909170267715931457e-02,6.051440159324671803e-02,2.843366795916786871e-01,8.583590113690348078e-02,8.204523791800265309e-02,3.893645934702553713e-01,9.184648439207231396e-01,1.885764804255829529e-03,1.178803453724247952e+01,1.849302793114110041e-02,2.378815613764334244e-02,2.046314664536044367e-02,1.791947229358956811e-02,1.418968465707314275e-01,1.609344875516548479e-01,1.492639531924194185e-01,1.396790714527182675e-01
1.117499999999999938e+00,2.682192252158923512e-02,6.044129377348528981e-02,7.907713817192216221e-02,6.070097807161260045e-02,2.847978564042623617e-01,8.648079608970218879e-02,8.199649477654180618e-02,3.901414144559090524e-01,9.184700438211403917e-01,2.274318198997230152e-03,1.179444530170938954e+01,1.847987633668960947e-02,2.378303282333216542e-02,2.045895106218375767e-02,1.790202037853541248e-02,1.418459800296774931e-01,1.609167006728111915e-01,1.492482280407285700e-01,1.396106424075238273e-01
1.120000000000000107e+00,2.680350929054845302e-02,6.042205297985275836e-02,7.906237500934361340e-02,6.088747258096443432e-02,2.852598065788483073e-01,8.712660822966297736e-02,8.194756259392643738e-02,3.909186488084286371e-01,9.184762163277383484e-01,2.663850815249879482e-03,1.180087269239195358e+01,1.846671278635427307e-02,2.377787224962130824e-02,2.045475883664311934e-02,1.788455071804420302e-02,1.417949748404409294e-01,1.608987007760832866e-01,1.492324346445670358e-01,1.395420374699821164e-01
1.122500000000000053e+00,2.678510332595478161e-02,6.040235584958963261e-02,7.904741355801402081e-02,6.107385448019154311e-02,2.857225498889014448e-01,8.777334679493405123e-02,8.189844238758618722e-02,3.916963007749816317e-01,9.184833638965376190e-01,3.054369013559742226e-03,1.180731675175395345e+01,1.845353728288592204e-02,2.377267438646111022e-02,2.045056997666595475e-02,1.786706337871188724e-02,1.417438308389495916e-01,1.608804875346415975e-01,1.492165728632069699e-01,1.394732566749651570e-01
1.125000000000000000e+00,2.676670524613777510e-02,6.038220222731312953e-02,7.903225419439366406e-02,6.126009301817334635e-02,2.861861062597148564e-01,8.842102101328833119e-02,8.184913518322547987e-02,3.924743743933664097e-01,9.184914889993646137e-01,3.445879078759346483e-03,1.181377752265585102e+01,1.844034982823711255e-02,2.376743920347636208e-02,2.044638449012116041e-02,1.784955842704194148e-02,1.416925478575154496e-01,1.608620606197221636e-01,1.492006425548671467e-01,1.394043000568200574e-01
1.127499999999999947e+00,2.674831570246710699e-02,6.036159199860097191e-02,7.901689730278795010e-02,6.144615733840250171e-02,2.866504957668007947e-01,8.906964010067480730e-02,8.179964201474392016e-02,3.932528734831154393e-01,9.185005941236623617e-01,3.838387218131883612e-03,1.182025504835606533e+01,1.842715042355849014e-02,2.376216666996824184e-02,2.044220238481874591e-02,1.783203592945531782e-02,1.416411257248348654e-01,1.608434197006542998e-01,1.491846435767304191e-01,1.393351676494281599e-01
1.130000000000000115e+00,2.672993537951367377e-02,6.034052509082201560e-02,7.900134327532036538e-02,6.163201648364496216e-02,2.871157386342275131e-01,8.971921325976421613e-02,8.174996392415451174e-02,3.940318016365778053e-01,9.185106817722930028e-01,4.231899559590033069e-03,1.182674937251212199e+01,1.841393906919526133e-02,2.375685675491632717e-02,2.043802366850949390e-02,1.781449595230073096e-02,1.415895642659900366e-01,1.608245644448892397e-01,1.491685757849617600e-01,1.392658594862659083e-01
1.132500000000000062e+00,2.671156499520494637e-02,6.031900147396032641e-02,7.898559251190434560e-02,6.181763940063518536e-02,2.875818552329059141e-01,9.036974967848840357e-02,8.170010196150115367e-02,3.948111622100010099e-01,9.185217544633370590e-01,4.626422149871300092e-03,1.183326053918177756e+01,1.840071576468379003e-02,2.375150942698072906e-02,2.043384834888460969e-02,1.779693856186527132e-02,1.415378633024511057e-01,1.608054945180296402e-01,1.491524390347265527e-01,1.391963756004676034e-01
1.135000000000000009e+00,2.669320530097506541e-02,6.029702116143272062e-02,7.896964542021320255e-02,6.200299494480265156e-02,2.880488660788171895e-01,9.102125852857499699e-02,8.165005718477459651e-02,3.955909583146184350e-01,9.185338147298889311e-01,5.021960952750112103e-03,1.183978859282399299e+01,1.838748050874829468e-02,2.374612465450430879e-02,2.042967643357539165e-02,1.777936382438537188e-02,1.414860226520789077e-01,1.607862095838595018e-01,1.491362331802093544e-01,1.391267160248897405e-01
1.137499999999999956e+00,2.667485708190911117e-02,6.027458421089744445e-02,7.895350241564846883e-02,6.218805188502690012e-02,2.885167918311908886e-01,9.167374896407481932e-02,8.159983065982759354e-02,3.963711928077550128e-01,9.185468651198466228e-01,5.418521847269777703e-03,1.184633357829989464e+01,1.837423329929768409e-02,2.374070240551499553e-02,2.042550793015288080e-02,1.776177180605809092e-02,1.414340421291285510e-01,1.607667093043753104e-01,1.491199580746330189e-01,1.390568807921771788e-01
1.140000000000000124e+00,2.665652115688166290e-02,6.025169072505379836e-02,7.893716392130641080e-02,6.237277890841971123e-02,2.889856532906264763e-01,9.232723011988530626e-02,8.154942346028840050e-02,3.971518682839673686e-01,9.185609081956982447e-01,5.816110625994447454e-03,1.185289554087360919e+01,1.836097413342250434e-02,2.373524264772819414e-02,2.042134284612754508e-02,1.774416257305274497e-02,1.413819215442538857e-01,1.607469933398174289e-01,1.491036135702782373e-01,1.389868699348311143e-01
1.142500000000000071e+00,2.663819837868969947e-02,6.022834085243072150e-02,7.892063036794295938e-02,6.255714462512917962e-02,2.894554713971614346e-01,9.298171111026611035e-02,8.149883666747351207e-02,3.979329870662255408e-01,9.185759465343036334e-01,6.214732993283494239e-03,1.185947452621302212e+01,1.834770300739201401e-02,2.372974534854930401e-02,2.041718118894895323e-02,1.772653619152284032e-02,1.413296607045124720e-01,1.607270613487024602e-01,1.490871995185034105e-01,1.389166834852785526e-01
1.145000000000000018e+00,2.661988963417938683e-02,6.020453478816299026e-02,7.890390219393703108e-02,6.274111757316562510e-02,2.899262672282840736e-01,9.363720102734962580e-02,8.144807137029944077e-02,3.987145511971554868e-01,9.185919827266701976e-01,6.614394563588912521e-03,1.186607058039046159e+01,1.833441991665138091e-02,2.372421047507632802e-02,2.041302296600544866e-02,1.770889272761835137e-02,1.412772594133716031e-01,1.607069129878566927e-01,1.490707157697651331e-01,1.388463214759438902e-01
1.147499999999999964e+00,2.660159584436718599e-02,6.018027277475451742e-02,7.888697984525198936e-02,6.292466622324363601e-02,2.903980619968929977e-01,9.429370893964469924e-02,8.139712866519339951e-02,3.994965624303489227e-01,9.186090193777293189e-01,7.015100859778205904e-03,1.187268374988329711e+01,1.832112485581901748e-02,2.371863799410258225e-02,2.040886818462384067e-02,1.769123224749828346e-02,1.412247174707148001e-01,1.606865479124493512e-01,1.490541621736384825e-01,1.387757839393213566e-01
1.150000000000000133e+00,2.658331796455480275e-02,6.015555510282623308e-02,7.886986377539562110e-02,6.310775898364096026e-02,2.908708770491996165e-01,9.495124389053440084e-02,8.134600965600338740e-02,4.002790222217608163e-01,9.186270591061018731e-01,7.416857311484064026e-03,1.187931408157444046e+01,1.830781781868403083e-02,2.371302787211950272e-02,2.040471685206908872e-02,1.767355481734357234e-02,1.411720346728495556e-01,1.606659657760276527e-01,1.490375385788385576e-01,1.387050709080500932e-01
1.152500000000000080e+00,2.656505698443810057e-02,6.013038211184818654e-02,7.885255444537819791e-02,6.329036420506786720e-02,2.913447338625788086e-01,9.560981489676609324e-02,8.129471545390715148e-02,4.010619317212020807e-01,9.186461045438651940e-01,7.819669253481662322e-03,1.188596162275277024e+01,1.829449879820381833e-02,2.370738007531955280e-02,2.040056897554400409e-02,1.765586050337025065e-02,1.411192108125152722e-01,1.606451662305517780e-01,1.490208448332414337e-01,1.386341824149900925e-01
1.155000000000000027e+00,2.654681392820982741e-02,6.010475419085374582e-02,7.883505232366914972e-02,6.347245018554750762e-02,2.918196540433621311e-01,9.626943094693603264e-02,8.124324717732077372e-02,4.018452917639452338e-01,9.186661583363129324e-01,8.223541924096487710e-03,1.189262642111347290e+01,1.828116778650179866e-02,2.370169456959922774e-02,2.039642456218894451e-02,1.763814937184294412e-02,1.410662456788924768e-01,1.606241489264310096e-01,1.490040807839062564e-01,1.385631184933000248e-01
1.157499999999999973e+00,2.652858985465607333e-02,6.007867177913484708e-02,7.881735788615185090e-02,6.365398517530225508e-02,2.922956593245767398e-01,9.693010099996546280e-02,8.119160595180639761e-02,4.026291028624552903e-01,9.186872231417128054e-01,8.628480463643062315e-03,1.189930852475827905e+01,1.826782477486526765e-02,2.369597132056215985e-02,2.039228361908152279e-02,1.762042148908861405e-02,1.410131390576124522e-01,1.606029135125602025e-01,1.489872462770970851e-01,1.384918791765164248e-01
1.159999999999999920e+00,2.651038585724657323e-02,6.005213536691630938e-02,7.879947161607669948e-02,6.383493738164501552e-02,2.927727715636292971e-01,9.759183398357096362e-02,8.113979290997944127e-02,4.034133651982594881e-01,9.187093016310591276e-01,9.034489912896976477e-03,1.190600798219564105e+01,1.825446975374341030e-02,2.369021029352232077e-02,2.038814615323631188e-02,1.760267692151060506e-02,1.409598907307680338e-01,1.605814596363573932e-01,1.489703411583055415e-01,1.384204644986345989e-01
1.162500000000000089e+00,2.649220306421849053e-02,6.002514549600890953e-02,7.878139400401285020e-02,6.401527497387242416e-02,2.932510127399352573e-01,9.825463879272566814e-02,8.108780919141536647e-02,4.041980786139718895e-01,9.187323964878217897e-01,9.441575211601653528e-03,1.191272484234079876e+01,1.824110271274543074e-02,2.368441145350732788e-02,2.038401217160456733e-02,1.758491573560294272e-02,1.409065004769247953e-01,1.605597869438016578e-01,1.489533652722735135e-01,1.383488744941909210e-01
1.165000000000000036e+00,2.647404263865365051e-02,5.999770276043809442e-02,7.876312554779787978e-02,6.419496608815694616e-02,2.937304049524921967e-01,9.891852428811422071e-02,8.103565594255608684e-02,4.049832426054851831e-01,9.187565104076927947e-01,9.849741197011218502e-03,1.191945915451577775e+01,1.822772364063884876e-02,2.367857476526184085e-02,2.037988168107393583e-02,1.756713799796489131e-02,1.408529680711333165e-01,1.605378950794718873e-01,1.489363184630162484e-01,1.382771091983462652e-01
1.167499999999999982e+00,2.645590577854965708e-02,5.996980780704795622e-02,7.874466675248614767e-02,6.437397883243685393e-02,2.942109704173975770e-01,9.958349929457839533e-02,8.098333431661601522e-02,4.057688563143439509e-01,9.187816460983269096e-01,1.025899260247151168e-02,1.192621096844927209e+01,1.821433252534792810e-02,2.367270019325107624e-02,2.037575468846819851e-02,1.754934377531576148e-02,1.407992932849421452e-01,1.605157836865863108e-01,1.489192005738459168e-01,1.382051686469713547e-01
1.169999999999999929e+00,2.643779371688383117e-02,5.994146133607874960e-02,7.872601813029532491e-02,6.455228129130016756e-02,2.946927314653122187e-01,1.002495725995558584e-01,8.093084547348756985e-02,4.065549185203164995e-01,9.188078062790820955e-01,1.066933405604046300e-02,1.193298033427649152e+01,1.820092935395226097e-02,2.366678770166440182e-02,2.037163120054698295e-02,1.753153313450995024e-02,1.407454758864114808e-01,1.604934524070423529e-01,1.489020114473950940e-01,1.381330528767327759e-01
1.172500000000000098e+00,2.641970772167104298e-02,5.991266410171578599e-02,7.870718020055135489e-02,6.472984153086139281e-02,2.951757105388685964e-01,1.009167529515094530e-01,8.087819057964701353e-02,4.073414276341740248e-01,9.188349936807519436e-01,1.108077007915029590e-02,1.193976730253886132e+01,1.818751411268548432e-02,2.366083725441904539e-02,2.036751122400550645e-02,1.751370614255220309e-02,1.406915156401277733e-01,1.604709008814575177e-01,1.488847509256411017e-01,1.380607619251809637e-01
1.175000000000000044e+00,2.640164909601443871e-02,5.988341691260928162e-02,7.868815348963185963e-02,6.490662760362886363e-02,2.956599301900226795e-01,1.015850490583478788e-01,8.082537080805995977e-02,4.081283816907003148e-01,9.188632110453003321e-01,1.149330508531204789e-02,1.194657192418367586e+01,1.817408678693416615e-02,2.365484881516390081e-02,2.036339476547431929e-02,1.749586286661308776e-02,1.406374123072189619e-01,1.604481287492106889e-01,1.488674188499301276e-01,1.379882958308386864e-01
1.177499999999999991e+00,2.638361917814943669e-02,5.985372063236206464e-02,7.866893853090789479e-02,6.508260755335965042e-02,2.961454130773523152e-01,1.022544695858375735e-01,8.077238733808657367e-02,4.089157783419335446e-01,9.188924611255882002e-01,1.190694337886509871e-02,1.195339425056367766e+01,1.816064736123683757e-02,2.364882234728343455e-02,2.035928183151904797e-02,1.747800337404466914e-02,1.405831656453706557e-01,1.604251356484840130e-01,1.488500150610018169e-01,1.379156546332913069e-01
1.179999999999999938e+00,2.636561934148087469e-02,5.982357617998504407e-02,7.864953586468417801e-02,6.525774941990115929e-02,2.966321819632994350e-01,1.029250231560049772e-01,8.071924135538757761e-02,4.097036148506675857e-01,9.189227466850992121e-01,1.232168915377268754e-02,1.196023433343649778e+01,1.814719581928318087e-02,2.364275781390168946e-02,2.035517242864014545e-02,1.746012773239636467e-02,1.405287754088430374e-01,1.604019212163057262e-01,1.488325393990144185e-01,1.378428383732777374e-01
1.182500000000000107e+00,2.634765099461331556e-02,5.979298453031783173e-02,7.862994603813759642e-02,6.543202124401678588e-02,2.971202597113576926e-01,1.035967183455292068e-01,8.066593405182931331e-02,4.104918880842179929e-01,9.189540704976637553e-01,1.273754649246553773e-02,1.196709222496407143e+01,1.813373214391337390e-02,2.363665517788639953e-02,2.035106656327264479e-02,1.744223600943097668e-02,1.404742413484884878e-01,1.603784850885931479e-01,1.488149917035695990e-01,1.377698470927825602e-01
1.185000000000000053e+00,2.632971558137407742e-02,5.976194671441347611e-02,7.861016960525436803e-02,6.560539107219456878e-02,2.976096692832055912e-01,1.042695636841258905e-01,8.061246662539031660e-02,4.112805945084697101e-01,9.189864353471766112e-01,1.315451936473509796e-02,1.197396797771193633e+01,1.812025631711758344e-02,2.363051440185320179e-02,2.034696424178591978e-02,1.742432827314088425e-02,1.404195632117700432e-01,1.603548269001966731e-01,1.487973718137380053e-01,1.376966808351293425e-01
1.187500000000000000e+00,2.631181458082937005e-02,5.973046381988528220e-02,7.859020712676556553e-02,6.577782696143526231e-02,2.981004337357845424e-01,1.049435676529187761e-01,8.055884028006703168e-02,4.120697301822191516e-01,9.190198440273157354e-01,1.357261162667760743e-02,1.198086164464847059e+01,1.810676832003564607e-02,2.362433544816995232e-02,2.034286547048345592e-02,1.740640459176436700e-02,1.403647407427807414e-01,1.603309462849441536e-01,1.487796795680849105e-01,1.376233396450743107e-01
1.189999999999999947e+00,2.629394950729313160e-02,5.969853699121459301e-02,7.857005917008119678e-02,6.594929698402149376e-02,2.985925762183219145e-01,1.056187386828029845e-01,8.050505622578073284e-02,4.128592907518277566e-01,9.190542993412560424e-01,1.399182701969160433e-02,1.198777327914402413e+01,1.809326813295688077e-02,2.361811827896114283e-02,2.033877025560262147e-02,1.738846503380207104e-02,1.403097736822634667e-01,1.603068428756857233e-01,1.487619148046959994e-01,1.375498235689015802e-01
1.192500000000000115e+00,2.627612191032886388e-02,5.966616743001772888e-02,7.854972630922278654e-02,6.611976923226239866e-02,2.990861199693015116e-01,1.062950851527962176e-01,8.045111567828452936e-02,4.136492714461935671e-01,9.190898041013820796e-01,1.441216916952923512e-02,1.199470293496999673e+01,1.807975573532008898e-02,2.361186285611241789e-02,2.033467860331443153e-02,1.737050966803356522e-02,1.402546617676318497e-01,1.602825163043396228e-01,1.487440773612034028e-01,1.374761326545183571e-01
1.195000000000000062e+00,2.625833337474381760e-02,5.963335639527009291e-02,7.852920912475434834e-02,6.628921182321599603e-02,2.995810883133775970e-01,1.069726153883799741e-01,8.039701985907092563e-02,4.144396670720614240e-01,9.191263611289960389e-01,1.483364158540418851e-02,1.200165066629781663e+01,1.806623110571370719e-02,2.360556914127520667e-02,2.033059051972334330e-02,1.735253856353402221e-02,1.401994047329919169e-01,1.602579662019381346e-01,1.487261670748121489e-01,1.374022669515516937e-01
1.197500000000000009e+00,2.624058552057620744e-02,5.960010520348680424e-02,7.850850820371207961e-02,6.645759290338526526e-02,3.000775046582377925e-01,1.076513376598286775e-01,8.034276999528011665e-02,4.152304720096781088e-01,9.191639732540277663e-01,1.525624765915695180e-02,1.200861652769786758e+01,1.805269422187613312e-02,2.359923709587144827e-02,2.032650601086703410e-02,1.733455178969095511e-02,1.401440023091642118e-01,1.602331921986742957e-01,1.487081837823263919e-01,1.373282265114451062e-01
1.199999999999999956e+00,2.622288000307468683e-02,5.956641522885749301e-02,7.848762413953284944e-02,6.662488065338834087e-02,3.005753924914094655e-01,1.083312601805277442e-01,8.028836731960917183e-02,4.160216802088107513e-01,9.192026433147384434e-01,1.567999066447955253e-02,1.201560057413830940e+01,1.803914506069622878e-02,2.359286668109842472e-02,2.032242508271619313e-02,1.731654941622101651e-02,1.400884542237070263e-01,1.602081939239490826e-01,1.486901273201761964e-01,1.372540113875560519e-01
1.202500000000000124e+00,2.620521851267046745e-02,5.953228790333380677e-02,7.846655753198060468e-02,6.679104329260077133e-02,3.010747753770156021e-01,1.090123911052803679e-01,8.023381307022137143e-02,4.168132851851359399e-01,9.192423741574258234e-01,1.610487375620058698e-02,1.202260286098385755e+01,1.802558359821397962e-02,2.358645785793369795e-02,2.031834774117431686e-02,1.729853151318686347e-02,1.400327602009401873e-01,1.601829710064190393e-01,1.486719975244442382e-01,1.371796216352540454e-01
1.205000000000000071e+00,2.618760277494189964e-02,5.949772471666880252e-02,7.844530898707231803e-02,6.695604908376931452e-02,3.015756769524757797e-01,1.096947385286016347e-01,8.017910849065740253e-02,4.176052800170131363e-01,9.192831686361246923e-01,1.653089996963340649e-02,1.202962344399445804e+01,1.801200980962133769e-02,2.358001058714015441e-02,2.031427399207750423e-02,1.728049815101402251e-02,1.399769199619697313e-01,1.601575230740445999e-01,1.486537942308929217e-01,1.371050573120187466e-01
1.207500000000000018e+00,2.617003455057141659e-02,5.946272721640579600e-02,7.842387911700186842e-02,6.711986633759595144e-02,3.020781209251554023e-01,1.103783104830015210e-01,8.012425482974643021e-02,4.183976573426552159e-01,9.193250296123084420e-01,1.695807221998711298e-02,1.203666237932393024e+01,1.799842366926323808e-02,2.357352482927115023e-02,2.031020384119427286e-02,1.726244940050778234e-02,1.399209332247131066e-01,1.601318497541386610e-01,1.486355172749912190e-01,1.370303184775386873e-01
1.209999999999999964e+00,2.615251563529480405e-02,5.942729700781571034e-02,7.840226854006297763e-02,6.728246341729145208e-02,3.025821310689628674e-01,1.110631149372539872e-01,8.006925334151898666e-02,4.191904093577054069e-01,9.193679599545880876e-01,1.738639330184355708e-02,1.204371972351849962e+01,1.798482515063879600e-02,2.356700054467577091e-02,2.030613729422535430e-02,1.724438533287005887e-02,1.398647997039254576e-01,1.601059506734158477e-01,1.486171664919421209e-01,1.369554051938099704e-01
1.212500000000000133e+00,2.613504785984259796e-02,5.939143575378159207e-02,7.838047788057091181e-02,6.744380874309777174e-02,3.030877312208947738e-01,1.117491597946554949e-01,8.001410528512063747e-02,4.199835278132300620e-01,9.194119625384089556e-01,1.781586588870085613e-02,1.205079553351530031e+01,1.797121422640267363e-02,2.356043769350418815e-02,2.030207435680352057e-02,1.722630601971624972e-02,1.398085191112262704e-01,1.600798254580421687e-01,1.485987417167097535e-01,1.368803175252352455e-01
1.215000000000000080e+00,2.611763308987398446e-02,5.935514517462851802e-02,7.835850776878271196e-02,6.760387079677893096e-02,3.035949452775295598e-01,1.124364528912698974e-01,7.995881192472678589e-02,4.207770040141414203e-01,9.194570402457497016e-01,1.824649253258477100e-02,1.205788986664079943e+01,1.795759086836663104e-02,2.355383623571313118e-02,2.029801503449339337e-02,1.720821153309202989e-02,1.397520911551270173e-01,1.600534737336848368e-01,1.485802427840468842e-01,1.368050555387225198e-01
1.217500000000000027e+00,2.610027322590250526e-02,5.931842704789769966e-02,7.833635884081635581e-02,6.776261812607850543e-02,3.041037971914711813e-01,1.131250019941601737e-01,7.990337452945893426e-02,4.215708288180565200e-01,9.195031959648151121e-01,1.867827566373004428e-02,1.206500278060915399e+01,1.794395504750126089e-02,2.354719613107145518e-02,2.029395933279127401e-02,1.719010194549007789e-02,1.396955155410593841e-01,1.600268951255632011e-01,1.485616695285224553e-01,1.367296193037842444e-01
1.219999999999999973e+00,2.608297020321418205e-02,5.928128320806351492e-02,7.831403173856893440e-02,6.792001934914575212e-02,3.046143109677414973e-01,1.138148147996076581e-01,7.984779437330197238e-02,4.223649926346012551e-01,9.195504325897350117e-01,1.911121759033217529e-02,1.207213433352052157e+01,1.793030673393790353e-02,2.354051733916583122e-02,2.028990725712495960e-02,1.717197732986671527e-02,1.396387919714043024e-01,1.600000892584991785e-01,1.485430217845488954e-01,1.366540088926356811e-01
1.222499999999999920e+00,2.606572599177743241e-02,5.924371554619228819e-02,7.829152710963327433e-02,6.807604315892708258e-02,3.051265106601240840e-01,1.145058989313206405e-01,7.979207273502304798e-02,4.231594854251703453e-01,9.195987530202553994e-01,1.954532049837154339e-02,1.207928458385930170e+01,1.791664589697074608e-02,2.353379981940653329e-02,2.028585881285359035e-02,1.715383775965844890e-02,1.395819201455216207e-01,1.599730557569690181e-01,1.485242993864100136e-01,1.365782243802937113e-01
1.225000000000000089e+00,2.604854259614498846e-02,5.920572600954077114e-02,7.826884560721376893e-02,6.823065832752467363e-02,3.056404203674575326e-01,1.151982619386247852e-01,7.973621089809203311e-02,4.239542967031502130e-01,9.196481601614351353e-01,1.998058645151041743e-02,1.208645359049233647e+01,1.790297250505911569e-02,2.352704353103333632e-02,2.028181400526746919e-02,1.713568330879837107e-02,1.395248997597804963e-01,1.599457942451547321e-01,1.485055021682883947e-01,1.365022658446746751e-01
1.227500000000000036e+00,2.603142205534812043e-02,5.916731660109494223e-02,7.824598789004108546e-02,6.838383371052142445e-02,3.061560642298820634e-01,1.158919112946463909e-01,7.968021015060292034e-02,4.247494155346115408e-01,9.196986569233388531e-01,2.041701739106542915e-02,1.209364141266704529e+01,1.788928652582993939e-02,2.352024843312152877e-02,2.027777283958791602e-02,1.711751405173241730e-02,1.394677305075904261e-01,1.599183043469963039e-01,1.484866299642931264e-01,1.364261333666920983e-01
1.229999999999999982e+00,2.601436644278214833e-02,5.912848937904551655e-02,7.822295462228590068e-02,6.853553825127199628e-02,3.066734664250367892e-01,1.165868543944786478e-01,7.962407178519774476e-02,4.255448305394790576e-01,9.197502462207320928e-01,2.085461513605489300e-02,1.210084811000952598e+01,1.787558792608041555e-02,2.351341448458802233e-02,2.027373532096709771e-02,1.709933006343546807e-02,1.394104120794331381e-01,1.598905856862440078e-01,1.484676826084873613e-01,1.363498270303539761e-01
1.232499999999999929e+00,2.599737786608431397e-02,5.908924645620117905e-02,7.819974647347145702e-02,6.868574098516003201e-02,3.071926511642112390e-01,1.172830985533368231e-01,7.956779709899117203e-02,4.263405298931837173e-01,9.198029309727748792e-01,2.129338138332330724e-02,1.210807374252260082e+01,1.786187667178086580e-02,2.350654164419758649e-02,2.026970145448788937e-02,1.708113141942723540e-02,1.393529441628949261e-01,1.598626378865113107e-01,1.484486599349160163e-01,1.362733469228588346e-01
1.235000000000000098e+00,2.598045846700311814e-02,5.904958999933777181e-02,7.817636411838528587e-02,6.883441104382141684e-02,3.077136426884493070e-01,1.179806510047009122e-01,7.951138739349739026e-02,4.271365013288053181e-01,9.198567141027169658e-01,2.173331770774376143e-02,1.211531837058381633e+01,1.784815272807777770e-02,2.349962987056918029e-02,2.026567124516371124e-02,1.706291819578796901e-02,1.392953264426997906e-01,1.598344605713277744e-01,1.484295617776332787e-01,1.361966931346919596e-01
1.237500000000000044e+00,2.596361042125971269e-02,5.900952222848197121e-02,7.815280823699023716e-02,6.898151765933431545e-02,3.082364652646090719e-01,1.186795188984438032e-01,7.945484397455904180e-02,4.279327321397065065e-01,9.199115985375927451e-01,2.217442556249899291e-02,1.212258205494340579e+01,1.783441605929703133e-02,2.349267912218240204e-02,2.026164469793840378e-02,1.704469046917391623e-02,1.392375586007431887e-01,1.598060533641927350e-01,1.484103879707301676e-01,1.361198657597199047e-01
1.239999999999999991e+00,2.594683593840079947e-02,5.896904541612958683e-02,7.812907951433414877e-02,6.912703016837505599e-02,3.087611431813769292e-01,1.193797092989496711e-01,7.939816815227677960e-02,4.287292091826667151e-01,9.199675872079184913e-01,2.261670627944232376e-02,1.212986485672222337e+01,1.782066662894734449e-02,2.348568935738404653e-02,2.025762181768606465e-02,1.702644831683252508e-02,1.391796403161264517e-01,1.597774158886286211e-01,1.483911383483619006e-01,1.360428648952845543e-01
1.242499999999999938e+00,2.593013726164318869e-02,5.892816188639654618e-02,7.810517864045921077e-02,6.927091801634148449e-02,3.092877007452380922e-01,1.200812291832182716e-01,7.934136124094216813e-02,4.295259188815172546e-01,9.200246830473879367e-01,2.306016106953937689e-02,1.213716683740963020e+01,1.780690439972388087e-02,2.347866053439477685e-02,2.025360260921092725e-02,1.700819181661740107e-02,1.391215712651918401e-01,1.597485477682352717e-01,1.483718127447754276e-01,1.359656906422961054e-01
1.245000000000000107e+00,2.591351666771029086e-02,5.888687401410318267e-02,7.808110631031006665e-02,6.941315076144259633e-02,3.098161622764055156e-01,1.207840854389568980e-01,7.928442455897154184e-02,4.303228472312770614e-01,9.200828889925730669e-01,2.350479102339100845e-02,1.214448805886136995e+01,1.779312933351207340e-02,2.347159261131590013e-02,2.024958707724722196e-02,1.698992104700295172e-02,1.390633511215581541e-01,1.597194486267436986e-01,1.483524109943364089e-01,1.358883431053246882e-01
1.247500000000000053e+00,2.589697646665989686e-02,5.884518422378991892e-02,7.805686322364176200e-02,6.955369807875694255e-02,3.103465521047050202e-01,1.214882848626637896e-01,7.922735942884236160e-02,4.311199798028013674e-01,9.201422079826209188e-01,2.395059711183864654e-02,1.215182858329737847e+01,1.777934139139164885e-02,2.346448554613626489e-02,2.024557522645904425e-02,1.697163608709872235e-02,1.390049795561570656e-01,1.596901180880709592e-01,1.483329329315567213e-01,1.358108223926909608e-01
1.250000000000000000e+00,2.588051900170373204e-02,5.880309498866412993e-02,7.803245008492606938e-02,6.969252976425724388e-02,3.108788945654213931e-01,1.221938341576965792e-01,7.917016717703091733e-02,4.319173017479316923e-01,9.202026429589580392e-01,2.439758018665248371e-02,1.215918847329960606e+01,1.776554053364082578e-02,2.345733929673925883e-02,2.024156706144022641e-02,1.695333701666340911e-02,1.389464562372699219e-01,1.596605557763745020e-01,1.483133783911210202e-01,1.357331286165552875e-01
1.252499999999999947e+00,2.586414664901860380e-02,5.876060882947855418e-02,7.800786760325841007e-02,6.982961573880451522e-02,3.114132139951040212e-01,1.229007399323318039e-01,7.911284913395320861e-02,4.327147978051579802e-01,9.202641968649913906e-01,2.484574098130298142e-02,1.216656779180981829e+01,1.775172671974073468e-02,2.345015382090993167e-02,2.023756258671421948e-02,1.693502391611850441e-02,1.388877808305653827e-01,1.596307613161070948e-01,1.482937472079139674e-01,1.356552618930053911e-01
1.255000000000000115e+00,2.584786181754892762e-02,5.871772831333939985e-02,7.798311649226276343e-02,6.996492605211049320e-02,3.119495347273331665e-01,1.236090086978151176e-01,7.905540663390674128e-02,4.335124523057890533e-01,9.203268726458148086e-01,2.529508011181686583e-02,1.217396660212733117e+01,1.773789990838002886e-02,2.344292907634221851e-02,2.023356180673396842e-02,1.691669686656158481e-02,1.388289529991372784e-01,1.596007343320719196e-01,1.482740392170467103e-01,1.355772223421425893e-01
1.257500000000000062e+00,2.583166694880092290e-02,5.867445605244515222e-02,7.795819746999721467e-02,7.009843088666985189e-02,3.124878810884495484e-01,1.243186468663998318e-01,7.899784101501537703e-02,4.343102491806287158e-01,9.203906732479169017e-01,2.574559807771689690e-02,1.218138496790680847e+01,1.772406005745969307e-02,2.343566502064628465e-02,2.022956472588179067e-02,1.689835594977920352e-02,1.387699724035433291e-01,1.595704744494775285e-01,1.482542542538832497e-01,1.354990100881662551e-01
1.260000000000000009e+00,2.581556451662832263e-02,5.863079470275547184e-02,7.793311125885808710e-02,7.023010056166158199e-02,3.130282773932487883e-01,1.250296607493773804e-01,7.894015361917580687e-02,4.351081719671594517e-01,9.204556016188899514e-01,2.619729526304747161e-02,1.218882295315597375e+01,1.771020712409805339e-02,2.342836161135598144e-02,2.022557134846926855e-02,1.688000124825936310e-02,1.387108387018442801e-01,1.595399812939934381e-01,1.482343921540668352e-01,1.354206252594567228e-01
1.262499999999999956e+00,2.579955702700947526e-02,5.858674696258907993e-02,7.790785858548406051e-02,7.035990553682186510e-02,3.135707479406386611e-01,1.257420565550998459e-01,7.888234579200645302e-02,4.359062038172308307e-01,9.205216607071434742e-01,2.665017193748455554e-02,1.219628062223334730e+01,1.769634106463598838e-02,2.342101880593639926e-02,2.022158167873712789e-02,1.686163284520356825e-02,1.386515515496436757e-01,1.595092544918053357e-01,1.482144527535459999e-01,1.353420679886560007e-01
1.265000000000000124e+00,2.578364701781596380e-02,5.854231557115283091e-02,7.788244018065962337e-02,7.048781641628723560e-02,3.141153170092634839e-01,1.264558403869936731e-01,7.882441888279874409e-02,4.367043275052460705e-01,9.205888534616191166e-01,2.710422825753166370e-02,1.220375803984600793e+01,1.768246183464234483e-02,2.341363656179156622e-02,2.021759572085513393e-02,1.684325082453842076e-02,1.385921106001280767e-01,1.594782936696708397e-01,1.481944358886002067e-01,1.352633384127470417e-01
1.267500000000000071e+00,2.576783705857278381e-02,5.849750330699990397e-02,7.785685677921820591e-02,7.061380395240976493e-02,3.146620088530968640e-01,1.271710182415678181e-01,7.876637424447029134e-02,4.375025254368503091e-01,9.206571828315098793e-01,2.755946426780125913e-02,1.221125527104728192e+01,1.766856938891955137e-02,2.340621483627221971e-02,2.021361347892198373e-02,1.682485527092674252e-02,1.385325155041078338e-01,1.594470984549749004e-01,1.481743413958654387e-01,1.351844366731304592e-01
1.270000000000000018e+00,2.575212975020986159e-02,5.845231298641850870e-02,7.783110911994485515e-02,7.073783904954503154e-02,3.152108476970029161e-01,1.278875960064148609e-01,7.870821323352082677e-02,4.383007796581066540e-01,9.207266517659817850e-01,2.801587990238175313e-02,1.221877238123451548e+01,1.765466368150944015e-02,2.339875358668372374e-02,2.020963495696519868e-02,1.680644626977823367e-02,1.384727659100583042e-01,1.594156684757856435e-01,1.481541691123593740e-01,1.351053629156994951e-01
1.272499999999999964e+00,2.573652772480521794e-02,5.840674746175135434e-02,7.780519794547859080e-02,7.085989276781216872e-02,3.157618577322678921e-01,1.286055794582079692e-01,7.864993720999011173e-02,4.390990718651646141e-01,9.207972632138998748e-01,2.847347498629051316e-02,1.222630943614678500e+01,1.764074466569926294e-02,2.339125277029407979e-02,2.020566015894102035e-02,1.678802390725959992e-02,1.384128614641616239e-01,1.593840033609099371e-01,1.481339188755063097e-01,1.350261172909125174e-01
1.275000000000000133e+00,2.572103364531940287e-02,5.836080961964604935e-02,7.777912400221440037e-02,7.097993632682821075e-02,3.163150631121043332e-01,1.293249742606934483e-01,7.859154753741809385e-02,4.398973834144064843e-01,9.208690201235560924e-01,2.893224923701210802e-02,1.223386650186265712e+01,1.762681229402791871e-02,2.338371234434205928e-02,2.020168908873430993e-02,1.676958827030417334e-02,1.383528018103491464e-01,1.593521027399494583e-01,1.481135905231617256e-01,1.349466999538634082e-01
1.277500000000000080e+00,2.570565020532149247e-02,5.831450237923718055e-02,7.775288804020523414e-02,7.109794110941666800e-02,3.168704879471274105e-01,1.300457859626805712e-01,7.853304558280785330e-02,4.406956953330721238e-01,9.209419254424038304e-01,2.939220226612249132e-02,1.224144364479795399e+01,1.761286651829237909e-02,2.337613226604542960e-02,2.019772175015845800e-02,1.675113944662098842e-02,1.382925865903438523e-01,1.593199662433560648e-01,1.480931838936366818e-01,1.348671110643492876e-01
1.280000000000000027e+00,2.569038012870675236e-02,5.826782869026098793e-02,7.772649081306325092e-02,7.121387866529023392e-02,3.174281563008083396e-01,1.307680199960304657e-01,7.847443271659040875e-02,4.414939883303496959e-01,9.210159821167949179e-01,2.985333358099789836e-02,1.224904093170353292e+01,1.759890728955431846e-02,2.336851249260932586e-02,2.019375814695527002e-02,1.673267752470330300e-02,1.382322154437036488e-01,1.592875935024878342e-01,1.480726988257214383e-01,1.347873507869359333e-01
1.282499999999999973e+00,2.567522616940553365e-02,5.822079153110286398e-02,7.769993307786142445e-02,7.132772071470977471e-02,3.179880921849035369e-01,1.314916816736432237e-01,7.841571031259221558e-02,4.422922428089277602e-01,9.210911930917209389e-01,3.031564258660899430e-02,1.225665842966309071e+01,1.758493455814694878e-02,2.336085298123469906e-02,2.018979828279489006e-02,1.671420259383655724e-02,1.381716880078650289e-01,1.592549841496646301e-01,1.480521351587092138e-01,1.347074192910206469e-01
1.284999999999999920e+00,2.566019111108384584e-02,5.817339390677949557e-02,7.767321559503460870e-02,7.143943915211876938e-02,3.185503195548619049e-01,1.322167761874465663e-01,7.835687974800488453e-02,4.430904388769986713e-01,9.211675613105605454e-01,3.077912858739943400e-02,1.226429620609096105e+01,1.757094827368205908e-02,2.335315368912688899e-02,2.018584216127569317e-02,1.669571474410573575e-02,1.381110039181868698e-01,1.592221378182237523e-01,1.480314927324191399e-01,1.346273167508921786e-01
1.287500000000000089e+00,2.564527776683554749e-02,5.812563884685612720e-02,7.764633912828063089e-02,7.154900604975379663e-02,3.191148623052129096e-01,1.329433086063883385e-01,7.829794240335735678e-02,4.438885563607030127e-01,9.212450897148289908e-01,3.124379078924837197e-02,1.227195432873000058e+01,1.755694838505724581e-02,2.334541457350431184e-02,2.018188978592419525e-02,1.667721406640212262e-02,1.380501628079950915e-01,1.591890541425755312e-01,1.480107713872191033e-01,1.345470433457881532e-01
1.290000000000000036e+00,2.563048897886589100e-02,5.807752940330020847e-02,7.761930444446113464e-02,7.165639366123308096e-02,3.196817442649362850e-01,1.336712838744305576e-01,7.823889966249000794e-02,4.446865748170094612e-01,9.213237812439352137e-01,3.170962830151619061e-02,1.227963286564945200e+01,1.754293484046336518e-02,2.333763559160724824e-02,2.017794116019496972e-02,1.665870065242946660e-02,1.379891643086273711e-01,1.591557327582588666e-01,1.479899709640479510e-01,1.344665992599497206e-01
1.292499999999999982e+00,2.561582761816694198e-02,5.802906864827341027e-02,7.759211231350272853e-02,7.176157442512132167e-02,3.202509891928165819e-01,1.344007068085504575e-01,7.817975291253211056e-02,4.454844735470123163e-01,9.214036388349441387e-01,3.217664013917328342e-02,1.228733188524286390e+01,1.752890758739217292e-02,2.332981670070674932e-02,2.017399628747055043e-02,1.664017459470948368e-02,1.379280080494782734e-01,1.591221733019964613e-01,1.479690913044372502e-01,1.343859846826728488e-01
1.294999999999999929e+00,2.560129658418440132e-02,5.798025967186246771e-02,7.756476350829755173e-02,7.186452096847292803e-02,3.208226207727816748e-01,1.351315820967483039e-01,7.812050354388032358e-02,4.462822316096441977e-01,9.214846654223410871e-01,3.264482522501066519e-02,1.229505145622604445e+01,1.751486657264416866e-02,2.332195785811362956e-02,2.017005517106134488e-02,1.662163598658673858e-02,1.378666936580448255e-01,1.590883754117501103e-01,1.479481322505328822e-01,1.343051998083572007e-01
1.297500000000000098e+00,2.558689880447635387e-02,5.793110557975163222e-02,7.753725880460428377e-02,7.196520611035302217e-02,3.213966626092299994e-01,1.358639142960641477e-01,7.806115295018077604e-02,4.470798278357842048e-01,9.215668639378066240e-01,3.311418239193171520e-02,1.230279164763505939e+01,1.750081174233665202e-02,2.331405902118759491e-02,2.016611781420554750e-02,1.660308492223287052e-02,1.378052207599725354e-01,1.590543387267757403e-01,1.479270936451156926e-01,1.342242448365515151e-01
1.300000000000000044e+00,2.557263723436345101e-02,5.788160949083766965e-02,7.750959898094873790e-02,7.206360286533727844e-02,3.219731382223480209e-01,1.365977078306050974e-01,7.800170252831227502e-02,4.478772408427566520e-01,9.216502373099924039e-01,3.358471038532404029e-02,1.231055252882427276e+01,1.748674304191196599e-02,2.330612014734645410e-02,2.016218422006905292e-02,1.658452149665013559e-02,1.377435889791015500e-01,1.590200628876783373e-01,1.479059753316220305e-01,1.341431199719961553e-01
1.302499999999999991e+00,2.555851485657107888e-02,5.783177453479001334e-02,7.748178481852503741e-02,7.215968444698984963e-02,3.225520710434172100e-01,1.373329669895859140e-01,7.794215367837309394e-02,4.486744490491997306e-01,9.217347884643082301e-01,3.405640786551080573e-02,1.231833416946443371e+01,1.747266041614594506e-02,2.329814119407543765e-02,2.015825439174536923e-02,1.656594580567430017e-02,1.376817979375130618e-01,1.589855475364664317e-01,1.478847771541634826e-01,1.340618254246621066e-01
1.304999999999999938e+00,2.554453468086346699e-02,5.778160384955722401e-02,7.745381710109625062e-02,7.225342427132080969e-02,3.231334844101168557e-01,1.380696959253842337e-01,7.788250780366888504e-02,4.494714306903005441e-01,9.218205203227100020e-01,3.452927341027988567e-02,1.232613663954081318e+01,1.745856380915656453e-02,2.329012211893663128e-02,2.015432833225553125e-02,1.654735794597680942e-02,1.376198472555763830e-01,1.589507923166066927e-01,1.478634989575463854e-01,1.339803614097871132e-01
1.307500000000000107e+00,2.553069974366917530e-02,5.773110057882350349e-02,7.742569661489559496e-02,7.234479596022178050e-02,3.237174015618214384e-01,1.388078986516113056e-01,7.782276631070361717e-02,4.502681638333706493e-01,9.219074358034979877e-01,3.500330551749034763e-02,1.233396000935140613e+01,1.744445316441278412e-02,2.328206287957849605e-02,2.015040604454802070e-02,1.652875801506629647e-02,1.375577365519960182e-01,1.589157968730781634e-01,1.478421405872905325e-01,1.338987281479081248e-01
1.310000000000000053e+00,2.551701310769918796e-02,5.768026786941556766e-02,7.739742414852725239e-02,7.243377334488143582e-02,3.243038456348966148e-01,1.395475790412040729e-01,7.776293060917233158e-02,4.510646263937625466e-01,9.219955378211193153e-01,3.547850260775412684e-02,1.234180434950517480e+01,1.743032842474359981e-02,2.327396343374549259e-02,2.014648753149867605e-02,1.651014611128934911e-02,1.374954654438590163e-01,1.588805608524261059e-01,1.478207018896475211e-01,1.338169258648906623e-01
1.312500000000000000e+00,2.550347786155638882e-02,5.762910886866448590e-02,7.736900049286779546e-02,7.252033046917880088e-02,3.248928396579940370e-01,1.402887408245364342e-01,7.770300211195636797e-02,4.518607961510966997e-01,9.220848292859800122e-01,3.595486302719264060e-02,1.234966973092037534e+01,1.741618953234727249e-02,2.326582373928780950e-02,2.014257279591060920e-02,1.649152233383059316e-02,1.374330335466827091e-01,1.588450839028155703e-01,1.477991827116181545e-01,1.337349547919544634e-01
1.314999999999999947e+00,2.549009711933760552e-02,5.757762672172364593e-02,7.734042644096728036e-02,7.260444159305669276e-02,3.254844065473497250e-01,1.410313875875556233e-01,7.764298223512069996e-02,4.526566507657988070e-01,9.221753131042611518e-01,3.643238505026603902e-02,1.235755622482292182e+01,1.740203642880076840e-02,2.325764375417117835e-02,2.013866184051412919e-02,1.647288678271202275e-02,1.373704404744624519e-01,1.588093656740847959e-01,1.477775829009697617e-01,1.336528151656957708e-01
1.317500000000000115e+00,2.547687402022742742e-02,5.752582456884658413e-02,7.731170278795075623e-02,7.268608119587278982e-02,3.260785691020868238e-01,1.417755227699435128e-01,7.758287239791329670e-02,4.534521677959204022e-01,9.222669921777418844e-01,3.691106688267387081e-02,1.236546390274484253e+01,1.738786905506938679e-02,2.324942343648678592e-02,2.013475466796664504e-02,1.645423955879163347e-02,1.373076858397200839e-01,1.587734058177983631e-01,1.477559023062526566e-01,1.335705072281062888e-01
1.320000000000000062e+00,2.546381172808450874e-02,5.747370554262691555e-02,7.728283033091962184e-02,7.276522397972935707e-02,3.266753499995242449e-01,1.425211496633083108e-01,7.752267402276671882e-02,4.542473247142337911e-01,9.223598694036343471e-01,3.739090666432599852e-02,1.237339283652278787e+01,1.737368735151658197e-02,2.324116274446128352e-02,2.013085128085259287e-02,1.643558076376129204e-02,1.372447692535519737e-01,1.587372039872995133e-01,1.477341407768158199e-01,1.334880312265879498e-01
1.322500000000000009e+00,2.545091343102001344e-02,5.742127276520396506e-02,7.725380986885362067e-02,7.284184487278162756e-02,3.272747717904951892e-01,1.432682714094054566e-01,7.746238853530196256e-02,4.550420989255839488e-01,9.224539476744210154e-01,3.787190247238141766e-02,1.238134309829661994e+01,1.735949125791397263e-02,2.323286163646687622e-02,2.012695168168334922e-02,1.641691050014387754e-02,1.371816903256775355e-01,1.587007598377626616e-01,1.477122981628221920e-01,1.334053874139645990e-01
1.324999999999999956e+00,2.543818234096848971e-02,5.736852934543732602e-02,7.722464220251235023e-02,7.291591903252281348e-02,3.278768568946771600e-01,1.440168909983936540e-01,7.740201736433389990e-02,4.558364677844785051e-01,9.225492298777016043e-01,3.835405232435403627e-02,1.238931476050808911e+01,1.734528071345153855e-02,2.322452007103150209e-02,2.012305587289714426e-02,1.639822887128968357e-02,1.371184486644882738e-01,1.586640730262451338e-01,1.476903743152633008e-01,1.333225760484899325e-01
1.327500000000000124e+00,2.542562169325134416e-02,5.731547837605330958e-02,7.719532813433731266e-02,7.298742184904716268e-02,3.284816275959357990e-01,1.447670112671276821e-01,7.734156194187929989e-02,4.566304086129027162e-01,9.226457188960489608e-01,3.883735418128294453e-02,1.239730789589955862e+01,1.733105565674801507e-02,2.321613800684910189e-02,2.011916385685897854e-02,1.637953598137206757e-02,1.370550438770961887e-01,1.586271432117386249e-01,1.476683690859730280e-01,1.332395973938514666e-01
1.330000000000000071e+00,2.541323474613253058e-02,5.726212293076751725e-02,7.716586846835406244e-02,7.305632894828852086e-02,3.290891060376842092e-01,1.455186348974913391e-01,7.728102370316616843e-02,4.574238987183399940e-01,9.227434176068707306e-01,3.932180595096582826e-02,1.240532257751284995e+01,1.731681602586146104e-02,2.320771540278995793e-02,2.011527563586053974e-02,1.636083193538233338e-02,1.369914755693832087e-01,1.585899700552202696e-01,1.476462823276409320e-01,1.331564517191709540e-01
1.332500000000000018e+00,2.540102478036742467e-02,5.720846606138633994e-02,7.713626401007428468e-02,7.312261619523616196e-02,3.296993142182620962e-01,1.462717644147714102e-01,7.722040408664586353e-02,4.582169154119830612e-01,9.228423288822812376e-01,3.980740549125337535e-02,1.241335887868814147e+01,1.730256175830001408e-02,2.319925221791112324e-02,2.011139121212011244e-02,1.634211683912389218e-02,1.369277433460500404e-01,1.585525532197030463e-01,1.476241138938248210e-01,1.330731392990009976e-01
1.334999999999999964e+00,2.538899509874396193e-02,5.715451079489209524e-02,7.710651556639812332e-02,7.318625969712420909e-02,3.303122739863357249e-01,1.470264021860785142e-01,7.715970453400609885e-02,4.590094360271164686e-01,9.229424555889803594e-01,4.029415061340296117e-02,1.242141687306296838e+01,1.728829279103283670e-02,2.319074841146692365e-02,2.010751058778249487e-02,1.632339079920563929e-02,1.368638468106656014e-01,1.585148923702859591e-01,1.476018636389624106e-01,1.329896604133178895e-01
1.337500000000000133e+00,2.537714902561703442e-02,5.710026013051510557e-02,7.707662394551685614e-02,7.324723580659624200e-02,3.309280070363205817e-01,1.477825504188166050e-01,7.709892649018681987e-02,4.598014379376549887e-01,9.230438005881416164e-01,4.078203908548878875e-02,1.242949663457131493e+01,1.727400906050122198e-02,2.318220394291952216e-02,2.010363376491891216e-02,1.630465392303459549e-02,1.367997855657162309e-01,1.584769871742033875e-01,1.475795314183826479e-01,1.329060153475105643e-01
1.340000000000000080e+00,2.536548990643561208e-02,5.704571703679708894e-02,7.704658995681518130e-02,7.330552112484280125e-02,3.315465349038314580e-01,1.485402111592043217e-01,7.703807140339702375e-02,4.605928985768184547e-01,9.231463667353081437e-01,4.127106863586795654e-02,1.243759823744278314e+01,1.725971050262989706e-02,2.317361877194956329e-02,2.009976074552692615e-02,1.628590631880778156e-02,1.367355592126552610e-01,1.584388373008743245e-01,1.475571170883160643e-01,1.328222043923657780e-01
1.342500000000000027e+00,2.535402110726304309e-02,5.699088444864981035e-02,7.701641441077393402e-02,7.336109250471142817e-02,3.321678789611601790e-01,1.492993862908504887e-01,7.697714072513396621e-02,4.613837954559293353e-01,9.232501568802978786e-01,4.176123695669832492e-02,1.244572175620188403e+01,1.724539705283848617e-02,2.316499285846687281e-02,2.009589153153035559e-02,1.626714809550334345e-02,1.366711673519525050e-01,1.584004424219505047e-01,1.475346205059044624e-01,1.327382278440493724e-01
1.344999999999999973e+00,2.534274601429068255e-02,5.693576526441392061e-02,7.698609811887280330e-02,7.341392705378745054e-02,3.327920604127853066e-01,1.500600775333896797e-01,7.691613591020375618e-02,4.621741061833087305e-01,9.233551738671177400e-01,4.225254170750787630e-02,1.245386726566739455e+01,1.723106864605316105e-02,2.315632616262123383e-02,2.009202612477916858e-02,1.624837936287093151e-02,1.366066095831437177e-01,1.583618022113645607e-01,1.475120415292097420e-01,1.326540860040839043e-01
1.347499999999999920e+00,2.533166803334453362e-02,5.688036234292172255e-02,7.695564189349297923e-02,7.346400213744526397e-02,3.334191002909143164e-01,1.508222864411785102e-01,7.685505841674371286e-02,4.629638084832611855e-01,9.234614205338870230e-01,4.274498051881173155e-02,1.246203484095182823e+01,1.721672521671843703e-02,2.314761864481319070e-02,2.008816452704940969e-02,1.622960023142132335e-02,1.365418855048801672e-01,1.583229163453770683e-01,1.474893800172222824e-01,1.325697791793219726e-01
1.350000000000000089e+00,2.532079058938575822e-02,5.682467850056893699e-02,7.692504654781989748e-02,7.351129538186804147e-02,3.340490194510632449e-01,1.515860144020577394e-01,7.679390970624647150e-02,4.637528802151253404e-01,9.235688997127677879e-01,4.323855099577593453e-02,1.247022455746101954e+01,1.720236669880916697e-02,2.313887026570494304e-02,2.008430674004309940e-02,1.621081081241529734e-02,1.364769947149784557e-01,1.582837845026233148e-01,1.474666358298683255e-01,1.324853076819160758e-01
1.352500000000000036e+00,2.531011712600441180e-02,5.676871650840000644e-02,7.689431289574608086e-02,7.355578467703492718e-02,3.346818385676747498e-01,1.523512626361826217e-01,7.673269124358551851e-02,4.645412993923737077e-01,9.236776142299080172e-01,4.373325072192420226e-02,1.247843649089377926e+01,1.718799302584267039e-02,2.313008098623125716e-02,2.008045276538814039e-02,1.619201121785178443e-02,1.364119368104698971e-01,1.582444063641591236e-01,1.474438088280164982e-01,1.324006718292845275e-01
1.354999999999999982e+00,2.529965110490701649e-02,5.671247908921168285e-02,7.686344175177374505e-02,7.359744817967396602e-02,3.353175781297764169e-01,1.531180321949260625e-01,7.667140449704276661e-02,4.653290442017455342e-01,9.237875669053907668e-01,4.422907726288693303e-02,1.248667071724169197e+01,1.717360413089104657e-02,2.312125076761042952e-02,2.007660260463822732e-02,1.617320156045524981e-02,1.363467113876502268e-01,1.582047816135063734e-01,1.474208988734839465e-01,1.323158719440733211e-01
1.357499999999999929e+00,2.528939600539801408e-02,5.665596891467994389e-02,7.683243393091730711e-02,7.363626431618014445e-02,3.359562584366848625e-01,1.538863239598571298e-01,7.661005093833676838e-02,4.661160930223952059e-01,9.238987605531953085e-01,4.472602817018837135e-02,1.249492731278900237e+01,1.715919994659362638e-02,2.311237957135529528e-02,2.007275625927273932e-02,1.615438195366238755e-02,1.362813180421291737e-01,1.581649099366974065e-01,1.473979058290412203e-01,1.322309083541142738e-01
1.360000000000000098e+00,2.527935532385506417e-02,5.659918860251544198e-02,7.680129024860610221e-02,7.367221178549528127e-02,3.365978995937544127e-01,1.546561386418007500e-01,7.654863204265346943e-02,4.669024244450354910e-01,9.240111979811654885e-01,4.522410098507077120e-02,1.250320635411259573e+01,1.714478040516959761e-02,2.310346735928427500e-02,2.006891373069666015e-02,1.613555251160804158e-02,1.362157563688799478e-01,1.581247910223189945e-01,1.473748295584167145e-01,1.321457813923793134e-01
1.362500000000000044e+00,2.526953257319870458e-02,5.654214071365182975e-02,7.677001152058647582e-02,7.370526956195050383e-02,3.372425215081761851e-01,1.554274767799777024e-01,7.648714928867765550e-02,4.676880172910642952e-01,9.241248819909898549e-01,4.572329324235226145e-02,1.251150791808211871e+01,1.713034543843076907e-02,2.309451409353242141e-02,2.006507502024046721e-02,1.611671334911045361e-02,1.361500259622887843e-01,1.580844245615555810e-01,1.473516699263002494e-01,1.320604913969309069e-01
1.364999999999999991e+00,2.525993128235573884e-02,5.648482774947340135e-02,7.673859856282412573e-02,7.373541689806700772e-02,3.378901438848269656e-01,1.562003387412354838e-01,7.642560415862630074e-02,4.684728506316518937e-01,9.242398153781898884e-01,4.622360247431658159e-02,1.251983208186020669e+01,1.711589497779449076e-02,2.308551973656252504e-02,2.006124012916003091e-02,1.609786458165577555e-02,1.360841264162042652e-01,1.580438102482314700e-01,1.473284267983456797e-01,1.319750387108687972e-01
1.367499999999999938e+00,2.525055499571770071e-02,5.642725214908594217e-02,7.670705219140602771e-02,7.376263332731602951e-02,3.385407862221748720e-01,1.569747247193651885e-01,7.636399813828313732e-02,4.692569038067772036e-01,9.243560009321187820e-01,4.672502621463144046e-02,1.252817892290280533e+01,1.710142895429670948e-02,2.307648425117621305e-02,2.005740905863651405e-02,1.607900632538188102e-02,1.360180573239866686e-01,1.580029477788526260e-01,1.473051000411729206e-01,1.318894236822726607e-01
1.370000000000000107e+00,2.524140727259326089e-02,5.636941628663767051e-02,7.667537322244187548e-02,7.378689866683360576e-02,3.391944678082380316e-01,1.577506347345184190e-01,7.630233271703459885e-02,4.700401564441904489e-01,9.244734414359694341e-01,4.722756200229347862e-02,1.253654851895962707e+01,1.708694729860518388e-02,2.306740760052506875e-02,2.005358180977627122e-02,1.606013869706150038e-02,1.359518182785572626e-01,1.579618368526473082e-01,1.472816895223690026e-01,1.318036466641412940e-01
1.372500000000000053e+00,2.523249168665559275e-02,5.631132246869401115e-02,7.664356247196550675e-02,7.380819302009006266e-02,3.398512077166053746e-01,1.585280686327180666e-01,7.624060938790734598e-02,4.708225884782910042e-01,9.245921396667935444e-01,4.773120738559712833e-02,1.254494094807471427e+01,1.707244994103282107e-02,2.305828974812175122e-02,2.004975838361073778e-02,1.604126181408465843e-02,1.358854088724472109e-01,1.579204771716060940e-01,1.472581951104883768e-01,1.317177080143278889e-01
1.375000000000000000e+00,2.522381182538461358e-02,5.625297293167341728e-02,7.661162075583589914e-02,7.382649677951202971e-02,3.405110248025173258e-01,1.593070260854735909e-01,7.617882964760686049e-02,4.716041801689013213e-01,9.247120983955285922e-01,4.823595992612463024e-02,1.255335628858713548e+01,1.705793681155114497e-02,2.304913065785112181e-02,2.004593878109632230e-02,1.602237579444044588e-02,1.358188286978467829e-01,1.578788684405209031e-01,1.472346166750525265e-01,1.316316080954716417e-01
1.377499999999999947e+00,2.521537128950385176e-02,5.619436983934848751e-02,7.657954888963752760e-02,7.384179062905446567e-02,3.411739376990107764e-01,1.600875065895015492e-01,7.611699499655769086e-02,4.723849121199227286e-01,9.248333203870373609e-01,4.874181720275455598e-02,1.256179461913177953e+01,1.704340783980392085e-02,2.303993029398135675e-02,2.004212300311430245e-02,1.600348075669813519e-02,1.357520773466539821e-01,1.578370103670233005e-01,1.472109540865484956e-01,1.315453472749257835e-01
1.380000000000000115e+00,2.520717369241285213e-02,5.613551528041862970e-02,7.654734768858051375e-02,7.385405554672086481e-02,3.418399648131306701e-01,1.608695094665568148e-01,7.605510693894489138e-02,4.731647652978532292e-01,9.249558084001560099e-01,4.924877681568679000e-02,1.257025601864029873e+01,1.702886295512087700e-02,2.303068862117503904e-02,2.003831105047070016e-02,1.598457681998763022e-02,1.356851544105232288e-01,1.577949026616216055e-01,1.471872072164267520e-01,1.314589259246817243e-01
1.382500000000000062e+00,2.519922265961459240e-02,5.607641126615983684e-02,7.651501796739976213e-02,7.386327280703013087e-02,3.425091243222098125e-01,1.616530338633770381e-01,7.599316698275671023e-02,4.739437210501582509e-01,9.250795651877504744e-01,4.975683639048050777e-02,1.257874056634214632e+01,1.701430208653156514e-02,2.302140560450025020e-02,2.003450292389618442e-02,1.596566410397930180e-02,1.356180594809140161e-01,1.577525450377374461e-01,1.471633759370983008e-01,1.313723444212899494e-01
1.385000000000000009e+00,2.519152182813843427e-02,5.601705972815722995e-02,7.648256054025413808e-02,7.386942398342757898e-02,3.431814341702212889e-01,1.624380787517445413e-01,7.593117663982884569e-02,4.747217611234736401e-01,9.252045934967885188e-01,5.026599358210333962e-02,1.258724834176574348e+01,1.699972516277933540e-02,2.301208120944161356e-02,2.003069862404593948e-02,1.594674272886317801e-02,1.355507921491389545e-01,1.577099372117409526e-01,1.471394601219308262e-01,1.312856031457768913e-01
1.387499999999999956e+00,2.518407484595855048e-02,5.595746251612583599e-02,7.644997622062445208e-02,7.387249095063795623e-02,3.438569120642020471e-01,1.632246429286704492e-01,7.586913742588995146e-02,4.754988676816276905e-01,9.253308960684147877e-01,5.077624607898831993e-02,1.259577942473981160e+01,1.698513211233542569e-02,2.300271540191130629e-02,2.002689815149955727e-02,1.592781281532754459e-02,1.354833520064121499e-01,1.576670789029853414e-01,1.471154596452440844e-01,1.311987024835589988e-01
1.390000000000000124e+00,2.517688537140809132e-02,5.589762139582590827e-02,7.641726582121084743e-02,7.387245588695900977e-02,3.445355754707550844e-01,1.640127250167039419e-01,7.580705086060851583e-02,4.762750233234700481e-01,9.254584756380420663e-01,5.128759160709697035e-02,1.260433389539474902e+01,1.697052286341316565e-02,2.299330814826003669e-02,2.002310150676090902e-02,1.590887448453692093e-02,1.354157386438967769e-01,1.576239698338402773e-01,1.470913743823044906e-01,1.311116428243524201e-01
1.392500000000000071e+00,2.516995707258943421e-02,5.583753804707770885e-02,7.638443015382959111e-02,7.386930127649218858e-02,3.452174416126274625e-01,1.648023234643699875e-01,7.574491846764129510e-02,4.770502111004872314e-01,9.255873349354486468e-01,5.180002793398481853e-02,1.261291183416420836e+01,1.695589734398227424e-02,2.298385941528796952e-02,2.001930869025802737e-02,1.588992785810948091e-02,1.353479516527530124e-01,1.575806097297241526e-01,1.470672042093188192e-01,1.310244245620802439e-01
1.395000000000000018e+00,2.516329362678007206e-02,5.577721406188233810e-02,7.635147002930868509e-02,7.386300991131046489e-02,3.459025274653692028e-01,1.655934365467413294e-01,7.568274177468281572e-02,4.778244145341997151e-01,9.257174766848876857e-01,5.231355287286767325e-02,1.262151332178677521e+01,1.694125548178327181e-02,2.297436917025557843e-02,2.001551970234297789e-02,1.587097305809389083e-02,1.352799906241852756e-01,1.575369983191355627e-01,1.470429490034271536e-01,1.309370480947756599e-01
1.397499999999999964e+00,2.515689871983502884e-02,5.571665094265377399e-02,7.631838625738267268e-02,7.385356489355875131e-02,3.465908497540754474e-01,1.663860623661458649e-01,7.562052231351665266e-02,4.785976176333167631e-01,9.258489036052075516e-01,5.282816428668542230e-02,1.263013843930775693e+01,1.692659720434199280e-02,2.296483738089444976e-02,2.001173454329172735e-02,1.585201020694559232e-02,1.352118551494894683e-01,1.574931353336833650e-01,1.470186086426948924e-01,1.308495138244821498e-01
1.400000000000000133e+00,2.515077604558554891e-02,5.565585010056782467e-02,7.628517964658659833e-02,7.384094963748663587e-02,3.472824249502122207e-01,1.671801988530151883e-01,7.555826162006840097e-02,4.793698049106440706e-01,9.259816184099797232e-01,5.334386009216126462e-02,1.263878726808112596e+01,1.691192243898417130e-02,2.295526401541799974e-02,2.000795321330402221e-02,1.583303942750256127e-02,1.351435448200997980e-01,1.574490205081160166e-01,1.469941830061041455e-01,1.307618221571505146e-01
1.402500000000000080e+00,2.514492930523404626e-02,5.559481285403398282e-02,7.625185100414866302e-02,7.382514787141032653e-02,3.479772692685296764e-01,1.679758437668764370e-01,7.549596123445964646e-02,4.801409613997270620e-01,9.261156238076388991e-01,5.386063826385371900e-02,1.264745988977157687e+01,1.689723111285013415e-02,2.294564904253211524e-02,2.000417571250324641e-02,1.581406084296053255e-02,1.350750592276355466e-01,1.574046535803493851e-01,1.469696719735441581e-01,1.306739735025325144e-01
1.405000000000000027e+00,2.513936220674600763e-02,5.553354042729569118e-02,7.621840113588176924e-02,7.380614363960251445e-02,3.486753986640622749e-01,1.687729946974937112e-01,7.543362270106408751e-02,4.809110726712189643e-01,9.262509225016332115e-01,5.437849683819841878e-02,1.265615638635672013e+01,1.688252315290955999e-02,2.293599243144570088e-02,2.000040204093629301e-02,1.579507457684772853e-02,1.350063979639470890e-01,1.573600342914937278e-01,1.469450754258009029e-01,1.305859682740714844e-01
1.407499999999999973e+00,2.513407846423847125e-02,5.547203394916416092e-02,7.618483084607413636e-02,7.378392130410675598e-02,3.493768288292235513e-01,1.695716490661572928e-01,7.537124756856521113e-02,4.816801248489583909e-01,9.263875171905826544e-01,5.489743391753791613e-02,1.266487684012939674e+01,1.686779848597633538e-02,2.292629415188111863e-02,1.999663219857341495e-02,1.577608075299909846e-02,1.349375606211622447e-01,1.573151623858792814e-01,1.469203932445460326e-01,1.304978068887900911e-01
1.409999999999999920e+00,2.512908179736540390e-02,5.541029445189237651e-02,7.615114093737790357e-02,7.375846554647647046e-02,3.500815751909875928e-01,1.703718041271321260e-01,7.530883739001544008e-02,4.824481046257516059e-01,9.265254105684501695e-01,5.541744767413660927e-02,1.267362133370014021e+01,1.685305703872347349e-02,2.291655417408453368e-02,1.999286618530808982e-02,1.575707949553008594e-02,1.348685467917316860e-01,1.572700376110808818e-01,1.468956253123248068e-01,1.304094897671748687e-01
1.412500000000000089e+00,2.512437593070043079e-02,5.534832287019272878e-02,7.611733221069746924e-02,7.372976136943400205e-02,3.507896529081706571e-01,1.711734569692585639e-01,7.524639372289777806e-02,4.832149992788374870e-01,9.266646053247210579e-01,5.593853635417815606e-02,1.268238994999974878e+01,1.683829873769809859e-02,2.290677246883611809e-02,1.998910400095687753e-02,1.573807092880994893e-02,1.347993560684745407e-01,1.572246597179408900e-01,1.468707715125433799e-01,1.303210173330578980e-01
1.415000000000000036e+00,2.511996459311643254e-02,5.528612004040654726e-02,7.608340546507526281e-02,7.369779409844996743e-02,3.515010768688046627e-01,1.719766045177202884e-01,7.518391812918885642e-02,4.839807966850352416e-01,9.268051041445921623e-01,5.646069828174351407e-02,1.269118277228198899e+01,1.682352350933650001e-02,2.289694900746015033e-02,1.998534564525926774e-02,1.571905517743464251e-02,1.347299880446232168e-01,1.571790284605914800e-01,1.468458317294553395e-01,1.302323900134959855e-01
1.417499999999999982e+00,2.511585151716281758e-02,5.522368669982759964e-02,7.604936149757700325e-02,7.366254938323935075e-02,3.522158616876114312e-01,1.727812435359728505e-01,7.512141217542443739e-02,4.847454853355565030e-01,9.269469097091723730e-01,5.698393186276669298e-02,1.269999988412646630e+01,1.680873127997924849e-02,2.288708376183496568e-02,1.998159111787752712e-02,1.570003236619928882e-02,1.346604423138682005e-01,1.571331435964752610e-01,1.468208058481472733e-01,1.301436082386465964e-01
1.419999999999999929e+00,2.511204043844008846e-02,5.516102348618719814e-02,7.601520110317441792e-02,7.362401319917319387e-02,3.529340217035751293e-01,1.735873706278407147e-01,7.505887743276686008e-02,4.855090543504720912e-01,9.270900246956916835e-01,5.750823558896610288e-02,1.270884136944157916e+01,1.679392197588636115e-02,2.287717670440275394e-02,1.997784041839655023e-02,1.568100262007023765e-02,1.345907184704022708e-01,1.570870048863645951e-01,1.467956937545236706e-01,1.300546724416415389e-01
1.422500000000000098e+00,2.510853509497213212e-02,5.509813093730489553e-02,7.598092507462721190e-02,7.358217184860521565e-02,3.536555709776156298e-01,1.743949822397872496e-01,7.499631547707502621e-02,4.862714934928299426e-01,9.272344517777202366e-01,5.803360804174954868e-02,1.271770731246762232e+01,1.677909552325250811e-02,2.286722780817920797e-02,1.997409354632369294e-02,1.566196606415676956e-02,1.345208161089646026e-01,1.570406120943796946e-01,1.467704953352910735e-01,1.299655830584579008e-01
1.425000000000000044e+00,2.510533922657630368e-02,5.503500949090939925e-02,7.594653420236274766e-02,7.353701196210801760e-02,3.543805232903657343e-01,1.752040746633532209e-01,7.493372788897689762e-02,4.870327931824039447e-01,9.273801936253992517e-01,5.856004789608940803e-02,1.272659779778003930e+01,1.676425184822228145e-02,2.285723704676301260e-02,1.997035050108862328e-02,1.564292282368242443e-02,1.344507348248840384e-01,1.569939649880054133e-01,1.467452104779413680e-01,1.298763405277863214e-01
1.427499999999999991e+00,2.510245657423142498e-02,5.497165948463560159e-02,7.591202927435400372e-02,7.348852049962169286e-02,3.551088921400510356e-01,1.760146440377771959e-01,7.487111625394426984e-02,4.877929445090749550e-01,9.275272529056766135e-01,5.908755392436738918e-02,1.273551291029278154e+01,1.674939087690548514e-02,2.284720439434513931e-02,1.996661128204314795e-02,1.562387302395599163e-02,1.343804742141224973e-01,1.569470633381065405e-01,1.467198390707344924e-01,1.297869452908973209e-01
1.429999999999999938e+00,2.509989087944380221e-02,5.490808115620104957e-02,7.587741107599596524e-02,7.343668475150966213e-02,3.558406907404765285e-01,1.768266863527921950e-01,7.480848216237101500e-02,4.885519392458267940e-01,9.276756322825580048e-01,5.961612500018529520e-02,1.274445273526180422e+01,1.673451253539245953e-02,2.283712982571796390e-02,1.996287588846104577e-02,1.560481679034218631e-02,1.343100338733175525e-01,1.568999069189416784e-01,1.466943810026801742e-01,1.296973977915047427e-01
1.432500000000000107e+00,2.509764588361132129e-02,5.484427464376759320e-02,7.584268038997973860e-02,7.338149233952150075e-02,3.565759320191200232e-01,1.776401974516014781e-01,7.474582720965355920e-02,4.893097698613539936e-01,9.278253344173632566e-01,6.014576010214062185e-02,1.275341735828870959e+01,1.671961674976945450e-02,2.282701331628418998e-02,1.995914431953789425e-02,1.558575424823202202e-02,1.342394133998249250e-01,1.568524955081758987e-01,1.466688361635190563e-01,1.296076984756272532e-01
1.435000000000000053e+00,2.509572532738610709e-02,5.478023998649147325e-02,7.580783799616483409e-02,7.332293121766196575e-02,3.573146286153309759e-01,1.784551730340433739e-01,7.468315299627516224e-02,4.900664295322704755e-01,9.279763619689938015e-01,6.067645831756398461e-02,1.276240686532449686e+01,1.670470344613399563e-02,2.281685484206556758e-02,1.995541657439088915e-02,1.556668552301290059e-02,1.341686123917601170e-01,1.568048288868916229e-01,1.466432044437031290e-01,1.295178477914477044e-01
1.437500000000000000e+00,2.509413295003521185e-02,5.471597712526681673e-02,7.577288467144949191e-02,7.326098967296310049e-02,3.580567928786436704e-01,1.792716086599379921e-01,7.462046112789337549e-02,4.908219121549121655e-01,9.281287175942092293e-01,6.120821884621742426e-02,1.277142134267344886e+01,1.668977255061028508e-02,2.280665437971137605e-02,1.995169265205867445e-02,1.554761074003844189e-02,1.340976304480401837e-01,1.567569068395984200e-01,1.466174857343753024e-01,1.294278461891702481e-01
1.439999999999999947e+00,2.509287248880022123e-02,5.465148590366587095e-02,7.573782118963888477e-02,7.319565632615940287e-02,3.588024368671945963e-01,1.800894997526215902e-01,7.455775321543106626e-02,4.915762123567236630e-01,9.282824039479127265e-01,6.174104100395014921e-02,1.278046087699718392e+01,1.667482398936461982e-02,2.279641190650669863e-02,1.994797255150114815e-02,1.552853002459807751e-02,1.340264671684245346e-01,1.567087291542408889e-01,1.465916799273484505e-01,1.293376941208756459e-01
1.442500000000000115e+00,2.509194767825513941e-02,5.458676606908020867e-02,7.570264832131078092e-02,7.312692013226423926e-02,3.595515723462560653e-01,1.809088416026748969e-01,7.449503087517141131e-02,4.923293255072263563e-01,9.284374236834462835e-01,6.227492422631140251e-02,1.278952555531877167e+01,1.665985768862079941e-02,2.278612740038045426e-02,1.994425627159926787e-02,1.550944350188642080e-02,1.339551221535555947e-01,1.566602956222053755e-01,1.465657869150835402e-01,1.292473920403746368e-01
1.445000000000000062e+00,2.509136224966329598e-02,5.452181727406622130e-02,7.566736683367944472e-02,7.305477038104599141e-02,3.603042107868787980e-01,1.817296293718380640e-01,7.443229572885685930e-02,4.930812477285565487e-01,9.285937794528937861e-01,6.280986807211709488e-02,1.279861546502703185e+01,1.664487357467554773e-02,2.277580083991316909e-02,1.994054381115487051e-02,1.549035129697243565e-02,1.338835950049989121e-01,1.566116060383248298e-01,1.465398065906672043e-01,1.291569404030593615e-01
1.447500000000000009e+00,2.509111993033301402e-02,5.445663907789809188e-02,7.563197749045709462e-02,7.297919669740406123e-02,3.610603633646491950e-01,1.825518580971219329e-01,7.436954940379265910e-02,4.938319759055684877e-01,9.287514739073940984e-01,6.334587222696910769e-02,1.280773069388095742e+01,1.662987157391393120e-02,2.276543220434450870e-02,1.993683516889046062e-02,1.547125353476843344e-02,1.338118853252826812e-01,1.565626602008824697e-01,1.465137388477887326e-01,1.290663396657533990e-01
1.449999999999999956e+00,2.509122444297210916e-02,5.439123094833191868e-02,7.559648105171302979e-02,7.290018904164205504e-02,3.618200409585601296e-01,1.833755226951122863e-01,7.430679353295487066e-02,4.945815076954970801e-01,9.289105096974624720e-01,6.388293650672539903e-02,1.281687133001422296e+01,1.661485161282475961e-02,2.275502147358051883e-02,1.993313034344900564e-02,1.545215033999890533e-02,1.337399927179369896e-01,1.565134579116134184e-01,1.464875835807160631e-01,1.289755902865598602e-01
1.452500000000000124e+00,2.509167950504174668e-02,5.432559226358293913e-02,7.556087827373017540e-02,7.281773770963843873e-02,3.625832541499948714e-01,1.842006179664697763e-01,7.424402975510348279e-02,4.953298415371706898e-01,9.290708894733195056e-01,6.442106086091885231e-02,1.282603746193988314e+01,1.659981361801598013e-02,2.274456862820059544e-02,1.992942933339373821e-02,1.543304183716921567e-02,1.336679167875325369e-01,1.564639989757051208e-01,1.464613406842715793e-01,1.288846927247082608e-01
1.455000000000000071e+00,2.509248882810889703e-02,5.425972231451957339e-02,7.552516990885971282e-02,7.273183333291327601e-02,3.633500132218281942e-01,1.850271386006265839e-01,7.418125971490077686e-02,4.960769766597736274e-01,9.292326158852308726e-01,6.496024537612338223e-02,1.283522917855514400e+01,1.658475751623004688e-02,2.273407364946417042e-02,1.992573213720792019e-02,1.541392815053418963e-02,1.335956571397186321e-01,1.564142832017957896e-01,1.464350100538067412e-01,1.287936474403997833e-01
1.457500000000000018e+00,2.509365611719876002e-02,5.419362030707544631e-02,7.548935670537276765e-02,7.264246687859074458e-02,3.641203281576421702e-01,1.858550791806790614e-01,7.411848506303526929e-02,4.968229130911474001e-01,9.293956915838528232e-01,6.550049027926570233e-02,1.284444656914630656e+01,1.656968323435927676e-02,2.272353651931707449e-02,1.992203875329464149e-02,1.539480940406658983e-02,1.335232133812610245e-01,1.563643104019714902e-01,1.464085915851766340e-01,1.287024548946512637e-01
1.459999999999999964e+00,2.509518507014588812e-02,5.412728536488261438e-02,7.545343940730994681e-02,7.254962964925636137e-02,3.648942086410574270e-01,1.866844341884794645e-01,7.405570745635156604e-02,4.975676516656288295e-01,9.295601192205886765e-01,6.604179594088069316e-02,1.285368972339379035e+01,1.655459069946114969e-02,2.271295722039761572e-02,1.991834917997657717e-02,1.537568572142552700e-02,1.334505851200788185e-01,1.563140803917612287e-01,1.463820851747133500e-01,1.286111155491380387e-01
1.462500000000000133e+00,2.509707937694490021e-02,5.406071653212755207e-02,7.541741875432811382e-02,7.245331328270852855e-02,3.656716640551815334e-01,1.875151980099249993e-01,7.399292855798637880e-02,4.983111940314189359e-01,9.297259014479497541e-01,6.658416287830963565e-02,1.286295873137731682e+01,1.653947983877360542e-02,2.270233573604230753e-02,1.991466341549575497e-02,1.535655722592481516e-02,1.333777719652814442e-01,1.562635929901307619e-01,1.463554907191992327e-01,1.285196298660356840e-01
1.465000000000000080e+00,2.509934271910081380e-02,5.399391277662993899e-02,7.538129548154470783e-02,7.235350975160417808e-02,3.664527034821744023e-01,1.883473649404437122e-01,7.393015003751172987e-02,4.990535426574762567e-01,9.298930409199286373e-01,6.712759175883871443e-02,1.287225368358121536e+01,1.652435057973027088e-02,2.269167205029128109e-02,1.991098145801331945e-02,1.533742404050129210e-02,1.333047735272044343e-01,1.562128480194741320e-01,1.463288081158392040e-01,1.284279983078605858e-01
1.467500000000000027e+00,2.510197876897866595e-02,5.392687299314834898e-02,7.534507031937981436e-02,7.225021136299814017e-02,3.672373357029296570e-01,1.891809291906801915e-01,7.386737357108477675e-02,4.997947008399337143e-01,9.300615402923758657e-01,6.767208340277720835e-02,1.288157467089983044e+01,1.650920284997565990e-02,2.268096614789334026e-02,1.990730330560927866e-02,1.531828628768312772e-02,1.332315894174452009e-01,1.561618453056039524e-01,1.463020372622327314e-01,1.283362213373097360e-01
1.469999999999999973e+00,2.510499118915292260e-02,5.385959600691134913e-02,7.530874399339504421e-02,7.214341075777565282e-02,3.680255691968747356e-01,1.900158848923757526e-01,7.380460084160513079e-02,5.005346727080314251e-01,9.302314022233879598e-01,6.821763878647384149e-02,1.289092178464306926e+01,1.649403657738031034e-02,2.267021801431067657e-02,1.990362895628225090e-02,1.529914408955813931e-02,1.331582192488980076e-01,1.561105846777396389e-01,1.462751780563449622e-01,1.282442994170996386e-01
1.472499999999999920e+00,2.510838363175649582e-02,5.379208057737561166e-02,7.527231722413055270e-02,7.203310090997770698e-02,3.688174121418862916e-01,1.908522261044481860e-01,7.374183353888043302e-02,5.012734632295610115e-01,9.304026293736995523e-01,6.876425904526925481e-02,1.290029511654207006e+01,1.647885169005587624e-02,2.265942763572320606e-02,1.989995840794920104e-02,1.527999756774213458e-02,1.330846626357884976e-01,1.560590659684940595e-01,1.462482303964777186e-01,1.281522330098046336e-01
1.475000000000000089e+00,2.511215973782943145e-02,5.372432540221122599e-02,7.523579072693893643e-02,7.191927512602103167e-02,3.696128724143254440e-01,1.916899468192650724e-01,7.367907335980018735e-02,5.020110782158212492e-01,9.305752244070866208e-01,6.931194547638416803e-02,1.290969475875496464e+01,1.646364811637014355e-02,2.264859499903254178e-02,1.989629165844515948e-02,1.526084684334730844e-02,1.330109191937074997e-01,1.560072890138580470e-01,1.462211941812394111e-01,1.280600225776943046e-01
1.477500000000000036e+00,2.511632313666756905e-02,5.365632912151478001e-02,7.519916521181678470e-02,7.180192704381001267e-02,3.704119575891868243e-01,1.925290409691126081e-01,7.361632200851812857e-02,5.027475243260776105e-01,9.307491899907722743e-01,6.986069954174140006e-02,1.291912080387282913e+01,1.644842578496199040e-02,2.263772009186556383e-02,1.989262870552295157e-02,1.524169203695070404e-02,1.329369885396446405e-01,1.559552536531835509e-01,1.461940693095149513e-01,1.279676685825708315e-01
1.479999999999999982e+00,2.512087744517069871e-02,5.358809032224869096e-02,7.516244138323385782e-02,7.168105063174208536e-02,3.712146749403685275e-01,1.933695024328563883e-01,7.355358119664449912e-02,5.034828090715227633e-01,9.309245287958436421e-01,7.041052287072054050e-02,1.292857334492565968e+01,1.643318462475626754e-02,2.262680290257761476e-02,1.988896954685290611e-02,1.522253326856277261e-02,1.328628702920210680e-01,1.559029597291645974e-01,1.461668556804348873e-01,1.278751714856053989e-01
1.482499999999999929e+00,2.512582626719096768e-02,5.351960754290760458e-02,7.512561993995930942e-02,7.155664018760829470e-02,3.720210314410557495e-01,1.942113250427953963e-01,7.349085264344734636e-02,5.042169408187370250e-01,9.311012434976735364e-01,7.096141726284461992e-02,1.293805247538853642e+01,1.641792456497860597e-02,2.261584342025528549e-02,1.988531418002254664e-02,1.520337065759603569e-02,1.327885640707216208e-01,1.558504070878164727e-01,1.461395531933438741e-01,1.277825317471748268e-01
1.485000000000000098e+00,2.513117319288094703e-02,5.345087927840967701e-02,7.508870157488579944e-02,7.142869033738609430e-02,3.728310337642224970e-01,1.950545025917040931e-01,7.342813807606528298e-02,5.049499287926423330e-01,9.312793367763489982e-01,7.151338469039690560e-02,1.294755828918787088e+01,1.640264553517014126e-02,2.260484163471877458e-02,1.988166260253629303e-02,1.518420432283388091e-02,1.327140694971266910e-01,1.557975955784531852e-01,1.461121617477690593e-01,1.276897498266975350e-01
1.487500000000000044e+00,2.513692179804166704e-02,5.338190398521227426e-02,7.505168697485090079e-02,7.129719603392824234e-02,3.736446882832503147e-01,1.958990288400603019e-01,7.336543922973008669e-02,5.056817830789482882e-01,9.314588113171062833e-01,7.206642730096719796e-02,1.295709088070779380e+01,1.638734746520215460e-02,2.259379753652383110e-02,1.987801481181512842e-02,1.516503438239951915e-02,1.326393861941432550e-01,1.557445250536628467e-01,1.460846812433878317e-01,1.275968261824698136e-01
1.489999999999999991e+00,2.514307564347093016e-02,5.331268008664982738e-02,7.501457682045606368e-02,7.116215255554535213e-02,3.744620010726618653e-01,1.967448975234606379e-01,7.330275784800104055e-02,5.064125146260887167e-01,9.316396698107723973e-01,7.262054741992662876e-02,1.296665034479661216e+01,1.637203028529060633e-02,2.258271111696326730e-02,1.987437080519628002e-02,1.514586095372509773e-02,1.325645137862354883e-01,1.556911953692812212e-01,1.460571115799948472e-01,1.275037612715016755e-01
1.492499999999999938e+00,2.514963827431121804e-02,5.324320597849254572e-02,7.497737178588351203e-02,7.102355550448571919e-02,3.752829779089700279e-01,1.975921023602161541e-01,7.324009568301192985e-02,5.071421352466437549e-01,9.318219149542124047e-01,7.317574755282939269e-02,1.297623677677341192e+01,1.635669392601058966e-02,2.257158236806802373e-02,1.987073057993286873e-02,1.512668415352102363e-02,1.324894518994546300e-01,1.556376063843634416e-01,1.460294526574691110e-01,1.274105555493532105e-01
1.495000000000000107e+00,2.515661321939796288e-02,5.317348003472263662e-02,7.494007253871035057e-02,7.088140080531010745e-02,3.761076242716423490e-01,1.984406370591252355e-01,7.317745449572984895e-02,5.078706576182437926e-01,9.320055494507828442e-01,7.373203038774153728e-02,1.298585027243478329e+01,1.634133831831068029e-02,2.256041128260779377e-02,1.986709413319355175e-02,1.510750409774548261e-02,1.324142001614684871e-01,1.555837579611537014e-01,1.460017043757402266e-01,1.273172094699709656e-01
1.497500000000000053e+00,2.516400399060786386e-02,5.310350061352674123e-02,7.490267973972067339e-02,7.073568470316476953e-02,3.769359453441812335e-01,1.992904953274250712e-01,7.311483605622738635e-02,5.085980952839598279e-01,9.321905760107913608e-01,7.428939879749443809e-02,1.299549092806160999e+01,1.632596339352716461e-02,2.254919785409116584e-02,1.986346146206215829e-02,1.508832090157420473e-02,1.323387582015901620e-01,1.555296499650530018e-01,1.459738666347543679e-01,1.272237234855244092e-01
1.500000000000000000e+00,2.517181408220705435e-02,5.303326606350032557e-02,7.486519404271556322e-02,7.058640376195181310e-02,3.777679460153146596e-01,2.001416708789108823e-01,7.305224214396929816e-02,5.093244626521659102e-01,9.323769973519606680e-01,7.484785584186345875e-02,1.300515884042600767e+01,1.631056908339817077e-02,2.253794207676532504e-02,1.985983256353730450e-02,1.506913467937047099e-02,1.322631256508062236e-01,1.554752822645849852e-01,1.459459393344400002e-01,1.271300980462433394e-01
1.502499999999999947e+00,2.518004697019978616e-02,5.296277473006087005e-02,7.482761609432082850e-02,7.043355486239910590e-02,3.786036308803052419e-01,2.009941574422261235e-01,7.298967454811280953e-02,5.100497749958847749e-01,9.325648161998980612e-01,7.540740476966975581e-02,1.301485410679833166e+01,1.629515532007768178e-02,2.252664394561526215e-02,1.985620743453199444e-02,1.504994554465540098e-02,1.321873021418044913e-01,1.554206547313599918e-01,1.459179223746729925e-01,1.270363336002553745e-01
1.505000000000000115e+00,2.518870611167688817e-02,5.289202496206688725e-02,7.478994653379264501e-02,7.027713520002991376e-02,3.794430042423669325e-01,2.018479487693138896e-01,7.292713506782383392e-02,5.107740484516036794e-01,9.327540352885727026e-01,7.596804902080570021e-02,1.302457682495433566e+01,1.627972203614942021e-02,2.251530345636250374e-02,1.985258607187321417e-02,1.503075361007852502e-02,1.321112873090008188e-01,1.553657672400366452e-01,1.458898156552414505e-01,1.269424305934239994e-01
1.507500000000000062e+00,2.519779494416464483e-02,5.282101511863766807e-02,7.475218599282146270e-02,7.011714228303392304e-02,3.802860701141953514e-01,2.027030386440284437e-01,7.286462551260863840e-02,5.114973000175666584e-01,9.329446573607933502e-01,7.652979222818157012e-02,1.303432709318236604e+01,1.626426916464061151e-02,2.250392060546334630e-02,1.984896847230150155e-02,1.501155898738866859e-02,1.320350807885657674e-01,1.553106196682820517e-01,1.458616190758102726e-01,1.268483894691879166e-01
1.510000000000000009e+00,2.520731688497365036e-02,5.274974357616982190e-02,7.471433509533401129e-02,6.995357393004013324e-02,3.811328322196114171e-01,2.035594208908985681e-01,7.280214770266223157e-02,5.122195475515337604e-01,9.331366851686946351e-01,7.709263821959407015e-02,1.304410501029073721e+01,1.624879663903562241e-02,2.249249539010660104e-02,1.984535463247049866e-02,1.499236178740517497e-02,1.319586822184501962e-01,1.552552118967296391e-01,1.458333325358853183e-01,1.267542106684004799e-01
1.512499999999999956e+00,2.521727533054799950e-02,5.267820873554587141e-02,7.467639445729375158e-02,6.978642826779314634e-02,3.819832939953117235e-01,2.044170893840430714e-01,7.273970346923404329e-02,5.129408097680112633e-01,9.333301214742260044e-01,7.765659101951546961e-02,1.305391067561512131e+01,1.623330439328945357e-02,2.248102780821082877e-02,1.984174454894649386e-02,1.497316211998946101e-02,1.318820912384107147e-01,1.551995438089351642e-01,1.458049559347771862e-01,1.266598946291705441e-01
1.515000000000000124e+00,2.522767365581450594e-02,5.260640902952948977e-02,7.463836468649936995e-02,6.961570372873503165e-02,3.828374585927302176e-01,2.052760380562257958e-01,7.267729465501159003e-02,5.136611062349514256e-01,9.335249690496457697e-01,7.822165485080252723e-02,1.306374418902610124e+01,1.621779236184110393e-02,2.246951785842106822e-02,1.983813821820794299e-02,1.495396009401695793e-02,1.318053074900341348e-01,1.551436152913307776e-01,1.457764891715647715e-01,1.265654417867041470e-01
1.517500000000000071e+00,2.523851521353220190e-02,5.253434293034171809e-02,7.460024638238238470e-02,6.944139904849198908e-02,3.836953288800085127e-01,2.061362609080503172e-01,7.261492311452323600e-02,5.143804573699138905e-01,9.337212306780191540e-01,7.878783413632454991e-02,1.307360565093678417e+01,1.620226047962678578e-02,2.245796554010503696e-02,1.983453563664496280e-02,1.493475581734942867e-02,1.317283306167615908e-01,1.550874262331767839e-01,1.457479321450585175e-01,1.264708525731474686e-01
1.520000000000000018e+00,2.524980333364212903e-02,5.246200895741293807e-02,7.456204013580310097e-02,6.926351326326847524e-02,3.845569074440724489e-01,2.069977520172861241e-01,7.255259071456017506e-02,5.150988844356936269e-01,9.339189091537203335e-01,7.935513350051003056e-02,1.308349516231049314e+01,1.618670868209300118e-02,2.244637085334881543e-02,1.983093680055882449e-02,1.491554939680769278e-02,1.316511602639119372e-01,1.550309765265118211e-01,1.457192847537634173e-01,1.263761274174307336e-01
1.522499999999999964e+00,2.526154132261719185e-02,5.238940568530386227e-02,7.452374652884531658e-02,6.908204570715108239e-02,3.854221965928174010e-01,2.078605055483184472e-01,7.249029933461878517e-02,5.158164095354128564e-01,9.341180072829375902e-01,7.992355777081179558e-02,1.309341282466860434e+01,1.617113690520945515e-02,2.243473379895201056e-02,1.982734170616140545e-02,1.489634093814477811e-02,1.315737960787047023e-01,1.549742660661009575e-01,1.456905468958417105e-01,1.262812667451138071e-01
1.525000000000000133e+00,2.527373246281235455e-02,5.231653175178892223e-02,7.448536613461066713e-02,6.889699600932133738e-02,3.862911983573966701e-01,2.087245157617171887e-01,7.242805086736471554e-02,5.165330556070735213e-01,9.343185278841833474e-01,8.049311197908859405e-02,1.310335874009840396e+01,1.615554508548181292e-02,2.242305437842237459e-02,1.982375034957462728e-02,1.487713054601951489e-02,1.314962377102820434e-01,1.549172947493814290e-01,1.456617184690753020e-01,1.261862709782329006e-01
1.527500000000000080e+00,2.528638001181491082e-02,5.224338586609564294e-02,7.444689951701140285e-02,6.870836409118050159e-02,3.871639144946174005e-01,2.095897770239170121e-01,7.236584721911837326e-02,5.172488464175691858e-01,9.345204737888064273e-01,8.106380136290404492e-02,1.311333301126107465e+01,1.613993315996431477e-02,2.241133259396989319e-02,1.982016272682986940e-02,1.485791832397058594e-02,1.314184848097306180e-01,1.548600624764069900e-01,1.456327993708279867e-01,1.260911405351490544e-01
1.530000000000000027e+00,2.529948720179518717e-02,5.216996681729241941e-02,7.440834723056312383e-02,6.851615016338689912e-02,3.880403464894377485e-01,2.104562838170010441e-01,7.230369031036371075e-02,5.179638065561581461e-01,9.347238478415083041e-01,8.163563136674169274e-02,1.312333574139974779e+01,1.612430106627220361e-02,2.239956844850033227e-02,1.981657883386736888e-02,1.483870437439105926e-02,1.313405370301024833e-01,1.548025691497897371e-01,1.456037894980075353e-01,1.259958758303980353e-01
1.532499999999999973e+00,2.531305723885746845e-02,5.209627348281741649e-02,7.436970982017698795e-02,6.832035472280881261e-02,3.889204955575677469e-01,2.113240307485814429e-01,7.224158207628060546e-02,5.186779614273937522e-01,9.349286529008610236e-01,8.220860764313550617e-02,1.313336703434764097e+01,1.610864874259401031e-02,2.238776194560824009e-02,1.981299866653557507e-02,1.481948879850342009e-02,1.312623940264356082e-01,1.547448146746402964e-01,1.455746887470275031e-01,1.259004772745421774e-01
1.535000000000000142e+00,2.532709330239094753e-02,5.202230483714015419e-02,7.433098782095148849e-02,6.812097854939164199e-02,3.898043626481718094e-01,2.121930125617675356e-01,7.217952446730173388e-02,5.193913372435127185e-01,9.351348918398295629e-01,8.278273605371558319e-02,1.314342699453625585e+01,1.609297612770364816e-02,2.237591308956939778e-02,1.980942222059049393e-02,1.480027169633511136e-02,1.311840554557736349e-01,1.546867989585060110e-01,1.455454970137687043e-01,1.258049452740238605e-01
1.537500000000000089e+00,2.534159854442130655e-02,5.194805996054857600e-02,7.429218175796442614e-02,6.791802270294385047e-02,3.906919484466719883e-01,2.130632241452150022e-01,7.211751944969557737e-02,5.201039610162799809e-01,9.353425675462949673e-01,8.335802267016846623e-02,1.315351572700369687e+01,1.607728316097233393e-02,2.236402188533272856e-02,1.980584949169499412e-02,1.478105316669460316e-02,1.311055209771851138e-01,1.546285219113069653e-01,1.455162141935408826e-01,1.257092802310210977e-01
1.540000000000000036e+00,2.535657608896219745e-02,5.187353804805217017e-02,7.425329214606524175e-02,6.771148851984086503e-02,3.915832533776496538e-01,2.139346605432449755e-01,7.205556900617506033e-02,5.208158605482888781e-01,9.355516829235810405e-01,8.393447377511137342e-02,1.316363333740298458e+01,1.606156978238034230e-02,2.235208833851165186e-02,1.980228047541809921e-02,1.476183330714802254e-02,1.310267902517821270e-01,1.545699834452703425e-01,1.454868401810439082e-01,1.256134825433049551e-01
1.542499999999999982e+00,2.537202903136740947e-02,5.179873841839292836e-02,7.421431948966736303e-02,6.750137760964985967e-02,3.924782776078467039e-01,2.148073169660278114e-01,7.199367513653413819e-02,5.215270644237154363e-01,9.357622408909829215e-01,8.451209586288006836e-02,1.317377993201051289e+01,1.604583593252857307e-02,2.234011245537488241e-02,1.979871516723423486e-02,1.474261221399634017e-02,1.309478629427384411e-01,1.545111834748626456e-01,1.454573748703288094e-01,1.255175526040992473e-01
1.544999999999999929e+00,2.538796043768306795e-02,5.172366052315473250e-02,7.417526428254182791e-02,6.728769185167625400e-02,3.933770210492622543e-01,2.156811887998182908e-01,7.193183985831258509e-02,5.222376019985299767e-01,9.359742443842969939e-01,8.509089564022949415e-02,1.318395561773453650e+01,1.603008155264992740e-02,2.232809424283667410e-02,1.979515356252244465e-02,1.472338998225313812e-02,1.308687387153067705e-01,1.544521219167201420e-01,1.454278181547589421e-01,1.254214908019423425e-01
1.547500000000000098e+00,2.540437334400028405e-02,5.164830395596202439e-02,7.413612700761151864e-02,6.707043339143294036e-02,3.942794833623489703e-01,2.165562716172368396e-01,7.187006520749024407e-02,5.229475033901610503e-01,9.361876963563521281e-01,8.567088002694758786e-02,1.319416050212370628e+01,1.601430658462049683e-02,2.231603370844651921e-02,1.979159565656558178e-02,1.470416670562298307e-02,1.307894172368359031e-01,1.543927986895773652e-01,1.453981699269709382e-01,1.253252975205514652e-01
1.550000000000000044e+00,2.542127075580813411e-02,5.157266846175811992e-02,7.409690813674654764e-02,6.684960463703519540e-02,3.951856639593001042e-01,2.174325611875828346e-01,7.180835323921112845e-02,5.236567994666109227e-01,9.364025997775442534e-01,8.625205615638049939e-02,1.320439469337571481e+01,1.599851097097056488e-02,2.230393086037828904e-02,1.978804144454946248e-02,1.468494247648041359e-02,1.307098981767866319e-01,1.543332137141937566e-01,1.453684300788352368e-01,1.252289731386891924e-01
1.552499999999999991e+00,2.543865564734715604e-02,5.149675394615296081e-02,7.405760813056147529e-02,6.662520825552065151e-02,3.960955620074338990e-01,2.183100534871735277e-01,7.174670602853926160e-02,5.243655218350288250e-01,9.366189576363691538e-01,8.683443137586950578e-02,1.321465830034593303e+01,1.598269465489541782e-02,2.229178570741881249e-02,1.978449092156198477e-02,1.466571738584955716e-02,1.306301812067479085e-01,1.542733669132783925e-01,1.453385985014170878e-01,1.251325180300325857e-01
1.554999999999999938e+00,2.545653096096305371e-02,5.142056048483017311e-02,7.401822743821410977e-02,6.639724716909732594e-02,3.970091764326684758e-01,2.191887447096963759e-01,7.168512567124661616e-02,5.250737028297334241e-01,9.368367729399601496e-01,8.741801324709932985e-02,1.322495143255615346e+01,1.596685758026593002e-02,2.227959825895592383e-02,1.978094408259220560e-02,1.464649152338439592e-02,1.305502660004514703e-01,1.542132582114129624e-01,1.453086750849370001e-01,1.250359325630447382e-01
1.557500000000000107e+00,2.547489960646092885e-02,5.134408833300399544e-02,7.397876649720641629e-02,6.616572455132042896e-02,3.979265059230903678e-01,2.200686312765631480e-01,7.162361428463459578e-02,5.257813754996900624e-01,9.370560487146215589e-01,8.800280954635682218e-02,1.323527420020335477e+01,1.595099969163898609e-02,2.226736852496594143e-02,1.977740092252938328e-02,1.462726497734970037e-02,1.304701522337867459e-01,1.541528875349729710e-01,1.452786597187314399e-01,1.249392171008495561e-01
1.560000000000000053e+00,2.549376446046027270e-02,5.126733793491331653e-02,7.393922573318767455e-02,6.593064382319890893e-02,3.988475489326124834e-01,2.209497098472575638e-01,7.156217400838929543e-02,5.264885735954419888e-01,9.372767880063677115e-01,8.858882826469989535e-02,1.324562671416852133e+01,1.593512093426767071e-02,2.225509651600061575e-02,1.977386143616197481e-02,1.460803783460263607e-02,1.303898395848147596e-01,1.540922548120470803e-01,1.452485522912131399e-01,1.248423720011085508e-01
1.562500000000000000e+00,2.551312836574996801e-02,5.119030993334397484e-02,7.389960555976056444e-02,6.569200864923370464e-02,3.997723036847229405e-01,2.218319773296628383e-01,7.150080700547292722e-02,5.271953315554914754e-01,9.374989938814592971e-01,8.917607760803611394e-02,1.325600908602550554e+01,1.591922125411125363e-02,2.224278224317352559e-02,1.977032561817660197e-02,1.458881018057506945e-02,1.303093277337813438e-01,1.540313599723547033e-01,1.452183526898318255e-01,1.247453976159011296e-01
1.564999999999999947e+00,2.553299413064450199e-02,5.111300517916751718e-02,7.385990637829004113e-02,6.544982293338831580e-02,4.007007681763194440e-01,2.227154308903583901e-01,7.143951546305105094e-02,5.279016844921383678e-01,9.377226694269396035e-01,8.976456599711038487e-02,1.326642142804991131e+01,1.590330059784497360e-02,2.223042571814593665e-02,1.976679346315695848e-02,1.456958209925658491e-02,1.302286163631302118e-01,1.539702029471620714e-01,1.451880608010345519e-01,1.246482942916076198e-01
1.567500000000000115e+00,2.555336452834027633e-02,5.103542474088421099e-02,7.382012857771587389e-02,6.520409081499328741e-02,4.016329401816356448e-01,2.236000679648734168e-01,7.137830159345802394e-02,5.286076681767704066e-01,9.379478177511726411e-01,9.035430206740147074e-02,1.327686385322805585e+01,1.588735891286961049e-02,2.221802695311213618e-02,1.976326496558267892e-02,1.455035367317822348e-02,1.301477051575152533e-01,1.539087836691963584e-01,1.451576765102262356e-01,1.245510623687953594e-01
1.570000000000000062e+00,2.557424229627297194e-02,5.095756991416015153e-02,7.378027253436809929e-02,6.495481666458506609e-02,4.025688172562494893e-01,2.244858862678861533e-01,7.131716763520028202e-02,5.293133190246069875e-01,9.381744419843791594e-01,9.094529466892686820e-02,1.328733647526590111e+01,1.587139614732082510e-02,2.220558596078422639e-02,1.975974011982816261e-02,1.453112498339696398e-02,1.300665938038120528e-01,1.538471020725585003e-01,1.451271997017299642e-01,1.244537021821080086e-01
1.572500000000000009e+00,2.559563013547550350e-02,5.087944223134593241e-02,7.374033861178766469e-02,6.470200507968125458e-02,4.035083967411791095e-01,2.253728838033536852e-01,7.125611585400025427e-02,5.300186740789005757e-01,9.384025452791734390e-01,9.153755286595509355e-02,1.329783940859806179e+01,1.585541225007829069e-02,2.219310275437640090e-02,1.975621892016134196e-02,1.451189610948095711e-02,1.299852819911292423e-01,1.537851580926338779e-01,1.450966302587475554e-01,1.243562140601580240e-01
1.574999999999999956e+00,2.561753070993706694e-02,5.080104347096501410e-02,7.370032716055018029e-02,6.444566088049234753e-02,4.044516757670635343e-01,2.262610588745645746e-01,7.119514854388031555e-02,5.307237709945924475e-01,9.386321308110971984e-01,9.213108593662559798e-02,1.330837276839682559e+01,1.583940717077460605e-02,2.218057734758871816e-02,1.975270136074239874e-02,1.449266712949552963e-02,1.299037694108191032e-01,1.537229516660022777e-01,1.450659680633201165e-01,1.242585983254225895e-01
1.577500000000000124e+00,2.563994664596268291e-02,5.072237566715999402e-02,7.366023851809534728e-02,6.418578910557094785e-02,4.053986512584249469e-01,2.271504100940948956e-01,7.113426802828928808e-02,5.314286480214256425e-01,9.388632017791543882e-01,9.272590337247552106e-02,1.331893667058116293e+01,1.582338085980397949e-02,2.216800975459034054e-02,1.974918743562244575e-02,1.447343811998996928e-02,1.298220557564877253e-01,1.536604827303454934e-01,1.450352129962884928e-01,1.241608552941429466e-01
1.580000000000000071e+00,2.566288053153412130e-02,5.064344111908442719e-02,7.362007300856095171e-02,6.392239500740022617e-02,4.063493199380134868e-01,2.280409363936595768e-01,7.107347666127163122e-02,5.321333439865151282e-01,9.390957614063442094e-01,9.332201487787217253e-02,1.332953123182579169e+01,1.580733326833069080e-02,2.215539999000230159e-02,1.974567713874211469e-02,1.445420915598510415e-02,1.297401407240044990e-01,1.535977512243540399e-01,1.450043649372538823e-01,1.240629852762270280e-01
1.582500000000000018e+00,2.568633491567187330e-02,5.056424240022782540e-02,7.357983094262245116e-02,6.365548404792072124e-02,4.073036783312341536e-01,2.289326370338415906e-01,7.101277682868140095e-02,5.328378982763781746e-01,9.393298129401920216e-01,9.391943036935204714e-02,1.334015656957022244e+01,1.579126434829731390e-02,2.214274806887977370e-02,1.974217046393013375e-02,1.443498031096170260e-02,1.296580240115111915e-01,1.535347570876321455e-01,1.449734237645385060e-01,1.239649885751560876e-01
1.584999999999999964e+00,2.571031230779817489e-02,5.048478236766117816e-02,7.353951261733855660e-02,6.338506189399843727e-02,4.082617227706539786e-01,2.298255116136885823e-01,7.095217094944099301e-02,5.335423508184264918e-01,9.395653596532792529e-01,9.451815997486485987e-02,1.335081280202782139e+01,1.577517405243272081e-02,2.213005400669385003e-02,1.973866740490180446e-02,1.441575165684968150e-02,1.295757053194304953e-01,1.534715002606016621e-01,1.449423893551462506e-01,1.238668654878946201e-01
1.587500000000000133e+00,2.573481517710131394e-02,5.040506417119094279e-02,7.349911831600274004e-02,6.311113441283261460e-02,4.092234494005868584e-01,2.307195600801594526e-01,7.089166147684673736e-02,5.342467420619190221e-01,9.398024048437700895e-01,9.511821403292222699e-02,1.336150004819487158e+01,1.575906233425984626e-02,2.211731781931286500e-02,1.973516795525743703e-02,1.439652326401815938e-02,1.294931843504740221e-01,1.534079806844043381e-01,1.449112615847236718e-01,1.237686163048043464e-01
1.590000000000000080e+00,2.575984595190167897e-02,5.032509126240761188e-02,7.345864830800157008e-02,6.283370766730475565e-02,4.101888541817587108e-01,2.316147827374068213e-01,7.083125089992246826e-02,5.349511129583792712e-01,9.400409518359378325e-01,9.571960309165075675e-02,1.337221842785963410e+01,1.574292914810322339e-02,2.210453952298324989e-02,1.973167210848072312e-02,1.437729520126635775e-02,1.294104608096498799e-01,1.533441983008032306e-01,1.448800403275206927e-01,1.236702413095618486e-01
1.592500000000000027e+00,2.578540701901894244e-02,5.024486740361776976e-02,7.341810284868000025e-02,6.255278791127050209e-02,4.111579328960486279e-01,2.325111802558854912e-01,7.077094174482151390e-02,5.356555049414809533e-01,9.402810039806863696e-01,9.632233790774928639e-02,1.338296806161138974e+01,1.572677444909626951e-02,2.209171913430995476e-02,1.972817985793703585e-02,1.435806753581536296e-02,1.293275344042695840e-01,1.532801530520825906e-01,1.448487254563518012e-01,1.235717407790803413e-01
1.594999999999999973e+00,2.581150072314122162e-02,5.016439667664487206e-02,7.337748217921406801e-02,6.226838158479180291e-02,4.121306811513066881e-01,2.334087536812618213e-01,7.071073657627909015e-02,5.363599599064002854e-01,9.405225646560712027e-01,9.692642944534896055e-02,1.339374907084947175e+01,1.571059819318833956e-02,2.207885667023642626e-02,1.972469119687165692e-02,1.433884033330076052e-02,1.292444048439546078e-01,1.532158448809469720e-01,1.448173168425571367e-01,1.234731149834352587e-01
1.597500000000000142e+00,2.583812936619579032e-02,5.008368349148720894e-02,7.333678652649130991e-02,6.198049530931335621e-02,4.131070943862473754e-01,2.343075044431198184e-01,7.065063799911582010e-02,5.370645201886412590e-01,9.407656372678164791e-01,9.753188887477606817e-02,1.340456157779229507e+01,1.569440033715154698e-02,2.206595214802416910e-02,1.972120611840794818e-02,1.431961365776615418e-02,1.291610718406424607e-01,1.531512737304187577e-01,1.447858143559636601e-01,1.233743641857940471e-01
1.600000000000000089e+00,2.586529520672194854e-02,5.000273259481904237e-02,7.329601610299946168e-02,6.168913588278077120e-02,4.140871678754188268e-01,2.352074343634404097e-01,7.059064865979380876e-02,5.377692285423341101e-01,9.410102252498280251e-01,9.813872757121763768e-02,1.341540570548632694e+01,1.567818083858731754e-02,2.205300558523191207e-02,1.971772461554542957e-02,1.430038757165758533e-02,1.290775351085921840e-01,1.530864395437355752e-01,1.447542178648467959e-01,1.232754886423502172e-01
1.602500000000000036e+00,2.589300045924593924e-02,4.992154907832237198e-02,7.325517110672404020e-02,6.139431027470202556e-02,4.150708967342432443e-01,2.361085456648403247e-01,7.053077124802652198e-02,5.384741281180106531e-01,9.412563320647040488e-01,9.874695711328843051e-02,1.342628157781506992e+01,1.566193965593273146e-02,2.204001699969437497e-02,1.971424668115779461e-02,1.428116213581885445e-02,1.289937943643895413e-01,1.530213422642457965e-01,1.447225272358918235e-01,1.231764886022614913e-01
1.604999999999999982e+00,2.592124729365815131e-02,4.984013838683598596e-02,7.321425172105444634e-02,6.109602562115169083e-02,4.160582759241327477e-01,2.370108409785566528e-01,7.047100849844317727e-02,5.391792624398618061e-01,9.415039612042430672e-01,9.935658928149908309e-02,1.343718931950797391e+01,1.564567674846658457e-02,2.202698640950067482e-02,1.971077230799084604e-02,1.426193740948777065e-02,1.289098493269514589e-01,1.529559818353040113e-01,1.446907423341556309e-01,1.230773643075923629e-01
1.607499999999999929e+00,2.595003783459252575e-02,4.975850632630865467e-02,7.317325811469972685e-02,6.079428921971913313e-02,4.170493002576749486e-01,2.379143233521562040e-01,7.041136319230939522e-02,5.398846753824766420e-01,9.417531161899443948e-01,9.996763605662514762e-02,1.344812905614933563e+01,1.562939207631522387e-02,2.201391383297236076e-02,1.970730148866034134e-02,1.424271345029331885e-02,1.288256997175303287e-01,1.528903582001653327e-01,1.446588630230287720e-01,1.229781159932611251e-01
1.610000000000000098e+00,2.597937416080901146e-02,4.967665907154321381e-02,7.313219044161450855e-02,6.048910852439832314e-02,4.180439644038924096e-01,2.388189962569569613e-01,7.035183815930536044e-02,5.405904111470720697e-01,9.420038005735081876e-01,1.005801096179766152e-01,1.345910091418713428e+01,1.561308560045812296e-02,2.200079928864113327e-02,1.970383421564976534e-02,1.422349031425378281e-02,1.287413452597176711e-01,1.528244713018791778e-01,1.446268891641973586e-01,1.228787438869913679e-01
1.612500000000000044e+00,2.600925830457839413e-02,4.959460317371842258e-02,7.309104884093484134e-02,6.018049114042297448e-02,4.190422628935686067e-01,2.397248635951406137e-01,7.029243627936231087e-02,5.412965142372124783e-01,9.422560179373296041e-01,1.011940223415665613e-01,1.347010502094182804e+01,1.559675728273321113e-02,2.198764279522623377e-02,1.970037048130800564e-02,1.420426805577579971e-02,1.286567856794474940e-01,1.527583210831823246e-01,1.445948206176054518e-01,1.227792482092678883e-01
1.614999999999999991e+00,2.603969225107036212e-02,4.951234556767537820e-02,7.304983343692492137e-02,5.986844481904212562e-02,4.200441901246484422e-01,2.406319297065442064e-01,7.023316048455870153e-02,5.420030294340254517e-01,9.425097718949873027e-01,1.018093867981793854e-01,1.348114150461507776e+01,1.558040708584194564e-02,2.197444437161153938e-02,1.969691027784694834e-02,1.418504672765439137e-02,1.285720207049990127e-01,1.526919074863917203e-01,1.445626572414175914e-01,1.226796291732974997e-01
1.617499999999999938e+00,2.607067793774472952e-02,4.942989357895516411e-02,7.300854433893459727e-02,5.955297745224048811e-02,4.210497403677019301e-01,2.415401993751059295e-01,7.017401376107748612e-02,5.427100017709221014e-01,9.427650660917281655e-01,1.024262157513379651e-01,1.349221049429844221e+01,1.556403497335412736e-02,2.196120403682237307e-02,1.969345359733897655e-02,1.416582638107394959e-02,1.284870500669992033e-01,1.526252304532966231e-01,1.445303988919814653e-01,1.225798869849743095e-01
1.620000000000000107e+00,2.610221725374603507e-02,4.934725493057488810e-02,7.296718164136914431e-02,5.923409706740045272e-02,4.220589077714601012e-01,2.424496778349555792e-01,7.011499915122559878e-02,5.434174765078203517e-01,9.430219042049465816e-01,1.030445221551685719e-01,1.350331211998196146e+01,1.554764090971246654e-02,2.194792181000207801e-02,1.969000043171436481e-02,1.414660706561021372e-02,1.284018734984247456e-01,1.525582899250507440e-01,1.444980454237907441e-01,1.224800218428499510e-01
1.622500000000000053e+00,2.613431203930171101e-02,4.926443774952872501e-02,7.292574542367004364e-02,5.891181182190644711e-02,4.230716863684163553e-01,2.433603707761230195e-01,7.005611975551667703e-02,5.441254991048825040e-01,9.432802899446588452e-01,1.036643191521638696e-01,1.351444651256269580e+01,1.553122486023688839e-02,2.193459771038834202e-02,1.968655077275859380e-02,1.412738882923321969e-02,1.283164907346035777e-01,1.524910858420636117e-01,1.444655966894483334e-01,1.223800339381084512e-01
1.625000000000000000e+00,2.616696408512416555e-02,4.918145057300091910e-02,7.288423575030873736e-02,5.858612999769147178e-02,4.240880700804925407e-01,2.442722843498537910e-01,6.999737873481862160e-02,5.448341151957685202e-01,9.435402270539693381e-01,1.042856200708431602e-01,1.352561380385317413e+01,1.551478679112857327e-02,2.192123175728932089e-02,1.968310461210954695e-02,1.410817171831125691e-02,1.282309015132163388e-01,1.524236181438926585e-01,1.444330525396298193e-01,1.222799234545463160e-01
1.627499999999999947e+00,2.620017513181717786e-02,4.909830235427767309e-02,7.284265267079308159e-02,5.825705999572529381e-02,4.251080527247738661e-01,2.451854251735064438e-01,6.993877931256710367e-02,5.455433705604162409e-01,9.438017193095349366e-01,1.049084384233095885e-01,1.353681412658976591e+01,1.549832666947375225e-02,2.190782397005957421e-02,1.967966194125461005e-02,1.408895577761582092e-02,1.281451055742968970e-01,1.523558867691344187e-01,1.444004128230469142e-01,1.221796905685572643e-01
1.630000000000000115e+00,2.623394686928596717e-02,4.901500246834527424e-02,7.280099621968660895e-02,5.792461033044367380e-02,4.261316280193048756e-01,2.460998003350193808e-01,6.988032477704582413e-02,5.462533110973494255e-01,9.440647705220189811e-01,1.055327879027035259e-01,1.354804761444092698e+01,1.548184446324722859e-02,2.189437436807584875e-02,1.967622275152765970e-02,1.406974105032757216e-02,1.280591026602329596e-01,1.522878916553165318e-01,1.443676773864115137e-01,1.220793354491222088e-01
1.632500000000000062e+00,2.626828093615267423e-02,4.893156071716110028e-02,7.275926641664147432e-02,5.758878962411877883e-02,4.271587895889528141e-01,2.470154173969208999e-01,6.982201848373544018e-02,5.469639827955253830e-01,9.443293845365413608e-01,1.061586823805523994e-01,1.355931440201540816e+01,1.546534014131564078e-02,2.188088297071271934e-02,1.967278703410594784e-02,1.405052757804331823e-02,1.279728925157662678e-01,1.522196327387894954e-01,1.443348460743998085e-01,1.219788582578043012e-01
1.635000000000000009e+00,2.630317891917607898e-02,4.884798733458511899e-02,7.271746326644562552e-02,5.724960660116944905e-02,4.281895309713305564e-01,2.479322843998675585e-01,6.976386385773201970e-02,5.476754317057274113e-01,9.445955652331206043e-01,1.067861359040156860e-01,1.357061462487028081e+01,1.544881367344046706e-02,2.186734979731813286e-02,1.966935478000686119e-02,1.403131540078401615e-02,1.278864748879920687e-01,1.521511099546190293e-01,1.443019187296167571e-01,1.218782591487490852e-01
1.637499999999999956e+00,2.633864235267666457e-02,4.876429299095849657e-02,7.267558675908387944e-02,5.690707008241235182e-02,4.292238456227852605e-01,2.488504098656913743e-01,6.970586439623609187e-02,5.483877039115105934e-01,9.448633165271103085e-01,1.074151626930255066e-01,1.358194841951893395e+01,1.543226503028076110e-02,2.185377486718887222e-02,1.966592598008457329e-02,1.401210455700380511e-02,1.277998495263586720e-01,1.520823232364786060e-01,1.442688951925606700e-01,1.217775382686898528e-01
1.640000000000000124e+00,2.637467271796708687e-02,4.868048879731803891e-02,7.263363686981384737e-02,5.656118897925229566e-02,4.302617269244454201e-01,2.497698027999310511e-01,6.964802367111401493e-02,5.491008454997086119e-01,9.451326423696262413e-01,1.080457771373222603e-01,1.359331592343886541e+01,1.541569418339562396e-02,2.184015819954597190e-02,1.966250062502657159e-02,1.399289508360006956e-02,1.277130161826664778e-01,1.520132725165428966e-01,1.442357753015884314e-01,1.216766957569584695e-01
1.642500000000000071e+00,2.641127144278814301e-02,4.859658630923198441e-02,7.259161355925690395e-02,5.621197228781159294e-02,4.313031681883301438e-01,2.506904726938328221e-01,6.959034533153206359e-02,5.498149025305114623e-01,9.454035467479677823e-01,1.086779937933844559e-01,1.360471727507943207e+01,1.539910110524641239e-02,2.182649981351012305e-02,1.965907870535005611e-02,1.397368701592454840e-02,1.276259746110665616e-01,1.519439577253815787e-01,1.442025588928805280e-01,1.215757317455011949e-01
1.645000000000000018e+00,2.644843990075088774e-02,4.851259753024662891e-02,7.254951677350451877e-02,5.585942908299821458e-02,4.323481626635192199e-01,2.516124295257948784e-01,6.953283310666563688e-02,5.505299210071221694e-01,9.456760336860305927e-01,1.093118273812533764e-01,1.361615261386940112e+01,1.538248576919867827e-02,2.181279972807708203e-02,1.965566021139821679e-02,1.395448038779548323e-02,1.275387245680592585e-01,1.518743787918540866e-01,1.441692458004068811e-01,1.214746463589001929e-01
1.647499999999999964e+00,2.648617941078489080e-02,4.842853491493028656e-02,7.250734644424038089e-02,5.550356851251320861e-02,4.333967035423794689e-01,2.525356837622391715e-01,6.947549080848355874e-02,5.512459468450058298e-01,9.459501072447118464e-01,1.099472927812516349e-01,1.362762208022440724e+01,1.536584814952384782e-02,2.179905796209312407e-02,1.965224513333637887e-02,1.393527523151082137e-02,1.274512658124920816e-01,1.518045356430053339e-01,1.441358358558925690e-01,1.213734397144002886e-01
1.650000000000000133e+00,2.652449123659303062e-02,4.834441137150283230e-02,7.246510248887849670e-02,5.514439979079494014e-02,4.344487839668512152e-01,2.534602463578856657e-01,6.941832233460958068e-02,5.519630258407336454e-01,9.462257715223059140e-01,1.105844050305957033e-01,1.363912581555422676e+01,1.534918822140061978e-02,2.178527453423059063e-02,1.964883346114800616e-02,1.391607157786246655e-02,1.273635981055575295e-01,1.517344282039624626e-01,1.441023288887841314e-01,1.212721119219412613e-01
1.652500000000000080e+00,2.656337658611321664e-02,4.826024026403901573e-02,7.242278481071785790e-02,5.478193219290194288e-02,4.355043970347917126e-01,2.543861287554111117e-01,6.936133167126161403e-02,5.526812036404439299e-01,9.465030306548929406e-01,1.112231793199022212e-01,1.365066396226994705e+01,1.533250596091611032e-02,2.177144946296354078e-02,1.964542518463057927e-02,1.389686945615158445e-02,1.272757212107906710e-01,1.516640563978328415e-01,1.440687247262161519e-01,1.211706630841957316e-01
1.655000000000000027e+00,2.660283661098704344e-02,4.817603541423310515e-02,7.238039329911361008e-02,5.441617504833357738e-02,4.365635358063745253e-01,2.553133428844656105e-01,6.930452289627074547e-02,5.534005257079191997e-01,9.467818888167173208e-01,1.118636309895880976e-01,1.366223666379092450e+01,1.531580134506671867e-02,2.175758276654354492e-02,1.964202029339131433e-02,1.387766889420497321e-02,1.271876348940663148e-01,1.515934201456034802e-01,1.440350231929780067e-01,1.210690932966124178e-01
1.657499999999999973e+00,2.664287240603638654e-02,4.809181110271391890e-02,7.233792782966524948e-02,5.404713773478683064e-02,4.376261933105438651e-01,2.562419011600312047e-01,6.924790018218007770e-02,5.541210372923032201e-01,9.470623502205579580e-01,1.125057755261638509e-01,1.367384406455161105e+01,1.529907435175873083e-02,2.174367446297567619e-02,1.963861877684275337e-02,1.385846991839248706e-02,1.270993389235959004e-01,1.515225193660417191e-01,1.440012241114811964e-01,1.209674026474652359e-01
1.660000000000000142e+00,2.668348500874740542e-02,4.800758206989778204e-02,7.229538826442234722e-02,5.367482967185185222e-02,4.386923625515248837e-01,2.571718164800969597e-01,6.919146779942589309e-02,5.548427833954605592e-01,9.473444191180891982e-01,1.131496285584211725e-01,1.368548631000819960e+01,1.528232495980864913e-02,2.172972456999471350e-02,1.963522062419818456e-02,1.383927255364552668e-02,1.270108330699242505e-01,1.514513539755978355e-01,1.439673273017267052e-01,1.208655912179078390e-01
1.662500000000000089e+00,2.672467539876278650e-02,4.792336351636877767e-02,7.225277445210735727e-02,5.329926031464361086e-02,4.397620365153855349e-01,2.581031022226257798e-01,6.913523011960093223e-02,5.555658087389986344e-01,9.476280998002307721e-01,1.137952058535133676e-01,1.369716354664508096e+01,1.526555314894325298e-02,2.171573310504160831e-02,1.963182582446693428e-02,1.382007682347659305e-02,1.269221171059259634e-01,1.513799238883093423e-01,1.439333325812730546e-01,1.207636590820339861e-01
1.665000000000000036e+00,2.676644449738261808e-02,4.783917110277446927e-02,7.221008622835647928e-02,5.292043914737180887e-02,4.408352081766512831e-01,2.590357722417970798e-01,6.907919161880203551e-02,5.562901577309653511e-01,9.479133965974888554e-01,1.144425233129302555e-01,1.370887592198111093e+01,1.524875889979939413e-02,2.170170008524026015e-02,1.962843436644947856e-02,1.380088274999989595e-02,1.268331908068016656e-01,1.513082290157072851e-01,1.438992397652044397e-01,1.206616063069435446e-01
1.667499999999999982e+00,2.680879316707386606e-02,4.775502094922655372e-02,7.216732341597865974e-02,5.253837567684701421e-02,4.419118705049724927e-01,2.599698408634953939e-01,6.902335688106325806e-02,5.570158744322291078e-01,9.482003138802873599e-01,1.150915969683663914e-01,1.372062358457570497e+01,1.523194219392351098e-02,2.168762552737460783e-02,1.962504623873240206e-02,1.378169035395304144e-02,1.267440539500739871e-01,1.512362692667245101e-01,1.438650486660993100e-01,1.205594329528142244e-01
1.669999999999999929e+00,2.685172221098915471e-02,4.767092963419512774e-02,7.212448582523221796e-02,5.215307942592604246e-02,4.429920164718407216e-01,2.609053228800268798e-01,6.896773060187434690e-02,5.577430025225699195e-01,9.484888560592874551e-01,1.157424429774840807e-01,1.373240668403469655e+01,1.521510301377088960e-02,2.167350944786613359e-02,1.962166142968319732e-02,1.376249965471976547e-02,1.266547063155832875e-01,1.511640445476064576e-01,1.438307590939993663e-01,1.204571390729791552e-01
1.672500000000000098e+00,2.689523237249499821e-02,4.758691419288606228e-02,7.208157325412072047e-02,5.176455992689432684e-02,4.440756390573538104e-01,2.618422335440367954e-01,6.891231759178778615e-02,5.584715852664831059e-01,9.487790275856978761e-01,1.163950776195703113e-01,1.374422537101601627e+01,1.519824134270463499e-02,2.165935186275176269e-02,1.961827992744488366e-02,1.374331067035373943e-02,1.265651476854832147e-01,1.510915547618241483e-01,1.437963708563786969e-01,1.203547247140101251e-01
1.675000000000000044e+00,2.693932433470999296e-02,4.750299211509122210e-02,7.203858548870650802e-02,5.137282671478769769e-02,4.451627312570305972e-01,2.627805885616073533e-01,6.885712278011349441e-02,5.592016654787241858e-01,9.490708329515722408e-01,1.170495172910887283e-01,1.375607979723512386e+01,1.518135716499438743e-02,2.164515278766224182e-02,1.961490171993045609e-02,1.372412341760343053e-02,1.264753778442360421e-01,1.510187998099900564e-01,1.437618837581136344e-01,1.202521899158068563e-01
1.677499999999999991e+00,2.698399872005289787e-02,4.741918134250050487e-02,7.199552230344355430e-02,5.097788932065316914e-02,4.462532860886693209e-01,2.637204040845111952e-01,6.880215121870379702e-02,5.599332854896014178e-01,9.493642766900975971e-01,1.177057785011271507e-01,1.376797011547025917e+01,1.516445046581476469e-02,2.163091223780103448e-02,1.961152679481716413e-02,1.370493791193801505e-02,1.263853965786079780e-01,1.509457795897764243e-01,1.437272976014526416e-01,1.201495347116917911e-01
1.679999999999999938e+00,2.702925608980180291e-02,4.733550026546662348e-02,7.195238346152894870e-02,5.057975726475047451e-02,4.473472965992545403e-01,2.646616967015959498e-01,6.874740808582896490e-02,5.606664871100424108e-01,9.496593633758699804e-01,1.183638778667405883e-01,1.377989647956740527e+01,1.514752123124352839e-02,2.161663022792375752e-02,1.960815513954059300e-02,1.368575416757434986e-02,1.262952036776639198e-01,1.508724939958369649e-01,1.436926121859867234e-01,1.200467591285109964e-01
1.682500000000000107e+00,2.707509694366366446e-02,4.725196771921201522e-02,7.190916871527308629e-02,5.017844004969423261e-02,4.484447558719053539e-01,2.656044834292771162e-01,6.869289869014455485e-02,5.614013115964497924e-01,9.499560976251570921e-01,1.190238321081912021e-01,1.379185904444505972e+01,1.513056944825948852e-02,2.160230677231823881e-02,1.960478674128857124e-02,1.366657219750499162e-02,1.262047989327625408e-01,1.507989429197313658e-01,1.436578273086202839e-01,1.199438631867408150e-01
1.685000000000000053e+00,2.712152171935563322e-02,4.716860297946853797e-02,7.186587780648914792e-02,4.977394715353978399e-02,4.495456570328674739e-01,2.665487817011146787e-01,6.863862847475232787e-02,5.621377996153628098e-01,9.502544840961523187e-01,1.196856580440851248e-01,1.380385796609873239e+01,1.511359510474013547e-02,2.158794188478520282e-02,1.960142158699488407e-02,1.364739201352725348e-02,1.261141821375508232e-01,1.507251262498532640e-01,1.436229427635420108e-01,1.198408469006004007e-01
1.687500000000000000e+00,2.716853079219752609e-02,4.708542575754012111e-02,7.182251046690148188e-02,4.936628802281170514e-02,4.506499932585457113e-01,2.674946093564484206e-01,6.858460302135453712e-02,5.628759912079491778e-01,9.505545274892124308e-01,1.203493725864076269e-01,1.381589340160519619e+01,1.509659818945900331e-02,2.157353557861968127e-02,1.959805966333279248e-02,1.362821362627330592e-02,1.260233530879586450e-01,1.506510438713617450e-01,1.435879583421967587e-01,1.197377102781700675e-01
1.689999999999999947e+00,2.721612447471677410e-02,4.700245619478003040e-02,7.177906641857290104e-02,4.895547206547839342e-02,4.517577577825764856e-01,2.684419846280693411e-01,6.853082805450368131e-02,5.636159257543449375e-01,9.508562325470861776e-01,1.210149927354571553e-01,1.382796550912648748e+01,1.507957869208276409e-02,2.155908786659314902e-02,1.959470095670834411e-02,1.360903704524130640e-02,1.259323115821931738e-01,1.505766956661165612e-01,1.435528738332570720e-01,1.196344533215155520e-01
1.692500000000000115e+00,2.726430301626544400e-02,4.691971485647276896e-02,7.173554537435122835e-02,4.854150864387456188e-02,4.528689439029350838e-01,2.693909261289011980e-01,6.847730944594862534e-02,5.643576419378661946e-01,9.511596040551278941e-01,1.216825355746796039e-01,1.384007444791360975e+01,1.506253660316805854e-02,2.154459876093647169e-02,1.959134545325349336e-02,1.358986227882755075e-02,1.258410574207331767e-01,1.505020815126170974e-01,1.435176890225956792e-01,1.195310760268181588e-01
1.695000000000000062e+00,2.731306660264998937e-02,4.683722272511278012e-02,7.169194703833456361e-02,4.812440706757259434e-02,4.539835449890847197e-01,2.703414528376688608e-01,6.842405321907783777e-02,5.651011777091140553e-01,9.514646468414991176e-01,1.223520182654036226e-01,1.385222037830999398e+01,1.504547191415805604e-02,2.153006827332369644e-02,1.958799313881900289e-02,1.357068933435964797e-02,1.257495904063231640e-01,1.504272012859456942e-01,1.434824036932579594e-01,1.194275783845106798e-01
1.697500000000000009e+00,2.736241535577424444e-02,4.675500119307099411e-02,7.164827110635577090e-02,4.770417658620555723e-02,4.551015544891530706e-01,2.712935840835281609e-01,6.837106555346061931e-02,5.658465702499928529e-01,9.517713657773562153e-01,1.230234580414785867e-01,1.386440346175464455e+01,1.502838461737874588e-02,2.151549641485675513e-02,1.958464399896714392e-02,1.355151821813069431e-02,1.256579103439675604e-01,1.503520548577151339e-01,1.434470176254351581e-01,1.193239603794192527e-01
1.699999999999999956e+00,2.741234933329579973e-02,4.667307205464085729e-02,7.160451726648557613e-02,4.728082638224481021e-02,4.562229659371453416e-01,2.722473395296317600e-01,6.831835278948816814e-02,5.665938559376716421e-01,9.520797657770252442e-01,1.236968722038161717e-01,1.387662386078502585e+01,1.501127470603497160e-02,2.150088319605111126e-02,1.958129801896416056e-02,1.353234893543444999e-02,1.255660170409244880e-01,1.502766420960204852e-01,1.434115305964375198e-01,1.192202219909110072e-01
1.702500000000000124e+00,2.746286852829612005e-02,4.659145749745698811e-02,7.156068519955438578e-02,4.685436556373472061e-02,4.573477729601844177e-01,2.732027391556111628e-01,6.826592143311452365e-02,5.673430703085077242e-01,9.523898517981628231e-01,1.243722781148376005e-01,1.388888173903961132e+01,1.499414217420619658e-02,2.148622862682241993e-02,1.957795518377252603e-02,1.351318149060150124e-02,1.254739103066999373e-01,1.502009628653959705e-01,1.433759423806682254e-01,1.191163631930474281e-01
1.705000000000000071e+00,2.751397286896484912e-02,4.651018009327706482e-02,7.151677457969268792e-02,4.642480315698738202e-02,4.584759692857828806e-01,2.741598032389427897e-01,6.821377816069867928e-02,5.680942480219633994e-01,9.527016288419023482e-01,1.250496931928279098e-01,1.390117726126016073e+01,1.497698701684200238e-02,2.147153271647427031e-02,1.957461547804296986e-02,1.349401588703640423e-02,1.253815899530413280e-01,1.501250170267764972e-01,1.433402527495974133e-01,1.190123839547436585e-01
1.707500000000000018e+00,2.756566221829869975e-02,4.642926278812144897e-02,7.147278507488967481e-02,4.599214809924088987e-02,4.596075487491361744e-01,2.751185523351811213e-01,6.816192982394948807e-02,5.688474228245363751e-01,9.530151019529868872e-01,1.257291349061988306e-01,1.391351059329368134e+01,1.495980922975733395e-02,2.145679547368702089e-02,1.957127888610627267e-02,1.347485212725578300e-02,1.252890557939315141e-01,1.500488044374644059e-01,1.433044614717367549e-01,1.189082842399334927e-01
1.709999999999999964e+00,2.761793637381518632e-02,4.634872889176222532e-02,7.142871634757008703e-02,4.555640923128469882e-02,4.607425053004416959e-01,2.760790072570309395e-01,6.811038345497305579e-02,5.696026275137348049e-01,9.533302762198875291e-01,1.264106207676627402e-01,1.392588190209403720e+01,1.494260880962747576e-02,2.144201690650783879e-02,1.956794539196482496e-02,1.345569021292738685e-02,1.251963076455823720e-01,1.499723249511015211e-01,1.432685683126141973e-01,1.188040640077399762e-01
1.712500000000000133e+00,2.767079506728139723e-02,4.626860206655535740e-02,7.138456805518880732e-02,4.511759529005646141e-02,4.618808330122387007e-01,2.770411890522335718e-01,6.805914627142471696e-02,5.703598939021252701e-01,9.536471567749055245e-01,1.270941683283191015e-01,1.393829135572326905e+01,1.492538575398277834e-02,2.142719702234196361e-02,1.956461497928393273e-02,1.343653014491008081e-02,1.251033453264285555e-01,1.498955784176470851e-01,1.432325730347493165e-01,1.186997232126518892e-01
1.715000000000000080e+00,2.772423796445863675e-02,4.618890631560988724e-02,7.134033985084285712e-02,4.467571490121347716e-02,4.630225260867662507e-01,2.780051189802493772e-01,6.800822568176576044e-02,5.711192527814792363e-01,9.539657487942626579e-01,1.277797951716560521e-01,1.395073912335255351e+01,1.490814006120311577e-02,2.141233582794527940e-02,1.956128763138290441e-02,1.341737192329475921e-02,1.250101686571210846e-01,1.498185646833607720e-01,1.431964753976287252e-01,1.185952618047056706e-01
1.717500000000000027e+00,2.777826466486258208e-02,4.610966597028686581e-02,7.129603138390086525e-02,4.423077657168440757e-02,4.641675788633353728e-01,2.789708184877020547e-01,6.795762929062636182e-02,5.718807338870530721e-01,9.542860574981719690e-01,1.284675189074700186e-01,1.396322537526284613e+01,1.489087173051209696e-02,2.139743332941821882e-02,1.955796333122585343e-02,1.339821554744616457e-02,1.249167774605211695e-01,1.497412835907926398e-01,1.431602751576822319e-01,1.184906797296731706e-01
1.719999999999999973e+00,2.783287470153997592e-02,4.603090567702440572e-02,7.125164230064914839e-02,4.378278868220615572e-02,4.653159858257154835e-01,2.799383091825746184e-01,6.790736490427502769e-02,5.726443658620258281e-01,9.546080881508999250e-01,1.291573571657042008e-01,1.397575028284514786e+01,1.487358076197101663e-02,2.138248953220111409e-02,1.955464206141227165e-02,1.337906101604559826e-02,1.248231715616934800e-01,1.496637349787783566e-01,1.431239720682586647e-01,1.183859769292544967e-01
1.722500000000000142e+00,2.788806754086170861e-02,4.595265038348081421e-02,7.120717224495407005e-02,4.333175947985028198e-02,4.664677416095300289e-01,2.809076128071230638e-01,6.785744053619585658e-02,5.734101762221317511e-01,9.549318460608041681e-01,1.298493275902108113e-01,1.398831401860044288e+01,1.485626715647255826e-02,2.136750444107100508e-02,1.955132380416733581e-02,1.335990832713450371e-02,1.247293507879001506e-01,1.495859186824417819e-01,1.430875658796030292e-01,1.182811533412770205e-01
1.725000000000000089e+00,2.794384258233274451e-02,4.587492532399339157e-02,7.116262085894065059e-02,4.287769707054413237e-02,4.676228410096584520e-01,2.818787512094916292e-01,6.780786441277428245e-02,5.741781913205161736e-01,9.552573365803638250e-01,1.305434478324383751e-01,1.400091675613924380e+01,1.483893091573424555e-02,2.135247806013999827e-02,1.954800854133193280e-02,1.334075747815889786e-02,1.246353149685942435e-01,1.495078345332036263e-01,1.430510563388330270e-01,1.181762088998991184e-01
1.727500000000000036e+00,2.800019915841922905e-02,4.579775600434636551e-02,7.111798778368652596e-02,4.242060941159526283e-02,4.687812789876409370e-01,2.828517463140042820e-01,6.775864497909234174e-02,5.749484363128493092e-01,9.555845651061900536e-01,1.312397355450474756e-01,1.401355867018082435e+01,1.482157204229164055e-02,2.133741039285522167e-02,1.954469625435243177e-02,1.332160846601463874e-02,1.245410639354133236e-01,1.494294823587972443e-01,1.430144431899164070e-01,1.180711435358195865e-01
1.729999999999999982e+00,2.805713653439317543e-02,4.572116818584447823e-02,7.107327265993045040e-02,4.196050430422154642e-02,4.699430506790839845e-01,2.838266200901146674e-01,6.770979090483368601e-02,5.757209351227345895e-01,9.559135370790194930e-01,1.319382083754594981e-01,1.402623993655199008e+01,1.480419053949130585e-02,2.132230144200045543e-02,1.954138692427017515e-02,1.330246128709350502e-02,1.244465975221733661e-01,1.493508619832917550e-01,1.429777261736485949e-01,1.179659571764924281e-01
1.732499999999999929e+00,2.811465390819474497e-02,4.564518786868884681e-02,7.102847512879588432e-02,4.149738938609683070e-02,4.711081514010618254e-01,2.848033945199885952e-01,6.766131109029994983e-02,5.764957104074390770e-01,9.562442579836941681e-01,1.326388839593390379e-01,1.403896073218557206e+01,1.478678641148351534e-02,2.130715120969947987e-02,1.953808053171069217e-02,1.328331593733006986e-02,1.243519155648622754e-01,1.492719732271223232e-01,1.429409050276305715e-01,1.178606497463465658e-01
1.735000000000000098e+00,2.817275041031266913e-02,4.556984127465081580e-02,7.098359483252768276e-02,4.103127212391645406e-02,4.722765766595086734e-01,2.857820915647021343e-01,6.761321467253865458e-02,5.772727835239901406e-01,9.565767333491240754e-01,1.333417799140168836e-01,1.405172123511844617e+01,1.476935966321473066e-02,2.129195969742123801e-02,1.953477705687261048e-02,1.326417241224933825e-02,1.242570179016337373e-01,1.491928159071281845e-01,1.429039794862468626e-01,1.177552211670108012e-01
1.737500000000000044e+00,2.823142510368305269e-02,4.549515482904177566e-02,7.093863141524221760e-02,4.056215980599237048e-02,4.734483221566017641e-01,2.867627331290373838e-01,6.756551103158366101e-02,5.780521744956700347e-01,9.569109687482327820e-01,1.340469138318546305e-01,1.406452162448922394e+01,1.475191030041983140e-02,2.127672690598684385e-02,1.953147647951629720e-02,1.324503070701512665e-02,1.241619043728010574e-01,1.491133898365985533e-01,1.428669492806441121e-01,1.176496713575438113e-01
1.739999999999999991e+00,2.829067698360666211e-02,4.542115514197567205e-02,7.089358452368969832e-02,4.009005953488359308e-02,4.746233837981279069e-01,2.877453410248522192e-01,6.751820979680855928e-02,5.788339019789465745e-01,9.572469697978860381e-01,1.347543032735572799e-01,1.407736208053548843e+01,1.473443832961411799e-02,2.126145283557852664e-02,1.952817877895219809e-02,1.322589081647916609e-02,1.240665748208310271e-01,1.490336948253267457e-01,1.428298141387098485e-01,1.175440002346689328e-01
1.742499999999999938e+00,2.835050497768509120e-02,4.534786898892373408e-02,7.084845380802845538e-02,3.961497822007039454e-02,4.758017577008284982e-01,2.887299369330103560e-01,6.747132085339453689e-02,5.796179832308783197e-01,9.575847421588050690e-01,1.354639657614357395e-01,1.409024278459067503e+01,1.471694375808508051e-02,2.124613748575056305e-02,1.952488393402886102e-02,1.320675273523089915e-02,1.239710290903378725e-01,1.489537306796724359e-01,1.427925737850511689e-01,1.174382077130139701e-01
1.745000000000000107e+00,2.841090794577603301e-02,4.527532329055780624e-02,7.080323892260977081e-02,3.913692257068231845e-02,4.769834401997221640e-01,2.897165423638546344e-01,6.742485434891212770e-02,5.804044340770333488e-01,9.579242915354623245e-01,1.361759187726258591e-01,1.410316391908052758e+01,1.469942659388393663e-02,2.123078085544227375e-02,1.952159192312067498e-02,1.318761645764793614e-02,1.238752670280773016e-01,1.488734972026327930e-01,1.427552279409741998e-01,1.173322937053553755e-01
1.747500000000000053e+00,2.847188467996791122e-02,4.520354509188408143e-02,7.075793952677326970e-02,3.865589908828525462e-02,4.781684278553987033e-01,2.907051786162060392e-01,6.737882070001907642e-02,5.811932688799624769e-01,9.582656236759584667e-01,1.368901797322674141e-01,1.411612566751913000e+01,1.468188684581694589e-02,2.121538294299314328e-02,1.951830272411527595e-02,1.316848197794715652e-02,1.237792884829406748e-01,1.487929941939222789e-01,1.427177763244634467e-01,1.172262581228674799e-01
1.750000000000000000e+00,2.853343390457386067e-02,4.513256154066477843e-02,7.071255528565095760e-02,3.817191405974039442e-02,4.793567174612756721e-01,2.916958667348761858e-01,6.733323059927343035e-02,5.819845005082653344e-01,9.586087443718860346e-01,1.376067660066481735e-01,1.412912821450452050e+01,1.466432452343650189e-02,2.119994374616013949e-02,1.951501631440064749e-02,1.314934929023640897e-02,1.236830933059491627e-01,1.487122214500616602e-01,1.426802186501613112e-01,1.171201008753756378e-01
1.752499999999999947e+00,2.859555427614571613e-02,4.506239986512947798e-02,7.066708587098008421e-02,3.768497355014209516e-02,4.805483060508201620e-01,2.926886274666778975e-01,6.728809502206355153e-02,5.827781403062912702e-01,9.589536594581714590e-01,1.383256948963185740e-01,1.414217174571390245e+01,1.464673963703200590e-02,2.118446326213729164e-02,1.951173267085190566e-02,1.313021838856679759e-02,1.235866813502481676e-01,1.486311787644762628e-01,1.426425546293479951e-01,1.170138218716142292e-01
1.755000000000000115e+00,2.865824438350770761e-02,4.499308735097668627e-02,7.062153096192333446e-02,3.719508339584535334e-02,4.817431909047235061e-01,2.936834812149242691e-01,6.724342523365541002e-02,5.835741980645191562e-01,9.593003748129038666e-01,1.390469836291817196e-01,1.415525644789840953e+01,1.462913219762053060e-02,2.116894148757760344e-02,1.950845176981773343e-02,1.311108926698551468e-02,1.234900524711016884e-01,1.485498659276039413e-01,1.426047839699215170e-01,1.169074210194884500e-01
1.757500000000000062e+00,2.872150274781036863e-02,4.492465131766710390e-02,7.057589024589518145e-02,3.670224919759320498e-02,4.829413695580273003e-01,2.946804479924057252e-01,6.719923279635761637e-02,5.843726819906575054e-01,9.596488963571442321e-01,1.397706493535655903e-01,1.416838250887744444e+01,1.461150221693726867e-02,2.115337841861734264e-02,1.950517358710650642e-02,1.309196191958917309e-02,1.233932065258869643e-01,1.484682827270126515e-01,1.425669063763776723e-01,1.168008982263403772e-01
1.760000000000000009e+00,2.878532782260452907e-02,4.485711909401168818e-02,7.053016341939391531e-02,3.620647631375292774e-02,4.841428398071940808e-01,2.956795473728354162e-01,6.715552957680458179e-02,5.851735986815047585e-01,9.599992300547171009e-01,1.404967091312817884e-01,1.418155011753257355e+01,1.459384970742577496e-02,2.113777405090282863e-02,1.950189809797205770e-02,1.307283634057763815e-02,1.232961433740890900e-01,1.483864289475284315e-01,1.425289215497905215e-01,1.166942533992189612e-01
1.762499999999999956e+00,2.884971799393611439e-02,4.479051799305677761e-02,7.048435018883807135e-02,3.570776985367545009e-02,4.853475997171164957e-01,2.966807984407570653e-01,6.711232775335906897e-02,5.859769530956241423e-01,9.603513819119863237e-01,1.412251799306777633e-01,1.419475946380100950e+01,1.457617468222801270e-02,2.112212837961971457e-02,1.949862527709912002e-02,1.305371252430828632e-02,1.231988628772959782e-01,1.483043043713732911e-01,1.424908291877925726e-01,1.165874864451536264e-01
1.765000000000000124e+00,2.891467158046085589e-02,4.472487528627072662e-02,7.043845027140591131e-02,3.520613467118417078e-02,4.865556476280593068e-01,2.976842197399107715e-01,6.706963982363381427e-02,5.867827485268644061e-01,9.607053579776128061e-01,1.419560786196895075e-01,1.420801073866861408e+01,1.455847715517420357e-02,2.110644139952489590e-02,1.949535509858840374e-02,1.303459046535068028e-02,1.231013648991931969e-01,1.482219087783139544e-01,1.424526289845553240e-01,1.164805972714315491e-01
1.767500000000000071e+00,2.898018683358020639e-02,4.466021817703683117e-02,7.039246339587706958e-02,3.470157535820965478e-02,4.877669821625276181e-01,2.986898292200523830e-01,6.702747861213347036e-02,5.875909865787837250e-01,9.610611643422946049e-01,1.426894219588999979e-01,1.422130413416249439e+01,1.454075714077248359e-02,2.109071310498106602e-02,1.949208753594132426e-02,1.301547015854161160e-02,1.230036493055592095e-01,1.481392419458211762e-01,1.424143206307696696e-01,1.163735857858782946e-01
1.770000000000000018e+00,2.904626193759770811e-02,4.459657377345775664e-02,7.034638930347543451e-02,3.419409623857781744e-02,4.889816022320558897e-01,2.996976441822286064e-01,6.698585727801688317e-02,5.884016671400144061e-01,9.614188071384892620e-01,1.434252265946116822e-01,1.423463984334312471e+01,1.452301465419836984e-02,2.107494348999400940e-02,1.948882256204436531e-02,1.299635159904048189e-02,1.229057159642605729e-01,1.480563036492403284e-01,1.423759038136266364e-01,1.162664518971419370e-01
1.772499999999999964e+00,2.911289500989602472e-02,4.453396906047830950e-02,7.030022774871126645e-02,3.368370136196690429e-02,4.901995070439082447e-01,3.007076812225066842e-01,6.694478932298031371e-02,5.892147883606221326e-01,9.617782925401204830e-01,1.441635090519392537e-01,1.424801806029602957e+01,1.450524971128405380e-02,2.105913254825269448e-02,1.948556014915308818e-02,1.297723478238496479e-02,1.228075647452474689e-01,1.479730936619728654e-01,1.423373782167976498e-01,1.161591955149798433e-01
1.775000000000000133e+00,2.918008410113518553e-02,4.447243087133388034e-02,7.025397850022249702e-02,3.317039449804331380e-02,4.914206961076866276e-01,3.017199561741656932e-01,6.690428859926231264e-02,5.900303466294987143e-01,9.621396267622662757e-01,1.449042857279305985e-01,1.426143898012302280e+01,1.448746232850751763e-02,2.104328027317220809e-02,1.948230026887575947e-02,1.295811970454692832e-02,1.227091955205492357e-01,1.478896117556694756e-01,1.422987435204152995e-01,1.160518165505486504e-01
1.777500000000000080e+00,2.924782719547119880e-02,4.441198585833278090e-02,7.020764134161239234e-02,3.265417913079051576e-02,4.926451692418380435e-01,3.027344840483522370e-01,6.686436931777017811e-02,5.908483365528447440e-01,9.625028160608295469e-01,1.456475728847240192e-01,1.427490279893297931e+01,1.446965252298147708e-02,2.102738665793963541e-02,1.947904289215660056e-02,1.293900636198856875e-02,1.226106081642703016e-01,1.478058577004349450e-01,1.422599994010535496e-01,1.159443149166968223e-01
1.780000000000000027e+00,2.931612221079618261e-02,4.435266046298245307e-02,7.016121607228396895e-02,3.213505845304243796e-02,4.938729265800516077e-01,3.037512789732164098e-01,6.682504605632907935e-02,5.916687509337805739e-01,9.628678667321930451e-01,1.463933866427491737e-01,1.428840971383217529e+01,1.445182031244216653e-02,2.101145169556290979e-02,1.947578798925866592e-02,1.291989475171869892e-02,1.225118025525859800e-01,1.477218312650448173e-01,1.422211455317083650e-01,1.158366905282595949e-01
1.782499999999999973e+00,2.938496699899867393e-02,4.429448088546933393e-02,7.011470250826820627e-02,3.161303536123659386e-02,4.951039685775423527e-01,3.047703541315327502e-01,6.678633376805355459e-02,5.924915807531458967e-01,9.632347851128564287e-01,1.471417429739803606e-01,1.430195992291414697e+01,1.443396571523796433e-02,2.099547537892270874e-02,1.947253552974631541e-02,1.290078487134917531e-02,1.224127785637387777e-01,1.476375322171741833e-01,1.421821815817777279e-01,1.157289433023563630e-01
1.785000000000000142e+00,2.945435934624525409e-02,4.423747305350501924e-02,7.006810048304604188e-02,3.108811245039787632e-02,4.963382960172082470e-01,3.057917216968296659e-01,6.674824778984229934e-02,5.933168151515216815e-01,9.636035775790571245e-01,1.478926576952509508e-01,1.431555362524914088e+01,1.441608875031786738e-02,2.097945770082747241e-02,1.946928548246731547e-02,1.288167671915138764e-02,1.223135360780346487e-01,1.475529603236387377e-01,1.421431072170418197e-01,1.156210731586898854e-01
1.787500000000000089e+00,2.952429697328277577e-02,4.418166259055072986e-02,7.002140984836181803e-02,3.056029200936815834e-02,4.975759100156583736e-01,3.068153927680412618e-01,6.671080385099631416e-02,5.941444414125370832e-01,9.639742505463729794e-01,1.486461464616375960e-01,1.432919102087306129e+01,1.439818943721982852e-02,2.096339865407155847e-02,1.946603781553453080e-02,1.286257029411278993e-02,1.222140749778396623e-01,1.474681153506485209e-01,1.421039220996429542e-01,1.155130800198475444e-01
1.790000000000000036e+00,2.959477753576126441e-02,4.412707478343468048e-02,6.997463047502662514e-02,3.002957601629556439e-02,4.988168120290990548e-01,3.078413773027048328e-01,6.667401808196085633e-02,5.949744449475040664e-01,9.643468104693113663e-01,1.494022247599238185e-01,1.434287231077600921e+01,1.438026779605895006e-02,2.094729823149665132e-02,1.946279249630719979e-02,1.284346559599340576e-02,1.221143951475766043e-01,1.473829970640741505e-01,1.420646258880651214e-01,1.154049638116039500e-01
1.792499999999999982e+00,2.966579862457742120e-02,4.407373454937797003e-02,6.992776225371126475e-02,2.949596613439622178e-02,5.000610038590714845e-01,3.088696840487336059e-01,6.663790702319138948e-02,5.958068092814259309e-01,9.647212638408788621e-01,1.501609079021525572e-01,1.435659769689034881e+01,1.436232384751555402e-02,2.093115642605641522e-02,1.945954949137182477e-02,1.282436262538227609e-02,1.220144964737221310e-01,1.472976052297260141e-01,1.420252182371134764e-01,1.152967244632251281e-01
1.794999999999999929e+00,2.973735776623866178e-02,4.402166640244504353e-02,6.988080509572601462e-02,2.895946370800356676e-02,5.013084876580339300e-01,3.099003204747892704e-01,6.660248763414411410e-02,5.966415160404359153e-01,9.650976171921377134e-01,1.509222110192766642e-01,1.437036738207833686e+01,1.434435761282312934e-02,2.091497323088449198e-02,1.945630876652262864e-02,1.280526138375378750e-02,1.219143788448037585e-01,1.472119396136464808e-01,1.419856987978933005e-01,1.151883619077736093e-01
1.797500000000000098e+00,2.980945242324730543e-02,4.397089441943820981e-02,6.983375893378615529e-02,2.842006975891873954e-02,5.025592659347757341e-01,3.109332926992930402e-01,6.656777730239092639e-02,5.974785449407138405e-01,9.654758770917440946e-01,1.516861490549188951e-01,1.438418157011931164e+01,1.432636911375616620e-02,2.089874863936586752e-02,1.945307028674159167e-02,1.278616187352383388e-02,1.218140421513973642e-01,1.471259999824154896e-01,1.419460672177887683e-01,1.150798760824144895e-01
1.800000000000000044e+00,2.988207999450502236e-02,4.392144220525402015e-02,6.978662372276203674e-02,2.787778498307739300e-02,5.038133415596572906e-01,3.119686054181110557e-01,6.653379385285915215e-02,5.983178737789197621e-01,9.658560501454729330e-01,1.524527367592506677e-01,1.439804046569643070e+01,1.430835837261788292e-02,2.088248264521166964e-02,1.944983401617807542e-02,1.276706409810576641e-02,1.217134862861247585e-01,1.470397861034691556e-01,1.419063231404412984e-01,1.149712669287220046e-01
1.802499999999999991e+00,2.995523781573706038e-02,4.387333285772507252e-02,6.973939944041150640e-02,2.733260974754548461e-02,5.050707177696659445e-01,3.130062618309581435e-01,6.650055555719683320e-02,5.991594784242134653e-01,9.662381429957267454e-01,1.532219886830013811e-01,1.441194427438298931e+01,1.429032541222786078e-02,2.086617524253743527e-02,1.944659991812799915e-02,1.274796806196606264e-02,1.216127111436515196e-01,1.469532977454323097e-01,1.418664662057271819e-01,1.148625343929864373e-01
1.804999999999999938e+00,3.002892315993638955e-02,4.382658893196809263e-02,6.969208608809351890e-02,2.678454408786093768e-02,5.063313981732767699e-01,3.140462635665649538e-01,6.646808114326245576e-02,6.000033328118896669e-01,9.666221623210290437e-01,1.539939191716083733e-01,1.442589320262830199e+01,1.427227025590959049e-02,2.084982642594487498e-02,1.944336795501258597e-02,1.272887377067968492e-02,1.215117166206850230e-01,1.468665346784642500e-01,1.418264960497352400e-01,1.147536784265211496e-01
1.807500000000000107e+00,3.010313323782687692e-02,4.378123240426379931e-02,6.964468369146128990e-02,2.623358770573295737e-02,5.075953867551113996e-01,3.150886106066643766e-01,6.643638980474084188e-02,6.008494089386857695e-01,9.670081148355047507e-01,1.547685423595198118e-01,1.443988745774314708e+01,1.425419292747793533e-02,2.083343619060720742e-02,1.944013808835666143e-02,1.270978123098505212e-02,1.214105026159727763e-01,1.467794966746187035e-01,1.417864123047432867e-01,1.146446989859691845e-01
1.810000000000000053e+00,3.017786519834603914e-02,4.373728463549462347e-02,6.959719230113321775e-02,2.567973996711510332e-02,5.088626878803826914e-01,3.161333012088496375e-01,6.640550121088437119e-02,6.016976768598131242e-01,9.673960072883449612e-01,1.555458721646616471e-01,1.445392724788482575e+01,1.423609345122653011e-02,2.081700453235805701e-02,1.943691027876650809e-02,1.269069045083857580e-02,1.213090690303008923e-01,1.466921835082170555e-01,1.417462145991945643e-01,1.145355960336095907e-01
1.812500000000000000e+00,3.025311612914613826e-02,4.369476633416834177e-02,6.954961199333989375e-02,2.512299990066713118e-02,5.101333062991162404e-01,3.171803318283700768e-01,6.637543551637871408e-02,6.025481046877524394e-01,9.677858464632598245e-01,1.563259222830807593e-01,1.446801278204175922e+01,1.421797185191511770e-02,2.080053144778399102e-02,1.943368448590727243e-02,1.267160143946871598e-02,1.212074157664928264e-01,1.466045949562361506e-01,1.417059025576731246e-01,1.144263695376626783e-01
1.814999999999999947e+00,3.032888305711420665e-02,4.365369751905677498e-02,6.950194287054592412e-02,2.456336619661727075e-02,5.114072471501388550e-01,3.182296970389298374e-01,6.634621337133606023e-02,6.034006585928680666e-01,9.681776391779164381e-01,1.571087061837774246e-01,1.448214427001774318e+01,1.419982815475683176e-02,2.078401693432066835e-02,1.943046066847989306e-02,1.265251420742947649e-02,1.211055427294083914e-01,1.465167307987096657e-01,1.416654758008786541e-01,1.143170194725943722e-01
1.817500000000000115e+00,3.040516294890984600e-02,4.361409748148297599e-02,6.945418506204448228e-02,2.400083720604247878e-02,5.126845159648245609e-01,3.192813894525639573e-01,6.631785593141181767e-02,6.042553028058809117e-01,9.685713922833659728e-01,1.578942371037380388e-01,1.449632192241575623e+01,1.418166238540545000e-02,2.076746099035269022e-02,1.942723878419757438e-02,1.263342876665330718e-02,1.210034498259429103e-01,1.464285908191436114e-01,1.416249339456004119e-01,1.142075458194189291e-01
1.820000000000000062e+00,3.048195271152073088e-02,4.357598474728823640e-02,6.940633872452281472e-02,2.343541094057804280e-02,5.139651186705832542e-01,3.203353996386693603e-01,6.629038486804819663e-02,6.051119996222487085e-01,9.689671126634561427e-01,1.586825280431829466e-01,1.451054595062140962e+01,1.416347456994260581e-02,2.075086361531710763e-02,1.942401878976179885e-02,1.261434513050333460e-02,1.209011369650267731e-01,1.463401748049462103e-01,1.415842766046905843e-01,1.140979485660001541e-01
1.822500000000000009e+00,3.055924919283559138e-02,4.353937703851725599e-02,6.935840404259820124e-02,2.286708507257217277e-02,5.152490615940907848e-01,3.213917160422737895e-01,6.626382237884247128e-02,6.059707094084987311e-01,9.693648072342350153e-01,1.594735917610413112e-01,1.452481656678601851e+01,1.414526473486499118e-02,2.073422480981063770e-02,1.942080064083784308e-02,1.259526331382486777e-02,1.207986040576250197e-01,1.462514825478715141e-01,1.415435033870364179e-01,1.139882277073502592e-01
1.824999999999999956e+00,3.063704918223362703e-02,4.350429123485725219e-02,6.931038122932063616e-02,2.229585693569853186e-02,5.165363514642379306e-01,3.224503249016409945e-01,6.623819119804023881e-02,6.068313906105582411e-01,9.697644829433423874e-01,1.602674407706666526e-01,1.453913398380931632e+01,1.412703290707154058e-02,2.071754457570058883e-02,1.941758429202982902e-02,1.257618333299613013e-02,1.206958510167372572e-01,1.461625138444773431e-01,1.415026138975314374e-01,1.138783832459265843e-01
1.827500000000000124e+00,3.071534941119075449e-02,4.347074333487180309e-02,6.926227052664275796e-02,2.172172352604138587e-02,5.178269954147989296e-01,3.235112101652949934e-01,6.621351460715386994e-02,6.076939997641214175e-01,9.701661467693896146e-01,1.610640873358083758e-01,1.455349841532179589e+01,1.410877911385063216e-02,2.070082291623950160e-02,1.941436969685528258e-02,1.255710520597813455e-02,1.205928777573979094e-01,1.460732684965974082e-01,1.414616077370459413e-01,1.137684151919255149e-01
1.830000000000000071e+00,3.079414655390104449e-02,4.343874841707195955e-02,6.921407220585373832e-02,2.114468150366449403e-02,5.191210009867999187e-01,3.245743534085812620e-01,6.618981644570491596e-02,6.085584915070975098e-01,9.705698057213311136e-01,1.618635434668504458e-01,1.456791007566673102e+01,1.409050338286728897e-02,2.068405983618348473e-02,1.941115680771919247e-02,1.253802895236366330e-02,1.204896841966765358e-01,1.459837463118272283e-01,1.414204845023959434e-01,1.136583235635733463e-01
1.832500000000000018e+00,3.087343722791366374e-02,4.340832060086811939e-02,6.916578656797656155e-02,2.056472719467972513e-02,5.204183761305837264e-01,3.256397337498641575e-01,6.616712112209099939e-02,6.094248185941789631e-01,9.709754668378280940e-01,1.626658209173349745e-01,1.458236917988187820e+01,1.407220574215042180e-02,2.066725534191426669e-02,1.940794557588758351e-02,1.251895459342527647e-02,1.203862702536784568e-01,1.458939471040243407e-01,1.413792437863112261e-01,1.135481083874136099e-01
1.834999999999999964e+00,3.095321799478462782e-02,4.337947300745001455e-02,6.911741394412615480e-02,1.998185659382516188e-02,5.217191292075552544e-01,3.267073277664795383e-01,6.614545362457553701e-02,6.102929319135724784e-01,9.713831371866004094e-01,1.634709311807827636e-01,1.459687594368085151e+01,1.405388622008009805e-02,2.065040944156492156e-02,1.940473595146057287e-02,1.249988215216229180e-02,1.202826358495456271e-01,1.458038706938220297e-01,1.413378851774019784e-01,1.134377696985909706e-01
1.837500000000000133e+00,3.103348536074227240e-02,4.335221772064305062e-02,6.906895469582766123e-02,1.939606536756777536e-02,5.230232689915959021e-01,3.277771094105663696e-01,6.612483953240086421e-02,6.111627805059216545e-01,9.717928238637736360e-01,1.642788854878268201e-01,1.461143058343422041e+01,1.403554484537486782e-02,2.063352214514927244e-02,1.940152788334493714e-02,1.248081165334666807e-02,1.201787809074577329e-01,1.457135169091572646e-01,1.412964082601243232e-01,1.133273075411307812e-01
1.840000000000000080e+00,3.111423577736645990e-02,4.332656574779315817e-02,6.902040921529252471e-02,1.880734885774084167e-02,5.243308046701457004e-01,3.288490499249059340e-01,6.610530502702284539e-02,6.120343115854681715e-01,9.722045339932187114e-01,1.650896948036740530e-01,1.462603331615032687e+01,1.401718164707915423e-02,2.061659346469493434e-02,1.939832131922613820e-02,1.246174312356774540e-02,1.200747053526334956e-01,1.456228855858119342e-01,1.412548126147441241e-01,1.132167219682141956e-01
1.842500000000000027e+00,3.119546564228004026e-02,4.330252698073311368e-02,6.897177792565110932e-02,1.821570208572785218e-02,5.256417458449276214e-01,3.299231177589008746e-01,6.608687690346659593e-02,6.129074705634762754e-01,9.726182747258856898e-01,1.659033698259104739e-01,1.464068435945583957e+01,1.399879665455071656e-02,2.059962341437994449e-02,1.939511620553985641e-02,1.244267659127575726e-02,1.199704091123321575e-01,1.455319765679677080e-01,1.412130978172995432e-01,1.131060130424486471e-01
1.844999999999999973e+00,3.127717129985291972e-02,4.328011015688641022e-02,6.892306128114032704e-02,1.762111975720665608e-02,5.269561025323146186e-01,3.309992784848435066e-01,6.606958258180235799e-02,6.137822010739595324e-01,9.730340532391321684e-01,1.667199209826647766e-01,1.465538393157608965e+01,1.398038989744820881e-02,2.058261201067298346e-02,1.939191248744298601e-02,1.242361208682406411e-02,1.198658921158552576e-01,1.454407897087739987e-01,1.411712634395618227e-01,1.129951808361328858e-01
1.847500000000000142e+00,3.135934904191690908e-02,4.325932282056726280e-02,6.887425976724476095e-02,1.702359626745966054e-02,5.282738851633265176e-01,3.320774947146168943e-01,6.605345011874014238e-02,6.146584450017331669e-01,9.734518767360473834e-01,1.675393584311470063e-01,1.467013225131515064e+01,1.396196140571883369e-02,2.056555927247707624e-02,1.938871010878410323e-02,1.240454964251004773e-02,1.197611542945486163e-01,1.453493248709293029e-01,1.411293090489947333e-01,1.128842254315168409e-01
1.850000000000000089e+00,3.144199510849159801e-02,4.324017128453774839e-02,6.882537390078959094e-02,1.642312570726617987e-02,5.295951045832425486e-01,3.331577260169866772e-01,6.603850821934123538e-02,6.155361425128269559e-01,9.738717524447739748e-01,1.683616920565785269e-01,1.468492953803576206e+01,1.394351120958611800e-02,2.054846522127678002e-02,1.938550901207339305e-02,1.238548929261459527e-02,1.196561955818044726e-01,1.452575819272748925e-01,1.410872342087118314e-01,1.127731469210551535e-01
1.852500000000000036e+00,3.152510568851953771e-02,4.322266059188477338e-02,6.877640422998404501e-02,1.581970186938189138e-02,5.309197720508223028e-01,3.342399288356481257e-01,6.602478624884590419e-02,6.164152320872838819e-01,9.742936876178267536e-01,1.691869314715285511e-01,1.469977601163908076e+01,1.392503933953782337e-02,2.053132988128874778e-02,1.938230913845205919e-02,1.236643107344011228e-02,1.195510159130638572e-01,1.451655607614013299e-01,1.410450384774322719e-01,1.126619454076548260e-01
1.854999999999999982e+00,3.160867692061071488e-02,4.320679447828243425e-02,6.872735133441386368e-02,1.521331825561814816e-02,5.322478992371266759e-01,3.353240564081955144e-01,6.601231424461441455e-02,6.172956505543587546e-01,9.747176895314112466e-01,1.700150860156743327e-01,1.471467189254422614e+01,1.390654582631398531e-02,2.051415327961560175e-02,1.937911042766116490e-02,1.234737502334700039e-02,1.194456152258191184e-01,1.450732612682669176e-01,1.410027214094343728e-01,1.125506210049158767e-01
1.857499999999999929e+00,3.169270489379501232e-02,4.319257533470841764e-02,6.867821582498161159e-02,1.460396808452717014e-02,5.335794982239207007e-01,3.364100586861904496e-01,6.600112292818036130e-02,6.181773331301537722e-01,9.751437654847403547e-01,1.708461647560015617e-01,1.472961740166778455e+01,1.388803070089513272e-02,2.049693544640305079e-02,1.937591281800993270e-02,1.232832118278854444e-02,1.193399934596167528e-01,1.449806833548281937e-01,1.409602825545074045e-01,1.124391738373652500e-01
1.860000000000000098e+00,3.177718564828203168e-02,4.318000417068365571e-02,6.862899834379314334e-02,1.399164429970348872e-02,5.349145815016601579e-01,3.374978822565117831e-01,6.599124371741249551e-02,6.190602134576955740e-01,9.755719227993555620e-01,1.716801764874612835e-01,1.474461276040314672e+01,1.386949399449065833e-02,2.047967641500014757e-02,1.937271624634349931e-02,1.230926959434413583e-02,1.192341505560601672e-01,1.448878269406814467e-01,1.409177214579011017e-01,1.123276040406830240e-01
1.862500000000000044e+00,3.186211517622714040e-02,4.316908057810816407e-02,6.857969956398912714e-02,1.337633957870806509e-02,5.362531619670412031e-01,3.385874702641764045e-01,6.598270873878399334e-02,6.199442236494770997e-01,9.760021688184454813e-01,1.725171297341009102e-01,1.475965819059981854e+01,1.385093573852739547e-02,2.046237622212257468e-02,1.936952064801010856e-02,1.229022030275078205e-02,1.191280864588129540e-01,1.447946919587158321e-01,1.408750376602730392e-01,1.122159117619211527e-01
1.864999999999999991e+00,3.194748942250295182e-02,4.315980269576754486e-02,6.853032018952048832e-02,1.275804634262238564e-02,5.375952529201117880e-01,3.396787623368197062e-01,6.597555083974442069e-02,6.208292943324799085e-01,9.764345109061729477e-01,1.733570327506861464e-01,1.477475391454266607e+01,1.383235596463838236e-02,2.044503490801887619e-02,1.936632595682773531e-02,1.227117335493282078e-02,1.190218011136019577e-01,1.447012783557762861e-01,1.408322306976335647e-01,1.121040971597137142e-01
1.867499999999999938e+00,3.203330428547579434e-02,4.315216717458721790e-02,6.848086095486652369e-02,1.213675676623849481e-02,5.389408680609305557e-01,3.407716945110453310e-01,6.596980360119283904e-02,6.217153546956769583e-01,9.768689564470018905e-01,1.741998935248294245e-01,1.478990015493116417e+01,1.381375470465185523e-02,2.042765251663947873e-02,1.936313210505014731e-02,1.225212880002980384e-02,1.189152944682208279e-01,1.446075860933370982e-01,1.407893001012885670e-01,1.119921604044789021e-01
1.870000000000000107e+00,3.211955561778511575e-02,4.314616914371224160e-02,6.843132262469449334e-02,1.151246278889200142e-02,5.402900214857686567e-01,3.418661991608404893e-01,6.596550135004627946e-02,6.226023325400374953e-01,9.773055128450358620e-01,1.750457197796450592e-01,1.480509713485866286e+01,1.379513199058046702e-02,2.041022909580841177e-02,1.935993902333240854e-02,1.223308668942247115e-02,1.188085664725333362e-01,1.445136151481845599e-01,1.407462453977793293e-01,1.118801016786117319e-01
1.872500000000000053e+00,3.220623922712596843e-02,4.314180217749444268e-02,6.838170599345977374e-02,1.088515612594212999e-02,5.416427276828401638e-01,3.429622049282702867e-01,6.596267917190147545e-02,6.234901543310277239e-01,9.777441875233570112e-01,1.758945189769452466e-01,1.482034507779170340e+01,1.377648785461075241e-02,2.039276469739754322e-02,1.935674664069578915e-02,1.221404707675676285e-02,1.187016170784772340e-01,1.444193655131086884e-01,1.407030661088201628e-01,1.117679211766678810e-01
1.875000000000000000e+00,3.229335087703291002e-02,4.313905826346824124e-02,6.833201188494533729e-02,1.025482828090336015e-02,5.429990015275614201e-01,3.440596366566672781e-01,6.596137292378285999e-02,6.243787452536143645e-01,9.781849879233807110e-01,1.767462983209960037e-01,1.483564420754942148e+01,1.375782232909286175e-02,2.037525937750321592e-02,1.935355488449211001e-02,1.219501001796581031e-02,1.185944462400677912e-01,1.443248371976031397e-01,1.406597617512329312e-01,1.116556191055373959e-01
1.877499999999999947e+00,3.238088628766458421e-02,4.313792777139972140e-02,6.828224115174007236e-02,9.621470558233320702e-03,5.443588582773234430e-01,3.451584153265331301e-01,6.596161924697364898e-02,6.252680292697672115e-01,9.786279215042148483e-01,1.776010647628503969e-01,1.485099474828308530e+01,1.373913544653056727e-02,2.035771319662511500e-02,1.935036368036750429e-02,1.217597557128984390e-02,1.184870539134017381e-01,1.442300302285730307e-01,1.406163318368790494e-01,1.115431956846085898e-01
1.880000000000000115e+00,3.246884113658785737e-02,4.313839942349455975e-02,6.823239467465481989e-02,8.985074076780289604e-03,5.457223135657759405e-01,3.462584579943750462e-01,6.596345557992269737e-02,6.261579291784614698e-01,9.790729957420332141e-01,1.784588250052748237e-01,1.486639692445577765e+01,1.372042723957156603e-02,2.034012621984716829e-02,1.934717295222560321e-02,1.215694379729396861e-02,1.183794400566612337e-01,1.441349446510492571e-01,1.405727758725883181e-01,1.114306511459214888e-01
1.882500000000000062e+00,3.255721105956051187e-02,4.314046026585049293e-02,6.818247336207530762e-02,8.345629783891729547e-03,5.470893833966118391e-01,3.473596777347027764e-01,6.596692017122163243e-02,6.270483666781617726e-01,9.795202181294623278e-01,1.793195855082880819e-01,1.488185096082229109e+01,1.370169774099808807e-02,2.032249851702033761e-02,1.934398262219011802e-02,1.213791475888374889e-02,1.182716046301176410e-01,1.440395805289092779e-01,1.405290933600846781e-01,1.113179857343102735e-01
1.885000000000000009e+00,3.264599165131144148e-02,4.314409564124398189e-02,6.813247814925120494e-02,7.703128470187984959e-03,5.484600841368529878e-01,3.484619835854151360e-01,6.597205209264411785e-02,6.279392624317878813e-01,9.799695961749819162e-01,1.801833524953281584e-01,1.489735708240924339e+01,1.368294698371783427e-02,2.030483016294708579e-02,1.934079261056685303e-02,1.211888852131854169e-02,1.181635475961356485e-01,1.439439379456033674e-01,1.404852837959089384e-01,1.112051997075347576e-01
1.887499999999999956e+00,3.273517846631725237e-02,4.314928916333782283e-02,6.808240999752163125e-02,7.057560785000745011e-03,5.498344325096218288e-01,3.495652804968029659e-01,6.597889125224065676e-02,6.288305361341411936e-01,9.804211374023410475e-01,1.810501319600658354e-01,1.491291551449548791e+01,1.366417500075524892e-02,2.028712123756731128e-02,1.933760283580511496e-02,1.209986515222253797e-02,1.180552689191773086e-01,1.438480170048853646e-01,1.404413466713381187e-01,1.110922933364001386e-01
1.890000000000000124e+00,3.282476701957431908e-02,4.315602269240024352e-02,6.803226989347518905e-02,6.408917252478913730e-03,5.512124455864010342e-01,3.506694692844021799e-01,6.598747840747951066e-02,6.297221065817768526e-01,9.808748493499933607e-01,1.819199296738814031e-01,1.492852648259283654e+01,1.364538182524314969e-02,2.026937182614556646e-02,1.933441321445854288e-02,1.208084472159344502e-02,1.179467685658059928e-01,1.437518178315470851e-01,1.403972814723013773e-01,1.109792669048649955e-01
1.892500000000000071e+00,3.291475278736489402e-02,4.316427631262490655e-02,6.798205884804486843e-02,5.757188288361351179e-03,5.525941407787759996e-01,3.517744465859274916e-01,6.599785517842328419e-02,6.306138917452995818e-01,9.813307395705521685e-01,1.827927511940216632e-01,1.494419021242713441e+01,1.362656749041472708e-02,2.025158201945928549e-02,1.933122366114533100e-02,1.206182730180878002e-02,1.178380465046903330e-01,1.436553405721558152e-01,1.403530876792923876e-01,1.108661207101367813e-01
1.895000000000000018e+00,3.300513120801676359e-02,4.317402831114133810e-02,6.793177789553785095e-02,5.102364217416294027e-03,5.539795358296519812e-01,3.528801048225151393e-01,6.601006406093251622e-02,6.315058088440596018e-01,9.817888156302650993e-01,1.836686018724545677e-01,1.495990692991976800e+01,1.360773202959593246e-02,2.023375191398784842e-02,1.932803408850787205e-02,1.204281296762970375e-02,1.177291027066082324e-01,1.435585853957934144e-01,1.403087647672782157e-01,1.107528550627549097e-01
1.897499999999999964e+00,3.309589768265473048e-02,4.318525515880549531e-02,6.788142809259933852e-02,4.444435291547689688e-03,5.553686488039489833e-01,3.539863321645070338e-01,6.602414843988378690e-02,6.323977744232199827e-01,9.822490851085128316e-01,1.845474868654382594e-01,1.497567686116959607e+01,1.358887547619826337e-02,2.021588161210217602e-02,1.932484440717180049e-02,1.202380179620236508e-02,1.176199371444507369e-01,1.434615524947966680e-01,1.402643122056041469e-01,1.106394702866607405e-01
1.900000000000000133e+00,3.318704757594324872e-02,4.319793149286007411e-02,6.783101051711028229e-02,3.783391708567220620e-03,5.567614980787642942e-01,3.550930125020016481e-01,6.604015260238857432e-02,6.332897044331692316e-01,9.827115555973324756e-01,1.854294111438216097e-01,1.499150023243540453e+01,1.356999786371197031e-02,2.019797122225466118e-02,1.932165452570444239e-02,1.200479386705670740e-02,1.175105497932256993e-01,1.433642420854973343e-01,1.402197294578951814e-01,1.105259667192543538e-01
1.902500000000000080e+00,3.327857621681901135e-02,4.321203010155174468e-02,6.778052626701977501e-02,3.119223631629600580e-03,5.581581023330098867e-01,3.562000254203959160e-01,6.605812175100152228e-02,6.341815143112365938e-01,9.831762347009685987e-01,1.863143795040925477e-01,1.500737727011888722e+01,1.355109922569969032e-02,2.018002085916911076e-02,1.931846435057268246e-02,1.198578926210268694e-02,1.174009406300614844e-01,1.432666544089610250e-01,1.401750159819528108e-01,1.104123447114374879e-01
1.905000000000000027e+00,3.337047889921243571e-02,4.322752191079342471e-02,6.772997645911101039e-02,2.451921209331426894e-03,5.595584805365144687e-01,3.573072461811381273e-01,6.607810201690017538e-02,6.350731190656832004e-01,9.836431300354512297e-01,1.872023965801907219e-01,1.502330820074823947e+01,1.353217959579052811e-02,2.016203064403048265e-02,1.931527378610023091e-02,1.196678806562386649e-02,1.172911096342103832e-01,1.431687897317239222e-01,1.401301712296484092e-01,1.102986046276426546e-01
1.907499999999999973e+00,3.346275088275696419e-02,4.324437597295645308e-02,6.767936222770222499e-02,1.781474596468988906e-03,5.609626519385974008e-01,3.584145457079059849e-01,6.610014047302205376e-02,6.359644333619207668e-01,9.841122492282041723e-01,1.880934668561015932e-01,1.503929325096239111e+01,1.351323900767459861e-02,2.014400070467409209e-02,1.931208273442431428e-02,1.194779036426835139e-02,1.171810567870519570e-01,1.430706483465264134e-01,1.400851946468120446e-01,1.101847468458479889e-01
1.910000000000000142e+00,3.355538739348504218e-02,4.326255945787637475e-02,6.762868472328176228e-02,1.107873975455085300e-03,5.623706360561095963e-01,3.595217905784183210e-01,6.612428514713888927e-02,6.368553716109187635e-01,9.845835999176884012e-01,1.889875946792469175e-01,1.505533264749594125e+01,1.349427749509804313e-02,2.012593117577401655e-02,1.930889109545178006e-02,1.192879624703702471e-02,1.170707820720959802e-01,1.429722305730415366e-01,1.400400856731168764e-01,1.100707717575772904e-01
1.912500000000000089e+00,3.364838362450991299e-02,4.328203764615429217e-02,6.757794511107882707e-02,4.311095783904299469e-04,5.637824526609460651e-01,3.606288430220834229e-01,6.615058503484999575e-02,6.377458480597543167e-01,9.850571897530777665e-01,1.898847842746886894e-01,1.507142661716481413e+01,1.347529509185853812e-02,2.010782219903039722e-02,1.930569876681461489e-02,1.190980580526904489e-02,1.169602854749852844e-01,1.428735367585984295e-01,1.399948437419594460e-01,1.099566797678853264e-01
1.915000000000000036e+00,3.374173473669216800e-02,4.330277392483074944e-02,6.752714456956925015e-02,-2.488282902120496874e-04,5.651981217670317692e-01,3.617355609236713176e-01,6.617909011247226359e-02,6.386357768842547689e-01,9.855330263939702240e-01,1.907850397601622561e-01,1.508757538685276778e+01,1.345629183180130535e-02,2.008967392335533203e-02,1.930250564382491110e-02,1.189081913262457317e-02,1.168495669834983403e-01,1.427745672788984233e-01,1.399494682803352208e-01,1.098424712953278704e-01
1.917499999999999982e+00,3.383543585928969893e-02,4.332472978550917092e-02,6.747628428891808139e-02,-9.319492300530194447e-04,5.666176636167808978e-01,3.628417978332009741e-01,6.620985134980417186e-02,6.395250722836790525e-01,9.860111175101415881e-01,1.916883651619530615e-01,1.510377918349869830e+01,1.343726774881563897e-02,2.007148650505704082e-02,1.929931161942924356e-02,1.187183632506471492e-02,1.167386265875512141e-01,1.426753225387229485e-01,1.399039587087094749e-01,1.097281467719161963e-01
1.919999999999999929e+00,3.392948209059076098e-02,4.334786482500020688e-02,6.742536546935877506e-02,-1.618262721025685207e-03,5.680410986670384466e-01,3.639474029822069578e-01,6.624292072273782472e-02,6.404136485773920251e-01,9.864914707813356998e-01,1.925947644316340912e-01,1.512003823408491598e+01,1.341822287683195995e-02,2.005326010802197315e-02,1.929611658416251208e-02,1.185285748082862481e-02,1.166274642791995664e-01,1.425758029726322262e-01,1.398583144408836187e-01,1.096137066430558499e-01
1.922500000000000098e+00,3.402386849852841177e-02,4.337213674855378009e-02,6.737438931951050813e-02,-2.307778098550312788e-03,5.694684475745033225e-01,3.650522213065522936e-01,6.627835122569220028e-02,6.413014203034663741e-01,9.869740938971002242e-01,1.935042414636780894e-01,1.513635276562630949e+01,1.339915724981941871e-02,2.003499490389456031e-02,1.929292042610121147e-02,1.183388270040776347e-02,1.165160800526399004e-01,1.424760090456531070e-01,1.398125348838563375e-01,1.094991513674693356e-01
1.925000000000000044e+00,3.411859012127610447e-02,4.339750137574420463e-02,6.732335705463436681e-02,-3.000504528267794718e-03,5.708997311806459640e-01,3.661560934759315877e-01,6.631619688383748323e-02,6.421883023191583550e-01,9.874589945566671911e-01,1.944168001139595647e-01,1.515272300516059900e+01,1.338007090178405106e-02,2.001669107225425431e-02,1.928972303081618461e-02,1.181491208651728672e-02,1.164044739042104509e-01,1.423759412539544467e-01,1.397666194376802340e-01,1.093844814171025248e-01
1.927499999999999991e+00,3.421364196782299139e-02,4.342391264906511616e-02,6.727226989482948394e-02,-3.696450980092459877e-03,5.723349704961167017e-01,3.672588559301988576e-01,6.635651276507842367e-02,6.430742099031993009e-01,9.879461804688798310e-01,1.953324442191621269e-01,1.516914917973962496e+01,1.336096386676749806e-02,1.999834880078952062e-02,1.928652428132484470e-02,1.179594574406453260e-02,1.162926458323916556e-01,1.422756001255097436e-01,1.397205674953130305e-01,1.092696972770145630e-01
1.929999999999999938e+00,3.430901901852842495e-02,4.345132264528853150e-02,6.722112906317068148e-02,-4.395626201629788954e-03,5.737741866846648442e-01,3.683603409226413050e-01,6.639935499176168043e-02,6.439590588598348431e-01,9.884356593521703704e-01,1.962511776171046440e-01,1.518563151642177189e+01,1.334183617884631030e-02,1.997996828546846557e-02,1.928332405804287011e-02,1.177698378011460094e-02,1.161805958378060166e-01,1.421749862207442872e-01,1.396743784424638035e-01,1.091547994452508608e-01
1.932500000000000107e+00,3.440471622565471899e-02,4.347968158963470137e-02,6.716993578378835372e-02,-5.098038690956541164e-03,5.752174010465661569e-01,3.694603765702940135e-01,6.644478075207010948e-02,6.448427656245532269e-01,9.889274389345888983e-01,1.971730041680008760e-01,1.520217024226558600e+01,1.332268787213184216e-02,1.996154973070572020e-02,1.928012223873542402e-02,1.175802630385300307e-02,1.160683239232172259e-01,1.420741001331666253e-01,1.396280516574341657e-01,1.090397884326992084e-01
1.935000000000000053e+00,3.450072851387742806e-02,4.350893787279544456e-02,6.711869127989285311e-02,-5.803696668768923601e-03,5.766646350015759426e-01,3.705587869113904920e-01,6.649284831106221094e-02,6.457252473714352181e-01,9.894215269538871871e-01,1.980979277766671542e-01,1.521876558432462545e+01,1.330351898077073922e-02,1.994309334952528226e-02,1.927691869846788822e-02,1.173907342654536591e-02,1.159558300935288749e-01,1.419729424899822956e-01,1.395815865109538145e-01,1.089246647629285719e-01
1.937500000000000000e+00,3.459705078077238843e-02,4.353903807084402028e-02,6.706739677174458625e-02,-6.512608049895646234e-03,5.781159100714119425e-01,3.716553919700055775e-01,6.654361702131464384e-02,6.466064221220639840e-01,9.899179311576589146e-01,1.990259524156914039e-01,1.523541776964362704e+01,1.328432953894604675e-02,1.992459936371892767e-02,1.927371330955612513e-02,1.172012526149419399e-02,1.158431143557822479e-01,1.418715139526885161e-01,1.395349823660111122e-01,1.088094289720105273e-01
1.939999999999999947e+00,3.469367789727898638e-02,4.356992696806057802e-02,6.701605347457138817e-02,-7.224780414178103363e-03,5.795712478617860430e-01,3.727500078279453177e-01,6.659714733311895840e-02,6.474862088559187878e-01,9.904166593035386157e-01,1.999570821495774420e-01,1.525212702525600150e+01,1.326511958087893232e-02,1.990606800399987233e-02,1.927050594151631657e-02,1.170118192399266337e-02,1.157301767191534630e-01,1.417698152176488924e-01,1.394882385776779754e-01,1.086940816083230010e-01
1.942500000000000115e+00,3.479060470813872402e-02,4.360154758269366160e-02,6.696466259643556185e-02,-7.940220976716358403e-03,5.810306700439893390e-01,3.738424467039071497e-01,6.665350080418286360e-02,6.483645276221962073e-01,9.909177191594636946e-01,2.008913211598775672e-01,1.526889357818276061e+01,1.324588914083103981e-02,1.988749951015134423e-02,1.926729646101438959e-02,1.168224353127545086e-02,1.156170171949496839e-01,1.416678470166460035e-01,1.394413544929293258e-01,1.085786232323362743e-01
1.945000000000000062e+00,3.488782603230911050e-02,4.363384119566935532e-02,6.691322533605202627e-02,-8.658936557479757559e-03,5.824941983360516495e-01,3.749325170399162577e-01,6.671274010878108784e-02,6.492412996529826064e-01,9.914211185039981666e-01,2.018286737713273771e-01,1.528571765543290084e+01,1.322663825310747832e-02,1.986889413116969816e-02,1.926408473181503295e-02,1.166331020246659869e-02,1.155036357966045951e-01,1.415656101174113113e-01,1.393943294504571551e-01,1.084630544163809607e-01
1.947500000000000009e+00,3.498533666335183756e-02,4.366674738225383851e-02,6.686174288056048742e-02,-9.380933550278263214e-03,5.839618544834800362e-01,3.760200235950244552e-01,6.677492904629774018e-02,6.501164474777172408e-01,9.919268651267252324e-01,2.027691444789959108e-01,1.530259948400532188e+01,1.320736695206045988e-02,1.985025212540177456e-02,1.926087061473038750e-02,1.164438205852440407e-02,1.153900325396727128e-01,1.414631053241302838e-01,1.393471627804789559e-01,1.083473757443979280e-01
1.949999999999999956e+00,3.508313136979483715e-02,4.370020404666577485e-02,6.681021640325246480e-02,-1.010621789109257367e-02,5.854336602396054134e-01,3.771047675462328996e-01,6.684013254909584867e-02,6.509898950388702810e-01,9.924349668287085757e-01,2.037127379764624990e-01,1.531953929089229227e+01,1.318807527209358774e-02,1.983157376067612790e-02,1.925765396756838263e-02,1.162545922218335102e-02,1.152762074418227922e-01,1.413603334779217069e-01,1.392998538045403800e-01,1.082315878116697494e-01
1.952500000000000124e+00,3.518120489546877616e-02,4.373414745962476979e-02,6.675864706125748949e-02,-1.083479502575711989e-02,5.869096373455395810e-01,3.781865465965753015e-01,6.690841668964908617e-02,6.518615678087770204e-01,9.929454314230234946e-01,2.046594591850360023e-01,1.533653730308457241e+01,1.316876324766679852e-02,1.981285931442782963e-02,1.925443464508079169e-02,1.160654181789306377e-02,1.151621605228302231e-01,1.412572954572902384e-01,1.392524018353125392e-01,1.081156912245340440e-01
1.955000000000000071e+00,3.527955195981619801e-02,4.376851229881666833e-02,6.670703599318920929e-02,-1.156666987699055300e-02,5.883898075097717673e-01,3.792651550902811364e-01,6.697984868686107651e-02,6.527313929075563292e-01,9.934582667353646368e-01,2.056093132840256799e-01,1.535359374757821094e+01,1.314943091330197412e-02,1.979410907381651263e-02,1.925121249891104808e-02,1.158762997175431450e-02,1.150478918045680643e-01,1.411539921785500418e-01,1.392048061763837274e-01,1.079996866000779987e-01
1.957500000000000018e+00,3.537816725817478219e-02,4.380323169224349666e-02,6.665538431675506470e-02,-1.230184681076580341e-02,5.898741923874135651e-01,3.803403841349069503e-01,6.705449691149677205e-02,6.535992992220508446e-01,9.939734806047304527e-01,2.065623057420788999e-01,1.537070885138305876e+01,1.313007830358922136e-02,1.977532333583734842e-02,1.924798737754182532e-02,1.156872381145208385e-02,1.149334013109969410e-01,1.410504245962186931e-01,1.391570661220450922e-01,1.078835745658143497e-01
1.959999999999999964e+00,3.547704546203326453e-02,4.383823726441980762e-02,6.660369312633193650e-02,-1.304032960201051763e-02,5.913628135591185719e-01,3.814120217303067495e-01,6.713243089064263591e-02,6.544652175257245075e-01,9.944910808841864736e-01,2.075184423495962105e-01,1.538788284153308084e+01,1.311070545319381782e-02,1.975650240742463093e-02,1.924475912624247498e-02,1.154982346618567239e-02,1.148186890681535816e-01,1.409465937033803073e-01,1.391091809570711713e-01,1.077673557593386150e-01
1.962500000000000133e+00,3.557618121926112847e-02,4.387345918536512263e-02,6.655196349051066551e-02,-1.378212139962916270e-02,5.928556925096943875e-01,3.824798529042826023e-01,6.721372131110778247e-02,6.553290805994556045e-01,9.950110754417103021e-01,2.084777292522371206e-01,1.540511594509850823e+01,1.309131239686384118e-02,1.973764660554772760e-02,1.924152758701634311e-02,1.153092906659590293e-02,1.147037551041381054e-01,1.408425005320161905e-01,1.390611499564946840e-01,1.076510308279674533e-01
1.965000000000000080e+00,3.567556915431135955e-02,4.390882622233582139e-02,6.650019644961251142e-02,-1.452722469083223174e-02,5.943528506064267303e-01,3.835436598547387610e-01,6.729844002167149897e-02,6.561908233531650314e-01,9.955334721611247550e-01,2.094401729855280281e-01,1.542240838919984292e+01,1.307189916943846814e-02,1.971875625729904713e-02,1.923829259854802770e-02,1.151204074468939811e-02,1.145885994490994930e-01,1.407381461533021016e-01,1.390129723853757993e-01,1.075346004283580653e-01
1.967500000000000027e+00,3.577520386839706107e-02,4.394426579422584800e-02,6.644839301318042346e-02,-1.527564126476019767e-02,5.958543090771396544e-01,3.846032220981315808e-01,6.738666003407839389e-02,6.570503829482201574e-01,9.960582789431150497e-01,2.104057805105842005e-01,1.543976040102380765e+01,1.305246580585695676e-02,1.969983169997382294e-02,1.923505399615063269e-02,1.149315863375998184e-02,1.144732221352198487e-01,1.406335316778708489e-01,1.389646474985658242e-01,1.074180652261086527e-01
1.969999999999999973e+00,3.587507993964174358e-02,4.397970402856149486e-02,6.639655415744877276e-02,-1.602737217538624526e-02,5.973600889880140707e-01,3.856583166239916927e-01,6.747845552267253688e-02,6.579076989205643322e-01,9.965855037063396926e-01,2.113745592509586879e-01,1.545717220784124102e+01,1.303301234116831069e-02,1.968087328114139639e-02,1.923181161171309134e-02,1.147428286830719062e-02,1.143576231966967061e-01,1.405286582560392739e-01,1.389161745404658144e-01,1.073014258953396555e-01
1.972500000000000142e+00,3.597519192320466214e-02,4.401506582100092602e-02,6.634468082279443291e-02,-1.678241770367975769e-02,5.988702112211905515e-01,3.867087180552635783e-01,6.757390182255899880e-02,6.587627133045105277e-01,9.971151543886339619e-01,2.123465171306281873e-01,1.547464403702703883e+01,1.301353881054161631e-02,1.966188135870780215e-02,1.922856527364762147e-02,1.145541358395194519e-02,1.142418026697237660e-01,1.404235270779983225e-01,1.388675527447794933e-01,1.071846831182560883e-01
1.975000000000000089e+00,3.607553435138023679e-02,4.405027489724354373e-02,6.629277391117306684e-02,-1.754077731901107148e-02,6.003846964521742935e-01,3.877541988141960383e-01,6.767307542617131966e-02,6.596153707571561498e-01,9.976472389483086456e-01,2.133216626131286819e-01,1.549217611608209566e+01,1.299404524927706348e-02,1.964285630096941973e-02,1.922531480683738886e-02,1.143655091734938588e-02,1.141257605924696356e-01,1.403181393739656169e-01,1.388187813342614818e-01,1.070678375846904895e-01
1.977500000000000036e+00,3.617610173367422077e-02,4.408525387724381711e-02,6.624083428354385350e-02,-1.830244963977506120e-02,6.019035651270797649e-01,3.887945292934816832e-01,6.777605397811699295e-02,6.604656186833707254e-01,9.981817653655504774e-01,2.143000047418526788e-01,1.550976867265736736e+01,1.297453169281764102e-02,1.962379848665746565e-02,1.922206003258445164e-02,1.141769500609890117e-02,1.140094970050547080e-01,1.402124964142990038e-01,1.387698595204599206e-01,1.069508899916267186e-01
1.979999999999999982e+00,3.627688855685555491e-02,4.411992434161342291e-02,6.618886275728645685e-02,-1.906743239321072314e-02,6.034268374397250279e-01,3.898294780323366959e-01,6.788291626816578272e-02,6.613134073613085029e-01,9.987187416439216037e-01,2.152815531815177041e-01,1.552742193458004039e+01,1.295499817676149662e-02,1.960470830497316325e-02,1.921880076855810374e-02,1.139884598865137724e-02,1.138930119495259741e-01,1.401065995095708838e-01,1.387207865034549015e-01,1.068338410427046858e-01
1.982500000000000151e+00,3.637788928498645463e-02,4.415420690009164151e-02,6.613686010361424783e-02,-1.983572237438881170e-02,6.049545333086205900e-01,3.908588118971815240e-01,6.799374222223698860e-02,6.621586900684143240e-01,9.992581758119672974e-01,2.162663182608189627e-01,1.554513612988183979e+01,1.293544473687498197e-02,1.958558615561340269e-02,1.921553682874365537e-02,1.138000400421368408e-02,1.137763054698295445e-01,1.400004500106019067e-01,1.386715614715915146e-01,1.067166914477055140e-01
1.985000000000000098e+00,3.647909835943071583e-02,4.418802126194981694e-02,6.608482704498716553e-02,-2.060731540434056902e-02,6.064866723538646642e-01,3.918822962665692300e-01,6.810861289123371076e-02,6.630014232078760283e-01,9.998000759249305869e-01,2.172543110162756252e-01,1.556291148682953462e+01,1.291587140910634493e-02,1.956643244878672472e-02,1.921226802339181736e-02,1.136116919265044850e-02,1.136593776117810345e-01,1.398940493084535053e-01,1.386221836012089814e-01,1.065994419220175626e-01
1.987500000000000044e+00,3.658051019884241833e-02,4.422128630819215783e-02,6.603276425252894988e-02,-2.138220628729524050e-02,6.080232738739845821e-01,3.928996952199939052e-01,6.822761043756385424e-02,6.638415664354991863e-01,1.000344450066576796e+00,2.182455432372822357e-01,1.558074823395763531e+01,1.289627822960008781e-02,1.954724760521954485e-02,1.920899415896873755e-02,1.134234169438311582e-02,1.135422284230335199e-01,1.397873988343789620e-01,1.385726520563652364e-01,1.064820931860833014e-01
1.989999999999999991e+00,3.668211919913581115e-02,4.425392016540598966e-02,6.598067234345177112e-02,-2.216038876699341631e-02,6.095643568227459008e-01,3.939107717301864042e-01,6.835081811917784189e-02,6.646790827869698548e-01,1.000891306351134435e+00,2.192400275123749798e-01,1.559864660010332749e+01,1.287666523471197623e-02,1.952803205615244453e-02,1.920571503810684921e-02,1.132352165028634346e-02,1.134248579530429263e-01,1.396805000597317881e-01,1.385229659885575670e-01,1.063646459648266013e-01
1.992499999999999938e+00,3.678391973343847487e-02,4.428584028110733872e-02,6.592855187849372411e-02,-2.294185548204080369e-02,6.111099397859650617e-01,3.949152878584998305e-01,6.847832027094527541e-02,6.655139388054823746e-01,1.001440652925350339e+00,2.202377772767225572e-01,1.561660681444364585e+01,1.285703246102468979e-02,1.950878624332648067e-02,1.920243045955662836e-02,1.130470920158176476e-02,1.133072662530308916e-01,1.395733544958313033e-01,1.384731245364398122e-01,1.062471009870610827e-01
1.995000000000000107e+00,3.688590615202937822e-02,4.431696350042128169e-02,6.587640335937249014e-02,-2.372659792026326001e-02,6.126600409583515816e-01,3.959130049529700490e-01,6.861020228318152892e-02,6.663461046697091161e-01,1.001992497970670026e+00,2.212388068608513725e-01,1.563462910653491278e+01,1.283737994536410069e-02,1.948951061895943387e-02,1.919914021813941621e-02,1.128590448972913163e-02,1.131894533759446736e-01,1.394659636937847225e-01,1.384231268255355918e-01,1.061294589848787023e-01
1.997500000000000053e+00,3.698807278226377143e-02,4.434720614393160287e-02,6.582422722625975997e-02,-2.451460637202342377e-02,6.142146781204077532e-01,3.969036838486211805e-01,6.874655057712729389e-02,6.671755543220949658e-01,1.002546849705534981e+00,2.222431315406125929e-01,1.565271370635445791e+01,1.281770772481618560e-02,1.947020564571195003e-02,1.919584410470141431e-02,1.126710765631489496e-02,1.130714193764144893e-01,1.393583292442658050e-01,1.383729719679493986e-01,1.060117206930195760e-01
2.000000000000000000e+00,3.709041392848728969e-02,4.437648408652799387e-02,6.577202385528149731e-02,-2.530586988245415656e-02,6.157738686154313745e-01,3.978870850695880312e-01,6.888745257717321380e-02,6.680022655974618973e-01,1.003103716387812039e+00,2.232507675884005671e-01,1.567086084434461313e+01,1.279801583674454284e-02,1.945087179664354779e-02,1.919254190606905358e-02,1.124831884293822810e-02,1.129531643107075656e-01,1.392504527772491507e-01,1.383226590620741658e-01,1.058938868482222073e-01
