t,cyc0,cyc1,cyc2,cyc3,total0,total1,total2,total3,rg2,rg2dot,length,b0,b1,b2,b3,a0_over_Rg,a1_over_Rg,a2_over_Rg,a3_over_Rg
0.000000000000000000e+00,4.430088114713121722e-02,4.022682116704996008e-02,6.687025761169192173e-02,5.891911453611303057e-02,5.118492081346856515e-02,-1.913673097790806743e-01,7.964827809235770772e-02,-2.116344333579793860e-02,9.999999999999997780e-01,-1.459758360958142986e-01,1.034215694928354168e+01,2.249999999999999917e-02,2.249999999999999917e-02,2.249999999999999917e-02,2.249999999999999917e-02,1.500000000000000222e-01,1.500000000000000222e-01,1.500000000000000222e-01,1.500000000000000222e-01
2.500000000000000052e-03,4.423657811149972474e-02,4.029920692797452075e-02,6.693828479247085350e-02,5.906090406455148656e-02,5.182969960379637392e-02,-1.906372011871278749e-01,7.971381366794332013e-02,-1.992991070567206452e-02,9.996354644765569342e-01,-1.456525575579093457e-01,1.034222819346149080e+01,2.249960273671990085e-02,2.251324703236157881e-02,2.249801813703296641e-02,2.250365584242213987e-02,1.500260231831685998e-01,1.500715059677971419e-01,1.500207400815506686e-01,1.500395355094739369e-01
5.000000000000000104e-03,4.417224693507663946e-02,4.037159158443203583e-02,6.700608894445381214e-02,5.920111677543216794e-02,5.247398006601105419e-02,-1.899085038926629221e-01,7.977902835046705998e-02,-1.869669744060920361e-02,9.992717373373366518e-01,-1.453291288691857530e-01,1.034231551685563133e+01,2.249916927309797768e-02,2.252645931689365583e-02,2.249603299232197373e-02,2.250724247665326916e-02,1.500518794268264344e-01,1.501428534833502138e-01,1.500414207912137698e-01,1.500787979921739124e-01
7.499999999999999722e-03,4.410788964871197038e-02,4.044397469737712886e-02,6.707367041283193720e-02,5.933974111725007217e-02,5.311775672138853432e-02,-1.891812067231636585e-01,7.984392244843659114e-02,-1.746384006865284513e-02,9.989088189565713538e-01,-1.450055509489355521e-01,1.034241890119683838e+01,2.249869964343240158e-02,2.253963686807251496e-02,2.249404458520584335e-02,2.251075989623337395e-02,1.500775686633801509e-01,1.502140424836220511e-01,1.500620420780185427e-01,1.501177872305854699e-01
1.000000000000000021e-02,4.404350828321483557e-02,4.051635582268878905e-02,6.714102954358829034e-02,5.947676573162346408e-02,5.376102409824138478e-02,-1.884552985633208555e-01,7.990849627269862310e-02,-1.623137493786915367e-02,9.985467097061684338e-01,-1.446818247378352518e-01,1.034253832814235530e+01,2.249819388249777938e-02,2.255277970008186250e-02,2.249205293499894828e-02,2.251420809740209070e-02,1.501030908270167274e-01,1.502850729044721556e-01,1.500826038911789728e-01,1.501565030156973291e-01
1.250000000000000069e-02,4.397910486911390388e-02,4.058873451117017694e-02,6.720816668353855883e-02,5.961217945486518149e-02,5.440377673406252695e-02,-1.877307683555136109e-01,7.997275013647295316e-02,-1.499933820789728367e-02,9.981854099556570770e-01,-1.443579511976240126e-01,1.034267377927624665e+01,2.249765202554409801e-02,2.256588782681364161e-02,2.249005806099104929e-02,2.251758707908940033e-02,1.501284458537080202e-01,1.503559446806674582e-01,1.501031061800982003e-01,1.501949451469820895e-01
1.499999999999999944e-02,4.391468143641686500e-02,4.066111030854893671e-02,6.727508218036988563e-02,5.974597131949462708e-02,5.504600917765994916e-02,-1.870076051002615702e-01,8.003668435538394133e-02,-1.376776584164310889e-02,9.978249200721365231e-01,-1.440339313107805719e-01,1.034282523610990978e+01,2.249707410829556581e-02,2.257896126186886496e-02,2.248805998244715262e-02,2.252089684290572991e-02,1.501536336812148154e-01,1.504266577458935605e-01,1.501235488943733209e-01,1.502331134323750816e-01
1.750000000000000167e-02,4.385024001436892832e-02,4.073348275547845204e-02,6.734177638267778432e-02,5.987813055568989157e-02,5.568771599128057026e-02,-1.862857978566537787e-01,8.010029924749081931e-02,-1.253669359712131399e-02,9.974652404202238865e-01,-1.437097660801986976e-01,1.034299268008264683e+01,2.249646016694930792e-02,2.259200001855853068e-02,2.248605871860735392e-02,2.252413739313148880e-02,1.501786542490904652e-01,1.504972120327656981e-01,1.501439319837997444e-01,1.502710076882513290e-01
2.000000000000000042e-02,4.378578263121140485e-02,4.080585138754014990e-02,6.740824964000209640e-02,6.000864659268122930e-02,5.632889175272347282e-02,-1.855653357427552996e-01,8.016359513331616782e-02,-1.130615701944961797e-02,9.971063713620035296e-01,-1.433854565288614213e-01,1.034317609256226689e+01,2.249581023817393693e-02,2.260500410990456260e-02,2.248405428868669245e-02,2.252730873670603928e-02,1.502035074986840524e-01,1.505676074728400649e-01,1.501642553983758288e-01,1.503086277394008463e-01
2.249999999999999917e-02,4.372131131393919290e-02,4.087821573524617891e-02,6.747450230286097805e-02,6.013750906008647618e-02,5.696953105743965406e-02,-1.848462079359899091e-01,8.022657233587238146e-02,-1.007619143299914866e-02,9.967483132569784354e-01,-1.430610036995144663e-01,1.034337545484578236e+01,2.249512435910800551e-02,2.261797354864080248e-02,2.248204671187498116e-02,2.253041088321609126e-02,1.502281933731428876e-01,1.506378439966250538e-01,1.501845190883071279e-01,1.503459734190017993e-01
2.500000000000000139e-02,4.365682808805844417e-02,4.095057532404346862e-02,6.754053472278359616e-02,6.026470778918800036e-02,5.760962852061850270e-02,-1.841284036735010565e-01,8.028923118068681530e-02,-8.846831933705962686e-03,9.963910664620196922e-01,-1.427364086543378430e-01,1.034359074816010171e+01,2.249440256735832366e-02,2.263090834721404043e-02,2.248003600733666091e-02,2.253344384488356958e-02,1.502527118174149523e-01,1.507079215335927480e-01,1.502047230040108039e-01,1.503830445685923611e-01
2.750000000000000014e-02,4.359233497734389673e-02,4.102292967431812876e-02,6.760634725234107578e-02,6.039023281415364236e-02,5.824917877925824689e-02,-1.834119122524905110e-01,8.035157199582486365e-02,-7.618113381545563514e-03,9.960346313313195310e-01,-1.424116724746174734e-01,1.034382195366282708e+01,2.249364490099815470e-02,2.264380851778509396e-02,2.247802219421063744e-02,2.253640763655293325e-02,1.502770627782503698e-01,1.507778400121902729e-01,1.502248670961200128e-01,1.504198410380402917e-01
2.999999999999999889e-02,4.352783400359570148e-02,4.109527830140096566e-02,6.767194024517597661e-02,6.051407437320084626e-02,5.888817649422038031e-02,-1.826967230305338308e-01,8.041359511191144283e-02,-6.390070393175070924e-03,9.956790082163428091e-01,-1.420867962604153711e-01,1.034406905244305364e+01,2.249285139856530003e-02,2.265667407222993202e-02,2.247600529161013216e-02,2.253930227567795680e-02,1.503012462042029318e-01,1.508475993598514808e-01,1.502449513154880401e-01,1.504563626855114078e-01
3.250000000000000111e-02,4.346332718639674131e-02,4.116762071557384522e-02,6.773731405603022893e-02,6.063622290970526602e-02,5.952661635226636633e-02,-1.819828254258756828e-01,8.047530086215091971e-02,-5.162737334746298097e-03,9.953241974657812685e-01,-1.417617811302394892e-01,1.034433202552225950e+01,2.249202209906003141e-02,2.266950502214082341e-02,2.247398531862251220e-02,2.254212778230800865e-02,1.503252620456306254e-01,1.509171995030083868e-01,1.502649756131924919e-01,1.504926093774358320e-01
3.500000000000000333e-02,4.339881654286977669e-02,4.123995642207664569e-02,6.780246904077201486e-02,6.075666907325528304e-02,6.016449306807492708e-02,-1.812702089177019860e-01,8.053668958234527775e-02,-3.936148314891882959e-03,9.949701994255082393e-01,-1.414366282207127345e-01,1.034461085385522594e+01,2.249115704194293644e-02,2.268230137882753725e-02,2.247196229430913419e-02,2.254488417907381942e-02,1.503491102546961333e-01,1.509866403671029922e-01,1.502849399405394859e-01,1.505285809884729376e-01
3.749999999999999861e-02,4.333430408743466078e-02,4.131228492111528594e-02,6.786740555642034600e-02,6.087540372065199101e-02,6.080180138623986208e-02,-1.805588630463918209e-01,8.059776161091070090e-02,-2.710337177888275453e-03,9.946170144385326761e-01,-1.411113386862415664e-01,1.034490551833097882e+01,2.249025626713261825e-02,2.269506315331857801e-02,2.246993623770518825e-02,2.254757149117272985e-02,1.503727907853666390e-01,1.510559218765989697e-01,1.503048442490677317e-01,1.505642774014744611e-01
4.000000000000000083e-02,4.326979183156606790e-02,4.138460570787041992e-02,6.793212396116879437e-02,6.099241791685691694e-02,6.143853608324609944e-02,-1.798487774137469963e-01,8.065851728889232575e-02,-1.485337496997466821e-03,9.942646428449553042e-01,-1.407859136986845949e-01,1.034521599977383310e+01,2.248931981500329469e-02,2.270779035636244850e-02,2.246790716781952787e-02,2.255018974635348422e-02,1.503963035934133552e-01,1.511250439549934044e-01,1.503246884905524161e-01,1.505996985074463945e-01
4.250000000000000305e-02,4.320528178355149268e-02,4.145691827250708866e-02,6.799662461440747485e-02,6.110770293588760338e-02,6.207469196942349415e-02,-1.791399416832019642e-01,8.071895695997767517e-02,-2.611825679899331299e-04,9.939130849819266533e-01,-1.404603544470202081e-01,1.034554227894442668e+01,2.248834772638226218e-02,2.272048299842896121e-02,2.246587510363451390e-02,2.255273897490051721e-02,1.504196486364103025e-01,1.511940065248286724e-01,1.503444726170093115e-01,1.506348442055086556e-01
4.499999999999999833e-02,4.314077594824973494e-02,4.152922210018499677e-02,6.806090787674363984e-02,6.122125026166192613e-02,6.271026389087701325e-02,-1.784323455800122249e-01,8.077908097050806591e-02,9.620945971486221434e-04,9.935623411836027596e-01,-1.401346621370148648e-01,1.034588433654083239e+01,2.248734004254725888e-02,2.273314108971057068e-02,2.246384006410585138e-02,2.255521920961780363e-02,1.504428258737330881e-01,1.512628095077042933e-01,1.503641965806986058e-01,1.506697144028540936e-01
4.750000000000000056e-02,4.307627632684993269e-02,4.160151667106976037e-02,6.812497411002077508e-02,6.133305158879300695e-02,6.334524673139228790e-02,-1.777259788914231087e-01,8.083888966948900301e-02,2.184461276325227845e-03,9.932124117811056419e-01,-1.398088379908906109e-01,1.034624215319969487e+01,2.248629680522370652e-02,2.274576464012374732e-02,2.246180206816243002e-02,2.255763048581222938e-02,1.504658352665567134e-01,1.513314528242888646e-01,1.503838603341287050e-01,1.507043090147052178e-01
5.000000000000000278e-02,4.301178491663146947e-02,4.167380146034486282e-02,6.818882367733644645e-02,6.144309882333449241e-02,6.397963541431543610e-02,-1.770208314668178518e-01,8.089838340859850652e-02,3.405885043260305483e-03,9.928632971024804466e-01,-1.394828832469932889e-01,1.034661570949743137e+01,2.248521805658183423e-02,2.275835365931037219e-02,2.245976113470615071e-02,2.255997284127653213e-02,1.504886767778534640e-01,1.513999363943320242e-01,1.504034638300601190e-01,1.507386279642700666e-01
5.249999999999999806e-02,4.294730371072438130e-02,4.174607593822455415e-02,6.825245694305823174e-02,6.155138408347872458e-02,6.461342490440587227e-02,-1.763168932178459936e-01,8.095756254219392545e-02,4.626333773219960983e-03,9.925149974726575897e-01,-1.391567991594603593e-01,1.034700498595143969e+01,2.248410383923370517e-02,2.277090815663917328e-02,2.245771728261177630e-02,2.256224631627181537e-02,1.505113503723899127e-01,1.514682601366763859e-01,1.504230070215091253e-01,1.507726711826963550e-01
5.500000000000000028e-02,4.288283469787092239e-02,4.181833956996729162e-02,6.831587427283886127e-02,6.165789970020734562e-02,6.524661020966120162e-02,-1.756141541185335664e-01,8.101642742731757219e-02,5.845775648557461311e-03,9.921675132134122332e-01,-1.388305869978895823e-01,1.034740996302138072e+01,2.248295419623011493e-02,2.278342814120718277e-02,2.245567053072676511e-02,2.256445095350962868e-02,1.505338560167238660e-01,1.515364239692696124e-01,1.504424898617514605e-01,1.508064386090243181e-01
5.750000000000000250e-02,4.281837986218812314e-02,4.189059181589026987e-02,6.837907603362944342e-02,6.176263821789654274e-02,6.587918638311403285e-02,-1.749126042053712748e-01,8.107497842370037233e-02,7.064179164064519206e-03,9.918208446433265379e-01,-1.385042480470074777e-01,1.034783062111046981e+01,2.248176917105739955e-02,2.279591362184122186e-02,2.245362089787109744e-02,2.256658679813365598e-02,1.505561936792005895e-01,1.516044278091763231e-01,1.504619123043259010e-01,1.508399301901382494e-01
5.999999999999999778e-02,4.275394118293107670e-02,4.196283213138449208e-02,6.844206259369155221e-02,6.186559239487813416e-02,6.651114852459751037e-02,-1.742122335773875208e-01,8.113321589376434884e-02,8.281513132129946636e-03,9.914749920777525816e-01,-1.381777836063387277e-01,1.034826694056683571e+01,2.248054880763412922e-02,2.280836460709941352e-02,2.245156840283712291e-02,2.256865389770100136e-02,1.505783633299488389e-01,1.516722715725903337e-01,1.504812743030378430e-01,1.508731458807166803e-01
6.250000000000000000e-02,4.268952063425801580e-02,4.203505996693077812e-02,6.850483432260784378e-02,6.196675520395632242e-02,6.714249178248135608e-02,-1.735130323961989740e-01,8.119114020262338527e-02,9.497746687705348884e-03,9.911299558287751665e-01,-1.378511949898759414e-01,1.034871890168488839e+01,2.247929315030769426e-02,2.282078110527272288e-02,2.244951306438940086e-02,2.257065230216309323e-02,1.506003649408762524e-01,1.517399551748465358e-01,1.505005758119628279e-01,1.509060856431813369e-01
6.500000000000000222e-02,4.262512018499613198e-02,4.210727476811645942e-02,6.856739159129120187e-02,6.206611983288294609e-02,6.777321135537554830e-02,-1.728149908860460437e-01,8.124875171808264296e-02,1.071284929307808956e-02,9.907857362051768479e-01,-1.375244835257500020e-01,1.034918648470674185e+01,2.247800224385079065e-02,2.283316312438652199e-02,2.244745490126453039e-02,2.257258206384620686e-02,1.506221984856646323e-01,1.518074785304330543e-01,1.505198167854499280e-01,1.509387494476447933e-01
6.750000000000000444e-02,4.256074179840916433e-02,4.217947597565284423e-02,6.862973477199285632e-02,6.216367968479141748e-02,6.840330249380120742e-02,-1.721180993338090048e-01,8.130605081063643769e-02,1.192679074245026928e-02,9.904423335124018513e-01,-1.371976505559015513e-01,1.034966966982366365e+01,2.247667613345781523e-02,2.284551067220216836e-02,2.244539393217098722e-02,2.257444323743165032e-02,1.506438639397645052e-01,1.518748415530033757e-01,1.505389971781251612e-01,1.509711372718571809e-01
7.000000000000000666e-02,4.249638743196627183e-02,4.225166302539348773e-02,6.869186423830869748e-02,6.225942837859063661e-02,6.903276050182818868e-02,-1.714223480890054996e-01,8.136303785346461759e-02,1.313954116632410664e-02,9.900997480525230987e-01,-1.368706974357528083e-01,1.035016843717754043e+01,2.247531486474114645e-02,2.285782375621861484e-02,2.244333017578897110e-02,2.257623587993557931e-02,1.506653612803894315e-01,1.519420441553883394e-01,1.505581169448949319e-01,1.510032491011513156e-01
7.249999999999999500e-02,4.243205903711259885e-02,4.232383534835315597e-02,6.875378036518452196e-02,6.235335974932024183e-02,6.966158073867841083e-02,-1.707277275637736902e-01,8.141971322242794185e-02,1.435107103569331459e-02,9.897579801242084585e-01,-1.365436255338810523e-01,1.035068276686242683e+01,2.247391848372734188e-02,2.287010238367403678e-02,2.244126365077023580e-02,2.257796005068849268e-02,1.506866904865100387e-01,1.520090862496082107e-01,1.505771760409490012e-01,1.510350849283870478e-01
7.499999999999999722e-02,4.236775855904149207e-02,4.239599237072756710e-02,6.881548352891984910e-02,6.244546784846842502e-02,7.028975862029383792e-02,-1.700342282328344834e-01,8.147607729606118343e-02,1.556135116604162941e-02,9.894170300226881043e-01,-1.362164362316922728e-01,1.035121263892606081e+01,2.247248703685323507e-02,2.288234656154748345e-02,2.243919437573793987e-02,2.257961581131440534e-02,1.507078515388474704e-01,1.520759677468848381e-01,1.505961744217640674e-01,1.510666447538944468e-01
7.749999999999999944e-02,4.230348793646847988e-02,4.246813351391390962e-02,6.887697410717047442e-02,6.253574694425378944e-02,7.091728962086817079e-02,-1.693418406334409598e-01,8.153213045556574612e-02,1.677035272114809489e-02,9.890768980397226517e-01,-1.358891309230968458e-01,1.035175803337144629e+01,2.247102057096193525e-02,2.289455629656052954e-02,2.243712236928646978e-02,2.258120322570969507e-02,1.507288444198665311e-01,1.521426885576536714e-01,1.506151120431067081e-01,1.510979285854159304e-01
8.000000000000000167e-02,4.223924910140713918e-02,4.254025819453186724e-02,6.893825247894976027e-02,6.262419152187116700e-02,7.154416927434231743e-02,-1.686505553653083189e-01,8.158787308480029699e-02,1.797804721669956154e-02,9.887375844635734046e-01,-1.355617110141858483e-01,1.035231893015847326e+01,2.246951913329875775e-02,2.290673159517897864e-02,2.243504764998130105e-02,2.258272236002166825e-02,1.507496691137684974e-01,1.522092485915757798e-01,1.506339888610364885e-01,1.511289364380473399e-01
8.250000000000000389e-02,4.217504397894698137e-02,4.261236582444569154e-02,6.899931902462835831e-02,6.271079628370468395e-02,7.217039317586214364e-02,-1.679603630905298628e-01,8.164330557027039970e-02,1.918440652371203661e-02,9.883990895789709352e-01,-1.352341779229087881e-01,1.035289530920552714e+01,2.246798277150703974e-02,2.291887246361454591e-02,2.243297023635882140e-02,2.258417328262684112e-02,1.507703256064835129e-01,1.522756477575499812e-01,1.506528048319091262e-01,1.511596683341780711e-01
8.500000000000000611e-02,4.211087448703325353e-02,4.268445581078667700e-02,6.906017412593304372e-02,6.279555614950768638e-02,7.279595698319804575e-02,-1.672712545334770762e-01,8.169842830111644083e-02,2.038940287176165336e-02,9.880614136670867742e-01,-1.349065330787531380e-01,1.035348715039116918e+01,2.246641153362389023e-02,2.293097890782657550e-02,2.243089014692619190e-02,2.258555606410892966e-02,1.507908138856626501e-01,1.523418859637247214e-01,1.506715599123793214e-01,1.511901243034303732e-01
8.750000000000000833e-02,4.204674253624902935e-02,4.275652755597648264e-02,6.912081816594400907e-02,6.287846625655094113e-02,7.342085641812587382e-02,-1.665832204806828865e-01,8.175324166910082069e-02,2.159300885202493012e-02,9.877245570055045443e-01,-1.345787779224247305e-01,1.035409443355579207e+01,2.246480546807584980e-02,2.294305093352377867e-02,2.242880740016117355e-02,2.258687077723659301e-02,1.508111339406696394e-01,1.524079631175101757e-01,1.506902540594039219e-01,1.512203043825976201e-01
8.999999999999999667e-02,4.198265002959947895e-02,4.282858045775121691e-02,6.918125152909093689e-02,6.295952195974120758e-02,7.404508726776810879e-02,-1.658962517807123782e-01,8.180774606859292364e-02,2.279519742013198097e-02,9.873885198681924269e-01,-1.342509139055302614e-01,1.035471713850335895e+01,2.246316462367447045e-02,2.295508854616596511e-02,2.242672201451198846e-02,2.258811749694092375e-02,1.508312857625722370e-01,1.524738791255902115e-01,1.507088872302445592e-01,1.512502086155818604e-01
9.249999999999999889e-02,4.191859886229836601e-02,4.290061390918587653e-02,6.924147460114780939e-02,6.303871883171033308e-02,7.466864538589537692e-02,-1.652103393440167434e-01,8.186194189655382480e-02,2.399594189883218556e-02,9.870533025254759618e-01,-1.339229424902609877e-01,1.035535524500310700e+01,2.246148904961182274e-02,2.296709175096580194e-02,2.242463400839714988e-02,2.258929630029270219e-02,1.508512693441332320e-01,1.525396338939342122e-01,1.507274593824706743e-01,1.512798370533303960e-01
9.500000000000000111e-02,4.185459092155711242e-02,4.297262729871977743e-02,6.930148776922673282e-02,6.311605266287666216e-02,7.529152669418696930e-02,-1.645254741427746303e-01,8.191582955251909548e-02,2.519521598047456609e-02,9.867189052440131780e-01,-1.335948651490786732e-01,1.035600873279131662e+01,2.245977879545591610e-02,2.297906055289058308e-02,2.242254340020532338e-02,2.259040726647942518e-02,1.508710846798011207e-01,1.526052273278091509e-01,1.507459704739620987e-01,1.513091897537716390e-01
9.750000000000000333e-02,4.179062808637627052e-02,4.304462001018256184e-02,6.936129142177015205e-02,6.319151946147981425e-02,7.591372718345074100e-02,-1.638416472107183386e-01,8.196940943858033179e-02,2.639299372930483875e-02,9.863853282867676153e-01,-1.332666833644027271e-01,1.035667758157307894e+01,2.245803391114605668e-02,2.299099495666400567e-02,2.242045020829516733e-02,2.259145047678211976e-02,1.508907317657005864e-01,1.526706593317912752e-01,1.507644204629120521e-01,1.513382667817504135e-01
1.000000000000000056e-01,4.172671222733945195e-02,4.311659142282062152e-02,6.942088594854201045e-02,6.326511545358994015e-02,7.653524291480093278e-02,-1.631588496429474677e-01,8.202268195936576745e-02,2.758924958358065921e-02,9.860525719129846767e-01,-1.329383986282997032e-01,1.035736177102408107e+01,2.245625444698813242e-02,2.300289496676794984e-02,2.241835445099518709e-02,2.259242601455195565e-02,1.509102105996224796e-01,1.527359298097780982e-01,1.507828093078295295e-01,1.513670682089622577e-01
1.025000000000000078e-01,4.166284520641014982e-02,4.318854091132441619e-02,6.948027174061789657e-02,6.333683708309251204e-02,7.715607002079410970e-02,-1.624770725957284945e-01,8.207564752201951253e-02,2.878395835750670664e-02,9.857206363781683134e-01,-1.326100124421744630e-01,1.035806128079242505e+01,2.245444045364982169e-02,2.301476058744427594e-02,2.241625614660357896e-02,2.259333396518667034e-02,1.509295211810135484e-01,1.528010386650000829e-01,1.508011369675420488e-01,1.513955941138871997e-01
1.049999999999999961e-01,4.159902887673095490e-02,4.326046784585631938e-02,6.953944919037373384e-02,6.340668101164993742e-02,7.777620470652284179e-02,-1.617963072862831087e-01,8.212830653617957111e-02,2.997709524299251721e-02,9.853895219340573775e-01,-1.322815263164634492e-01,1.035877609050045933e+01,2.245259198215575000e-02,2.302659182269663554e-02,2.241415531338809483e-02,2.259417441610681726e-02,1.509486635109661135e-01,1.528659858000324112e-01,1.508194034011981766e-01,1.514238445817228940e-01
1.074999999999999983e-01,4.153526508242596366e-02,4.333237159207890127e-02,6.959841869147348481e-02,6.347464411864146838e-02,7.839564325066601669e-02,-1.611165449925620052e-01,8.218065941395484575e-02,3.116863581123488838e-02,9.850592288286035281e-01,-1.319529417703299290e-01,1.035950617974660837e+01,2.245070908388257375e-02,2.303838867629226864e-02,2.241205196958588608e-02,2.259494745673184049e-02,1.509676375922070213e-01,1.529307711168066963e-01,1.508376085682701651e-01,1.514518197043172032e-01
1.100000000000000006e-01,4.147155565840562885e-02,4.340425151118412067e-02,6.965718063885552314e-02,6.354072350108143363e-02,7.901438200649607557e-02,-1.604377770530081848e-01,8.223270656990055993e-02,3.235855601412711974e-02,9.847297573059503595e-01,-1.316242603313616810e-01,1.036025152810724315e+01,2.244879181055401199e-02,2.305015115176383203e-02,2.240994613340336478e-02,2.259565317845601065e-02,1.509864434290866253e-01,1.529953945166225293e-01,1.508557524285561169e-01,1.514795195801000860e-01
1.125000000000000028e-01,4.140790243017490602e-02,4.347610695992268348e-02,6.971573542871820073e-02,6.360491647351809719e-02,7.963241740284324188e-02,-1.597599948663085689e-01,8.228444842099308376e-02,3.354683218549754653e-02,9.844011076064113075e-01,-1.312954835352702909e-01,1.036101211513855169e+01,2.244684021423580880e-02,2.306187925241120346e-02,2.240783782301606492e-02,2.259629167462419777e-02,1.510050810275674893e-01,1.530598559001592196e-01,1.508738349421827607e-01,1.515069443140152627e-01
1.150000000000000050e-01,4.134430721364425881e-02,4.354793729063431706e-02,6.977408345850372173e-02,6.366722056791312978e-02,8.024974594501520231e-02,-1.590831898911331255e-01,8.233588538660338574e-02,3.473344104217977041e-02,9.840732799664525521e-01,-1.309666129255933897e-01,1.036178792037842733e+01,2.244485434733065055e-02,2.307357298130332732e-02,2.240572705656848976e-02,2.259686304050751923e-02,1.510235503952126468e-01,1.531241551674872026e-01,1.508918560696074496e-01,1.515340940174507434e-01
1.175000000000000072e-01,4.128077181494367587e-02,4.361974185127835690e-02,6.983222512688155859e-02,6.372763353350426041e-02,8.086636421567290622e-02,-1.584073536458642795e-01,8.238701788846919394e-02,3.591835968491859099e-02,9.837462746186694806e-01,-1.306376500533986129e-01,1.036257892334835340e+01,2.244283426257303107e-02,2.308523234128002921e-02,2.240361385217398346e-02,2.259736737327888018e-02,1.510418515411738605e-01,1.531882922180796691e-01,1.509098157716207422e-01,1.515609688081698825e-01
1.199999999999999956e-01,4.121729803023995581e-02,4.369151998546495774e-02,6.989016083373020272e-02,6.378615333664966469e-02,8.148226887566215049e-02,-1.577324777083153051e-01,8.243784635066638000e-02,3.710156559911170771e-02,9.834200917917726992e-01,-1.303085964769902516e-01,1.036338510355533415e+01,2.244078001302406145e-02,2.309685733495385127e-02,2.240149822791458883e-02,2.259780477198837859e-02,1.510599844761793542e-01,1.532522669508237512e-01,1.509277140093484570e-01,1.515875688102409358e-01
1.224999999999999978e-01,4.115388764555719114e-02,4.376327103248677658e-02,6.994789098011812423e-02,6.384277816065776767e-02,8.209745666480079695e-02,-1.570585537154381151e-01,8.248837119957919128e-02,3.828303665539303791e-02,9.830947317105677152e-01,-1.299794537616183465e-01,1.036420644049379725e+01,2.243869165206623453e-02,2.310844796471188747e-02,2.239938020184091896e-02,2.259817533753863059e-02,1.510779492125215173e-01,1.533160792640320680e-01,1.509455507442540034e-01,1.516138941539671159e-01
1.250000000000000000e-01,4.109054243660029831e-02,4.383499432735119689e-02,7.000541596828369073e-02,6.389750640560153128e-02,8.271192440262105372e-02,-1.563855733630223066e-01,8.253859286386946992e-02,3.946275111005850128e-02,9.827701945959376184e-01,-1.296502234791898633e-01,1.036504291364751573e+01,2.243656923339815146e-02,2.312000423271761904e-02,2.239725979197201844e-02,2.259847917265999859e-02,1.510957457640443313e-01,1.533797290554539672e-01,1.509633259381404913e-01,1.516399449758158158e-01
1.275000000000000022e-01,4.102726416858234332e-02,4.390668920081284426e-02,7.006273620161382332e-02,6.395033668811882233e-02,8.332566898906715314e-02,-1.557135284053836333e-01,8.258851177444460900e-02,4.064068760533789265e-02,9.824464806648294246e-01,-1.293209072079829214e-01,1.036589450249156030e+01,2.243441281102919599e-02,2.313152614091274969e-02,2.239513701629523151e-02,2.259871638188574658e-02,1.511133741461305469e-01,1.534432162222866269e-01,1.509810395531527571e-01,1.516657214183474434e-01
1.300000000000000044e-01,4.096405459605461513e-02,4.397835497940692090e-02,7.011985208462165331e-02,6.400126784119991585e-02,8.393868740514817683e-02,-1.550424106550440662e-01,8.263812836442474552e-02,4.181682516951642364e-02,9.821235901302353133e-01,-1.289915065323630761e-01,1.036676118649422307e+01,2.243222243927418119e-02,2.314301369101904107e-02,2.239301189276607720e-02,2.259888707152710868e-02,1.511308343756886385e-01,1.535065406611864913e-01,1.509986915517795847e-01,1.516912236301444228e-01
1.325000000000000067e-01,4.090091546274070983e-02,4.404999098548265102e-02,7.017676402292327698e-02,6.405029891396286923e-02,8.455097671354608324e-02,-1.543722119824032790e-01,8.268744306910892627e-02,4.299114321690845897e-02,9.818015232011798599e-01,-1.286620230425025435e-01,1.036764294511897866e+01,2.242999817274795096e-02,2.315446688454015148e-02,2.239088443930812092e-02,2.259899134964833342e-02,1.511481264711397043e-01,1.535697022682800117e-01,1.510162818968555087e-01,1.517164517657394185e-01
1.350000000000000089e-01,4.083784850137368166e-02,4.412159653723733005e-02,7.023347242321346939e-02,6.409742917141700302e-02,8.516253405917878494e-02,-1.537029243154013625e-01,8.273645632594033017e-02,4.416362154768668086e-02,9.814802800827054918e-01,-1.283324583341017566e-01,1.036853975782642934e+01,2.242774006635995035e-02,2.316588572276346777e-02,2.238875467381284262e-02,2.259902932604164125e-02,1.511652504524038099e-01,1.536327009391748599e-01,1.510338105515629525e-01,1.517414059855437258e-01
1.375000000000000111e-01,4.077485543353696895e-02,4.419317094875051949e-02,7.028997769324019096e-02,6.414265809421641762e-02,8.577335666971831751e-02,-1.530345396391738499e-01,8.278516857447051902e-02,4.533424034757022048e-02,9.811598609758579448e-01,-1.280028140081140020e-01,1.036945160407625366e+01,2.242544817530877505e-02,2.317727020676193031e-02,2.238662261413953275e-02,2.259900111220217514e-02,1.511822063408867489e-01,1.536955365689709196e-01,1.510512774794340041e-01,1.517660864557751899e-01
1.400000000000000133e-01,4.071193796950878241e-02,4.426471353001922016e-02,7.034628024177844163e-02,6.418598537840367046e-02,8.638344185606421088e-02,-1.523670499956996105e-01,8.283358025632266142e-02,4.650298018737538536e-02,9.808402660776751603e-01,-1.276730916704721108e-01,1.037037846332917468e+01,2.242312255507667579e-02,2.318862033739587519e-02,2.238448827811514996e-02,2.259890682130289916e-02,1.511989941594659714e-01,1.537582090522708889e-01,1.510686826443523589e-01,1.517904933483860686e-01
1.425000000000000155e-01,4.064909780811013645e-02,4.433622358699268462e-02,7.040238047860264414e-02,6.422741093514386379e-02,8.699278701277196602e-02,-1.517004474834404981e-01,8.288169181515381290e-02,4.766982202243146005e-02,9.805214955811736299e-01,-1.273432929318186468e-01,1.037132031504891394e+01,2.242076326142404888e-02,2.319993611531485575e-02,2.238235168353422053e-02,2.259874656816949004e-02,1.512156139324768722e-01,1.538207182831913544e-01,1.510860260105550690e-01,1.518146268409908406e-01
1.449999999999999900e-01,4.058633663655642626e-02,4.440770042160811087e-02,7.045827881445865248e-02,6.426693489045133545e-02,8.760138961843753902e-02,-1.510347242569756165e-01,8.292950369661680754e-02,4.883474719186543800e-02,9.802035496753381816e-01,-1.270134194072382317e-01,1.037227713870415613e+01,2.241837035038390935e-02,2.321121754095945705e-02,2.238021284815871342e-02,2.259852046925521843e-02,1.512320656856985523e-01,1.538830641553732559e-01,1.511033075426344574e-01,1.518384871167936800e-01
1.474999999999999922e-01,4.052365613031309183e-02,4.447914333182644703e-02,7.051397566103440040e-02,6.430455758490769003e-02,8.820924723603644491e-02,-1.503698725266282565e-01,8.297701634832047035e-02,4.999773741775965369e-02,9.798864285451100997e-01,-1.266834727159928120e-01,1.037324891377050662e+01,2.241594387825632945e-02,2.322246461456312777e-02,2.237807178971792932e-02,2.259822864261581965e-02,1.512483494463397748e-01,1.539452465619927102e-01,1.511205272055395898e-01,1.518620743645160698e-01
1.499999999999999944e-01,4.046105795295428659e-02,4.455055161166856376e-02,7.056947143092966168e-02,6.434027957337332126e-02,8.881635751321899364e-02,-1.497058845580866993e-01,8.302423021978966311e-02,5.115877480418470902e-02,9.795701323713782438e-01,-1.263534544812601745e-01,1.037423561973244901e+01,2.241348390160286322e-02,2.323367733615398084e-02,2.237592852590839301e-02,2.259787120788437839e-02,1.512644652430243652e-01,1.540072653957713089e-01,1.511376849645781895e-01,1.518853887783242207e-01
1.524999999999999967e-01,4.039854375602620201e-02,4.462192455125175983e-02,7.062476653762519985e-02,6.437410162469264785e-02,8.942271818256188054e-02,-1.490427526720201068e-01,8.307114576242427550e-02,5.231784183611227351e-02,9.792546613309681680e-01,-1.260233663298744311e-01,1.037523723608531334e+01,2.241099047724097459e-02,2.324485570555661143e-02,2.237378307439374242e-02,2.259744828624622379e-02,1.512804131057769730e-01,1.540691205489868598e-01,1.511547807854181913e-01,1.519084305577565464e-01
1.549999999999999989e-01,4.033611517891335513e-02,4.469326143682647579e-02,7.067986139545046065e-02,6.440602472139304868e-02,9.002832706177499311e-02,-1.483804692436883621e-01,8.311776342945723095e-02,5.347492137821040215e-02,9.789400155966345718e-01,-1.256932098920702789e-01,1.037625374233721587e+01,2.240846366223842728e-02,2.325599972239389412e-02,2.237163545280462448e-02,2.259696000041385572e-02,1.512961930660082777e-01,1.541308119134834898e-01,1.511718146340892410e-01,1.519311999076510267e-01
1.575000000000000011e-01,4.027377384870915733e-02,4.476456155081326438e-02,7.073475641955111193e-02,6.443605005937901031e-02,9.063318205386536319e-02,-1.477190267025474957e-01,8.316408367591203443e-02,5.462999667352568672e-02,9.786261953370525291e-01,-1.253629868012293147e-01,1.037728511801102549e+01,2.240590351390768162e-02,2.326710938608878010e-02,2.236948567873859456e-02,2.259640647460189194e-02,1.513118051565003341e-01,1.541923393806820808e-01,1.511887864769843881e-01,1.519536970380727103e-01
1.600000000000000033e-01,4.021152138009041754e-02,4.483582417184016344e-02,7.078945202585484875e-02,6.446417904762068163e-02,9.123728114725769556e-02,-1.470584175318502551e-01,8.321010695855921013e-02,5.578305134205467641e-02,9.783132007168096056e-01,-1.250326986936297069e-01,1.037833134264630530e+01,2.240331008980028446e-02,2.327818469586609082e-02,2.236733376976000887e-02,2.259578783450207073e-02,1.513272494113918065e-01,1.542537028415904843e-01,1.512056962808615290e-01,1.519759221642412172e-01
1.625000000000000056e-01,4.014935937519512749e-02,4.490704857477999939e-02,7.084394863103712914e-02,6.449041330783898684e-02,9.184062241587176434e-02,-1.463986342682425945e-01,8.325583373587226721e-02,5.693406937921000055e-02,9.780010318963998639e-01,-1.247023472081988660e-01,1.037939239580125950e+01,2.240068344770124870e-02,2.328922565075429094e-02,2.236517974339993428e-02,2.259510420725828125e-02,1.513425258661629802e-01,1.543149021868134851e-01,1.512225440128448228e-01,1.519978755064582687e-01
1.650000000000000078e-01,4.008728942350483354e-02,4.497823403078812093e-02,7.089824665248554980e-02,6.451475467418579801e-02,9.244320401915714913e-02,-1.457396695013563059e-01,8.330126446798286066e-02,5.808303515418233864e-02,9.776896890322163136e-01,-1.243719339862682516e-01,1.038046825705465892e+01,2.239802364562343967e-02,2.330023224958727157e-02,2.236302361715605466e-02,2.259435572144166335e-02,1.513576345576208293e-01,1.543759373065629881e-01,1.512393296404261900e-01,1.520195572900354120e-01
1.675000000000000100e-01,4.002531310173037399e-02,4.504937980734034092e-02,7.095234650826373612e-02,6.453720519292148461e-02,9.304502420208586588e-02,-1.450815158733982368e-01,8.334639961663511953e-02,5.922993340820402464e-02,9.773791722765464707e-01,-1.240414606713320794e-01,1.038155890600778797e+01,2.239533074180194427e-02,2.331120449100611627e-02,2.236086540849257023e-02,2.259354250702576977e-02,1.513725755238839177e-01,1.544368080906678153e-01,1.512560531314666445e-01,1.520409677452216612e-01
1.700000000000000122e-01,3.996343197370180039e-02,4.512048516827076722e-02,7.100624861707402480e-02,6.455776712208856349e-02,9.364608129510347545e-02,-1.444241660787363435e-01,8.339123964513937837e-02,6.037474925271630460e-02,9.770694817775664731e-01,-1.237109289088082625e-01,1.038266432228635594e+01,2.239260479468847126e-02,2.332214237346085656e-02,2.235870513484011779e-02,2.259266469536178393e-02,1.513873488043671889e-01,1.544975144285836155e-01,1.512727144541976265e-01,1.520621071071316111e-01
1.725000000000000144e-01,3.990164759026210151e-02,4.519154937380997356e-02,7.105995339821984114e-02,6.457644293118260104e-02,9.424637371403814246e-02,-1.437676128634830797e-01,8.343578501832552008e-02,6.151746816744441820e-02,9.767606176793364181e-01,-1.233803403458021836e-01,1.038378448554241729e+01,2.238984586294573767e-02,2.333304589521222744e-02,2.235654281359568049e-02,2.259172241915382781e-02,1.514019544397670058e-01,1.545580562094026333e-01,1.512893135772223063e-01,1.520829756156733270e-01
1.750000000000000167e-01,3.983996148916489621e-02,4.526257168062343406e-02,7.111346127156679964e-02,6.459323530082081155e-02,9.484589995996930978e-02,-1.431118490250761210e-01,8.348003620249498657e-02,6.265807599838453534e-02,9.764525801217978085e-01,-1.230496966308741030e-01,1.038491937545628474e+01,2.238705400544187263e-02,2.334391505433339870e-02,2.235437846212250113e-02,2.259071581243434629e-02,1.514163924720455801e-01,1.546184333218632301e-01,1.513058504695168338e-01,1.521035735154767088e-01
1.774999999999999911e-01,3.977837519497604696e-02,4.533355134184957613e-02,7.116677265750340209e-02,6.460814712240769975e-02,9.544465861905553072e-02,-1.424568674118572575e-01,8.352399366537271996e-02,6.379655895570471302e-02,9.761453692407677796e-01,-1.227189994138085521e-01,1.038606897173841581e+01,2.238422928124481764e-02,2.335474984871172000e-02,2.235221209775000925e-02,2.258964501053958504e-02,1.514306629444160390e-01,1.546786456543596255e-01,1.513223251004316150e-01,1.521239010558219917e-01
1.799999999999999933e-01,3.971689021897916588e-02,4.540448760713847870e-02,7.121988797690080586e-02,6.462118149779912113e-02,9.604264836232269398e-02,-1.418026609226497037e-01,8.356765787605859030e-02,6.493290361156464630e-02,9.758389851679385441e-01,-1.223882503453872783e-01,1.038723325413129572e+01,2.238137174961677203e-02,2.336555027605043480e-02,2.235004373777373446e-02,2.258851015008514831e-02,1.514447659013268832e-01,1.547386930949512518e-01,1.513387374396924223e-01,1.521439584905682485e-01
1.824999999999999956e-01,3.965550805908513859e-02,4.547537972269019568e-02,7.127280765107206484e-02,6.463234173896406642e-02,9.663986794541248870e-02,-1.411492225063338268e-01,8.361102930497776864e-02,6.606709689785754402e-02,9.755334280308742834e-01,-1.220574510771647719e-01,1.038841220241133811e+01,2.237848147000861057e-02,2.337631633387039776e-02,2.234787339945523699e-02,2.258731136894168157e-02,1.514587013884466926e-01,1.547985755313721346e-01,1.513550874574015048e-01,1.521637460780824735e-01
1.849999999999999978e-01,3.959423019974544350e-02,4.554622693129319749e-02,7.132553210173014913e-02,6.464163136764422557e-02,9.723631620829233102e-02,-1.404965451614216820e-01,8.365410842383061429e-02,6.719912610387611396e-02,9.752286979530098154e-01,-1.217266032612467630e-01,1.038960579639072712e+01,2.237555850205436361e-02,2.338704801951177817e-02,2.234570110002203833e-02,2.258604880621064084e-02,1.514724694526488336e-01,1.548582928510402190e-01,1.513713751240387539e-01,1.521832640811687232e-01
1.875000000000000000e-01,3.953305811186957897e-02,4.561702847236309699e-02,7.137806175094600636e-02,6.464905411501262189e-02,9.783199207492637717e-02,-1.398446219356313247e-01,8.369689570554256219e-02,6.832897887390877723e-02,9.749247950536480412e-01,-1.213957085500714239e-01,1.039081401591928433e+01,2.237260290556568332e-02,2.339774533013574617e-02,2.234352685666754837e-02,2.258472260220018707e-02,1.514860701419961653e-01,1.549178449410665848e-01,1.513876004104628692e-01,1.522025127669975331e-01
1.900000000000000022e-01,3.947199325274619586e-02,4.568778358198092443e-02,7.143039702110517974e-02,6.465461392132992868e-02,9.842689455290977441e-02,-1.391934459254602074e-01,8.373939162421273341e-02,6.945664320476681308e-02,9.746217194479619428e-01,-1.210647685961937225e-01,1.039203684088630197e+01,2.236961474052634805e-02,2.340840826272616929e-02,2.234135068655100295e-02,2.258333289840118788e-02,1.514995035057254136e-01,1.549772316882643830e-01,1.514037632879120798e-01,1.522214924070356412e-01
1.925000000000000044e-01,3.941103706596821993e-02,4.575849149293180484e-02,7.148253833486441222e-02,6.465831493559903720e-02,9.902102273306498392e-02,-1.385430102757592152e-01,8.378159665506249021e-02,7.058210744324734665e-02,9.743194712469926966e-01,-1.207337850520723566e-01,1.039327425122238324e+01,2.236659406708679798e-02,2.341903681409127080e-02,2.233917260679739794e-02,2.258187983746334782e-02,1.515127695942322106e-01,1.550364529791580237e-01,1.514198637280054771e-01,1.522402032769760716e-01
1.950000000000000067e-01,3.935019098136200572e-02,4.582915143474317055e-02,7.153448611510700161e-02,6.466016151521863931e-02,9.961437578900141088e-02,-1.378933081793061455e-01,8.382351127438351923e-02,7.170536028353524660e-02,9.740180505576503389e-01,-1.204027595698595049e-01,1.039452622690124173e+01,2.236354094555868116e-02,2.342963098086529861e-02,2.233699263449743372e-02,2.258036356317147039e-02,1.515258684590554128e-01,1.550955086999920018e-01,1.514359017027437637e-01,1.522586456566685786e-01
1.975000000000000089e-01,3.928945641492011254e-02,4.589976263372320953e-02,7.158624078489818354e-02,6.466015822563454807e-02,1.002069529766405342e-01,-1.372443328763808812e-01,8.386513595948513755e-02,7.282639076454654192e-02,9.737174574827159867e-01,-1.200716938011936047e-01,1.039579274794151864e+01,2.236045543640943767e-02,2.344019075951017661e-02,2.233481078670745273e-02,2.257878422042184502e-02,1.515388001528620299e-01,1.551543987367396127e-01,1.514518771845101974e-01,1.522768198300501474e-01
2.000000000000000111e-01,3.922883476873800096e-02,4.597032431299909877e-02,7.163780276743898778e-02,6.465830983998940851e-02,1.007987536337042467e-01,-1.365960776543399258e-01,8.390647118864134890e-02,7.394518826721795113e-02,9.734176921208412825e-01,-1.197405893969945012e-01,1.039707379440855384e+01,2.235733760025691852e-02,2.345071614631714235e-02,2.233262708044939787e-02,2.257714195519876926e-02,1.515515647294319035e-01,1.552131229751118890e-01,1.514677901460715348e-01,1.522947260850762985e-01
2.025000000000000133e-01,3.916832743095483016e-02,4.604083569255514041e-02,7.168917248602049708e-02,6.465462133877072914e-02,1.013897771791700264e-01,-1.359485358471941019e-01,8.394751744103753910e-02,7.506174251174406453e-02,9.731187545665525018e-01,-1.194094480072616510e-01,1.039836934641617461e+01,2.235418749786403231e-02,2.346120713740837763e-02,2.233044153271074653e-02,2.257543691455122375e-02,1.515641622436423586e-01,1.552716813005660113e-01,1.514836405605788916e-01,1.523123647136523651e-01
2.050000000000000155e-01,3.910793577569768309e-02,4.611129598927055095e-02,7.174035036397680143e-02,6.464909790945708168e-02,1.019800231126911927e-01,-1.353017008351857509e-01,8.398827519671668573e-02,7.617604355476666200e-02,9.728206449102525522e-01,-1.190782712808752530e-01,1.039967938412843118e+01,2.235100519013343001e-02,2.347166372873862872e-02,2.232825416044447592e-02,2.257366924656967547e-02,1.515765927514531597e-01,1.553300735983138559e-01,1.514994284015684367e-01,1.523297360115653254e-01
2.075000000000000178e-01,3.904766116302964968e-02,4.618170441695747253e-02,7.179133682463750832e-02,6.464174494616170552e-02,1.025694910139847982e-01,-1.346555660443694291e-01,8.402874493652516541e-02,7.728808178651844218e-02,9.725233632382229709e-01,-1.187470608653991289e-01,1.040100388776136775e+01,2.234779073810223143e-02,2.348208591609681276e-02,2.232606498056901798e-02,2.257183910036305100e-02,1.515888563098913289e-01,1.553882997533306554e-01,1.515151536429623080e-01,1.523468402784160236e-01
2.099999999999999922e-01,3.898750493890201785e-02,4.625206018639858169e-02,7.184213229128010025e-02,6.463256804927441923e-02,1.031581805421872833e-01,-1.340101249461940480e-01,8.406892714205796424e-02,7.839784792792503509e-02,9.722269096326282556e-01,-1.184158184068874881e-01,1.040234283758470468e+01,2.234454420293677246e-02,2.349247369510760672e-02,2.232387400996821772e-02,2.256994662603584514e-02,1.516009529770361297e-01,1.554463596503629919e-01,1.515308162590693342e-01,1.523636778175518069e-01
2.124999999999999944e-01,3.892746843510969113e-02,4.632236250538430966e-02,7.189273718708104333e-02,6.462157302510082579e-02,1.037460914351777952e-01,-1.333653710570867901e-01,8.410882229560405488e-02,7.950533302766710220e-02,9.719312841715211926e-01,-1.180845455496934981e-01,1.040369621392358823e+01,2.234126564592742864e-02,2.350282706123304685e-02,2.232168126549129508e-02,2.256799197466538912e-02,1.516128828120038019e-01,1.555042531739373179e-01,1.515464162245856727e-01,1.523802489359993573e-01
2.149999999999999967e-01,3.886755296925062386e-02,4.639261057875024297e-02,7.194315193506710393e-02,6.460876588549856192e-02,1.043332235088710452e-01,-1.327212979380407443e-01,8.414843088009106575e-02,8.061052845920659016e-02,9.716364869288440786e-01,-1.177532439362807271e-01,1.040506399716024966e+01,2.233795512848343878e-02,2.351314600977408992e-02,2.231948676395280676e-02,2.256597529827928175e-02,1.516246458749330728e-01,1.555619802083679781e-01,1.515619535145955876e-01,1.523965539443984385e-01
2.174999999999999989e-01,3.880775984468887163e-02,4.646280360841387874e-02,7.199337695806548587e-02,6.459415284751120201e-02,1.049195766564804538e-01,-1.320778991942049563e-01,8.418775337902950628e-02,8.171342591777973341e-02,9.713425179744366034e-01,-1.174219152070370004e-01,1.040644616773570164e+01,2.233461271212781180e-02,2.352343053587217792e-02,2.231729052213262884e-02,2.256389674983299426e-02,1.516362422269699473e-01,1.556195406377652857e-01,1.515774281045720873e-01,1.524125931569354775e-01
2.200000000000000011e-01,3.874809035052117351e-02,4.653294079341140782e-02,7.204341267865418952e-02,6.457774033299833183e-02,1.055051508477511807e-01,-1.314351684744780868e-01,8.422679027645732508e-02,8.281401741735877620e-02,9.710493773740406231e-01,-1.170905610000909230e-01,1.040784270615137608e+01,2.233123845849225783e-02,2.353368063451079933e-02,2.231509255677591522e-02,2.256175648318761023e-02,1.516476719302530807e-01,1.556769343460435162e-01,1.515928399703775076e-01,1.524283668912779499e-01
2.225000000000000033e-01,3.868854576154703850e-02,4.660302132993396351e-02,7.209325951911108032e-02,6.455953496826236093e-02,1.060899461281650524e-01,-1.307930994711044848e-01,8.426554205688333021e-02,8.391229528758714640e-02,9.707570651893050462e-01,-1.167591829511309409e-01,1.040925359297076724e+01,2.232783242931217493e-02,2.354389630051701571e-02,2.231289288459308365e-02,2.255955465308777386e-02,1.516589350478991238e-01,1.557341612169287626e-01,1.516081890882640670e-01,1.524438754685093489e-01
2.250000000000000056e-01,3.862912733824269695e-02,4.667304441136371079e-02,7.214291790136316551e-02,6.453954358367136601e-02,1.066739626181180817e-01,-1.301516859192759501e-01,8.430400920523103969e-02,8.500825217068805340e-02,9.704655814777929379e-01,-1.164277826932265114e-01,1.041067880882105534e+01,2.232439468642168773e-02,2.355407752856300552e-02,2.231069152225979152e-02,2.255729141513976646e-02,1.516700316439881790e-01,1.557912211339667619e-01,1.516234754348745883e-01,1.524591192130640982e-01
2.275000000000000078e-01,3.856983632673818135e-02,4.674300922830965793e-02,7.219238824693517687e-02,6.451777321327763215e-02,1.072572005120699806e-01,-1.295109215967350513e-01,8.434219220678206008e-02,8.610188101835186680e-02,9.701749262929879603e-01,-1.160963618566519945e-01,1.041211833439470347e+01,2.232092529174872775e-02,2.356422431316757687e-02,2.230848848641691501e-02,2.255496692578980167e-02,1.516809617835492008e-01,1.558481139805305282e-01,1.516386989872428870e-01,1.524740984526635201e-01
2.300000000000000100e-01,3.851067395879806399e-02,4.681291496864273260e-02,7.224167097689751516e-02,6.449423109443185032e-02,1.078396600776685976e-01,-1.288708003233849098e-01,8.438009154711909043e-02,8.719317508860312260e-02,9.698850996843028094e-01,-1.157649220687129860e-01,1.041357215045103324e+01,2.231742430731018315e-02,2.357433664869766979e-02,2.230628379367054215e-02,2.255258134230245584e-02,1.516917255325457847e-01,1.559048396398279857e-01,1.516538597227942431e-01,1.524888135182517479e-01
2.325000000000000122e-01,3.845164145180560156e-02,4.688276081753106617e-02,7.229076651181423618e-02,6.446892466739194416e-02,1.084213416548486519e-01,-1.282313159609019815e-01,8.441770771206894008e-02,8.828212794265023755e-02,9.695961016970843227e-01,-1.154334649535743162e-01,1.041504023781779686e+01,2.231389179520709351e-02,2.358441452936986885e-02,2.230407746059195548e-02,2.255013482273929976e-02,1.517023229578619015e-01,1.559613979949094897e-01,1.516689576193460121e-01,1.525032647439326650e-01
2.350000000000000144e-01,3.839274000875009946e-02,4.695254595747433424e-02,7.233967527169023193e-02,6.444186157492681755e-02,1.090022456549058910e-01,-1.275924624123539741e-01,8.445504118764546320e-02,8.936873344172081846e-02,9.693079323726238039e-01,-1.151019921320912270e-01,1.041652257739271192e+01,2.231032781761989325e-02,2.359445794925187426e-02,2.230186950371762858e-02,2.254762752593771069e-02,1.517127541272877689e-01,1.560177889286753217e-01,1.516839926551079853e-01,1.525174524669068166e-01
2.375000000000000167e-01,3.833397081821769692e-02,4.702226956833800708e-02,7.238839767591816188e-02,6.441304966191360726e-02,1.095823725595474196e-01,-1.269542336218232870e-01,8.449209245999178552e-02,9.045298574388385693e-02,9.690205917481650166e-01,-1.147705052216418942e-01,1.041801915014498725e+01,2.230673243680372786e-02,2.360446690226399025e-02,2.229965993954922260e-02,2.254505961148985105e-02,1.517230191095058356e-01,1.560740123238828492e-01,1.516989648086827513e-01,1.525313770274091263e-01
2.399999999999999911e-01,3.827533505438542732e-02,4.709193082738701713e-02,7.243693414322530111e-02,6.438249697492957890e-02,1.101617229199196718e-01,-1.263166235740345589e-01,8.452886201532312793e-02,9.153487930086248725e-02,9.687340798569120670e-01,-1.144390058359629758e-01,1.041952993711683106e+01,2.230310571508382911e-02,2.361444138218058916e-02,2.229744878455358625e-02,2.254243123972184126e-02,1.517331179740770142e-01,1.561300680631539928e-01,1.517138740590662782e-01,1.525450387686470566e-01
2.424999999999999933e-01,3.821683387701835244e-02,4.716152890931905178e-02,7.248528509161936140e-02,6.435021176183647329e-02,1.107402973556138454e-01,-1.256796262939879616e-01,8.456535033986883887e-02,9.261440885483857022e-02,9.684483967280399508e-01,-1.141074955849863126e-01,1.042105491942492179e+01,2.229944771485093194e-02,2.362438138263156517e-02,2.229523605516275583e-02,2.253974257167311659e-02,1.517430507914269144e-01,1.561859560289823035e-01,1.517287203856479694e-01,1.525584380367392412e-01
2.449999999999999956e-01,3.815846843146993711e-02,4.723106298629727723e-02,7.253345093833474255e-02,6.431620247135755308e-02,1.113180965536508249e-01,-1.250432358465984606e-01,8.460155791981480156e-02,9.369156943525179526e-02,9.681635423867035461e-01,-1.137759760746785559e-01,1.042259407826187712e+01,2.229575849855677111e-02,2.363428689710378797e-02,2.229302176777396213e-02,2.253699376907596780e-02,1.517528176328322709e-01,1.562416761037400126e-01,1.517435037682113019e-01,1.525715751806545339e-01
2.474999999999999978e-01,3.810023984868550484e-02,4.730053222798261819e-02,7.258143209977800658e-02,6.428047775264747465e-02,1.118951212674448165e-01,-1.244074463363401828e-01,8.463748524124548034e-02,9.476635635559541027e-02,9.678795168540481608e-01,-1.134444489068823919e-01,1.042414739489770703e+01,2.229203812870963683e-02,2.364415791894253216e-02,2.229080593874964086e-02,2.253418499433526914e-02,1.517624185704075646e-01,1.562972281696850818e-01,1.517582241869339377e-01,1.525844505521517791e-01
2.500000000000000000e-01,3.804214924520867014e-02,4.736993580156551725e-02,7.262922899147322697e-02,6.424304645485301446e-02,1.124713723157486772e-01,-1.237722519068974458e-01,8.467313279008609195e-02,9.583876521021039707e-02,9.675963201472198572e-01,-1.131129156791597090e-01,1.042571485068122072e+01,2.228828666786998591e-02,2.365399444135291018e-02,2.228858858441744306e-02,2.253131641050839726e-02,1.517718536770916726e-01,1.563526121089681697e-01,1.517728816223880006e-01,1.525970645057199149e-01
2.525000000000000022e-01,3.798419772319082399e-02,4.743927287179716679e-02,7.267684202800690774e-02,6.420391762666574631e-02,1.130468505815797053e-01,-1.231376467408204639e-01,8.470850105204423552e-02,9.690879187108057680e-02,9.673139522793754441e-01,-1.127813779846367215e-01,1.042729642704142456e+01,2.228450417864613273e-02,2.366379645740129475e-02,2.228636972107025591e-02,2.252838818128533385e-02,1.517811230266348788e-01,1.564078278036394321e-01,1.517874760555404934e-01,1.526094173985187430e-01
2.550000000000000044e-01,3.792638637040336713e-02,4.750854260102017890e-02,7.272427162297287473e-02,6.416310051586472663e-02,1.136215570111277773e-01,-1.225036250591896164e-01,8.474359051255231368e-02,9.797643248462996335e-02,9.670324132596954669e-01,-1.124498374118512167e-01,1.042889210548892720e+01,2.228069072368998524e-02,2.367356396001672400e-02,2.228414936496622353e-02,2.252540047096896272e-02,1.517902266935857725e-01,1.564628751356552383e-01,1.518020074677533526e-01,1.526215095903200314e-01
2.575000000000000067e-01,3.786871626025303805e-02,4.757774414919847122e-02,7.277151818891659796e-02,6.412060456884953463e-02,1.141954926126471925e-01,-1.218701811212836716e-01,8.477840165670910699e-02,9.904168346852507132e-02,9.667517030933950872e-01,-1.121182955446010931e-01,1.043050186761726827e+01,2.227684636569287474e-02,2.368329694199230312e-02,2.228192753232875745e-02,2.252235344445555412e-02,1.517991647532785926e-01,1.565177539868848611e-01,1.518164758407836434e-01,1.526333414434492552e-01
2.600000000000000089e-01,3.781118845179975291e-02,4.764687667394709725e-02,7.281858213727968043e-02,6.407643943016259891e-02,1.147686584553318234e-01,-1.212373092242563927e-01,8.481293496922188979e-02,1.001045415084828721e-01,9.664718217817359625e-01,-1.117867539617950073e-01,1.043212569510427734e+01,2.227297116738142721e-02,2.369299539598660256e-02,2.227970423934658162e-02,2.251924726721544340e-02,1.518079372818204875e-01,1.565724642391171928e-01,1.518308811567838923e-01,1.526449133227278654e-01
2.625000000000000111e-01,3.775380398977735280e-02,4.771593933056092474e-02,7.286546387834376415e-02,6.403061494200079640e-02,1.153410556681748189e-01,-1.206050037028188332e-01,8.484719093434839321e-02,1.011650035550877291e-01,9.661927693220379032e-01,-1.114552142373045618e-01,1.043376356971338481e+01,2.226906519151352487e-02,2.370265931452503888e-02,2.227747950217374637e-02,2.251608210527390047e-02,1.518165443560791916e-01,1.566270057740671851e-01,1.518452233983020871e-01,1.526562255954162228e-01
2.650000000000000133e-01,3.769656390461686990e-02,4.778493127204283542e-02,7.291216382117425565e-02,6.398314114371475569e-02,1.159126854388145000e-01,-1.199732589289292106e-01,8.488117003583832421e-02,1.022230668206173809e-01,9.659145457076938612e-01,-1.111236779398182550e-01,1.043541547329492403e+01,2.226512850087432327e-02,2.371228869000125555e-02,2.227525333692967346e-02,2.251285812519218665e-02,1.518249860536706186e-01,1.566813784733822601e-01,1.518595025482817884e-01,1.526672786311565611e-01
2.675000000000000155e-01,3.763946921247263849e-02,4.785385164913153605e-02,7.295868237356445407e-02,6.393402827129636423e-02,1.164835490123665579e-01,-1.193420693114895098e-01,8.491487275687621683e-02,1.032787287758799855e-01,9.656371509281805876e-01,-1.107921466326967919e-01,1.043708138778739603e+01,2.226116115827234815e-02,2.372188351467849343e-02,2.227302575969918041e-02,2.250957549404881269e-02,1.518332624529468988e-01,1.567355822186488334e-01,1.518737185900623787e-01,1.526780728019171141e-01
2.700000000000000178e-01,3.758252091525039057e-02,4.792269961032832870e-02,7.300501994197859668e-02,6.388328675685329971e-02,1.170536476902429568e-01,-1.187114292960487066e-01,8.494829958002270143e-02,1.043319871470655552e-01,9.653605849690738427e-01,-1.104606218738299478e-01,1.043876129521873253e+01,2.225716322653565130e-02,2.373144378069094729e-02,2.227079678653253250e-02,2.250623437942097724e-02,1.518413736329843333e-01,1.567896168913984756e-01,1.518878715073789798e-01,1.526886084819363831e-01
2.725000000000000200e-01,3.752572000063845309e-02,4.799147430192348546e-02,7.305117693149530689e-02,6.383092722806976704e-02,1.176229828289596657e-01,-1.180813333645141239e-01,8.498145098715706447e-02,1.053828399126101045e-01,9.650848478120612750e-01,-1.101291052154951267e-01,1.044045517770752340e+01,2.225313476850805314e-02,2.374096948004513277e-02,2.226856643344548095e-02,2.250283494936620998e-02,1.518493196735717088e-01,1.568434823731142125e-01,1.519019612843625910e-01,1.526988860476679311e-01
2.750000000000000222e-01,3.746906744214079793e-02,4.806017486802183214e-02,7.309715374575102842e-02,6.377696050765369051e-02,1.181915558389327464e-01,-1.174517760348697121e-01,8.501432745941947533e-02,1.064312853000770470e-01,9.648099394349575197e-01,-1.097975982042168341e-01,1.044216301746423703e+01,2.224907584704545471e-02,2.375046060462122563e-02,2.226633471641930456e-02,2.249937737240418484e-02,1.518571006551988622e-01,1.568971785452367151e-01,1.519159879055400064e-01,1.527089058777258423e-01
2.775000000000000244e-01,3.741256419911274250e-02,4.812880045056759648e-02,7.314295078688290430e-02,6.372139761276837677e-02,1.187593681832644077e-01,-1.168227518609015469e-01,8.504692947715321305e-02,1.074773217830549132e-01,9.645358598117177440e-01,-1.094661023806279970e-01,1.044388479679239801e+01,2.224498652501221210e-02,2.375991714617441478e-02,2.226410165140086522e-02,2.249586181749875860e-02,1.518647166590451347e-01,1.569507052891703780e-01,1.519299513558339254e-01,1.527186683528307665e-01
2.800000000000000266e-01,3.735621121679869039e-02,4.819735018936857629e-02,7.318856845547185019e-02,6.366424975444977263e-02,1.193264213765197895e-01,-1.161942554319310567e-01,8.507925751984730944e-02,1.085209480780743307e-01,9.642626089124529676e-01,-1.091346192793319625e-01,1.044562049808976667e+01,2.224086686527759413e-02,2.376933909633623457e-02,2.226186725430265995e-02,2.249228845404016575e-02,1.518721677669683801e-01,1.570040624862892864e-01,1.519438516205629530e-01,1.527281738557561552e-01
2.825000000000000289e-01,3.730000942637205774e-02,4.826582322211959986e-02,7.323400715048555831e-02,6.360552833700673647e-02,1.198927169834944073e-01,-1.155662813725561178e-01,8.511131206607908117e-02,1.095621631415441000e-01,9.639901867034458283e-01,-1.088031504287663431e-01,1.044737010384949016e+01,2.223671693071231636e-02,2.377872644661589707e-02,2.225963154100287986e-02,2.248865745182743181e-02,1.518794540614938071e-01,1.570572500179433229e-01,1.519576886854413500e-01,1.527374227712753885e-01
2.850000000000000311e-01,3.724395974497744094e-02,4.833421868442520919e-02,7.327926726922118217e-02,6.354524495740544732e-02,1.204582566179748931e-01,-1.149388243423993677e-01,8.514309359345695327e-02,1.106009661667089472e-01,9.637185931471654587e-01,-1.084716973510674726e-01,1.044913359666122510e+01,2.223253678418513762e-02,2.378807918840162086e-02,2.225739452734546570e-02,2.248496898105094982e-02,1.518865756258034050e-01,1.571102677654639124e-01,1.519714625365791993e-01,1.527464154861092605e-01
2.875000000000000333e-01,3.718806307577459530e-02,4.840253570982152448e-02,7.332434920724817395e-02,6.348341140463628629e-02,1.210230419414913827e-01,-1.143118790358645248e-01,8.517460257856346306e-02,1.116373565806292878e-01,9.634478282022834739e-01,-1.081402615619361934e-01,1.045091095921223001e+01,2.222832648855954663e-02,2.379739731296195288e-02,2.225515622914017028e-02,2.248122321227527531e-02,1.518935325437252848e-01,1.571631156101699622e-01,1.519851731604821565e-01,1.527551523888739105e-01
2.899999999999999800e-01,3.713232030798462036e-02,4.847077342979740772e-02,7.336925335835117745e-02,6.342003965906277407e-02,1.215870746620644899e-01,-1.136854401819005905e-01,8.520583949689833347e-02,1.126713340411834713e-01,9.631778918236910680e-01,-1.078088445705045056e-01,1.045270217428848092e+01,2.222408610669051460e-02,2.380668081144709028e-02,2.225291666216263134e-02,2.247742031642209481e-02,1.519003248997231881e-01,1.572157934333735518e-01,1.519988205440513385e-01,1.527636338700293916e-01
2.924999999999999822e-01,3.707673231693765781e-02,4.853893097381486305e-02,7.341398011447253236e-02,6.335514189175225908e-02,1.221503565329466051e-01,-1.130595025437732548e-01,8.523680482282199045e-02,1.137028984340954368e-01,9.629087839625146694e-01,-1.074774478792033666e-01,1.045450722477570871e+01,2.221981570142132420e-02,2.381592967489018497e-02,2.225067584215443400e-02,2.247356046475337127e-02,1.519069527788864948e-01,1.572683011163857059e-01,1.520124046745832125e-01,1.527718603218287396e-01
2.949999999999999845e-01,3.702129996412283769e-02,4.860700746932862526e-02,7.345852986565525045e-02,6.328873046378695466e-02,1.227128893513582397e-01,-1.124340609188457102e-01,8.526749902949898319e-02,1.147320498699863911e-01,9.626405045661325932e-01,-1.071460729836310605e-01,1.045632609366045962e+01,2.221551533558048519e-02,2.382514389420866893e-02,2.224843378482318362e-02,2.246964382885470804e-02,1.519134162669201760e-01,1.573206385405221397e-01,1.520259255397695686e-01,1.527798321382675406e-01
2.974999999999999867e-01,3.696602409723954291e-02,4.867500204180476991e-02,7.350290299998553378e-02,6.322081792555581115e-02,1.232746749572209144e-01,-1.118091101383652669e-01,8.529792258884198730e-02,1.157587886814535061e-01,9.623730535781931383e-01,-1.068147213724228023e-01,1.045815876403109890e+01,2.221118507197870212e-02,2.383432346020554829e-02,2.224619050584258906e-02,2.246567058061886557e-02,1.519197154501350511e-01,1.573728055871086440e-01,1.520393831276970198e-01,1.527875497150339434e-01
2.999999999999999889e-01,3.691090555025068609e-02,4.874291381473885854e-02,7.354709990353582028e-02,6.315141701602573765e-02,1.238357152318859122e-01,-1.111846450672596270e-01,8.532807597145572465e-02,1.167831154201745270e-01,9.621064309386324620e-01,-1.064833945271206339e-01,1.046000521907885172e+01,2.220682497340594613e-02,2.384346836357071134e-02,2.224394602085253553e-02,2.246164089222948620e-02,1.519258504154380740e-01,1.574248021374867745e-01,1.520527774268470300e-01,1.527950134494591439e-01
3.024999999999999911e-01,3.685594514343722844e-02,4.881074190967282095e-02,7.359112096030720473e-02,6.308054066199159093e-02,1.243960120968615191e-01,-1.105606606039402640e-01,8.535795964658139667e-02,1.178050308540414398e-01,9.618406365836909000e-01,-1.061520939220443466e-01,1.046186544209873404e+01,2.220243510262858572e-02,2.385257859488223650e-02,2.224170034545916788e-02,2.245755493614499942e-02,1.519318212503232013e-01,1.574766280730192647e-01,1.520661084260955809e-01,1.528022237404687012e-01
3.049999999999999933e-01,3.680114368345446807e-02,4.887848544621146291e-02,7.363496655217267872e-02,6.300820197730500061e-02,1.249555675125378906e-01,-1.099371516801140591e-01,8.538757408204129817e-02,1.188245359643206878e-01,9.615756704459332838e-01,-1.058208210241630143e-01,1.046373941649055794e+01,2.219801552238660075e-02,2.386165414460768644e-02,2.223945349523497733e-02,2.245341288508270056e-02,1.519376280428620107e-01,1.575282832750955209e-01,1.520793761147129219e-01,1.528091809885338270e-01
3.074999999999999956e-01,3.674650196338969527e-02,4.894614354203775941e-02,7.367863705881991243e-02,6.293441426208019884e-02,1.255143834769111844e-01,-1.093141132606026689e-01,8.541691974418377797e-02,1.198416319428442234e-01,9.613115324542649276e-01,-1.054895772929667491e-01,1.046562712575983767e+01,2.219356629539086939e-02,2.387069500310540562e-02,2.223720548571888819e-02,2.244921491200302377e-02,1.519432708816949862e-01,1.575797676251370072e-01,1.520925804823633765e-01,1.528158855956236739e-01
3.099999999999999978e-01,3.669202076282113145e-02,4.901371531292744721e-02,7.372213285769441127e-02,6.285919100187802033e-02,1.260724620243073024e-01,-1.086915403431698152e-01,8.544599709782835228e-02,1.208563201892293715e-01,9.610482225339531670e-01,-1.051583641803394975e-01,1.046752855351874700e+01,2.218908748432053477e-02,2.387970116062582138e-02,2.223495633241635502e-02,2.244496119009398855e-02,1.519487498560225802e-01,1.576310810046024635e-01,1.521057215191048140e-01,1.528223379651576508e-01
3.125000000000000000e-01,3.663770084787829062e-02,4.908119987276264584e-02,7.376545432394235324e-02,6.278254586686562999e-02,1.266298052241058014e-01,-1.080694279583569867e-01,8.547480660621140092e-02,1.218686023081293340e-01,9.607857406066446782e-01,-1.048271831304317392e-01,1.046944368348698262e+01,2.218457915182044798e-02,2.388867260731273798e-02,2.223270605079944937e-02,2.244065189275583350e-02,1.519540650555968320e-01,1.576822232949932900e-01,1.521187992153885671e-01,1.528285385019586828e-01
3.150000000000000022e-01,3.658354297130340937e-02,4.914859633354495133e-02,7.380860183035437005e-02,6.270449271095231147e-02,1.271864151794649123e-01,-1.074477711693261062e-01,8.550334873093196064e-02,1.228784801065137544e-01,9.605240865903855729e-01,-1.044960355795339357e-01,1.047137249949268245e+01,2.218004136049868402e-02,2.389760933320463077e-02,2.223045465630696382e-02,2.243628719358581672e-02,1.519592165707128739e-01,1.577331943778587653e-01,1.521318135620589318e-01,1.528344876122065821e-01
3.175000000000000044e-01,3.652954787251416063e-02,4.921590380540722537e-02,7.385157574730839836e-02,6.262504557090096957e-02,1.277422940260487527e-01,-1.068265650717108300e-01,8.553162393189801815e-02,1.238859555909820470e-01,9.602632603996414939e-01,-1.041649229559500761e-01,1.047331498547325168e+01,2.217547417292414086e-02,2.390651132823594371e-02,2.222820216434451268e-02,2.243186726636321043e-02,1.519642044922009383e-01,1.577839941348011255e-01,1.521447645503528068e-01,1.528401857033921396e-01
3.200000000000000067e-01,3.647571627766729024e-02,4.928312139662466979e-02,7.389437644271379391e-02,6.254421866541394481e-02,1.282974439307559833e-01,-1.062058047934752864e-01,8.555963266727305283e-02,1.248910309651067030e-01,9.600032619453167104e-01,-1.038338466798715831e-01,1.047527112547623496e+01,2.217087765162420801e-02,2.391537858223838353e-02,2.222594859028463252e-02,2.242739228503445176e-02,1.519690289114185577e-01,1.578346224474808934e-01,1.521576521718993602e-01,1.528456331842715232e-01
3.225000000000000089e-01,3.642204889972348175e-02,4.935024821362513775e-02,7.393700428195455754e-02,6.246202639419350111e-02,1.288518670904526819e-01,-1.055854854947806815e-01,8.558737539342316236e-02,1.258937086268100969e-01,9.597440911347761006e-01,-1.035028081632514974e-01,1.047724090366011573e+01,2.216625185908251139e-02,2.392421108494221724e-02,2.222369394946689322e-02,2.242286242369848775e-02,1.519736899202425162e-01,1.578850791976217915e-01,1.521704764187195302e-01,1.528508304648212301e-01
3.250000000000000111e-01,3.636854643851290120e-02,4.941728336099839025e-02,7.397945962783364360e-02,6.237848333697523784e-02,1.294055657307075224e-01,-1.049656023678591094e-01,8.561485256486428552e-02,1.268939911657727682e-01,9.594857478718648025e-01,-1.031718088096783836e-01,1.047922430429514229e+01,2.216159685773673449e-02,2.393300882597757320e-02,2.222143825719800209e-02,2.241827785659228009e-02,1.519781876110616881e-01,1.579353642670158486e-01,1.521832372832255253e-01,1.528557779561934837e-01
3.275000000000000133e-01,3.631520958080168560e-02,4.948422594150455461e-02,7.402174284051683817e-02,6.229360425253534922e-02,1.299585421045324762e-01,-1.043461506368957570e-01,8.564206463421003557e-02,1.278918813608745098e-01,9.592282320569296417e-01,-1.028408500142507231e-01,1.048122131176408800e+01,2.215691270997652285e-02,2.394177179487573179e-02,2.221918152875192870e-02,2.241363875807648662e-02,1.519825220767695717e-01,1.579854775375284792e-01,1.521959347582205746e-01,1.528604760706720744e-01
3.300000000000000155e-01,3.626203900035931266e-02,4.955107505608170176e-02,7.406385427747728956e-02,6.220740407766991303e-02,1.305107984911277330e-01,-1.037271255579182705e-01,8.566901205212001935e-02,1.288873821776693185e-01,9.589715435868401139e-01,-1.025099331634512084e-01,1.048323191056304360e+01,2.215219947814145440e-02,2.395049998107042985e-02,2.221692377937000556e-02,2.240894530262131645e-02,1.519866934107572676e-01,1.580354188911033131e-01,1.522085688368981504e-01,1.528649252216288390e-01
3.325000000000000178e-01,3.620903535802659501e-02,4.961782980385235492e-02,7.410579429343983060e-02,6.211989792614630579e-02,1.310623371946318949e-01,-1.031085224186926996e-01,8.569569526724808706e-02,1.298804967658922227e-01,9.587156823550107010e-01,-1.021790596350208996e-01,1.048525608530213482e+01,2.214745722451907928e-02,2.395919337389916873e-02,2.221466502426105646e-02,2.240419766479254809e-02,1.519907017069065669e-01,1.580851882097672467e-01,1.522211395128416633e-01,1.528691258234801953e-01
3.350000000000000200e-01,3.615619930178434055e-02,4.968448928212935989e-02,7.414756324032614754e-02,6.203110108762590474e-02,1.316131605428790818e-01,-1.024903365386285181e-01,8.572211472619201134e-02,1.308712284569993611e-01,9.584606482514226311e-01,-1.018482307978331863e-01,1.048729382070628269e+01,2.214268601134305667e-02,2.396785196260451528e-02,2.221240527860152136e-02,2.239939601923771062e-02,1.519945470595833459e-01,1.581347853756353006e-01,1.522336467800238236e-01,1.528730782916444819e-01
3.375000000000000222e-01,3.610353146682254016e-02,4.975105258642072148e-02,7.418916146719933824e-02,6.194102902655818088e-02,1.321632708861617544e-01,-1.018725632686891397e-01,8.574827087344231991e-02,1.318595807617432281e-01,9.582064411626459721e-01,-1.015174480117676803e-01,1.048934510161588562e+01,2.213788590079133339e-02,2.397647573633540988e-02,2.221014455753557090e-02,2.239454054067244876e-02,1.519982295636309322e-01,1.581842102709154207e-01,1.522460906328060581e-01,1.528767830424995477e-01
3.400000000000000244e-01,3.605103247561024238e-02,4.981751881043344071e-02,7.423058932020989986e-02,6.184969738104446890e-02,1.327126705960017805e-01,-1.012551979913107608e-01,8.577416415133287675e-02,1.328455573677791157e-01,9.579530609718623912e-01,-1.011867126275840800e-01,1.049140991298753178e+01,2.213305695498442652e-02,2.398506468414847784e-02,2.220788287617524170e-02,2.238963140386702674e-02,1.520017493143640264e-01,1.582334627779133363e-01,1.522584710659379836e-01,1.528802404933409520e-01
3.425000000000000266e-01,3.599870293796562232e-02,4.988388704607675528e-02,7.427184714254080056e-02,6.175712196167246898e-02,1.332613620639276353e-01,-1.006382361203274067e-01,8.579979499999092207e-02,1.338291621373058071e-01,9.577005075588888028e-01,-1.008560259867952169e-01,1.049348823989467228e+01,2.212819923598375454e-02,2.399361879500934783e-02,2.220562024960056127e-02,2.238466878363302645e-02,1.520051064075624569e-01,1.582825427790373052e-01,1.522707880745566844e-01,1.528834510623402754e-01
3.450000000000000289e-01,3.594654345112667515e-02,4.995015638346394365e-02,7.431293527435382795e-02,6.166331875031965531e-02,1.338093477002615661e-01,-1.000216731009029858e-01,8.582516385728823638e-02,1.348103991047406025e-01,9.574487808001993505e-01,-1.005253894215403648e-01,1.049558006752825889e+01,2.212331280579006576e-02,2.400213805779397025e-02,2.220335669285968677e-02,2.237965285481016697e-02,1.520083009394654072e-01,1.583314501568028887e-01,1.522830416541862131e-01,1.528864151685042638e-01
3.475000000000000311e-01,3.589455459982193730e-02,5.001632591091405983e-02,7.435385405273564619e-02,6.156830389892591071e-02,1.343566299329145841e-01,-9.940550440947117095e-02,8.585027115879269310e-02,1.357892724744267920e-01,9.571978805689497216e-01,-1.001948042544574397e-01,1.049768538119740846e+01,2.211839772634190820e-02,2.401062246128994257e-02,2.220109222096903340e-02,2.237458379225332541e-02,1.520113330067657809e-01,1.583801847938377805e-01,1.522952318007368133e-01,1.528891332316340834e-01
3.500000000000000333e-01,3.584273695634190848e-02,5.008239471495194023e-02,7.439460381164442193e-02,6.147209372823462387e-02,1.349032112061909205e-01,-9.878972555367943054e-02,8.587511733771981126e-02,1.367657866183744075e-01,9.569478067350012385e-01,-9.986427179855542069e-02,1.049980416633001745e+01,2.211345405951419679e-02,2.401907199419783118e-02,2.219882684891342356e-02,2.236946177081968259e-02,1.520142027066045121e-01,1.584287465728861921e-01,1.523073585105042815e-01,1.528916056722851025e-01
3.524999999999999800e-01,3.579109108061009209e-02,5.014836188030775965e-02,7.443518488185699167e-02,6.137470472650170122e-02,1.354490939796021420e-01,-9.817433207234264880e-02,8.589970282488579301e-02,1.377399460740341419e-01,9.566985591649451726e-01,-9.953379335708592568e-02,1.050193640847336063e+01,2.210848186711683941e-02,2.402748664513251753e-02,2.219656059164621525e-02,2.236428696535604568e-02,1.520169101365654862e-01,1.584771353768137936e-01,1.523194217801691619e-01,1.528938329117270345e-01
3.549999999999999822e-01,3.573961752025467398e-02,5.021422648991571286e-02,7.447559759091587628e-02,6.127615354817292359e-02,1.359942807266918408e-01,-9.755931953539982715e-02,8.592402804866020039e-02,1.387117555421055748e-01,9.564501377221261702e-01,-9.920337022341410571e-02,1.050408209329468789e+01,2.210348121089343240e-02,2.403586640262452348e-02,2.219429346408945472e-02,2.235905955068631309e-02,1.520194553946703220e-01,1.585253510886122097e-01,1.523314216067961357e-01,1.528958153719046364e-01
3.574999999999999845e-01,3.568831681067982653e-02,5.027998762491156515e-02,7.451584226307722547e-02,6.117645701252744789e-02,1.365387739338705109e-01,-9.694468354387941744e-02,8.594809343491952025e-02,1.396812198843759567e-01,9.562025422666691199e-01,-9.887300368088905445e-02,1.050624120658179450e+01,2.209845215252003239e-02,2.404421125512136784e-02,2.219202548113402215e-02,2.235377970159909897e-02,1.520218385793735139e-01,1.585733935914035442e-01,1.523433579878331334e-01,1.528975534753984900e-01
3.599999999999999867e-01,3.563718947513743601e-02,5.034564436462973802e-02,7.455591921925877608e-02,6.107563210228894590e-02,1.370825760992620546e-01,-9.633041972986927659e-02,8.597189940700153410e-02,1.406483441215936048e-01,9.559557726555019119e-01,-9.854269500271357896e-02,1.050841373424358061e+01,2.209339475360398708e-02,2.405252119098891250e-02,2.218975665763977742e-02,2.234844759283551030e-02,1.520240597895576862e-01,1.586212627684451815e-01,1.523552309211106126e-01,1.528990476453866709e-01
3.624999999999999889e-01,3.558623602479835113e-02,5.041119578659903483e-02,7.459582877698843484e-02,6.097369596220316573e-02,1.376256897315612793e-01,-9.571652375649276900e-02,8.599544638565972954e-02,1.416131334313726620e-01,9.557098287423830829e-01,-9.821244545181320729e-02,1.051059966231058951e+01,2.208830907568283888e-02,2.406079619851271556e-02,2.218748700843571273e-02,2.234306339907706634e-02,1.520261191245290688e-01,1.586689585031340333e-01,1.523670404048407534e-01,1.529002983056061415e-01
3.649999999999999911e-01,3.553545695882402711e-02,5.047664096653785987e-02,7.463557125035315265e-02,6.087066589758127755e-02,1.381681173489041348e-01,-9.510299131789028138e-02,8.601873478901876646e-02,1.425755931461298587e-01,9.554647103779266848e-01,-9.788225628070423845e-02,1.051279897693552812e+01,2.208319518022330147e-02,2.406903626589940171e-02,2.218521654832010526e-02,2.233762729493377411e-02,1.520280166840130565e-01,1.587164806790112015e-01,1.523787864376164869e-01,1.529013058803151970e-01
3.674999999999999933e-01,3.548485276443737180e-02,5.054197897834847297e-02,7.467514694994842328e-02,6.076655937280896896e-02,1.387098614777494965e-01,-9.448981813920658002e-02,8.604176503253035957e-02,1.435357287510534430e-01,9.552204174096283751e-01,-9.755212873136119567e-02,1.051501166439378565e+01,2.207805312862029176e-02,2.407724138127803268e-02,2.218294529206068025e-02,2.233213945493234959e-02,1.520297525681501838e-01,1.587638291797665024e-01,1.523904690184107458e-01,1.529020707942558288e-01
3.699999999999999956e-01,3.543442391699386934e-02,5.060720889411043921e-02,7.471455618282787925e-02,6.066139400982106106e-02,1.392509246517742993e-01,-9.387699997658241480e-02,8.606453752892963271e-02,1.444935458821028640e-01,9.549769496818925063e-01,-9.722206403508318329e-02,1.051723771108392569e+01,2.207288298219603484e-02,2.408541153270147769e-02,2.218067325439475670e-02,2.232660005350458124e-02,1.520313268774920179e-01,1.588110038892428244e-01,1.524020881465754651e-01,1.529025934726166436e-01
3.724999999999999978e-01,3.538417088005225281e-02,5.067232978407314181e-02,7.475379925245374813e-02,6.055518758654131889e-02,1.397913094107817999e-01,-9.326453261715234033e-02,8.608705268819205614e-02,1.454490503240401800e-01,9.547343070360586603e-01,-9.689206341235954978e-02,1.051947710352815513e+01,2.206768480219922779e-02,2.409354670814780816e-02,2.217840045002942434e-02,2.232100926497584265e-02,1.520327397129972724e-01,1.588580046914405408e-01,1.524136438218407219e-01,1.529028743409961977e-01
3.750000000000000000e-01,3.533409410544472579e-02,5.073734071664746242e-02,7.479287645864754475e-02,6.044795803528664468e-02,1.403310182996223843e-01,-9.265241187904657560e-02,8.610931091749153554e-02,1.464022480084912203e-01,9.544924893104284047e-01,-9.656212807273438503e-02,1.052172982837279847e+01,2.206245864980427296e-02,2.410164689552168546e-02,2.217612689364169623e-02,2.231536726355373007e-02,1.520339911760283935e-01,1.589048314705221177e-01,1.524251360443137915e-01,1.529029138253664710e-01
3.775000000000000022e-01,3.528419403334710769e-02,5.080224075839698261e-02,7.483178809754141569e-02,6.033972344113589653e-02,1.408700538671299463e-01,-9.204063361139701305e-02,8.613131262115836240e-02,1.473531450120375286e-01,9.542514963402940475e-01,-9.623225921466994903e-02,1.052399587238875256e+01,2.205720458611057019e-02,2.410971208265575913e-02,2.217385259987867882e-02,2.230967422331687003e-02,1.520350813683477298e-01,1.589514841108161936e-01,1.524365648144779817e-01,1.529027123520369236e-01
3.800000000000000044e-01,3.523447109234809083e-02,5.086702897402782531e-02,7.487053446152963643e-02,6.023050204026300647e-02,1.414084186650707842e-01,-9.142919369434876486e-02,8.615305820063824671e-02,1.483017475543374208e-01,9.540113279579646166e-01,-9.590245802540926789e-02,1.052627522247190761e+01,2.205192267214188193e-02,2.411774225731208240e-02,2.217157758335773846e-02,2.230393031820384481e-02,1.520360103921145900e-01,1.589979624968222427e-01,1.524479301331919112e-01,1.529022703476188849e-01
3.825000000000000067e-01,3.518492569951846977e-02,5.093170442637819095e-02,7.490911583922127415e-02,6.012031221823382898e-02,1.419461152471078458e-01,-9.081808803907513716e-02,8.617454805445204369e-02,1.492480619962766319e-01,9.537719839927966126e-01,-9.557272568083738373e-02,1.052856786564358238e+01,2.204661296884573990e-02,2.412573740718352427e-02,2.216930185866667832e-02,2.229813572200225330e-02,1.520367783498817182e-01,1.590442665132146549e-01,1.524592320016881775e-01,1.529015882389900549e-01
3.850000000000000089e-01,3.513555826047948250e-02,5.099626617640679732e-02,7.494753251539254535e-02,6.000917250826677540e-02,1.424831461677798783e-01,-9.020731258779601802e-02,8.619578257815579958e-02,1.501920948381472443e-01,9.535334642712198772e-01,-9.524306334534152207e-02,1.053087378905091853e+01,2.204127553709292822e-02,2.413369751989519543e-02,2.216702544036389805e-02,2.229229060833792103e-02,1.520373853445926016e-01,1.590903960448473153e-01,1.524704704215724405e-01,1.529006664532597259e-01
3.875000000000000111e-01,3.508636916947073525e-02,5.106071328318067398e-02,7.498578477094065831e-02,5.989710158945673463e-02,1.430195139814945116e-01,-8.959686331380098401e-02,8.621676216430179673e-02,1.511338527178551494e-01,9.532957686167685685e-01,-9.491347217167014905e-02,1.053319297996729276e+01,2.203591043767701846e-02,2.414162258300588462e-02,2.216474834297858104e-02,2.228639515066424548e-02,1.520378314795785002e-01,1.591363509767576290e-01,1.524816453948222850e-01,1.528995054177339497e-01
3.900000000000000133e-01,3.503735880941763470e-02,5.112504480386235312e-02,7.502387288283726696e-02,5.978411828496212749e-02,1.435552212415386886e-01,-8.898673622147500184e-02,8.623748720240016763e-02,1.520733424091540165e-01,9.530588968501092495e-01,-9.458395330079061303e-02,1.053552542579267914e+01,2.203051773131397065e-02,2.414951258400950540e-02,2.216247058101086798e-02,2.228044952225165937e-02,1.520381168585557552e-01,1.591821311941710448e-01,1.524927569237860547e-01,1.528981055598813699e-01
3.925000000000000155e-01,3.498852755199774456e-02,5.118925979369597090e-02,7.506179712408325710e-02,5.967024156015551112e-02,1.440902704991027516e-01,-8.837692734632754399e-02,8.625795807888093913e-02,1.530105708199080983e-01,9.528228487890716414e-01,-9.425450786174563444e-02,1.053787111405403110e+01,2.202509747864178288e-02,2.415736751033653595e-02,2.216019216893203372e-02,2.227445389617723967e-02,1.520382415856232627e-01,1.592277365825050250e-01,1.525038050111816867e-01,1.528964673072990832e-01
3.950000000000000178e-01,3.493987575770689941e-02,5.125335730599293871e-02,7.509955776366360192e-02,5.955549052073644961e-02,1.446246643023215150e-01,-8.776743275502507657e-02,8.627817517705724248e-02,1.539455449903791850e-01,9.525876242486770451e-01,-9.392513697150854657e-02,1.054023003240562950e+01,2.201964974022019988e-02,2.416518734935549015e-02,2.215791312118467124e-02,2.226840844531444152e-02,1.520382057652601981e-01,1.592731670273735689e-01,1.525147896600955455e-01,1.528945910876791103e-01
3.975000000000000200e-01,3.489140377592411801e-02,5.131733639211692038e-02,7.513715506650330000e-02,5.943988441080717139e-02,1.451584051953310750e-01,-8.715824854542519873e-02,8.629813887708893960e-02,1.548782720915405087e-01,9.523532230411696498e-01,-9.359584173483685710e-02,1.054260216862942556e+01,2.201417457653048054e-02,2.417297208837438857e-02,2.215563345218286850e-02,2.226231334232296050e-02,1.520380095023235734e-01,1.593184224145912931e-01,1.525257108739812295e-01,1.528924773287750338e-01
4.000000000000000222e-01,3.484311194497619057e-02,5.138119610146771321e-02,7.517458929342329954e-02,5.932344261091094390e-02,1.456914957173423564e-01,-8.654937084661407098e-02,8.631784955594666575e-02,1.558087594234159046e-01,9.521196449760480629e-01,-9.326662324412493543e-02,1.054498751063537654e+01,2.200867204797521751e-02,2.418072171464223305e-02,2.215335317631240281e-02,2.225616875963873365e-02,1.520376529020463219e-01,1.593635026301775393e-01,1.525365686566580725e-01,1.528901264583688580e-01
4.025000000000000244e-01,3.479500059220096142e-02,5.144493548146508721e-02,7.521186070109756039e-02,5.920618463603277704e-02,1.462239384017306187e-01,-8.594079581894564779e-02,8.633730758737725997e-02,1.567370144134424548e-01,9.518868898600943984e-01,-9.293748257925467382e-02,1.054738604646175482e+01,2.200314221487821228e-02,2.418843621535049851e-02,2.215107230793092463e-02,2.224997486946404812e-02,1.520371360700353280e-01,1.594084075603606210e-01,1.525473630123102831e-01,1.528875389042383404e-01
4.050000000000000266e-01,3.474707003401017458e-02,5.150855357753134772e-02,7.524896954201076849e-02,5.908813013356233046e-02,1.467557357751421154e-01,-8.533251965408319983e-02,8.635651334186943140e-02,1.576630446148572229e-01,9.516549574974078052e-01,-9.260842080744523253e-02,1.054979776427546412e+01,2.199758513748439892e-02,2.419611557763463525e-02,2.214879086136814154e-02,2.224373184375779203e-02,1.520364591122694009e-01,1.594531370915820145e-01,1.525580939454850848e-01,1.528847150941246846e-01
4.075000000000000289e-01,3.469932057595099401e-02,5.157204943307372447e-02,7.528591606441611961e-02,5.896929888121887203e-02,1.472868903566176835e-01,-8.472453857504154418e-02,8.637546718662016121e-02,1.585868577051071648e-01,9.514238476894346652e-01,-9.227943898310098092e-02,1.055222265237233081e+01,2.199200087595982317e-02,2.420375978857557120e-02,2.214650885092601593e-02,2.223743985422582323e-02,1.520356221350978587e-01,1.594976911105003836e-01,1.525687614610918286e-01,1.528816554557002605e-01
4.100000000000000311e-01,3.465175251276698953e-02,5.163542208946591411e-02,7.532270051229444929e-02,5.884971078493902302e-02,1.478174046567331534e-01,-8.411684883623148090e-02,8.639416948550213138e-02,1.595084614842813830e-01,9.511935602350016783e-01,-9.195053814765807854e-02,1.055466069917738281e+01,2.198638949039167026e-02,2.421136883520123156e-02,2.214422629087895236e-02,2.223109907231145960e-02,1.520346252452388358e-01,1.595420695039957981e-01,1.525793655644003266e-01,1.528783604165369070e-01
4.125000000000000333e-01,3.460436612845776277e-02,5.169867058602896359e-02,7.535932312531357091e-02,5.872938587672536098e-02,1.483472811767577171e-01,-8.350944672350477105e-02,8.641262059903159765e-02,1.604278638735638918e-01,9.509640949303488355e-01,-9.162171932942930752e-02,1.055711189324513022e+01,2.198075104078834469e-02,2.421894270448806882e-02,2.214194319547399883e-02,2.222470966918609070e-02,1.520334685497777838e-01,1.595862721591736477e-01,1.525899062610394652e-01,1.528748304040743189e-01
4.150000000000000355e-01,3.455716169633801099e-02,5.176179396001182736e-02,7.539578413878855745e-02,5.860834431245837139e-02,1.488765224078285598e-01,-8.290232855420039126e-02,8.643082088433716448e-02,1.613450729137086981e-01,9.507354515691609498e-01,-9.129298354344758670e-02,1.055957622325981937e+01,2.197508558707958817e-02,2.422648138336259624e-02,2.213965957893103409e-02,2.221827181573992130e-02,1.520321521561661948e-01,1.596302989633688607e-01,1.526003835569957889e-01,1.528710658455889881e-01
4.174999999999999822e-01,3.451013947909513380e-02,5.182479124657101560e-02,7.543208378364260613e-02,5.848660636966927090e-02,1.494051308301448389e-01,-8.229549067719112154e-02,8.644877069512930945e-02,1.622600967635336733e-01,9.505076299426036268e-01,-9.096433179130769542e-02,1.056205367803568862e+01,2.196939318911666009e-02,2.423398485870294217e-02,2.213737545544296886e-02,2.221178568257281549e-02,1.520306761722203803e-01,1.596741498041498175e-01,1.526107974586118632e-01,1.528670671681629512e-01
4.199999999999999845e-01,3.446329972884597942e-02,5.188766147875006896e-02,7.546822228636851371e-02,5.836419244527543682e-02,1.499331089121773986e-01,-8.168892947292960560e-02,8.646647038167068477e-02,1.631729436984336590e-01,9.502806298393533524e-01,-9.063576506100638752e-02,1.056454424651720991e+01,2.196367390667255601e-02,2.424145311734039396e-02,2.213509083917595058e-02,2.220525143998527615e-02,1.520290407061205551e-01,1.597178245693224308e-01,1.526211479725850806e-01,1.528628347986535352e-01
4.224999999999999867e-01,3.441664268719256403e-02,5.195040368745820758e-02,7.550419986899099822e-02,5.824112305327790173e-02,1.504604591098979982e-01,-8.108264135349554924e-02,8.648392029074697396e-02,1.640836221089133629e-01,9.500544510456352398e-01,-9.030728432678096496e-02,1.056704791777930730e+01,2.195792779944226794e-02,2.424888614606097656e-02,2.213280574426955416e-02,2.219866925796953536e-02,1.520272458664095327e-01,1.597613231469341699e-01,1.526314351059656349e-01,1.528583691636626052e-01
4.249999999999999889e-01,3.437016858527655594e-02,5.201301690144867484e-02,7.554001674903002006e-02,5.811741882241994173e-02,1.509871838660249987e-01,-8.047662276264236358e-02,8.650112076563899743e-02,1.649921404991353813e-01,9.498290933452558926e-01,-8.997889054894621375e-02,1.056956468102760383e+01,2.195215492704309657e-02,2.425628393160702417e-02,2.213052018483699715e-02,2.219203930620075940e-02,1.520252917619920874e-01,1.598046454252779192e-01,1.526416588661551887e-01,1.528536706895067265e-01
4.274999999999999911e-01,3.432387764383265649e-02,5.207550014729647736e-02,7.557567313946399190e-02,5.799310049380897863e-02,1.515132856092886449e-01,-7.987087017584158788e-02,8.651807214609502639e-02,1.658985074854876784e-01,9.496045565196385985e-01,-8.965058467372929996e-02,1.057209452559859209e+01,2.194635534901499818e-02,2.426364646067875885e-02,2.212823417496533052e-02,2.218536175402837513e-02,1.520231785021340654e-01,1.598477912928959466e-01,1.526518192609051805e-01,1.528487398021871890e-01
4.299999999999999933e-01,3.427777007324085690e-02,5.213785244937580582e-02,7.561116924869483447e-02,5.786818891849968005e-02,1.520387667537132503e-01,-7.926538010032931070e-02,8.653477476830440107e-02,1.668027317951649990e-01,9.493808403478587454e-01,-8.932236763310344441e-02,1.057463744095988289e+01,2.194052912482098022e-02,2.427097371993589686e-02,2.212594772871565377e-02,2.217863677046751081e-02,1.520209061964617747e-01,1.598907606385839286e-01,1.526619162983151035e-01,1.528435769273605860e-01
4.324999999999999956e-01,3.423184607357754317e-02,5.220007282983696317e-02,7.564650528051283795e-02,5.774270505503965173e-02,1.525636296979181461e-01,-7.866014907514835841e-02,8.655122896487157935e-02,1.677048222647663511e-01,9.491579446066797932e-01,-8.899424034461937694e-02,1.057719341671035096e+01,2.193467631384753494e-02,2.427826569599924461e-02,2.212366086012331617e-02,2.217186452419054460e-02,1.520184749549613468e-01,1.599335533513946417e-01,1.526719499868308405e-01,1.528381824903093378e-01
4.349999999999999978e-01,3.418610583466527575e-02,5.226216030858269607e-02,7.568168143406311943e-02,5.761666996697726445e-02,1.530878768244366694e-01,-7.805517367119096939e-02,8.656743506479121220e-02,1.686047878389066723e-01,9.489358690705896882e-01,-8.866620371123559718e-02,1.057976244258035337e+01,2.192879697540511125e-02,2.428552237545230849e-02,2.212137358319813188e-02,2.216504518351877090e-02,1.520158848879782643e-01,1.599761693206419866e-01,1.526819203352428045e-01,1.528325569159129371e-01
4.375000000000000000e-01,3.414054953612147281e-02,5.232411390324449157e-02,7.571669790381189979e-02,5.749010482033199698e-02,1.536115104990538605e-01,-7.745045049123892855e-02,8.658339339342384366e-02,1.695026375688410969e-01,9.487146135118376122e-01,-8.833825862114627614e-02,1.058234450843188590e+01,2.192289116872863167e-02,2.429274374484292551e-02,2.211908591192457765e-02,2.215817891641418125e-02,1.520131361062168895e-01,1.600186084359047634e-01,1.526918273526841618e-01,1.528267006286188889e-01
4.400000000000000022e-01,3.409517734740587225e-02,5.238593262915834659e-02,7.575155487951469591e-02,5.736303088102717718e-02,1.541345330701623106e-01,-7.684597617000206438e-02,8.659910427247263787e-02,1.703983806111031007e-01,9.484941777004705088e-01,-8.801040594760778379e-02,1.058493960425874469e+01,2.191695895297803010e-02,2.429992979068489045e-02,2.211679786026201494e-02,2.215126589047135969e-02,1.520102287207402980e-01,1.600608705870304738e-01,1.527016710486290563e-01,1.528206140524145662e-01
4.425000000000000044e-01,3.404998942786669619e-02,5.244761549934014166e-02,7.578625254618437390e-02,5.723546951228560692e-02,1.546569468681358306e-01,-7.624174737415334580e-02,8.661456801996071653e-02,1.712920262261527216e-01,9.482745614043708304e-01,-8.768264654876348208e-02,1.058754772018669854e+01,2.191100038723885202e-02,2.430708049945958654e-02,2.211450944214489803e-02,2.214430627290947529e-02,1.520071628429698340e-01,1.601029556641390406e-01,1.527114514328907768e-01,1.528142976107986495e-01
4.450000000000000067e-01,3.400498592678549009e-02,5.250916152446075125e-02,7.582079108406056256e-02,5.710744217198785583e-02,1.551787542047232960e-01,-7.563776080236266075e-02,8.662978495020952352e-02,1.721835837770367139e-01,9.480557643892953967e-01,-8.735498126746622793e-02,1.059016884647362744e+01,2.190501553052285819e-02,2.431419585761765076e-02,2.211222067148298914e-02,2.213730023056439955e-02,1.520039385846850277e-01,1.601448635576266932e-01,1.527211685156195375e-01,1.528077517267533714e-01
4.475000000000000089e-01,3.396016698342082391e-02,5.257056971282089014e-02,7.585517066857956625e-02,5.697897040999373025e-02,1.556999573724587582e-01,-7.503401318532658404e-02,8.664475537381785553e-02,1.730730627280584466e-01,9.478377864189131419e-01,-8.702741093109961357e-02,1.059280297350966293e+01,2.189900444176869423e-02,2.432127585158061142e-02,2.210993156216156316e-02,2.213024792988093140e-02,1.520005560580234838e-01,1.601865941581694652e-01,1.527308223073008675e-01,1.528009768227167331e-01
4.500000000000000111e-01,3.391553272705073729e-02,5.263183907032576575e-02,7.588939147034537425e-02,5.685007586542683428e-02,1.562205586440919280e-01,-7.443050128579568880e-02,8.665947959764178088e-02,1.739604726434553772e-01,9.476206272548429732e-01,-8.669993635139709720e-02,1.059545009181731956e+01,2.189296717984257068e-02,2.432832046774256393e-02,2.210764212804163312e-02,2.212314953690512967e-02,1.519970153754808817e-01,1.602281473567271630e-01,1.527404128187534182e-01,1.527939733205551098e-01
4.525000000000000133e-01,3.387108327701365135e-02,5.269296860045937642e-02,7.592345365510133615e-02,5.672078026392277095e-02,1.567405602720360891e-01,-7.382722189859747264e-02,8.667395792477539107e-02,1.748458231860868239e-01,9.474042866566956267e-01,-8.637255832425946855e-02,1.059811019205162630e+01,2.188690380353898110e-02,2.433532969247183611e-02,2.210535238296016877e-02,2.211600521727674976e-02,1.519933166499109201e-01,1.602695230445466967e-01,1.527499400611268821e-01,1.527867416415358282e-01
4.550000000000000155e-01,3.382681874274823947e-02,5.275395730425863627e-02,7.595735738370283652e-02,5.659110541484110857e-02,1.572599644878345526e-01,-7.322417185065639711e-02,8.668819065453269024e-02,1.757291241161271222e-01,9.471887643821113034e-01,-8.604527762957028814e-02,1.060078326500024204e+01,2.188081437158145501e-02,2.434230351211267088e-02,2.210306234073030132e-02,2.210881513622179814e-02,1.519894599945253999e-01,1.603107211131658549e-01,1.527594040458999936e-01,1.527792822063005207e-01
4.575000000000000178e-01,3.378273922383195210e-02,5.281480418028739604e-02,7.599110281209058015e-02,5.646107320844100802e-02,1.577787735016463189e-01,-7.262134800100869536e-02,8.670217808242956792e-02,1.766103852897658311e-01,9.469740601868010810e-01,-8.571809503100966121e-02,1.060346930158354972e+01,2.187469894262333847e-02,2.434924191298690893e-02,2.210077201514155584e-02,2.210157945854518760e-02,1.519854455228944190e-01,1.603517414544169128e-01,1.527688047848783925e-01,1.527715954348381477e-01
4.600000000000000200e-01,3.373884481001803576e-02,5.287550822461019318e-02,7.602469009126505695e-02,5.633070561302153806e-02,1.582969895017496686e-01,-7.201874724081376578e-02,8.671592050016767306e-02,1.774896166579129075e-01,9.467601738245867704e-01,-8.539101127586605500e-02,1.060616829285479312e+01,2.186855757524859903e-02,2.435614488139568184e-02,2.209848141996005946e-02,2.209429834862350339e-02,1.519812733489465661e-01,1.603925839604300463e-01,1.527781422901923758e-01,1.527636817464587404e-01
4.625000000000000222e-01,3.369513558127162911e-02,5.293606843076597429e-02,7.605811936726160349e-02,5.620002467202588059e-02,1.588146146540641290e-01,-7.141636649336079168e-02,8.672941819561816312e-02,1.783668282649085723e-01,9.465471050474434378e-01,-8.506402709484654767e-02,1.060888023000014080e+01,2.186239032797266529e-02,2.436301240362111903e-02,2.209619056892876687e-02,2.208697197039788049e-02,1.519769435869690877e-01,1.604332485236368844e-01,1.527874165742946488e-01,1.527555415597670607e-01
4.650000000000000244e-01,3.365161160780402033e-02,5.299648378974181062e-02,7.609139078112656107e-02,5.606905250111129252e-02,1.593316511016910353e-01,-7.081420271406968503e-02,8.674267145280710467e-02,1.792420302472369775e-01,9.463348536055393723e-01,-8.473714320188482918e-02,1.061160510433878557e+01,2.185619725924328044e-02,2.436984446592803735e-02,2.209389947576768237e-02,2.207960048736698142e-02,1.519724563516081650e-01,1.604737350367740067e-01,1.527966276499581333e-01,1.527471752926367055e-01
4.675000000000000266e-01,3.360827295010613419e-02,5.305675328994607920e-02,7.612450446889441891e-02,5.593781128518337392e-02,1.598481009644726336e-01,-7.021225289048732554e-02,8.675568055190126249e-02,1.801152328322415119e-01,9.461234192472799398e-01,-8.441036029394768936e-02,1.061434290732303509e+01,2.184997842744140426e-02,2.437664105456566893e-02,2.209160815417407497e-02,2.207218406258008511e-02,1.519678117578693588e-01,1.605140433928862465e-01,1.528057755302736354e-01,1.527385833621844602e-01
4.700000000000000289e-01,3.356511965898023586e-02,5.311687591718229629e-02,7.615746056156534605e-02,5.580632327539660625e-02,1.603639663385691416e-01,-6.961051404227772132e-02,8.676844576919488794e-02,1.809864463368435206e-01,9.459128017193491056e-01,-8.408367905083950766e-02,1.061709363053837230e+01,2.184373389088210479e-02,2.438340215576936462e-02,2.208931661782270739e-02,2.206472285863027988e-02,1.519630099211177476e-01,1.605541734853301039e-01,1.528148602286474311e-01,1.527297661847446530e-01
4.725000000000000311e-01,3.352215177557074655e-02,5.317685065462245814e-02,7.619025918508416650e-02,5.567461078612022385e-02,1.608792492960542664e-01,-6.900898322120770090e-02,8.678096737709736774e-02,1.818556811662597472e-01,9.457030007667531768e-01,-8.375710013500517470e-02,1.061985726570354593e+01,2.183746370781551246e-02,2.439012775576232528e-02,2.208702488036605460e-02,2.205721703764776734e-02,1.519580509570785110e-01,1.605941252077770776e-01,1.528238817587989073e-01,1.527207241758441192e-01
4.750000000000000333e-01,3.347936933139340765e-02,5.323667648278040954e-02,7.622290046032026423e-02,5.554269619187072321e-02,1.613939518845294019e-01,-6.840765751112498627e-02,8.679324564412212173e-02,1.827229478127214701e-01,9.454940161328639903e-01,-8.343062419133071006e-02,1.062263380467061324e+01,2.183116793642776027e-02,2.439681784075732260e-02,2.208473295543452938e-02,2.204966676129326703e-02,1.519529349818372344e-01,1.606338984542169668e-01,1.528328401347580079e-01,1.527114577501771930e-01
4.775000000000000355e-01,3.343677234836334167e-02,5.329635237948547599e-02,7.625538450304793214e-02,5.541060192421101011e-02,1.619080761267549518e-01,-6.780653402793049289e-02,8.680528083487570878e-02,1.835882568541917781e-01,9.452858475594638765e-01,-8.310425184694261724e-02,1.062542323942500744e+01,2.182484663484196910e-02,2.440347239695843037e-02,2.208244085663670433e-02,2.204207219075153892e-02,1.519476621118402981e-01,1.606734931189609528e-01,1.528417353708628468e-01,1.527019673215808671e-01
4.799999999999999822e-01,3.339436083882178080e-02,5.335587731985606819e-02,7.628771142392809512e-02,5.527835046861663548e-02,1.624216240203007200e-01,-6.720560991954406538e-02,8.681707321004830669e-02,1.844516189530811534e-01,9.450784947867889585e-01,-8.277798371100511532e-02,1.062822556208559099e+01,2.181849986111924350e-02,2.441009141056275575e-02,2.208014859755954087e-02,2.203443348672499275e-02,1.519422324638954325e-01,1.607129090966449292e-01,1.528505674817570992e-01,1.526922533030105333e-01
4.824999999999999845e-01,3.335213480556138699e-02,5.341525027627325867e-02,7.631988132849089335e-02,5.514596436130942553e-02,1.629345975372140098e-01,-6.660488236586391275e-02,8.682862302640509400e-02,1.853130448549601683e-01,9.448719575535757809e-01,-8.245182037451562196e-02,1.063104076490469119e+01,2.181212767325968471e-02,2.441667486776218435e-02,2.207785619176860781e-02,2.202675080942742905e-02,1.519366461551721892e-01,1.607521462822325276e-01,1.528593364823873368e-01,1.526823161065155587e-01
4.849999999999999867e-01,3.331009424185053108e-02,5.347447021835463610e-02,7.635189431711904284e-02,5.501346618605969241e-02,1.634469986237053196e-01,-6.600434857871745331e-02,8.683993053677832585e-02,1.861725453872696834e-01,9.446662355971063851e-01,-8.212576241009855726e-02,1.063386884026815693e+01,2.180573012920342807e-02,2.442322275474511153e-02,2.207556365280831032e-02,2.201902431857786016e-02,1.519309033032022194e-01,1.607912045710181148e-01,1.528680423880004469e-01,1.526721561432154151e-01
4.874999999999999889e-01,3.326823913145603856e-02,5.353353611292816644e-02,7.638375048503240339e-02,5.488087857095636651e-02,1.639588291998522185e-01,-6.540400580180635859e-02,8.685099599006040894e-02,1.870301314580243845e-01,9.444613286532537177e-01,-8.179981037179726022e-02,1.063670978069537476e+01,2.179930728683168728e-02,2.442973505769818407e-02,2.207327099420211547e-02,2.201125417339446291e-02,1.519250040258800782e-01,1.608300838586299852e-01,1.528766852141409394e-01,1.526617738232759758e-01
4.899999999999999911e-01,3.322656944866494988e-02,5.359244692400658150e-02,7.641544992227340682e-02,5.474822418514612571e-02,1.644700911593214021e-01,-6.480385131064281268e-02,8.686181963119792016e-02,1.878858140545128508e-01,9.442572364565297027e-01,-8.147396479486426757e-02,1.063956357883931503e+01,2.179285920396782650e-02,2.443621176280805218e-02,2.207097822945277774e-02,2.200344053258862162e-02,1.519189484414634472e-01,1.608687840410330527e-01,1.528852649766480887e-01,1.526511695558858961e-01
4.924999999999999933e-01,3.318508515830477512e-02,5.365120161276146910e-02,7.644699271369329030e-02,5.461552573554299267e-02,1.649807863691074017e-01,-6.420388241247862449e-02,8.687240170118638860e-02,1.887396042419911824e-01,9.440539587401314270e-01,-8.114822619554983019e-02,1.064243022748654610e+01,2.178638593837843238e-02,2.444265285626310777e-02,2.206868537204256450e-02,2.199558355435908552e-02,1.519127366685737723e-01,1.609073050145320150e-01,1.528937816916532133e-01,1.526403437492336035e-01
4.949999999999999956e-01,3.314378621576268696e-02,5.370979913749797385e-02,7.647837893893957850e-02,5.448280596350649901e-02,1.654909166692898059e-01,-6.360409644622566638e-02,8.688274243706646527e-02,1.895915131623683025e-01,9.438514952359895460e-01,-8.082259507088851436e-02,1.064530971955725036e+01,2.177988754777441735e-02,2.444905832425522951e-02,2.206639243543347811e-02,2.198768339638623032e-02,1.519063688261966805e-01,1.609456466757738513e-01,1.529022353755767616e-01,1.526292968104842052e-01
4.974999999999999978e-01,3.310267256700342303e-02,5.376823845362956045e-02,7.650960867244449570e-02,5.435008764149187183e-02,1.660004838728071919e-01,-6.300449078236816658e-02,8.689284207192017606e-02,1.904415520328851252e-01,9.436498456748164676e-01,-8.049707189848458178e-02,1.064820204810524551e+01,2.177336408981211599e-02,2.445542815298153497e-02,2.206409943306749527e-02,2.197974021582642726e-02,1.518998450336825345e-01,1.609838089217508206e-01,1.529106260451255084e-01,1.526180291457567006e-01
5.000000000000000000e-01,3.306174414858607802e-02,5.382651851365317236e-02,7.654068198341425211e-02,5.421739356967059109e-02,1.665094897652493466e-01,-6.240506282286656381e-02,8.690270083486899277e-02,1.912897321447838417e-01,9.434490097861554236e-01,-8.017165713629512136e-02,1.065110720631799168e+01,2.176681562209440909e-02,2.446176232864611527e-02,2.206180637836677519e-02,2.197175416930652672e-02,1.518931654107467388e-01,1.610217916498029866e-01,1.529189537172892799e-01,1.526065411601016386e-01
5.025000000000000577e-01,3.302100088767954272e-02,5.388463826712486943e-02,7.657159893581945431e-02,5.408474657252295564e-02,1.670179361046658373e-01,-6.180581000105233452e-02,8.691231895107226491e-02,1.921360648619686584e-01,9.432489872984282098e-01,-7.984635122241197369e-02,1.065402518751659500e+01,2.176024220217184779e-02,2.446806083746178723e-02,2.205951328473390594e-02,2.196372541291843894e-02,1.518863300774704606e-01,1.610595947576209386e-01,1.529272184093384834e-01,1.525948332574789956e-01
5.050000000000000044e-01,3.298044270207697859e-02,5.394259666063526415e-02,7.660235958838636228e-02,5.395216949540328211e-02,1.675258246213922608e-01,-6.120672978151409788e-02,8.692169664172672006e-02,1.929805616196549889e-01,9.430497779389881430e-01,-7.952115457484179584e-02,1.065695598515579867e+01,2.175364388754379152e-02,2.447432366565183148e-02,2.205722016555211260e-02,2.195565410221383962e-02,1.518793391543008242e-01,1.610972181432482608e-01,1.529354201388203882e-01,1.525829058407359440e-01
5.075000000000000622e-01,3.294006950020906405e-02,5.400039263778602661e-02,7.663296399458940922e-02,5.381968520107755644e-02,1.680331570178932588e-01,-6.060781965997381199e-02,8.693083412406706068e-02,1.938232339230090140e-01,9.428513814341673571e-01,-7.919606759128447471e-02,1.065989959282399369e+01,2.174702073565955643e-02,2.448055079945173421e-02,2.205492703418549666e-02,2.194754039219895883e-02,1.518721927620514667e-01,1.611346617050840035e-01,1.529435589235565163e-01,1.525707593115855354e-01
5.100000000000000089e-01,3.289988118115598492e-02,5.405802513916640323e-02,7.666341220264448475e-02,5.368731656623570297e-02,1.685399349686226567e-01,-6.000907716315422719e-02,8.693973161136726857e-02,1.946640933457745859e-01,9.426537975093307598e-01,-7.887109064891024979e-02,1.066285600424320279e+01,2.174037280391956720e-02,2.448674222511092180e-02,2.205263390397925460e-02,2.193938443732951563e-02,1.518648910219028425e-01,1.611719253418850417e-01,1.529516347816391175e-01,1.525583940705849129e-01
5.124999999999999556e-01,3.285987763465859912e-02,5.411549310233004090e-02,7.669370425550349479e-02,5.355508647797734695e-02,1.690461601199001740e-01,-5.941049984863567418e-02,8.694838931294299189e-02,1.955031515288881139e-01,9.424570258889246599e-01,-7.854622410413487910e-02,1.066582521326904853e+01,2.173370014967651587e-02,2.449289792889449216e-02,2.205034078825990687e-02,2.193118639150572549e-02,1.518574340554026958e-01,1.612090089527684900e-01,1.529596477314282277e-01,1.525458105171145218e-01
5.150000000000000133e-01,3.282005874112827598e-02,5.417279546177269228e-02,7.672384019084967088e-02,5.342301783027299245e-02,1.695518340898050091e-01,-5.881208530470497658e-02,8.695680743415487579e-02,1.963404201790797665e-01,9.422610662965322792e-01,-7.822146829239359778e-02,1.066880721389076214e+01,2.172700283023653103e-02,2.449901789708494940e-02,2.204804770033552686e-02,2.192294640806744660e-02,1.518498219844662822e-01,1.612459124372137009e-01,1.529675977915479768e-01,1.525330090493569046e-01
5.174999999999999600e-01,3.278042437165582662e-02,5.422993114891001137e-02,7.675382004109419787e-02,5.329113352040122653e-02,1.700569584680860502e-01,-5.821383115019165139e-02,8.696498617641276740e-02,1.971759110674608795e-01,9.420659184549233789e-01,-7.789682352791346687e-02,1.067180200023114445e+01,2.172028090286034011e-02,2.450510211598392121e-02,2.204575465349595947e-02,2.191466463978942320e-02,1.518420549313767021e-01,1.612826356950646245e-01,1.529754849808836747e-01,1.525199900642763562e-01
5.200000000000000178e-01,3.274097438801931714e-02,5.428689909205595271e-02,7.678364383337352161e-02,5.315945644536207437e-02,1.705615348160876843e-01,-5.761573503429576193e-02,8.697292573718080899e-02,1.980096360280974022e-01,9.418715820861095489e-01,-7.757229010348418163e-02,1.067480956654653390e+01,2.171353442476445239e-02,2.451115057191387628e-02,2.204346166101305363e-02,2.190634123887664000e-02,1.518341330187851779e-01,1.613191786265317229e-01,1.529833093185780923e-01,1.525067539575983566e-01
5.224999999999999645e-01,3.270170864269093119e-02,5.434369821640207265e-02,7.681331158954834981e-02,5.302800949826748378e-02,1.710655646666935370e-01,-5.701779463640496703e-02,8.698062630998398825e-02,1.988416069565666078e-01,9.416780569113966104e-01,-7.724786829022742274e-02,1.067782990722678882e+01,2.170676345312232483e-02,2.451716325121984508e-02,2.204116873614088076e-02,2.189797635695980155e-02,1.518260563697112764e-01,1.613555411321939970e-01,1.529910708240281580e-01,1.524933011237897540e-01
5.250000000000000222e-01,3.266262697884288191e-02,5.440032744399682374e-02,7.684282332620277767e-02,5.289681556471055590e-02,1.715690495242842839e-01,-5.642000766590025279e-02,8.698808808441473028e-02,1.996718358084999256e-01,9.414853426514412371e-01,-7.692355833736511106e-02,1.068086301679524119e+01,2.169996804506555202e-02,2.452314014027111300e-02,2.203887589211596387e-02,2.188957014509090512e-02,1.518178251075430196e-01,1.613917231130007901e-01,1.529987695168812945e-01,1.524796319560386693e-01
5.274999999999999689e-01,3.262372923035223443e-02,5.445678569372559841e-02,7.687217905464538426e-02,5.276589751911263393e-02,1.720719908647127538e-01,-5.582237186195182499e-02,8.699531124614139077e-02,2.005003345981070662e-01,9.412934390263035800e-01,-7.659936047198585840e-02,1.068390888990865939e+01,2.169314825768503541e-02,2.452908122546292036e-02,2.203658314215749606e-02,2.188112275373895257e-02,1.518094393560370237e-01,1.614277244702735925e-01,1.530064054170319487e-01,1.524657468462353449e-01
5.300000000000000266e-01,3.258501522180509702e-02,5.451307188129174419e-02,7.690137878091073131e-02,5.263527822105114329e-02,1.725743901352955467e-01,-5.522488499330395484e-02,8.700229597691705452e-02,2.013271153966849913e-01,9.411023457555043326e-01,-7.627527489881037737e-02,1.068696752135720551e+01,2.168630414803216985e-02,2.453498649321815203e-02,2.203429049946756951e-02,2.187263433278575225e-02,1.518008992393186929e-01,1.614635451057076787e-01,1.530139785446179568e-01,1.524516461849526328e-01
5.324999999999999734e-01,3.254648476849943822e-02,5.456918491919787034e-02,7.693042250576233310e-02,5.250498051156661516e-02,1.730762487548181683e-01,-5.462754485804771631e-02,8.700904245458969399e-02,2.021521903311080393e-01,9.409120625580806863e-01,-7.595130179995543407e-02,1.069003890606437857e+01,2.167943577312001283e-02,2.454085592998901319e-02,2.203199797723139758e-02,2.186410503152184936e-02,1.517922048818819147e-01,1.614991849213737174e-01,1.530214889200167405e-01,1.524373303614273145e-01
5.350000000000000311e-01,3.250813767644766122e-02,5.462512371672786221e-02,7.695931022469638949e-02,5.237502720945221707e-02,1.735775681135582615e-01,-5.403034928338389803e-02,8.701555085311307725e-02,2.029755715823002571e-01,9.407225891526431738e-01,-7.562744133469660734e-02,1.069312303908697892e+01,2.167254318992447096e-02,2.454668952225870157e-02,2.202970558861753331e-02,2.185553499864257079e-02,1.517833564085893927e-01,1.615346438197191314e-01,1.530289365638415888e-01,1.524227997635411724e-01
5.374999999999999778e-01,3.246997374237779038e-02,5.468088717992958259e-02,7.698804192794675427e-02,5.224544110752470799e-02,1.740783495733221053e-01,-5.343329612537396633e-02,8.702182134255863344e-02,2.037972713836891381e-01,9.405339252574324016e-01,-7.530369363922984061e-02,1.069621991561503194e+01,2.166562645538546231e-02,2.455248725654306241e-02,2.202741334677809498e-02,2.184692438224418096e-02,1.517743539446722856e-01,1.615699217035696800e-01,1.530363214969379659e-01,1.524080547778029759e-01
5.400000000000000355e-01,3.243199275373433166e-02,5.473647421159832938e-02,7.701661760049124950e-02,5.211624496887894836e-02,1.745785944674987378e-01,-5.283638326867964863e-02,8.702785408912874776e-02,2.046173020196400405e-01,9.403460705903778916e-01,-7.498005882643174469e-02,1.069932953097174355e+01,2.165868562640809944e-02,2.455824911939222949e-02,2.202512126484898122e-02,2.183827332982016256e-02,1.517651976157300964e-01,1.616050184761304298e-01,1.530436437403794314e-01,1.523930957893302462e-01
5.424999999999999822e-01,3.239419448867786322e-02,5.479188371126118146e-02,7.704503722205825744e-02,5.198746152312615221e-02,1.750783041011264585e-01,-5.223960862628994339e-02,8.703364925517015349e-02,2.054356758238710945e-01,9.401590248691567009e-01,-7.465653698561881824e-02,1.070245188061342922e+01,2.165172075986383782e-02,2.456397509739226964e-02,2.202282935595009303e-02,2.182958198825761531e-02,1.517558875477304503e-01,1.616399340409870322e-01,1.530509033154637544e-01,1.523779231818314650e-01
5.450000000000000400e-01,3.235657871608442482e-02,5.484711457516171923e-02,7.707330076713531097e-02,5.185911346261699861e-02,1.755774797509773166e-01,-5.164297013923858232e-02,8.703920699918907267e-02,2.062524051778481526e-01,9.399727878112518198e-01,-7.433312818230548846e-02,1.070558696012944289e+01,2.164473191259165541e-02,2.456966517716678913e-02,2.202053763318555929e-02,2.182085050383376218e-02,1.517464238670087617e-01,1.616746683021068054e-01,1.530581002437089722e-01,1.523625373375888381e-01
5.474999999999999867e-01,3.231914519554386633e-02,5.490216569624575133e-02,7.710140820497828062e-02,5.173122343865104583e-02,1.760761226656537004e-01,-5.104646577630764237e-02,8.704452747586731431e-02,2.070675025091589794e-01,9.397873591340127897e-01,-7.400983245796106946e-02,1.070873476524211476e+01,2.163771914139919067e-02,2.457531934537855386e-02,2.201824610964394149e-02,2.181207902221259445e-02,1.517368067002678456e-01,1.617092211638394839e-01,1.530652345468493380e-01,1.523469386374410039e-01
5.500000000000000444e-01,3.228189367735771059e-02,5.495703596414801273e-02,7.712935949962160254e-02,5.160381405767277413e-02,1.765742340657024956e-01,-5.045009353372039568e-02,8.704961083607866412e-02,2.078809802898676506e-01,9.396027385547149890e-01,-7.368664982976594335e-02,1.071189529180666078e+01,2.163068250306389786e-02,2.458093758873107146e-02,2.201595479839846270e-02,2.180326768844162086e-02,1.517270361745775009e-01,1.617435925309181899e-01,1.530723062468311302e-01,1.523311274607663801e-01
5.524999999999999911e-01,3.224482390253625985e-02,5.501172426517927927e-02,7.715715460988986640e-02,5.147690787745497903e-02,1.770718151437410404e-01,-4.985385143482158610e-02,8.705445722690713373e-02,2.086928510348463606e-01,9.394189257906230273e-01,-7.336358029036639528e-02,1.071506853581112040e+01,2.162362205433418505e-02,2.458651989397016638e-02,2.201366371250721918e-02,2.179441664694874159e-02,1.517171124173738173e-01,1.617777823084598499e-01,1.530793153658083772e-01,1.523151041854663990e-01
5.550000000000000488e-01,3.220793560279520962e-02,5.506622948231474496e-02,7.718479348941030549e-02,5.135052740327224197e-02,1.775688670645996226e-01,-4.925773752974580560e-02,8.705906679166557083e-02,2.095031273000872163e-01,9.392359205590491422e-01,-7.304062380762878226e-02,1.071825449337625713e+01,2.161653785193054511e-02,2.459206624788554466e-02,2.201137286501339205e-02,2.178552604153925765e-02,1.517070355564587025e-01,1.618117904019659437e-01,1.530862619261388891e-01,1.522988691879496870e-01
5.574999999999999956e-01,3.217122850055179756e-02,5.512055049518285038e-02,7.721227608662638298e-02,5.122469508406302108e-02,1.780653909654775768e-01,-4.866174989507376925e-02,8.706343966991554606e-02,2.103118216809920782e-01,9.390537225774184815e-01,-7.271778032439267514e-02,1.072145316075548571e+01,2.160942995254667293e-02,2.459757663731233085e-02,2.200908226894546585e-02,2.177659601539298426e-02,1.516968057199990505e-01,1.618456167173227822e-01,1.530931459503795111e-01,1.522824228431158833e-01
5.600000000000000533e-01,3.213470230892023077e-02,5.517468618005542252e-02,7.723960234481262732e-02,5.109943330858367910e-02,1.785613879561130934e-01,-4.806588663347681478e-02,8.706757599748812804e-02,2.111189468106404732e-01,9.388723315633296096e-01,-7.239504975822334820e-02,1.072466453433476197e+01,2.160229841285058253e-02,2.460305104913259461e-02,2.200679193731744018e-02,2.176762671106149960e-02,1.516864230365261024e-01,1.618792611608019238e-01,1.530999674612822659e-01,1.522657655243404295e-01
5.625000000000000000e-01,3.209835673170691184e-02,5.522863540983824482e-02,7.726677220209042518e-02,5.097476440155395555e-02,1.790568591189680980e-01,-4.747014587334814212e-02,8.707147590650592128e-02,2.119245153580357199e-01,9.386917472346194558e-01,-7.207243200116320025e-02,1.072788861063251176e+01,2.159514328948569997e-02,2.460848947027685640e-02,2.200450188312903788e-02,2.175861827046552191e-02,1.516758876349343366e-01,1.619127236390601188e-01,1.531067264817894402e-01,1.522488976034591379e-01
5.650000000000000577e-01,3.206219146340499870e-02,5.528239705406309823e-02,7.729378559144486904e-02,5.085071061979586082e-02,1.795518055094258159e-01,-4.687452576842238150e-02,8.707513952540547886e-02,2.127285400263281279e-01,9.385119693094274851e-01,-7.174992691948271772e-02,1.073112538629950663e+01,2.158796463907196317e-02,2.461389188772556899e-02,2.200221211936591661e-02,2.174957083489239759e-02,1.516651996444805250e-01,1.619460040591394201e-01,1.531134230350292835e-01,1.522318194507534250e-01
5.675000000000000044e-01,3.202620618918868706e-02,5.533596997888026031e-02,7.732064244074290937e-02,5.072729414836662371e-02,1.800462281560033795e-01,-4.627902449738297008e-02,8.707856697896153297e-02,2.135310335510177404e-01,9.383329975062590922e-01,-7.142753435343048019e-02,1.073437485811878744e+01,2.158076251820689045e-02,2.461925828851058498e-02,2.199992265899988059e-02,2.174048454499373853e-02,1.516543591947828451e-01,1.619791023284671283e-01,1.531200571443115666e-01,1.522145314349359069e-01
5.700000000000000622e-01,3.199040058490737470e-02,5.538935304705214224e-02,7.734734267275249209e-02,5.060453709668741307e-02,1.805401280605767600e-01,-4.568364026345673318e-02,8.708175838831155868e-02,2.143320086981331807e-01,9.381548315440519925e-01,-7.110525411698273568e-02,1.073763702300554002e+01,2.157353698346663878e-02,2.462458865971659666e-02,2.199763351498908170e-02,2.173135954078315654e-02,1.516433664158194639e-01,1.620120183548553194e-01,1.531266288331226966e-01,1.521970339231360769e-01
5.725000000000000089e-01,3.195477431707895166e-02,5.544254511794803608e-02,7.737388620516257032e-02,5.048246149466806276e-02,1.810335061986202976e-01,-4.508837129399607957e-02,8.708471387098153105e-02,2.151314782623890698e-01,9.379774711422428357e-01,-7.078308599759235153e-02,1.074091187800697611e+01,2.156628809140706537e-02,2.462988298848255847e-02,2.199534470027823124e-02,2.172219596163416089e-02,1.516322214379272615e-01,1.620447520465005120e-01,1.531331381251210821e-01,1.521793272808865671e-01
5.750000000000000666e-01,3.191932704288346495e-02,5.549554504753957673e-02,7.740027295060476764e-02,5.036108928882972180e-02,1.815263635194586667e-01,-4.449321584004924807e-02,8.708743354091311173e-02,2.159294550653211853e-01,9.378009160208324868e-01,-7.046102975593712681e-02,1.074419942030225172e+01,2.155901589856475120e-02,2.463514126200308518e-02,2.199305622779880107e-02,2.171299394627815640e-02,1.516209243918005267e-01,1.620773033119831952e-01,1.531395850441324979e-01,1.521614118721096587e-01
5.775000000000000133e-01,3.188405841015620745e-02,5.554835168839752230e-02,7.742650281667570744e-02,5.024044233842663715e-02,1.820187009465328298e-01,-4.389817217591714810e-02,8.708991750849112701e-02,2.167259519533989987e-01,9.376251659004534167e-01,-7.013908512566757736e-02,1.074749964720232320e+01,2.155172046145802101e-02,2.464036346752982234e-02,2.199076811046922833e-02,2.170375363280258735e-02,1.516094754084895413e-01,1.621096720602669128e-01,1.531459696141451166e-01,1.521432880591043202e-01
5.799999999999999600e-01,3.184896805738075820e-02,5.560096388968924219e-02,7.745257570596042473e-02,5.012054241156755491e-02,1.825105193776782875e-01,-4.330323859869950748e-02,8.709216588057255848e-02,2.175209817961165637e-01,9.374502205024389800e-01,-6.981725181315459605e-02,1.075081255614982112e+01,2.154440183658795638e-02,2.464554959237280282e-02,2.198848036119510976e-02,2.169447515864920614e-02,1.515978746193986093e-01,1.621418582006974862e-01,1.531522918593046789e-01,1.521249562025332458e-01
5.825000000000000178e-01,3.181405561368189777e-02,5.565338049717748897e-02,7.747849151605717966e-02,5.000141118133904355e-02,1.830018196854169832e-01,-4.270841342782664279e-02,8.709417876051644969e-02,2.183145574840618108e-01,9.372760795488904728e-01,-6.949552949723625250e-02,1.075413814471894902e+01,2.153706008043937067e-02,2.465069962390176173e-02,2.198619299286940637e-02,2.168515866061247396e-02,1.515861221562847805e-01,1.621738616430020152e-01,1.531585518039094151e-01,1.521064166614105317e-01
5.849999999999999645e-01,3.177932069881828775e-02,5.570560035322011383e-02,7.750425013960320075e-02,4.988307022193084334e-02,1.834926027172613383e-01,-4.211369500457985693e-02,8.709595624821450666e-02,2.191066919269637758e-01,9.371027427627461881e-01,-6.917391782896482877e-02,1.075747641061533422e+01,2.152969524948178046e-02,2.465581354954743051e-02,2.198390601837264813e-02,2.167580427483809663e-02,1.515742181512556852e-01,1.622056822972876289e-01,1.531647494724052705e-01,1.520876697930899080e-01
5.875000000000000222e-01,3.174476292317543469e-02,5.575762229677094090e-02,7.752985146430146912e-02,4.976554100476499737e-02,1.839828692960316647e-01,-4.151908169159971435e-02,8.709749844012334985e-02,2.198973980517179017e-01,9.369302098678529145e-01,-6.885241643135310563e-02,1.076082735167589632e+01,2.152230740017035959e-02,2.466089135680281721e-02,2.198161945057311439e-02,2.166641213682169581e-02,1.515621627367677304e-01,1.622373200740400423e-01,1.531708848893804931e-01,1.520687159532527200e-01
5.899999999999999689e-01,3.171038188775840427e-02,5.580944516338146033e-02,7.755529537294876541e-02,4.964884489463094325e-02,1.844726202201850962e-01,-4.092457187238129207e-02,8.709880542929708536e-02,2.206866888003910510e-01,9.367584805890345478e-01,-6.853102489912053785e-02,1.076419096586871582e+01,2.151489658894686560e-02,2.466593303322443809e-02,2.197933330232703861e-02,2.165698238140760165e-02,1.515499560456239070e-01,1.622687748841222244e-01,1.531769580795606656e-01,1.520495554958969930e-01
5.925000000000000266e-01,3.167617718418459100e-02,5.586106778520401328e-02,7.758058174346466052e-02,4.953300314582583658e-02,1.849618562641582586e-01,-4.033016395075799537e-02,8.709987730542137485e-02,2.214745771282062015e-01,9.365875546521642558e-01,-6.820974279843969312e-02,1.076756725129289549e+01,2.150746287224055212e-02,2.467093856643353192e-02,2.197704758647879564e-02,2.164751514278779460e-02,1.515375982109716801e-01,1.623000466387724827e-01,1.531829690678034317e-01,1.520301887733263302e-01
5.949999999999999734e-01,3.164214839467699436e-02,5.591248899099559438e-02,7.760571044892181081e-02,4.941803689830340934e-02,1.854505781787209040e-01,-3.973585635037209934e-02,8.710071415484837987e-02,2.222610760015046594e-01,9.364174317842348660e-01,-6.788856966668184445e-02,1.077095620617839877e+01,2.150000630646907093e-02,2.467590794411724311e-02,2.197476231586109954e-02,2.163801055450097904e-02,1.515250893663006859e-01,1.623311352496028537e-01,1.531889178790932504e-01,1.520106161361396702e-01
5.975000000000000311e-01,3.160829509205687754e-02,5.596370760612346534e-02,7.763068135757703048e-02,4.930396717383138394e-02,1.859387866913423670e-01,-3.914164751413429233e-02,8.710131606063242771e-02,2.230461983956902317e-01,9.362481117134325848e-01,-6.756750501216317317e-02,1.077435782888592009e+01,2.149252694803932898e-02,2.468084115402977355e-02,2.197247750329517704e-02,2.162846874943178191e-02,1.515124296454402331e-01,1.623620406285969098e-01,1.531948045385359281e-01,1.519908379332209347e-01
5.999999999999999778e-01,3.157461683973748073e-02,5.601472245257104604e-02,7.765549433290389048e-02,4.919081487215978821e-02,1.864264825065704290e-01,-3.854753590367004934e-02,8.710168310256738433e-02,2.238299572931537196e-01,9.360795941692099387e-01,-6.724654831389079157e-02,1.077777211790671430e+01,2.148502485334834872e-02,2.468573818399349973e-02,2.197019316159097221e-02,2.161888985981010036e-02,1.514996191825566940e-01,1.623927626881074560e-01,1.532006290713531782e-01,1.519708545117293141e-01
6.025000000000000355e-01,3.154111319171743616e-02,5.606553234894548488e-02,7.768014923362595581e-02,4.907860076720008818e-02,1.869136663064209780e-01,-3.795351999875524324e-02,8.710181535722422153e-02,2.246123656811768732e-01,9.359118788823582724e-01,-6.692569902130858506e-02,1.078119907186245818e+01,2.147750007878409043e-02,2.469059902190005873e-02,2.196790930354730956e-02,2.160927401721058488e-02,1.514866581121507572e-01,1.624233013408543647e-01,1.532063915028772372e-01,1.519506662170901912e-01
6.049999999999999822e-01,3.150778369257466183e-02,5.611613611048636707e-02,7.770464591375153551e-02,4.896734550321859419e-02,1.874003387507803264e-01,-3.735959829673850957e-02,8.710171289799029104e-02,2.253934365498202474e-01,9.357449655850820225e-01,-6.660495655404356785e-02,1.078463868950506210e+01,2.146995268072626056e-02,2.469542365571140985e-02,2.196562594195209869e-02,2.159962135255225069e-02,1.514735465690548455e-01,1.624536564999219113e-01,1.532120918585453406e-01,1.519302733929860927e-01
6.075000000000000400e-01,3.147462787746063695e-02,5.616653254907531118e-02,7.772898422260920981e-02,4.885706959104307162e-02,1.878865004778190184e-01,-3.676576931195293940e-02,8.710137579510915384e-02,2.261731828897910468e-01,9.355788540110751006e-01,-6.628432030165222477e-02,1.078809096971653680e+01,2.146238271554709240e-02,2.470021207346084768e-02,2.196334308958249049e-02,2.158993199609824179e-02,1.514602846884297860e-01,1.624838280787559708e-01,1.532177301638938116e-01,1.519096763813480300e-01
6.099999999999999867e-01,3.144164527209491328e-02,5.621672047324700883e-02,7.775316400488452295e-02,4.874779340428610219e-02,1.883721521044169067e-01,-3.617203157511535844e-02,8.710080411572164449e-02,2.269516176902954818e-01,9.354135438955950566e-01,-6.596378962336713059e-02,1.079155591150879978e+01,2.145479023961210582e-02,2.470496426325398745e-02,2.196106075920507480e-02,2.158020607745572000e-02,1.514468726057619230e-01,1.625138159911610758e-01,1.532233064445526483e-01,1.518888755223475884e-01
6.125000000000000444e-01,3.140883539276036890e-02,5.626669868820097231e-02,7.777718510065796675e-02,4.863953717558537615e-02,1.888572942266000254e-01,-3.557838363271452475e-02,8.709999792390793472e-02,2.277287539368741121e-01,9.352490349755389065e-01,-6.564336384784388856e-02,1.079503351402351718e+01,2.144717530928083940e-02,2.470968021326971908e-02,2.195877896357604012e-02,2.157044372557589615e-02,1.514333104568598432e-01,1.625436201512974743e-01,1.532288207262396673e-01,1.518678711543891557e-01
6.149999999999999911e-01,3.137619774629866326e-02,5.631646599581509316e-02,7.780104734544374123e-02,4.853232099286264312e-02,1.893419274199886759e-01,-3.498482404638729448e-02,8.709895728073058230e-02,2.285046046092210625e-01,9.350853269895216258e-01,-6.532304227290849918e-02,1.079852377653190665e+01,2.143953798090756160e-02,2.471435991176111971e-02,2.195649771544135390e-02,2.156064506875421394e-02,1.514195983778508225e-01,1.625732404736775216e-01,1.532342730347544812e-01,1.518466636141025672e-01
6.175000000000000488e-01,3.134373183010634445e-02,5.636602119465997096e-02,7.782475057022975040e-02,4.842616479560239023e-02,1.898260522402558936e-01,-3.439135139228442772e-02,8.709768224427857919e-02,2.292791826789891962e-01,9.349224196779513107e-01,-6.500282416530514529e-02,1.080202669843458452e+01,2.143187831084195430e-02,2.471900334705632793e-02,2.195421702753693263e-02,2.155081023463064488e-02,1.514057365051776072e-01,1.626026768731624605e-01,1.532396633959730026e-01,1.518252532363362495e-01
6.199999999999999956e-01,3.131143713213160873e-02,5.641536308001432465e-02,7.784829460151874991e-02,4.832108837115301619e-02,1.903096692235988208e-01,-3.379796426042362689e-02,8.709617286971244043e-02,2.300525011075814363e-01,9.347603127831091152e-01,-6.468270876044443507e-02,1.080554227926135447e+01,2.142419635542976847e-02,2.472361050755938344e-02,2.195193691258880489e-02,2.154093935019016012e-02,1.513917249755944161e-01,1.626319292649585080e-01,1.532449918358410046e-01,1.518036403541508095e-01
6.225000000000000533e-01,3.127931313087172621e-02,5.646449044388190258e-02,7.787167926137038287e-02,4.821711135104946033e-02,1.907927788872194608e-01,-3.320466125403354757e-02,8.709442920931041721e-02,2.308245728439276834e-01,9.345990060492266327e-01,-6.436269526215220027e-02,1.080907051867102986e+01,2.141649217101345218e-02,2.472818138175102501e-02,2.194965738331328131e-02,2.153103254176330639e-02,1.513775639261632500e-01,1.626609975646130246e-01,1.532502583803684593e-01,1.517818252988129279e-01
6.250000000000000000e-01,3.124735929537100082e-02,5.651340207500937102e-02,7.789490436744436752e-02,4.811425320736166522e-02,1.912753817298164238e-01,-3.261144098888567322e-02,8.709245131251534822e-02,2.315954108222511021e-01,9.344384992225658326e-01,-6.404278284241908537e-02,1.081261141645124901e+01,2.140876581393276121e-02,2.473271595818945720e-02,2.194737845241711768e-02,2.152108993502694495e-02,1.513632534942499497e-01,1.626898816880105181e-01,1.532554630556232089e-01,1.517598083997897251e-01
6.275000000000000577e-01,3.121557508521968782e-02,5.656209675890552097e-02,7.791796973304476737e-02,4.801253324906772785e-02,1.917574782320887461e-01,-3.201830209261519178e-02,8.709023922598323197e-02,2.323650279598226120e-01,9.342787920514986633e-01,-6.372297064115053922e-02,1.081616497251825315e+01,2.140101734052533150e-02,2.473721422551105817e-02,2.194510013259766412e-02,2.151111165500512595e-02,1.513487938175200886e-01,1.627185815513681466e-01,1.532606058877248323e-01,1.517375899847435983e-01
6.300000000000000044e-01,3.118395995055352199e-02,5.661057327786140486e-02,7.794087516716538544e-02,4.791197061845496596e-02,1.922390688572491735e-01,-3.142524320403225491e-02,8.708779299363186843e-02,2.331334371547053586e-01,9.341198842865878760e-01,-6.340325776591781981e-02,1.081973118691670877e+01,2.139324680712722387e-02,2.474167617243107006e-02,2.194282243654303854e-02,2.150109782607009801e-02,1.513341850339345318e-01,1.627470970712313614e-01,1.532656869028384550e-01,1.517151703795273920e-01
6.325000000000000622e-01,3.115251333205428311e-02,5.665883041097215939e-02,7.796362047453597732e-02,4.781258428754941309e-02,1.927201540515474931e-01,-3.083226297242287056e-02,8.708511265669147128e-02,2.339006512834900242e-01,9.339617756806678495e-01,-6.308364329170981777e-02,1.082331005981949978e+01,2.138545427007345137e-02,2.474610178774423047e-02,2.194054537693226545e-02,2.149104857194345658e-02,1.513194272817453001e-01,1.627754281644690770e-01,1.532707061271683935e-01,1.516925499081799578e-01
6.350000000000000089e-01,3.112123466095117336e-02,5.670686693415938340e-02,7.798620545566978257e-02,4.771439305457524788e-02,1.932007342448066045e-01,-3.023936005683878006e-02,8.708219825375550227e-02,2.346666831990223689e-01,9.338044659889263022e-01,-6.276412626068547662e-02,1.082690159152749843e+01,2.137763978569845805e-02,2.475049106032537263e-02,2.193826896643543550e-02,2.148096401569744851e-02,1.513045206994906855e-01,1.628035747482689810e-01,1.532756635869517714e-01,1.516697288929224341e-01
6.375000000000000666e-01,3.109012335902303775e-02,5.675468162019528529e-02,7.800862990691194432e-02,4.761741554044673919e-02,1.936808098509668341e-01,-2.964653312537787050e-02,8.707904982083314316e-02,2.354315457281246915e-01,9.336479549689873370e-01,-6.244470568192748289e-02,1.083050578246938223e+01,2.136980341033658734e-02,2.475484397912997708e-02,2.193599321771385821e-02,2.147084427975639448e-02,1.512894654259907545e-01,1.628315367401320934e-01,1.532805593084521634e-01,1.516467076541545278e-01
6.400000000000000133e-01,3.105917883860182319e-02,5.680227323872757972e-02,7.803089362048885869e-02,4.752167018529186715e-02,1.941603812686411301e-01,-2.905378085445520578e-02,8.707566739140225331e-02,2.361952516693102133e-01,9.334922423809930425e-01,-6.212538053119683740e-02,1.083412263320138713e+01,2.136194520032251229e-02,2.475916053319467125e-02,2.193371814342019721e-02,2.146068948589826414e-02,1.512742616003423524e-01,1.628593140578677156e-01,1.532853933179529615e-01,1.516234865104515717e-01
6.424999999999999600e-01,3.102840050257697768e-02,5.684964055630584850e-02,7.805299638455889810e-02,4.742717524501124243e-02,1.946394488816812762e-01,-2.846110192806384012e-02,8.707205099646354862e-02,2.369578137904949644e-01,9.333373279876887585e-01,-6.180614975068841194e-02,1.083775214440711565e+01,2.135406521199162758e-02,2.476344071163770824e-02,2.193144375619861600e-02,2.145049975525639002e-02,1.512589093619141067e-01,1.628869066195876847e-01,1.532901656417507974e-01,1.516000657785618044e-01
6.450000000000000178e-01,3.099778774440077253e-02,5.689678233640899085e-02,7.807493798326381462e-02,4.733394878787345467e-02,1.951180130597525708e-01,-2.786849503702665959e-02,8.706820066459615426e-02,2.377192448267063385e-01,9.331832115545068973e-01,-6.148701224878798388e-02,1.084139431689728639e+01,2.134616350168042076e-02,2.476768450365937277e-02,2.192917006868492710e-02,2.144027520832131675e-02,1.512434088503410434e-01,1.629143143437006835e-01,1.532948763061489916e-01,1.515764457734040949e-01
6.474999999999999645e-01,3.096733994809528281e-02,5.694369733947378387e-02,7.809671819678140614e-02,4.724200869114650314e-02,1.955960741589208018e-01,-2.727595887823903303e-02,8.706411642201342116e-02,2.384795574777885119e-01,9.330298928496503219e-01,-6.116796689982993002e-02,1.084504915160952976e+01,2.133824012572680881e-02,2.477189189854236626e-02,2.192689709350671701e-02,2.143001596494278904e-02,1.512277602055195069e-01,1.629415371489062458e-01,1.532995253374508093e-01,1.515526268080662764e-01
6.500000000000000222e-01,3.093705648825996815e-02,5.699038432292476836e-02,7.811833680137882097e-02,4.715137263776870979e-02,1.960736325222466880e-01,-2.668349215390274434e-02,8.705979829262019964e-02,2.392387644061099161e-01,9.328773716441798314e-01,-6.084901254385687019e-02,1.084871664960813753e+01,2.133029514047044689e-02,2.477606288565212256e-02,2.192462484328348143e-02,2.141972214433188193e-02,1.512119635676013596e-01,1.629685749541885942e-01,1.533041127619525490e-01,1.515286091938037594e-01
6.524999999999999689e-01,3.090693673008102979e-02,5.703684204120507140e-02,7.813979356946747223e-02,4.706205811306026637e-02,1.965506884803922272e-01,-2.609109357075106023e-02,8.705524629807120940e-02,2.399968782342705165e-01,9.327256477120986489e-01,-6.053014798637997018e-02,1.085239681208383722e+01,2.132232860225298857e-02,2.478019745443709593e-02,2.192235333062676414e-02,2.140939386506325592e-02,1.511960190769885415e-01,1.629954276788101730e-01,1.533086386059369366e-01,1.515043932400384763e-01
6.550000000000000266e-01,3.087698002934164548e-02,5.708306924580881792e-02,7.816108826965828538e-02,4.697408240147550595e-02,1.970272423522351490e-01,-2.549876183926544013e-02,8.705046045783002007e-02,2.407539115428120602e-01,9.325747208304397962e-01,-6.021137199814136087e-02,1.085608964035355584e+01,2.131434056741833907e-02,2.478429559442899346e-02,2.192008256814027486e-02,2.139903124507757173e-02,1.511799268743269364e-01,1.630220952423049874e-01,1.533131028956659647e-01,1.514799792543585488e-01
6.574999999999999734e-01,3.084718573243401540e-02,5.712906468531402104e-02,7.818222066681836113e-02,4.688746258339856338e-02,1.975032944454951644e-01,-2.490649567288435659e-02,8.704544078922929473e-02,2.415098768679317109e-01,9.324245907793532462e-01,-5.989268331487732772e-02,1.085979513586017475e+01,2.130633109231284614e-02,2.478835729524295900e-02,2.191781256842001424e-02,2.138863440168401256e-02,1.511636871005005711e-01,1.630485775644718582e-01,1.533175056573740647e-01,1.514553675425180379e-01
6.600000000000000311e-01,3.081755317637243849e-02,5.717482710541726965e-02,7.820319052212848510e-02,4.680221553198346540e-02,1.979788450573669867e-01,-2.431429378720405612e-02,8.704018730753208810e-02,2.422647866992037047e-01,9.322752573421937416e-01,-5.957408063708354712e-02,1.086351330017228101e+01,2.129830023328547692e-02,2.479238254657771187e-02,2.191554334405439522e-02,2.137820345156296251e-02,1.511472998966252035e-01,1.630748745653671783e-01,1.533218469172610010e-01,1.514305584084373879e-01
6.624999999999999778e-01,3.078808168880799861e-02,5.722035524896938730e-02,7.822399759314162260e-02,4.671835791003999677e-02,1.984538944751657596e-01,-2.372215489917150685e-02,8.703470002599369981e-02,2.430186534773044194e-01,9.321267203056088357e-01,-5.925556262978191185e-02,1.086724413498392217e+01,2.129024804668795678e-02,2.479637133821562672e-02,2.191327490762436797e-02,2.136773851076881336e-02,1.511307654040422166e-01,1.631009861652976678e-01,1.533261267014847662e-01,1.514055521542042870e-01
6.650000000000000355e-01,3.075877058804497161e-02,5.726564785601181984e-02,7.824464163384238502e-02,4.663590616696641766e-02,1.989284429769803964e-01,-2.313007772627082362e-02,8.702897895592502653e-02,2.437714895917501567e-01,9.319789794596277099e-01,-5.893712792228872344e-02,1.087098764211435942e+01,2.128217458887486993e-02,2.480032366002278207e-02,2.191100727170352050e-02,2.135723969473289630e-02,1.511140837643118739e-01,1.631269122848129915e-01,1.533303450361544751e-01,1.513803490800746943e-01
6.674999999999999822e-01,3.072961918305823839e-02,5.731070366381466746e-02,7.826512239470717613e-02,4.655487653573047585e-02,1.994024908323359657e-01,-2.253806098570121721e-02,8.702302410675645528e-02,2.445233073786418909e-01,9.318320345977524344e-01,-5.861877510798492452e-02,1.087474382350781177e+01,2.127407991620372529e-02,2.480423950194893951e-02,2.190874044885819660e-02,2.134670711826655576e-02,1.510972551192066582e-01,1.631526528446976543e-01,1.533345019473228987e-01,1.513549494844744492e-01
6.700000000000000400e-01,3.070062677351307473e-02,5.735552140691564660e-02,7.828543962276598989e-02,4.647528502990060789e-02,1.998760383028669596e-01,-2.194610339355014192e-02,8.701683548610321395e-02,2.452741191184246439e-01,9.316858855170453424e-01,-5.830050274408812155e-02,1.087851268123318782e+01,2.126596408503498778e-02,2.480811885402748121e-02,2.190647445164759996e-02,2.133614089556434487e-02,1.510802796107044987e-01,1.631782077659633123e-01,1.533385974609794422e-01,1.513293536640015202e-01
6.724999999999999867e-01,3.067179264978590197e-02,5.740009981715987752e-02,7.830559306166418043e-02,4.639714744072741259e-02,2.003490856429984424e-01,-2.135420366395747102e-02,8.701041309983104100e-02,2.460239370336583242e-01,9.315405320182220672e-01,-5.798230935142634213e-02,1.088229421748384063e+01,2.125782715173207132e-02,2.481196170637530590e-02,2.190420929262389821e-02,2.132554114020736302e-02,1.510631573809815553e-01,1.632035769698404470e-01,1.533426316030425951e-01,1.513035619134282528e-01
6.750000000000000444e-01,3.064311609298723746e-02,5.744443762374136508e-02,7.832558245172589750e-02,4.632047933427796416e-02,2.008216331006367483e-01,-2.076236050827658455e-02,8.700375695212329841e-02,2.467727732868060797e-01,9.313959739057414700e-01,-5.766419341421389483e-02,1.088608843457729591e+01,2.124966917266130073e-02,2.481576804919264842e-02,2.190194498433232009e-02,2.131490796516670103e-02,1.510458885724051403e-01,1.632287603777698715e-01,1.533466043993525485e-01,1.512775745257042559e-01
6.774999999999999911e-01,3.061459637498604655e-02,5.748853355324485409e-02,7.834540753001817404e-02,4.624529604862311766e-02,2.012936809178701436e-01,-2.017057263422620053e-02,8.699686704554897287e-02,2.475206399780374156e-01,9.312522109878980103e-01,-5.734615337982933159e-02,1.088989533495500517e+01,2.124149020419183187e-02,2.481953787276287501e-02,2.189968153931125608e-02,2.130424148280703894e-02,1.510284733275261970e-01,1.632537579113941817e-01,1.533505158756636455e-01,1.512513917919597883e-01
6.800000000000000488e-01,3.058623275843625616e-02,5.753238632968916966e-02,7.836506803041588809e-02,4.617161269107952770e-02,2.017652293316771484e-01,-1.957883874503950697e-02,8.698974338113148186e-02,2.482675491430512138e-01,9.311092430769140060e-01,-5.702818765859528349e-02,1.089371492118204010e+01,2.123329030269554066e-02,2.482327116745220233e-02,2.189741897009234509e-02,2.129354180489033757e-02,1.510109117890718056e-01,1.632785694925486253e-01,1.533543660576368872e-01,1.512250140015093947e-01
6.824999999999999956e-01,3.055802449680481911e-02,5.757599467457159143e-02,7.838456368366755744e-02,4.609944413550769865e-02,2.022362785746451286e-01,-1.898715753860654235e-02,8.698238595841835397e-02,2.490135127509200130e-01,9.309670699890325585e-01,-5.671029462356065587e-02,1.089754719594687238e+01,2.122506952454686346e-02,2.482696792370938862e-02,2.189515728920056470e-02,2.128280904257967565e-02,1.509932040999374392e-01,1.633031950432522195e-01,1.533581549708322722e-01,1.511984414418558187e-01
6.850000000000000533e-01,3.052997083440185319e-02,5.761935730691314372e-02,7.840389421746227216e-02,4.602880501966649662e-02,2.027068288756966041e-01,-1.839552770661176742e-02,8.697479477555226934e-02,2.497585427019545223e-01,9.308256915446108115e-01,-5.639247261028508540e-02,1.090139216206106632e+01,2.121682792612261323e-02,2.483062813206534172e-02,2.189289650915431443e-02,2.127204330644321198e-02,1.509753504031789428e-01,1.633276344856981199e-01,1.533618826407010527e-01,1.511716743986948053e-01
6.875000000000000000e-01,3.050207100641271277e-02,5.766247294330482248e-02,7.842305935649715454e-02,4.595970974262584413e-02,2.031768804608258816e-01,-1.780394793366732106e-02,8.696696982934237763e-02,2.505026508255930318e-01,9.306851075682143204e-01,-5.607471991662545119e-02,1.090524982245901420e+01,2.120856556380174354e-02,2.483425178313270615e-02,2.189063664246549898e-02,2.126124470645823772e-02,1.509573508420044841e-01,1.633518877422442672e-01,1.533655490925781018e-01,1.511447131559196799e-01
6.900000000000000577e-01,3.047432423893198586e-02,5.770534029795510583e-02,7.844205882254588758e-02,4.589217246223874225e-02,2.036464335538439308e-01,-1.721241689644203640e-02,8.695891111533717022e-02,2.512458488783176902e-01,9.305453178887109766e-01,-5.575703480252525157e-02,1.090912018019768048e+01,2.120028249396508843e-02,2.483783886760537046e-02,2.188837770163959764e-02,2.125041335201538137e-02,1.509392055597662818e-01,1.633759547354033115e-01,1.533691543516740030e-01,1.511175579956267612e-01
6.925000000000000044e-01,3.044672974899966661e-02,5.774795808273810310e-02,7.846089233452802070e-02,4.582620709267264808e-02,2.041154883771308104e-01,-1.662093326278625202e-02,8.695061862789785212e-02,2.519881485415953470e-01,9.304063223393667093e-01,-5.543941548980602096e-02,1.091300323845629627e+01,2.119197877299504665e-02,2.484138937625792951e-02,2.188611969917575104e-02,2.123954935192290047e-02,1.509209146999520579e-01,1.633998353878327314e-01,1.533726984430671958e-01,1.510902091981209672e-01
6.950000000000000622e-01,3.041928674463918389e-02,5.779032500724297361e-02,7.847955960857909419e-02,4.576182730200239329e-02,2.045840451523990022e-01,-1.602949569085314677e-02,8.694209236027254650e-02,2.527295614198507012e-01,9.302681207579406308e-01,-5.512186016196141125e-02,1.091689900053611240e+01,2.118365445727524859e-02,2.484490329994510499e-02,2.188386264756680966e-02,2.122865281441110863e-02,1.509024784061765156e-01,1.634235296223243705e-01,1.533761813916960370e-01,1.510626670419218665e-01
6.975000000000000089e-01,3.039199442489786546e-02,5.783243977882403936e-02,7.849806035812174898e-02,4.569904650986527511e-02,2.050521041014637946e-01,-1.543810282821668316e-02,8.693333230467197026e-02,2.534700990384688435e-01,9.301307129867815160e-01,-5.480436696395392382e-02,1.092080746986009920e+01,2.117530960319015734e-02,2.484838062960108632e-02,2.188160655929941717e-02,2.121772384713689619e-02,1.508838968221723753e-01,1.634470373617940286e-01,1.533796032223508354e-01,1.510349318037699784e-01
7.000000000000000666e-01,3.036485197988936929e-02,5.787430110265200794e-02,7.851639429393714176e-02,4.563787788517788963e-02,2.055196654470222706e-01,-1.484675331098711873e-02,8.692433845234545653e-02,2.542097728418302727e-01,9.299940988729236135e-01,-5.448693400201445186e-02,1.092472864997268012e+01,2.116694426712465230e-02,2.485182135623884014e-02,2.187935144685405897e-02,2.120676255718836889e-02,1.508651700917813809e-01,1.634703585292706096e-01,1.533829639596657468e-01,1.510070037586336844e-01
7.025000000000000133e-01,3.033785859083838743e-02,5.791590768176604898e-02,7.853456112423798374e-02,4.557833434391780209e-02,2.059867294134425653e-01,-1.425544576292312252e-02,8.691511079365782377e-02,2.549485941913814946e-01,9.298582782681845682e-01,-5.416955934344426515e-02,1.092866254453945274e+01,2.115855850546355735e-02,2.485522547094934712e-02,2.187709732270512117e-02,2.119576905108959755e-02,1.508462983589451689e-01,1.634934930478851578e-01,1.533862636281106695e-01,1.509788831797162223e-01
7.049999999999999600e-01,3.031101343012764307e-02,5.795725821712665454e-02,7.855256055474144072e-02,4.552042854696874974e-02,2.064532962275591743e-01,-1.366417879454212905e-02,8.690564931816761873e-02,2.556865743637409261e-01,9.297232510292628982e-01,-5.385224101642007571e-02,1.093260915734690109e+01,2.115015237459113434e-02,2.485859296490080389e-02,2.187484419932094262e-02,2.118474343480545793e-02,1.508272817676958311e-01,1.635164408408595060e-01,1.533895022519831119e-01,1.509505703384632080e-01
7.075000000000000178e-01,3.028431566134716715e-02,5.799835140766963076e-02,7.857039228874343473e-02,4.546417289803167394e-02,2.069193661194786427e-01,-1.307295100222928379e-02,8.689595401470566471e-02,2.564237245488439898e-01,9.295890170178349177e-01,-5.353497700980201779e-02,1.093656849230213091e+01,2.114172593089054530e-02,2.486192382933774536e-02,2.187259208916386352e-02,2.117368581374657471e-02,1.508081204621464499e-01,1.635392018314950902e-01,1.533926798553999216e-01,1.509220655045704074e-01
7.099999999999999645e-01,3.025776443934590984e-02,5.803918595036048483e-02,7.858805602719332040e-02,4.540957954160089460e-02,2.073849393233928307e-01,-1.248176096734368232e-02,8.688602487145469233e-02,2.571600558481265120e-01,9.294555761006551009e-01,-5.321776527294434095e-02,1.094054055343258192e+01,2.113327923074324530e-02,2.486521805558012874e-02,2.187034100469027395e-02,2.116259629277437992e-02,1.507888145864811347e-01,1.635617759431609031e-01,1.533957964622890136e-01,1.508933689459920624e-01
7.125000000000000222e-01,3.023135891028586042e-02,5.807976054025025536e-02,7.860555146876969934e-02,4.535666036100711312e-02,2.078500160784002848e-01,-1.189060725532491841e-02,8.687586187603010823e-02,2.578955792727503638e-01,9.293229281496534488e-01,-5.290060371550964202e-02,1.094452534488575424e+01,2.112481233052836832e-02,2.486847563502235861e-02,2.186809095835063818e-02,2.115147497620624428e-02,1.507693642849453064e-01,1.635841630992817541e-01,1.533988520963809887e-01,1.508644809289490518e-01
7.149999999999999689e-01,3.020509821169832174e-02,5.812007387053141905e-02,7.862287830995651206e-02,4.530542697652752138e-02,2.083145966293363793e-01,-1.129948841479777241e-02,8.686546501556097200e-02,2.586303057418733453e-01,9.291910730420358533e-01,-5.258349020728576850e-02,1.094852287092892240e+01,2.111632528662204383e-02,2.487169655913225655e-02,2.186584196258954324e-02,2.114032196782071951e-02,1.507497697018354565e-01,1.636063632233261400e-01,1.534018467812007236e-01,1.508354017179380779e-01
7.175000000000000266e-01,3.017898147254299834e-02,5.816012463259534471e-02,7.864003624512003188e-02,4.525589074356274610e-02,2.087786812276114512e-01,-1.070840297667662380e-02,8.685483427677220813e-02,2.593642460809609251e-01,9.290600106603840169e-01,-5.226642257800625385e-02,1.095253313594888311e+01,2.110781815539668899e-02,2.487488081944996821e-02,2.186359402984572667e-02,2.112913737086286395e-02,1.507300309814888217e-01,1.636283762387937268e-01,1.534047805400590436e-01,1.508061315757404930e-01
7.199999999999999734e-01,3.015300781326935367e-02,5.819991151608980978e-02,7.865702496658664999e-02,4.520806275088251613e-02,2.092422701320576783e-01,-1.011734945327059584e-02,8.684396964606763691e-02,2.600974110201484391e-01,9.289297408927549293e-01,-5.194939861717386836e-02,1.095655614445165149e+01,2.109929099322024534e-02,2.487802840758682535e-02,2.186134717255209733e-02,2.111792128804964447e-02,1.507101482682730864e-01,1.636502020692028325e-01,1.534076533960439803e-01,1.507766707634318470e-01
7.225000000000000311e-01,3.012717634588056581e-02,5.823943320897775888e-02,7.867384416472107678e-02,4.516195381893919197e-02,2.097053636097822860e-01,-9.526326337388424381e-03,8.683287110961358801e-02,2.608298111926479201e-01,9.288002636327827855e-01,-5.163241607388770887e-02,1.096059190106221948e+01,2.109074385645538438e-02,2.488113931522414196e-02,2.185910140313575625e-02,2.110667382157544597e-02,1.506901217065753917e-01,1.636718406380775204e-01,1.534104653720124167e-01,1.507470195403916580e-01
7.249999999999999778e-01,3.010148617400007498e-02,5.827868839759644398e-02,7.869049352800538966e-02,4.511757449824994881e-02,2.101679619370316332e-01,-8.935332101443703087e-03,8.682153865342334687e-02,2.615614571332068872e-01,9.286715787797797939e-01,-5.131547265667354280e-02,1.096464041052425387e+01,2.108217680145865400e-02,2.488421353411196871e-02,2.185685673401802434e-02,2.109539507311763984e-02,1.506699514407917329e-01,1.636932918689344985e-01,1.534132164905813722e-01,1.507171781643132646e-01
7.275000000000000355e-01,3.007593639294082327e-02,5.831767576671745279e-02,7.870697274311878877e-02,4.507493506784764764e-02,2.106300654000606842e-01,-8.344365196562297110e-03,8.680997226344269735e-02,2.622923592766177037e-01,9.285436862388373180e-01,-5.099856603331783672e-02,1.096870167769986359e+01,2.107358988457960422e-02,2.488725105606777455e-02,2.185461317761443895e-02,2.108408514384224261e-02,1.506496376153157457e-01,1.637145556852699635e-01,1.534159067741192872e-01,1.506871468912143186e-01
7.299999999999999822e-01,3.005052608977694384e-02,5.835639399960722978e-02,7.872328149501768568e-02,4.503404553380113001e-02,2.110916742960119441e-01,-7.753424051690220760e-03,8.679817192563561712e-02,2.630225279562792284e-01,9.284165859209286831e-01,-5.068169383070549039e-02,1.097277570756931198e+01,2.106498316215985045e-02,2.489025187297508671e-02,2.185237074633477466e-02,2.107274413440964403e-02,1.506291803745275770e-01,1.637356320105459451e-01,1.534185362447373635e-01,1.506569259754471646e-01
7.325000000000000400e-01,3.002525434341841298e-02,5.839484177808842991e-02,7.873941946701663863e-02,4.499491562780476989e-02,2.115527889338020828e-01,-7.162507072704167588e-03,8.678613762607122195e-02,2.637519734028146434e-01,9.282902777430109831e-01,-5.036485363466094295e-02,1.097686250523076268e+01,2.105635669053209161e-02,2.489321597678206821e-02,2.185012945258303640e-02,2.106137214498040797e-02,1.506085798627823380e-01,1.637565207681765944e-01,1.534211049242808211e-01,1.506265156697098040e-01
7.349999999999999867e-01,3.000012022468811698e-02,5.843301778260170248e-02,7.875538634086985679e-02,4.495755480583617236e-02,2.120134096350153596e-01,-6.571612641523327629e-03,8.677386935101130683e-02,2.644807057427422947e-01,9.281647616281286650e-01,-5.004804298979350502e-02,1.098096207590002571e+01,2.104771052601910747e-02,2.489614335950003990e-02,2.184788930875746632e-02,2.104996927522113578e-02,1.505878362243986412e-01,1.637772218815141956e-01,1.534236128343199335e-01,1.505959162250567751e-01
7.375000000000000444e-01,2.997512279640193039e-02,5.847092069226803024e-02,7.877118179685319022e-02,4.492197224688475321e-02,2.124735367348067616e-01,-5.980739115225577017e-03,8.676136708699845601e-02,2.652087349972067631e-01,9.280400375055158912e-01,-4.973125939934626427e-02,1.098507442491030339e+01,2.103904472493267966e-02,2.489903401320195386e-02,2.184565032725052994e-02,2.103853562431039909e-02,1.505669496036466382e-01,1.637977352738350378e-01,1.534260599961413118e-01,1.505651278909106161e-01
7.399999999999999911e-01,2.995026111345136868e-02,5.850854918495188017e-02,7.878680551384649455e-02,4.488817685174761873e-02,2.129331705828108878e-01,-5.389884825164121228e-03,8.674863082094493028e-02,2.659360710807657791e-01,9.279161053107010115e-01,-4.941450032504892537e-02,1.098919955771193990e+01,2.103035934357249184e-02,2.490188793002080792e-02,2.184341252044891268e-02,2.102707129094473493e-02,1.505459201447360562e-01,1.638180608683249828e-01,1.534284464307388574e-01,1.505341509150733004e-01
7.425000000000000488e-01,2.992553422288921072e-02,5.854590193732468056e-02,7.880225716941718916e-02,4.485617724189578520e-02,2.133923115440595764e-01,-4.799048076090474402e-03,8.673566054022251171e-02,2.666627238002396427e-01,9.277929649856100358e-01,-4.909776318697488262e-02,1.099333747987217613e+01,2.102165443822497787e-02,2.490470510214800107e-02,2.184117590073349560e-02,2.101557637334468959e-02,1.505247479918041253e-01,1.638381985880647818e-01,1.534307721588047957e-01,1.505029855437380326e-01
7.449999999999999956e-01,2.990094116401796273e-02,5.858297762492865879e-02,7.881753643990346836e-02,4.482598175840824678e-02,2.138509599999072475e-01,-4.208227145278639093e-03,8.672245623275250115e-02,2.673887028536195420e-01,9.276706164786702180e-01,-4.878104536340232417e-02,1.099748819707491876e+01,2.101293006516211787e-02,2.490748552183164044e-02,2.183894048047933800e-02,2.100405096926092133e-02,1.505034332889031157e-01,1.638581483560154761e-01,1.534330372007208509e-01,1.504716320215011838e-01
7.475000000000000533e-01,2.987648096848086882e-02,5.861977492224157427e-02,7.883264300049863671e-02,4.479759846097480097e-02,2.143091163489628803e-01,-3.617420281655604752e-03,8.670901788709674263e-02,2.681140178290397080e-01,9.275490597449165264e-01,-4.846434419067963129e-02,1.100165171512049689e+01,2.100418628064019619e-02,2.491022918137479614e-02,2.183670627205565318e-02,2.099249517598035519e-02,1.504819761799877642e-01,1.638779100950029932e-01,1.534352415765488364e-01,1.504400905913743647e-01
7.500000000000000000e-01,2.985215266035630768e-02,5.865629250274146528e-02,7.884757652533561090e-02,4.477103512696638254e-02,2.147667810080308159e-01,-3.026625704934790898e-03,8.669534549254916123e-02,2.688386782038127421e-01,9.274282947460952276e-01,-4.814765696309482312e-02,1.100582803992544534e+01,2.099542314089851772e-02,2.491293607313369018e-02,2.183447328782577718e-02,2.098090909033237597e-02,1.504603768089025628e-01,1.638974837277031860e-01,1.534373853060218840e-01,1.504083614947968051e-01
7.525000000000000577e-01,2.982795525625468736e-02,5.869252903897220069e-02,7.886233668757215709e-02,4.474629925057398150e-02,2.152239544130571947e-01,-2.435841604755814658e-03,8.668143903922818916e-02,2.695626933435298356e-01,9.273083214507693572e-01,-4.783098093274972679e-02,1.101001717752228259e+01,2.098664070215806518e-02,2.491560618951584385e-02,2.183224154014713064e-02,2.096929280869506973e-02,1.504386353193688519e-01,1.639168691766262342e-01,1.534394684085350347e-01,1.503764449716478713e-01
7.550000000000000044e-01,2.980388776541858381e-02,5.872848320260893457e-02,7.887692315947615607e-02,4.472339804201305724e-02,2.156806370200851086e-01,-1.845066139828548503e-03,8.666729851816917796e-02,2.702860725012258825e-01,9.271891398344249691e-01,-4.751431330943848425e-02,1.101421913405928876e+01,2.097783902062012526e-02,2.491823952297817640e-02,2.183001104137118065e-02,2.095764642700148964e-02,1.504167518549716365e-01,1.639360663641010463e-01,1.534414909031361907e-01,1.503443412602596119e-01
7.575000000000000622e-01,2.977994918982560663e-02,5.876415366452444888e-02,7.889133561251175653e-02,4.470233842679558617e-02,2.161368293062173596e-01,-1.254297437084050948e-03,8.665292392141803191e-02,2.710088248166123148e-01,9.270707498795761614e-01,-4.719765126053066667e-02,1.101843391580031017e+01,2.096901815246485223e-02,2.492083606602502749e-02,2.182778180384339906e-02,2.094597004074598423e-02,1.503947265591463189e-01,1.639550752122593269e-01,1.534434528085168448e-01,1.503120505974296917e-01
7.600000000000000089e-01,2.975613852429435241e-02,5.879953909485578084e-02,7.890557371742557002e-02,4.468312704506741118e-02,2.165925317705838515e-01,-6.635335908297125248e-04,8.663831524212513291e-02,2.717309593153771630e-01,9.269531515758722140e-01,-4.688099191085895456e-02,1.102266152912455688e+01,2.096017815384979693e-02,2.492339581120615530e-02,2.182555383990320355e-02,2.093426374499052570e-02,1.503725595751650990e-01,1.639738956430195627e-01,1.534453541430027546e-01,1.502795732184341593e-01
7.625000000000000666e-01,2.973245475659336973e-02,5.883463816307048233e-02,7.891963714433346266e-02,4.466577025101028942e-02,2.170477449353195865e-01,-7.277266191424886259e-05,8.662347247463972333e-02,2.724524849085535605e-01,9.268363449202032811e-01,-4.656433234261179999e-02,1.102690198052641612e+01,2.095131908090839060e-02,2.492591875111465835e-02,2.182332716188390906e-02,2.092252763437107976e-02,1.503502510461235120e-01,1.639925275780707847e-01,1.534471949245446998e-01,1.502469093570406589e-01
7.650000000000000133e-01,2.970889686755318060e-02,5.886944953803407987e-02,7.893352556280763821e-02,4.465027411230875626e-02,2.175024693465472114e-01,5.179873231033701488e-04,8.660839561460523250e-02,2.731734103919580270e-01,9.267203299168077502e-01,-4.624766959523082116e-02,1.103115527661525697e+01,2.094244098974837320e-02,2.492840487838486954e-02,2.182110178211266183e-02,2.091076180310398949e-02,1.503278011149263016e-01,1.640109709388559711e-01,1.534489751707089900e-01,1.502140592455214196e-01
7.675000000000000711e-01,2.968546383118119900e-02,5.890397188807727086e-02,7.894723864196391550e-02,4.463664440967946012e-02,2.179567055753670046e-01,1.108748372776725832e-03,8.659308465905436736e-02,2.738937444456972514e-01,9.266051065773787121e-01,-4.593100066531304732e-02,1.103542142411528992e+01,2.093354393645017672e-02,2.493085418569017386e-02,2.181887771291038045e-02,2.089896634499239722e-02,1.503052099242734863e-01,1.640292256465555321e-01,1.534506948986682773e-01,1.501810231146666896e-01
7.700000000000000178e-01,2.966215461477984816e-02,5.893820388106350838e-02,7.896077605054985238e-02,4.462488663646371756e-02,2.184104542188544384e-01,1.699512531586342681e-03,8.657753960650568792e-02,2.746134956337478172e-01,9.264906749211710979e-01,-4.561432250651852732e-02,1.103970042986536804e+01,2.092462797706526323e-02,2.493326666574079836e-02,2.181665496659167952e-02,2.088714135343264916e-02,1.502824776166461207e-01,1.640472916220705457e-01,1.534523541251919532e-01,1.501478011937979196e-01
7.724999999999999645e-01,2.963896817906771369e-02,5.897214418445655137e-02,7.897413745703232846e-02,4.461500599828048530e-02,2.188637159010637934e-01,2.290281880746417118e-03,8.656176045705972488e-02,2.753326724036050388e-01,9.263770349751105915e-01,-4.529763202948282330e-02,1.104399230081885541e+01,2.091569316761442143e-02,2.493564231128153619e-02,2.181443355546480029e-02,2.087528692142073816e-02,1.502596043342917798e-01,1.640651687860054386e-01,1.534539528666366837e-01,1.501143937107812243e-01
7.750000000000000222e-01,2.961590347830373587e-02,5.900579146538879188e-02,7.898732252968622414e-02,4.460700741273990882e-02,2.193164912740383221e-01,2.881058539003517310e-03,8.654574721249617963e-02,2.760512830860051836e-01,9.262641867738986567e-01,-4.498092610173490963e-02,1.104829704404348334e+01,2.090673956408600417e-02,2.493798111508942553e-02,2.181221349183152039e-02,2.086340314155873607e-02,1.502365902192100422e-01,1.640828570586511104e-01,1.534554911389370557e-01,1.500808008920409276e-01
7.774999999999999689e-01,2.959295946041443776e-02,5.903914439072892317e-02,7.900033093668300255e-02,4.460089550921632340e-02,2.197687810188282964e-01,3.471844663425300778e-03,8.652949987637127693e-02,2.767693358947188598e-01,9.261521303601231159e-01,-4.466420154762034550e-02,1.105261466672122062e+01,2.089776722243412085e-02,2.494028306997139038e-02,2.180999478798707064e-02,2.085149010606123302e-02,1.502134354131376415e-01,1.641003563599673365e-01,1.534569689575958629e-01,1.500470229625729401e-01
7.800000000000000266e-01,2.957013506712465392e-02,5.907220162715037803e-02,7.901316234617934697e-02,4.459667462867809851e-02,2.202205858465136057e-01,4.062642450181021790e-03,8.651301845411558944e-02,2.774868389264164570e-01,9.260408657843642866e-01,-4.434745514823000556e-02,1.105694517614814387e+01,2.088877619857678822e-02,2.494254816876180850e-02,2.180777745622005173e-02,2.083954790676177671e-02,1.501901400575333945e-01,1.641176666095653658e-01,1.534583863376746682e-01,1.500130601459584434e-01
7.824999999999999734e-01,2.954742923409066011e-02,5.910496184119969076e-02,7.902581642640642279e-02,4.459434882357505431e-02,2.206719064992339330e-01,4.653454135311608716e-03,8.649630295313234796e-02,2.782038001606084165e-01,9.259303931053042280e-01,-4.403068364133445878e-02,1.106128857973435231e+01,2.087976654839402910e-02,2.494477640432006191e-02,2.180556150881233016e-02,2.082757663511930826e-02,1.501667042935631580e-01,1.641347877266900457e-01,1.534597432937842010e-01,1.499789126643772952e-01
7.850000000000000311e-01,2.952484089103708798e-02,5.913742369936467180e-02,7.903829284575908387e-02,4.459392185778015411e-02,2.211227437512249261e-01,5.244281995489932617e-03,8.647935338289589047e-02,2.789202274596563336e-01,9.258207123898344326e-01,-4.371388372132369027e-02,1.106564488500384158e+01,2.087073832772592258e-02,2.494696776952801814e-02,2.180334695803893413e-02,2.081557638222457374e-02,1.501431282620843966e-01,1.641517196302021142e-01,1.534610398400746145e-01,1.499445807386217688e-01
7.874999999999999778e-01,2.950236896189672650e-02,5.916958586814312360e-02,7.905059127288524556e-02,4.459539720658561857e-02,2.215730984098611134e-01,5.835128348771018332e-03,8.646216975505070790e-02,2.796361285688577225e-01,9.257118237131652938e-01,-4.339705203915292936e-02,1.107001409959446292e+01,2.086169159237060561e-02,2.494912225728747324e-02,2.180113381616795645e-02,2.080354723880653914e-02,1.501194121036306672e-01,1.641684622385598813e-01,1.534622759902259381e-01,1.499100645881100424e-01
7.900000000000000355e-01,2.948001236495333827e-02,5.920144701411118870e-02,7.906271137677572947e-02,4.459877805675090817e-02,2.220229713167037044e-01,6.425995555330617746e-03,8.644475208351082296e-02,2.803515111166053342e-01,9.256037271589334647e-01,-4.308018520229439652e-02,1.107439623125781303e+01,2.085262639808223295e-02,2.495123986051754270e-02,2.179892209546043305e-02,2.079148929523877767e-02,1.500955559583958543e-01,1.641850154698012987e-01,1.534634517574384738e-01,1.498753644308997157e-01
7.924999999999999822e-01,2.945777001298776829e-02,5.923300580399194076e-02,7.907465282685366414e-02,4.460406730660172736e-02,2.224723633485544139e-01,7.016886018193307928e-03,8.642710038455908572e-02,2.810663826146171940e-01,9.254964228193121034e-01,-4.276327977469487202e-02,1.107879128785921097e+01,2.084354280056886777e-02,2.495332057215202820e-02,2.179671180817022505e-02,2.077940264154582925e-02,1.500715599662183486e-01,1.642013792415254192e-01,1.534645671544228318e-01,1.498404804837013549e-01
7.950000000000000400e-01,2.943564081342720309e-02,5.926426090472381586e-02,7.908641529306466300e-02,4.461126756617814215e-02,2.229212754185167511e-01,7.607802183948910238e-03,8.640921467694741287e-02,2.817807504582421352e-01,9.253899107951181202e-01,-4.244633227673941939e-02,1.108319927737764665e+01,2.083444085549035832e-02,2.495536438513670796e-02,2.179450296654390773e-02,2.076728736740955650e-02,1.500474242665648383e-01,1.642175534708738838e-01,1.534656221933905218e-01,1.498054129618920649e-01
7.974999999999999867e-01,2.941362366849742394e-02,5.929521098352914105e-02,7.909799844596661356e-02,4.462038115743019451e-02,2.233697084770612240e-01,8.198746543456312749e-03,8.639109498199658288e-02,2.824946219268356651e-01,9.252841911959223120e-01,-4.212933918522142329e-02,1.108762020790575420e+01,2.082532061845612792e-02,2.495737129242661320e-02,2.179229558282062829e-02,2.075514356217543835e-02,1.500231489985141831e-01,1.642335380745123252e-01,1.534666168860440438e-01,1.497701620795287847e-01
8.000000000000000444e-01,2.939171747537832474e-02,5.932585470798257959e-02,7.910940195681975817e-02,4.463141011445981299e-02,2.238176635130960102e-01,8.789721632536474927e-03,8.637274132369682222e-02,2.832080041842106044e-01,9.251792641401582751e-01,-4.181229693331910829e-02,1.109205408764981549e+01,2.081618214502294409e-02,2.495934128698324914e-02,2.179008966923198093e-02,2.074297131485885667e-02,1.499987343007408991e-01,1.642493329686115777e-01,1.534675512435670075e-01,1.497347280493616095e-01
8.024999999999999911e-01,2.936992112636268096e-02,5.935619074607954154e-02,7.912062549767663600e-02,4.464435618380631354e-02,2.242651415550447058e-01,9.380730032650750477e-03,8.635415372880822504e-02,2.839209042791573379e-01,9.250751297552307628e-01,-4.149520191057810836e-02,1.109650092492974771e+01,2.080702549069262872e-02,2.496127436177176737e-02,2.178788523800186464e-02,2.073077071415133435e-02,1.499741803114984506e-01,1.642649380688285532e-01,1.534684252766146118e-01,1.496991110828472527e-01
8.050000000000000488e-01,2.934823350901765923e-02,5.938621776630430976e-02,7.913166874147262164e-02,4.465922082477505328e-02,2.247121436719279330e-01,9.971774371567928424e-03,8.633533222696174181e-02,2.846333291460391157e-01,9.249717881776253758e-01,-4.117805046290108628e-02,1.110096072817914425e+01,2.079785071090971618e-02,2.496317050975811400e-02,2.178568230134634437e-02,2.071854184842672128e-02,1.499494871686026798e-01,1.642803532902874231e-01,1.534692389953036806e-01,1.496633113901619794e-01
8.074999999999999956e-01,2.932665350634985901e-02,5.941593443769854765e-02,7.914253136211542305e-02,4.467600520980640616e-02,2.251586709744497483e-01,1.056285732401739466e-02,8.631627685075969614e-02,2.853452856054552456e-01,9.248692395530178079e-01,-4.086083889254384094e-02,1.110543350594530132e+01,2.078865786105906985e-02,2.496502972390612224e-02,2.178348087147349149e-02,2.070628480574736308e-02,1.499246550094145980e-01,1.642955785475601338e-01,1.534699924092027823e-01,1.496273291802148464e-01
8.100000000000000533e-01,2.930517999697333786e-02,5.944533942992904357e-02,7.915321303457574509e-02,4.469471022488361034e-02,2.256047246160907682e-01,1.115398161232774611e-02,8.629698763587737020e-02,2.860567803649762264e-01,9.247674840363820925e-01,-4.054356345811826329e-02,1.110991926688929610e+01,2.077944699646343610e-02,2.496685199717458420e-02,2.178128096058324151e-02,2.069399967387018646e-02,1.498996839708233442e-01,1.643106137546473111e-01,1.534706855273225978e-01,1.495911646606606360e-01
8.125000000000000000e-01,2.928381185528067601e-02,5.947443141335601730e-02,7.916371343497707880e-02,4.471533646997767619e-02,2.260503057942044314e-01,1.174515000705257141e-02,8.627746462116378523e-02,2.867678200199497152e-01,9.246665217921006263e-01,-4.022622037460222427e-02,1.111441801978602761e+01,2.077021817238097062e-02,2.496863732251426715e-02,2.177908258086722754e-02,2.068168654025275693e-02,1.498745741892289207e-01,1.643254588249587200e-01,1.534713183581058737e-01,1.495548180379125958e-01
8.150000000000000577e-01,2.926254795161722586e-02,5.950320905910073260e-02,7.917403224068589318e-02,4.473788425952766878e-02,2.264954157511180066e-01,1.233636532758114294e-02,8.625770784874323138e-02,2.874784110543734394e-01,9.245663529940731928e-01,-3.990880581335674859e-02,1.111892977352434286e+01,2.076097144400269878e-02,2.497038569286489165e-02,2.177688574450861031e-02,2.066934549205926702e-02,1.498493258005245687e-01,1.643401136712936694e-01,1.534718909094177075e-01,1.495182895171552062e-01
8.175000000000000044e-01,2.924138715245831743e-02,5.953167103911338742e-02,7.918416913040134120e-02,4.476235362295401254e-02,2.269400557752395964e-01,1.292763044273443837e-02,8.623771736411621480e-02,2.881885598418382211e-01,9.244669778258248760e-01,-3.959131590215003715e-02,1.112345453710714338e+01,2.075170686644992393e-02,2.497209710115209924e-02,2.177469046368192204e-02,2.065697661616646905e-02,1.498239389400791988e-01,1.643545782058213889e-01,1.534724031885355833e-01,1.494815793023566708e-01
8.200000000000000622e-01,2.922032832058992294e-02,5.955981602624058763e-02,7.919412378424542376e-02,4.478874430520339567e-02,2.273842272021678323e-01,1.351894827134610642e-02,8.621749321626140383e-02,2.888982726465375017e-01,9.243683964806164166e-01,-3.927374672518915005e-02,1.112799231965150071e+01,2.074242449477160452e-02,2.497377154028435423e-02,2.177249675055287562e-02,2.064457999916954889e-02,1.497984137427194884e-01,1.643688523400612389e-01,1.534728552021396575e-01,1.494446875962813504e-01
8.225000000000000089e-01,2.919937031529182964e-02,5.958764269429270288e-02,7.920389588385250146e-02,4.481705576732298441e-02,2.278279314158060120e-01,1.411032178282803362e-02,8.619703545773646503e-02,2.896075556243435378e-01,9.242706091615525699e-01,-3.895609432315907256e-02,1.113254313038882692e+01,2.073312438394166873e-02,2.497540900314982812e-02,2.177030461727819111e-02,2.063215572738791997e-02,1.497727503427120077e-01,1.643829359848628657e-01,1.534732469563026003e-01,1.494076146005018646e-01
8.250000000000000666e-01,2.917851199252424060e-02,5.961514971811140290e-02,7.921348511245905610e-02,4.484728718706202516e-02,2.282711698494807873e-01,1.470175399772015445e-02,8.617634414477975957e-02,2.903164148239480991e-01,9.241736160816899082e-01,-3.863835469326921956e-02,1.113710697866502386e+01,2.072380658885628404e-02,2.497700948261324591e-02,2.176811407600540496e-02,2.061970388687095479e-02,1.497469488737449006e-01,1.643968290503861895e-01,1.534735784564800476e-01,1.493703605154111658e-01
8.275000000000000133e-01,2.915775220511742857e-02,5.964233577363647204e-02,7.922289115499295264e-02,4.487943745949970337e-02,2.287139439870644331e-01,1.529324798822443224e-02,8.615541933741148461e-02,2.910248561880698359e-01,9.240774174641470662e-01,-3.832052378930790593e-02,1.114168387394070869e+01,2.071447116433107125e-02,2.497857297151270806e-02,2.176592513887268612e-02,2.060722456340364356e-02,1.497210094689096771e-01,1.644105314460814204e-01,1.534738497075004704e-01,1.493329255402343625e-01
8.300000000000000711e-01,2.913708980296413065e-02,5.966919953797275578e-02,7.923211369816286764e-02,4.491350519769563010e-02,2.291562553641001421e-01,1.588480687872148925e-02,8.613426109953510601e-02,2.917328855547198230e-01,9.239820135422123215e-01,-3.800259752170462996e-02,1.114627382579139692e+01,2.070511816509828032e-02,2.498009946265647430e-02,2.176373781800862786e-02,2.059471784251217311e-02,1.496949322606825616e-01,1.644240430806688802e-01,1.534740607135554324e-01,1.492953098730402661e-01
8.325000000000000178e-01,2.911652363321511755e-02,5.969573968945738468e-02,7.924115243054731528e-02,4.494948873336315071e-02,2.295981055689310657e-01,1.647643384627242580e-02,8.611286949903823595e-02,2.924405086585341040e-01,9.238874045594517304e-01,-3.768457175760018402e-02,1.115087684390774392e+01,2.069574764580390733e-02,2.498158894881971626e-02,2.176155212553205695e-02,2.058218380946942594e-02,1.496687173809060079e-01,1.644373638621188516e-01,1.534742114781896261e-01,1.492575137107528260e-01
8.349999999999999645e-01,2.909605254047771192e-02,5.972195490772592985e-02,7.925000704268329865e-02,4.498738611756180478e-02,2.300394962438326585e-01,1.706813212110225644e-02,8.609124460789385758e-02,2.931477311321626367e-01,9.237935907698174853e-01,-3.736644232092511259e-02,1.115549293809582210e+01,2.068635966100477661e-02,2.498304142274124229e-02,2.175936807355181510e-02,2.056962254930040299e-02,1.496423649607698247e-01,1.644504936976312892e-01,1.534743020042910744e-01,1.492195372491624261e-01
8.375000000000000222e-01,2.907567536701728336e-02,5.974784387377923833e-02,7.925867722715529418e-02,4.502719512140802849e-02,2.304804290861478255e-01,1.765990498706536752e-02,8.606938650226129972e-02,2.938545585077195765e-01,9.237005724377560512e-01,-3.704820499248643456e-02,1.116012211827736067e+01,2.067695426516555010e-02,2.498445687712020843e-02,2.175718567416655425e-02,2.055703414678754573e-02,1.496158751307922197e-01,1.644634324936154190e-01,1.534743322940812227e-01,1.491813806829366262e-01
8.399999999999999689e-01,2.905539095296159890e-02,5.977340527004969262e-02,7.926716267868318122e-02,4.506891323680171924e-02,2.309209058494247624e-01,1.825175578209601787e-02,8.604729526258667049e-02,2.945609962182884067e-01,9.236083498383159673e-01,-3.672985551006253263e-02,1.116476439449009739e+01,2.066753151265571589e-02,2.498583530461278429e-02,2.175500493946451799e-02,2.054441868647598202e-02,1.495892480208005082e-01,1.644761801556694492e-01,1.534743023491050573e-01,1.491430442056309036e-01
8.425000000000000266e-01,2.903519813650796977e-02,5.979863778046751177e-02,7.927546309421058812e-02,4.511253767716694868e-02,2.313609283445572928e-01,1.884368789863823113e-02,8.602497097370356838e-02,2.952670495994862976e-01,9.235169232572545406e-01,-3.641138956850709096e-02,1.116941977688804499e+01,2.065809145774650038e-02,2.498717669782880499e-02,2.175282588152330568e-02,2.053177625267867817e-02,1.495624837599121293e-01,1.644887365885601138e-01,1.534742121702212525e-01,1.491045280096992554e-01
8.449999999999999734e-01,2.901509575413360395e-02,5.982354009052707339e-02,7.928357817299239163e-02,4.515806537820528377e-02,2.318004984409276770e-01,1.943570478405938842e-02,8.600241372493316883e-02,2.959727238910789260e-01,9.234262929911452034e-01,-3.609280281986122774e-02,1.117408827574189978e+01,2.064863415460776314e-02,2.498848104932839542e-02,2.175064851240966421e-02,2.051910692948148707e-02,1.495355824765149944e-01,1.645011016962022177e-01,1.534740617575924837e-01,1.490658322865042185e-01
8.475000000000000311e-01,2.899508264080834924e-02,5.984811088735274287e-02,7.929150761668245229e-02,4.520549299865958548e-02,2.322396180675511401e-01,2.002780994104431250e-02,8.597962361018442190e-02,2.966780242386500288e-01,9.233364593474859827e-01,-3.577409087347478700e-02,1.117876990143936133e+01,2.063915965730480848e-02,2.498974835161857366e-02,2.174847284417923479e-02,2.050641080074811981e-02,1.495085442982478918e-01,1.645132753816378746e-01,1.534738511106752967e-01,1.490269572263268616e-01
8.499999999999999778e-01,2.897515763021058302e-02,5.987234885976519538e-02,7.929925112942036447e-02,4.525481692108650200e-02,2.326782892142228720e-01,2.062000692797154658e-02,8.595660072805350049e-02,2.973829556953229147e-01,9.232474226448033061e-01,-3.545524929613647763e-02,1.118346466448556775e+01,2.062966801979517970e-02,2.499097859714983008e-02,2.174629888887632742e-02,2.049368795012499606e-02,1.494813693519809195e-01,1.645252575470163847e-01,1.534735802282106432e-01,1.489879030183764441e-01
8.525000000000000355e-01,2.895531955494577703e-02,5.989625269834727983e-02,7.930680841791853952e-02,4.530603325263573428e-02,2.331165139326655533e-01,2.121229935927040552e-02,8.593334518192355387e-02,2.980875232235268291e-01,9.231591832127602482e-01,-3.513627361221333123e-02,1.118817257550348643e+01,2.062015929592538738e-02,2.499217177831269954e-02,2.174412665853367108e-02,2.048093846104600060e-02,1.494540577637955003e-01,1.645370480935733071e-01,1.534732491082138883e-01,1.489486698507997975e-01
8.549999999999999822e-01,2.893556724676760866e-02,5.991982109551004243e-02,7.931417919154819252e-02,4.535913782583523429e-02,2.335542943376791858e-01,2.180469090575845245e-02,8.590985708006325383e-02,2.987917316968151660e-01,9.230717413922618908e-01,-3.481715930379928464e-02,1.119289364523438124e+01,2.061063353942759260e-02,2.499332788743428846e-02,2.174195616517216392e-02,2.046816241673714287e-02,1.494266096589643988e-01,1.645486469216099756e-01,1.534728577479650691e-01,1.489092579106903458e-01
8.575000000000000400e-01,2.891589953680228503e-02,5.994305274555870172e-02,7.932136316242564822e-02,4.541412619937994222e-02,2.339916326082919773e-01,2.239718529496038946e-02,8.588613653572600704e-02,2.994955859017255917e-01,9.229850975355610165e-01,-3.449790181087317859e-02,1.119762788453827085e+01,2.060109080391624159e-02,2.499444691677481928e-02,2.173978742080061657e-02,2.045535990022110881e-02,1.493990251619314868e-01,1.645600539304729881e-01,1.534724061439992071e-01,1.488696673840968765e-01
8.599999999999999867e-01,2.889631525577482721e-02,5.996594634475887337e-02,7.932836004549748132e-02,4.547099365892248030e-02,2.344285309889109215e-01,2.298978631140640924e-02,8.586218366724769624e-02,3.001990905396851872e-01,9.228992520063622473e-01,-3.417849653146660949e-02,1.120237530439443496e+01,2.059153114288466563e-02,2.499552885852412282e-02,2.173762043741550229e-02,2.044253099432169138e-02,1.493713043962915654e-01,1.645712690185334448e-01,1.534718942920965667e-01,1.488298984560322558e-01
8.625000000000000444e-01,2.887681323423855334e-02,5.998850059140266311e-02,7.933516955862614239e-02,4.552973521786449207e-02,2.348649917904745144e-01,2.358249779691190193e-02,8.583799859814493505e-02,3.009022502289567247e-01,9.228142051799281820e-01,-3.385893882184105863e-02,1.120713591590192060e+01,2.058195460970161511e-02,2.499657370479814802e-02,2.173545522700067942e-02,2.042967578166812737e-02,1.493434474847699089e-01,1.645822920831664926e-01,1.534713221872729128e-01,1.487899513104812277e-01
8.649999999999999911e-01,2.885739230280696954e-02,6.001071418587494016e-02,7.934179142267396012e-02,4.559034561814762770e-02,2.353010173916038894e-01,2.417532365083569640e-02,8.581358145721211528e-02,3.016050695066228582e-01,9.227299574431822027e-01,-3.353922399667545740e-02,1.121190973028010696e+01,2.057236125760775192e-02,2.499758144763543702e-02,2.173329180152713119e-02,2.041679434469931970e-02,1.493154545492016427e-01,1.645931230207305640e-01,1.534706898237699624e-01,1.487498261304086578e-01
8.675000000000000488e-01,2.883805129238815532e-02,6.003258583071991589e-02,7.934822536158780970e-02,4.565281933104171908e-02,2.357366102397564500e-01,2.476826783031917459e-02,8.578893237861835719e-02,3.023075528306097826e-01,9.226465091948126140e-01,-3.321934732926334205e-02,1.121669675886927209e+01,2.056275113971210711e-02,2.499855207899358972e-02,2.173113017295268817e-02,2.040388676566793486e-02,1.492873257105110929e-01,1.646037617265470321e-01,1.534699971950457265e-01,1.487095230977669158e-01
8.699999999999999956e-01,2.881878903442166087e-02,6.005411423070800003e-02,7.935447110248257385e-02,4.571715055792992255e-02,2.361717728523766990e-01,2.536133435050462459e-02,8.576405150200393235e-02,3.030097045817437551e-01,9.225638608453767819e-01,-3.289930405172040301e-02,1.122149701313119330e+01,2.055312430898847964e-02,2.499948559074573889e-02,2.172897035322174375e-02,2.039095312664439968e-02,1.492590610886909974e-01,1.646142080948793940e-01,1.534692442937648227e-01,1.486690423935030647e-01
8.725000000000000533e-01,2.879960436111808283e-02,6.007529809290231004e-02,7.936052837572442342e-02,4.578333323108860903e-02,2.366065078180479564e-01,2.595452728473168075e-02,8.573893897257611751e-02,3.037115290658416455e-01,9.224820128174027190e-01,-3.257908935520244242e-02,1.122631050464977243e+01,2.054348081827178304e-02,2.500038197467698356e-02,2.172681235426497312e-02,2.037799350952078023e-02,1.492306608027815507e-01,1.646244620189129260e-01,1.534684311117890110e-01,1.486283841975659381e-01
8.750000000000000000e-01,2.878049610570074246e-02,6.009613612672683181e-02,7.936639691501337635e-02,4.585136101446183471e-02,2.370408177976431607e-01,2.654785076471596894e-02,8.571359494120416034e-02,3.044130305158325722e-01,9.224009655454906698e-01,-3.225869839013360829e-02,1.123113724513170553e+01,2.053382072025436433e-02,2.500124122248084668e-02,2.172465618799905226e-02,2.036500799601452874e-02,1.492021249708493091e-01,1.646345233907342553e-01,1.534675576401677288e-01,1.485875486889126629e-01
8.775000000000000577e-01,2.876146310264999020e-02,6.011662704403340080e-02,7.937207645746548190e-02,4.592122730442824846e-02,2.374747055254732842e-01,2.714130898070296269e-02,8.568801956451413404e-02,3.051142130939059061e-01,9.223207194764168060e-01,-3.193812626644555730e-02,1.123597724640713835e+01,2.052414406748226741e-02,2.500206332575569818e-02,2.172250186632634569e-02,2.035199666767213700e-02,1.491734537099660973e-01,1.646443921013106271e-01,1.534666238691285434e-01,1.485465360455148764e-01
8.800000000000000044e-01,2.874250418794964054e-02,6.013676955917039019e-02,7.937756674369429721e-02,4.599292523056053295e-02,2.379081738104365518e-01,2.773490618160331586e-02,8.566221300498279290e-02,3.058150808936883625e-01,9.222412750692321470e-01,-3.161736805382715787e-02,1.124083052043040354e+01,2.051445091235144444e-02,2.500284827600119872e-02,2.172034940113462195e-02,2.033895960587264046e-02,1.491446471361875803e-01,1.646540680404699197e-01,1.534656297880677145e-01,1.485053464443646942e-01
8.825000000000000622e-01,2.872361819933599153e-02,6.015656238905130182e-02,7.938286751789187801e-02,4.606644765637508965e-02,2.383412255371636923e-01,2.832864667510644197e-02,8.563617543103081708e-02,3.065156379424427424e-01,9.221626327953632574e-01,-3.129641878198537175e-02,1.124569707928074713e+01,2.050474130710393250e-02,2.500359606461471929e-02,2.171819880429674138e-02,2.032589689183103565e-02,1.491157053645320307e-01,1.646635510968800786e-01,1.534645753855409522e-01,1.484639800614804273e-01
8.850000000000000089e-01,2.870480397654877683e-02,6.017600425322412738e-02,7.938797852790932530e-02,4.614178718007293234e-02,2.387738636671623838e-01,2.892253482777153509e-02,8.560990701711564121e-02,3.072158882032883787e-01,9.220847931387126106e-01,-3.097527344091719967e-02,1.125057693516308355e+01,2.049501530382398171e-02,2.500430668288776762e-02,2.171605008767035425e-02,2.031280860660154147e-02,1.490866285089587628e-01,1.646728411580288820e-01,1.534634606492539244e-01,1.484224370719117170e-01
8.875000000000000666e-01,2.868606036158448391e-02,6.019509387394137573e-02,7.939289952533637451e-02,4.621893613526905503e-02,2.392060912399592565e-01,2.951657506509791987e-02,8.558340794382313099e-02,3.079158355774421207e-01,9.220077565957568444e-01,-3.065392698119277087e-02,1.125547010040880380e+01,2.048527295443413818e-02,2.500498012200242162e-02,2.171390326309757812e-02,2.029969483108077025e-02,1.490574166823463720e-01,1.646819381102038460e-01,1.534622855660531526e-01,1.483807176497444758e-01
8.900000000000000133e-01,2.866738619895168455e-02,6.021382997623105776e-02,7.939763026558067927e-02,4.629788659171145404e-02,2.396379113742378442e-01,3.011077187157414417e-02,8.555667839795885743e-02,3.086154839064747524e-01,9.219315236756454590e-01,-3.033237431424987834e-02,1.126037658747659087e+01,2.047551431069128888e-02,2.500561637302774545e-02,2.171175834240468561e-02,2.028655564601074962e-02,1.490280699964712519e-01,1.646908418384720740e-01,1.534610501219166312e-01,1.483388219681056330e-01
8.925000000000000711e-01,2.864878033592863429e-02,6.023221128796796275e-02,7.940217050794631803e-02,4.637863035598796535e-02,2.400693272689759517e-01,3.070512979070347953e-02,8.552971857263826083e-02,3.093148369745815085e-01,9.218560949002974070e-01,-3.001061031270032403e-02,1.126529640895326700e+01,2.046573942418265096e-02,2.500621542691622637e-02,2.170961533740177821e-02,2.027339113198184384e-02,1.489985885619857509e-01,1.646995522266603285e-01,1.534597543019448340e-01,1.482967501991672432e-01
8.950000000000000178e-01,2.863024162282269691e-02,6.025023653994656531e-02,7.940652001571162077e-02,4.646115897222100055e-02,2.405003422045777772e-01,3.129965342500937858e-02,8.550252866737638457e-02,3.100138985108665257e-01,9.217814708044983485e-01,-2.968862981064768203e-02,1.127022957755467836e+01,2.045594834632172634e-02,2.500677727450020121e-02,2.170747425988246715e-02,2.026020136943554317e-02,1.489689724883961064e-01,1.647080691573351019e-01,1.534583980903516665e-01,1.482545025141506212e-01
8.974999999999999645e-01,2.861176891323198232e-02,6.026790446595458456e-02,7.941067855620657923e-02,4.654546372274988297e-02,2.409309595440025653e-01,3.189434743601771149e-02,8.547510888817659580e-02,3.107126721916337320e-01,9.217076519359972409e-01,-2.936642760401720828e-02,1.127517610612658672e+01,2.044614112834421474e-02,2.500730190648830023e-02,2.170533512162352643e-02,2.024698643866711806e-02,1.489392218840405735e-01,1.647163925117827998e-01,1.534569814704550839e-01,1.482120790833296731e-01
9.000000000000000222e-01,2.859336106430860822e-02,6.028521380284754955e-02,7.941464590088903597e-02,4.663153562880048564e-02,2.413611827338902893e-01,3.248921654421767224e-02,8.544745944761801548e-02,3.114111616426875617e-01,9.216346388555999303e-01,-2.904399845089756377e-02,1.128013600764562341e+01,2.043631782130388153e-02,2.500778931346188741e-02,2.170319793438457018e-02,2.023374641982817607e-02,1.489093368560673869e-01,1.647245221699900897e-01,1.534555044246686539e-01,1.481694800760344488e-01
9.024999999999999689e-01,2.857501693702417175e-02,6.030216329062507846e-02,7.941842182542113715e-02,4.671936545114176165e-02,2.417910153056816447e-01,3.308426552899932510e-02,8.541958056494317053e-02,3.121093704416365022e-01,9.215624321372640759e-01,-2.872133707189486462e-02,1.128510929522023432e+01,2.042647847606837708e-02,2.500823948587152165e-02,2.170106270990770220e-02,2.022048139292908012e-02,1.488793175104125843e-01,1.647324580106244440e-01,1.534539669344922308e-01,1.481267056606540011e-01
9.050000000000000266e-01,2.855673539643671655e-02,6.031875167250795589e-02,7.942200610974364805e-02,4.680894369072999273e-02,2.422204608767345169e-01,3.367949922857076117e-02,8.539147246614312015e-02,3.128073021201988602e-01,9.214910323681919646e-01,-2.839843815049889614e-02,1.129009598209168708e+01,2.041662314331503178e-02,2.500865241403340752e-02,2.169892945991717600e-02,2.020719143784123484e-02,1.488491639517777465e-01,1.647401999110146009e-01,1.534523689805034896e-01,1.480837560046389945e-01
9.074999999999999734e-01,2.853851531195981256e-02,6.033497769501715291e-02,7.942539853815128170e-02,4.690026058933904202e-02,2.426495231514344264e-01,3.427492253985101739e-02,8.536313538404335932e-02,3.135049601665083618e-01,9.214204401489241025e-01,-2.807529633346200759e-02,1.129509608163507295e+01,2.040675187352659209e-02,2.500902808812588418e-02,2.169679819611904439e-02,2.019387663429927926e-02,1.488188762836076540e-01,1.647477477471313567e-01,1.534507105423489060e-01,1.480406312745038977e-01
9.100000000000000311e-01,2.852035555763294400e-02,6.035084010805385341e-02,7.942859889936577933e-02,4.699330613017908137e-02,2.430782059223009772e-01,3.487054041834185963e-02,8.533456955838729374e-02,3.142023480274163116e-01,9.213506560934285883e-01,-2.775190623119066016e-02,1.130010960736037262e+01,2.039686471698693229e-02,2.500936649818590041e-02,2.169466893020080209e-02,2.018053706190313032e-02,1.487884546080680270e-01,1.647551013935684983e-01,1.534489915987353459e-01,1.479973316358292879e-01
9.124999999999999778e-01,2.850225501239392334e-02,6.036633766498190196e-02,7.943160698660900465e-02,4.708807003850264128e-02,2.435065130710865888e-01,3.546635787797709077e-02,8.530577523591947875e-02,3.148994691107885879e-01,9.212816808291932613e-01,-2.742826241814932259e-02,1.130513657291353269e+01,2.038696172377670729e-02,2.500966763410552782e-02,2.169254167383103185e-02,2.016717280011991881e-02,1.487578990260230438e-01,1.647622607235236791e-01,1.534472121274213230e-01,1.479538572532631269e-01
9.150000000000000355e-01,2.848421256035253007e-02,6.038146912271139671e-02,7.943442259767548308e-02,4.718454178219848999e-02,2.439344485698710652e-01,3.606237999094889790e-02,8.527675267046767871e-02,3.155963267877939793e-01,9.212135149973139647e-01,-2.710435943327789768e-02,1.131017699207754390e+01,2.037704294376899150e-02,2.500993148562847060e-02,2.169041643865904020e-02,2.015378392828580736e-02,1.487272096370128305e-01,1.647692256087797680e-01,1.534453721052086439e-01,1.479102082905225102e-01
9.174999999999999822e-01,2.846622709106602644e-02,6.039623324178457209e-02,7.943704553500340049e-02,4.728271057237391078e-02,2.443620164821484753e-01,3.665861188751222410e-02,8.524750212302380226e-02,3.162929243951819180e-01,9.211461592525831410e-01,-2.678019178042165965e-02,1.131523087877361711e+01,2.036710842662484838e-02,2.501015804234660300e-02,2.168829323631448619e-02,2.014037052560768010e-02,1.486963865392308959e-01,1.647759959196862523e-01,1.534434715079339151e-01,1.478663849103944439e-01
9.200000000000000400e-01,2.844829749981578684e-02,6.041062878646387413e-02,7.943947560574564359e-02,4.738256536392679297e-02,2.447892209639080108e-01,3.725505875576735904e-02,8.521802386182381062e-02,3.169892652375477238e-01,9.210796142635772066e-01,-2.645575392877475007e-02,1.132029824706230769e+01,2.035715822178889647e-02,2.501034729369652765e-02,2.168617207840701708e-02,2.012693267116472812e-02,1.486654298295016496e-01,1.647825715251406142e-01,1.534415103104602995e-01,1.478223872747367329e-01
9.224999999999999867e-01,2.843042268788571400e-02,6.042465452482186777e-02,7.944171262183938320e-02,4.748409485610684960e-02,2.452160662647071832e-01,3.785172584141845153e-02,8.518831816242618260e-02,3.176853525895802499e-01,9.210138807127418170e-01,-2.613104031333680563e-02,1.132537911114472706e+01,2.034719237848480258e-02,2.501049922895614772e-02,2.168405297652589367e-02,2.011347044390989977e-02,1.486343396032576147e-01,1.647889522925702899e-01,1.534394884866694120e-01,1.477782155444784806e-01
9.250000000000000444e-01,2.841260156284160926e-02,6.043830922883382945e-02,7.944375640007544925e-02,4.758728749306803674e-02,2.456425567287376932e-01,3.844861844751226027e-02,8.515838530778983839e-02,3.183811896982928213e-01,9.209489592964787974e-01,-2.580604533538310985e-02,1.133047348536375232e+01,2.033721094571077151e-02,2.501061383724125994e-02,2.168193594223960866e-02,2.009998392267125025e-02,1.486031159545168068e-01,1.647951380879143779e-01,1.534374060094529646e-01,1.477338698796200889e-01
9.274999999999999911e-01,2.839483303881217349e-02,6.045159167447286541e-02,7.944560676216629036e-02,4.769213146441208390e-02,2.460686967958836124e-01,3.904574193415211170e-02,8.512822558835023146e-02,3.190767797852324672e-01,9.208848507252268556e-01,-2.548076336294833807e-02,1.133558138420527683e+01,2.032721397223497331e-02,2.501069110750218580e-02,2.167982098709550845e-02,2.008647318615318020e-02,1.485717589758600854e-01,1.648011287756061261e-01,1.534352628507050509e-01,1.476893504392335355e-01
9.300000000000000488e-01,2.837711603677093783e-02,6.046450064180750733e-02,7.944726353481387782e-02,4.779861470572517590e-02,2.464944910027708769e-01,3.964310171819057649e-02,8.509783930209494085e-02,3.197721260486654504e-01,9.208215557235461812e-01,-2.515518873132417330e-02,1.134070282229948035e+01,2.031720150659094976e-02,2.501073102852040264e-02,2.167770812261939767e-02,2.007293831293754244e-02,1.485402687584083392e-01,1.648069242185550010e-01,1.534330589813141521e-01,1.476446573814616248e-01
9.324999999999999956e-01,2.835944948481955441e-02,6.047703491510236090e-02,7.944872654977590265e-02,4.790672489910791088e-02,2.469199439838091759e-01,4.024070327290137777e-02,8.506722675463707084e-02,3.204672316657363740e-01,9.207590750301998250e-01,-2.482931574357033142e-02,1.134583781442212569e+01,2.030717359707297567e-02,2.501073358890523041e-02,2.167559736031516443e-02,2.005937938148466201e-02,1.485086453917996152e-01,1.648125242781293687e-01,1.534307943711551714e-01,1.475997908635175437e-01
9.350000000000000533e-01,2.834183231847208981e-02,6.048919328292152314e-02,7.944999564393193103e-02,4.801644947370052596e-02,2.473450604722229884e-01,4.083855212762670106e-02,8.503638825928855338e-02,3.211620997945997535e-01,9.206974093982319696e-01,-2.450313867104013041e-02,1.135098637549589107e+01,2.029713029173140643e-02,2.501069877709051828e-02,2.167348871166437096e-02,2.004579647013422436e-02,1.484768889641666090e-01,1.648179288141394527e-01,1.534284689890821063e-01,1.475547510416840014e-01
9.375000000000000000e-01,2.832426348094037316e-02,6.050097453823524013e-02,7.945107065934803314e-02,4.812777560620398742e-02,2.477698453010754309e-01,4.143665386740433276e-02,8.500532413713102198e-02,3.218567335765183390e-01,9.206365595950481984e-01,-2.417665175391988178e-02,1.135614852059173607e+01,2.028707163836795946e-02,2.501062658133138689e-02,2.167138218812586503e-02,2.003218965710608715e-02,1.484449995621134888e-01,1.648231376848202367e-01,1.534260828029202495e-01,1.475095380713120907e-01
9.400000000000000577e-01,2.830674192342034004e-02,6.051237747853003418e-02,7.945195144334121773e-02,4.824069022139926277e-02,2.481943034042815577e-01,4.203501413257270530e-02,8.497403471708632472e-02,3.225511361379296837e-01,9.205765264024912131e-01,-2.384984920178222917e-02,1.136132426493026237e+01,2.027699768453099585e-02,2.501051698970097742e-02,2.166927780113538440e-02,2.001855902050094990e-02,1.484129772706934691e-01,1.648281507468148388e-01,1.534236357794588612e-01,1.474641521068199290e-01
9.425000000000000044e-01,2.828926660537918469e-02,6.052340090592217559e-02,7.945263784854247890e-02,4.835517999266548267e-02,2.486184398176109200e-01,4.263363861835289120e-02,8.494252033598508056e-02,3.232453105924739112e-01,9.205173106169184383e-01,-2.352272519415434665e-02,1.136651362388314013e+01,2.026690847751074984e-02,2.501036999008724934e-02,2.166717556210514053e-02,2.000490463830095073e-02,1.483808221733856347e-01,1.648329678551581634e-01,1.534211278844437865e-01,1.474185933016910199e-01
9.450000000000000622e-01,2.827183649484342823e-02,6.053404362727467930e-02,7.945312973295920456e-02,4.847123134249830406e-02,2.490422596796800780e-01,4.323253307441085602e-02,8.491078133863431965e-02,3.239392600429839564e-01,9.204589130492747406e-01,-2.319527388110022639e-02,1.137171661297453262e+01,2.025680406433453054e-02,2.501018557018980931e-02,2.166507548242341610e-02,1.999122658837015898e-02,1.483485343520724031e-01,1.648375888632606368e-01,1.534185590825703771e-01,1.473728618084725606e-01
9.475000000000000089e-01,2.825445056868773619e-02,6.054430445431869395e-02,7.945342696003669658e-02,4.858883044303188847e-02,2.494657682329353698e-01,4.383170330439700724e-02,8.487881807788304200e-02,3.246329875834342849e-01,9.204013345251661482e-01,-2.286748938381750335e-02,1.137693324788255644e+01,2.024668449176189947e-02,2.500996371751677480e-02,2.166297757345416256e-02,1.997752494845494997e-02,1.483161138870165707e-01,1.648420136228924138e-01,1.534159293374763866e-01,1.473269577787734708e-01
9.500000000000000666e-01,2.823710781292452371e-02,6.055418220377816602e-02,7.945352939871874742e-02,4.870796321656354483e-02,2.498889708246234409e-01,4.443115516546426030e-02,8.484663091468719331e-02,3.253264963008430377e-01,9.203445758849314595e-01,-2.253936579524903200e-02,1.138216354444077716e+01,2.023654980627981673e-02,2.500970441938166200e-02,2.166088184653657336e-02,1.996379979618431028e-02,1.482835608568384977e-01,1.648462419841676685e-01,1.534132386117350311e-01,1.472808813632619784e-01
9.525000000000000133e-01,2.821980722299403943e-02,6.056367569749945140e-02,7.945343692350743947e-02,4.882861533608564425e-02,2.503118729077499771e-01,4.503089456776535049e-02,8.481422021817287826e-02,3.260197892771314332e-01,9.202886379837114106e-01,-2.221089718070918748e-02,1.138740751863971212e+01,2.022640005409774566e-02,2.500940766290033618e-02,2.165878831298467463e-02,1.995005120907003895e-02,1.482508753384934319e-01,1.648502737955294672e-01,1.534104868668482446e-01,1.472346327116636211e-01
9.550000000000000711e-01,2.820254780405521272e-02,6.057278376258480590e-02,7.945314941452173707e-02,4.895077222582442517e-02,2.507344800420276409e-01,4.563092747393009130e-02,8.478158636569758932e-02,3.267128695909293223e-01,9.202335216915173977e-01,-2.188207757852480076e-02,1.139266518662836880e+01,2.021623528114275398e-02,2.500907343498797938e-02,2.165669698408690183e-02,1.993627926450685858e-02,1.482180574072486656e-01,1.648541089037345864e-01,1.534076740632400460e-01,1.471882119727583871e-01
9.575000000000000178e-01,2.818532857127683394e-02,6.058150523153073980e-02,7.945266675755570385e-02,4.907441906178871410e-02,2.511567978948107682e-01,4.623125989851900597e-02,8.474872974291101924e-02,3.274057403193314508e-01,9.201792278932980906e-01,-2.155290100069133172e-02,1.139793656471581151e+01,2.020605553305456631e-02,2.500870172235611366e-02,2.165460787110567997e-02,1.992248403977244647e-02,1.481851071366609429e-01,1.648577471538389128e-01,1.534048001602500710e-01,1.471416192943782453e-01
9.599999999999999645e-01,2.816814855012926902e-02,6.058983894237136847e-02,7.945198884413529061e-02,4.919954077233058137e-02,2.515788322420181577e-01,4.683189790745977826e-02,8.471565074381331995e-02,3.280984045395985427e-01,9.201257574890048252e-01,-2.122336143354363464e-02,1.140322166937272819e+01,2.019586085518059945e-02,2.500829251150965896e-02,2.165252098527699690e-02,1.990866561202737223e-02,1.481520245985535611e-01,1.648611883891830110e-01,1.534018651161271063e-01,1.470948548234041475e-01
9.625000000000000222e-01,2.815100677667674994e-02,6.059778373882607205e-02,7.945111557157438775e-02,4.932612203872016599e-02,2.520005889690429268e-01,4.743284761746034695e-02,8.468234977081236237e-02,3.287908653308025397e-01,9.200731113936537753e-01,-2.089345283844214196e-02,1.140852051723306815e+01,2.018565129257096982e-02,2.500784578874404307e-02,2.165043633780997651e-02,1.989482405831496589e-02,1.481188098629939442e-01,1.648644324513781900e-01,1.533988688880231765e-01,1.470479187057633086e-01
9.649999999999999689e-01,2.813390229786948832e-02,6.060533847045298378e-02,7.945004684303000331e-02,4.945414729573558571e-02,2.524220740716477396e-01,4.803411519540402158e-02,8.464882723477935855e-02,3.294831257754084475e-01,9.200212905373881256e-01,-2.056316915247393892e-02,1.141383312509563908e+01,2.017542688997347664e-02,2.500736154014233936e-02,2.164835393988643816e-02,1.988095945556110286e-02,1.480854629982709392e-01,1.648674791802925699e-01,1.533958114319871890e-01,1.470008110864260142e-01
9.675000000000000266e-01,2.811683417183660771e-02,6.061250199280785594e-02,7.944878256755655288e-02,4.958360073227165848e-02,2.528432936568485445e-01,4.863570685772287266e-02,8.461508355510283241e-02,3.301751889607991708e-01,9.199702958655390228e-01,-2.023250428916905513e-02,1.141915950992579276e+01,2.016518769182857121e-02,2.500683975157247385e-02,2.164627380266046994e-02,1.986707188057391937e-02,1.480519840708722223e-01,1.648703284140379255e-01,1.533926927029591603e-01,1.469535321094023461e-01
9.699999999999999734e-01,2.809980146817881927e-02,6.061927316760797740e-02,7.944732266015901156e-02,4.971446629196878131e-02,2.532642539437822138e-01,4.923762886975258796e-02,8.458111915974125816e-02,3.308670579807316825e-01,9.199201283386810868e-01,-1.990145213923231321e-02,1.142449968885708067e+01,2.015493374226428117e-02,2.500628040868446353e-02,2.164419593725799840e-02,1.985316141004345517e-02,1.480183731454620122e-01,1.648729799889565584e-01,1.533895126547647758e-01,1.469060819177392396e-01
9.725000000000000311e-01,2.808280326826152751e-02,6.062565086290256505e-02,7.944566704184528871e-02,4.984672767386395809e-02,2.536849612645608043e-01,4.983988754506757379e-02,8.454693448527332567e-02,3.315587359367274112e-01,9.198707889326909193e-01,-1.957000657128991558e-02,1.142985367919295570e+01,2.014466508509113810e-02,2.500568349690771366e-02,2.164212035477633758e-02,1.983922812054123019e-02,1.479846302848585038e-01,1.648754337396085290e-01,1.533862712401093675e-01,1.468584606535169590e-01
9.749999999999999778e-01,2.806583866550778350e-02,6.063163395324851906e-02,7.944381563967740922e-02,4.998036833306757076e-02,2.541054220651118856e-01,5.044248924479623197e-02,8.451252997694742863e-02,3.322502259393936841e-01,9.198222786388001726e-01,-1.923816143265182771e-02,1.143522149840850233e+01,2.013438176379707054e-02,2.500504900144835327e-02,2.164004706628375185e-02,1.982527208851976586e-02,1.479507555500115257e-01,1.648776894987595276e-01,1.533829684105729729e-01,1.468106684578457666e-01
9.775000000000000355e-01,2.804890676569132824e-02,6.063722131989292968e-02,7.944176838682219521e-02,5.011537148146637949e-02,2.545256429060013259e-01,5.104544037691839675e-02,8.447790608872905727e-02,3.329415311096720620e-01,9.197745984636476191e-01,-1.890591055008938176e-02,1.144060316415215972e+01,2.012408382154227612e-02,2.500437690728664342e-02,2.163797608281901527e-02,1.981129339031202988e-02,1.479167489999804463e-01,1.648797470973689117e-01,1.533796041166048674e-01,1.467627054708626755e-01
9.799999999999999822e-01,2.803200668722950761e-02,6.064241185096140574e-02,7.943952522260053217e-02,5.025172008845637389e-02,2.549456304632433667e-01,5.164874739554277394e-02,8.444306328334655332e-02,3.336326545800112897e-01,9.197277494293304434e-01,-1.857324773062836790e-02,1.144599869424748562e+01,2.011377130115407988e-02,2.500366719917441333e-02,2.163590741539096057e-02,1.979729210213084650e-02,1.478826106919117755e-01,1.648816063645779928e-01,1.533761783075187346e-01,1.467145718317279246e-01
9.825000000000000400e-01,2.801513756147617357e-02,6.064720444165375146e-02,7.943708609253577468e-02,5.038939688170732123e-02,2.553653915290936549e-01,5.225241680016788626e-02,8.440800203233503329e-02,3.343235994954652512e-01,9.196817325734517601e-01,-1.824016676235747786e-02,1.145140810669495401e+01,2.010344424512177514e-02,2.500291986163257277e-02,2.163384107497803854e-02,1.978326830006825118e-02,1.478483406810173206e-01,1.648832671276991291e-01,1.533726909314876707e-01,1.466662676786216202e-01
9.849999999999999867e-01,2.799829853301411334e-02,6.065159799444570093e-02,7.943445094840137499e-02,5.052838434796189104e-02,2.557849330128256216e-01,5.285645513492279873e-02,8.437272281607861857e-02,3.350143690147092124e-01,9.196365489491675760e-01,-1.790666141525209393e-02,1.145683141967371732e+01,2.009310269559144713e-02,2.500213487894865916e-02,2.163177707252786353e-02,1.976922206009478628e-02,1.478139390205520654e-01,1.648847292122047614e-01,1.533691419355396046e-01,1.466177931487404051e-01
9.875000000000000444e-01,2.798148875994757590e-02,6.065559141929806330e-02,7.943161974826720706e-02,5.066866473387050124e-02,2.562042619414918732e-01,5.346086898779165569e-02,8.433722612385120831e-02,3.357049663109753501e-01,9.195921996252305330e-01,-1.757272544201387426e-02,1.146226865154345376e+01,2.008274669436077575e-02,2.500131223517446447e-02,2.162971541895675892e-02,1.975515345805876552e-02,1.477794057617923262e-01,1.648859924417171163e-01,1.533655312655528846e-01,1.465691483782939897e-01
9.899999999999999911e-01,2.796470741419414263e-02,6.065918363387298035e-02,7.942859245654525224e-02,5.081022004686561871e-02,2.566233854606680964e-01,5.406566498982081498e-02,8.430151245385511527e-02,3.363953945729033501e-01,9.195486856860324298e-01,-1.723835257892545811e-02,1.146771982084618458e+01,2.007237628287383141e-02,2.500045191412370374e-02,2.162765612514930963e-02,1.974106256968551076e-02,1.477447409540140755e-01,1.648870566379983249e-01,1.533618588662519489e-01,1.465203335025020426e-01
9.925000000000000488e-01,2.794795368177634479e-02,6.066237356375769191e-02,7.942536904403393883e-02,5.095303205607688846e-02,2.570423108351791441e-01,5.467084981430771207e-02,8.426558231325782800e-02,3.370856570053045176e-01,9.195060082316437455e-01,-1.690353654672082165e-02,1.147318494630812324e+01,2.006199150221585348e-02,2.499955389936974609e-02,2.162559920195790408e-02,1.972694947057652276e-02,1.477099446444712083e-01,1.648879216209408471e-01,1.533581246812033005e-01,1.464713486555908883e-01
9.949999999999999956e-01,2.793122676311280903e-02,6.066516014269547619e-02,7.942194948796182929e-02,5.109708229329019274e-02,2.574610454498094114e-01,5.527643017597457659e-02,8.422943621822751026e-02,3.377757568298358493e-01,9.194641683778513874e-01,-1.656827105147094109e-02,1.147866404684154595e+01,2.005159239310801145e-02,2.499861817424340465e-02,2.162354466020227281e-02,1.971281423620866585e-02,1.476750168783741990e-01,1.648885872085584792e-01,1.533543286528115945e-01,1.464221939707904263e-01
9.975000000000000533e-01,2.791452587330886526e-02,6.066754231282511095e-02,7.941833377202985045e-02,5.124235205395172299e-02,2.578795968099940050e-01,5.588241283012443383e-02,8.419307469396589139e-02,3.384656972855834556e-01,9.194231672561953284e-01,-1.623254978548504396e-02,1.148415714154666745e+01,2.004117899590216606e-02,2.499764472183079247e-02,2.162149251066904088e-02,1.969865694193329020e-02,1.476399576988684792e-01,1.648890532169774437e-01,1.533504707223159735e-01,1.463728695803310220e-01
1.000000000000000000e+00,2.789785024244662015e-02,6.066951902492737775e-02,7.941452188645310717e-02,5.138882239822104708e-02,2.582979725424927597e-01,5.648880457178218767e-02,8.415649827474015743e-02,3.391554816295525576e-01,9.193830060140003591e-01,-1.589636642822693860e-02,1.148966424971354350e+01,2.003075135057560616e-02,2.499663352497123736e-02,2.161944276411125604e-02,1.968447766297535748e-02,1.476047671470133993e-01,1.648893194604284240e-01,1.533465508297866542e-01,1.463233756154408427e-01
1.002499999999999947e+00,2.788119911587418412e-02,6.067108923868060055e-02,7.941051382800103087e-02,5.153647415207399801e-02,2.587161803960454365e-01,5.709561223481955661e-02,8.411970750391205287e-02,3.398451131370592848e-01,9.193436858144077295e-01,-1.555971464724705509e-02,1.149518539082396984e+01,2.002030949672578899e-02,2.499558456625526615e-02,2.161739543124793772e-02,1.967027647443254576e-02,1.475694452617612173e-01,1.648893857512387928e-01,1.533425689141217352e-01,1.462737122063429984e-01
1.005000000000000115e+00,2.786457175449449583e-02,6.067225192292397679e-02,7.940630960003709771e-02,5.168528790845792337e-02,2.591342282420087684e-01,5.770284269106469577e-02,8.408270293396591377e-02,3.405345951020268824e-01,9.193052078364034596e-01,-1.522258809912947243e-02,1.150072058455340596e+01,2.000985347356506322e-02,2.499449782802264097e-02,2.161535052276360516e-02,1.965605345127434053e-02,1.475339920799359217e-01,1.648892518998251733e-01,1.533385249130440608e-01,1.462238794822530719e-01
1.007500000000000062e+00,2.784796743505305386e-02,6.067300605592937379e-02,7.940190921255710355e-02,5.183524402850208518e-02,2.595521240749740777e-01,5.831050284939693490e-02,8.404548512653432779e-02,3.412239308371787239e-01,9.192675732748458728e-01,-1.488498043045426676e-02,1.150626985077291664e+01,1.999938331991539531e-02,2.499337329236046845e-02,2.161330804930782640e-02,1.964180866834112915e-02,1.474984076362126917e-01,1.648889177146865836e-01,1.533344187630984179e-01,1.461738775713767313e-01
1.010000000000000009e+00,2.783138545042505504e-02,6.067335062568234016e-02,7.939731268222641192e-02,5.198632264278457704e-02,2.599698760133661302e-01,5.891859965482828393e-02,8.400805465242194847e-02,3.419131236741296265e-01,9.192307833404873563e-01,-1.454688527877498125e-02,1.151183320955111000e+01,1.998889907420306825e-02,2.499221094110138167e-02,2.161126802149473947e-02,1.962754220034328839e-02,1.474626919630971644e-01,1.648883830023983310e-01,1.533302503996490651e-01,1.461237066009076768e-01
1.012499999999999956e+00,2.781482510990134285e-02,6.067328463017111762e-02,7.939252003241646649e-02,5.213850365265828429e-02,2.603874923000220054e-01,5.952714008756852804e-02,8.397041209162749154e-02,3.426021769633736946e-01,9.191948392599968987e-01,-1.420829627361130075e-02,1.151741068115608790e+01,1.997840077445340798e-02,2.499101075582177423e-02,2.160923044990259792e-02,1.961325412186027892e-02,1.474268450909051176e-01,1.648876475676057662e-01,1.533260197568773187e-01,1.460733666970257250e-01
1.015000000000000124e+00,2.779828573947385612e-02,6.067280707768552689e-02,7.938753129324005453e-02,5.229176673163779543e-02,2.608049813027514818e-01,6.013613116207922743e-02,8.393255803336362175e-02,3.432910940741618067e-01,9.191597422759787417e-01,-1.386920703745643003e-02,1.152300228605741950e+01,1.996788845828547515e-02,2.498977271784011758e-02,2.160719534507329898e-02,1.959894450733975363e-02,1.473908670477421523e-01,1.648867112130191215e-01,1.533217267677793871e-01,1.460228579848952546e-01
1.017500000000000071e+00,2.778176668211951306e-02,6.067191698712410403e-02,7.938234650158537686e-02,5.244609132684836111e-02,2.612223515148748287e-01,6.074557992611273605e-02,8.389449307607496631e-02,3.439798783942725757e-01,9.191254936469887005e-01,-1.352961118679961959e-02,1.152860804492810942e+01,1.995736216290677767e-02,2.498849680821534081e-02,2.160516271751191861e-02,1.958461343109667990e-02,1.473547578594837648e-01,1.648855737394084864e-01,1.533173713641645119e-01,1.459721805886637080e-01
1.020000000000000018e+00,2.776526729808333205e-02,6.067061338831138823e-02,7.937696570114935457e-02,5.260145666054077268e-02,2.616396115557428903e-01,6.135549345973891761e-02,8.385621782745419917e-02,3.446685333296714560e-01,9.190920946475475972e-01,-1.318950233316333945e-02,1.153422797864658200e+01,1.994682192510796245e-02,2.498718300774527279e-02,2.160313257768624318e-02,1.957026096731247916e-02,1.473185175497553623e-01,1.648842349455994782e-01,1.533129534766533575e-01,1.459213346314607862e-01
1.022499999999999964e+00,2.774878696516043866e-02,6.066889532232385557e-02,7.937138894246956178e-02,5.275784173167190338e-02,2.620567701712354647e-01,6.196587887435999614e-02,8.381773290445612701e-02,3.453570623040563281e-01,9.190595465681526965e-01,-1.284887408415502641e-02,1.153986210829865833e+01,1.993626778125752105e-02,2.498583129696517122e-02,2.160110493602630799e-02,1.955588719003420461e-02,1.472821461399126397e-01,1.648826946284691897e-01,1.533084730346765678e-01,1.458703202353976158e-01
1.024999999999999911e+00,2.773232507897659127e-02,6.066676184182572679e-02,7.936561628295540904e-02,5.291522531755354919e-02,2.624738362342385889e-01,6.257674331171296511e-02,8.377903893330951313e-02,3.460454687582891764e-01,9.190278507152859211e-01,-1.250772004453336826e-02,1.154551045517956176e+01,1.992569976729649528e-02,2.498444165614631049e-02,2.159907980292391852e-02,1.954149217317373288e-02,1.472456436490222897e-01,1.648809525829429690e-01,1.533039299664735733e-01,1.458191375215664165e-01
1.027500000000000080e+00,2.771588105326769011e-02,6.066421201141447561e-02,7.935964778691781407e-02,5.307358597557131769e-02,2.628908187451008405e-01,6.318809394286009629e-02,8.374013654952718044e-02,3.467337561497093601e-01,9.189970084114200688e-01,-1.216603381728901048e-02,1.155117304079591101e+01,1.991511791873317935e-02,2.498301406529465293e-02,2.159705718873218896e-02,1.952707599050701112e-02,1.472090100938426016e-01,1.648790086019912560e-01,1.532993241990917299e-01,1.457677866100405839e-01
1.030000000000000027e+00,2.769945432015790548e-02,6.066124490797594748e-02,7.935348352559830343e-02,5.323290204497458517e-02,2.633077268320689335e-01,6.379993796716942889e-02,8.370102639791400512e-02,3.474219279513295344e-01,9.189670209950211444e-01,-1.182380900473946686e-02,1.155684988686771497e+01,1.990452227063782206e-02,2.498154850414957898e-02,2.159503710376507041e-02,1.951263871567334232e-02,1.471722454888045872e-01,1.648768624766276114e-01,1.532946556583856257e-01,1.457162676198751061e-01
1.032499999999999973e+00,2.768304433043631413e-02,6.065785962104909557e-02,7.934712357719650444e-02,5.339315164873965902e-02,2.637245697517007770e-01,6.441228261128385812e-02,8.366170913257298114e-02,3.481099876509119451e-01,9.189378898205490254e-01,-1.148103920963779168e-02,1.156254101533039069e+01,1.989391285763735320e-02,2.498004495218270060e-02,2.159301955829688244e-02,1.949818042217470529e-02,1.471353498459932185e-01,1.648745139959064965e-01,1.532899242690166641e-01,1.456645806691074241e-01
1.034999999999999920e+00,2.766665055383213390e-02,6.065405525320106961e-02,7.934056802689679055e-02,5.355431269550675610e-02,2.641413568892575503e-01,6.502513512808029417e-02,8.362218541690885631e-02,3.487979387499201556e-01,9.189096162584553529e-01,-1.113771803629551478e-02,1.156824644833674931e+01,1.988328971391008920e-02,2.497850338859675112e-02,2.159100456256184825e-02,1.948370118337515444e-02,1.470983231751288589e-01,1.648719629469221348e-01,1.532851299544529255e-01,1.456127258747586806e-01
1.037500000000000089e+00,2.765027247928863313e-02,6.064983092041197066e-02,7.933381696689399687e-02,5.371636288159255951e-02,2.645580977590728522e-01,6.563850279561861401e-02,8.358245592363017229e-02,3.494857847623494274e-01,9.188822016951775362e-01,-1.079383909171893231e-02,1.157396620825902822e+01,1.987265287318046650e-02,2.497692379232454435e-02,2.158899212675362278e-02,1.946920107250026122e-02,1.470611654835490278e-01,1.648692091148078465e-01,1.532802726369693613e-01,1.455607033528355798e-01
1.040000000000000036e+00,2.763390961523516307e-02,6.064518575246963250e-02,7.932687049641751198e-02,5.387927969307930443e-02,2.649748020049003117e-01,6.625239291608232828e-02,8.354252133474897313e-02,3.501735292134328659e-01,9.188556475331310924e-01,-1.044939598675886407e-02,1.157970031769086638e+01,1.986200236871377492e-02,2.497530614202801008e-02,2.158698226102482090e-02,1.945468016263662142e-02,1.470238767761903598e-01,1.648662522827355759e-01,1.532753522376479327e-01,1.455085132183326357e-01
1.042499999999999982e+00,2.761756148985771570e-02,6.064011889337442979e-02,7.931972872175457878e-02,5.404304040798159348e-02,2.653914794002379396e-01,6.686681281470940874e-02,8.350238234157851547e-02,3.508611756382190028e-01,9.188299551906979890e-01,-1.010438233727374915e-02,1.158544879944932937e+01,1.985133823331089800e-02,2.497365041609730940e-02,2.158497497548655941e-02,1.944013852673145276e-02,1.469864570555709515e-01,1.648630922319164749e-01,1.532703686763786655e-01,1.454561555852349475e-01
1.044999999999999929e+00,2.760122765136795164e-02,6.063462950175445287e-02,7.931239175627258220e-02,5.420762209849165625e-02,2.658081398486308866e-01,6.748176983871537193e-02,8.346203964472885539e-02,3.515487275800240896e-01,9.188051261022138760e-01,-9.758791765305583829e-03,1.159121167657690954e+01,1.984066049930307066e-02,2.497195659265002629e-02,2.158297028020798175e-02,1.942557623759224444e-02,1.469489063217726543e-01,1.648597287416015411e-01,1.532653218718600385e-01,1.454036305665215023e-01
1.047500000000000098e+00,2.758490766827015328e-02,6.062871675129055671e-02,7.930485972043975484e-02,5.437300163330394120e-02,2.662247933839493319e-01,6.809727135620770311e-02,8.342149395410052015e-02,3.522361885887527744e-01,9.187811617179496571e-01,-9.412617900268791665e-03,1.159698897234351733e+01,1.982996919854665419e-02,2.497022464953043558e-02,2.158096818521578961e-02,1.941099336788650390e-02,1.469112245724240873e-01,1.648561615890832277e-01,1.532602117416006771e-01,1.453509382741691447e-01
1.050000000000000044e+00,2.756860112962676579e-02,6.062237983115125600e-02,7.929713274184514715e-02,5.453915568001983100e-02,2.666414501706453333e-01,6.871332475509382698e-02,8.338074598887601496e-02,3.529235622190930455e-01,9.187580635040925037e-01,-9.065854380151314867e-03,1.160278071024846724e+01,1.981926436241790088e-02,2.496845456430884722e-02,2.157896870049378843e-02,1.939638999014160411e-02,1.468734118026835955e-01,1.648523905496974418e-01,1.532550382019205459e-01,1.452980788191570727e-01
1.052499999999999991e+00,2.755230764532170737e-02,6.061561794643812590e-02,7.928921095521708484e-02,5.470606070763295303e-02,2.670581205039846417e-01,6.932993744198101549e-02,8.333979647750877628e-02,3.536108520285772272e-01,9.187358329427223191e-01,-8.718494852728136610e-03,1.160858691402248333e+01,1.980854602180776372e-02,2.496664631428102687e-02,2.157697183598240864e-02,1.938176617674469693e-02,1.468354680052225969e-01,1.648484153968259869e-01,1.532498011679527816e-01,1.452450523114719450e-01
1.054999999999999938e+00,2.753602684632213207e-02,6.060843031864111136e-02,7.928109450244089085e-02,5.487369298909585552e-02,2.674748148102564227e-01,6.994711684107016159e-02,8.329864615771116754e-02,3.542980615755116358e-01,9.187144715317867583e-01,-8.370532976786637658e-03,1.161440760762966562e+01,1.979781420711669918e-02,2.496479987646771023e-02,2.157497760157824768e-02,1.936712199994275463e-02,1.467973931702092338e-01,1.648442359018997827e-01,1.532445005536456906e-01,1.451918588601135152e-01
1.057500000000000107e+00,2.751975838493787158e-02,6.060081618610362042e-02,7.927278353257474763e-02,5.504202860396761876e-02,2.678915436469569422e-01,7.056487039304358555e-02,8.325729577643897761e-02,3.549851944167763396e-01,9.186939807850705852e-01,-8.021962423363509717e-03,1.162024281526944947e+01,1.978706894824950116e-02,2.496291522761416928e-02,2.157298600713361200e-02,1.935245753184270529e-02,1.467591872852924417e-01,1.648398518344025843e-01,1.532391362717651639e-01,1.451384985731013211e-01
1.060000000000000053e+00,2.750350193507915264e-02,6.059277480449773434e-02,7.926427820186512929e-02,5.521104344114373397e-02,2.683083177029524924e-01,7.118320555394656857e-02,8.321574608987500343e-02,3.556722541054892495e-01,9.186743622321650315e-01,-7.672776876993123163e-03,1.162609256137859681e+01,1.977631027461014546e-02,2.496099234418989316e-02,2.157099706245604182e-02,1.933777284441168254e-02,1.467208503355859617e-01,1.648352629618752285e-01,1.532337082338971757e-01,1.450849715574815679e-01
1.062500000000000000e+00,2.748725719251204902e-02,6.058430544730889628e-02,7.925557867376044341e-02,5.538071320166731287e-02,2.687251477986152826e-01,7.180212979406416784e-02,8.317399786340984313e-02,3.563592441885383710e-01,9.186556174184310475e-01,-7.322970036966575461e-03,1.163195687063311823e+01,1.976553821509665840e-02,2.495903120238831402e-02,2.156901077730786695e-02,1.932306800947739336e-02,1.466823823036531860e-01,1.648304690499206304e-01,1.532282163504508354e-01,1.450312779193350943e-01
1.064999999999999947e+00,2.747102387511193150e-02,6.057540740633075155e-02,7.924668511892386802e-02,5.555101340162224566e-02,2.691420448859365155e-01,7.242165059679288308e-02,8.313205187162085730e-02,3.570461682039811624e-01,9.186377479049628869e-01,-6.972535618601792377e-03,1.163783576795022334e+01,1.975475279809600290e-02,2.495703177812663362e-02,2.156702716140573156e-02,1.930834309872860727e-02,1.466437831694918370e-01,1.648254698622090009e-01,1.532226605306613865e-01,1.449774177637858374e-01
1.067500000000000115e+00,2.745480172311450667e-02,6.056607999216919586e-02,7.923759771524459261e-02,5.572191937510772436e-02,2.695590200486139842e-01,7.304177545750718814e-02,8.308990889824921511e-02,3.577330296783080010e-01,9.186207552685438094e-01,-6.621467354523449464e-03,1.164372927849024464e+01,1.974395405147899574e-02,2.495499404704573307e-02,2.156504622442014657e-02,1.929359818371579119e-02,1.466050529105193678e-01,1.648202651604842306e-01,1.532170406825939524e-01,1.449233911950102704e-01
1.070000000000000062e+00,2.743859049936494751e-02,6.055632253475600607e-02,7.922831664784797667e-02,5.589340627729442318e-02,2.699760845021170197e-01,7.366251188242457781e-02,8.304756973617422044e-02,3.584198321235726459e-01,9.186046411016033364e-01,-6.269758995953100648e-03,1.164963742765854171e+01,1.973314200259523171e-02,2.495291798451014856e-02,2.156306797597502822e-02,1.927883333585185890e-02,1.465661915015583350e-01,1.648148547045701906e-01,1.532113567131470899e-01,1.448691983162475605e-01
1.072500000000000009e+00,2.742238998956440105e-02,6.054613438387144303e-02,7.921884210910484780e-02,5.606544908756107976e-02,2.703932495937238500e-01,7.428386738746294016e-02,8.300503518738654163e-02,3.591065790343913600e-01,9.185894070121678467e-01,-5.917404314008485253e-03,1.165556024110739841e+01,1.972231667826804952e-02,2.495080356560813728e-02,2.156109242564725054e-02,1.926404862641306961e-02,1.465271989148225207e-01,1.648092382523782262e-01,1.532056085280571189e-01,1.448148392298103659e-01
1.074999999999999956e+00,2.740620000251428254e-02,6.053551490967632592e-02,7.920917429863878756e-02,5.623802261271198394e-02,2.708105268025358670e-01,7.490584949709905294e-02,8.296230606295834642e-02,3.597932738848056977e-01,9.185750546238100611e-01,-5.564397101012390733e-03,1.166149774473791112e+01,1.971147810478951837e-02,2.494865076515182661e-02,2.155911958296618039e-02,1.924924412654007919e-02,1.464880751199029163e-01,1.648034155599149564e-01,1.531997960319023688e-01,1.447603140370966879e-01
1.077500000000000124e+00,2.739002037035814796e-02,6.052446350325235702e-02,7.919931342333272339e-02,5.641110149027353526e-02,2.712279277394666344e-01,7.552846574322129303e-02,8.291938318301210475e-02,3.604799201250132867e-01,9.185615855755940862e-01,-5.210731171809575811e-03,1.166744996470182016e+01,1.970062630791544894e-02,2.494645955767743617e-02,2.155714945741324037e-02,1.923441990723914405e-02,1.464488200837545384e-01,1.647973863812904893e-01,1.531939191281079526e-01,1.447056228386025822e-01
1.080000000000000071e+00,2.737385094882114484e-02,6.051297957715164738e-02,7.918925969733418835e-02,5.658466019186998014e-02,2.716454641472037523e-01,7.615172366398094417e-02,8.287626737668719878e-02,3.611665211779681584e-01,9.185490015220167948e-01,-4.856400365092459169e-03,1.167341692740337500e+01,1.968976131286043554e-02,2.494422991744558657e-02,2.155518205842144736e-02,1.921957603938346387e-02,1.464094337706832727e-01,1.647911504687278594e-01,1.531879777189507907e-01,1.446507657339355934e-01
1.082500000000000018e+00,2.735769161744683667e-02,6.050106256595412513e-02,7.917901334205906805e-02,5.675867302667732955e-02,2.720631479001481279e-01,7.677563080264201978e-02,8.283295948210420145e-02,3.618530804358475184e-01,9.185373041329476518e-01,-4.501398544734245763e-03,1.167939865950114608e+01,1.967888314429292948e-02,2.494196181844169496e-02,2.155321739537497880e-02,1.920471259371472200e-02,1.463699161423333006e-01,1.647847075725722699e-01,1.531819717055649677e-01,1.445957428218291319e-01
1.084999999999999964e+00,2.734154227983146696e-02,6.048871192683272224e-02,7.916857458619416810e-02,5.693311414495405565e-02,2.724809910043252126e-01,7.740019470642890698e-02,8.278946034632732320e-02,3.625396012563905646e-01,9.185264950935636552e-01,-4.145719601129389288e-03,1.168539518790980480e+01,1.966799182633034368e-02,2.493965523437644341e-02,2.155125547760871826e-02,1.918982964084475773e-02,1.463302671576746095e-01,1.647780574413016119e-01,1.531759009879473110e-01,1.445405542001579613e-01
1.087500000000000133e+00,2.732540286385577027e-02,6.047592714012718640e-02,7.915794366569857410e-02,5.710795754164693649e-02,2.728990055972723705e-01,7.802542292537212321e-02,8.274577082532505456e-02,3.632260869591055763e-01,9.185165761042807242e-01,-3.789357452541151829e-03,1.169140653980191757e+01,1.965708738253418852e-02,2.493731013868633051e-02,2.154929631440781479e-02,1.917492725125743980e-02,1.462904867729912239e-01,1.647711998215372342e-01,1.531697654649634421e-01,1.444851999659543806e-01
1.090000000000000080e+00,2.730927332191370599e-02,6.046270770992443616e-02,7.914712082380359615e-02,5.728317706007254873e-02,2.733172039478982129e-01,7.865132301115509983e-02,8.270189178392839402e-02,3.639125408213528257e-01,9.185075488806833111e-01,-3.432306046454852537e-03,1.169743274260968668e+01,1.964616983590524585e-02,2.493492650453430978e-02,2.154733991500724574e-02,1.916000549531070643e-02,1.462505749418696877e-01,1.647641344580554057e-01,1.531635650343539101e-01,1.444296802154255988e-01
1.092500000000000027e+00,2.729315363113894721e-02,6.044905316464590367e-02,7.913610631101132553e-02,5.745874639567104952e-02,2.737355984563176747e-01,7.927790251595821791e-02,8.265782409578735501e-02,3.645989660742988692e-01,9.184994151534493501e-01,-3.074559360937555164e-03,1.170347382402665737e+01,1.963523920887877416e-02,2.493250430481050439e-02,2.154538628859138313e-02,1.914506444323879619e-02,1.462105316151877110e-01,1.647568610937993894e-01,1.531572995927410474e-01,1.443739950439718589e-01
1.094999999999999973e+00,2.727704379362814319e-02,6.043496305764214926e-02,7.912490038509203960e-02,5.763463909983186639e-02,2.741542016536604454e-01,7.990516899130414852e-02,8.261356864332544681e-02,3.652853658987483265e-01,9.184921766682713207e-01,-2.716111406002654025e-03,1.170952981200943199e+01,1.962429552331974858e-02,2.493004351213300857e-02,2.154343544429354954e-02,1.913010416515465231e-02,1.461703567411036520e-01,1.647493794698922653e-01,1.531509690356355480e-01,1.443181445462058676e-01
1.097499999999999920e+00,2.726094383666155876e-02,6.042043696779327011e-02,7.911350331108014944e-02,5.781082858378935180e-02,2.745730262018526990e-01,8.053312998690256852e-02,8.256912631769242061e-02,3.659717434208534792e-01,9.184858351857755343e-01,-2.356956224979217442e-03,1.171560073477932917e+01,1.961333880051814929e-02,2.492754409884876537e-02,2.154148739119559480e-02,1.911512473105254212e-02,1.461300502650459965e-01,1.647416893256500314e-01,1.531445732574440166e-01,1.442621288159730286e-01
1.100000000000000089e+00,2.724485381292076486e-02,6.040547450011480440e-02,7.910191536126869039e-02,5.798728812258622384e-02,2.749920848933726236e-01,8.116179304949582007e-02,8.252449801871446222e-02,3.666581017077036875e-01,9.184803924814375353e-01,-1.997087895885324513e-03,1.172168662082401802e+01,1.960236906118427436e-02,2.492500603703452777e-02,2.153954213832746586e-02,1.910012621081085687e-02,1.460896121297033390e-01,1.647337903985956198e-01,1.531381121514762689e-01,1.442059479463727034e-01
1.102500000000000036e+00,2.722877380070335904e-02,6.039007528636955446e-02,7.909013681520285499e-02,5.816399085910454320e-02,2.754113906509795262e-01,8.179116572170408439e-02,8.247968465484349643e-02,3.673444437627981785e-01,9.184758503454926171e-01,-1.636500532805157350e-03,1.172778749889912575e+01,1.959138632544411493e-02,2.492242929849790983e-02,2.153759969466677998e-02,1.908510867419513021e-02,1.460490422750151118e-01,1.647256824244734685e-01,1.531315856099533801e-01,1.441496020297808045e-01
1.104999999999999982e+00,2.721270390413462956e-02,6.037423898568371888e-02,7.907816795967141654e-02,5.834090980815994504e-02,2.758309565274162933e-01,8.242125554087412209e-02,8.243468714310338286e-02,3.680307725214052583e-01,9.184722105828437844e-01,-1.275188287268784514e-03,1.173390339802980087e+01,1.958039061283474089e-02,2.491981385477850044e-02,2.153566006913839800e-02,1.907007219086124736e-02,1.460083406381621762e-01,1.647173651372646763e-01,1.531249935240158455e-01,1.440930911578732765e-01
1.107499999999999929e+00,2.719664425337628769e-02,6.035796528516751414e-02,7.906600908869773625e-02,5.851801786065895239e-02,2.762507957050841512e-01,8.305207003792593190e-02,8.238950640903550116e-02,3.687170908458081153e-01,9.184694750129678287e-01,-9.131453496344671839e-04,1.174003434751227815e+01,1.956938194229976627e-02,2.491715967714908109e-02,2.153372327061401151e-02,1.905501683035887295e-02,1.459675071535582180e-01,1.647088382692026287e-01,1.531183357837320458e-01,1.440364154216506321e-01
1.110000000000000098e+00,2.718059500483170285e-02,6.034125390053957788e-02,7.905366050352839735e-02,5.869528778781667872e-02,2.766709214956919460e-01,8.368361673620372532e-02,8.234414338664151900e-02,3.694034015204453181e-01,9.184676454698152970e-01,-5.503659504723451773e-04,1.174618037691534944e+01,1.955836033218482858e-02,2.491446673661690259e-02,2.153178930791172299e-02,1.903994266213509742e-02,1.459265417528414766e-01,1.647001015507895127e-01,1.531116122781071287e-01,1.439795749114636814e-01
1.112500000000000044e+00,2.716455634134859812e-02,6.032410457675442539e-02,7.904112251262125632e-02,5.887269224543227597e-02,2.770913473398765037e-01,8.431590315032697069e-02,8.229859901832485558e-02,3.700897072469435667e-01,9.184667238017081292e-01,-1.868443619493967531e-04,1.175234151608185940e+01,1.954732580023313751e-02,2.491173500392505902e-02,2.152985818979563301e-02,1.902484975553828811e-02,1.458854443648669452e-01,1.646911547108132756e-01,1.531048228950922796e-01,1.439225697170405938e-01
1.114999999999999991e+00,2.714852847241783565e-02,6.030651708863245947e-02,7.902839543163160674e-02,5.905020377822058769e-02,2.775120868067985636e-01,8.494893678504460144e-02,8.225287425483049364e-02,3.707760106390521337e-01,9.184667118712355194e-01,1.774251007855040638e-04,1.175851779513012829e+01,1.953627836358104788e-02,2.490896444955394140e-02,2.152792992497543079e-02,1.900973817982218317e-02,1.458442149156987111e-01,1.646819974763651384e-01,1.530979675215939917e-01,1.438653999275146811e-01
1.117499999999999938e+00,2.713251163436936411e-02,6.028849124149210370e-02,7.901547958339717737e-02,5.922779482419675279e-02,2.779331535937078490e-01,8.558272513409066751e-02,8.220697005518266820e-02,3.714623142174786619e-01,9.184676115551425601e-01,5.424480782167340415e-04,1.176470924445533583e+01,1.952521803875370554e-02,2.490615504372276079e-02,2.152600452210598828e-02,1.899460800415019024e-02,1.458028533286032935e-01,1.646726295728579148e-01,1.530910460434841691e-01,1.438080656314536798e-01
1.120000000000000107e+00,2.711650609056452665e-02,6.027002687178297652e-02,7.900237529792122904e-02,5.940543771911219184e-02,2.783545615254828243e-01,8.621727567904252654e-02,8.216088738662095936e-02,3.721486204046319246e-01,9.184694247442195536e-01,9.082301650782734215e-04,1.177091589473089428e+01,1.951414484166072785e-02,2.490330675639115809e-02,2.152408198978695772e-02,1.897945929759992795e-02,1.457613595240428717e-01,1.646630507240446628e-01,1.530840583456100079e-01,1.437505669168902267e-01
1.122500000000000053e+00,2.710051213158524985e-02,6.025112384771985630e-02,7.898908291235524903e-02,5.958310470093878403e-02,2.787763245541441948e-01,8.685259588818181054e-02,8.211462722453508056e-02,3.728349315192783786e-01,9.184721533431838836e-01,1.274776908971933563e-03,1.177713777690974695e+01,1.950305878759193284e-02,2.490041955726090064e-02,2.152216233656237612e-02,1.896429212916798598e-02,1.457197334196692895e-01,1.646532606520384190e-01,1.530770043118047652e-01,1.436929038713532780e-01
1.125000000000000000e+00,2.708453007541956892e-02,6.023178206991641748e-02,7.897560277097903647e-02,5.976076791439912522e-02,2.791984567583369325e-01,8.748869321535847343e-02,8.206819055239762684e-02,3.735212497711123958e-01,9.184757992705627760e-01,1.642093808987793490e-03,1.178337492222564364e+01,1.949195989121314115e-02,2.489749341577764466e-02,2.152024557092026280e-02,1.894910656777492805e-02,1.456779749303184213e-01,1.646432590773318494e-01,1.530698838248981675e-01,1.436350765819008612e-01
1.127499999999999947e+00,2.706856026764351691e-02,6.021200147201816177e-02,7.896193522517996888e-02,5.993839941553909950e-02,2.796209723427875993e-01,8.812557509885714235e-02,8.202157836169519933e-02,3.742075772552480029e-01,9.184803644585685101e-01,2.010186314328342612e-03,1.178962736219437879e+01,1.948084816656200230e-02,2.489452830113279141e-02,2.151833170129223427e-02,1.893390268227052725e-02,1.456360839680048425e-01,1.646330457188181218e-01,1.530626967667279292e-01,1.435770851351541033e-01
1.130000000000000115e+00,2.705260308159991231e-02,6.019178202133373262e-02,7.894808063343096427e-02,6.011597117634254889e-02,2.800438856377332475e-01,8.876324896026656364e-02,8.197479165185846128e-02,3.748939159466397331e-01,9.184858508529721854e-01,2.379059822936580200e-03,1.179589512861496381e+01,1.946972362704390419e-02,2.489152418226541624e-02,2.151642073605311567e-02,1.891868054143924435e-02,1.455940604419174444e-01,1.646226202938121386e-01,1.530554430181509662e-01,1.435189296173324525e-01
1.132500000000000062e+00,2.703665891857302134e-02,6.017112371946393978e-02,7.893403936126655585e-02,6.029345508938140086e-02,2.804672110983210120e-01,8.940172220335219910e-02,8.192783143019020942e-02,3.755802676944308693e-01,9.184922604129754919e-01,2.748719680128818010e-03,1.180217825357077288e+01,1.945858628542792429e-02,2.488848102786427388e-02,2.151451268352055912e-02,1.890344021400592808e-02,1.455519042584146883e-01,1.646119825180721863e-01,1.530481224590551081e-01,1.434606101142898993e-01
1.135000000000000009e+00,2.702072820795965724e-02,6.015002660292739084e-02,7.891981178125774543e-02,6.047082297250252342e-02,2.808909633039804454e-01,9.004100221293313833e-02,8.188069871179227965e-02,3.762666342162426791e-01,9.184995951110745960e-01,3.119171177233532981e-03,1.180847676943064428e+01,1.944743615384283628e-02,2.488539880636988361e-02,2.151260755195466209e-02,1.888818176864178605e-02,1.455096153210212462e-01,1.646011321058226395e-01,1.530407349683714779e-01,1.434021267115528075e-01
1.137499999999999956e+00,2.700481140743684130e-02,6.012849074378205649e-02,7.890539827298553854e-02,6.064804657354573580e-02,2.813151569577679867e-01,9.068109635376075950e-02,8.183339451949077359e-02,3.769530170924053625e-01,9.185078569329266918e-01,3.490419550236395323e-03,1.181479070884992133e+01,1.943627324377318610e-02,2.488227748597670111e-02,2.151070534955759270e-02,1.887290527397056383e-02,1.454671935304243935e-01,1.645900687697767206e-01,1.530332804240865097e-01,1.433434794943586610e-01
1.140000000000000124e+00,2.698890900312523114e-02,6.010651625024240191e-02,7.889079922301260595e-02,6.082509757509087234e-02,2.817398068856822313e-01,9.132201196940156751e-02,8.178591988376007760e-02,3.776394177601381519e-01,9.185170478772072267e-01,3.862469978432891884e-03,1.182112010477145425e+01,1.942509756605542356e-02,2.487911703463535282e-02,2.150880608447321846e-02,1.885761079857499120e-02,1.454246387844712884e-01,1.645787922211602861e-01,1.530257587032549937e-01,1.432846685476961979e-01
1.142500000000000071e+00,2.697302150974901017e-02,6.008410326728987061e-02,7.887601502485407090e-02,6.100194759923117244e-02,2.821649280359500023e-01,9.196375638112348760e-02,8.173827584264588275e-02,3.783258375076856694e-01,9.185271699554679037e-01,4.235327583088953525e-03,1.182746499042655230e+01,1.941390913087409284e-02,2.487591742005497084e-02,2.150690976478674549e-02,1.884229841100346775e-02,1.453819509781665020e-01,1.645673021697360294e-01,1.530181696820129000e-01,1.432256939563467946e-01
1.145000000000000018e+00,2.695714947079156862e-02,6.006125197727741477e-02,7.886104607894620089e-02,6.117856821236975634e-02,2.825905354782864420e-01,9.260633688678578113e-02,8.169046344168597040e-02,3.790122774684176465e-01,9.185382251919899099e-01,4.608997426111068399e-03,1.183382539933588440e+01,1.940270794775809590e-02,2.487267860970558339e-02,2.150501639852435073e-02,1.882696817977698098e-02,1.453391300036701861e-01,1.645555983238281283e-01,1.530105132355908393e-01,1.431665558049269871e-01
1.147499999999999964e+00,2.694129345864755554e-02,6.003796260052596950e-02,7.884589279261411399e-02,6.135493093003661913e-02,2.830166444031230744e-01,9.324976075973186174e-02,8.164248373383101165e-02,3.796987386148947263e-01,9.185502156236335924e-01,4.983484508725852941e-03,1.184020136531034062e+01,1.939149402557700103e-02,2.486940057082058508e-02,2.150312599365282809e-02,1.881162017339628109e-02,1.452961757502965467e-01,1.645436803903477241e-01,1.530027892383276911e-01,1.431072541779322971e-01
1.150000000000000133e+00,2.692545407477062169e-02,6.001423539591237838e-02,7.883055558003783381e-02,6.153100722172268749e-02,2.834432701208087213e-01,9.389403524768583087e-02,8.159433777936332677e-02,3.803852217529145596e-01,9.185631432996845813e-01,5.358793770170748073e-03,1.184659292245182272e+01,1.938026737253744497e-02,2.486608327039930427e-02,2.150123855807923104e-02,1.879625446034928829e-02,1.452530881045130673e-01,1.645315480748188453e-01,1.529949975636846482e-01,1.430477891597823625e-01
1.152500000000000080e+00,2.690963194981720388e-02,5.999007066144787514e-02,7.881503486221685950e-02,6.170676851572793470e-02,2.838704280607814989e-01,9.453916757165338469e-02,8.154602664581468707e-02,3.810717275155375838e-01,9.185770102816988025e-01,5.734930086396867153e-03,1.185300010515399549e+01,1.936902799617957679e-02,2.486272667520962598e-02,2.149935409965052571e-02,1.878087110911874635e-02,1.452098669499398143e-01,1.645192010814049144e-01,1.529871380842592887e-01,1.429881608348671507e-01
1.155000000000000027e+00,2.689382774378604526e-02,5.996546873484582402e-02,7.879933106693362554e-02,6.188218620402141656e-02,2.842981337707110034e-01,9.518516492482431701e-02,8.149755140788368657e-02,3.817582563571058629e-01,9.185918186433404964e-01,6.111898268783892869e-03,1.185942294810299202e+01,1.935777590337358148e-02,2.485933075179069460e-02,2.149747262615325089e-02,1.876547018819012605e-02,1.451665121673497150e-01,1.645066391129358097e-01,1.529792106718003974e-01,1.429283692875945311e-01
1.157499999999999973e+00,2.687804214615370849e-02,5.994042999407764999e-02,7.878344462871458842e-02,6.205723164710897494e-02,2.847264029156110210e-01,9.583203447147972676e-02,8.144891314735092092e-02,3.824448085472595404e-01,9.186075704702212352e-01,6.489703062868975095e-03,1.186586148627805315e+01,1.934651110031627638e-02,2.485589546645569983e-02,2.149559414531317450e-02,1.875005176605975404e-02,1.451230236346688074e-01,1.644938618709355094e-01,1.529712151972226764e-01,1.428684146024390145e-01
1.159999999999999920e+00,2.686227587600549180e-02,5.991495485791653586e-02,7.876737598879125779e-02,6.223187617890655471e-02,2.851552512769238712e-01,9.647978334590225080e-02,8.140011295299467986e-02,3.831313841649600094e-01,9.186242678597323907e-01,6.868349147090513536e-03,1.187231575495210834e+01,1.933523359252776672e-02,2.485242078529473209e-02,2.149371866479496060e-02,1.873461591124317774e-02,1.450794012269774891e-01,1.644808690556502917e-01,1.529631515306220102e-01,1.428082968639915740e-01
1.162500000000000089e+00,2.684652968216244898e-02,5.988904378646727616e-02,7.875112559505831333e-02,6.240609111161612294e-02,2.855846947515736090e-01,9.712841865128964136e-02,8.135115192050440536e-02,3.838179830925267932e-01,9.186419129208758250e-01,7.247841131546991708e-03,1.187878578969233345e+01,1.932394338484819118e-02,2.484890667417771759e-02,2.149184619220184320e-02,1.871916269228378338e-02,1.450356448165118772e-01,1.644676603660775449e-01,1.529550195412910374e-01,1.427480161570111039e-01
1.165000000000000036e+00,2.683080434330352079e-02,5.986269728168094884e-02,7.873469390203149953e-02,6.257984774060086630e-02,2.860147493509915262e-01,9.777794745867054993e-02,8.130203115239424683e-02,3.845046050096977419e-01,9.186605077740928049e-01,7.628183556772946509e-03,1.188527162636061085e+01,1.931264048143451970e-02,2.484535309875742295e-02,2.148997673507529321e-02,1.870369217776162926e-02,1.449917542726657238e-01,1.644542354999949940e-01,1.529468190977346098e-01,1.426875725664764061e-01
1.167499999999999982e+00,2.681510066808370785e-02,5.983591588785416859e-02,7.871808137080327228e-02,6.275311734925630158e-02,2.864454312001094571e-01,9.842837680582468274e-02,8.125275175791568660e-02,3.851912493877188148e-01,9.186800545510875882e-01,8.009380892531923340e-03,1.189177330111397701e+01,1.930132488575744820e-02,2.484176002447253950e-02,2.148811030089470275e-02,1.868820443630251488e-02,1.449477294619930523e-01,1.644405941539904270e-01,1.529385500676860854e-01,1.426269661776399245e-01
1.169999999999999929e+00,2.679941949524728903e-02,5.980870019211121519e-02,7.870128846899752950e-02,6.292587121387661908e-02,2.868767565363251060e-01,9.907971369620394153e-02,8.120331485296931884e-02,3.858779154834741099e-01,9.187005553946482328e-01,8.391437536628368332e-03,1.189829085040496537e+01,1.928999660059834906e-02,2.483812741655084047e-02,2.148624689707707286e-02,1.867269953658728249e-02,1.449035702482110999e-01,1.644267360234924202e-01,1.529302123181237039e-01,1.425661970760824238e-01
1.172500000000000098e+00,2.678376169373676216e-02,5.978105082486787070e-02,7.868431567072262101e-02,6.309808060851011813e-02,2.873087417084362882e-01,9.973196509785837993e-02,8.115372156001582349e-02,3.865646023336644643e-01,9.187220124584671854e-01,8.774357813739046622e-03,1.190482431098195981e+01,1.927865562804631852e-02,2.483445524001240759e-02,2.148438653097669432e-02,1.865717754736131995e-02,1.448592764922036757e-01,1.644126608028008141e-01,1.529218057152869903e-01,1.425052653477686948e-01
1.175000000000000044e+00,2.676812816279713209e-02,5.975296846027631364e-02,7.866716345652291498e-02,6.326971680980363055e-02,2.877414031755452517e-01,1.003851379423631590e-01,8.110397300798698195e-02,3.872513087490399575e-01,9.187444279069556519e-01,9.158145974264956385e-03,1.191137371988942206e+01,1.926730196949528670e-02,2.483074345967294094e-02,2.148252920988485623e-02,1.864163853744430985e-02,1.448148480520251857e-01,1.643983681851184098e-01,1.529133301246937693e-01,1.424441710791045645e-01
1.177499999999999991e+00,2.675251983207526871e-02,5.972445381664917563e-02,7.864983231332935143e-02,6.344075110183232391e-02,2.881747575059318001e-01,1.010392391237484033e-01,8.105407033219585999e-02,3.879380333087011912e-01,9.187678039150564135e-01,9.542806193204803750e-03,1.191793911446810661e+01,1.925593562564121425e-02,2.482699204014712779e-02,2.148067494102953029e-02,1.862608257574016948e-02,1.447702847829051009e-01,1.643838578625828606e-01,1.529047854111572902e-01,1.423829143569950717e-01
1.179999999999999938e+00,2.673693766171469921e-02,5.969550765686273963e-02,7.863232273440835807e-02,6.361115478091133868e-02,2.886088213758971621e-01,1.016942754974304725e-01,8.100401467424654667e-02,3.886247743544726241e-01,9.187921426680549786e-01,9.928342569051189573e-03,1.192452053235521703e+01,1.924455659647937578e-02,2.482320094585210510e-02,2.147882373157508282e-02,1.861050973124720592e-02,1.447255865372529260e-01,1.643691295262990348e-01,1.528961714388036852e-01,1.423214952689033364e-01
1.182500000000000107e+00,2.672138264244568878e-02,5.966613078873660853e-02,7.861463521930914244e-02,6.378089916038827412e-02,2.890436115685762197e-01,1.023502538791469796e-01,8.095380718194346292e-02,3.893115299853605604e-01,9.188174463613858478e-01,1.031475912271040407e-02,1.193111801148447704e+01,1.923316488130171614e-02,2.481937014101097058e-02,2.147697558862198680e-02,1.859492007306847924e-02,1.446807531646635836e-01,1.643541828663720172e-01,1.528874880710895667e-01,1.422599139029110116e-01
1.185000000000000053e+00,2.670585579567010676e-02,5.963632406539044750e-02,7.859677027381020697e-02,6.394995557541237330e-02,2.894791449727187604e-01,1.030071810438912827e-01,8.090344900920089233e-02,3.899982980521035092e-01,9.188437172004377818e-01,1.070205979644709045e-02,1.193773159008618556e+01,1.922176047869429694e-02,2.481549958965638750e-02,2.147513051920652699e-02,1.857931367042236007e-02,1.446357845119233543e-01,1.643390175719406099e-01,1.528787351708199849e-01,1.421981703477794012e-01
1.187500000000000000e+00,2.669035817354157430e-02,5.960608838557482358e-02,7.857872840986410146e-02,6.411829538767853387e-02,2.899154385814409762e-01,1.036650637248502649e-01,8.085294131595185951e-02,3.906850761518232407e-01,9.188709574003560698e-01,1.109024845285439508e-02,1.194436130668718121e+01,1.921034338653482970e-02,2.481158925563424836e-02,2.147328853030052581e-02,1.856369059265326749e-02,1.445906804230163989e-01,1.643236333312111663e-01,1.528699126001665520e-01,1.421362646930116047e-01
1.189999999999999947e+00,2.667489085904055021e-02,5.957542469397652390e-02,7.856051014554089884e-02,6.428588999014429872e-02,2.903525094909439330e-01,1.043239086123423920e-01,8.080228526805702249e-02,3.913718616227890301e-01,9.188991691858416910e-01,1.147932887385116028e-02,1.195100720011077122e+01,1.919891360199028896e-02,2.480763910260741847e-02,2.147144962881106928e-02,1.854805090924260477e-02,1.445454407391315588e-01,1.643080298314920640e-01,1.528610202206859559e-01,1.420741970289158274e-01
1.192500000000000115e+00,2.665945496604452472e-02,5.954433398149599349e-02,7.854211600497047752e-02,6.445271081171602412e-02,2.907903748992024529e-01,1.049837223527571861e-01,8.075148203721359275e-02,3.920586515392989746e-01,9.189283547909485872e-01,1.186930475970687793e-02,1.195766930947658047e+01,1.918747112151461889e-02,2.480364909405954194e-02,2.146961382158022943e-02,1.853239468981986854e-02,1.445000652986699052e-01,1.642922067592285096e-01,1.528520578933384999e-01,1.420119674466695514e-01
1.195000000000000062e+00,2.664405163939254778e-02,5.951281728549678851e-02,7.852354651828351295e-02,6.461872932190364238e-02,2.912290521046210778e-01,1.056445115474954621e-01,8.070053280086418590e-02,3.927454427066944809e-01,9.189585164588782717e-01,1.226017972809553304e-02,1.196434767420040401e+01,1.917601594084653027e-02,2.479961919329893433e-02,2.146778111538480069e-02,1.851672200417392444e-02,1.444545539372524834e-01,1.642761638000380386e-01,1.528430254785070885e-01,1.419495760383845395e-01
1.197500000000000009e+00,2.662868205494525048e-02,5.948087569002485225e-02,7.850480222155130361e-02,6.478391703544011948e-02,2.916685585046599472e-01,1.063062827519098419e-01,8.064943874210594998e-02,3.934322316565088684e-01,9.189896564417724401e-01,1.265195731317941309e-02,1.197104233399389628e+01,1.916454805500738406e-02,2.479554936346252750e-02,2.146595151693604653e-02,1.850103292226443902e-02,1.444089064877289164e-01,1.642599006387461535e-01,1.528339228360161561e-01,1.418870228971726710e-01
1.199999999999999956e+00,2.661334741963908637e-02,5.944851032599728080e-02,7.848588365672376499e-02,6.494824551686476100e-02,2.921089115944278669e-01,1.069690424742464202e-01,8.059820104959966591e-02,3.941190146417679618e-01,9.190217770005022491e-01,1.304464096472400005e-02,1.197775332886432942e+01,1.915306745829916876e-02,2.479143956751990799e-02,2.146412503287943585e-02,1.848532751423348497e-02,1.443631227801861761e-01,1.642434169594227389e-01,1.528247498251512071e-01,1.418243081172129716e-01
1.202500000000000124e+00,2.659804897153546580e-02,5.941572237135898243e-02,7.846679137156725714e-02,6.511168638506732720e-02,2.925501289652432391e-01,1.076327971745848072e-01,8.054682091747934758e-02,3.948057876324447268e-01,9.190548804044580411e-01,1.343823404724466854e-02,1.198448069911420788e+01,1.914157414430257137e-02,2.478728976827740058e-02,2.146230166979438969e-02,1.846960585041726791e-02,1.443172026419578258e-01,1.642267124454185045e-01,1.528155063046780504e-01,1.417614317938188928e-01
1.205000000000000071e+00,2.658278797986451253e-02,5.938251305120605117e-02,7.844752591959998356e-02,6.527421131779231889e-02,2.929922283031634600e-01,1.082975532637793364e-01,8.049529954526186970e-02,3.954925463110816608e-01,9.190889689313326283e-01,1.383273983918696312e-02,1.199122448534087226e+01,1.913006810587513859e-02,2.478309992838224896e-02,2.146048143419404183e-02,1.845386800135800226e-02,1.442711458976342065e-01,1.642097867794024557e-01,1.528061921328627559e-01,1.416983940235068962e-01
1.207500000000000018e+00,2.656756574506313404e-02,5.934888363787526461e-02,7.842808786002740395e-02,6.543579205609957594e-02,2.934352273874830108e-01,1.089633171023997177e-01,8.044363813775746996e-02,3.961792860685874884e-01,9.191240448669073526e-01,1.422816153214051527e-02,1.199798472843601438e+01,1.911854933514954211e-02,2.477887001032684500e-02,2.145866433252499247e-02,1.843811403781591210e-02,1.442249523690725121e-01,1.641926396433990576e-01,1.527968071674913886e-01,1.416351949040652591e-01
1.209999999999999964e+00,2.655238359880806795e-02,5.931483545099793669e-02,7.840847775767550987e-02,6.559640040878139677e-02,2.938791440891959095e-01,1.096300949996699969e-01,8.039183790498019566e-02,3.968660020002171551e-01,9.191601105048334830e-01,1.462450223008828799e-02,1.200476146958519230e+01,1.910701782353193753e-02,2.477459997645304474e-02,2.145685037116707577e-02,1.842234403078134991e-02,1.441786218754075866e-01,1.641752707188264826e-01,1.527873512658901589e-01,1.415718345346240192e-01
1.212500000000000133e+00,2.653724290404271477e-02,5.928036985751711230e-02,7.838869618292354513e-02,6.575600825673331984e-02,2.943239963694303518e-01,1.102978932124062256e-01,8.033990006205961321e-02,3.975526889017467203e-01,9.191971681464112809e-01,1.502176494869219246e-02,1.201155475026723352e+01,1.909547356170041704e-02,2.477028978895654335e-02,2.145503955643313088e-02,1.840655805148701252e-02,1.441321542330634975e-01,1.641576796865347465e-01,1.527778242849457679e-01,1.415083130157251956e-01
1.215000000000000080e+00,2.652214505499889824e-02,5.924548827166790932e-02,7.836874371163538022e-02,6.591458755727724883e-02,2.947698022778464932e-01,1.109667179439551288e-01,8.028782582915217070e-02,3.982393412658468690e-01,9.192352201003692880e-01,1.541995261461577907e-02,1.201836461225363806e+01,1.908391653960356260e-02,2.476593940989132991e-02,2.145323189456876251e-02,1.839075617142027150e-02,1.440855492557649720e-01,1.641398662268446496e-01,1.527682260811256687e-01,1.414446304493937601e-01
1.217500000000000027e+00,2.650709147721242928e-02,5.921019215491859361e-02,7.834862092509004006e-02,6.607211034843565867e-02,2.952165799510034216e-01,1.116365753431276253e-01,8.023561643135458665e-02,3.989259532786694762e-01,9.192742686826408383e-01,1.581906806488501266e-02,1.202519109760788929e+01,1.907234674645911371e-02,2.476154880117420118e-02,2.145142739175213628e-02,1.837493846233557299e-02,1.440388067545499140e-01,1.641218300195867452e-01,1.527585565104987997e-01,1.413807869392092187e-01
1.219999999999999973e+00,2.649208362753346577e-02,5.917448301587223403e-02,7.832832840991103829e-02,6.622854875315491163e-02,2.956643476106931567e-01,1.123074715031333881e-01,8.018327309861686403e-02,3.996125188166496089e-01,9.193143162161391269e-01,1.621911404628845893e-02,1.203203424868475047e+01,1.906076417075271492e-02,2.475711792458935856e-02,2.144962605409374626e-02,1.835910499626692075e-02,1.439919265377818669e-01,1.641035707441409475e-01,1.527488154287561795e-01,1.413167825903773045e-01
1.222499999999999920e+00,2.647712299413033932e-02,5.913836241012804251e-02,7.830786675799442098e-02,6.638387498347743387e-02,2.961131235622402880e-01,1.129794124605119771e-01,8.013079706565692795e-02,4.002990314435355690e-01,9.193553650305311686e-01,1.662009321481756202e-02,1.203889410812948135e+01,1.904916880023679177e-02,2.475264674179306415e-02,2.144782788763621370e-02,1.834325584554041821e-02,1.439449084111635024e-01,1.640850880794763322e-01,1.527390026912319176e-01,1.412526175098026693e-01
1.225000000000000089e+00,2.646221109648811548e-02,5.910183194010065061e-02,7.828723656643653273e-02,6.653806134465986566e-02,2.965629261927695270e-01,1.136524041940615293e-01,8.007818957187588793e-02,4.009854844076535807e-01,9.193974174620092032e-01,1.702200813514813046e-02,1.204577071887703887e+01,1.903756062192950294e-02,2.474813521431837304e-02,2.144603289835407198e-02,1.832739108278686954e-02,1.438977521777499435e-01,1.640663817041913275e-01,1.527291181529241704e-01,1.411882918061614922e-01
1.227500000000000036e+00,2.644734948540089156e-02,5.906489325479722524e-02,7.826643843746008966e-02,6.669108023923808748e-02,2.970137739694398427e-01,1.143264526237653400e-01,8.002545186127446586e-02,4.016718706394137861e-01,9.194404758530636546e-01,1.742486128016394048e-02,1.205266412415119603e+01,1.902593962211382786e-02,2.474358330357993158e-02,2.144424109215356533e-02,1.831151078095440837e-02,1.438504576379630029e-01,1.640474512965543197e-01,1.527191616685162068e-01,1.411238055899745047e-01
1.229999999999999982e+00,2.643253974295801598e-02,5.902754804955094581e-02,7.824547297833979453e-02,6.684290417103705417e-02,2.974656854376432902e-01,1.150015636097145855e-01,7.997258518237058966e-02,4.023581827490674279e-01,9.194845425522508719e-01,1.782865503052310369e-02,1.205957436746365019e+01,1.901430578633674442e-02,2.473899097087885190e-02,2.144245247487244765e-02,1.829561501332117174e-02,1.438030245896058379e-01,1.640282965345446209e-01,1.527091330923977253e-01,1.410591589736806262e-01
1.232499999999999929e+00,2.641778348252446854e-02,5.898979806571013479e-02,7.822434080132689704e-02,6.699350574912360523e-02,2.979186792191733102e-01,1.156777429510297828e-01,7.991959078811784745e-02,4.030444130247188839e-01,9.195296199139637583e-01,1.823339167426902760e-02,1.206650149261305671e+01,1.900265909940851428e-02,2.473435817740764903e-02,2.144066705227979514e-02,1.827970385350796700e-02,1.437554528278777721e-01,1.640089170958935194e-01,1.526990322786861420e-01,1.409943520717102383e-01
1.235000000000000098e+00,2.640308234871486040e-02,5.895164509028250760e-02,7.820304252357286601e-02,6.714285769170402762e-02,2.983727740103555015e-01,1.163549963847764213e-01,7.986646993582587062e-02,4.037305534306033783e-01,9.195757102981989561e-01,1.863907340648538608e-02,1.207344554368405376e+01,1.899099954540209648e-02,2.472968488425524719e-02,2.143888483007580503e-02,1.826377737549096311e-02,1.437077421453898107e-01,1.639893126581259131e-01,1.526888590812480739e-01,1.409293850005591819e-01
1.237500000000000044e+00,2.638843801736135905e-02,5.891309095553328573e-02,7.818157876705225662e-02,6.729093282996266578e-02,2.988279885801473634e-01,1.170333295848797334e-01,7.981322388708116111e-02,4.044165956056346989e-01,9.196228160703243670e-01,1.904570232899753177e-02,1.208040656504620891e+01,1.897932710765265138e-02,2.472497105241206611e-02,2.143710581389161873e-02,1.824783565361435753e-02,1.436598923321806831e-01,1.639694828986019981e-01,1.526786133537207657e-01,1.408642578788624200e-01
1.239999999999999991e+00,2.637385219547536824e-02,5.887413753853648624e-02,7.815995015848502259e-02,6.743770411184384084e-02,2.992843417682023999e-01,1.177127481610339421e-01,7.975985390767020844e-02,4.051025308622308585e-01,9.196709396008457826e-01,1.945328045012004181e-02,1.208738460135294979e+01,1.896764176875715899e-02,2.472021664277516267e-02,2.143533000928913787e-02,1.823187876260302237e-02,1.436119031757329134e-01,1.639494274945595131e-01,1.526682949495337394e-01,1.407989708274678953e-01
1.242499999999999938e+00,2.635932662120264378e-02,5.883478676067933899e-02,7.813815732925756541e-02,6.758314460577416471e-02,2.997418524829007502e-01,1.183932576576078866e-01,7.970636126750338391e-02,4.057883501854203656e-01,9.197200832651724056e-01,1.986180968445182618e-02,1.209437969754045028e+01,1.895594351057416915e-02,2.471542161615345942e-02,2.143355742176084044e-02,1.821590677757511934e-02,1.435637744609897515e-01,1.639291461231560387e-01,1.526579037219304436e-01,1.407335239695105822e-01
1.245000000000000107e+00,2.634486306377244180e-02,5.879504058711813169e-02,7.811620091534368648e-02,6.772722750432610961e-02,3.002005396993447373e-01,1.190748635525478993e-01,7.965274724054088873e-02,4.064740442322410385e-01,9.197702494433824816e-01,2.027129185271933295e-02,1.210139189882649013e+01,1.894423231422365239e-02,2.471058593327302502e-02,2.143178805672961776e-02,1.819991977405465561e-02,1.435155059703723535e-01,1.639086384615116854e-01,1.526474395239899029e-01,1.406679174304860114e-01
1.247500000000000053e+00,2.633046332343989132e-02,5.875490102618576710e-02,7.809408155722422085e-02,6.786992612782283274e-02,3.006604224573209971e-01,1.197575712562748834e-01,7.959901310471986791e-02,4.071596033314310858e-01,9.198214405199894861e-01,2.068172868166886016e-02,1.210842125070924347e+01,1.893250816008697213e-02,2.470570955478243805e-02,2.143002191954859401e-02,1.818391782798398082e-02,1.434670974837974344e-01,1.638879041867518649e-01,1.526369022086483396e-01,1.406021513383239607e-01
1.250000000000000000e+00,2.631612923142184410e-02,5.871437012875013739e-02,7.807179989980665702e-02,6.801121392788271602e-02,3.011215198592278597e-01,1.204413861105777250e-01,7.954516014188391104e-02,4.078450174834185038e-01,9.198736588837050920e-01,2.109312180400858133e-02,1.211546779896607973e+01,1.892077102780696449e-02,2.470079244125821666e-02,2.142825901550097015e-02,1.816790101573621113e-02,1.434185487786951430e-01,1.638669429760506169e-01,1.526262916287212390e-01,1.405362258234618966e-01
1.252499999999999947e+00,2.630186264982649347e-02,5.867344998752285073e-02,7.804935659234359113e-02,6.815106449090473084e-02,3.015838510679668683e-01,1.211263133875043474e-01,7.949118963771323321e-02,4.085302763606166176e-01,9.199269069272059118e-01,2.150547275840054146e-02,1.212253158965230604e+01,1.890902089628816035e-02,2.469583455321031074e-02,2.142649934979985044e-02,1.815186941412754232e-02,1.433698596300277683e-01,1.638457545066737409e-01,1.526156076369246939e-01,1.404701410189180266e-01
1.255000000000000115e+00,2.628766547157595015e-02,5.863214273631785906e-02,7.802675228835084797e-02,6.828945154149441976e-02,3.020474353048019922e-01,1.218123582882451733e-01,7.943710288165771460e-02,4.092153693080264332e-01,9.199811870468973529e-01,2.191878298950435816e-02,1.212961266909989533e+01,1.889725774369709760e-02,2.469083585108767728e-02,2.142474292758809670e-02,1.813582310042948995e-02,1.433210298103083924e-01,1.638243384560226223e-01,1.526048500858975809e-01,1.404038970603640468e-01
1.257500000000000062e+00,2.627353962032255574e-02,5.859045054925968166e-02,7.800398764552518571e-02,6.842634894582932947e-02,3.025122918471818689e-01,1.224995259420140203e-01,7.938290116687114761e-02,4.099002853441527927e-01,9.200365016426793607e-01,2.233305384807241639e-02,1.213671108391615050e+01,1.888548154746278254e-02,2.468579629528391134e-02,2.142298975393816182e-02,1.811976215238097002e-02,1.432720590896202628e-01,1.638026945016776703e-01,1.525940188282230159e-01,1.403374940861975284e-01
1.260000000000000009e+00,2.625948705035822603e-02,5.854837563994116229e-02,7.798106332566123733e-02,6.856173071496603211e-02,3.029784400265293498e-01,1.231878214049253045e-01,7.932858579014782918e-02,4.105850131622335586e-01,9.200928531177112735e-01,2.274828659109713602e-02,1.214382688098239527e+01,1.887369228427725545e-02,2.468071584614296363e-02,2.142123983385194400e-02,1.810368664820027895e-02,1.432229472356363886e-01,1.637808223214426984e-01,1.525831137164502249e-01,1.402709322376137768e-01
1.262499999999999956e+00,2.624550974651682425e-02,5.850592026052996164e-02,7.795797999456813288e-02,6.869557100808704186e-02,3.034458992259937982e-01,1.238772496588656652e-01,7.927415805186080466e-02,4.112695411317902061e-01,9.201502438781776760e-01,2.316448238201175569e-02,1.215096010745259214e+01,1.886188993009629486e-02,2.467559446396491024e-02,2.141949317226064103e-02,1.808759666659690707e-02,1.431736940136397740e-01,1.637587215933886953e-01,1.525721346031163050e-01,1.402042116586771636e-01
1.265000000000000124e+00,2.623160972407031361e-02,5.846308670082420861e-02,7.793473832198567763e-02,6.882784413568930615e-02,3.039146888781704692e-01,1.245678156103610934e-01,7.921961925590217946e-02,4.119538573004984383e-01,9.202086763330559194e-01,2.358164229094384529e-02,1.215811081075197819e+01,1.885007446014022592e-02,2.467043210901180214e-02,2.141774977402459423e-02,1.807149228678319938e-02,1.431242991865435688e-01,1.637363919958983449e-01,1.525610813407677069e-01,1.401373324963918199e-01
1.267500000000000071e+00,2.621778902861745045e-02,5.841987728725708123e-02,7.791133898150000292e-02,6.895852456271352182e-02,3.043848284627854173e-01,1.252595240894421869e-01,7.916497070962608129e-02,4.126379493963822642e-01,9.202681528938814193e-01,2.399976729502346223e-02,1.216527903857564219e+01,1.883824584889488146e-02,2.466522874151359096e-02,2.141600964393316348e-02,1.805537358848582560e-02,1.430747625149122182e-01,1.637138332077104630e-01,1.525499537819820506e-01,1.400702949007716636e-01
1.270000000000000018e+00,2.620404973596573636e-02,5.837629438185006764e-02,7.788778265045905036e-02,6.908758691161592802e-02,3.048563375043429891e-01,1.259523798485025492e-01,7.911021372379289929e-02,4.133218048303346492e-01,9.203286759745168411e-01,2.441885827874524725e-02,1.217246483888709996e+01,1.882640407011267059e-02,2.465998432167410340e-02,2.141427278670457110e-02,1.803924065195707666e-02,1.430250837569824185e-01,1.636910449079644614e-01,1.525387517793895809e-01,1.400030990249097052e-01
1.272499999999999964e+00,2.619039395200638276e-02,5.833234038111520525e-02,7.786407000988765370e-02,6.921500596538161798e-02,3.053292355697406202e-01,1.266463875611549550e-01,7.905534961251642345e-02,4.140054106989622951e-01,9.203902479909211731e-01,2.483891603438565659e-02,1.217966825991688218e+01,1.881454909681378948e-02,2.465469880967710928e-02,2.141253920698577701e-02,1.802309355798594262e-02,1.429752626686848493e-01,1.636680267762452845e-01,1.525274751856944833e-01,1.399357450250464929e-01
1.275000000000000133e+00,2.617682381258237823e-02,5.828801771490647182e-02,7.784020174440212103e-02,6.934075667048138214e-02,3.058035422658492153e-01,1.273415518210839759e-01,7.900037969321282993e-02,4.146887537877615992e-01,9.204528713609189117e-01,2.525994126247517804e-02,1.218688935016103692e+01,1.880268090128754677e-02,2.464937216569244513e-02,2.141080890935234335e-02,1.800693238790898251e-02,1.429252990036660731e-01,1.636447784926280125e-01,1.525161238536965058e-01,1.398682330606376423e-01
1.277500000000000080e+00,2.616334148334928389e-02,5.824332884522049475e-02,7.781617854212476149e-02,6.946481413977143027e-02,3.062792772370560024e-01,1.280378771408943184e-01,7.894530528655220591e-02,4.153718205746198544e-01,9.205165485039714657e-01,2.568193457232638074e-02,1.219412815837969433e+01,1.879079945509384147e-02,2.464400434988220714e-02,2.140908189830829575e-02,1.799075722362094773e-02,1.428751925133107947e-01,1.636212997377230194e-01,1.525046976363120532e-01,1.398005632944206433e-01
1.280000000000000027e+00,2.614994915962890257e-02,5.819827626494705752e-02,7.779200109459837031e-02,6.958715365533779673e-02,3.067564601627758014e-01,1.287353679509569693e-01,7.889012771641229493e-02,4.160545972336454623e-01,9.205812818409505605e-01,2.610489648261745191e-02,1.220138473359557274e+01,1.877890472906475205e-02,2.463859532240702740e-02,2.140735817828600882e-02,1.797456814758517304e-02,1.428249429467645937e-01,1.635975901927208265e-01,1.524931963865952811e-01,1.397327358924801421e-01
1.282499999999999973e+00,2.613664906625593268e-02,5.815286249656916734e-02,7.776767009670004782e-02,6.970775067128504032e-02,3.072351107549251004e-01,1.294340285982524263e-01,7.883484830983457370e-02,4.167370696393250529e-01,9.206470737939117521e-01,2.652882742203199751e-02,1.220865912509249007e+01,1.876699669330627457e-02,2.463314504343240216e-02,2.140563775364606736e-02,1.795836524284369351e-02,1.427745500509568222e-01,1.635736495394372603e-01,1.524816199577592735e-01,1.396647510243128609e-01
1.284999999999999920e+00,2.612344345741736407e-02,5.810709009081446719e-02,7.774318624655510157e-02,6.982658081647093173e-02,3.077152487553638793e-01,1.301338633452110705e-01,7.877946839698286852e-02,4.174192233710088407e-01,9.207139267858706067e-01,2.695372772995531171e-02,1.221595138241388412e+01,1.875507531720018578e-02,2.462765347313509642e-02,2.140392062867715189e-02,1.794214859302709769e-02,1.427240135706240309e-01,1.635494774603586388e-01,1.524699682031967485e-01,1.395966088628905755e-01
1.287500000000000089e+00,2.611033461648456372e-02,5.806096162525709731e-02,7.771855024545074042e-02,6.994361989718776706e-02,3.081968939333003532e-01,1.308348763685520111e-01,7.872398931110401177e-02,4.181010437177181682e-01,9.207818432405805442e-01,2.737959765722656341e-02,1.222326155536130265e+01,1.874314056940605197e-02,2.462212057170962143e-02,2.140220680759591029e-02,1.792591828236408599e-02,1.426733332483335892e-01,1.635250736386868464e-01,1.524582409765008473e-01,1.395283095847225097e-01
1.290000000000000036e+00,2.609732485583807909e-02,5.801447970287180317e-02,7.769376279774994898e-02,7.005884389979025184e-02,3.086800660826639064e-01,1.315370717581204885e-01,7.866841238849175966e-02,4.187825156832797879e-01,9.208508255823117938e-01,2.780643736694810020e-02,1.223058969399290064e+01,1.873119241786336611e-02,2.461654629937478495e-02,2.140049629454683980e-02,1.790967439569072714e-02,1.426225088245077766e-01,1.635004377583846591e-01,1.524464381314856176e-01,1.394598533699160925e-01
1.292499999999999982e+00,2.608441651668517297e-02,5.796764695054058142e-02,7.766882461080479305e-02,7.017222899327212049e-02,3.091647850194418901e-01,1.322404535157242766e-01,7.861273896845236142e-02,4.194636239917785558e-01,9.209208762356336786e-01,2.823424693535090541e-02,1.223793584862194983e+01,1.871923082979382730e-02,2.461093061638028670e-02,2.139878909360217601e-02,1.789341701845940935e-02,1.425715400374479580e-01,1.634755695042210133e-01,1.524345595222064420e-01,1.393912404022365770e-01
1.294999999999999929e+00,2.607161196887012797e-02,5.792046601751269647e-02,7.764373639486985001e-02,7.028375153179187984e-02,3.096510705789836670e-01,1.329450255539688652e-01,7.855697039327305675e-02,4.201443530933298143e-01,9.209919976251986773e-01,2.866302635271687077e-02,1.224530006981533248e+01,1.870725577170375201e-02,2.460527348301341441e-02,2.139708520876176800e-02,1.787714623674744804e-02,1.425204266233593975e-01,1.634504685618160813e-01,1.524226050029800772e-01,1.393224708691648550e-01
1.297500000000000098e+00,2.605891361067669623e-02,5.787293957381917098e-02,7.761849886301602774e-02,7.039338805714809300e-02,3.101389426132698524e-01,1.336507916950949448e-01,7.850110800819340429e-02,4.208246871701660785e-01,9.210641921755285955e-01,2.909277552435751008e-02,1.225268240839205980e+01,1.869526720938664496e-02,2.459957485960578838e-02,2.139538464395296380e-02,1.786086213726537433e-02,1.424691683163760436e-01,1.634251346176866515e-01,1.524105744284047492e-01,1.392535449619543841e-01
1.300000000000000044e+00,2.604632386862373167e-02,5.782507030864315889e-02,7.759311273104352313e-02,7.050111530120638237e-02,3.106284209881488567e-01,1.343577556698139497e-01,7.844515316137837257e-02,4.215046101430360292e-01,9.211374623108028459e-01,2.952349427164915191e-02,1.226008291542177275e+01,1.868326510792588449e-02,2.459383470654017204e-02,2.139368740303050631e-02,1.784456480736485579e-02,1.424177648485859260e-01,1.633995673592913422e-01,1.523984676533797489e-01,1.391844628756860602e-01
1.302499999999999991e+00,2.603384519725293611e-02,5.777686092864622869e-02,7.756757871739557164e-02,7.060691018827722210e-02,3.111195255805389581e-01,1.350659211161479578e-01,7.838910720389474784e-02,4.221841056779092050e-01,9.212118104546513919e-01,2.995518233312440687e-02,1.226750164222327122e+01,1.867124943169757439e-02,2.458805298425736224e-02,2.139199348977641538e-02,1.782825433504625634e-02,1.423662159500565239e-01,1.633737664750756213e-01,1.523862845331250271e-01,1.391152248093217580e-01
1.304999999999999938e+00,2.602148007890936476e-02,5.772831415625349211e-02,7.754189754307191929e-02,7.071074983744808640e-02,3.116122762755988984e-01,1.357752915782689529e-01,7.833297148968998425e-02,4.228631571929857280e-01,9.212872390299471359e-01,3.038783936561991264e-02,1.227493864036304139e+01,1.865922014437352422e-02,2.458222965326313861e-02,2.139030290789987326e-02,1.781193080896582848e-02,1.423145213488608563e-01,1.633477316545169922e-01,1.523740249232004296e-01,1.390458309657560954e-01
1.307500000000000107e+00,2.600923102351420171e-02,5.767943272789725906e-02,7.751606993154229464e-02,7.081261156486844122e-02,3.121066929638632304e-01,1.364858705053448307e-01,7.827674737557341333e-02,4.235417478660021273e-01,9.213637504586049687e-01,3.082146494547963883e-02,1.228239396165380093e+01,1.864717720892437869e-02,2.457636467413528217e-02,2.138861566103712405e-02,1.779559431844250639e-02,1.422626807711034058e-01,1.633214625881701243e-01,1.523616886795246261e-01,1.389762815518665040e-01
1.310000000000000053e+00,2.599710056833038144e-02,5.763021939222222334e-02,7.749009660865997795e-02,7.091247288599025755e-02,3.126027955383476886e-01,1.371976612503851278e-01,7.822043622120011808e-02,4.242198606418308704e-01,9.214413471613809303e-01,3.125605856981394925e-02,1.228986765815307436e+01,1.863512058762289286e-02,2.457045800753065654e-02,2.138693175275135569e-02,1.777924495346430711e-02,1.422106939409465420e-01,1.632949589677116231e-01,1.523492756583938734e-01,1.389065767785616079e-01
1.312500000000000000e+00,2.598509127772014038e-02,5.758067690825204726e-02,7.746397830257560624e-02,7.101031151776414363e-02,3.131006038916204770e-01,1.379106670690962988e-01,7.816403938905774895e-02,4.248974782403664996e-01,9.215200315576762558e-01,3.169161965781381457e-02,1.229735978216174708e+01,1.862305024204735648e-02,2.456450961419235496e-02,2.138525118653259588e-02,1.776288280469432573e-02,1.421585605806373331e-01,1.632682204859849662e-01,1.523367857165005279e-01,1.388367168608274915e-01
1.314999999999999947e+00,2.597320574289565392e-02,5.753080804352114774e-02,7.743771574365088117e-02,7.110610538079287224e-02,3.136001379128425803e-01,1.386248911187386856e-01,7.810755824445557438e-02,4.255745831646922661e-01,9.215998060653444179e-01,3.212814755211997053e-02,1.230487038622268514e+01,1.861096613308516057e-02,2.455851945495691330e-02,2.138357396579760802e-02,1.774650796347630385e-02,1.421062804105343025e-01,1.632412468370452452e-01,1.523242187109510315e-01,1.387667020177725252e-01
1.317500000000000115e+00,2.596144658166150282e-02,5.748061557217117729e-02,7.741130966437255456e-02,7.119983260144210901e-02,3.141014174847767126e-01,1.393403364569931746e-01,7.805099415551634834e-02,4.262511577095211557e-01,9.216806731005009468e-01,3.256564152024617881e-02,1.231239952311933727e+01,1.859886822093650971e-02,2.455248749076159240e-02,2.138190009388977672e-02,1.773012052183977477e-02,1.420538531491347678e-01,1.632140377162037692e-01,1.523115744992839526e-01,1.386965324726697202e-01
1.320000000000000062e+00,2.594981643814977743e-02,5.743010227301578036e-02,7.738476079926637219e-02,7.129147151391117265e-02,3.146044624807647350e-01,1.400570060408348194e-01,7.799434849317098128e-02,4.269271839699047555e-01,9.217626350773379107e-01,3.300410075605634402e-02,1.231994724587439194e+01,1.858675646511829052e-02,2.454641368265170903e-02,2.138022957407900715e-02,1.771372057250476459e-02,1.420012785131022637e-01,1.631865928200725291e-01,1.522988529394873058e-01,1.386262084529975291e-01
1.322500000000000009e+00,2.593831798254787879e-02,5.737927092757499903e-02,7.735806988481121194e-02,7.138100066226212015e-02,3.151092927616745976e-01,1.407749027254154572e-01,7.793762263115501521e-02,4.276026438502020244e-01,9.218456944079413962e-01,3.344352438129528926e-02,1.232751360774842730e+01,1.857463082446808578e-02,2.454029799178805010e-02,2.137856240956161405e-02,1.769730820888605269e-02,1.419485562172941862e-01,1.631589118466084953e-01,1.522860538900159266e-01,1.385557301904783711e-01
1.324999999999999956e+00,2.592695391081815612e-02,5.732812431808115283e-02,7.733123765935354110e-02,7.146839880241130649e-02,3.156159281728182497e-01,1.414940292629568164e-01,7.788081794600905383e-02,4.282775190733009718e-01,9.219298535021138719e-01,3.388391144717172593e-02,1.233509866223862694e+01,1.856249125714834122e-02,2.453414037945431808e-02,2.137689860346022111e-02,1.768088352509696731e-02,1.418956859747897425e-01,1.631309944951576940e-01,1.522731772098080971e-01,1.384850979211149913e-01
1.327500000000000124e+00,2.591572694441039021e-02,5.727666522545857286e-02,7.730426486302151290e-02,7.155364490408162859e-02,3.161243885408379084e-01,1.422143883016552812e-01,7.782393581708037245e-02,4.289517911900850855e-01,9.220151147671987735e-01,3.432526093599348044e-02,1.234270246307748842e+01,1.855033772065067463e-02,2.452794080706467358e-02,2.137523815882364300e-02,1.766444661595271970e-02,1.418426674969182066e-01,1.631028404664991993e-01,1.522602227583022827e-01,1.384143118852249887e-01
1.330000000000000071e+00,2.590463982996644640e-02,5.722489642728013914e-02,7.727715223764003438e-02,7.163671815271759058e-02,3.166346936705652926e-01,1.429359823845993693e-01,7.776697762652813595e-02,4.296254415891358480e-01,9.221014806079110837e-01,3.476757176285403400e-02,1.235032506423158516e+01,1.853817017180036178e-02,2.452169923617130223e-02,2.137358107862679171e-02,1.764799757697326638e-02,1.417895004932873126e-01,1.630744494628889041e-01,1.522471903954531469e-01,1.383433723274727356e-01
1.332500000000000018e+00,2.589369533901741960e-02,5.717282069570173153e-02,7.724990052664501561e-02,7.171759795136439797e-02,3.171468633418514371e-01,1.436588139487012250e-01,7.770994475933067080e-02,4.302984515066659577e-01,9.221889534261716870e-01,3.521084277736950818e-02,1.235796651990035677e+01,1.852598856676093350e-02,2.451541562847206479e-02,2.137192736577055857e-02,1.763153650438569267e-02,1.417361846718117047e-01,1.630458211881029296e-01,1.522340799817471779e-01,1.382722794968994084e-01
1.334999999999999964e+00,2.588289626767301121e-02,5.712044079537776514e-02,7.722251047499847920e-02,7.179626392251028943e-02,3.176609173063686398e-01,1.443828853236432952e-01,7.765283860329530441e-02,4.309708020366675996e-01,9.222775356209449438e-01,3.565507276546555498e-02,1.236562688451493131e+01,1.851379286103897043e-02,2.450908994581818545e-02,2.137027702308171018e-02,1.761506349512610009e-02,1.416827197387421355e-01,1.630169553474809241e-01,1.522208913782183426e-01,1.382010336469506051e-01
1.337500000000000133e+00,2.587224543630356130e-02,5.706775948136109944e-02,7.719498282910322584e-02,7.187269590989539547e-02,3.181768752843859294e-01,1.451081987308438515e-01,7.759566054907095223e-02,4.316424741412761001e-01,9.223672295880825933e-01,3.610026045121293714e-02,1.237330621273699194e+01,1.850158300948902268e-02,2.450272215022200953e-02,2.136863005331278084e-02,1.759857864684101145e-02,1.416291053986941939e-01,1.629878516479692230e-01,1.522076244464627137e-01,1.381296350355015745e-01
1.340000000000000080e+00,2.586174568921430911e-02,5.701477949698841030e-02,7.716731833671854057e-02,7.194687398028554171e-02,3.186947569615165565e-01,1.458347562824376664e-01,7.753841199016299479e-02,4.323134486613330330e-01,9.224580377201713199e-01,3.654640449871125740e-02,1.238100455945767209e+01,1.848935896631869261e-02,2.449631220386480970e-02,2.136698645914196157e-02,1.758208205788826944e-02,1.415753413546777251e-01,1.629585097981633979e-01,1.521942790486533748e-01,1.380580839248802261e-01
1.342500000000000027e+00,2.585139989431213189e-02,5.696150357175500806e-02,7.713951774687474727e-02,7.201877842521291206e-02,3.192145819854413924e-01,1.465625599802795886e-01,7.748109432295072208e-02,4.329837063271395614e-01,9.225499624063846493e-01,3.699350351401949066e-02,1.238872197979649137e+01,1.847712068509387365e-02,2.448986006910463739e-02,2.136534624317298556e-02,1.756557382733743566e-02,1.415214273081263074e-01,1.629289295083509170e-01,1.521808550475542421e-01,1.379863805818877798e-01
1.344999999999999973e+00,2.584121094276470298e-02,5.690793441918176598e-02,7.711158180978883170e-02,7.208838976268398813e-02,3.197363699626056266e-01,1.472916117149692949e-01,7.742370894670709547e-02,4.336532277693937454e-01,9.226430060323416171e-01,3.744155604713295116e-02,1.239645852910035728e+01,1.846486811874414533e-02,2.448336570848423654e-02,2.136370940793502760e-02,1.754905405496966914e-02,1.414673629589268122e-01,1.628991104905531118e-01,1.521673523065339151e-01,1.379145252778166963e-01
1.347499999999999920e+00,2.583118174865203093e-02,5.685407473467671974e-02,7.708351127677993964e-02,7.215568873885545853e-02,3.202601404548931496e-01,1.480219132648971925e-01,7.736625726362127142e-02,4.343219935303023194e-01,9.227371709799671029e-01,3.789056059400482818e-02,1.240421426294257223e+01,1.845260121956831742e-02,2.447682908473899563e-02,2.136207595588257915e-02,1.753252284127710184e-02,1.414131480054494627e-01,1.628690524585673371e-01,1.521537706895790543e-01,1.378425182884665534e-01
1.350000000000000089e+00,2.582131524861079608e-02,5.679992719339449492e-02,7.705530690018461137e-02,7.222065632967883397e-02,3.207859129762746786e-01,1.487534662953184372e-01,7.730874067882284595e-02,4.349899840748499558e-01,9.228324596273613789e-01,3.834051559861208214e-02,1.241198923712190982e+01,1.844031993924014415e-02,2.447025016080495857e-02,2.136044588939534430e-02,1.751598028746169031e-02,1.413587821445776715e-01,1.628387551280081613e-01,1.521401100613069823e-01,1.377703598941572294e-01
1.352500000000000036e+00,2.581161440147071093e-02,5.674549444809746240e-02,7.702696943327247414e-02,7.228327374251339310e-02,3.213137069894361209e-01,1.494862723574498509e-01,7.725116060040933263e-02,4.356571798022253472e-01,9.229288743486719904e-01,3.879141945506350830e-02,1.241978350766175332e+01,1.842802422881417712e-02,2.446362889982687042e-02,2.135881921077811135e-02,1.749942649543354684e-02,1.413042650717382942e-01,1.628082182163488323e-01,1.521263702869781465e-01,1.376980503797394784e-01
1.354999999999999982e+00,2.580208218788394153e-02,5.669077912702019661e-02,7.699849963016178189e-02,7.234352241770986014e-02,3.218435419023830679e-01,1.502203328875995059e-01,7.719351843947500069e-02,4.363235610573871770e-01,9.230264175139704097e-01,3.924327050975018327e-02,1.242759713080923767e+01,1.841571403873179177e-02,2.445696526516626113e-02,2.135719592226064875e-02,1.748286156780874331e-02,1.412495964809321880e-01,1.627774414429620509e-01,1.521125512325081086e-01,1.376255900346033956e-01
1.357499999999999929e+00,2.579272160994654575e-02,5.663578383174214942e-02,7.696989824573483019e-02,7.240138403016278812e-02,3.223754370650260825e-01,1.509556492063223732e-01,7.713581561014280774e-02,4.369891081427625390e-01,9.231250914891381276e-01,3.969606706353588643e-02,1.243543016303448034e+01,1.840338931882735951e-02,2.445025922040959185e-02,2.135557602599758020e-02,1.746628560790659118e-02,1.411947760647645489e-01,1.627464245291602440e-01,1.520986527644788144e-01,1.375529791526836354e-01
1.360000000000000098e+00,2.578353569081299687e-02,5.658051113507137769e-02,7.694116603555353762e-02,7.245684049083400691e-02,3.229094117657442808e-01,1.516922225176113026e-01,7.707805352959799794e-02,4.376538013300665386e-01,9.232248986357536324e-01,4.014980737398671229e-02,1.244328266102985303e+01,1.839105001833458292e-02,2.444351072937641506e-02,2.135395952406826323e-02,1.744969871974639056e-02,1.411398035144758034e-01,1.627151671982358105e-01,1.520846747501495566e-01,1.374802180324627698e-01
1.362500000000000044e+00,2.577452747430315771e-02,5.652496357894180173e-02,7.691230375577513823e-02,7.250987394824644217e-02,3.234454852279316506e-01,1.524300539081193950e-01,7.702023361812439239e-02,4.383176208722316392e-01,9.233258413109872720e-01,4.060448965763895079e-02,1.245115468170930662e+01,1.837869608589298709e-02,2.443671975612759020e-02,2.135234641847666773e-02,1.743310100804364507e-02,1.410846785199724729e-01,1.626836691755007280e-01,1.520706170574674942e-01,1.374073069769715938e-01
1.364999999999999991e+00,2.576570002450169136e-02,5.646914367232949705e-02,7.688331216306727722e-02,7.256046678994927668e-02,3.239836766065254392e-01,1.531691443464207047e-01,7.696235729914224777e-02,4.389805470154380940e-01,9.234279218675025547e-01,4.106011209230312625e-02,1.245904628220773347e+01,1.836632746955457404e-02,2.442988626497351323e-02,2.135073671115125110e-02,1.741649257820575628e-02,1.410294007698580654e-01,1.626519301883257718e-01,1.520564795550775616e-01,1.373342462937870434e-01
1.367499999999999938e+00,2.575705642535070297e-02,5.641305388918917141e-02,7.685419201452331484e-02,7.260860164395352423e-02,3.245240049845163899e-01,1.539094946823059140e-01,7.690442599924889044e-02,4.396425600112341403e-01,9.235311426533605594e-01,4.151667281940361193e-02,1.246695751988041856e+01,1.835394411679061935e-02,2.442301022048239470e-02,2.134913040394483333e-02,1.739987353632716643e-02,1.409739699514645506e-01,1.626199499661792613e-01,1.520422621123319051e-01,1.372610362950272833e-01
1.370000000000000107e+00,2.574859978023475923e-02,5.635669666641671821e-02,7.682494406757772731e-02,7.265426138013975077e-02,3.250664893694446556e-01,1.546511056461204459e-01,7.684644114826100214e-02,4.403036401287332424e-01,9.236355060119340044e-01,4.197416994635213422e-02,1.247488845230251542e+01,1.834154597449864574e-02,2.441609158748856215e-02,2.134752749863446514e-02,1.738324398918399127e-02,1.409183857508834736e-01,1.625877282406653912e-01,1.520279645992987094e-01,1.371876772973444347e-01
1.372500000000000053e+00,2.574033321155885096e-02,5.630007440183996958e-02,7.679556907992053649e-02,7.269742911163643018e-02,3.256111486898810026e-01,1.553939778481431000e-01,7.678840417925882067e-02,4.409637676668811124e-01,9.237410142818234249e-01,4.243260154895353575e-02,1.248283913726859495e+01,1.832913298900953544e-02,2.440913033110077984e-02,2.134592799692129617e-02,1.736660404422811152e-02,1.408626478529974857e-01,1.625552647455621447e-01,1.520135868867707463e-01,1.371141696219144723e-01
1.375000000000000000e+00,2.573225986031927107e-02,5.624318945224196509e-02,7.676606780941269692e-02,7.273808819617007260e-02,3.261580017918943031e-01,1.561381117780078209e-01,7.673031652863326890e-02,4.416229229667792966e-01,9.238476697967819007e-01,4.289196567384290920e-02,1.249080963279225465e+01,1.831670510609482647e-02,2.440212641671059626e-02,2.134433190043043965e-02,1.734995380958073014e-02,1.408067559415120407e-01,1.625225592168586530e-01,1.519991288462732015e-01,1.370405135944244568e-01
1.377499999999999947e+00,2.572438288566732123e-02,5.618604413142064269e-02,7.673644101399959561e-02,7.277622223738718088e-02,3.267070674355067594e-01,1.568835078041735664e-01,7.667217963613351395e-02,4.422810864240553919e-01,9.239554748856455557e-01,4.335226034095204795e-02,1.249879999710578815e+01,1.830426227097413025e-02,2.439507981000071241e-02,2.134273921071084060e-02,1.733329339402540220e-02,1.407507096989870921e-01,1.624896113927919161e-01,1.519845903500708917e-01,1.369667095450572414e-01
1.380000000000000115e+00,2.571670546446622879e-02,5.612864070828853247e-02,7.670668945162611996e-02,7.281181508614688325e-02,3.272583642911396362e-01,1.576301661734392512e-01,7.661399494491812068e-02,4.429382385012703982e-01,9.240644318722696093e-01,4.381348354600438089e-02,1.250681028865989930e+01,1.829180442832273323e-02,2.438799047695336050e-02,2.134114992923513004e-02,1.731662290700055132e-02,1.406945088068689287e-01,1.624564210138833564e-01,1.519699712711751749e-01,1.368927578084734586e-01
1.382500000000000062e+00,2.570923079084094440e-02,5.607098140501614453e-02,7.667681388014954691e-02,7.284485084178521364e-02,3.278119109360475014e-01,1.583780870105111482e-01,7.655576390160678812e-02,4.435943597403508298e-01,9.241745430754699786e-01,4.427563326303616403e-02,1.251484056612349782e+01,1.827933152227935454e-02,2.438085838385870355e-02,2.133956405739948978e-02,1.729994245859144478e-02,1.406381529455223434e-01,1.624229878229744573e-01,1.519552714833502516e-01,1.368186587237909535e-01
1.385000000000000009e+00,2.570196207572098684e-02,5.601306839522376263e-02,7.664681505725329247e-02,7.287531385335041523e-02,3.283677258507460284e-01,1.591272703176213610e-01,7.649748795633462550e-02,4.442494307750356475e-01,9.242858108089745395e-01,4.473870744694298518e-02,1.252289088838355724e+01,1.826684349645404243e-02,2.437368349732324177e-02,2.133798159652349966e-02,1.728325215952165872e-02,1.405816417942625518e-01,1.623893115652620400e-01,1.519404908611187155e-01,1.367444126345611910e-01
1.387499999999999956e+00,2.569490254637690416e-02,5.595490380222428034e-02,7.661669374035975921e-02,7.290318872080932266e-02,3.289258274154316930e-01,1.598777159742005016e-01,7.643916856280820460e-02,4.449034323433308513e-01,9.243982373813766085e-01,4.520270403604990245e-02,1.253096131454502427e+01,1.825434029393623730e-02,2.436646578427821216e-02,2.133640254784999538e-02,1.726655212114401594e-02,1.405249750313875556e-01,1.623553919883329588e-01,1.519256292797667440e-01,1.366700198887435824e-01
1.390000000000000124e+00,2.568805544594938289e-02,5.589648969732244344e-02,7.658645068654226784e-02,7.292846029622351844e-02,3.294862339063962531e-01,1.606294237366072131e-01,7.638080717836305544e-02,4.455563452999543594e-01,9.245118250960970840e-01,4.566762095470346117e-02,1.253905190393079039e+01,1.824182185730299430e-02,2.435920521198800537e-02,2.133482691254491581e-02,1.724984245543102757e-02,1.404681523342105054e-01,1.623212288421982119e-01,1.519106866153487612e-01,1.365954808386767305e-01
1.392500000000000071e+00,2.568142403297246634e-02,5.583782809817266352e-02,7.655608665243729405e-02,7.295111368489698433e-02,3.300489634924392846e-01,1.613823932379156445e-01,7.632240526402331304e-02,4.462081506287690624e-01,9.246265762513526942e-01,4.613345611588420131e-02,1.254716271608173983e+01,1.822928812862735157e-02,2.435190174805858254e-02,2.133325469169714342e-02,1.723312327496480736e-02,1.404111733790921468e-01,1.622868218793264150e-01,1.518956627446913510e-01,1.365207958410473710e-01
1.395000000000000018e+00,2.567501158088932034e-02,5.577892096720216131e-02,7.652560239415515109e-02,7.297113424649250002e-02,3.306140342312738345e-01,1.621366239877643500e-01,7.626396428456284904e-02,4.468588294551881224e-01,9.247424931401326820e-01,4.660020742383801096e-02,1.255529381075688100e+01,1.821673904948685821e-02,2.434455536044586796e-02,2.133168588631835158e-02,1.721639469292648994e-02,1.403540378414732670e-01,1.622521708546765251e-01,1.518805575453966994e-01,1.364459652568561776e-01
1.397499999999999964e+00,2.566882137756250348e-02,5.571977021009932168e-02,7.649499866719058905e-02,7.298850759611828776e-02,3.311814640659365150e-01,1.628921153722669990e-01,7.620548570856824910e-02,4.475083630585469652e-01,9.248595780501766006e-01,4.706787277672492414e-02,1.256344524793349748e+01,1.820417456097225481e-02,2.433716601746414854e-02,2.133012049734284502e-02,1.719965682308515278e-02,1.402967453959076960e-01,1.622172755257303423e-01,1.518653708958455917e-01,1.363709894513817356e-01
1.400000000000000133e+00,2.566285672477694804e-02,5.566037767437584383e-02,7.646427622633261700e-02,7.300321960538333488e-02,3.317512708211931560e-01,1.636488666539885894e-01,7.614697100850334466e-02,4.481567328844284770e-01,9.249778332639664313e-01,4.753645006928345490e-02,1.257161708780739318e+01,1.819159460369629625e-02,2.432973368779445256e-02,2.132855852562738630e-02,1.718290977978624220e-02,1.402392957160946141e-01,1.621821356525238178e-01,1.518501026751995775e-01,1.362958687941412117e-01
1.402500000000000080e+00,2.565712093773719893e-02,5.560074514800283224e-02,7.643343582557292348e-02,7.301525640342092227e-02,3.323234721999507313e-01,1.644068769719891077e-01,7.608842166077543767e-02,4.488039205569343548e-01,9.250972610587183675e-01,4.800593719550903804e-02,1.257980939079322447e+01,1.817899911780274450e-02,2.432225834049290755e-02,2.132699997195103975e-02,1.716615367793950311e-02,1.401816884749118863e-01,1.621467509976781407e-01,1.518347527634027749e-01,1.362206036588488323e-01
1.405000000000000027e+00,2.565161734455821338e-02,5.554087435812687934e-02,7.640247821801421368e-02,7.302460437788074743e-02,3.328980857796697279e-01,1.651661453419343839e-01,7.602983914580313529e-02,4.494499078908926193e-01,9.252178637063857014e-01,4.847633205134495998e-02,1.258802221752486439e+01,1.816638804297549675e-02,2.431473994499908434e-02,2.132544483701498753e-02,1.714938863300644739e-02,1.401239233444486199e-01,1.621111213264298245e-01,1.518193210411830085e-01,1.361451944233717237e-01
1.407499999999999973e+00,2.564634928575016543e-02,5.548076696986921352e-02,7.637140415577726993e-02,7.303125017588794898e-02,3.334751290087843434e-01,1.659266706562810001e-01,7.597122494808604409e-02,4.500946769039916306e-01,9.253396434736670395e-01,4.894763253738422526e-02,1.259625562885585381e+01,1.815376131844786620e-02,2.430717847114429939e-02,2.132389312144236659e-02,1.713261476098733652e-02,1.400659999960384983e-01,1.620752464066604059e-01,1.518038073900522811e-01,1.360696414696832002e-01
1.409999999999999920e+00,2.564132011369704700e-02,5.542042458521215936e-02,7.634021438990681863e-02,7.303518070496912984e-02,3.340546192031285111e-01,1.666884516845309749e-01,7.591258055627571333e-02,4.507382098288328920e-01,9.254626026220211799e-01,4.941983656158058236e-02,1.260450968585992371e+01,1.814111888301201889e-02,2.429957388915990335e-02,2.132234482577807441e-02,1.711583217840768889e-02,1.400079181002926720e-01,1.620391260089249774e-01,1.517882116923068847e-01,1.359939451838134972e-01
1.412500000000000089e+00,2.563653319212963466e-02,5.535984874197652506e-02,7.630890967027673111e-02,7.303638313394422710e-02,3.346365735423716958e-01,1.674514870735654415e-01,7.585390746324852107e-02,4.513804891248925366e-01,9.255867434076883171e-01,4.989294204196730032e-02,1.261278444983157598e+01,1.812846067502854597e-02,2.429192616968551405e-02,2.132079995048859547e-02,1.709904100230435348e-02,1.399496773271331762e-01,1.620027599064805535e-01,1.517725338310267347e-01,1.359181059557981741e-01
1.415000000000000036e+00,2.563199189559231539e-02,5.529904091289358087e-02,7.627749074549372565e-02,7.303484489378420097e-02,3.352210090664635711e-01,1.682157753480519324e-01,7.579520716617975384e-02,4.520214974903835059e-01,9.257120680817202407e-01,5.036694690938222502e-02,1.262107998228674788e+01,1.811578663243618853e-02,2.428423528377721824e-02,2.131925849596181394e-02,1.708224135021110465e-02,1.398912773458259595e-01,1.619661478753131323e-01,1.517567736900740927e-01,1.358421241796238799e-01
1.417499999999999982e+00,2.562769960890440638e-02,5.523800250477601398e-02,7.624595836280032013e-02,7.303055367843289125e-02,3.358079426720932958e-01,1.689813149109333223e-01,7.573648116661983731e-02,4.526612178740096470e-01,9.258385788900131974e-01,5.084184911019673514e-02,1.262939634496352781e+01,1.810309669276170472e-02,2.427650120291572483e-02,2.131772046250681590e-02,1.706543334014381380e-02,1.398327178250145797e-01,1.619292896941644244e-01,1.517409311540919570e-01,1.357660002531718701e-01
1.419999999999999929e+00,2.562365972661597574e-02,5.517673485779029524e-02,7.621431326797606376e-02,7.302349744559327727e-02,3.363973911091611702e-01,1.697481040439971778e-01,7.567773097057173270e-02,4.532996334866053467e-01,9.259662780733528553e-01,5.131764660904809816e-02,1.263773359982296540e+01,1.809039079312987561e-02,2.426872389901446256e-02,2.131618585035370550e-02,1.704861709058517333e-02,1.397739984327532881e-01,1.618921851445574989e-01,1.517250061085016477e-01,1.356897345781589159e-01
1.422500000000000098e+00,2.561987565245790049e-02,5.511523924483582165e-02,7.618255620523795013e-02,7.301366441747736413e-02,3.369893709772671664e-01,1.705161409085272362e-01,7.561895808857038714e-02,4.539367278126505978e-01,9.260951678674611554e-01,5.179433739157318639e-02,1.264609180904993657e+01,1.807766887027367070e-02,2.426090334442762911e-02,2.131465465965338979e-02,1.703179272046900783e-02,1.397151188365407248e-01,1.618548340108219019e-01,1.517089984394997537e-01,1.356133275600760468e-01
1.425000000000000044e+00,2.561635079878670992e-02,5.505351687103247210e-02,7.615068791713885954e-02,7.300104308151722510e-02,3.375838987222160581e-01,1.712854235460418428e-01,7.556016403576322482e-02,4.545724846216535053e-01,9.262252505030545979e-01,5.227191946714147136e-02,1.265447103505406368e+01,1.806493086054452094e-02,2.425303951195816390e-02,2.131312689047738448e-02,1.701496034916416197e-02,1.396560787033533368e-01,1.618172360801175269e-01,1.516929080340546354e-01,1.355367796081247134e-01
1.427499999999999991e+00,2.561308858602425950e-02,5.499156887332163485e-02,7.611870914446523806e-02,7.298562219103948978e-02,3.381809906325453641e-01,1.720559498791158770e-01,7.550135033199302514e-02,4.552068879793976230e-01,9.263565282059038619e-01,5.275039087158674145e-02,1.266287134047076179e+01,1.805217669992276175e-02,2.424513237486566886e-02,2.131160254281760577e-02,1.699812009645797553e-02,1.395968776996791838e-01,1.617793911424582898e-01,1.516767347799025389e-01,1.354600911351511172e-01
1.429999999999999938e+00,2.561009244209219021e-02,5.492939632018284390e-02,7.608662062613275046e-02,7.296739076589917050e-02,3.387806628360697792e-01,1.728277177122944375e-01,7.544251850188223030e-02,4.558399222590398536e-01,9.264890031969066353e-01,5.322974966993534313e-02,1.267129278816227611e+01,1.803940632402819058e-02,2.423718190687424584e-02,2.131008161658615174e-02,1.698127208253938022e-02,1.395375154915513560e-01,1.617412989907343057e-01,1.516604785655424892e-01,1.353832625575776549e-01
1.432500000000000107e+00,2.560736580184129474e-02,5.486700021147039585e-02,7.605442309908057308e-02,7.294633809307476957e-02,3.393829312964543599e-01,1.736007247330938197e-01,7.538367007491857119e-02,4.564715721520575253e-01,9.266226776921620001e-01,5.370999395912943314e-02,1.267973544121886675e+01,1.802661966813076666e-02,2.422918808218025438e-02,2.130856411161508382e-02,1.696441642798159066e-02,1.394779917445818918e-01,1.617029594207336496e-01,1.516441392802313215e-01,1.353062942953325853e-01
1.435000000000000053e+00,2.560491210647598478e-02,5.480438147837204954e-02,7.602211729816420183e-02,7.292245372722182262e-02,3.399878118098100810e-01,1.743749685130958349e-01,7.532480658554351061e-02,4.571018226790357630e-01,9.267575539030538101e-01,5.419112187074413139e-02,1.268819936296001138e+01,1.801381666716144608e-02,2.422115087545998954e-02,2.130705002765621858e-02,1.694755325372442056e-02,1.394183061239955002e-01,1.616643722311630615e-01,1.516277168139777420e-01,1.352291867717774765e-01
1.437500000000000000e+00,2.560273480297440424e-02,5.474154098349386099e-02,7.598970395604630335e-02,7.289572749118591877e-02,3.405953200013175919e-01,1.751504465091344442e-01,7.526592957324168554e-02,4.577306592002879926e-01,9.268936340363410631e-01,5.467313157369688842e-02,1.269668461693570727e+01,1.800099725572313833e-02,2.421307026187726960e-02,2.130553936438087798e-02,1.693068268105625204e-02,1.393584582946632566e-01,1.616255372236677368e-01,1.516112110575358607e-01,1.351519404136322378e-01
1.439999999999999947e+00,2.560083734350323062e-02,5.467847952107322829e-02,7.595718380308583151e-02,7.286614947647231111e-02,3.412054713218805602e-01,1.759271560645778443e-01,7.520704058263234792e-02,4.583580674263063037e-01,9.270309202942550453e-01,5.515602127694742979e-02,1.270519126692783196e+01,1.798816136810180502e-02,2.420494621709091965e-02,2.130403212137967767e-02,1.691380483159561979e-02,1.392984479211366866e-01,1.615864542028503104e-01,1.515946219023981689e-01,1.350745556508983203e-01
1.442500000000000115e+00,2.559922318482859768e-02,5.461519781732349782e-02,7.592455756722581162e-02,7.283371004367347745e-02,3.418182810448103237e-01,1.767050944107050325e-01,7.514814116356351159e-02,4.589840334280322898e-01,9.271694148746014719e-01,5.563978923218730610e-02,1.271371937695158216e+01,1.797530893827765930e-02,2.419677871726216498e-02,2.130252829816228072e-02,1.689691982727247258e-02,1.392382746676814331e-01,1.615471229762887873e-01,1.515779492407880735e-01,1.349970329167798078e-01
1.445000000000000062e+00,2.559789578772215732e-02,5.455169653091302556e-02,7.589182597387862661e-02,7.279839982285180033e-02,3.424337642625440159e-01,1.774842586681825429e-01,7.508923287120732037e-02,4.596085436469441454e-01,9.273091199708725085e-01,5.612443373651724438e-02,1.272226901125697651e+01,1.796243989993652132e-02,2.418856773906190999e-02,2.130102789415715125e-02,1.688002779030909478e-02,1.391779381983112851e-01,1.615075433545536121e-01,1.515611929656515144e-01,1.349193726476022870e-01
1.447500000000000009e+00,2.559685861636337018e-02,5.448797625358019203e-02,7.585898974580987386e-02,7.276020971387912872e-02,3.430519358833986621e-01,1.782646458486365493e-01,7.503031726615821961e-02,4.602315849049568031e-01,9.274500377723615685e-01,5.660995313511105881e-02,1.273084023433043122e+01,1.794955418648126744e-02,2.418031325967789913e-02,2.129953090871131854e-02,1.686312884320069830e-02,1.391174381768222057e-01,1.614677151512237951e-01,1.515443529706485271e-01,1.348415752827301917e-01
1.449999999999999956e+00,2.559611513773718885e-02,5.442403751088838171e-02,7.582604960301994601e-02,7.271913088672866954e-02,3.436728106283610251e-01,1.790462528563281641e-01,7.497139591453302887e-02,4.608531444141236721e-01,9.275921704642886567e-01,5.709634582386483720e-02,1.273943311089641028e+01,1.793665173104341121e-02,2.417201525682177027e-02,2.129803734109011332e-02,1.684622310869571607e-02,1.390567742668261941e-01,1.614276381829019835e-01,1.515274291501437498e-01,1.347636412644815651e-01
1.452500000000000124e+00,2.559566882102818491e-02,5.435988076312148892e-02,7.579300626262393259e-02,7.267515478172352494e-02,3.442964030279199728e-01,1.798290764899259653e-01,7.491247038807367919e-02,4.614732097861445892e-01,9.277355202279291557e-01,5.758361025203018180e-02,1.274804770591915037e+01,1.792373246649479543e-02,2.416367370873596584e-02,2.129654719047691797e-02,1.682931070977578339e-02,1.389959461317853973e-01,1.613873122692286999e-01,1.515104213991967097e-01,1.346855710380417681e-01
1.455000000000000071e+00,2.559552313701064091e-02,5.429550640632373887e-02,7.575986043872912079e-02,7.262827310973551942e-02,3.449227274189377024e-01,1.806131134443846598e-01,7.485354226425214308e-02,4.620917690416643242e-01,9.278800892407513823e-01,5.807174492483000577e-02,1.275668408460443182e+01,1.791079632545940215e-02,2.415528859420052257e-02,2.129506045597289593e-02,1.681239176963543469e-02,1.389349534350460269e-01,1.613467372328952765e-01,1.514933296135513585e-01,1.346073650513744391e-01
1.457500000000000018e+00,2.559568155743495096e-02,5.423091477348382372e-02,7.572661284231077539e-02,7.257847785233917381e-02,3.455517979415660412e-01,1.813983603129223632e-01,7.479461312637851467e-02,4.627088106193678607e-01,9.280258796765590290e-01,5.856074840605553916e-02,1.276534231240146511e+01,1.789784324032526672e-02,2.414685989253972584e-02,2.129357713659672802e-02,1.679546641166153320e-02,1.388737958398724992e-01,1.613059128996562064e-01,1.514761536896252481e-01,1.345290237551315937e-01
1.459999999999999964e+00,2.559614755441053796e-02,5.416610613586743395e-02,7.569326418108539289e-02,7.252576126191517814e-02,3.461836285362085985e-01,1.821848135891044607e-01,7.473568456371125490e-02,4.633243233848578502e-01,9.281728937056412665e-01,5.905061932064387120e-02,1.277402245500478983e+01,1.788487314325650640e-02,2.413838758362860104e-02,2.129209723128433485e-02,1.677853475941241956e-02,1.388124730094815185e-01,1.612648390983400515e-01,1.514588935244979007e-01,1.344505476025613100e-01
1.462500000000000133e+00,2.559692459978532217e-02,5.410108070449762274e-02,7.565981515938205448e-02,7.247011586170673536e-02,3.468182329405302133e-01,1.829724696690303021e-01,7.467675817157080898e-02,4.639382966393198471e-01,9.283211334949289517e-01,5.954135635723428743e-02,1.278272457835629972e+01,1.787188596620544606e-02,2.412987164789928349e-02,2.129062073888859583e-02,1.676159693659682454e-02,1.387509846070759667e-01,1.612235156608595177e-01,1.514415490158989297e-01,1.343719370494139975e-01
1.465000000000000080e+00,2.559801616452183487e-02,5.403583863178574448e-02,7.562626647801160007e-02,7.241153444582558441e-02,3.474556246865171394e-01,1.837613248536253963e-01,7.461783555145622138e-02,4.645507201279640008e-01,9.284706012081563875e-01,6.003295827070261742e-02,1.279144874864729609e+01,1.785888164092485492e-02,2.412131206634720443e-02,2.128914765817906118e-02,1.674465306705252149e-02,1.386893302958791818e-01,1.611819424222205310e-01,1.514241200621954109e-01,1.342931925538471405e-01
1.467500000000000027e+00,2.559942571807038297e-02,5.397038001331388307e-02,7.559261883413348482e-02,7.235001007920796590e-02,3.480958170975883004e-01,1.845513753510382438e-01,7.455891831116515100e-02,4.651615840482447028e-01,9.286212990060309647e-01,6.052542388467205964e-02,1.280019503232063549e+01,1.784586009898027001e-02,2.411270882053711748e-02,2.128767798784165707e-02,1.672770327472477767e-02,1.386275097391688194e-01,1.611401192205299537e-01,1.514066065623787816e-01,1.342143145763282364e-01
1.469999999999999973e+00,2.560115672773901480e-02,5.390470488976976948e-02,7.555887292112016540e-02,7.228553609752115527e-02,3.487388232857608350e-01,1.853426172791439175e-01,7.450000806491675898e-02,4.657708790578519165e-01,9.287732290464078000e-01,6.101875209400000472e-02,1.280896349607292706e+01,1.783282127176242376e-02,2.410406189260897933e-02,2.128621172647839066e-02,1.671074768364455565e-02,1.385655226003109919e-01,1.610980458970025508e-01,1.513890084160513239e-01,1.341353035795363469e-01
1.472499999999999920e+00,2.560321265806079702e-02,5.383881324903461857e-02,7.552502942841973765e-02,7.221810610701703825e-02,3.493846561488734292e-01,1.861350466681528926e-01,7.444110643347925937e-02,4.663785962824713027e-01,9.289263934844690374e-01,6.151294186723945540e-02,1.281775420685682931e+01,1.781976509049975829e-02,2.409537126528362230e-02,2.128474887260703788e-02,1.669378641790654136e-02,1.385033685427944916e-01,1.610557222959667356e-01,1.513713255234121202e-01,1.340561600282624000e-01
1.475000000000000089e+00,2.560559697015831263e-02,5.377270502842551592e-02,7.549108904141575704e-02,7.214771398433680871e-02,3.500333283678658258e-01,1.869286594633254028e-01,7.438221504430059250e-02,4.669847273233130314e-01,9.290807944729154721e-01,6.200799224907380808e-02,1.282656723188337544e+01,1.780669148627103682e-02,2.408663692186827077e-02,2.128328942466083118e-02,1.667681960164696386e-02,1.384410472302643469e-01,1.610131482648688994e-01,1.513535577852420932e-01,1.339768843893073824e-01
1.477500000000000036e+00,2.560831312110550817e-02,5.370638011709196608e-02,7.545705244128510236e-02,7.207435387626132117e-02,3.506848524041197845e-01,1.877234515277940996e-01,7.432333553164327533e-02,4.675892642644018382e-01,9.292364341621555113e-01,6.250390236272480859e-02,1.283540263862439623e+01,1.779360039001802452e-02,2.407785884626184245e-02,2.128183338098813687e-02,1.665984735902124175e-02,1.383785583265562946e-01,1.609703236542772420e-01,1.513357051028892397e-01,1.338974771313801160e-01
1.479999999999999982e+00,2.561136456328749061e-02,5.363983835856703242e-02,7.542292030485338306e-02,7.199802019941120568e-02,3.513392404968621041e-01,1.885194186454904053e-01,7.426446953672422024e-02,4.681921996796303831e-01,9.293933147005069006e-01,6.300067141233177404e-02,1.284426049481501053e+01,1.778049173255826995e-02,2.406903702296009362e-02,2.128038073985213247e-02,1.664286981418144906e-02,1.383159014957304200e-01,1.609272483178838253e-01,1.513177673782528099e-01,1.338179387249929519e-01
1.482499999999999929e+00,2.561475474375747921e-02,5.357307955347329065e-02,7.538869330444798733e-02,7.191870763989308135e-02,3.519965046606324255e-01,1.893165565241782533e-01,7.420561870785810643e-02,4.687935266395703571e-01,9.295514382344011173e-01,6.349829868530218469e-02,1.285314086845615833e+01,1.776736544459795245e-02,2.406017143706052144e-02,2.127893149943046666e-02,1.662588709125365286e-02,1.382530764021053515e-01,1.608839221125059060e-01,1.512997445137672925e-01,1.337382696423566608e-01
1.485000000000000098e+00,2.561848710359210246e-02,5.350610346238316578e-02,7.535437210774913186e-02,7.183641115289499113e-02,3.526566566828179261e-01,1.901148607985924111e-01,7.414678470060681592e-02,4.693932387180411170e-01,9.297108069085947557e-01,6.399678355463198076e-02,1.286204382781723687e+01,1.775422145674480229e-02,2.405126207426708934e-02,2.127748565781491935e-02,1.660889931431508426e-02,1.381900827102919282e-01,1.608403448980859074e-01,1.512816364123856783e-01,1.336584703572739063e-01
1.487500000000000044e+00,2.562256507724457524e-02,5.343890980883373582e-02,7.531995737763816368e-02,7.175112596222613104e-02,3.533197081212545165e-01,1.909143270336827458e-01,7.408796917793314396e-02,4.699913299984316284e-01,9.298714228663861325e-01,6.449612548119521005e-02,1.287096944143878652e+01,1.774105969952109729e-02,2.404230892089473035e-02,2.127604321301104079e-02,1.659190660737118461e-02,1.381269200852271728e-01,1.607965165376902539e-01,1.512634429775625289e-01,1.335785413450317205e-01
1.489999999999999991e+00,2.562699209189595387e-02,5.337149828249448946e-02,7.528544977204387756e-02,7.166284755980679988e-02,3.539856703019025330e-01,1.917149507279623244e-01,7.402917381036025479e-02,4.705877950797783260e-01,9.300332882498384413e-01,6.499632401600251297e-02,1.287991777813523164e+01,1.772788010337672526e-02,2.403331196387362839e-02,2.127460416293780118e-02,1.657490909433254403e-02,1.380635881922080144e-01,1.607524368975069562e-01,1.512451641132362690e-01,1.334984830822928126e-01
1.492499999999999938e+00,2.563177156680476049e-02,5.330386854248811423e-02,7.525084994378662684e-02,7.157157170510247690e-02,3.546545543165901537e-01,1.925167273169598181e-01,7.397040027613703550e-02,4.711826290825903429e-01,9.301964052000067928e-01,6.549737880242675891e-02,1.288888890699769973e+01,1.771468259870231238e-02,2.402427119075328452e-02,2.127316850542722293e-02,1.655790689899172205e-02,1.380000866969251228e-01,1.607081058468422530e-01,1.512267997238112838e-01,1.334182960469858514e-01
1.495000000000000107e+00,2.563690691265496993e-02,5.323602022086250385e-02,7.521615854042001947e-02,7.147729442450685700e-02,3.553263710208349191e-01,1.933196521767740206e-01,7.391165026140944505e-02,4.717758276544282703e-01,9.303607758571725839e-01,6.599928957839615307e-02,1.289788289739693816e+01,1.770146711584239668e-02,2.401518658970633671e-02,2.127173623822399204e-02,1.654090014499998845e-02,1.379364152654965203e-01,1.606635232581156980e-01,1.512083497141394617e-01,1.333379807181949428e-01
1.497500000000000053e+00,2.564240153090288285e-02,5.316795292621355473e-02,7.518137620407043531e-02,7.138001201067052659e-02,3.560011310317409694e-01,1.941237206277311722e-01,7.385292546039802508e-02,4.723673869752279542e-01,9.305264023610828605e-01,6.650205617855393936e-02,1.290689981898622740e+01,1.768823358510867444e-02,2.400605814953216122e-02,2.127030735898508690e-02,1.652388895584396347e-02,1.378725735645011941e-01,1.606186890068542761e-01,1.511898139895011539e-01,1.332575375760478575e-01
1.500000000000000000e+00,2.564825881312228148e-02,5.309966624745608710e-02,7.514650357127465596e-02,7.127972102177772273e-02,3.566788447259737205e-01,1.949289279381427042e-01,7.379422757558291857e-02,4.729573037623753806e-01,9.306932868511939017e-01,6.700567853638374205e-02,1.291593974170443282e+01,1.767498193679328464e-02,2.399688585966022400e-02,2.126888186527936889e-02,1.650687345482221291e-02,1.378085612610125688e-01,1.605736029716851310e-01,1.511711924555859399e-01,1.331769671016037881e-01
1.502499999999999947e+00,2.565448214034878049e-02,5.303115975774210650e-02,7.511154127281489956e-02,7.117641828076934352e-02,3.573595222378150860e-01,1.957352693281629585e-01,7.373555831789503634e-02,4.735455752755237113e-01,9.308614314669221290e-01,6.751015668630012956e-02,1.292500273577906711e+01,1.766171210118213861e-02,2.398766971015318245e-02,2.126745975458717991e-02,1.648985376502177039e-02,1.377443780226320358e-01,1.605282650343271833e-01,1.511524850184726709e-01,1.330962697767399949e-01
1.505000000000000115e+00,2.566107488242320295e-02,5.296243301852403967e-02,7.507648993355231504e-02,7.107010087451406943e-02,3.580431734573021330e-01,1.965427399737446623e-01,7.367691940691584174e-02,4.741321993211596308e-01,9.310308383478972383e-01,6.801549076570415076e-02,1.293408887172945931e+01,1.764842400856830515e-02,2.397840969170973724e-02,2.126604102429992954e-02,1.647283000929461450e-02,1.376800235175222875e-01,1.604826750795815549e-01,1.511336915846094309e-01,1.330154460840380082e-01
1.507500000000000062e+00,2.566804039733378007e-02,5.289348558376039122e-02,7.504135017225817272e-02,7.096076615292723488e-02,3.587298080284485602e-01,1.973513350106911868e-01,7.361831257108429616e-02,4.747171742569114006e-01,9.312015096342243226e-01,6.852168101700310821e-02,1.294319822036995937e+01,1.763511758926541648e-02,2.396910579566723098e-02,2.126462567171966134e-02,1.645580231023412512e-02,1.376154974144404297e-01,1.604368329953204386e-01,1.511148120607927192e-01,1.329344965066688311e-01
1.510000000000000009e+00,2.567538203055826085e-02,5.282431700426228754e-02,7.500612260144329246e-02,7.084841172803746367e-02,3.594194353475524406e-01,1.981610495388048121e-01,7.355973954791254765e-02,4.753004989956013948e-01,9.313734474667469954e-01,6.902872778959423528e-02,1.295233085281322261e+01,1.762179277362112273e-02,2.395975801400397620e-02,2.126321369405861916e-02,1.643877079015151205e-02,1.375507993827713993e-01,1.603907386724751361e-01,1.510958463541465790e-01,1.328534215282776987e-01
1.512499999999999956e+00,2.568310311440465815e-02,5.275492683217732764e-02,7.497080782718540393e-02,7.073303547300197058e-02,3.601120645615916716e-01,1.989718786261276684e-01,7.350120208421039025e-02,4.758821730090426749e-01,9.315466539873188401e-01,6.953663154181151385e-02,1.296148684047355815e+01,1.760844949203056037e-02,2.395036633934131617e-02,2.126180508843879616e-02,1.642173557105223308e-02,1.374859290925606603e-01,1.603443920050223459e-01,1.510767943721008921e-01,1.327722216328683091e-01
1.515000000000000124e+00,2.569120696735234868e-02,5.268531462560815948e-02,7.493540644895502201e-02,7.061463552107095920e-02,3.608077045667086868e-01,1.997838173132727990e-01,7.344270193631889654e-02,4.764621963315793240e-01,9.317211313390767469e-01,7.004539284283602119e-02,1.297066625507033244e+01,1.759508767494986220e-02,2.394093076494541172e-02,2.126039985189146983e-02,1.640469677461242268e-02,1.374208862145473442e-01,1.602977928899696758e-01,1.510576560223697296e-01,1.326908973046864726e-01
1.517500000000000071e+00,2.569969689339237154e-02,5.261547995336275652e-02,7.489991905943950423e-02,7.049321026450133809e-02,3.615063640067873174e-01,2.005968606178474278e-01,7.338424087035391730e-02,4.770405695633667120e-01,9.318968816667219102e-01,7.055501237456862640e-02,1.297986916863145623e+01,1.758170725290966740e-02,2.393145128472876429e-02,2.125899798135672675e-02,1.638765452215532742e-02,1.373556704201969181e-01,1.602509412273395717e-01,1.510384312129289808e-01,1.326094490281031490e-01
1.520000000000000018e+00,2.570857618136767470e-02,5.254542239983301527e-02,7.486434624436558161e-02,7.036875835342069896e-02,3.622080512721204126e-01,2.014110035389621578e-01,7.332582066245973973e-02,4.776172938733969087e-01,9.320739071168023804e-01,7.106549093346550827e-02,1.298909565349689821e+01,1.756830815652866279e-02,2.392192789325143024e-02,2.125759947368297334e-02,1.637060893462776931e-02,1.372902813817338252e-01,1.602038369201518597e-01,1.510191198519936773e-01,1.325278772874974309e-01
1.522499999999999964e+00,2.571784810431371540e-02,5.247514156999816270e-02,7.482868858232011311e-02,7.024127869464200091e-02,3.629127744981746617e-01,2.022262410618240469e-01,7.326744309907333441e-02,4.781923710022651930e-01,9.322522098380027211e-01,7.157682943233531492e-02,1.299834578232231230e+01,1.755489031652712403e-02,2.391236058572197495e-02,2.125620432562643977e-02,1.635356013257665761e-02,1.372247187721740425e-01,1.601564798744054552e-01,1.509997218479952052e-01,1.324461825671388593e-01
1.525000000000000133e+00,2.572751591879852973e-02,5.240463709454858815e-02,7.479294664457024344e-02,7.011077045042950207e-02,3.636205415644496175e-01,2.030425681624137002e-01,7.320910997720023183e-02,4.787658032646791573e-01,9.324317919814362199e-01,7.208902890209895054e-02,1.300761962808269523e+01,1.754145366374047083e-02,2.390274935799811123e-02,2.125481253385065952e-02,1.633650823612553538e-02,1.371589822653573043e-01,1.601088699990582676e-01,1.509802371095576579e-01,1.323643653510696572e-01
1.527500000000000080e+00,2.573758286426361744e-02,5.233390863512708824e-02,7.475712099488143747e-02,6.997723303721752053e-02,3.643313600934345864e-01,2.038599798122414930e-01,7.315082310470166771e-02,4.793375935517106279e-01,9.326126557009442042e-01,7.260209049351039334e-02,1.301691726407609373e+01,1.752799812913281505e-02,2.389309420658706010e-02,2.125342409492593510e-02,1.631945336495119886e-02,1.370930715359792718e-01,1.600610072060060229e-01,1.509606655454741875e-01,1.322824261229866016e-01
1.530000000000000027e+00,2.574805216236491015e-02,5.226295588968248029e-02,7.472121218933509834e-02,6.984066612428146970e-02,3.650452374496665486e-01,2.046784709831821480e-01,7.309258430059459299e-02,4.799077453327890708e-01,9.327948031533951356e-01,7.311601547883986307e-02,1.302623876392742197e+01,1.751452364381050897e-02,2.388339512864561323e-02,2.125203900532879331e-02,1.630239563826038282e-02,1.370269862596235899e-01,1.600128914100600042e-01,1.509410070646829694e-01,1.322003653661227851e-01
1.532499999999999973e+00,2.575892701631448192e-02,5.219177859793162205e-02,7.468522077614470067e-02,6.970106963236356867e-02,3.657621807388862223e-01,2.054980366523821989e-01,7.303439539536393799e-02,4.804762626574395346e-01,9.329782364989925858e-01,7.363080525351776984e-02,1.303558420159229847e+01,1.750103013903568303e-02,2.387365212197987280e-02,2.125065726144143019e-02,1.628533517476652565e-02,1.369607261127936126e-01,1.599645225289229866e-01,1.509212615762427490e-01,1.321181835631292101e-01
1.535000000000000142e+00,2.577021061022261722e-02,5.212037654692469602e-02,7.464914729547159067e-02,6.955844373225236743e-02,3.664821968072987102e-01,2.063186718072401726e-01,7.297625823128915667e-02,4.810431501567623003e-01,9.331629579015837672e-01,7.414646133774047132e-02,1.304495365136096829e+01,1.748751754623977320e-02,2.386386518504470325e-02,2.124927885955111770e-02,1.626827209266664895e-02,1.368942907729440717e-01,1.599159004831643416e-01,1.509014289893079452e-01,1.320358811959564393e-01
1.537500000000000089e+00,2.578190610844091624e-02,5.204874957670956037e-02,7.461299227923968991e-02,6.941278884331983368e-02,3.672052922409355102e-01,2.071403714504541360e-01,7.291817466278409376e-02,4.816084130446579015e-01,9.333489695289742816e-01,7.466298537803706115e-02,1.305434718786225368e+01,1.747398579703702409e-02,2.385403431694287091e-02,2.124790379584961392e-02,1.625120650961830657e-02,1.368276799185124126e-01,1.598670251961936684e-01,1.508815092131036706e-01,1.319534587457360519e-01
1.540000000000000036e+00,2.579401665490626064e-02,5.197689758608953214e-02,7.457675625095011585e-02,6.926410563201310100e-02,3.679314733651249392e-01,2.079631306051360762e-01,7.286014655675226992e-02,4.821720571187929627e-01,9.335362735532456435e-01,7.518037914879779904e-02,1.306376488606763608e+01,1.746043482323797469e-02,2.384415951742385742e-02,2.124653206643254896e-02,1.623413854271669315e-02,1.367608932289499923e-01,1.598178965942329555e-01,1.508615021569002512e-01,1.318709166926622933e-01
1.542499999999999982e+00,2.580654537248565014e-02,5.190482053846971061e-02,7.454043972549508068e-02,6.911239501030624899e-02,3.686607462440645855e-01,2.087869443199857900e-01,7.280217579295669705e-02,4.827340887613161824e-01,9.337248721510764682e-01,7.569864455376310031e-02,1.307320682129531164e+01,1.744686455686290591e-02,2.383424078688237829e-02,2.124516366729878661e-02,1.621706830847184297e-02,1.366939303847531095e-01,1.597685146062876593e-01,1.508414077299873313e-01,1.317882555158736702e-01
1.544999999999999929e+00,2.581949536232243381e-02,5.183251846778628991e-02,7.450404320897191512e-02,6.895765813410968670e-02,3.693931166805043409e-01,2.096118076745263903e-01,7.274426426440666615e-02,4.832945149393136353e-01,9.339147675040677665e-01,7.621778362747447244e-02,1.308267306921437090e+01,1.743327493015526392e-02,2.382427812635656145e-02,2.124379859434976855e-02,1.619999592278598480e-02,1.366267910674936192e-01,1.597188791641165062e-01,1.508212258416481155e-01,1.317054756933349335e-01
1.547500000000000098e+00,2.583286970318364462e-02,5.175999148451317089e-02,7.446756719849710604e-02,6.879989640164033138e-02,3.701285902155376228e-01,2.104377157843906054e-01,7.268641387776018925e-02,4.838533432050139971e-01,9.341059617990726816e-01,7.673779853668634410e-02,1.309216370584901590e+01,1.741966587559503829e-02,2.381427153752582390e-02,2.124243684338884136e-02,1.618292150093104259e-02,1.365594749598495194e-01,1.596689902021996288e-01,1.508009564011325854e-01,1.316225777017189513e-01
1.550000000000000044e+00,2.584667145080889530e-02,5.168723978174045303e-02,7.443101218202036184e-02,6.863911145175299877e-02,3.708671721285019540e-01,2.112646638066622562e-01,7.262862655374467680e-02,4.844105816957395283e-01,9.342984572285271128e-01,7.725869158173939710e-02,1.310167880758283765e+01,1.740603732591210207e-02,2.380422102270841195e-02,2.124107841012055561e-02,1.616584515752628876e-02,1.364919817456350382e-01,1.596188476577059812e-01,1.507805993176311865e-01,1.315395620162891077e-01
1.552499999999999991e+00,2.586090363726072441e-02,5.161426364131804084e-02,7.439437863813941343e-02,6.847530516223510055e-02,3.716088674369910638e-01,2.120926469452622531e-01,7.257090422759499004e-02,4.849662391336043155e-01,9.344922559907864468e-01,7.778046519789508229e-02,1.311121845116315221e+01,1.739238921409948582e-02,2.379412658485861518e-02,2.123972329014995122e-02,1.614876700651617439e-02,1.364243111098308314e-01,1.595684514704588663e-01,1.507601545002476007e-01,1.314564291107819249e-01
1.554999999999999938e+00,2.587556927027659728e-02,5.154106344005936202e-02,7.435766703591520366e-02,6.830847964806398276e-02,3.723536808969792333e-01,2.129216604563792525e-01,7.251324884951078353e-02,4.855203248249616577e-01,9.346873602904647305e-01,7.830312195663199915e-02,1.312078271370540605e+01,1.737872147342662751e-02,2.378398822756367520e-02,2.123837147898180802e-02,1.613168716114832951e-02,1.363564627386132933e-01,1.595178015829005480e-01,1.507396218579715730e-01,1.313731794572898792e-01
1.557500000000000107e+00,2.589067133262278400e-02,5.146763965599771007e-02,7.432087783468822872e-02,6.813863725963063833e-02,3.731016170030591605e-01,2.137516996539386704e-01,7.245566238513304058e-02,4.860728486595985443e-01,9.348837723387752874e-01,7.882666456690383405e-02,1.313037167269762584e+01,1.736503403745253207e-02,2.377380595504033703e-02,2.123702297201987901e-02,1.611460573395175760e-02,1.362884363193843651e-01,1.594668979400555853e-01,1.507190012996514894e-01,1.312898135261449939e-01
1.560000000000000053e+00,2.590621278144996167e-02,5.139399287469000738e-02,7.428401148389575381e-02,6.796578058092921093e-02,3.738526799887921248e-01,2.145827599151086396e-01,7.239814681604068991e-02,4.866238211096842181e-01,9.350814943538775514e-01,7.935109587635887085e-02,1.313998540600494991e+01,1.735132684003887898e-02,2.376357977213109512e-02,2.123567776456609935e-02,1.609752283671522441e-02,1.362202315408003184e-01,1.594157404894926411e-01,1.506982927339663436e-01,1.312063317858024880e-01
1.562500000000000000e+00,2.592219654765122450e-02,5.132012379556013387e-02,7.424706842289049979e-02,6.778991242771519043e-02,3.746068738271767784e-01,2.154148366858346930e-01,7.234070414026903817e-02,4.871732532284674400e-01,9.352805285612250108e-01,7.987641887252157347e-02,1.314962399187418463e+01,1.733759981536307088e-02,2.375330968430008904e-02,2.123433585181976058e-02,1.608043858046585492e-02,1.361518480928006203e-01,1.593643291812851248e-01,1.506774960693977594e-01,1.311227347027252299e-01
1.564999999999999947e+00,2.593862553522169670e-02,5.124603323827615908e-02,7.421004908076073159e-02,6.761103584563175894e-02,3.753642022312300153e-01,2.162479254864017875e-01,7.228333637284882485e-02,4.877211566487260064e-01,9.354808771939154832e-01,8.040263668393650420e-02,1.315928750893844956e+01,1.732385289793118149e-02,2.374299569762869377e-02,2.123299722887666760e-02,1.606335307544795588e-02,1.360832856666364110e-01,1.593126639679707246e-01,1.506566112142016522e-01,1.310390227412685793e-01
1.567500000000000115e+00,2.595550262062097310e-02,5.117172214915405998e-02,7.417295387615244207e-02,6.742915410830799261e-02,3.761246686546866891e-01,2.170820219170192800e-01,7.222604554636893881e-02,4.882675435809719633e-01,9.356825424930450552e-01,8.092975258127439731e-02,1.316897603622187773e+01,1.731008602259084816e-02,2.373263781881075618e-02,2.123166189072825394e-02,1.604626643110204989e-02,1.360145439548986757e-01,1.592607448045095520e-01,1.506356380763796410e-01,1.309551963635661176e-01
1.570000000000000062e+00,2.597283065213755460e-02,5.109719160758106893e-02,7.413578321709367314e-02,6.724427071542787848e-02,3.768882762928179031e-01,2.179171216634210040e-01,7.216883371156189442e-02,4.888124268114092952e-01,9.358855267080670171e-01,8.145776997840047107e-02,1.317868965314433893e+01,1.729629912454406018e-02,2.372223605514750880e-02,2.123032983226068315e-02,1.602917875604415940e-02,1.359456226515458055e-01,1.592085716482407876e-01,1.506145765636500156e-01,1.308712560294154337e-01
1.572500000000000009e+00,2.599061244925612857e-02,5.102244283245149087e-02,7.409853750082071033e-02,6.705638939077371297e-02,3.776550280833635420e-01,2.187532205024801113e-01,7.211170293791370478e-02,4.893558196996489751e-01,9.360898320971475783e-01,8.198669243340621360e-02,1.318842843952628030e+01,1.728249213935987086e-02,2.371179041454216097e-02,2.122900104825389822e-02,1.601209015804532995e-02,1.358765214519312980e-01,1.591561444588388274e-01,1.505934265834188990e-01,1.307872021961655473e-01
1.574999999999999956e+00,2.600885080202711488e-02,5.094747718860807850e-02,7.406121711360748316e-02,6.686551408024431209e-02,3.784249267075887047e-01,2.195903143078299924e-01,7.205465531429879056e-02,4.898977361761813198e-01,9.362954609275305762e-01,8.251652364960329611e-02,1.319819247559356157e+01,1.726866500298700202e-02,2.370130090549414995e-02,2.122767553338066049e-02,1.599500074401140337e-02,1.358072400528305690e-01,1.591034631982672365e-01,1.505721880427505210e-01,1.307030353186041105e-01
1.577500000000000124e+00,2.602754847043926498e-02,5.087229619328121483e-02,7.402382243059760225e-02,6.667164894984882462e-02,3.791979745914551003e-01,2.204283990554894435e-01,7.199769294964100674e-02,4.904381907396052065e-01,9.365024154759001851e-01,8.304726747648115415e-02,1.320798184198238445e+01,1.725481765176635138e-02,2.369076753709306940e-02,2.122635328220553660e-02,1.597791061996305800e-02,1.357377781524677363e-01,1.590505278307323134e-01,1.505508608483380195e-01,1.306187558488461631e-01
1.580000000000000071e+00,2.604670818379510935e-02,5.079690152251904040e-02,7.398635381563967162e-02,6.647479838367917337e-02,3.799741739069160129e-01,2.212674708294844195e-01,7.194081797360103725e-02,4.909771984536194789e-01,9.367106980287477347e-01,8.357892791062811189e-02,1.321779661974427889e+01,1.724095002244338884e-02,2.368019031901226826e-02,2.122503428918385421e-02,1.596081989101613002e-02,1.356681354505418213e-01,1.589973383226350734e-01,1.505294449064732420e-01,1.305343642362233603e-01
1.582500000000000018e+00,2.606633264008932985e-02,5.072129501760030273e-02,7.394881162112607043e-02,6.627496698186088886e-02,3.807535265733284491e-01,2.221075258274626818e-01,7.188403253729171161e-02,4.915147749437748237e-01,9.369203108827417470e-01,8.411150909661584130e-02,1.322763689035112655e+01,1.722706205218045919e-02,2.366956926150211998e-02,2.122371854866062987e-02,1.594372866136219494e-02,1.355983116482525896e-01,1.589438946425218158e-01,1.505079401230168534e-01,1.304498609271741716e-01
1.584999999999999964e+00,2.608642450539018498e-02,5.064547869142317638e-02,7.391119618783541234e-02,6.607215955848487476e-02,3.815360342589895759e-01,2.229485603662953452e-01,7.182733881402177112e-02,4.920509363939868375e-01,9.371312563450973077e-01,8.464501532784793336e-02,1.323750273570025193e+01,1.721315367856894249e-02,2.365890437538297614e-02,2.122240605486944848e-02,1.592663703424945093e-02,1.355283064483260580e-01,1.588901967610342469e-01,1.504863464033680542e-01,1.303652463651351068e-01
1.587500000000000133e+00,2.610698641322443947e-02,5.056945473486193499e-02,7.387350784477958454e-02,6.586638113952110463e-02,3.823216983827903426e-01,2.237905708876617161e-01,7.177073900006920859e-02,4.925856995428156138e-01,9.373435367339499891e-01,8.517945104737259521e-02,1.324739423811955241e+01,1.719922483964130694e-02,2.364819567203779380e-02,2.122109680193131134e-02,1.590954511196390059e-02,1.354581195550394745e-01,1.588362446508576886e-01,1.504646636524339942e-01,1.302805209904328299e-01
1.590000000000000080e+00,2.612802096396545440e-02,5.049322552308407180e-02,7.383574690905450599e-02,6.565763696071556799e-02,3.831105201159955009e-01,2.246335539636092060e-01,7.171423531548461183e-02,4.931190816795102960e-01,9.375571543787308837e-01,8.571482084866023643e-02,1.325731148037272433e+01,1.718527547388303336e-02,2.363744316340444379e-02,2.121979078385342540e-02,1.589245299581082058e-02,1.353877506742458270e-01,1.587820382866686475e-01,1.504428917745989081e-01,1.301956852401774944e-01
1.592500000000000027e+00,2.614953072422485092e-02,5.041679362181954172e-02,7.379791368569627030e-02,6.544593246547204812e-02,3.839025003841406436e-01,2.254775063020845738e-01,7.165783000492628729e-02,4.936511006398198731e-01,9.377721116205439689e-01,8.625112947634509808e-02,1.326725454566448548e+01,1.717130552024440093e-02,2.362664686196769628e-02,2.121848799452797155e-02,1.587536078609657134e-02,1.353171995133979622e-01,1.587275776450808862e-01,1.504210306736933900e-01,1.301107395481566897e-01
1.594999999999999973e+00,2.617151822624766769e-02,5.034016179357514442e-02,7.376000846754197926e-02,6.523127330271946689e-02,3.846976398690550303e-01,2.263224247524300015e-01,7.160152533852708057e-02,4.941817748015748246e-01,9.379884108125434716e-01,8.678838182693229819e-02,1.327722351764589348e+01,1.715731491815214449e-02,2.361580678075091491e-02,2.121718842773082092e-02,1.585826858211070167e-02,1.352464657815722615e-01,1.586728627045909668e-01,1.503990802529630022e-01,1.300256843447313571e-01
1.597500000000000142e+00,2.619398596731153939e-02,5.026333300378572899e-02,7.372203153509593321e-02,6.501366532476732241e-02,3.854959390110037076e-01,2.271683063108396183e-01,7.154532361279454522e-02,4.947111230800380621e-01,9.382060543203170067e-01,8.732658294947008570e-02,1.328721848041971398e+01,1.714330360752096272e-02,2.360492293330741093e-02,2.121589207712018879e-02,1.584117648210838988e-02,1.351755491894917061e-01,1.586178934455219069e-01,1.503770404150369666e-01,1.299405200567317897e-01
1.600000000000000089e+00,2.621693640912957021e-02,5.018631042689451760e-02,7.368398315640177498e-02,6.479311458514941391e-02,3.862973980109538075e-01,2.280151481257690904e-01,7.148922715154533425e-02,4.952391649230279413e-01,9.384250445222646064e-01,8.786573804618753869e-02,1.329723951854582076e+01,1.712927152876488404e-02,2.359399533371151630e-02,2.121459893623527104e-02,1.582408458329322837e-02,1.351044494495486914e-01,1.585626698499666698e-01,1.503549110618964957e-01,1.298552471073559089e-01
1.602500000000000036e+00,2.624037197725724579e-02,5.010909745235436752e-02,7.364586358692062906e-02,6.456962733645724151e-02,3.871020168329631361e-01,2.288629475032911975e-01,7.143323830687449416e-02,4.957659203058168429e-01,9.386453838099848568e-01,8.840585247309803996e-02,1.330728671704665800e+01,1.711521862280846948e-02,2.358302399654934808e-02,2.121330899849479396e-02,1.580699298180034129e-02,1.350331662758268991e-01,1.585071919017298769e-01,1.503326920948430123e-01,1.297698659160680112e-01
1.604999999999999982e+00,2.626429506050337662e-02,5.003169769054265081e-02,7.360767306941531918e-02,6.434321002816419111e-02,3.879097952066892230e-01,2.297117019123959269e-01,7.137735946016070254e-02,4.962914097258028789e-01,9.388670745886589231e-01,8.894693174056872431e-02,1.331736016141276835e+01,1.710114483109787323e-02,2.357200893690927085e-02,2.121202225719554663e-02,1.578990177267985268e-02,1.349616993841232515e-01,1.584514595862689668e-01,1.503103834144661477e-01,1.296843768984991818e-01
1.607499999999999929e+00,2.628870801034561763e-02,4.995411497858152916e-02,7.356941183384185790e-02,6.411386930444359922e-02,3.887207326300221033e-01,2.305614089902237318e-01,7.132159302310896176e-02,4.968156541969631079e-01,9.390901192774375739e-01,8.948898151385620281e-02,1.332745993760836001e+01,1.708705009561172633e-02,2.356095017037207473e-02,2.121073870551083707e-02,1.577281104988072225e-02,1.348900484919687282e-01,1.583954728906342146e-01,1.502879849206113505e-01,1.295987804663489285e-01
1.610000000000000098e+00,2.631361314035001245e-02,4.987635338605535262e-02,7.353108009724744487e-02,6.388161200197783884e-02,3.895348283718390592e-01,2.314120665472274574e-01,7.126594143883055454e-02,4.973386752440810410e-01,9.393145203098285378e-01,9.003200761360888316e-02,1.333758613207691468e+01,1.707293435887186073e-02,2.354984771300086890e-02,2.120945833648890319e-02,1.575572090623493168e-02,1.348182133186490994e-01,1.583392318034078372e-01,1.502654965123476904e-01,1.295130770272883147e-01
1.612500000000000044e+00,2.633901272559551615e-02,4.979841722061827125e-02,7.349267806367630607e-02,6.364644514776406081e-02,3.903520814748810963e-01,2.322636725722595219e-01,7.121040718296274552e-02,4.978604948967607635e-01,9.395402801340864141e-01,9.057601601633569199e-02,1.334773883174687725e+01,1.705879756395386332e-02,2.353870158133068019e-02,2.120818114305125443e-02,1.573863143344204213e-02,1.347461935852248271e-01,1.582827363146420696e-01,1.502429180879349402e-01,1.294272669848642032e-01
1.614999999999999991e+00,2.636490900210261557e-02,4.972031103348293485e-02,7.345420592408315186e-02,6.340837595691381501e-02,3.911724907587497690e-01,2.331162252375714450e-01,7.115499276482792346e-02,4.983811356832207884e-01,9.397674012136016941e-01,9.112101285484211499e-02,1.335791812403735257e+01,1.704463965449744614e-02,2.352751179235780185e-02,2.120690711799097170e-02,1.572154272205414371e-02,1.346739890145505492e-01,1.582259864157964935e-01,1.502202495447909625e-01,1.293413507384054140e-01
1.617499999999999938e+00,2.639130416626745204e-02,4.964203962478383469e-02,7.341566385625458713e-02,6.316741183044960462e-02,3.919960548230284614e-01,2.339697229037268900e-01,7.109970072863393276e-02,4.989006206238736918e-01,9.399958860272932260e-01,9.166700441863290250e-02,1.336812409686389813e+01,1.703046057471663266e-02,2.351627836352885095e-02,2.120563625397092755e-02,1.570445486146117287e-02,1.346015993312938697e-01,1.581689820996744211e-01,1.501974907794584868e-01,1.292553286829299652e-01
1.620000000000000107e+00,2.641820037430037474e-02,4.956360804880603071e-02,7.337705202473941701e-02,6.292356035309967788e-02,3.928227720505207965e-01,2.348241641244142863e-01,7.104453365471656567e-02,4.994189732246940294e-01,9.402257370699999006e-01,9.221399715428257871e-02,1.337835683864432568e+01,1.701626026940977407e-02,2.350500131272958287e-02,2.120436854352195435e-02,1.568736793987662165e-02,1.345290242619535948e-01,1.581117233603584193e-01,1.501746416875719414e-01,1.291692012090538688e-01
1.622500000000000053e+00,2.644559974166985419e-02,4.948502161907270686e-02,7.333837058078719606e-02,6.267682929108972512e-02,3.936526406106135023e-01,2.356795476511579779e-01,7.098949416082461772e-02,4.999362174703753658e-01,9.404569568528730050e-01,9.276199766577319927e-02,1.338861643830458625e+01,1.700203868396935047e-02,2.349368065827344559e-02,2.120310397904093952e-02,1.567028204432365651e-02,1.344562635348774682e-01,1.580542101931451116e-01,1.501517021638240079e-01,1.290829687029020068e-01
1.625000000000000000e+00,2.647350434255168680e-02,4.940628591328307534e-02,7.329961966229649184e-02,6.242722658993410390e-02,3.944856584627555174e-01,2.365358724379164612e-01,7.093458490344958789e-02,5.004523778172765835e-01,9.406895479037714614e-01,9.331101271479956549e-02,1.339890298528465884e+01,1.698779576439159514e-02,2.348231641888988419e-02,2.120184255278885488e-02,1.565319726062161867e-02,1.343833168802791855e-01,1.579964425944790640e-01,1.501286721019319814e-01,1.289966315460197854e-01
1.627499999999999947e+00,2.650191620928343469e-02,4.932740677809306640e-02,7.326079939377226624e-02,6.217476037222678664e-02,3.953218233600611642e-01,2.373931376455640230e-01,7.087980857919970457e-02,5.009674791861647991e-01,9.409235127676561783e-01,9.386104922104261672e-02,1.340921656954454200e+01,1.697353145728591750e-02,2.347090861371241288e-02,2.120058425688871317e-02,1.563611367337294084e-02,1.343101840302546313e-01,1.579384205618860892e-01,1.501055513946037145e-01,1.289101901152870655e-01
1.630000000000000115e+00,2.653083733182462142e-02,4.924839033373157315e-02,7.322190988629330433e-02,6.191943893543314092e-02,3.961611328530288967e-01,2.382513426462487260e-01,7.082516792622076118e-02,5.014815469547519999e-01,9.411588540069842912e-01,9.441211426241058469e-02,1.341955728157024552e+01,1.695924570988410415e-02,2.345945726226645808e-02,2.119932908332345170e-02,1.561903136595049063e-02,1.342368647187978936e-01,1.578801440939058276e-01,1.500823399335038943e-01,1.288236447828336184e-01
1.632500000000000062e+00,2.656026965722250305e-02,4.916924297844425806e-02,7.318295123748994047e-02,6.166127074968144606e-02,3.970035842933788417e-01,2.391104870276138938e-01,7.077066572566344249e-02,5.019946069500280661e-01,9.413955742021059558e-01,9.496421507524792360e-02,1.342992521237983894e+01,1.694493847004933246e-02,2.344796238445698289e-02,2.119807702393374307e-02,1.560195042048530614e-02,1.341633586818161694e-01,1.578216131900235519e-01,1.500590376092195422e-01,1.287369959159560540e-01
1.635000000000000009e+00,2.659021508908380321e-02,4.908997139275753790e-02,7.314392353153195692e-02,6.140026445555683138e-02,3.978491748380115767e-01,2.399705705968853131e-01,7.071630480319902878e-02,5.025066854403973382e-01,9.416336759516603649e-01,9.551735905451290420e-02,1.344032045352957994e+01,1.693060968628495866e-02,2.343642400055589992e-02,2.119682807041572623e-02,1.558487091785477723e-02,1.340896656571443080e-01,1.577628278506014725e-01,1.500356443112256244e-01,1.286502438770368018e-01
1.637499999999999956e+00,2.662067548705260647e-02,4.901058254355514926e-02,7.310482683912788993e-02,6.113642886189657455e-02,3.986979014530800391e-01,2.408315933848071966e-01,7.066208803058426913e-02,5.030178091276144015e-01,9.418731618729733190e-01,9.607155375392309460e-02,1.345074309712002147e+01,1.691625930774308395e-02,2.342484213118927253e-02,2.119558221431865064e-02,1.556779293767124317e-02,1.340157853845585223e-01,1.577037880768093203e-01,1.500121599278503304e-01,1.285633890234645638e-01
1.640000000000000124e+00,2.665165266629425378e-02,4.893108368796094537e-02,7.306566121753504950e-02,6.086977294358842522e-02,3.995497609181799525e-01,2.416935556494270998e-01,7.060801832727638117e-02,5.035280051385263578e-01,9.421140346024522438e-01,9.662680688606899160e-02,1.346119323580222726e+01,1.690188728423290890e-02,2.341321679732434255e-02,2.119433944704245121e-02,1.555071655827103272e-02,1.339417176057895453e-01,1.576444938705546528e-01,1.499885843462403501e-01,1.284764317075569595e-01
1.642500000000000071e+00,2.668314839698563215e-02,4.885148237701868179e-02,7.302642671058154344e-02,6.060030583936972665e-02,4.004047498306559927e-01,2.425564578797155257e-01,7.055409866209894076e-02,5.040373010166194767e-01,9.423562967959853154e-01,9.718312632249619110e-02,1.347167096278399256e+01,1.688749356622886583e-02,2.340154802025637068e-02,2.119309975983521555e-02,1.553364185670393950e-02,1.338674620645349533e-01,1.575849452344123824e-01,1.499649174523255690e-01,1.283893722764846423e-01
1.645000000000000018e+00,2.671516440381234078e-02,4.877178645916423194e-02,7.298712334869990326e-02,6.032803684963056190e-02,4.012628646100210861e-01,2.434203007990173862e-01,7.050033205496079869e-02,5.045457247133775525e-01,9.425999511293385869e-01,9.774052009375581995e-02,1.348217637183612183e+01,1.687307810487850140e-02,2.338983582159529992e-02,2.119186314379058883e-02,1.551656890872313461e-02,1.337930185064709065e-01,1.575251421715539446e-01,1.499411591307840130e-01,1.283022110721973863e-01
1.647499999999999964e+00,2.674770236547219585e-02,4.869200408348050430e-02,7.294775114897281143e-02,6.005297543421971029e-02,4.021241015024920595e-01,2.442850853683252721e-01,7.044672157862691408e-02,5.050533045794517450e-01,9.428450002985526712e-01,9.829899638942310447e-02,1.349270955729873123e+01,1.685864085201014065e-02,2.337808022325228025e-02,2.119062958984506417e-02,1.549949778877553891e-02,1.337183866792630571e-01,1.574650846856761321e-01,1.499173092650061545e-01,1.282149484313521992e-01
1.650000000000000133e+00,2.678076391418597949e-02,4.861214370273022473e-02,7.290831011519187388e-02,5.977513121025177650e-02,4.029884565856360901e-01,2.451508127893661515e-01,7.039327036054487952e-02,5.055600693556410175e-01,9.430914470203412003e-01,9.885856355808428364e-02,1.350327061408762397e+01,1.684418176014031154e-02,2.336628124742601634e-02,2.118939908877519318e-02,1.548242856999264110e-02,1.336435663325767909e-01,1.574047727809294861e-01,1.498933677370593576e-01,1.281275846852432121e-01
1.652500000000000080e+00,2.681435063521499240e-02,4.853221407615867372e-02,7.286880023792842442e-02,5.949451394991894099e-02,4.038559257731286767e-01,2.460174845074951377e-01,7.033998158472552775e-02,5.060660481636941599e-01,9.433392940324882847e-01,9.941923010729167287e-02,1.351385963770067455e+01,1.682970078248091986e-02,2.335443891658902163e-02,2.118817163119468897e-02,1.546536132418177209e-02,1.335685572180868030e-01,1.573442064618464642e-01,1.498693344276517680e-01,1.280401201597337335e-01
1.655000000000000027e+00,2.684846406638628780e-02,4.845222427205958526e-02,7.282922149461822092e-02,5.921113357830368185e-02,4.047265048196275750e-01,2.468851022143848661e-01,7.028685849368032645e-02,5.065712704969265179e-01,9.435885440942447522e-01,9.998100470348703084e-02,1.352447672422425740e+01,1.681519787294619150e-02,2.334255325347370930e-02,2.118694720755143895e-02,1.544829612181783905e-02,1.334933590894857858e-01,1.572833857332691376e-01,1.498452092160964533e-01,1.279525551751899415e-01
1.657499999999999973e+00,2.688310569762490665e-02,4.837218367009839953e-02,7.278957384965900612e-02,5.892500017119470940e-02,4.056001893257470403e-01,2.477536678505066203e-01,7.023390439041607425e-02,5.070757662106606389e-01,9.438391999867270510e-01,1.005438961718925911e-01,1.353512197033972697e+01,1.680067298615935123e-02,2.333062428105841385e-02,2.118572580812441014e-02,1.543123303203552954e-02,1.334179717024923939e-01,1.572223106002770265e-01,1.498209919802746537e-01,1.278648900464168792e-01
1.660000000000000142e+00,2.691827697049429743e-02,4.829210196338509786e-02,7.274985725452197405e-02,5.863612395290389995e-02,4.064769747431504210e-01,2.486231836073897750e-01,7.018112264048761983e-02,5.075795655124879513e-01,9.440912645133124892e-01,1.011079134963699389e-01,1.354579547332992995e+01,1.678612607745905844e-02,2.331865202255329131e-02,2.118450742302044679e-02,1.541417212262197536e-02,1.333423948148586002e-01,1.571609810681144637e-01,1.497966825965995341e-01,1.277771250825965321e-01
1.662500000000000089e+00,2.695397927774427493e-02,4.821198916029152681e-02,7.271007164787718358e-02,5.834451529408558185e-02,4.073568563797441699e-01,2.494936519296547806e-01,7.012851667410985312e-02,5.080826989523622439e-01,9.443447405000355843e-01,1.016730658192471493e-01,1.355649733108574395e+01,1.677155710290557586e-02,2.330663650138614998e-02,2.118329204217095710e-02,1.539711346000989696e-02,1.332666281863760516e-01,1.570993971421180413e-01,1.497722809399792687e-01,1.276892605872277098e-01
1.665000000000000036e+00,2.699021396286711491e-02,4.813185558600611980e-02,7.267021695573312734e-02,5.805018470955627258e-02,4.082398294049803811e-01,2.503650755168084774e-01,7.007608998833009251e-02,5.085851974125159547e-01,9.445996307959859672e-01,1.022393624411125357e-01,1.356722764211266608e+01,1.675696601928669885e-02,2.329457774118821531e-02,2.118207965532849929e-02,1.538005710927121614e-02,1.331906715788817863e-01,1.570375588276438639e-01,1.497477868837798765e-01,1.276012968580682028e-01
1.667499999999999982e+00,2.702698231966220790e-02,4.805171188382024311e-02,7.263029309159081681e-02,5.775314285611474890e-02,4.091258888552623540e-01,2.512374573247953546e-01,7.002384614926136785e-02,5.090870920972134783e-01,9.448559382737006240e-01,1.028068128205764376e-01,1.357798650553741027e+01,1.674235278412339670e-02,2.328247576577984618e-02,2.118087025206323928e-02,1.536300313411114934e-02,1.331145247562631473e-01,1.569754661299951060e-01,1.497232002997881672e-01,1.275132341870791053e-01
1.669999999999999929e+00,2.706428559180884541e-02,4.797156901613974789e-02,7.259029995661253620e-02,5.745340053036146477e-02,4.100150296394566296e-01,2.521108005672902386e-01,6.997178879437822296e-02,5.095884145223352757e-01,9.451136658295616888e-01,1.033754265739994516e-01,1.358877402111457755e+01,1.672771735567520762e-02,2.327033059915621302e-02,2.117966382175929044e-02,1.534595159686278493e-02,1.330381874844618062e-01,1.569131190543491816e-01,1.496985210581740222e-01,1.274250728603711358e-01
1.672500000000000098e+00,2.710212497244794683e-02,4.789143826521660707e-02,7.255023743980557049e-02,5.715096866651780960e-02,4.109072465445040012e-01,2.529851087167320767e-01,6.991992163487528722e-02,5.100891965048008903e-01,9.453728163841883525e-01,1.039452134751877449e-01,1.359959028923331559e+01,1.671305969294535274e-02,2.325814226547295513e-02,2.117846035361094226e-02,1.532890255848213742e-02,1.329616595314771221e-01,1.568505176056855521e-01,1.496737490274528126e-01,1.273368131581531781e-01
1.675000000000000044e+00,2.714050160377269594e-02,4.781133123359417036e-02,7.251010541822075495e-02,5.684585833424245227e-02,4.118025342411338885e-01,2.538603855050803881e-01,6.986824845808992102e-02,5.105894701518324252e-01,9.456333928828313251e-01,1.045161834550546731e-01,1.361043541092404574e+01,1.669837975568558286e-02,2.324591078903183450e-02,2.117725983661875380e-02,1.531185607854369801e-02,1.328849406673685563e-01,1.567876617887133672e-01,1.496488840744472637e-01,1.272484553546830988e-01
1.677499999999999991e+00,2.717941657662840960e-02,4.773125984426112439e-02,7.246990375716710897e-02,5.653808073644468052e-02,4.127008872896747449e-01,2.547366349242912165e-01,6.981677312999043372e-02,5.110892678500584818e-01,9.458953982957638562e-01,1.050883466012485223e-01,1.362130948786519191e+01,1.668367750440074432e-02,2.323363619426642088e-02,2.117606225958552565e-02,1.529481221523646892e-02,1.328080306642574204e-01,1.567245516077996059e-01,1.496239260642493740e-01,1.271599997182207842e-01
1.679999999999999938e+00,2.721887093012158657e-02,4.765123634050762169e-02,7.242963231044090289e-02,5.622764720709402808e-02,4.136023001459654402e-01,2.556138612264990950e-01,6.976549959772913867e-02,5.115886222544648865e-01,9.461588356186740878e-01,1.056617131577457930e-01,1.363221262238995202e+01,1.666895290035308105e-02,2.322131850572778031e-02,2.117486761111213311e-02,1.527777102536049224e-02,1.327309292963276266e-01,1.566611870668973283e-01,1.495988748601819185e-01,1.270714465109832048e-01
1.682500000000000107e+00,2.725886565123881999e-02,4.757127328548022699e-02,7.238929092057122539e-02,5.591456920902503763e-02,4.145067671673611787e-01,2.564920689238982532e-01,6.971443189226338155e-02,5.120875662771936510e-01,9.464237078730555197e-01,1.062362935244103024e-01,1.364314491749308900e+01,1.665420590556623490e-02,2.320895774807023304e-02,2.117367587959322756e-02,1.526073256432386796e-02,1.326536363398256313e-01,1.565975681694745381e-01,1.495737303237595350e-01,1.269827959891020042e-01
1.685000000000000053e+00,2.729940167447536883e-02,4.749138356142815209e-02,7.234887941908099696e-02,5.559885833173490444e-02,4.154142826188317317e-01,2.573712627883111281e-01,6.966357413104337648e-02,5.125861330761926071e-01,9.466900181065952546e-01,1.068120982565163857e-01,1.365410647683776268e+01,1.663943648282898216e-02,2.319655394603717391e-02,2.117248705321280247e-02,1.524369688614028023e-02,1.325761515730597695e-01,1.565336949184433779e-01,1.495484923146499223e-01,1.268940484025831983e-01
1.687500000000000000e+00,2.734047988147401270e-02,4.741158036863769160e-02,7.230839762676401217e-02,5.528052628917393824e-02,4.163248406791569267e-01,2.582514478504346900e-01,6.961293052076944488e-02,5.130843560437180484e-01,9.469577693935622431e-01,1.073891380642371524e-01,1.366509740476236878e+01,1.662464459569867187e-02,2.318410712444698638e-02,2.117130111993960687e-02,1.522666404342700591e-02,1.324984747763985060e-01,1.564695673160899636e-01,1.495231606906345656e-01,1.268052039952693444e-01
1.689999999999999947e+00,2.738210110067390915e-02,4.733187722404937764e-02,7.226784535397785814e-02,5.495958491752749725e-02,4.172384354472085111e-01,2.591326293987548657e-01,6.956250536021800490e-02,5.135822687946972609e-01,9.472269648351947513e-01,1.079674238120967855e-01,1.367611780628740092e+01,1.660983020850437947e-02,2.317161730817904330e-02,2.117011806752242334e-02,1.520963408740344178e-02,1.324206057322677155e-01,1.564051853640046896e-01,1.494977353075690463e-01,1.267162630048037919e-01
1.692500000000000115e+00,2.742426610697055317e-02,4.725228795955254552e-02,7.222722240095331980e-02,5.463604617298622318e-02,4.181550609483235537e-01,2.600148129781190143e-01,6.951230304313858743e-02,5.140799051549461707e-01,9.474976075600830550e-01,1.085469665183856208e-01,1.368716778712234827e+01,1.659499328634977261e-02,2.315908452215986041e-02,2.116893788348519351e-02,1.519260706789011747e-02,1.323425442251477124e-01,1.563405490630135619e-01,1.494722160193435734e-01,1.266272256625975978e-01
1.695000000000000062e+00,2.746697562138588483e-02,4.717282671995417370e-02,7.218652855811950875e-02,5.430992212950543074e-02,4.190747111407637782e-01,2.608980043879531308e-01,6.946232806122172587e-02,5.145772991492535420e-01,9.477697007245563521e-01,1.091277773545386298e-01,1.369824745367261087e+01,1.658013379511568200e-02,2.314650879134937111e-02,2.116776055512198385e-02,1.517558303330822193e-02,1.322642900415686162e-01,1.562756584131096693e-01,1.494466026778425716e-01,1.265380921937984404e-01
1.697500000000000009e+00,2.751023031075004385e-02,4.709350796061610028e-02,7.214576360644553432e-02,5.398122497655066104e-02,4.199973799222621595e-01,2.617822096801180609e-01,6.941258500713894108e-02,5.150744849893290622e-01,9.480432475130620151e-01,1.097098676444761001e-01,1.370935691304642212e+01,1.656525170146237388e-02,2.313389014072738531e-02,2.116658606949180579e-02,1.515856203067962767e-02,1.321858429701055493e-01,1.562105134133862649e-01,1.494208951329046020e-01,1.264488628172621976e-01
1.699999999999999956e+00,2.755403078739404599e-02,4.701434644475771529e-02,7.210492731779856446e-02,5.364996701682814284e-02,4.209230611366487351e-01,2.626674351563906273e-01,6.936307857765561247e-02,5.155714970616209758e-01,9.483182511385479518e-01,1.102932488639059433e-01,1.372049627306178365e+01,1.655034697283153805e-02,2.312122859528023544e-02,2.116541441341326241e-02,1.514154410562743198e-02,1.321072028013725030e-01,1.561451140619702083e-01,1.493950932322815339e-01,1.263595377455268565e-01
1.702500000000000124e+00,2.759837760885423472e-02,4.693535724041926482e-02,7.206401945531780429e-02,5.331616066399801762e-02,4.218517485805638456e-01,2.635536873655580647e-01,6.931381357681770661e-02,5.160683699150065973e-01,9.485947148428397480e-01,1.108779326395870901e-01,1.373166564225344999e+01,1.653541957744796009e-02,2.310852417998762037e-02,2.116424557345904234e-02,1.512452930237699091e-02,1.320283693280156212e-01,1.560794603559566562e-01,1.493691968215978549e-01,1.262701171847886994e-01
1.705000000000000071e+00,2.764327127758837641e-02,4.685655571708215866e-02,7.202303977380493383e-02,5.297981844036944027e-02,4.227834360102425970e-01,2.644409731001183816e-01,6.926479491921287701e-02,5.165651382483538168e-01,9.488726418970182541e-01,1.114639307485532499e-01,1.374286512987989184e+01,1.652046948432090920e-02,2.309577691980970252e-02,2.116307953595023689e-02,1.510751766375747519e-02,1.319493423447055391e-01,1.560135522913448647e-01,1.493432057443093153e-01,1.261806013348811539e-01
1.707500000000000018e+00,2.768871224070400608e-02,4.677795754194274958e-02,7.198198802013094921e-02,5.264095297457508510e-02,4.237181171483845321e-01,2.653292993925710497e-01,6.921602763330689245e-02,5.170618368979664758e-01,9.491520356017939530e-01,1.120512551172965637e-01,1.375409484593027720e+01,1.650549666324521714e-02,2.308298683967444434e-02,2.116191628695048704e-02,1.509050923120392601e-02,1.318701216481287797e-01,1.559473898629749611e-01,1.493171198416614331e-01,1.260909903892558637e-01
1.709999999999999964e+00,2.773470088969899258e-02,4.669957867583576089e-02,7.194086393365865806e-02,5.229957699922302417e-02,4.246557856910907480e-01,2.662186735112918590e-01,6.916751686485597683e-02,5.175585008249068419e-01,9.494328992878784401e-01,1.126399178209097213e-01,1.376535490113148796e+01,1.649050108480205196e-02,2.307015396446522940e-02,2.116075581225996052e-02,1.507350404475981884e-02,1.317907070369784550e-01,1.558809730644664659e-01,1.492909389526478892e-01,1.260012845349664234e-01
1.712500000000000133e+00,2.778123756021454518e-02,4.662143536880422601e-02,7.189966724668189757e-02,5.195570334852531863e-02,4.255964353148784518e-01,2.671091029559745089e-01,6.911926788039628178e-02,5.180551651022063941e-01,9.497152363163579025e-01,1.132299310821870686e-01,1.377664540695509210e+01,1.647548272035939329e-02,2.305727831900879557e-02,2.115959809740913106e-02,1.505650214308014434e-02,1.317110983119437750e-01,1.558143018881575081e-01,1.492646629139680325e-01,1.259114839526543628e-01
1.715000000000000080e+00,2.782832253180140408e-02,4.654354415531229694e-02,7.185839768488010149e-02,5.160934495589974969e-02,4.265400596837629621e-01,2.680005954526332168e-01,6.907128607081068628e-02,5.185518649019614790e-01,9.499990500790571613e-01,1.138213072706826673e-01,1.378796647562439937e+01,1.646044154207219889e-02,2.304435992806348407e-02,2.115844312765239807e-02,1.503950356343499752e-02,1.316312952756991950e-01,1.557473763250460663e-01,1.492382915599849147e-01,1.258215888165379048e-01
1.717500000000000027e+00,2.787595602769877765e-02,4.646592184909884710e-02,7.181705496778893749e-02,5.126051485154292653e-02,4.274866524564078230e-01,2.688931589481497464e-01,6.902357695497392254e-02,5.190486354823219406e-01,9.502843439989083762e-01,1.144140589017247633e-01,1.379931822012144593e+01,1.644537752288226587e-02,2.303139881630784577e-02,2.115729088796149820e-02,1.502250834171367164e-02,1.315512977328922029e-01,1.556801963647325426e-01,1.492118247226823791e-01,1.257315992944030014e-01
1.719999999999999973e+00,2.792413821462671336e-02,4.638858553766780912e-02,7.177563880928670981e-02,5.090922615997509060e-02,4.284362072933399768e-01,2.697868016043576400e-01,6.897614618347680526e-02,5.195455121743773885e-01,9.505711215303129791e-01,1.150081986353868879e-01,1.381070075419402521e+01,1.643029063651778657e-02,2.301839500832964305e-02,2.115614136301873296e-02,1.500551651242926741e-02,1.314711054901305243e-01,1.556127619953639185e-01,1.491852622316218735e-01,1.256415155475969769e-01
1.722500000000000142e+00,2.797286920259233964e-02,4.631155257641334649e-02,7.173414891809601346e-02,5.055549209755087758e-02,4.293887178642284419e-01,2.706815317916469454e-01,6.892899954243013327e-02,5.200425303689368839e-01,9.508593861595020513e-01,1.156037392754130921e-01,1.382211419236270622e+01,1.641518085749258532e-02,2.300534852861522289e-02,2.115499453721000206e-02,1.498852810872380696e-02,1.313907183559684388e-01,1.555450732035797701e-01,1.491586039138994013e-01,1.255513377310246981e-01
1.725000000000000089e+00,2.802214904470952742e-02,4.623484058237736782e-02,7.169258499830057085e-02,5.019932596993665480e-02,4.303441778552208885e-01,2.715773580820819988e-01,6.888214295734899906e-02,5.205397255032154780e-01,9.511491414048952597e-01,1.162006937680978291e-01,1.383355864992785378e+01,1.640004816110506372e-02,2.299225940153935832e-02,2.115385039461762165e-02,1.497154316237386470e-02,1.313101361408920420e-01,1.554771299744601154e-01,1.491318495941014732e-01,1.254610659931471861e-01
1.727500000000000036e+00,2.807197773703300897e-02,4.615846742763634464e-02,7.165094674987716739e-02,4.984074116955174855e-02,4.313025809763396112e-01,2.724742892420171647e-01,6.883558249711813071e-02,5.210371330474256046e-01,9.514403908174546842e-01,1.167990752011189431e-01,1.384503424297664331e+01,1.638489252343682673e-02,2.297912765135552704e-02,2.115270891901296219e-02,1.495456170379669790e-02,1.312293586573039239e-01,1.554089322914750937e-01,1.491049990942614201e-01,1.253707004759830324e-01
1.729999999999999982e+00,2.812235521840679778e-02,4.608245123231646118e-02,7.160923386924225587e-02,4.947975117297102182e-02,4.322639209689289053e-01,2.733723342241985987e-01,6.878932437803932098e-02,5.215347884912777676e-01,9.517331379810360925e-01,1.173988968023225860e-01,1.385654108839006682e+01,1.636971392135099304e-02,2.296595330218668268e-02,2.115157009384886072e-02,1.493758376205689582e-02,1.311483857195069602e-01,1.553404801364370313e-01,1.490780522338149006e-01,1.252802413151122007e-01
1.732499999999999929e+00,2.817328137032701352e-02,4.600681035723366841e-02,7.156744604981282731e-02,4.911636953828683178e-02,4.332281916131570099e-01,2.742715021593417069e-01,6.874337496796080471e-02,5.220327273303938531e-01,9.520273865127402146e-01,1.180001719384599357e-01,1.386807930384993170e+01,1.635451233249021405e-02,2.295273637801654998e-02,2.115043390225181119e-02,1.492060936487352510e-02,1.310672171436869093e-01,1.552717734894541179e-01,1.490510088295551039e-01,1.251896886396822450e-01
1.735000000000000098e+00,2.822475601682002122e-02,4.593156339615824674e-02,7.152558298258152036e-02,4.875060990242901376e-02,4.341953867355649588e-01,2.751718023471687036e-01,6.869774079049013882e-02,5.225309850526412836e-01,9.523231400632561350e-01,1.186029141138742055e-01,1.387964900784585076e+01,1.633928773527435624e-02,2.293947690268145420e-02,2.114930032701396387e-02,1.490363853862779024e-02,1.309858527478945933e-01,1.552028123288870243e-01,1.490238686955879244e-01,1.250990425724174682e-01
1.737500000000000044e+00,2.827677892433517332e-02,4.585672916770135166e-02,7.148364435670499784e-02,4.838248597843958915e-02,4.351655002166603947e-01,2.760732442468977754e-01,6.865242852929034911e-02,5.230295971243875686e-01,9.526204023172045732e-01,1.192071369691367899e-01,1.389125031968222501e+01,1.632404010889790605e-02,2.292617489986272308e-02,2.114816935058488542e-02,1.488667130837119032e-02,1.309042923520271073e-01,1.551335966313072690e-01,1.489966316432864146e-01,1.250083032296304131e-01
1.739999999999999991e+00,2.832934980165326480e-02,4.578232670682225863e-02,7.144162986010611782e-02,4.801201155270166249e-02,4.361385259985549046e-01,2.769758374671667522e-01,6.860744503246113402e-02,5.235285989766802484e-01,9.529191769934761691e-01,1.198128542796322582e-01,1.390288335948518750e+01,1.630876943332704165e-02,2.291283039307970629e-02,2.114704095506308307e-02,1.486970769783418911e-02,1.308225357778081133e-01,1.550641263714584994e-01,1.489692974812450998e-01,1.249174707212361013e-01
1.742499999999999938e+00,2.838246829981052460e-02,4.570837525595581458e-02,7.139953918008842826e-02,4.763920048211793545e-02,4.371144580926392686e-01,2.778795917553835149e-01,6.856279731700426483e-02,5.240280259913570049e-01,9.532194678455677694e-01,1.204200799540905698e-01,1.391454824820956304e+01,1.629347568929639598e-02,2.289944340568342285e-02,2.114591512218733094e-02,1.485274772943538137e-02,1.307405828487673005e-01,1.549944015222203542e-01,1.489418660152339591e-01,1.248265451507686169e-01
1.745000000000000107e+00,2.843613401203837210e-02,4.563489425575744524e-02,7.135737200396327640e-02,4.726406669124103704e-02,4.380932905872959582e-01,2.787845169864848760e-01,6.851849257337508381e-02,5.245279134870944882e-01,9.535212786619124969e-01,1.210288280330655414e-01,1.392624510764577117e+01,1.627815885830552825e-02,2.288601396085086781e-02,2.114479183332771892e-02,1.483579142429115524e-02,1.306584333902192085e-01,1.549244220545747674e-01,1.489143370481518791e-01,1.247355266154007020e-01
1.747500000000000053e+00,2.849034647371923024e-02,4.556190333546659282e-02,7.131512801968892257e-02,4.688662416934850224e-02,4.390750176556415529e-01,2.796906231510979945e-01,6.847453817012015553e-02,5.250282967053914174e-01,9.538246132662078214e-01,1.216391126873591355e-01,1.393797406042674147e+01,1.626281892261507642e-02,2.287254208158003010e-02,2.114367106947650371e-02,1.481883880222586471e-02,1.305760872292410779e-01,1.548541879375755215e-01,1.488867103799798863e-01,1.246444152059656835e-01
1.750000000000000000e+00,2.854510516235871792e-02,4.548942230288735566e-02,7.127280691652047862e-02,4.650688696746529266e-02,4.400596335633022438e-01,2.805979203430858937e-01,6.843094165860148792e-02,5.255292107965005011e-01,9.541294755177401887e-01,1.222509482163900429e-01,1.394973523003476679e+01,1.624745586524259378e-02,2.285902779068562513e-02,2.114255281123868582e-02,1.480188988178248420e-02,1.304935441946500074e-01,1.547836991383203797e-01,1.488589858077339623e-01,1.245532110069819814e-01
1.752499999999999947e+00,2.860040949757433615e-02,4.541747113398456048e-02,7.123040838567114286e-02,4.612486919532867574e-02,4.410471326762088196e-01,2.815064187464655920e-01,6.838771077780858576e-02,5.260306908053070662e-01,9.544358693117025449e-01,1.228643490465049781e-01,1.396152874080834572e+01,1.623206966995810463e-02,2.284547111079560447e-02,2.114143703882234715e-02,1.478494468023376814e-02,1.304108041169791954e-01,1.547129556219266899e-01,1.488311631254175260e-01,1.244619140966805315e-01
1.755000000000000115e+00,2.865625884110073462e-02,4.534606996209733509e-02,7.118793212098349643e-02,4.574058501829428997e-02,4.420375094684198536e-01,2.824161286216906319e-01,6.834485345925815636e-02,5.265327716571632788e-01,9.547437985795117488e-01,1.234793297292335057e-01,1.397335471794900386e+01,1.621666032127932686e-02,2.283187206434845323e-02,2.114032373202874918e-02,1.476800321359389434e-02,1.303278668284535424e-01,1.546419573515098456e-01,1.488032421239734449e-01,1.243705245470344833e-01
1.757500000000000062e+00,2.871265249681225970e-02,4.527523906676769738e-02,7.114537781961004226e-02,4.535404865418352083e-02,4.430307585299567141e-01,2.833270602912769665e-01,6.830237783198278567e-02,5.270354881436812855e-01,9.550532672891172137e-01,1.240959049394827901e-01,1.398521328752804749e+01,1.620122780446661692e-02,2.281823067359130958e-02,2.113921287024214668e-02,1.475106549663060020e-02,1.302447321629644772e-01,1.545707042881654392e-01,1.487752225912357951e-01,1.242790424237918551e-01
1.760000000000000009e+00,2.876958971076198912e-02,4.520499886218629776e-02,7.110274518270293109e-02,4.496527437006850314e-02,4.440268745746565604e-01,2.842392241247687079e-01,6.826029222760851556e-02,5.275388749084934936e-01,9.553642794453078846e-01,1.247140894736737116e-01,1.399710457649331730e+01,1.618577210551759224e-02,2.280454696057897246e-02,2.113810443241936898e-02,1.473413154287780101e-02,1.301613999560438939e-01,1.544991963909546906e-01,1.487471043118812342e-01,1.241874677865105747e-01
1.762499999999999956e+00,2.882706967123903688e-02,4.513536988525430893e-02,7.106003391611204201e-02,4.457427647899220996e-02,4.450258524480338873e-01,2.851526305230238645e-01,6.821860518552280706e-02,5.280429664329795436e-01,9.556768390900142185e-01,1.253338982478155172e-01,1.400902871267585681e+01,1.617029321116146556e-02,2.279082094717377674e-02,2.113699839707910977e-02,1.471720136464869585e-02,1.300778700448375624e-01,1.544274336168933726e-01,1.487188870673797625e-01,1.240958006885962694e-01
1.765000000000000124e+00,2.888509150884225815e-02,4.506637278326208057e-02,7.101724373109011279e-02,4.418106933662618169e-02,4.460276871351473993e-01,2.860672899018113502e-01,6.817732545813266765e-02,5.285477970219730759e-01,9.559909503026038369e-01,1.259553462955188274e-01,1.402098582479657729e+01,1.615479110885308794e-02,2.277705265504642584e-02,2.113589474229096363e-02,1.470027497304934351e-02,1.299941422680775671e-01,1.543554159209448440e-01,1.486905706359454293e-01,1.240040411773426915e-01
1.767500000000000071e+00,2.894365429657263719e-02,4.499802830118614788e-02,7.097437434500480924e-02,4.378566733785999726e-02,4.470323737684699372e-01,2.869832126747065004e-01,6.813646201621384457e-02,5.290534007894518442e-01,9.563066172001730703e-01,1.265784487659462054e-01,1.403297604247285868e+01,1.613926578676667251e-02,2.276324210567777853e-02,2.113479344566416770e-02,1.468335237799272587e-02,1.299102164660543568e-01,1.542831432560166915e-01,1.486621547924864284e-01,1.239121892939747116e-01
1.770000000000000018e+00,2.900275704994275880e-02,4.493035726860435120e-02,7.093142548205694231e-02,4.338808491332268175e-02,4.480399076357546306e-01,2.879004092352704380e-01,6.809602405435202788e-02,5.295598116442126191e-01,9.566238439378338398e-01,1.272032209216980569e-01,1.404499949622508304e+01,1.612371723378925106e-02,2.274938932036164874e-02,2.113369448433609354e-02,1.466643358821326931e-02,1.298260924805877403e-01,1.542106155729613126e-01,1.486336393085548879e-01,1.238202450736940047e-01
1.772499999999999964e+00,2.906239872710485520e-02,4.486338058623180053e-02,7.088839687400355638e-02,4.298833652583683440e-02,4.490502841878945550e-01,2.888188899385057407e-01,6.805602099647652115e-02,5.300670632755449807e-01,9.569426347089933227e-01,1.278296781366345947e-01,1.405705631748313067e+01,1.610814543951382197e-02,2.273549432020865319e-02,2.113259783496041280e-02,1.464951861128184832e-02,1.297417701549974933e-01,1.541378328205810777e-01,1.486050239522962169e-01,1.237282085457273861e-01
1.775000000000000133e+00,2.912257822899640483e-02,4.479711921207658182e-02,7.084528826088530573e-02,4.258643666680069634e-02,4.500634990467702323e-01,2.897386650815693132e-01,6.801646250148682404e-02,5.305751891389062225e-01,9.572629937456309523e-01,1.284578358936318554e-01,1.406914663859282655e+01,1.609255039423222039e-02,2.272155712615112066e-02,2.113150347369500970e-02,1.463260745362123666e-02,1.296572493340731047e-01,1.540647949456370736e-01,1.485763084883980623e-01,1.236360797333775768e-01
1.777500000000000080e+00,2.918329439950461193e-02,4.473159414721969429e-02,7.080209939175724498e-02,4.218239985250009372e-02,4.510795480130817547e-01,2.906597448837394682e-01,6.797735846897301482e-02,5.310842224416049140e-01,9.575849253185669818e-01,1.290877097822705766e-01,1.408127059282229432e+01,1.607693208892769371e-02,2.270757775894913233e-02,2.113041137618957427e-02,1.461570012052203216e-02,1.295725298640431067e-01,1.539915018928631474e-01,1.485474926780388782e-01,1.235438586540769101e-01
1.780000000000000027e+00,2.924454602564868430e-02,4.466682642121855285e-02,7.075883002542243672e-02,4.177624062034752256e-02,4.520984270741593147e-01,2.915821394656162302e-01,6.793871904503112624e-02,5.315941961284993411e-01,9.579084337377260505e-01,1.297193154964578210e-01,1.409342831436827126e+01,1.606129051526720281e-02,2.269355623919770693e-02,2.112932151757290766e-02,1.459879661615902553e-02,1.294876115925435167e-01,1.539179536049837815e-01,1.485185762788361341e-01,1.234515453194433843e-01
1.782499999999999973e+00,2.930633183778113757e-02,4.460283707713773999e-02,7.071547993116636399e-02,4.136797352504923558e-02,4.531201324117467566e-01,2.925058588275522009e-01,6.790055462817307097e-02,5.321051428677232575e-01,9.582335233523963103e-01,1.303526688319801563e-01,1.410561993836235928e+01,1.604562566559344580e-02,2.267949258733518644e-02,2.112823387243991866e-02,1.458189694360802376e-02,1.294024943685858353e-01,1.538441500227371306e-01,1.484895590447939395e-01,1.233591397353393654e-01
1.785000000000000142e+00,2.936865050980727240e-02,4.453964715620848530e-02,7.067204888949289721e-02,4.095761313469759718e-02,4.541446604097571504e-01,2.934309128272959422e-01,6.786287587533314236e-02,5.326170950364388368e-01,9.585601985514792256e-01,1.309877856839872512e-01,1.411784560087714979e+01,1.602993753291659731e-02,2.266538682365285343e-02,2.112714841483830791e-02,1.456500110486311401e-02,1.293171780425245720e-01,1.537700910849028602e-01,1.484604407262505588e-01,1.232666419019330661e-01
1.787500000000000089e+00,2.943150065942360186e-02,4.447727768211939825e-02,7.062853669285873437e-02,4.054517402679051752e-02,4.551720076619890087e-01,2.943573111568402734e-01,6.782569370797110475e-02,5.331300847066335891e-01,9.588884637637360431e-01,1.316246820444058607e-01,1.413010543893235393e+01,1.601422611090577708e-02,2.265123896830580075e-02,2.112606511825495387e-02,1.454810910085436483e-02,1.292316624660238000e-01,1.536957767283347598e-01,1.484312210698251755e-01,1.231740518137623003e-01
1.790000000000000036e+00,2.949488084837474308e-02,4.441574964494159755e-02,7.058494314640743894e-02,4.013067078417512784e-02,4.562021709798027569e-01,2.952850633184663232e-01,6.778901931827312211e-02,5.336441436309592445e-01,9.592183234580261564e-01,1.322633739992818414e-01,1.414239959050078355e+01,1.599849139388026531e-02,2.263704904132513712e-02,2.112498395560194822e-02,1.453122093146596780e-02,1.291459474920237382e-01,1.536212068879989068e-01,1.484018998183644356e-01,1.230813694598011238e-01
1.792499999999999982e+00,2.955878958272950552e-02,4.435508398469078378e-02,7.054126806870016086e-02,3.971411799091896511e-02,4.572351473997523508e-01,2.962141785999693466e-01,6.775286417545102469e-02,5.341593032286342524e-01,9.595497821435386987e-01,1.329038777260521942e-01,1.415472819451427888e+01,1.598273337680043010e-02,2.262281706263151448e-02,2.112390489920233649e-02,1.451433659555479219e-02,1.290600329747063624e-01,1.535463814970168539e-01,1.483724767108885456e-01,1.229885948235287935e-01
1.794999999999999929e+00,2.962322531317514510e-02,4.429530157453014788e-02,7.049751129244334613e-02,3.929553022810410717e-02,4.582709341911597178e-01,2.971446660490589253e-01,6.771724003214112109e-02,5.346755945714060099e-01,9.598828443700174740e-01,1.335462094907428343e-01,1.416709139086954039e+01,1.596695205525841890e-02,2.260854305205007089e-02,2.112282792077551513e-02,1.449745609096937324e-02,1.289739187694607381e-01,1.534713004867145347e-01,1.483429514825369833e-01,1.228957278830015154e-01
1.797500000000000098e+00,2.968818643533126592e-02,4.423642320361646785e-02,7.045367266521106175e-02,3.887492206954872020e-02,4.593095288636373508e-01,2.980765344469250011e-01,6.768215893090341606e-02,5.351930483695900298e-01,9.602175147279801148e-01,1.341903856450951671e-01,1.417948932043387522e+01,1.595114742546857936e-02,2.259422702932677163e-02,2.112175299142229554e-02,1.448057941456930113e-02,1.288876047328477437e-01,1.533959637866763870e-01,1.483133238645135132e-01,1.228027686109263855e-01
1.800000000000000044e+00,2.975367129008194694e-02,4.417846955959467414e-02,7.040975205016240801e-02,3.845230807745327051e-02,4.603509291745426224e-01,2.990097922809589748e-01,6.764763321082233050e-02,5.357116949581940402e-01,9.605537978489262496e-01,1.348364226236182239e-01,1.419192212505083361e+01,1.593531948425764427e-02,2.257986901414624215e-02,2.112068008160962809e-02,1.446370656224502810e-02,1.288010907225646540e-01,1.533203713248058042e-01,1.482835935840313146e-01,1.227097169747382588e-01
1.802499999999999991e+00,2.981967816392684309e-02,4.412146121074395771e-02,7.036574932675100646e-02,3.802770279797423186e-02,4.613951331363662089e-01,2.999444477166229306e-01,6.761367551420978395e-02,5.362315642831363416e-01,9.608916984055433375e-01,1.354843369405674403e-01,1.420438994754576356e+01,1.591946822905464937e-02,2.256546902615110331e-02,2.111960916115497924e-02,1.444683752893806405e-02,1.287143765974089193e-01,1.532445230273910830e-01,1.482537603642569701e-01,1.226165729366787832e-01
1.804999999999999938e+00,2.988620528935126072e-02,4.406541858777968806e-02,7.032166439142688297e-02,3.760112075672385201e-02,4.624421390240425755e-01,3.008805085684582159e-01,6.758029879341174995e-02,5.367526858875673046e-01,9.612312211119000693e-01,1.361341451868484098e-01,1.421689293173123225e+01,1.590359365788063944e-02,2.255102708496285052e-02,2.111854019921036857e-02,1.442997230866156951e-02,1.286274622172418891e-01,1.531684188191776708e-01,1.482238239242547606e-01,1.225233364538781122e-01
1.807500000000000107e+00,2.995325084521487102e-02,4.401036196531660227e-02,7.027749715832871946e-02,3.717257645419806689e-02,4.634919453821809698e-01,3.018179822702269921e-01,6.754751631772007436e-02,5.372750888983073292e-01,9.615723707236355500e-01,1.367858640268465042e-01,1.422943122241237468e+01,1.588769576933811087e-02,2.253654321020432186e-02,2.111747316424603463e-02,1.441311089452132835e-02,1.285403474429518689e-01,1.530920586234465752e-01,1.481937839789297939e-01,1.224300074784389347e-01
1.810000000000000053e+00,3.002081295715896408e-02,4.395631144299715770e-02,7.023324755996558644e-02,3.674208436113399895e-02,4.645445510322072091e-01,3.027568758441807617e-01,6.751534168038977879e-02,5.377988020124125912e-01,9.619151520381382658e-01,1.374395101951815523e-01,1.424200496539209659e+01,1.587177456260025626e-02,2.252201742152381073e-02,2.111640802403374692e-02,1.439625327873709712e-02,1.284530321364171224e-01,1.530154423620991300e-01,1.481636402389712726e-01,1.223365859575230308e-01
1.812500000000000000e+00,3.008888969803259761e-02,4.390328692629142521e-02,7.018891554788687925e-02,3.630965891379727556e-02,4.655999550794130415e-01,3.036971958694485996e-01,6.748378880576408334e-02,5.383238534838762357e-01,9.622595698947167264e-01,1.380951004933867188e-01,1.425461430747618508e+01,1.585583003739995597e-02,2.250744973862082998e-02,2.111534474562975355e-02,1.437939945266432200e-02,1.283655161604685957e-01,1.529385699557486156e-01,1.481333924107950117e-01,1.222430718334403393e-01
1.814999999999999947e+00,3.015747908833699142e-02,4.385130810697276948e-02,7.014450109333893180e-02,3.587531450920091597e-02,4.666581569199035884e-01,3.046389484495407585e-01,6.745287195650812029e-02,5.388502711104783405e-01,9.626056291747643323e-01,1.387526517865130538e-01,1.426725939647828412e+01,1.583986219401857520e-02,2.249284018127359688e-02,2.111428329535735768e-02,1.436254940681620795e-02,1.282777993788520310e-01,1.528614413238179870e-01,1.481030401964855692e-01,1.221494650437401075e-01
1.817500000000000115e+00,3.022657909668819212e-02,4.380039444327670645e-02,7.010000418790744703e-02,3.543906550025836821e-02,4.677191562474389830e-01,3.055821391789650954e-01,6.742260574095278181e-02,5.393780822208019687e-01,9.629533348019130301e-01,1.394121809996583805e-01,1.427994038122475295e+01,1.582387103327454261e-02,2.247818876936827012e-02,2.111322363878910535e-02,1.434570313088613831e-02,1.281898816561900800e-01,1.527840563846450395e-01,1.480725832937378195e-01,1.220557655213046350e-01
1.820000000000000062e+00,3.029618764029849351e-02,4.375056513974773936e-02,7.005542484414410687e-02,3.500092619087168122e-02,4.687829530601614891e-01,3.065267731089506564e-01,6.739300512055058923e-02,5.399073136614191970e-01,9.633026917421780855e-01,1.400737051144205214e-01,1.429265741155937519e+01,1.580785655651172072e-02,2.246349552292998750e-02,2.111216574072860910e-02,1.432886061377043260e-02,1.281017628579444179e-01,1.527064150555944577e-01,1.480420213957983344e-01,1.219619731944453778e-01
1.822500000000000009e+00,3.036630258547513145e-02,4.370183912678175797e-02,7.001076309617627891e-02,3.456091083095687994e-02,4.698495476672026050e-01,3.074728547122757560e-01,6.736408541744479117e-02,5.404379917842665471e-01,9.636537050040956398e-01,1.407372411652768052e-01,1.430541063834797200e+01,1.579181876558759592e-02,2.244876046215570770e-02,2.111110956519195517e-02,1.431202184359143224e-02,1.280134428503773292e-01,1.526285172531767764e-01,1.480113541914060415e-01,1.218680879870011891e-01
1.824999999999999956e+00,3.043692174813741533e-02,4.365423503987056475e-02,6.996601900029832122e-02,3.411903361140999208e-02,4.709189406951633794e-01,3.084203878472029925e-01,6.733586232215400813e-02,5.409701424342200360e-01,9.640063796388513850e-01,1.414028062358882176e-01,1.431820021348284300e+01,1.577575766286125336e-02,2.243398360744895681e-02,2.111005507538874643e-02,1.429518680772089850e-02,1.279249215005132390e-01,1.525503628931748901e-01,1.479805813647322998e-01,1.217741098184388221e-01
1.827500000000000124e+00,3.050804289435126576e-02,4.360777119855577255e-02,6.992119263554337494e-02,3.367530865901487147e-02,4.719911330944584482e-01,3.093693757205172035e-01,6.730835190137386681e-02,5.415037909368849434e-01,9.643607207403966930e-01,1.420704174553296117e-01,1.433102628988707750e+01,1.575967325118119225e-02,2.241916497945646916e-02,2.110900223370272208e-02,1.427835549280372096e-02,1.278361986761002989e-01,1.524719518907780846e-01,1.479497025953210310e-01,1.216800386039558340e-01
1.830000000000000071e+00,3.057966374088131115e-02,4.356246558509999089e-02,6.987628410423395164e-02,3.322975003129693267e-02,4.730661261455212374e-01,3.103198208496671939e-01,6.728157060589762262e-02,5.420389620866140623e-01,9.647167334455584164e-01,1.427400919942462543e-01,1.434388902151872536e+01,1.574356553387296076e-02,2.240430459910677102e-02,2.110795100167197832e-02,1.426152788478191914e-02,1.277472742455720012e-01,1.523932841607235633e-01,1.479187175580277125e-01,1.215858742545855159e-01
1.832500000000000018e+00,3.065178195575980410e-02,4.351833582288355817e-02,6.983129353251044114e-02,3.278237171132500349e-02,4.741439214648597300e-01,3.112717250240167877e-01,6.725553527865815728e-02,5.425756801347674241e-01,9.650744229341385871e-01,1.434118470609378471e-01,1.435678856337481335e+01,1.572743451472661050e-02,2.238940248765077662e-02,2.110690133996877618e-02,1.424470396891892691e-02,1.276581480780081546e-01,1.523143596174456882e-01,1.478876259229582601e-01,1.214916166773040013e-01
1.834999999999999964e+00,3.072439515887296843e-02,4.347539915453477177e-02,6.978622107083574944e-02,3.233318760246488288e-02,4.752245210109542484e-01,3.122250892652037590e-01,6.723026316289333615e-02,5.431139687782332581e-01,9.654337944290023454e-01,1.440856998973703285e-01,1.436972507149520162e+01,1.571128019798401915e-02,2.237445866670439293e-02,2.110585320837892950e-02,1.422788372982414229e-02,1.275688200430968033e-01,1.522351781752334099e-01,1.478564273554073272e-01,1.213972657751394846e-01
1.837500000000000133e+00,3.079750092256336794e-02,4.343367241980341381e-02,6.974106689447528984e-02,3.188221152308869794e-02,4.763079270899956974e-01,3.131799137866154159e-01,6.720577191043715370e-02,5.436538511482184033e-01,9.657948531961576544e-01,1.447616677751166758e-01,1.438269870296630870e+01,1.569510258832603269e-02,2.235947315829318882e-02,2.110480656578076625e-02,1.421106715147774091e-02,1.274792900110953420e-01,1.521557397483955243e-01,1.478251215157961040e-01,1.213028214472835625e-01
1.840000000000000080e+00,3.087109677224891824e-02,4.339317203318651672e-02,6.969583120394984288e-02,3.142945720124239173e-02,4.773941423614505575e-01,3.141361979519856074e-01,6.718207959013898500e-02,5.441953497993287092e-01,9.661576045448245775e-01,1.454397679912278474e-01,1.439570961592462695e+01,1.567890169085948623e-02,2.234444598489918055e-02,2.110376137012365955e-02,1.419425421725573240e-02,1.273895578527923511e-01,1.520760442514342281e-01,1.477937080596094799e-01,1.212082835892043936e-01
1.842500000000000027e+00,3.094518018705761861e-02,4.335391396131615949e-02,6.965051422546136850e-02,3.097493826927684435e-02,4.784831698434480751e-01,3.150939402331173755e-01,6.715920469641376012e-02,5.447384866989568586e-01,9.665220538274926776e-01,1.461200178640348901e-01,1.440875796956012955e+01,1.566267751110408946e-02,2.232937716950974399e-02,2.110271757840611814e-02,1.417744490995524048e-02,1.272996234394691006e-01,1.519960915992270567e-01,1.477621866373328430e-01,1.211136520927620919e-01
1.844999999999999973e+00,3.101974860047791022e-02,4.331591370012021630e-02,6.960511621128984139e-02,3.051866825844658238e-02,4.795750129179834342e-01,3.160531381667475159e-01,6.713716615792623965e-02,5.452832832169880461e-01,9.668882064399696441e-01,1.468024347288845455e-01,1.442184392411946980e+01,1.564643005497917683e-02,2.231426673566869190e-02,2.110167514665343622e-02,1.416063921182000689e-02,1.272094866428616078e-01,1.519158817072171486e-01,1.477305568943882430e-01,1.210189268463257584e-01
1.847500000000000142e+00,3.109479940102414727e-02,4.327918625176677137e-02,6.955963744015886130e-02,3.006066059347993133e-02,4.806696753359251395e-01,3.170137883105574317e-01,6.711598334641087626e-02,5.458297601158480505e-01,9.672560678214185970e-01,1.474870359338084358e-01,1.443496764090901330e+01,1.563015932879036063e-02,2.229911470752957842e-02,2.110063402989487830e-02,1.414383710456609648e-02,1.271191473351225565e-01,1.518354144916124193e-01,1.476988184710699703e-01,1.209241077348925386e-01
1.850000000000000089e+00,3.117032993291680293e-02,4.324374610140339914e-02,6.951407821757027428e-02,2.960092858712577366e-02,4.817671612218245580e-01,3.179758861983455476e-01,6.709567608563220265e-02,5.463779375409033578e-01,9.676256434543839546e-01,1.481738388351291624e-01,1.444812928229772808e+01,1.561386533921605736e-02,2.228392110991122763e-02,2.109959418214042010e-02,1.412703856940777936e-02,1.270286053887837163e-01,1.517546898695932289e-01,1.476669710024796633e-01,1.208291946402083733e-01
1.852500000000000036e+00,3.124633749677697275e-02,4.320960719370377928e-02,6.946843887610540391e-02,2.913948543468209210e-02,4.828674750785128533e-01,3.189394262943761049e-01,6.707626466048775826e-02,5.469278350112376508e-01,9.679969388648064221e-01,1.488628607930041758e-01,1.446132901171985274e+01,1.559754809329394476e-02,2.226868596835554145e-02,2.109855555635701402e-02,1.411024358708359502e-02,1.269378606767186946e-01,1.516737077595289862e-01,1.476350141184606946e-01,1.207341874408905807e-01
1.854999999999999982e+00,3.132281935033476294e-02,4.317678290923381013e-02,6.942271977569205998e-02,2.867634420851162755e-02,4.839706217914858666e-01,3.199044019469204914e-01,6.705776982625735738e-02,5.474794714108178750e-01,9.683699596220275430e-01,1.495541191669104708e-01,1.447456699367739752e+01,1.558120759840731298e-02,2.225340930918761131e-02,2.109751810444438283e-02,1.409345213788256584e-02,1.268469130721056881e-01,1.515924680812038017e-01,1.476029474435321953e-01,1.206390860125519382e-01
1.857499999999999929e+00,3.139977270915093183e-02,4.314528604065092504e-02,6.937692130383547873e-02,2.821151785254941494e-02,4.850766066330610693e-01,3.208708053410085914e-01,6.704021281800205678e-02,5.480328649800720875e-01,9.687447113387819275e-01,1.502476313110711614e-01,1.448784339374249086e+01,1.556484386227134642e-02,2.223809115957815080e-02,2.109648177721033455e-02,1.407666420167054573e-02,1.267557624483911516e-01,1.515109707560512164e-01,1.475707705968221928e-01,1.205438902279265811e-01
1.860000000000000098e+00,3.147719474735138218e-02,4.311512876874989270e-02,6.933104387581280614e-02,2.774501917680929214e-02,4.861854352663055323e-01,3.218386274504123068e-01,6.702361536011751386e-02,5.485880333078958504e-01,9.691211996711774912e-01,1.509434145698284602e-01,1.450115837855949152e+01,1.554845689291934653e-02,2.222273154760831190e-02,2.109544652434558118e-02,1.405987975791669550e-02,1.266644086792533264e-01,1.514292157073982570e-01,1.475384831920004691e-01,1.204485999569972626e-01
1.862500000000000044e+00,3.155508259837403601e-02,4.308632263837026272e-02,6.928508793482919537e-02,2.727686085189371182e-02,4.872971137487218107e-01,3.228078579888825628e-01,6.700799967604430252e-02,5.491449933241047132e-01,9.694994303186671436e-01,1.516414862729638102e-01,1.451451211584695145e+01,1.553204669868889914e-02,2.220733050233686390e-02,2.109441229439806831e-02,1.404309878572005538e-02,1.265728516385666858e-01,1.513472028607185105e-01,1.475060848372101718e-01,1.203532150671241113e-01
1.864999999999999991e+00,3.163343335572724180e-02,4.305887853417987576e-02,6.923905395213400538e-02,2.680705540351433630e-02,4.884116485356890802e-01,3.237784853606667790e-01,6.699338849814026609e-02,5.497037612923556527e-01,9.698794090240039356e-01,1.523418637309687240e-01,1.452790477439936900e+01,1.551561328820799494e-02,2.219188805386979740e-02,2.109337903474679463e-02,1.402632126383620420e-02,1.264810912003666576e-01,1.512649321438949979e-01,1.474735751349996460e-01,1.202577354231748191e-01
1.867499999999999938e+00,3.171224407375973497e-02,4.303280665635077218e-02,6.919294242709714271e-02,2.633561520702961539e-02,4.895290464836452027e-01,3.247504966103333390e-01,6.697980507771968128e-02,5.502643528035570109e-01,9.702611415731887679e-01,1.530445642302710463e-01,1.454133652408874688e+01,1.549915667038112219e-02,2.217640423343236397e-02,2.109234669157511455e-02,1.400954717070398634e-02,1.263891272388150133e-01,1.511824034874922618e-01,1.474409536822526845e-01,1.201621608876560637e-01
1.870000000000000107e+00,3.179151176844059040e-02,4.300811649614436766e-02,6.914675388724264571e-02,2.586255248200610563e-02,4.906493148530112203e-01,3.257238773719318692e-01,6.696727319526236955e-02,5.508267827697829189e-01,9.706446337954035553e-01,1.537496050284172799e-01,1.455480753586597586e+01,1.548267685437533688e-02,2.216087907344356164e-02,2.109131520984353081e-02,1.399277648447228191e-02,1.262969596281658391e-01,1.510996168250382798e-01,1.474082200701186396e-01,1.200664913208462359e-01
1.872500000000000053e+00,3.187123341814959709e-02,4.298481681142265337e-02,6.910048888824012192e-02,2.538787928680948450e-02,4.917724613108394593e-01,3.266986118175256859e-01,6.695581717079937545e-02,5.513910654187175187e-01,9.710298915629327343e-01,1.544570033492172756e-01,1.456831798176200365e+01,1.546617384960633119e-02,2.214531260759310810e-02,2.109028453326194930e-02,1.397600918302680829e-02,1.262045882427321186e-01,1.510165720933158429e-01,1.473753738839417293e-01,1.199707265809291795e-01
1.875000000000000000e+00,3.195140596447683390e-02,4.296291560210391963e-02,6.905414801385129087e-02,2.491160751323441211e-02,4.928984939331876869e-01,3.276746826051297190e-01,6.694546187447873720e-02,5.519572142886465249e-01,9.714169207910725579e-01,1.551667763778530884e-01,1.458186803488879413e+01,1.544964766572449674e-02,2.212970487092089447e-02,2.108925460426138224e-02,1.395924524401692159e-02,1.261120129568532033e-01,1.509332692326639247e-01,1.473424147031894005e-01,1.198748665241291672e-01
1.877499999999999947e+00,3.203202631303031511e-02,4.294242008558214752e-02,6.900773187583179868e-02,2.443374888117917643e-02,4.940274212072056081e-01,3.286520708260904367e-01,6.693623273731745538e-02,5.525252422240209960e-01,9.718057274380296207e-01,1.558789412559576371e-01,1.459545786944015511e+01,1.543309831260100858e-02,2.211405589989894060e-02,2.108822536396512404e-02,1.394248464488240941e-02,1.260192336448627271e-01,1.508497081872885448e-01,1.473093421013799975e-01,1.197789110048466110e-01
1.880000000000000115e+00,3.211309133425256646e-02,4.292333667212996223e-02,6.896124111378632016e-02,2.395431493337227269e-02,4.951592520329292646e-01,3.296307559519551234e-01,6.692815576214493356e-02,5.530951613716068582e-01,9.721963175048046191e-01,1.565935150766666895e-01,1.460908766069226949e+01,1.541652580031393875e-02,2.209836573251588998e-02,2.108719675215935119e-02,1.392572736288024381e-02,1.259262501810575474e-01,1.507658889055836504e-01,1.472761556460097376e-01,1.196828598757947587e-01
1.882500000000000062e+00,3.219459786424324482e-02,4.290567094030502127e-02,6.891467639497697584e-02,2.347331703016145368e-02,4.962939957247726741e-01,3.306107157808666486e-01,6.692125753474369165e-02,5.536669831772511596e-01,9.725886970350650085e-01,1.573105148796488384e-01,1.462275758500412515e+01,1.539993013913440456e-02,2.208263440836400263e-02,2.108616870726316705e-02,1.390897337511127867e-02,1.258330624396675756e-01,1.506818113404620463e-01,1.472428548984786867e-01,1.195867129881372226e-01
1.885000000000000009e+00,3.227654270558921040e-02,4.288942761238330459e-02,6.886803841408271898e-02,2.299076634436934136e-02,4.974316620127151034e-01,3.315919263835402919e-01,6.691556523519319455e-02,5.542407183832795958e-01,9.729828721150056703e-01,1.580299576461191013e-01,1.463646781981767298e+01,1.538331133951277400e-02,2.206686196872869460e-02,2.108514116629804994e-02,1.389222265854686555e-02,1.257396702948262723e-01,1.505974754496958723e-01,1.472094394140159579e-01,1.194904701916259665e-01
1.887499999999999956e+00,3.235892262819962256e-02,4.287461052983974896e-02,6.882132789291010855e-02,2.250667385622796487e-02,4.985722610431696511e-01,3.325743620488663677e-01,6.691110664942295783e-02,5.548163770265515105e-01,9.733788488731969224e-01,1.587518602938400303e-01,1.465021854365785536e+01,1.536666941206493546e-02,2.205104845668061364e-02,2.108411406485673212e-02,1.387547519005536203e-02,1.256460736205421425e-01,1.505128811962671564e-01,1.471759087416039391e-01,1.193941313347399724e-01
1.890000000000000124e+00,3.244173437014634398e-02,4.286122262890193491e-02,6.877454558005351160e-02,2.202105034839789074e-02,4.997158033795320864e-01,3.335579952291970462e-01,6.690791018098164733e-02,5.553939684371910213e-01,9.737766334804177637e-01,1.594762396721169928e-01,1.466400993613237702e+01,1.535000436755864540e-02,2.203519391717024753e-02,2.108308733707146138e-02,1.385873094642852202e-02,1.255522722906715627e-01,1.504280285487286650e-01,1.471422624239016874e-01,1.192976962648244210e-01
1.892500000000000071e+00,3.252497463850844567e-02,4.284926591619978714e-02,6.872769225050501252e-02,2.153390640108118065e-02,5.008623000023998406e-01,3.345427964853721625e-01,6.690600486302890337e-02,5.559735012380176977e-01,9.741762321494800148e-01,1.602031125567927039e-01,1.467784217793132484e+01,1.533331621689997155e-02,2.201929839712506165e-02,2.108206091558166226e-02,1.384198990440772305e-02,1.254582661788920528e-01,1.503429174815740788e-01,1.471084999971671858e-01,1.192011648282300940e-01
1.895000000000000018e+00,3.260864011021975123e-02,4.283874144453780897e-02,6.868076870521183652e-02,2.104525238723830086e-02,5.020117623094567660e-01,3.355287344315498466e-01,6.690542037055652314e-02,5.565549833447022143e-01,9.745776511350389137e-01,1.609324956452470590e-01,1.469171545082660124e+01,1.531660497111983488e-02,2.200336194554916580e-02,2.108103473150096593e-02,1.382525204071002531e-02,1.253640551586769902e-01,1.502575479756184385e-01,1.470746209911787394e-01,1.191045368704529150e-01
1.897499999999999964e+00,3.269272743291926769e-02,4.282964928881650285e-02,6.863377577058218937e-02,2.055509846791707049e-02,5.031642021150142252e-01,3.365157756799007638e-01,6.690618703284660629e-02,5.571384219666623006e-01,9.749808967333886134e-01,1.616644055514086242e-01,1.470562993767113369e+01,1.529987064136067824e-02,2.198738461362548940e-02,2.108000871438361901e-02,1.380851733205403116e-02,1.252696391032715739e-01,1.501719200183885550e-01,1.470406249291552336e-01,1.190078122362738938e-01
1.900000000000000133e+00,3.277723322580297638e-02,4.282198852213073975e-02,6.858671429793709862e-02,2.006345458770190243e-02,5.043196316492037923e-01,3.375038847852405710e-01,6.690833584617372765e-02,5.577238236087307399e-01,9.753859752822495732e-01,1.623988588007844736e-01,1.471958582239793323e+01,1.528311323886325998e-02,2.197136645482047207e-02,2.107898279219022966e-02,1.379178575518550526e-02,1.251750178856695372e-01,1.500860336045228560e-01,1.470065113276751712e-01,1.189109907698986529e-01
1.902500000000000080e+00,3.286215408047662989e-02,4.281575719207393604e-02,6.853958516290942216e-02,1.957033047029559103e-02,5.054780635568180136e-01,3.384930241896687009e-01,6.691189848675961616e-02,5.583111940736090739e-01,9.757928931605397427e-01,1.631358718255152274e-01,1.473358329001897360e+01,1.526633277495359486e-02,2.195530752499121746e-02,2.107795689125286503e-02,1.377505728690275183e-02,1.250801913785914432e-01,1.499998887361815025e-01,1.469722796965948208e-01,1.188140723150970940e-01
1.905000000000000027e+00,3.294748656180803564e-02,4.281095229727843038e-02,6.849238926478798395e-02,1.907573561424007885e-02,5.066395108957866267e-01,3.394831541672924669e-01,6.691690732398736241e-02,5.589005384651352104e-01,9.762016567881360851e-01,1.638754609594624267e-01,1.474762252662387674e+01,1.524952926103005819e-02,2.193920788249511394e-02,2.107693093623947203e-02,1.375833190408171265e-02,1.249851594544640065e-01,1.499134854234657199e-01,1.469379295389649231e-01,1.187170567153426615e-01
1.907499999999999973e+00,3.303322720877904101e-02,4.280756976422327859e-02,6.844512752580712844e-02,1.857967928878809932e-02,5.078039871352920676e-01,3.404742327691167025e-01,6.692339543388413359e-02,5.594918611923842544e-01,9.766122726256216691e-01,1.646176424333355148e-01,1.476170371937843306e+01,1.523270270855065986e-02,2.192306758830189425e-02,2.107590485011760426e-02,1.374160958370074584e-02,1.248899219854009424e-01,1.498268236848470658e-01,1.469034603509461467e-01,1.186199438139512174e-01
1.910000000000000142e+00,3.311937253533482617e-02,4.280560442434178103e-02,6.839780089038145772e-02,1.808217052993495513e-02,5.089715061535088347e-01,3.414662157681810917e-01,6.693139661288083353e-02,5.600851659746302058e-01,9.770247471740232115e-01,1.653624323698670850e-01,1.477582705652299389e+01,1.521585312902050575e-02,2.190688670610808214e-02,2.107487855411747588e-02,1.372489030286508198e-02,1.247944788431849111e-01,1.497399035476059403e-01,1.468688716217234069e-01,1.185227334542192784e-01
1.912500000000000089e+00,3.320591903123099042e-02,4.280504999146302753e-02,6.835041032428428032e-02,1.758321813661952240e-02,5.101420822349694850e-01,3.424590566050360052e-01,6.694094539185671544e-02,5.606804558471831790e-01,9.774390869745331889e-01,1.661098467790435573e-01,1.478999272737065063e+01,1.519898053397946043e-02,2.189066530245381559e-02,2.107385196769426955e-02,1.370817403883090903e-02,1.246988298992510458e-01,1.496527250482796445e-01,1.468341628334186577e-01,1.184254254795617523e-01
1.915000000000000036e+00,3.329286316287642655e-02,4.280589903962200848e-02,6.830295681377106243e-02,1.708283066710698100e-02,5.113157300675491568e-01,3.434527063336494934e-01,6.695207705047905022e-02,5.612777331681307880e-01,9.778552986082242882e-01,1.668599015534005525e-01,1.480420092230530749e+01,1.518208493499003005e-02,2.187440344684198762e-02,2.107282500848972964e-02,1.369146076902906690e-02,1.246029750246718248e-01,1.495652882331195144e-01,1.467993334610021849e-01,1.183280197336485373e-01
1.917499999999999982e+00,3.338020137417177513e-02,4.280814298127466611e-02,6.825544136464645195e-02,1.658101643556039381e-02,5.124924647390630694e-01,3.444471135678399132e-01,6.696482763184631593e-02,5.618769996260035704e-01,9.782733886957485359e-01,1.676126124633914027e-01,1.481845183277960309e+01,1.516516634362546391e-02,2.185810121185965613e-02,2.107179759229301994e-02,1.367475047108831880e-02,1.245069140901433613e-01,1.494775931585569373e-01,1.467643829722025950e-01,1.182305160605404276e-01
1.919999999999999929e+00,3.346793008734207792e-02,4.281177204595597308e-02,6.820786500127516694e-02,1.607778350881531107e-02,5.136723017334762220e-01,3.454422244283373300e-01,6.697923395744437292e-02,5.624782562483885417e-01,9.786933638970263249e-01,1.683679951528383179e-01,1.483274565131270784e+01,1.514822477145811447e-02,2.184175867330169149e-02,2.107076963300081110e-02,1.365804312285817147e-02,1.244106469659734121e-01,1.493896398916786106e-01,1.467293108274150826e-01,1.181329143048236718e-01
1.922500000000000098e+00,3.355604570376276991e-02,4.281677525941864071e-02,6.816022876553667897e-02,1.557313970336410801e-02,5.148552569267198509e-01,3.464379824905773897e-01,6.699533364242533928e-02,5.630815034115078666e-01,9.791152309109250051e-01,1.691260651344752286e-01,1.484708257148797728e+01,1.513126023004803845e-02,2.182537591029657872e-02,2.106974104257659450e-02,1.364133870243121674e-02,1.243141735220706506e-01,1.493014285107100436e-01,1.466941164796081443e-01,1.180352143117433528e-01
1.925000000000000044e+00,3.364454460477808717e-02,4.282314042329419396e-02,6.811253371572377480e-02,1.506709258256301240e-02,5.160413465821076517e-01,3.474343287333373498e-01,6.701316511121935271e-02,5.636867408507895139e-01,9.795389964749254830e-01,1.698868377855929090e-01,1.486146278795052922e+01,1.511427273093188250e-02,2.180895300543433599e-02,2.106871173100920147e-02,1.362463718816495604e-02,1.242174936279357433e-01,1.492129591055076365e-01,1.466587993742283491e-01,1.179374159273351430e-01
1.927499999999999991e+00,3.373342315251089130e-02,4.283085409531636745e-02,6.806478092538489899e-02,1.455964945407311681e-02,5.172305873453562075e-01,3.484312014883269026e-01,6.703276761348865576e-02,5.642939676724511022e-01,9.799646673647778305e-01,1.706503283437955376e-01,1.487588649640469995e+01,1.509726228561205155e-02,2.179249004489644884e-02,2.106768160627052119e-02,1.360793855870308551e-02,1.241206071526539251e-01,1.491242317780588078e-01,1.466233589491036382e-01,1.178395189985556729e-01
1.929999999999999938e+00,3.382267769066290425e-02,4.283990157015042655e-02,6.801697148211059696e-02,1.405081736754383234e-02,5.184229962392016278e-01,3.494285363908530839e-01,6.705418124043466266e-02,5.649031823661146978e-01,9.803922503941476796e-01,1.714165519028816032e-01,1.489035389361142236e+01,1.508022890554617211e-02,2.177598711858777861e-02,2.106665057427238585e-02,1.359124279299620507e-02,1.240235139648892815e-01,1.490352466429900602e-01,1.465877946343445148e-01,1.177415233734108446e-01
1.932500000000000107e+00,3.391230454530422267e-02,4.285026686087220482e-02,6.796910648626433571e-02,1.354060311255156357e-02,5.196185906576088476e-01,3.504262663316770055e-01,6.707744694146788866e-02,5.655143828184761023e-01,9.808217524142506250e-01,1.721855234088567332e-01,1.490486517738554539e+01,1.506317260213687649e-02,2.175944432027034775e-02,2.106561853882261276e-02,1.357454987032192043e-02,1.239262139328807522e-01,1.489460038280826237e-01,1.465521058522433473e-01,1.176434289010824391e-01
1.935000000000000053e+00,3.400230002565145931e-02,4.286193268114138477e-02,6.792118704965743881e-02,1.302901321680434085e-02,5.208173883595783593e-01,3.514243214101921420e-01,6.710260654125142776e-02,5.661275663280473935e-01,9.812531803134788566e-01,1.729572576560928776e-01,1.491942054659306471e+01,1.504609338672191141e-02,2.174286174769890501e-02,2.106458540158018256e-02,1.355785977030431015e-02,1.238287069244397159e-01,1.488565034747952598e-01,1.465162920171715899e-01,1.175452354320523918e-01
1.937500000000000000e+00,3.409266042483306836e-02,4.287488042811620631e-02,6.787321429417010610e-02,1.251605394462243330e-02,5.220194074625417180e-01,3.524226288890479064e-01,6.712970275712920598e-02,5.667427296209985865e-01,9.816865410170174666e-01,1.737317692836445326e-01,1.493402020114836404e+01,1.502899127056458659e-02,2.172623950275820101e-02,2.106355106200953967e-02,1.354117247293271445e-02,1.237309928069494636e-01,1.487667457387939485e-01,1.464803525354748948e-01,1.174469428182248198e-01
1.939999999999999947e+00,3.418338202064121617e-02,4.288909016615710668e-02,6.782518935031689455e-02,1.200173129570774461e-02,5.232246664353487065e-01,3.534211131503588454e-01,6.715877921694787811e-02,5.673598688681072977e-01,9.821218414864503199e-01,1.745090727717336365e-01,1.494866434201137473e+01,1.501186626484458421e-02,2.170957769160183556e-02,2.106251541733397334e-02,1.352448795857983353e-02,1.236330714473664050e-01,1.486767307904882096e-01,1.464442868053659474e-01,1.173485509130456350e-01
1.942500000000000115e+00,3.427446107626908739e-02,4.290454061136734359e-02,6.777711335575893614e-02,1.148605100421173052e-02,5.244331840908472708e-01,3.544196956536249110e-01,6.718988047728491342e-02,5.679789797028491627e-01,9.825590887193612621e-01,1.752891824384165409e-01,1.496335317118477448e+01,1.499471838064913090e-02,2.169287642479262451e-02,2.106147836248810010e-02,1.350780620801907486e-02,1.235349427122229282e-01,1.485864588155733357e-01,1.464080942168148325e-01,1.172500595716192417e-01
1.945000000000000062e+00,3.436589384103214823e-02,4.292120911702111685e-02,6.772898745376283725e-02,1.096901853811354730e-02,5.256449795780498979e-01,3.554182948955160182e-01,6.722305204209257090e-02,5.686000572406361142e-01,9.829982897489217830e-01,1.760721124364459100e-01,1.497808689171120200e+01,1.497754762896455830e-02,2.167613581744430237e-02,2.106043979006938863e-02,1.349112720244114404e-02,1.234366064676323954e-01,1.484959300155785367e-01,1.463717741514372339e-01,1.171514686508228070e-01
1.947500000000000009e+00,3.445767655107348504e-02,4.293907165992951608e-02,6.768081279160707842e-02,1.045063909892019784e-02,5.268600723738943170e-01,3.564168263716490093e-01,6.725834038176817242e-02,5.692230960992312738e-01,9.834394516434766809e-01,1.768578767503405647e-01,1.499286570767045568e+01,1.496035402066825393e-02,2.165935598936450518e-02,2.105939959028871669e-02,1.347445092346982037e-02,1.233380625792955959e-01,1.484051446084201087e-01,1.463353259823798602e-01,1.170527780094168524e-01
1.949999999999999956e+00,3.454980543005098381e-02,4.295810282779630868e-02,6.763259051893676099e-02,9.930917621699229467e-03,5.280784822745941964e-01,3.574152025405165078e-01,6.729579295266219230e-02,5.698480904203486741e-01,9.838825815061179592e-01,1.776464891936776758e-01,1.500768982417681308e+01,1.494313756652103017e-02,2.164253706519884968e-02,2.105835765091995312e-02,1.345777735317690328e-02,1.232393109125094061e-01,1.483141028289594876e-01,1.462987490742031493e-01,1.169539875081532648e-01
1.952500000000000124e+00,3.464227668980596891e-02,4.297827580761635208e-02,6.758432178606806062e-02,9.409858775456114363e-03,5.293002293865848307e-01,3.584133327897056631e-01,6.733545821703383616e-02,5.704750338924658992e-01,9.843276864742561694e-01,1.784379634066212972e-01,1.502255944737638949e+01,1.492589827715989914e-02,2.162567917457601172e-02,2.105731385724852328e-02,1.344110647409628781e-02,1.231403513321769477e-01,1.482228049295653827e-01,1.462620427827614200e-01,1.168550970098792968e-01
1.955000000000000071e+00,3.473508653101232968e-02,4.299956237516905366e-02,6.753600774224231829e-02,8.887466963867175426e-03,5.305253341170605985e-01,3.594111234045628822e-01,6.737738566346415658e-02,5.711039197748568608e-01,9.847747737191827611e-01,1.792323128537020305e-01,1.503747478444459418e+01,1.490863616309130030e-02,2.160878245225364772e-02,2.105626809201894753e-02,1.342443826923712946e-02,1.230411837028200089e-01,1.481312511806797683e-01,1.462252064550798036e-01,1.167561063796382775e-01
1.957500000000000018e+00,3.482823114380489971e-02,4.302193288566254215e-02,6.748764953383244725e-02,8.363746326379066162e-03,5.317538171641148503e-01,3.604084775394567619e-01,6.742162582773794655e-02,5.717347409228655808e-01,9.852238504456287682e-01,1.800295508218633656e-01,1.505243604358375897e+01,1.489135123468476180e-02,2.159184703826498575e-02,2.105522023538132156e-02,1.340777272209607747e-02,1.229418078885931576e-01,1.480394418713869287e-01,1.461882394292284837e-01,1.166570154847663549e-01
1.959999999999999964e+00,3.492170670838639496e-02,4.304535626558204237e-02,6.743924830250139224e-02,7.838700739689183697e-03,5.329856995064764513e-01,3.614052951917917644e-01,6.746823031420282057e-02,5.723674898144434087e-01,9.856749238913193878e-01,1.808296904187898790e-01,1.506744343402087338e+01,1.487404350216702843e-02,2.157487307806597518e-02,2.105417016483672119e-02,1.339110981666852621e-02,1.228422237532996730e-01,1.479473773099850009e-01,1.461511410341933825e-01,1.165578241949850880e-01
1.962500000000000133e+00,3.501550939561154374e-02,4.306980000579758994e-02,6.739080518331463932e-02,7.312333819613334521e-03,5.342210023928527507e-01,3.624014731789310662e-01,6.751725181761558670e-02,5.730021585779481175e-01,9.861280013265227851e-01,1.816327445715341105e-01,1.508249716600553469e+01,1.485671297561665626e-02,2.155786072268276940e-02,2.105311775518150033e-02,1.337444953745886220e-02,1.227424311604096013e-01,1.478550578245595160e-01,1.461139105897440171e-01,1.164585323824899876e-01
1.965000000000000080e+00,3.510963536754786729e-02,4.309523015598666629e-02,6.734232130280833062e-02,6.784648923357972441e-03,5.354597473308800870e-01,3.633969051181830112e-01,6.756874414548509622e-02,5.736387390212410731e-01,9.865830900535982328e-01,1.824387260254585197e-01,1.509759745080807392e+01,1.483935966495909115e-02,2.154081012885943405e-02,2.105206287845046501e-02,1.335779186948967030e-02,1.226424299730795170e-01,1.477624837635580224e-01,1.460765474062973857e-01,1.163591399220343520e-01
1.967500000000000027e+00,3.520408077801168850e-02,4.312161132042757056e-02,6.729379777701376131e-02,6.255649152204318005e-03,5.367019560756878249e-01,3.643914814100101540e-01,6.762276224091910704e-02,5.742772226620751486e-01,9.870401974065401429e-01,1.832476473435096787e-01,1.511274450071798725e+01,1.482198357996224701e-02,2.152372145920564139e-02,2.105100540385888841e-02,1.334113679830985742e-02,1.225422200541743389e-01,1.476696554963654873e-01,1.460390507847786901e-01,1.162596466910086196e-01
1.969999999999999973e+00,3.529884177307902188e-02,4.314890665521801255e-02,6.724523570944052064e-02,5.725337354618801819e-03,5.379476506180783657e-01,3.653850892246170989e-01,6.767936220598451402e-02,5.749176007598068017e-01,9.874993307505228746e-01,1.840595209058428217e-01,1.512793852904255942e+01,1.480458473023257837e-02,2.150659488234418770e-02,2.104994519774336381e-02,1.332448431000166772e-02,1.224418012662908534e-01,1.475765734138793084e-01,1.460014200164781728e-01,1.161600525695145464e-01
1.972500000000000142e+00,3.539391449156970709e-02,4.317707786697537464e-02,6.719663618901926261e-02,5.193716129799862830e-03,5.391968531723341229e-01,3.663776124920741784e-01,6.773860132558627567e-02,5.755598643484284294e-01,9.879604974814411023e-01,1.848743589098149620e-01,1.514317975010587070e+01,1.478716312521167683e-02,2.148943057305816376e-02,2.104888212350143617e-02,1.330783439118654946e-02,1.223411734717833738e-01,1.474832379290837714e-01,1.459636543829041233e-01,1.160603574404346500e-01
1.975000000000000089e+00,3.548929506550439067e-02,4.320608521307235661e-02,6.714800028800645137e-02,4.660787831674435486e-03,5.404495861636506859e-01,3.673689318961323447e-01,6.780053809187371050e-02,5.762040042709448695e-01,9.884237050254558454e-01,1.856921733703654487e-01,1.515846837924809698e+01,1.476971877417339145e-02,2.147222871243751469e-02,2.104781604153001251e-02,1.329118702902984048e-02,1.222403365327910107e-01,1.473896494776225363e-01,1.459257531556317766e-01,1.159605611894958532e-01
1.977500000000000036e+00,3.558497962053322472e-02,4.323588750346301496e-02,6.709932905985235840e-02,4.126554573354428331e-03,5.417058722152094941e-01,3.683589248718838749e-01,6.786523222917753562e-02,5.768500112150991566e-01,9.888889608385380559e-01,1.865129761208039749e-01,1.517380463282520253e+01,1.475225168622147989e-02,2.145498948802485040e-02,2.104674680916251289e-02,1.327454221124423593e-02,1.221392903112669265e-01,1.472958085183687649e-01,1.458877155961481042e-01,1.158606637053278959e-01
1.979999999999999982e+00,3.568096427633563050e-02,4.326644210415243191e-02,6.705062353703437894e-02,3.591018232067444329e-03,5.429657341348937960e-01,3.693474656074182683e-01,6.793274471948367033e-02,5.774978757504610760e-01,9.893562724060156466e-01,1.873367788140255230e-01,1.518918872820906252e+01,1.473476187028781650e-02,2.143771309396022562e-02,2.104567428060474116e-02,1.325789992609200697e-02,1.220380346690094764e-01,1.472017155339921668e-01,1.458495409556923028e-01,1.157606648795157650e-01
1.982500000000000151e+00,3.577724514698948227e-02,4.329770494236194478e-02,6.700188472885790225e-02,3.054180454571183735e-03,5.442291949016540009e-01,3.703344250496257151e-01,6.800313782844676080e-02,5.781475883668899529e-01,9.898256472421254060e-01,1.881635929241739780e-01,1.520462088378800125e+01,1.471724933513113807e-02,2.142039973112472642e-02,2.104459830686944075e-02,1.324126016238593405e-02,1.219365694676950024e-01,1.471073710315215777e-01,1.458112284750915644e-01,1.156605646066461990e-01
1.985000000000000098e+00,3.587381834131007918e-02,4.332963051344108224e-02,6.695311361922619275e-02,2.516042663066262071e-03,5.454962776515377421e-01,3.713196709142892460e-01,6.807647513194525768e-02,5.787991395143763373e-01,9.902970928895685754e-01,1.889934297487751713e-01,1.522010131896788288e+01,1.469971408933637078e-02,2.140304960728257877e-02,2.104351873570952866e-02,1.322462290948892005e-02,1.218348945689124857e-01,1.470127755429028460e-01,1.457727773845924613e-01,1.155603627843477671e-01
1.987500000000000044e+00,3.597067996315695543e-02,4.336217188957731949e-02,6.690431116438193271e-02,1.976606061618397126e-03,5.467670056633838760e-01,3.723030677006109457e-01,6.815282154317957308e-02,5.794525196442782411e-01,9.907706169190710899e-01,1.898263004113625030e-01,1.523563025417366212e+01,1.468215614131450873e-02,2.138566293722159867e-02,2.104243541154993818e-02,1.320798815731224866e-02,1.217330098342000178e-01,1.469179296255506972e-01,1.457341869036873627e-01,1.154600593133247033e-01
1.989999999999999991e+00,3.606782611170822328e-02,4.339528073034776973e-02,6.685547829062241099e-02,1.435871643103486285e-03,5.480414023441992910e-01,3.732844767103019046e-01,6.823224334031152694e-02,5.801077192519562553e-01,9.912462269289541439e-01,1.906622158646175680e-01,1.525120791085158167e+01,1.466457549930308586e-02,2.136823994289168901e-02,2.104134817541810504e-02,1.319135589631246011e-02,1.216309151250827975e-01,1.468228338628936869e-01,1.456954562409356058e-01,1.153596540973838153e-01
1.992499999999999938e+00,3.616525288170171354e-02,4.342890729516286213e-02,6.680661589199049510e-02,8.938401966870845004e-04,5.493194912142203012e-01,3.742637560713739653e-01,6.831480819464369469e-02,5.807647289208146546e-01,9.917239305447107522e-01,1.915011868940496575e-01,1.526683451147194326e+01,1.464697217136722886e-02,2.135078085354118888e-02,2.104025686487301372e-02,1.317472611748679752e-02,1.215286103031129050e-01,1.467274888649114928e-01,1.456565845937799197e-01,1.152591470434543991e-01
1.995000000000000107e+00,3.626295636364159497e-02,4.346300045764110026e-02,6.675772482794431473e-02,3.505123158534033628e-04,5.506012958916760569e-01,3.752407607667483380e-01,6.840058519933288339e-02,5.814235393677608110e-01,9.922037354185929692e-01,1.923432241222396977e-01,1.528251027953258045e+01,1.462934616540129823e-02,2.133328590585078371e-02,2.103916131393280750e-02,1.315809881236720304e-02,1.214260952299106855e-01,1.466318952686635202e-01,1.456175711483569946e-01,1.151585380616010762e-01
1.997500000000000053e+00,3.636093264397052827e-02,4.349750772195887932e-02,6.670880592100683626e-02,-1.941115930055201620e-04,5.518868400772591887e-01,3.762153426678053747e-01,6.848964489863264282e-02,5.820841414900844724e-01,9.926856492292106537e-01,1.931883380136731332e-01,1.529823543956299048e+01,1.461169748913113305e-02,2.131575534406475111e-02,2.103806135300092389e-02,1.314147397301282730e-02,1.213233697672076450e-01,1.465360537388074591e-01,1.455784150793028031e-01,1.150578270650291085e-01
2.000000000000000000e+00,3.645917780520574469e-02,4.353237524121019580e-02,6.665985995439964451e-02,-7.400313014245201533e-04,5.531761475383185633e-01,3.771873505729767539e-01,6.858205931765481989e-02,5.827465264137640100e-01,9.931696796811431138e-01,1.940365388801889579e-01,1.531401021712928667e+01,1.459402615011689414e-02,2.129818942011925745e-02,2.103695680879075214e-02,1.312485159200101406e-02,1.212204337768908874e-01,1.464399649681074889e-01,1.455391155495520950e-01,1.149570139700820115e-01
