t,cyc0,cyc1,cyc2,cyc3,total0,total1,total2,total3,rg2,rg2dot,length,b0,b1,b2,b3,a0_over_Rg,a1_over_Rg,a2_over_Rg,a3_over_Rg
0.000000000000000000e+00,4.430088114713121722e-02,4.022682116704996008e-02,6.687025761169192173e-02,5.891911453611303057e-02,5.118492081346856515e-02,-1.913673097790806743e-01,7.964827809235770772e-02,-2.116344333579793860e-02,9.999999999999997780e-01,-1.459758360958142986e-01,1.034215694928354168e+01,2.249999999999999917e-02,2.249999999999999917e-02,2.249999999999999917e-02,2.249999999999999917e-02,1.500000000000000222e-01,1.500000000000000222e-01,1.500000000000000222e-01,1.500000000000000222e-01
2.500000000000000052e-03,4.420405013851620019e-02,4.027373606709531290e-02,6.688846212481189268e-02,5.904787813041852823e-02,5.177635686317580421e-02,-1.904633017695800401e-01,7.966144378938103121e-02,-1.985140055245468438e-02,9.996357858888961223e-01,-1.453959479015313194e-01,1.034222839792672843e+01,2.259709793506489706e-02,2.261076537755498869e-02,2.259550990346288063e-02,2.260115606188753748e-02,1.503506937650883890e-01,1.503961553292589015e-01,1.503454106564185155e-01,1.503641936134783308e-01
5.000000000000000104e-03,4.410756087424045485e-02,4.032061331729547976e-02,6.690664550466958460e-02,5.917502051972589605e-02,5.236392712249292314e-02,-1.895637308395902165e-01,7.967455841414576578e-02,-1.854918770814353857e-02,9.992730177964019855e-01,-1.448190166263452205e-01,1.034231627388013486e+01,2.269415000236507315e-02,2.272153252255244144e-02,2.269100004547172991e-02,2.270224328671295935e-02,1.507005648569290368e-01,1.507914542985509532e-01,1.506901058453259945e-01,1.507274341999474410e-01
7.499999999999999722e-03,4.401141387506780217e-02,4.036745341295241291e-02,6.692480540732566319e-02,5.930054065523492762e-02,5.294765503800864803e-02,-1.886685480032902207e-01,7.968761956441584859e-02,-1.725675308625703938e-02,9.989116883644335587e-01,-1.442450149589616371e-01,1.034242046829166206e+01,2.279115614094231676e-02,2.283230118759132024e-02,2.278647042666036640e-02,2.280326156817545982e-02,1.510496178251386767e-01,1.511859018532769050e-01,1.510340896147794321e-01,1.510897271861474656e-01
1.000000000000000021e-02,4.391560962953221930e-02,4.041425683656967027e-02,6.694293953317639878e-02,5.942443777635941782e-02,5.352756398504657231e-02,-1.877777048585946851e-01,7.970062488794250888e-02,-1.597404500695397481e-02,9.985517903027398834e-01,-1.436739159430716339e-01,1.034254087312588055e+01,2.288811629151595375e-02,2.294307112602286466e-02,2.288192104783753900e-02,2.290421080511695351e-02,1.513978571731015854e-01,1.515795028777393028e-01,1.513773659696332485e-01,1.514510779500849169e-01
1.250000000000000069e-02,4.382014859431420523e-02,4.046102405798230467e-02,6.696104562626968570e-02,5.954671140588611161e-02,5.410367726620222972e-02,-1.868911535800226731e-01,7.971357208163612484e-02,-1.470101182437049889e-02,9.981933163880241100e-01,-1.431056929708155179e-01,1.034267738115789470e+01,2.298503039646172807e-02,2.305384209193265047e-02,2.297735190998630508e-02,2.300509090146334035e-02,1.517452873586547790e-01,1.519722621961301645e-01,1.517199388721892916e-01,1.518114918217526865e-01
1.499999999999999944e-02,4.372503119461558507e-02,4.050775553448546229e-02,6.697912147362927726e-02,5.966736134514329798e-02,5.467601810992975264e-02,-1.860088469116358834e-01,7.972645889074947423e-02,-1.343760192430664552e-02,9.978362594630795224e-01,-1.425403197764095464e-01,1.034282988596726582e+01,2.308189839979090524e-02,2.316461384012302380e-02,2.307276301426339910e-02,2.310590176616561520e-02,1.520919127947598648e-01,1.523641845734977629e-01,1.520618122428336605e-01,1.521709740838323999e-01
1.750000000000000167e-02,4.363025782453285734e-02,4.055445171096114937e-02,6.699716490458647311e-02,5.978638766918056152e-02,5.524460966917633942e-02,-1.851307381600430235e-01,7.973928310807179565e-02,-1.218376372236392065e-02,9.974806124359435477e-01,-1.419777704299301502e-01,1.034299828193203119e+01,2.317872024712953199e-02,2.327538612609585458e-02,2.316815436199857678e-02,2.320664331314090806e-02,1.524377378501612368e-01,1.527552747166935621e-01,1.524029899606616778e-01,1.525295299723802012e-01
2.000000000000000042e-02,4.353582884742873693e-02,4.060111302000338207e-02,6.701517379011978637e-02,5.990379072196140575e-02,5.580947502006222000e-02,-1.842567811874742389e-01,7.975204257313363299e-02,-1.093944566251210324e-02,9.971263682790649785e-01,-1.414180193312518929e-01,1.034318246422278342e+01,2.327549588569788677e-02,2.338615870603563338e-02,2.326352595469396295e-02,2.330731546121343756e-02,1.527827668500313096e-01,1.531455372752994204e-01,1.527434758640905110e-01,1.528871646774959681e-01
2.249999999999999917e-02,4.344174459630240764e-02,4.064773988204199717e-02,6.703314604220264594e-02,6.001957111157082969e-02,5.637063716060292801e-02,-1.833869304049257354e-01,7.976473517142305958e-02,-9.704596216061624550e-03,9.967735200284859598e-01,-1.408610412041341464e-01,1.034338232879687247e+01,2.337222526429011404e-02,2.349693133679289780e-02,2.335887779402337494e-02,2.340791813405543320e-02,1.531270040766030960e-01,1.535349768425359751e-01,1.530832737514603581e-01,1.532438833439770665e-01
2.500000000000000139e-02,4.334800537415843535e-02,4.069433270546451986e-02,6.705107961315866227e-02,6.013372970543947454e-02,5.692811900947321313e-02,-1.825211407653731799e-01,7.977735883361201930e-02,-8.479163881020546079e-03,9.964220607830409637e-01,-1.403068110904518995e-01,1.034359777239259870e+01,2.346890833325403214e-02,2.360770377586797822e-02,2.345420988183164260e-02,2.350845126012802641e-02,1.534704537697899884e-01,1.539235979561520973e-01,1.534223873816236983e-01,1.535996910719563957e-01
2.750000000000000014e-02,4.325461145437373839e-02,4.074089188673650497e-02,6.706897249502495606e-02,6.024626762558584619e-02,5.748194340480953374e-02,-1.816593677570575160e-01,7.978991153479415843e-02,-7.263097181813872594e-03,9.960719837035684199e-01,-1.397553043445675658e-01,1.034382869252354986e+01,2.356554504447112147e-02,2.371847578139506599e-02,2.354952222013391092e-02,2.360891477262214502e-02,1.538131201277939120e-01,1.543114050992964725e-01,1.537608204745238849e-01,1.539545929175256955e-01
2.999999999999999889e-02,4.316156308106380846e-02,4.078741781052037246e-02,6.708682271892357774e-02,6.035718624387848702e-02,5.803213310305024852e-02,-1.808015673968408343e-01,7.980239129373327411e-02,-6.056344669346185212e-03,9.957232820121350025e-01,-1.392064966278383220e-01,1.034407498747295584e+01,2.366213535133670359e-02,2.382924711212658364e-02,2.364481481111494962e-02,2.370930860939943902e-02,1.541550073077011807e-01,1.546984027013715568e-01,1.540985767117622751e-01,1.543085938933445589e-01
3.250000000000000111e-02,4.306886046944703034e-02,4.083391084979239027e-02,6.710462835444025442e-02,6.046648717731996359e-02,5.857871077781148100e-02,-1.799476962236333244e-01,7.981479617212181021e-02,-4.858854921386246070e-03,9.953759489912765712e-01,-1.386603639032563118e-01,1.034433655628812332e+01,2.375867920874029371e-02,2.394001752741786726e-02,2.374008765712843499e-02,2.380963271293325828e-02,1.544961194260671966e-01,1.550845951388701294e-01,1.544356597371550899e-01,1.546616989692351785e-01
3.500000000000000333e-02,4.297650380620791216e-02,4.088037136595797788e-02,6.712238750901160234e-02,6.057417228335363474e-02,5.912169901879731765e-02,-1.790977112918927805e-01,7.982712427385078857e-02,-3.670576543254540358e-03,9.950299779832499913e-01,-1.381168824302168585e-01,1.034461329877494151e+01,2.385517657304612321e-02,2.405078678721214031e-02,2.383534076069622823e-02,2.390988703024968243e-02,1.548364605594894639e-01,1.554699867361950538e-01,1.547720731572795050e-01,1.550139130727636594e-01
3.749999999999999861e-02,4.288449324985862954e-02,4.092679970896558744e-02,6.714009832731981930e-02,6.068024365519529562e-02,5.966112033074336130e-02,-1.782515701651958273e-01,7.983937374428984324e-02,-2.491458168795767075e-03,9.946853623892977225e-01,-1.375760287594119669e-01,1.034490511549241809e+01,2.395162740207385996e-02,2.416155465202578581e-02,2.393057412450765378e-02,2.401007151286866509e-02,1.551760347451700273e-01,1.558545817664629685e-01,1.551078205420096667e-01,1.553652410898082314e-01
4.000000000000000083e-02,4.279282893109987579e-02,4.097319621741863510e-02,6.715775899069552357e-02,6.078470361719101600e-02,6.019699713239242550e-02,-1.774092309098808384e-01,7.985154276957792674e-02,-1.321448461617262234e-03,9.943420956689275059e-01,-1.370377797278446719e-01,1.034521190774730215e+01,2.404803165507949508e-02,2.427232088293390308e-02,2.402578775141875692e-02,2.411018611674527884e-02,1.555148459814668371e-01,1.562383844522916010e-01,1.554429054250428266e-01,1.557156878651143883e-01
4.250000000000000305e-02,4.270151095317950563e-02,4.101956121868579469e-02,6.717536771652801719e-02,6.088755472020229015e-02,6.072935175550023962e-02,-1.765706520887630748e-01,7.986362957592399447e-02,-1.604961165767042526e-04,9.940001713392009330e-01,-1.365021124539612385e-01,1.034553357758873560e+01,2.414438929273641718e-02,2.438308524155615234e-02,2.412098164445156817e-02,2.421023080221108500e-02,1.558528982284348718e-01,1.566213989665717066e-01,1.557773313044154562e-01,1.560652582028380364e-01
4.499999999999999833e-02,4.261053939225058207e-02,4.106589502900988287e-02,6.719292275768369571e-02,6.098879973702034385e-02,6.125820644387242053e-02,-1.757357927549220988e-01,7.987563242891865256e-02,9.914501384986158447e-04,9.936595829740374475e-01,-1.359690043328978248e-01,1.034587002780297915e+01,2.424070027711666339e-02,2.449384749004286654e-02,2.421615580679335050e-02,2.431020553391567002e-02,1.561901954083567967e-01,1.570036294332238791e-01,1.561111016430102028e-01,1.564139568670762925e-01
4.750000000000000056e-02,4.251991429772753600e-02,4.111219795361448909e-02,6.721042240193218775e-02,6.108844165781100038e-02,6.178358335242922772e-02,-1.749046124455614915e-01,7.988754963285552013e-02,2.134441540876545317e-03,9.933203242035268943e-01,-1.354384330318382235e-01,1.034622116190815611e+01,2.433696457167233707e-02,2.460460739106144767e-02,2.431131024179583600e-02,2.441011028076834136e-02,1.565267414062639639e-01,1.573850799279402912e-01,1.564442198690531305e-01,1.567617885823866797e-01
5.000000000000000278e-02,4.242963569264153467e-02,4.115847028680957170e-02,6.722786497138009965e-02,6.118648368559043149e-02,6.230550454629950330e-02,-1.740770711759411504e-01,7.989937953006299998e-02,3.268529290784744426e-03,9.929823887132560589e-01,-1.349103764854797383e-01,1.034658688414908490e+01,2.443318214121723356e-02,2.471536470778301284e-02,2.440644495297447994e-02,2.450994501588001084e-02,1.568625400704473649e-01,1.577657544789121402e-01,1.567766893766022462e-01,1.571087580342950540e-01
5.249999999999999806e-02,4.233970357399388651e-02,4.120471231209467400e-02,6.724524882191244834e-02,6.128292923173450646e-02,6.282399199994166683e-02,-1.732531294333807259e-01,7.991112050024605507e-02,4.393764549090194843e-03,9.926457702436456421e-01,-1.343848128916037277e-01,1.034696709949212945e+01,2.452935295190860829e-02,2.482611920386932139e-02,2.450155994400767326e-02,2.460970971650528957e-02,1.571975952129591181e-01,1.581456570675429663e-01,1.571085135260267274e-01,1.574548698697924853e-01
5.500000000000000028e-02,4.225011791310862019e-02,4.125092430226117574e-02,6.726257234264185203e-02,6.137778191152182955e-02,6.333906759629162608e-02,-1.724327481713358867e-01,7.992277095983774116e-02,5.510198434809070699e-03,9.923104625892971153e-01,-1.338617207067482051e-01,1.034736171362009927e+01,2.462547697122915644e-02,2.493687064345994839e-02,2.459665521873598271e-02,2.470940436398479101e-02,1.575319106101048805e-01,1.585247916291480930e-01,1.574396956444778228e-01,1.578001286978215345e-01
5.750000000000000250e-02,4.216087865598338452e-02,4.129710651949205363e-02,6.727983395536542288e-02,6.147104553971167312e-02,6.385075312593699315e-02,-1.716158888035460850e-01,7.993432936136117550e-02,6.617882022458712252e-03,9.919764595983515676e-01,-1.333410786419799154e-01,1.034777063292719923e+01,2.472155416796914529e-02,2.504761879115970785e-02,2.469173078116136677e-02,2.480902894368769082e-02,1.578654900029268782e-01,1.589031620536406342e-01,1.577702390263510390e-01,1.581445390897520675e-01
5.999999999999999778e-02,4.207198572363909234e-02,4.134325921546059407e-02,6.729703211402893182e-02,6.156272412615860362e-02,6.435907028631732141e-02,-1.708025131982541522e-01,7.994579419280070653e-02,7.716866339267804999e-03,9.916437551718588761e-01,-1.328228656587618906e-01,1.034819376451400963e+01,2.481758451220874434e-02,2.515836341202633969e-02,2.478678663544638811e-02,2.490858344495452611e-02,1.581983370976783321e-01,1.592807721862044834e-01,1.581001469337400267e-01,1.584881055798471328e-01
6.250000000000000000e-02,4.198343901246824605e-02,4.138938263142702412e-02,6.731416530419898070e-02,6.165282187146396004e-02,6.486404068094900333e-02,-1.699925836724973938e-01,7.995716397698318656e-02,8.807202362255392436e-03,9.913123432631560927e-01,-1.323070609649156515e-01,1.034863101618252657e+01,2.491356797530052195e-02,2.526910427155841521e-02,2.488182278591343638e-02,2.500806786104025833e-02,1.585304555662890580e-01,1.596576258279542582e-01,1.584294225968823355e-01,1.588308326657189851e-01
6.500000000000000222e-02,4.189523839458151461e-02,4.143547699833356746e-02,6.733123204254194694e-02,6.174134316266582240e-02,6.536568581867557848e-02,-1.691860629864693211e-01,7.996843727096850096e-02,9.888941015192425493e-03,9.909822178772575985e-01,-1.317936440106734497e-01,1.034908229643121835e+01,2.500950452985211195e-02,2.537984113568350977e-02,2.497683923704393030e-02,2.510748218905762760e-02,1.588618490468226008e-01,1.600337267365828930e-01,1.587580692145972583e-01,1.591727248087756175e-01
6.750000000000000444e-02,4.180738371815346383e-02,4.148154253689780718e-02,6.734823087631111593e-02,6.182829256896801851e-02,6.586402711294221668e-02,-1.683829143379532711e-01,7.997961266544997838e-02,1.096213316545655882e-02,9.906533730702520302e-01,-1.312825944848197979e-01,1.034954751445013166e+01,2.510539414970908156e-02,2.549057377074658709e-02,2.507183599347751618e-02,2.520682642992080891e-02,1.591925211439253751e-01,1.604090786269970204e-01,1.590860899547159035e-01,1.595137864346583834e-01
7.000000000000000666e-02,4.171987480776621210e-02,4.152757945770434167e-02,6.736516038284075247e-02,6.191367483750909173e-02,6.635908588109383499e-02,-1.675831013568259142e-01,7.999068878416408512e-02,1.202682962079283657e-02,9.903258029487128633e-01,-1.307738923109185158e-01,1.035002658011602783e+01,2.520123680993795537e-02,2.560130194349863331e-02,2.516681306001127688e-02,2.530610058828935277e-02,1.595224754292673131e-01,1.607836851719401938e-01,1.594134879545035244e-01,1.598540219336701818e-01
7.249999999999999500e-02,4.163271146475221868e-02,4.157358796129469181e-02,6.738201916904748567e-02,6.199749488917212503e-02,6.685088334369787555e-02,-1.667865880996309558e-01,8.000166428330914015e-02,1.308308112598908883e-02,9.899995016691146565e-01,-1.302675176436233484e-01,1.035051940398756720e+01,2.529703248680941971e-02,2.571202542108549580e-02,2.526177044159892693e-02,2.540530467251247287e-02,1.598517154419749620e-01,1.611575500026047048e-01,1.597402663210745477e-01,1.601934356611953991e-01
7.499999999999999722e-02,4.154589346753497642e-02,4.161956823825550822e-02,6.739880587093909081e-02,6.207975781443648283e-02,6.733944062388942664e-02,-1.659933390442231149e-01,8.001253785097368898e-02,1.413093835947904636e-02,9.896744634372600657e-01,-1.297634508650702956e-01,1.035102589730050227e+01,2.539278115778170752e-02,2.582274397103697175e-02,2.535670814335000411e-02,2.550443869457364593e-02,1.601802446890567000e-01,1.615306767092319074e-01,1.600664281318003035e-01,1.605320319381113026e-01
7.749999999999999944e-02,4.145942057196872615e-02,4.166552046930534908e-02,6.741551915313041821e-02,6.216046886927135973e-02,6.782477874673996376e-02,-1.652033190844814925e-01,8.002330820657369004e-02,1.517045192987945788e-02,9.893506825077158506e-01,-1.292616725813488521e-01,1.035154597196293835e+01,2.548848280148415316e-02,2.593345736125609799e-02,2.545162617052906459e-02,2.560350267003557584e-02,1.605080666458205685e-01,1.619030688417012753e-01,1.603919764347094268e-01,1.608698150511912173e-01
8.000000000000000167e-02,4.137329251167633920e-02,4.171144482537935544e-02,6.743215770836630263e-02,6.223963347107279442e-02,6.830691863864944702e-02,-1.644164935250916615e-01,8.003397410029869374e-02,1.620167237247381944e-02,9.890281531832577633e-01,-1.287621636190498520e-01,1.035207954055059609e+01,2.558413739770093800e-02,2.604416536000865937e-02,2.554652452855487449e-02,2.570249661798548399e-02,1.608351847562845272e-01,1.622747299101088003e-01,1.607169142488816260e-01,1.612067892534995994e-01
8.250000000000000389e-02,4.128750899838569410e-02,4.175734146771265670e-02,6.744872025705192509e-02,6.231725719464409341e-02,6.878588112675984578e-02,-1.636328280763974241e-01,8.004453431256729201e-02,1.722465014565014926e-02,9.887068698143220979e-01,-1.282649050218887532e-01,1.035262651630211295e+01,2.567974492735498188e-02,2.615486773591290878e-02,2.564140322299959113e-02,2.580142056098079506e-02,1.611616024335797703e-01,1.626456633853346767e-01,1.610412445648342905e-01,1.615429587647798926e-01
8.500000000000000611e-02,4.120206972226446440e-02,4.180321054792181940e-02,6.746520554678971104e-02,6.239334576822063577e-02,6.926168693839208912e-02,-1.628522888493192655e-01,8.005498765349061685e-02,1.823943562730096640e-02,9.883868267984684541e-01,-1.277698780474010865e-01,1.035318681311439271e+01,2.577530537249203904e-02,2.626556425792950233e-02,2.573626225958795116e-02,2.590027452499517324e-02,1.614873230603467991e-01,1.630158726996006058e-01,1.613649703449026862e-01,1.618783277718343072e-01
8.750000000000000833e-02,4.111697435225335207e-02,4.184905220808479709e-02,6.748161235192355611e-02,6.246790506953921879e-02,6.973435670050487367e-02,-1.620748423503417524e-01,8.006533296234559505e-02,1.924607911119361955e-02,9.880680185798482729e-01,-1.272770641637087918e-01,1.035376034553795499e+01,2.587081871626494348e-02,2.637625469535162873e-02,2.583110164419645527e-02,2.599905853936496439e-02,1.618123499891247485e-01,1.633853612470168859e-01,1.616880945236133793e-01,1.622129004288966891e-01
8.999999999999999667e-02,4.103222253639761397e-02,4.189486658081921500e-02,6.749793947308954656e-02,6.254094112195297817e-02,7.020391093917531522e-02,-1.613004554765676835e-01,8.007556910705566910e-02,2.024463080331971934e-02,9.877504396486831428e-01,-1.267864450463559722e-01,1.035434702877233626e+01,2.596628494291804493e-02,2.648693881779535034e-02,2.592592138285255282e-02,2.609777263673600245e-02,1.621366865427339432e-01,1.637541323841197050e-01,1.620106200080514702e-01,1.625466808579980882e-01
9.249999999999999889e-02,4.094781390217688138e-02,4.194065378935905863e-02,6.751418573677399337e-02,6.261246009059177886e-02,7.067037007910170754e-02,-1.605290955108394924e-01,8.008569498368074691e-02,2.123514081822966068e-02,9.874340845407498790e-01,-1.262980025752108715e-01,1.035494677866151747e+01,2.606170403777180455e-02,2.659761639519013163e-02,2.602072148173381269e-02,2.619641685301083572e-02,1.624603360146517628e-01,1.641221894303986351e-01,1.623325496782213329e-01,1.628796731493255545e-01
9.500000000000000111e-02,4.086374805683328643e-02,4.198641394762949591e-02,6.753034999487762813e-02,6.268246827856858994e-02,7.113375444312772244e-02,-1.597607301169249872e-01,8.009570951591538090e-02,2.221765917535852009e-02,9.871189478368729286e-01,-1.258117188314333834e-01,1.035555951168935707e+01,2.615707598720757796e-02,2.670828719776957225e-02,2.611550194716711834e-02,2.629499122729636595e-02,1.627833016693824852e-01,1.644895356688148014e-01,1.626538863874015250e-01,1.632118813615743569e-01
9.750000000000000333e-02,4.078002458769802718e-02,4.203214716032042247e-02,6.754643112428694585e-02,6.275097212323274554e-02,7.159408425178824531e-02,-1.589953273347722018e-01,8.010561165459496868e-02,2.319223579535195298e-02,9.868050241624256591e-01,-1.253275760945063433e-01,1.035618514497508436e+01,2.625240077865254387e-02,2.681895099606233096e-02,2.621026278562783168e-02,2.639349580185187949e-02,1.631055867428202188e-01,1.648561743463096141e-01,1.629746329624933432e-01,1.635433095222933730e-01
1.000000000000000056e-01,4.069664306251583041e-02,4.207785352295821679e-02,6.756242802645168188e-02,6.281797819246957848e-02,7.205137962287590236e-02,-1.582328555758255040e-01,8.011540037721037733e-02,2.415892049639629946e-02,9.864923081868373078e-01,-1.248455568393278120e-01,1.035682359626878579e+01,2.634767840056483068e-02,2.692960756088322652e-02,2.630500400373898123e-02,2.649193062203751906e-02,1.634271944426063661e-01,1.652221086743045353e-01,1.632947922043637978e-01,1.638739616282245404e-01
1.025000000000000078e-01,4.061360302976797787e-02,4.212353312197593402e-02,6.757833962696942198e-02,6.288349318104737018e-02,7.250566057102993123e-02,-1.574732836184094542e-01,8.012507468743060302e-02,2.511776299055863693e-02,9.861807946231095912e-01,-1.243656437333641868e-01,1.035747478394694276e+01,2.644290884241879205e-02,2.704025666332454322e-02,2.639972560827043638e-02,2.659029573626317186e-02,1.637481279484803709e-01,1.655873418291919363e-01,1.636143668881825941e-01,1.642038416456357564e-01
1.049999999999999961e-01,4.053090401899323708e-02,4.216918603478184147e-02,6.759416487517592997e-02,6.294752390701140177e-02,7.295694700734486893e-02,-1.567165806031739772e-01,8.013463361463304957e-02,2.606881288014352427e-02,9.858704782273367551e-01,-1.238878196338613347e-01,1.035813862700798715e+01,2.653809209469046998e-02,2.715089807474749956e-02,2.649442760613808859e-02,2.668859119593780874e-02,1.640683904126253589e-01,1.659518769528175453e-01,1.639333597637537276e-01,1.645329535106482555e-01
1.074999999999999983e-01,4.044854554110703659e-02,4.221481232982655235e-02,6.760990274374255316e-02,6.301007730812577257e-02,7.340525873900069498e-02,-1.559627160286059522e-01,8.014407621344238342e-02,2.701211965406977167e-02,9.855613537982360617e-01,-1.234120675851128890e-01,1.035881504506786044e+01,2.663322814884320697e-02,2.726153156677391803e-02,2.658911000440302222e-02,2.678681705541923613e-02,1.643879849600072551e-01,1.663157171529539291e-01,1.642517735558412517e-01,1.648613011295576858e-01
1.100000000000000006e-01,4.036652708871884404e-02,4.226041206666848737e-02,6.762555222827940082e-02,6.307116043836265284e-02,7.385061546891326378e-02,-1.552116597465998671e-01,8.015340156327628585e-02,2.794773268427389393e-02,9.852534161766832721e-01,-1.229383708157839178e-01,1.035950395835564031e+01,2.672831699731343519e-02,2.737215691127804773e-02,2.668377281027069572e-02,2.688497337196431650e-02,1.647069146887088775e-01,1.666788655037662326e-01,1.645696109644898819e-01,1.651888883791498563e-01
1.125000000000000028e-01,4.028484813644737927e-02,4.230598529603784436e-02,6.764111234694505925e-02,6.313078046443952596e-02,7.429303679540562311e-02,-1.544633819580945588e-01,8.016260876789933765e-02,2.887570122214253021e-02,9.849466602452536801e-01,-1.224667127362885494e-01,1.036020528770915483e+01,2.682335863349663563e-02,2.748277388037858454e-02,2.677841603109011939e-02,2.698306020567961538e-02,1.650251826702581470e-01,1.670413250462694787e-01,1.648868746653402995e-01,1.655157191070109335e-01
1.150000000000000050e-01,4.020350814123424543e-02,4.235153205989902747e-02,6.765658214006234350e-02,6.318894466240430885e-02,7.473254221189951085e-02,-1.537178532087681293e-01,8.017169695498442550e-02,2.979607439497952009e-02,9.846410809277734710e-01,-1.219970769362200558e-01,1.036091895457061618e+01,2.691835305173344989e-02,2.759338224643084758e-02,2.687303967435303656e-02,2.708107761947252390e-02,1.653427919499510512e-01,1.674030987887780431e-01,1.652035673099389590e-01,1.658417971318321138e-01
1.175000000000000072e-01,4.012250654265513833e-02,4.239705239151149441e-02,6.767196066974022484e-02,6.324566041426830931e-02,7.516915110662686361e-02,-1.529750443847965047e-01,8.018066527568136481e-02,3.070890120251119557e-02,9.843366731888725241e-01,-1.215294471818325894e-01,1.036164488098232894e+01,2.701330024729596893e-02,2.770398178201913947e-02,2.696764374769309094e-02,2.717902567900282174e-02,1.656597455471693625e-01,1.677641897073474664e-01,1.655196915260432611e-01,1.661671262437092733e-01
1.199999999999999956e-01,4.004184276322936276e-02,4.244254631548936146e-02,6.768724701950164235e-02,6.330093520468736690e-02,7.560288276236137861e-02,-1.522349267086705593e-01,8.018951290419305822e-02,3.161423051343250495e-02,9.840334320335472063e-01,-1.210638074135720610e-01,1.036238298958235404e+01,2.710820021637418489e-02,2.781457225994925231e-02,2.706222825888501826e-02,2.727690445263469821e-02,1.659760464556930826e-01,1.681246007462084691e-01,1.658352499179213679e-01,1.664917102044373987e-01
1.224999999999999978e-01,3.996151620872736426e-02,4.248801384785917679e-02,6.770244029391735141e-02,6.335477661769106650e-02,7.603375635617051764e-02,-1.514974717350737188e-01,8.019823903735871784e-02,3.251211106199901335e-02,9.837313525067272746e-01,-1.206001417436560752e-01,1.036313320360024370e+01,2.720305295606259555e-02,2.792515345324116452e-02,2.715679321584382050e-02,2.737471401138925203e-02,1.662916976440079186e-01,1.684843348181938316e-01,1.661502450666474118e-01,1.668155527478001332e-01
1.250000000000000000e-01,3.988152626847579069e-02,4.253345499611657643e-02,6.771753961824573953e-02,6.340719233345958050e-02,7.646179095918603785e-02,-1.507626513468186547e-01,8.020684289424437341e-02,3.340259144466618813e-02,9.834304296928501055e-01,-1.201384344537011623e-01,1.036389544685277109e+01,2.729785846434697530e-02,2.803572513512187989e-02,2.725133862662394366e-02,2.747245442889743872e-02,1.666067020556077916e-01,1.688433948051578370e-01,1.664646795303915960e-01,1.671386575798545493e-01
1.275000000000000022e-01,3.980187231566090916e-02,4.257886975928113632e-02,6.773254413807792973e-02,6.345819012514895829e-02,7.688700553639513102e-02,-1.500304377508417941e-01,8.021532371574000009e-02,3.428572011677945286e-02,9.831306587154390320e-01,-1.196786699923957087e-01,1.036466964373970079e+01,2.739261674009131620e-02,2.814628707901842969e-02,2.734586449941846242e-02,2.757012578135349667e-02,1.669210626092924865e-01,1.692017835583884966e-01,1.667785558447060779e-01,1.674610283792111187e-01
1.300000000000000044e-01,3.972255370762958065e-02,4.262425812795039154e-02,6.774745301898951744e-02,6.350777785576376677e-02,7.730941894645025625e-02,-1.493008034742565049e-01,8.022368076416436233e-02,3.516154538931783730e-02,9.828320347366906740e-01,-1.192208329732182409e-01,1.036545571923957532e+01,2.748732778302490770e-02,2.825683905855104136e-02,2.744037084255826486e-02,2.766772814746883830e-02,1.672347821994604467e-01,1.695595038990131420e-01,1.670918765228056879e-01,1.677826687973091035e-01
1.325000000000000067e-01,3.964356978618834015e-02,4.266962008435160741e-02,6.776226544619701198e-02,6.355596347507799782e-02,7.772904994149830438e-02,-1.485737213604625684e-01,8.023191332287581135e-02,3.603011542569359987e-02,9.825345529570623793e-01,-1.187649081721991601e-01,1.036625359890551223e+01,2.758199159372960035e-02,2.836738084752645633e-02,2.753485766451123362e-02,2.776526160842641977e-02,1.675478636963972923e-01,1.699165586183970789e-01,1.674046440558447923e-01,1.681035824586879224e-01
1.350000000000000089e-01,3.956491987789991643e-02,4.271495560239289141e-02,6.777698062422035652e-02,6.360275501660297981e-02,7.814591716702856683e-02,-1.478491645653125242e-01,8.024002069589009078e-02,3.689147823860876307e-02,9.822382086148717661e-01,-1.183108805257253177e-01,1.036706320886104571e+01,2.767660817362720474e-02,2.847791221993140054e-02,2.762932497388142714e-02,2.786272624783557930e-02,1.678603099465592052e-01,1.702729504785353010e-01,1.677168609131890198e-01,1.684237729612533263e-01
1.375000000000000111e-01,3.948660329437805871e-02,4.276026464771276459e-02,6.779159777655081875e-02,6.364816059460354225e-02,7.856003916173964763e-02,-1.471271065533340527e-01,8.024800220750510915e-02,3.774568168697280124e-02,9.819429969858969320e-01,-1.178587351283856555e-01,1.036788447579596273e+01,2.777117752496705699e-02,2.858843294992621104e-02,2.772377277940827472e-02,2.796012215168734022e-02,1.681721237728524831e-01,1.706286822124382652e-01,1.680285295426832692e-01,1.687432438765402443e-01
1.400000000000000133e-01,3.940861933257960165e-02,4.280554717772799139e-02,6.780611614532441878e-02,6.369218840116049052e-02,7.897143435742466633e-02,-1.464075210940066762e-01,8.025585720193172123e-02,3.859277347288091881e-02,9.816489133829842118e-01,-1.174084572308583263e-01,1.036871732696218018e+01,2.786569965081373695e-02,2.869894281183860488e-02,2.781820108996576127e-02,2.805744940831020676e-02,1.684833079749080975e-01,1.709837565245106161e-01,1.683396523709152492e-01,1.690619987499708821e-01
1.425000000000000155e-01,3.933096727509465679e-02,4.285080314168070170e-02,6.782053499100051952e-02,6.373484670328108392e-02,7.938012107887500168e-02,-1.456903822580940810e-01,8.026358504293129581e-02,3.943280113865592351e-02,9.813559531556595994e-01,-1.169600322378362700e-01,1.036956169016963791e+01,2.796017455503494245e-02,2.880944158015760065e-02,2.791260991456161536e-02,2.815470810832643167e-02,1.687938653293526992e-01,1.713381760909243601e-01,1.686502318034747983e-01,1.693800411011092688e-01
1.449999999999999900e-01,3.925364639043433385e-02,4.289603248068372954e-02,6.783485359204589893e-02,6.377614384005589332e-02,7.978611754380209031e-02,-1.449756644140292594e-01,8.027118511345941732e-02,4.026581206395449253e-02,9.810641116897478309e-01,-1.165134457059917861e-01,1.037041749378221311e+01,2.805460224228951971e-02,2.891992902952758571e-02,2.800699926233649745e-02,2.825189834460874530e-02,1.691037985900746277e-01,1.716919435599852661e-01,1.689602702252090971e-01,1.696973744239113069e-01
1.474999999999999922e-01,3.917665593331620677e-02,4.294123512776491791e-02,6.784907124462360994e-02,6.381608821986203828e-02,8.018944186277712771e-02,-1.442633422243530805e-01,8.027865681531558273e-02,4.109185346293959401e-02,9.807733844069940199e-01,-1.160686833419785763e-01,1.037128466671364713e+01,2.814898271801562907e-02,2.903040493474252220e-02,2.810136914256319840e-02,2.834902021223758076e-02,1.694131104884864791e-01,1.720450615524936888e-01,1.692697700004740791e-01,1.700140021869716855e-01
1.499999999999999944e-01,3.909999514494730266e-02,4.298641100790997344e-02,6.786318726228780795e-02,6.385468831761366426e-02,8.059011203918824140e-02,-1.435533906422058747e-01,8.028599956879980959e-02,4.191097238151966081e-02,9.804837667646898458e-01,-1.156257310004705080e-01,1.037216313842351312e+01,2.824331598841908417e-02,2.914086907074030577e-02,2.819571956464583806e-02,2.844607380845876055e-02,1.697218037337833996e-01,1.723975326620995618e-01,1.695787334733819263e-01,1.703299278337666034e-01
1.524999999999999967e-01,3.902366325330504371e-02,4.303156003810433561e-02,6.787720097568258892e-02,6.389195267205748097e-02,8.098814596921567743e-02,-1.428457849078703934e-01,8.029321281237440655e-02,4.272321569465527963e-02,9.801952542553091785e-01,-1.151845746822357519e-01,1.037305283891317487e+01,2.833760206046181951e-02,2.925132121259724563e-02,2.829005053811904993e-02,2.854305923264167585e-02,1.700298810131971872e-01,1.727493594556512579e-01,1.698871629680442918e-01,1.706451547828928827e-01
1.549999999999999989e-01,3.894765947341553153e-02,4.307668212737354035e-02,6.789111173224665619e-02,6.392788988311477738e-02,8.138356144182351537e-02,-1.421405005453653669e-01,8.030029600233198894e-02,4.352863010373493602e-02,9.799078424061423709e-01,-1.147452005322460861e-01,1.037395369872180773e+01,2.843184094185051761e-02,2.936176113552269734e-02,2.838436207264719013e-02,2.863997658623792034e-02,1.703373449922470639e-01,1.731005444735392307e-01,1.701950607888122746e-01,1.709596864283037809e-01
1.575000000000000011e-01,3.887198300762950004e-02,4.312177717682265377e-02,6.790491889592256691e-02,6.396250860926869231e-02,8.177637613876877209e-02,-1.414375133590908551e-01,8.030724861246978097e-02,4.432726213401992632e-02,9.796215267789388781e-01,-1.143075948378197843e-01,1.037486564892238050e+01,2.852603264102537839e-02,2.947218861485383784e-02,2.847865417802353596e-02,2.873682597274040962e-02,1.706441983149861452e-01,1.734510902300339941e-01,1.705024292205125913e-01,1.712735261395411379e-01
1.600000000000000033e-01,3.879663304589586748e-02,4.316684507967433193e-02,6.791862184687066928e-02,6.399581756499657381e-02,8.216660763462742267e-02,-1.407367994305226133e-01,8.031407013376874737e-02,4.511915813215882504e-02,9.793363029695540956e-01,-1.138717440267981579e-01,1.037578862111773859e+01,2.862017716714903431e-02,2.958260342605055146e-02,2.857292686416949140e-02,2.883360749764298306e-02,1.709504436042446063e-01,1.738009992136186621e-01,1.708092705286797519e-01,1.715866772619641933e-01
1.625000000000000056e-01,3.872160876603289448e-02,4.321188572130577055e-02,6.793221998118832705e-02,6.402782551824721946e-02,8.255427339683629739e-02,-1.400383351149553368e-01,8.032076007407956686e-02,4.590436426377252077e-02,9.790521666076003049e-01,-1.134376346657538087e-01,1.037672254743662670e+01,2.871427453009561120e-02,2.969300534469047556e-02,2.866718014113378565e-02,2.893032126840046001e-02,1.712560834618687411e-01,1.741502738873161871e-01,1.711155869597851542e-01,1.718991431169750173e-01
1.650000000000000078e-01,3.864690933399687889e-02,4.325689897928467614e-02,6.794571271063332141e-02,6.405854128796278912e-02,8.293939078575179868e-02,-1.393420970382953372e-01,8.032731795781300477e-02,4.668292651110948072e-02,9.787691133561009504e-01,-1.130052534582309531e-01,1.037766736052977734e+01,2.880832474043993133e-02,2.980339414646416066e-02,2.876141401909168560e-02,2.902696739438918178e-02,1.715611204689570790e-01,1.744989166890116850e-01,1.714213807414623758e-01,1.722109270022410266e-01
1.675000000000000100e-01,3.857253390414817212e-02,4.330188472340390504e-02,6.795909946235213772e-02,6.408797374164447447e-02,8.332197705472441096e-02,-1.386480620939000707e-01,8.033374332563662790e-02,4.745489067077161144e-02,9.784871389111524653e-01,-1.125745872430162775e-01,1.037862299356602414e+01,2.890232780944685526e-02,2.991376960717036931e-02,2.885562850834420476e-02,2.912354598686801507e-02,1.718655571860923381e-01,1.748469300317692099e-01,1.717266540827290799e-01,1.725220321919138933e-01
1.700000000000000122e-01,3.849848161951492653e-02,4.334684281571526965e-02,6.797237967861290142e-02,6.411613179296206388e-02,8.370204935018885073e-02,-1.379562074394657667e-01,8.034003573417658473e-02,4.822030235151127109e-02,9.782062390015855424e-01,-1.121456229924397141e-01,1.037958938022841160e+01,2.899628374906076250e-02,3.002413150271150341e-02,2.894982361931731918e-02,2.922005715893983419e-02,1.721693961535704920e-01,1.751943163041440876e-01,1.720314091742059237e-01,1.728324619368458159e-01
1.725000000000000144e-01,3.842475161205442108e-02,4.339177311056194308e-02,6.798555281654260207e-02,6.414302439940701428e-02,8.407962471177000963e-02,-1.372665104939609915e-01,8.034619475572446490e-02,4.897920697209862118e-02,9.779264093886362863e-01,-1.117183478107048877e-01,1.038056645471033335e+01,2.909019257189517094e-02,3.013447960908914938e-02,2.904399936256117642e-02,2.931650102551345075e-02,1.724726398916260062e-01,1.755410778704899755e-01,1.723356481883314140e-01,1.731422194648023771e-01
1.750000000000000167e-01,3.835134300291140330e-02,4.343667545461033647e-02,6.799861834786916082e-02,6.416866055998808605e-02,8.445472007240339973e-02,-1.365789489346061203e-01,8.035221997795016780e-02,4.973164975925943587e-02,9.776476458656162549e-01,-1.112927489322480812e-01,1.038155415171169871e+01,2.918405429122250538e-02,3.024481370239976222e-02,2.913815574874931494e-02,2.941287770326602921e-02,1.727752909006542159e-01,1.758872170712612870e-01,1.726393732795743763e-01,1.734513079806727920e-01
1.774999999999999911e-01,3.827825490267450226e-02,4.348154968688044963e-02,6.801157575866728644e-02,6.419304931296998529e-02,8.482735225847178040e-02,-1.358935006938982726e-01,8.035811100361885118e-02,5.047767574568402804e-02,9.773699442575900509e-01,-1.108688137201248453e-01,1.038255240643512778e+01,2.927786892096398419e-02,3.035513355883047090e-02,2.923229278867788342e-02,2.950918731060595337e-02,1.730773516614301510e-01,1.762327362233110928e-01,1.729425865846426769e-01,1.737597306666772978e-01
1.799999999999999933e-01,3.820548641162948428e-02,4.352639563877552797e-02,6.802442454910902214e-02,6.421619973365372269e-02,8.519753798995466365e-02,-1.352101439566812113e-01,8.036386745031372236e-02,5.121732976810579319e-02,9.770933004210554662e-01,-1.104465296644242950e-01,1.038356115458212159e+01,2.937163647567964803e-02,3.046543895465500182e-02,2.932641049326486365e-02,2.960542996763615431e-02,1.733788246353242524e-01,1.765776376201841635e-01,1.732452902226889468e-01,1.740674906825713242e-01
1.824999999999999956e-01,3.813303662001048255e-02,4.357121313411080332e-02,6.803716423321867768e-02,6.423812093219910535e-02,8.556529388059422314e-02,-1.345288571572578751e-01,8.036948895016363115e-02,5.195065646544948235e-02,9.768177102436279569e-01,-1.100258843807100789e-01,1.038458033234932820e+01,2.946535697055852401e-02,3.057572966622972357e-02,2.942050887354930033e-02,2.970160579611788934e-02,1.736797122645150904e-01,1.769219235324057671e-01,1.735474862955135034e-01,1.743745911658473313e-01
1.849999999999999978e-01,3.806090460824824301e-02,4.361600198914105525e-02,6.804979433863163341e-02,6.425882205148801540e-02,8.593063643807365148e-02,-1.338496189765479571e-01,8.037497514957543665e-02,5.267770027704904434e-02,9.765431696437290032e-01,-1.096068656084869392e-01,1.038560987642475020e+01,2.955903042140891820e-02,3.068600546998982367e-02,2.951458794069051345e-02,2.979771491943499634e-02,1.739800169721988088e-01,1.772655962077657743e-01,1.738491768877638566e-01,1.746810352319338733e-01
1.875000000000000000e-01,3.798908944721595543e-02,4.366076201258760336e-02,6.806231440635716889e-02,6.427831226502904449e-02,8.629358206421024191e-02,-1.331724083392865354e-01,8.038032570897105100e-02,5.339850544093457940e-02,9.762696745702775791e-01,-1.091894612096932227e-01,1.038664972398403030e+01,2.965265684464883644e-02,3.079626614244558927e-02,2.960864770596734891e-02,2.989375746255858168e-02,1.742797411627958204e-01,1.776086578715988518e-01,1.741503640671317188e-01,1.749868259743919408e-01
1.900000000000000022e-01,3.791759019847255885e-02,4.370549300566406448e-02,6.807472399054598222e-02,6.429660077490226278e-02,8.665414705516197302e-02,-1.324972044112663061e-01,8.038554030252979821e-02,5.411311599218736335e-02,9.759972210023868389e-01,-1.087736591672180675e-01,1.038769981268673170e+01,2.974623625729654400e-02,3.090651146017882323e-02,2.970268818077739445e-02,2.998973355201215926e-02,1.745788872221543386e-01,1.779511107270601300e-01,1.744510498845465718e-01,1.752919664651087506e-01
1.925000000000000044e-01,3.784640591450322972e-02,4.375019476210154079e-02,6.808702265826077626e-02,6.431369680974384495e-02,8.701234760164672233e-02,-1.318239865966193414e-01,8.039061861793456165e-02,5.482157576136275495e-02,9.757258049490623586e-01,-1.083594475834427640e-01,1.038876008067265033e+01,2.983976867696124316e-02,3.101674119983935732e-02,2.979670937663622329e-02,3.008564331583725437e-02,1.748774575177512447e-01,1.782929569553966809e-01,1.747512363743670971e-01,1.755964597544891204e-01
1.950000000000000067e-01,3.777553563895749700e-02,4.379486706817287828e-02,6.809920998925166058e-02,6.432960962277069206e-02,8.736819978917551022e-02,-1.311527345351419238e-01,8.039556035612339946e-02,5.552392837298011918e-02,9.754554224489065950e-01,-1.079468146788058469e-01,1.038983046655812359e+01,2.993325412183387227e-02,3.112695513814170076e-02,2.989071130517663086e-02,3.018148688355942744e-02,1.751754543988897628e-01,1.786341987162151645e-01,1.750509255545690535e-01,1.759003088716442620e-01
1.975000000000000089e-01,3.770497840688440822e-02,4.383950970271596054e-02,6.811128557573478681e-02,6.434434848984348088e-02,8.772171959829719312e-02,-1.304834280996574059e-01,8.040036523104497623e-02,5.622021724407931520e-02,9.751860695698247872e-01,-1.075357487903915860e-01,1.039091090943240303e+01,3.002669261067804005e-02,3.123715305186178931e-02,2.998469397814787149e-02,3.027726438615476259e-02,1.754728801968946372e-01,1.789748381477452854e-01,1.753501194269310448e-01,1.762035168245781602e-01
2.000000000000000111e-01,3.763473324496551670e-02,4.388412243715660022e-02,6.812324902217524458e-02,6.435792270756893196e-02,8.807292290485697894e-02,-1.298160473934200088e-01,8.040503296941886591e-02,5.691048558284287490e-02,9.749177424087343002e-01,-1.071262383705409577e-01,1.039200134885400217e+01,3.012008416282108830e-02,3.134733471783385933e-02,3.007865740741491253e-02,3.037297595601677960e-02,1.757697372253047563e-01,1.793148773670995566e-01,1.756488199772172631e-01,1.765060866003718698e-01
2.025000000000000133e-01,3.756479917174478100e-02,4.392870503553027856e-02,6.813509994507319090e-02,6.437034159143981138e-02,8.842182548026561451e-02,-1.291505727475570076e-01,8.040956331049980976e-02,5.759477638728299070e-02,9.746504370912795201e-01,-1.067182719854849193e-01,1.039310172484710115e+01,3.021342879814525872e-02,3.145749991294741893e-02,3.017260160495767451e-02,3.046862172692377940e-02,1.760660277800624729e-01,1.796543184705289842e-01,1.759470291753577331e-01,1.768080211653650091e-01
2.050000000000000155e-01,3.749517519785611208e-02,4.397325725450351719e-02,6.814683797275430943e-02,6.438161447401270776e-02,8.876844299178178466e-02,-1.284869847185493852e-01,8.041395600584665126e-02,5.827313244399282693e-02,9.743841497715483024e-01,-1.063118383139990686e-01,1.039421197789794249e+01,3.030672653707898456e-02,3.156764841414434752e-02,3.026652658287027481e-02,3.056420183400663723e-02,1.763617541397008714e-01,1.799931635336751157e-01,1.762447489756257812e-01,1.771093234653355053e-01
2.075000000000000178e-01,3.742586032624820730e-02,4.401777884339423685e-02,6.815846274516337844e-02,6.439175070312315452e-02,8.911279100280464216e-02,-1.278252640857500122e-01,8.041821081909533708e-02,5.894559632696064894e-02,9.741188766317929737e-01,-1.059069261460798134e-01,1.039533204895127483e+01,3.039997740058831763e-02,3.167777999841610292e-02,3.036043235336028864e-02,3.065971641371700862e-02,1.766569185655280649e-01,1.803314146118182582e-01,1.765419813168130903e-01,1.774099964256765083e-01
2.099999999999999922e-01,3.735685355240661587e-02,4.406226954419165814e-02,6.816997391366171055e-02,6.440075964013737553e-02,8.945488497317896637e-02,-1.271653918489395185e-01,8.042232752573562349e-02,5.961221039644677699e-02,9.738546138821515541e-01,-1.055035243816413448e-01,1.039646187940679312e+01,3.049318141016845590e-02,3.178789444280102211e-02,3.045431892874799970e-02,3.075516560379596906e-02,1.769515233018094102e-01,1.806690737401226710e-01,1.768387281224025331e-01,1.777100429515720281e-01
2.124999999999999944e-01,3.728815386457340342e-02,4.410672909157555693e-02,6.818137114082790939e-02,6.440865065824047386e-02,8.979474025951036942e-02,-1.265073492259178867e-01,8.042630591289280650e-02,6.027301679792167882e-02,9.735913577603774183e-01,-1.051016220292321501e-01,1.039760141111562142e+01,3.058633858783538564e-02,3.189799152438174690e-02,3.054818632146566459e-02,3.085054954324307347e-02,1.772455705759465872e-01,1.810061429338771233e-01,1.771349913007378429e-01,1.780094659281694636e-01
2.149999999999999967e-01,3.721976024396393690e-02,4.415115721293471490e-02,6.819265410026231766e-02,6.441543314076024485e-02,9.013237211549147976e-02,-1.258511176501332929e-01,8.043014577911249130e-02,6.092805746106504106e-02,9.733291045315681789e-01,-1.047012082047724391e-01,1.039875058637679928e+01,3.067944895611765879e-02,3.200807102028275369e-02,3.064203454405676347e-02,3.094586837228583895e-02,1.775390625986547066e-01,1.813426241887330370e-01,1.774307727451915340e-01,1.783082682207506597e-01
2.174999999999999989e-01,3.715167166498108825e-02,4.419555362838503698e-02,6.820382247639460160e-02,6.442111647952646070e-02,9.046779569223858952e-02,-1.251966787683443660e-01,8.043384693414959430e-02,6.157737409882389074e-02,9.730678504878980117e-01,-1.043022721303098893e-01,1.039990934793379829e+01,3.077251253804825712e-02,3.211813270766798040e-02,3.073586360917527141e-02,3.104112223234962997e-02,1.778320015641369767e-01,1.816785194809386328e-01,1.777260743343302418e-01,1.786064526749008285e-01
2.200000000000000011e-01,3.708388709542687761e-02,4.423991805078691247e-02,6.821487596429483269e-02,6.442571007326486354e-02,9.080102603863822452e-02,-1.245440144383193198e-01,8.043740919876143924e-02,6.222100820652946840e-02,9.728075919483553102e-01,-1.039048031327951538e-01,1.040107763897105464e+01,3.086552935715659168e-02,3.222817636373858513e-02,3.082967352958492294e-02,3.113631126602797727e-02,1.781243896502566759e-01,1.820138307675698564e-01,1.780208979320774820e-01,1.789040221166751932e-01
2.225000000000000033e-01,3.701640549671128544e-02,4.428425018576217370e-02,6.822581426948817751e-02,6.442922332602595004e-02,9.113207810170374790e-02,-1.238931067265683500e-01,8.044083240450468353e-02,6.285900106107224217e-02,9.725483252584805616e-01,-1.035087906428755478e-01,1.040225540311052299e+01,3.095849943746059249e-02,3.233820176573077437e-02,3.092346431815848340e-02,3.123143561705327489e-02,1.784162290187071842e-01,1.823485599867581131e-01,1.783152453878746047e-01,1.792009793527641059e-01
2.250000000000000056e-01,3.694922582405862216e-02,4.432854973171042323e-02,6.823663710777197466e-02,6.443166564564743737e-02,9.146096672694108143e-02,-1.232439379061090606e-01,8.044411639353510335e-02,6.349139372013276605e-02,9.722900467901098853e-01,-1.031142241937069992e-01,1.040344258440826586e+01,3.105142280345892999e-02,3.244820869091375598e-02,3.101723598787701347e-02,3.132649543026791439e-02,1.787075218151794875e-01,1.826827090579145885e-01,1.786091185368390843e-01,1.794973271706557516e-01
2.275000000000000078e-01,3.688234702671110837e-02,4.437281637982500720e-02,6.824734420503708598e-02,6.443304644224964739e-02,9.178770665872457157e-02,-1.225964904542667377e-01,8.044726101841243038e-02,6.411822702146861841e-02,9.720327529411190159e-01,-1.027210934197838321e-01,1.040463912735102880e+01,3.114429948012331986e-02,3.255819691658778936e-02,3.111098855182915790e-02,3.142149085159579025e-02,1.789982701695275458e-01,1.830162798819516268e-01,1.789025191999207010e-01,1.797930683387972961e-01
2.300000000000000100e-01,3.681576804812990156e-02,4.441704981410841274e-02,6.825793529709144047e-02,6.443337512676539092e-02,9.211231254068050212e-02,-1.219507470505051400e-01,8.045026614190757541e-02,6.473954158225599109e-02,9.717764401351718373e-01,-1.023293880557858415e-01,1.040584497685288845e+01,3.123712949289095611e-02,3.266816622008233278e-02,3.120472202321041000e-02,3.151642202801422515e-02,1.792884761959314122e-01,1.833492743415008341e-01,1.791954491840557495e-01,1.800882056067542036e-01
2.325000000000000122e-01,3.674948782619331250e-02,4.446124971138742943e-02,6.826841012948740850e-02,6.443266110950057746e-02,9.243479891608058496e-02,-1.213066905742915952e-01,8.045313163681409863e-02,6.535537779848442363e-02,9.715211048214730249e-01,-1.019390979354426463e-01,1.040706007825185964e+01,3.132991286765703098e-02,3.277811637875431561e-02,3.129843641532240733e-02,3.161128910752628030e-02,1.795781419930579936e-01,1.836816943011280734e-01,1.794879102823188077e-01,1.803827417053671112e-01
2.350000000000000144e-01,3.668350529339276661e-02,4.450541574132760303e-02,6.827876845735161848e-02,6.443091379872843694e-02,9.275518022824291720e-02,-1.206643041029909352e-01,8.045585738576259416e-02,6.596577584440459219e-02,9.712667434745181350e-01,-1.015502129904142931e-01,1.040828437730657718e+01,3.142264963076737277e-02,3.288804716998648681e-02,3.139213174157219621e-02,3.170609223913345431e-02,1.798672696442203400e-01,1.840135416075459607e-01,1.797799042740727271e-01,1.806766793469081755e-01
2.375000000000000167e-01,3.661781937702559414e-02,4.454954756644769615e-02,6.828901004521822915e-02,6.442814259931431420e-02,9.307347082094165336e-02,-1.200235709097927095e-01,8.045844328103934906e-02,6.657077567202704382e-02,9.710133525938535737e-01,-1.011627232491888462e-01,1.040951782019297234e+01,3.151533980901118082e-02,3.299795837118585373e-02,3.148580801547153779e-02,3.180083157280876038e-02,1.801558612175338248e-01,1.843448180898226429e-01,1.800714329251162371e-01,1.809700212252341178e-01
2.399999999999999911e-01,3.655242899938576651e-02,4.459364484213344110e-02,6.829913466686476919e-02,6.442435691137200771e-02,9.338968493882433830e-02,-1.193844744616673614e-01,8.046088922440723656e-02,6.717041701067180681e-02,9.707609287038347912e-01,-1.007766188359953546e-01,1.041076035350096873e+01,3.160798342961386453e-02,3.310784975978224576e-02,3.157946525063620030e-02,3.189550725947019882e-02,1.804439187660711874e-01,1.846755255595882439e-01,1.803624979878298562e-01,1.812627700159387123e-01
2.424999999999999933e-01,3.648733307795151010e-02,4.463770721665131364e-02,6.830914210515123819e-02,6.441956612895090306e-02,9.370383672783655360e-02,-1.187469984173531584e-01,8.046319512693089759e-02,6.776473936656682295e-02,9.705094683533872502e-01,-1.003918899697329586e-01,1.041201192423121569e+01,3.170058052022996925e-02,3.321772111322697507e-02,3.167310346078522354e-02,3.199011945095461829e-02,1.807314443280150229e-01,1.850056658112385066e-01,1.806531012013194437e-01,1.815549283765031663e-01
2.449999999999999956e-01,3.642253052557079679e-02,4.468173433116170989e-02,6.831903215186158063e-02,6.441377963875333235e-02,9.401594023565443270e-02,-1.181111266253717929e-01,8.046536090880432313e-02,6.835378202249570156e-02,9.702589681157723911e-01,-1.000085269629152201e-01,1.041327247979181614e+01,3.179313110893621647e-02,3.332757220899157380e-02,3.176672265974024578e-02,3.208466829999191694e-02,1.810184399268085220e-01,1.853352406221353554e-01,1.809432442915581696e-01,1.818464989464446957e-01
2.474999999999999978e-01,3.635802025064371890e-02,4.472572581973205397e-02,6.832880460754858776e-02,6.440700681888124335e-02,9.432600941212354595e-02,-1.174768431220733489e-01,8.046738649918255826e-02,6.893758403749127017e-02,9.700094245883544852e-01,-9.962652022062926105e-02,1.041454196799510612e+01,3.188563522422463437e-02,3.343740282456663521e-02,3.186032286142478909e-02,3.217915396017964613e-02,1.813049075713039637e-01,1.856642517528048486e-01,1.812329289715263470e-01,1.821374843474636573e-01
2.500000000000000000e-01,3.629380115730279632e-02,4.476968130934965567e-02,6.833845928138083947e-02,6.439925703761292808e-02,9.463405810970557108e-02,-1.168441321297092189e-01,8.046927183601554345e-02,6.951618424657698969e-02,9.697608343923708185e-01,-9.924586023951002811e-02,1.041582033705444132e+01,3.197809289499579238e-02,3.354721273746076593e-02,3.195390407986355846e-02,3.227357658595796097e-02,1.815908492559096810e-01,1.859927009471325221e-01,1.815221569413492664e-01,1.824278871835890714e-01
2.525000000000000022e-01,3.622987214559030694e-02,4.481360041993429771e-02,6.834799599099290746e-02,6.439053965220799258e-02,9.494010008393000133e-02,-1.162129780545330116e-01,8.047101686588566116e-02,7.008962126055214015e-02,9.695131941727026526e-01,-9.886653760672906022e-02,1.041710753558098368e+01,3.207050415055210518e-02,3.365700172519960065e-02,3.204746632918175492e-02,3.236793633258495950e-02,1.818762669607349169e-01,1.863205899325561521e-01,1.818109298884334757e-01,1.827177100413225064e-01
2.550000000000000044e-01,3.616623211163318141e-02,4.485748276435067711e-02,6.835741456233801472e-02,6.438086400774142848e-02,9.524414899385383326e-02,-1.155833654849294789e-01,8.047262154384814126e-02,7.065793346582237289e-02,9.692665005976518477e-01,-9.848854299899675868e-02,1.041840351258055186e+01,3.216286902059126845e-02,3.376676956532494861e-02,3.214100962360437463e-02,3.246223335611234107e-02,1.821611626517327387e-01,1.866479204202557418e-01,1.820992494876011170e-01,1.830069554897803263e-01
2.575000000000000067e-01,3.610287994781545551e-02,4.490132794842053438e-02,6.836671482954309598e-02,6.437023943596474618e-02,9.554621840252584819e-02,-1.149552791895685627e-01,8.047408583327420040e-02,7.122115902427214595e-02,9.690207503587181526e-01,-9.811186718157964559e-02,1.041970821745045228e+01,3.225518753519974330e-02,3.387651603539400258e-02,3.223453397745552895e-02,3.255646781336147405e-02,1.824455382808411463e-01,1.869746941053410383e-01,1.823871174012220708e-01,1.832956260808345783e-01
2.600000000000000089e-01,3.603981454294802322e-02,4.494513557093512274e-02,6.837589663476693891e-02,6.435867525419594615e-02,9.584632177745742998e-02,-1.143287041155878203e-01,8.047540970569759533e-02,7.177933587318076347e-02,9.687759401703772699e-01,-9.773650100733002888e-02,1.042102159997636157e+01,3.234745972484637938e-02,3.398624091297866578e-02,3.232803940515774355e-02,3.265063986189976203e-02,1.827293957861227669e-01,1.873009126670368563e-01,1.826745352793451849e-01,1.835837243492523529e-01
2.625000000000000111e-01,3.597703478243576697e-02,4.498890522366690015e-02,6.838495982806021278e-02,6.434618076423523347e-02,9.614447249109840665e-02,-1.137036253867996088e-01,8.047659314066327174e-02,7.233250172517781407e-02,9.685320667698651409e-01,-9.736243541573000315e-02,1.042234361032919665e+01,3.243968562037607278e-02,3.409594397566494822e-02,3.242152592123128535e-02,3.274474966001739151e-02,1.830127370919020502e-01,1.876265777688654324e-01,1.829615047598267819e-01,1.838712528128335078e-01
2.650000000000000133e-01,3.591453954844250201e-02,4.503263649138170704e-02,6.839390426722868899e-02,6.433276525130857126e-02,9.644068382131888717e-02,-1.130800283019237629e-01,8.047763612557981561e-02,7.288069406824009000e-02,9.682891269169611181e-01,-9.698966143194812095e-02,1.042367419906205406e+01,3.253186525300356957e-02,3.420562500105246012e-02,3.251499354029348948e-02,3.283879736670441973e-02,1.832955641089014376e-01,1.879516910588268364e-01,1.832480274684582799e-01,1.841582139725471690e-01
2.675000000000000155e-01,3.585232772005304130e-02,4.507632895185068045e-02,6.840272981769818239e-02,6.431843798303685245e-02,9.673496895189502565e-02,-1.124578983328455989e-01,8.047853865557361153e-02,7.342395016572682287e-02,9.680471173937761353e-01,-9.661817016590892870e-02,1.042501331710711376e+01,3.262399865430731100e-02,3.431528376675400255e-02,3.260844227705805148e-02,3.293278314162819548e-02,1.835778787343752827e-01,1.882762541695767178e-01,1.835341050190915091e-01,1.844446103126665126e-01
2.700000000000000178e-01,3.579039817343299817e-02,4.511998217586204313e-02,6.841143635238247644e-02,6.430320820843112017e-02,9.702734097300091953e-02,-1.118372211228978869e-01,8.047930073334634560e-02,7.396230705645315262e-02,9.678060350045407656e-01,-9.624795281137503433e-02,1.042636091577259627e+01,3.271608585622338278e-02,3.442492005039525516e-02,3.270187214633438894e-02,3.302670714511111300e-02,1.838596828522424675e-01,1.886002687186020266e-01,1.838197390137628895e-01,1.847304443009025465e-01
2.725000000000000200e-01,3.572874978198601476e-02,4.516359572723304544e-02,6.842002375155321892e-02,6.428708515691317071e-02,9.731781288170331112e-02,-1.112179824851681070e-01,8.047992236903524221e-02,7.449580155480081678e-02,9.675658765753979429e-01,-9.587900064504205344e-02,1.042771694673974991e+01,3.280812689103955460e-02,3.453453362961453332e-02,3.279528316302694063e-02,3.312056953810871285e-02,1.841409783332170758e-01,1.889237363083941523e-01,1.841049310428155006e-01,1.850157183885360046e-01
2.750000000000000222e-01,3.566738141650839522e-02,4.520716916282197656e-02,6.842849190271239890e-02,6.427007803736164981e-02,9.760639758246254793e-02,-1.106001684008266900e-01,8.048040358007524375e-02,7.502447025086499133e-02,9.673266389541955723e-01,-9.551130502564482427e-02,1.042908136205982572e+01,3.290012179138938203e-02,3.464412428206262856e-02,3.288867534213450738e-02,3.321437048218810889e-02,1.844217670349376226e-01,1.892466585266200096e-01,1.843896826850199844e-01,1.853004350105483811e-01
2.775000000000000244e-01,3.560629194534169206e-02,4.525070203254006468e-02,6.843684070046691936e-02,6.425219603718154704e-02,9.789310788763640192e-02,-1.099837650174821518e-01,8.048074439106449318e-02,7.554834951063599258e-02,9.670883190102829152e-01,-9.514485739307618206e-02,1.043045411415109669e+01,3.299207059024641953e-02,3.475369178540275994e-02,3.298204869874958589e-02,3.330811013950672750e-02,1.847020508020945917e-01,1.895690369462909863e-01,1.846739955076935613e-01,1.855845965857513546e-01
2.800000000000000266e-01,3.554548023452227395e-02,4.529419387936352293e-02,6.844507004640563996e-02,6.423344832139941951e-02,9.817795651798751078e-02,-1.093687586475555057e-01,8.048094483363196772e-02,7.606747547621570127e-02,9.668509136343098609e-01,-9.477964926751737684e-02,1.043183515579590015e+01,3.308397332091849580e-02,3.486323591731062266e-02,3.307540324805770954e-02,3.340178867279138680e-02,1.849818314665562791e-01,1.898908731259294491e-01,1.849578710668176029e-01,1.858682055169147973e-01
2.825000000000000289e-01,3.548494514792892990e-02,4.533764423934574100e-02,6.845317984897809904e-02,6.421384403178126421e-02,9.846095610319552383e-02,-1.087551357666788898e-01,8.048100494630756885e-02,7.658188406606673826e-02,9.666144197380253100e-01,-9.441567224857971841e-02,1.043322444013768724e+01,3.317583001704206558e-02,3.497275645547446438e-02,3.316873900533677533e-02,3.349540624531767430e-02,1.852611108474934709e-01,1.902121686097335840e-01,1.852413109071538444e-01,1.861512641908937282e-01
2.850000000000000311e-01,3.542468554742789211e-02,4.538105264162962255e-02,6.846117002337626101e-02,6.419339228597439884e-02,9.874211918237213448e-02,-1.081428830121152346e-01,8.048092477439471037e-02,7.709161097529441953e-02,9.663788342540818865e-01,-9.405291801445744837e-02,1.043462192067808481e+01,3.326764071257665156e-02,3.508225317759530726e-02,3.326205598595638468e-02,3.358896302088966446e-02,1.855398907515019291e-01,1.905329249277395998e-01,1.855243165623585710e-01,1.864337749787539356e-01
2.875000000000000333e-01,3.536470029301540252e-02,4.542441860846004736e-02,6.846904049141755433e-02,6.417210217667186634e-02,9.902145820457887437e-02,-1.075319871812001754e-01,8.048070436984533504e-02,7.759669167596018602e-02,9.661441541358378737e-01,-9.369137832109201980e-02,1.043602755127400528e+01,3.335940544179936268e-02,3.519172586138723247e-02,3.335535420537721202e-02,3.368245916381992083e-02,1.858181729727241549e-01,1.908531435959824329e-01,1.858068895550963051e-01,1.867157402358962104e-01
2.899999999999999800e-01,3.530498824295794785e-02,4.546774165519640309e-02,6.847679118143037980e-02,6.414998277080009859e-02,9.929898552934868228e-02,-1.069224352298041025e-01,8.048034379113701287e-02,7.809716141742505113e-02,9.659103763571671442e-01,-9.333104500134695169e-02,1.043744128613476363e+01,3.345112423929948176e-02,3.530117428457774792e-02,3.344863367915031083e-02,3.377589483890983124e-02,1.860959592929689321e-01,1.911728261166539544e-01,1.860890313971506616e-01,1.869971623021793039e-01
2.924999999999999822e-01,3.524554825393032970e-02,4.551102129032549848e-02,6.848442202814183921e-02,6.412704310872825719e-02,9.957471342720977669e-02,-1.063142142708155546e-01,8.047984310315288436e-02,7.859305522672369038e-02,9.656774979122644265e-01,-9.297190996419328612e-02,1.043886307981919792e+01,3.354279713997312257e-02,3.541059822490822545e-02,3.354189442291651002e-02,3.386927021143022742e-02,1.863732514818298991e-01,1.914919739782596775e-01,1.863707435895352871e-01,1.872780435020421630e-01
2.949999999999999845e-01,3.518637918115098684e-02,4.555425701547469869e-02,6.849193297256701840e-02,6.410329220349975099e-02,9.984865408021230404e-02,-1.057073115726440832e-01,8.047920237706310265e-02,7.908440790896639760e-02,9.654455158154592320e-01,-9.261396519390581450e-02,1.044029288723284310e+01,3.363442417901799097e-02,3.551999746013444897e-02,3.363513645240572003e-02,3.396258544710229615e-02,1.866500512968024550e-01,1.918105886557729678e-01,1.866520276226020514e-01,1.875583861446240841e-01
2.974999999999999867e-01,3.512747987851536080e-02,4.559744832542506066e-02,6.849932396190067108e-02,6.407873904008479227e-02,1.001208195824573738e-01,-1.051017145577437945e-01,8.047842169020910652e-02,7.957125404776956012e-02,9.652144271010255627e-01,-9.225720274926933751e-02,1.044173066362509772e+01,3.372600539192818769e-02,3.562937176802723205e-02,3.372835978343632218e-02,3.405584071207882341e-02,1.869263604833994452e-01,1.921286716107879489e-01,1.869328849761489053e-01,1.878381925238845895e-01
2.999999999999999889e-01,3.506884919872678419e-02,4.564059470812523167e-02,6.850659494941070682e-02,6.405339257465489378e-02,1.003912219406282308e-01,-1.044974108011557101e-01,8.047750112598986427e-02,8.005362800571295956e-02,9.649842288229997234e-01,-9.190161476279511132e-02,1.044317636458642085e+01,3.381754081448908045e-02,3.573872092637310482e-02,3.382156443191450951e-02,3.414903617292569526e-02,1.872021807752649591e-01,1.924462242916699095e-01,1.872133171195256018e-01,1.881174649187214443e-01
3.024999999999999911e-01,3.501048599342503065e-02,4.568369564470499411e-02,6.851374589433344153e-02,6.402726173387704445e-02,1.006598730745232734e-01,-1.038943880290694455e-01,8.047644077374999094e-02,8.053156392482377357e-02,9.647549180549941372e-01,-9.154719343994713321e-02,1.044462994604555028e+01,3.390903048277229409e-02,3.584804471297510509e-02,3.391475041383365530e-02,3.424217199660370414e-02,1.874775138942875452e-01,1.927632481337045456e-01,1.874933255117385567e-01,1.883962055930880342e-01
3.049999999999999933e-01,3.495238911331279008e-02,4.572675060948984405e-02,6.852077676177108223e-02,6.400035541422925689e-02,1.009267848175915278e-01,-1.032926341174037616e-01,8.047524072867046074e-02,8.100509572708575190e-02,9.645264918900174900e-01,-9.119393105837839131e-02,1.044609136426673324e+01,3.400047443313071460e-02,3.595734290565362479e-02,3.400791774527366779e-02,3.433524835045064644e-02,1.877523615507113997e-01,1.930797445592447037e-01,1.877729116015542099e-01,1.886744167961091623e-01
3.074999999999999956e-01,3.489455740827968749e-02,4.576975907001539640e-02,6.852768752259075224e-02,6.397268248133539115e-02,1.011919689174688997e-01,-1.026921370904045755e-01,8.047390109166098482e-02,8.147425711497298384e-02,9.642989474402956507e-01,-9.084181996717648200e-02,1.044756057584699249e+01,3.409187270219357635e-02,3.606661528224736069e-02,3.410106644240036566e-02,3.442826540216367692e-02,1.880267254432463064e-01,1.933957149778556817e-01,1.880520768276010557e-01,1.889521007621960680e-01
3.099999999999999978e-01,3.483698972752412998e-02,4.581272048704228966e-02,6.853447815332522342e-02,6.394425176931999022e-02,1.014554370365168268e-01,-1.020928851192624692e-01,8.047242196925442903e-02,8.193908157200789633e-02,9.640722818370918157e-01,-9.049085258611877514e-02,1.044903753771339261e+01,3.418322532686165344e-02,3.617586162061431354e-02,3.419419652146482580e-02,3.452122331978197539e-02,1.883006072591767999e-01,1.937111607864590301e-01,1.883308226184705336e-01,1.892292597111603081e-01
3.125000000000000000e-01,3.477968491967303732e-02,4.585563431457168743e-02,6.854114863607609076e-02,6.391507208018236408e-02,1.017172007523611810e-01,-1.014948665207457273e-01,8.047080347350353546e-02,8.239960236334227528e-02,9.638464922305335358e-01,-9.014102140493671089e-02,1.045052220712034163e+01,3.427453234430246493e-02,3.628508169863290528e-02,3.428730799880278651e-02,3.461412227166967004e-02,1.885740086744691624e-01,1.940260833694739673e-01,1.886091503928164215e-01,1.895058958483261391e-01
3.150000000000000022e-01,3.472264183289922035e-02,4.589849999986092555e-02,6.854769895841777982e-02,6.388515218318974176e-02,1.019772715584330580e-01,-1.008980697558521933e-01,8.046904572187900395e-02,8.285585253636040814e-02,9.636215757894369682e-01,-8.979231898258943634e-02,1.045201454164691413e+01,3.436579379194559108e-02,3.639427529420312390e-02,3.438040089083398837e-02,3.470696242649902452e-02,1.888469313538780059e-01,1.943404840989576832e-01,1.888870615594532287e-01,1.897820113646424833e-01
3.175000000000000044e-01,3.466585931503669837e-02,4.594131698343980469e-02,6.855412911330413528e-02,6.385450081428882541e-02,1.022356608645108161e-01,-1.003024834284778483e-01,8.046714883717011324e-02,8.330786492130437537e-02,9.633975297011341254e-01,-8.944473794654607401e-02,1.045351449919416353e+01,3.445700970747802433e-02,3.650344218524779333e-02,3.447347521406157050e-02,3.479974395323392339e-02,1.891193769510510492e-01,1.946543643347437846e-01,1.891645575174534244e-01,1.900576084367935070e-01
3.200000000000000067e-01,3.460933621369384483e-02,4.598408469912721591e-02,6.856043909897603650e-02,6.382312667553574626e-02,1.024923799972615179e-01,-9.970809628410133574e-02,8.046511294738692421e-02,8.375567213191977001e-02,9.631743511713046768e-01,-8.909827099207701107e-02,1.045502203798249852e+01,3.454818012883959649e-02,3.661258214971389174e-02,3.456653098507143917e-02,3.489246702111359344e-02,1.893913471086327294e-01,1.949677254245789082e-01,1.894416396562429439e-01,1.903326892273078386e-01
3.225000000000000089e-01,3.455307137636429160e-02,4.602680257404836994e-02,6.856662891887110867e-02,6.379103843454410339e-02,1.027474402007846760e-01,-9.911489720848440377e-02,8.046293818566417622e-02,8.419930656612199804e-02,9.629520374238055291e-01,-8.875291088155387587e-02,1.045653711654904860e+01,3.463930509421846160e-02,3.672169496557394636e-02,3.465956822053165715e-02,3.498513179963658876e-02,1.896628434583668976e-01,1.952805687042579730e-01,1.897183093556962796e-01,1.906072558846673981e-01
3.250000000000000111e-01,3.449706365053586965e-02,4.606947002865233176e-02,6.857269858153475228e-02,6.375824472395050235e-02,1.030008526371552907e-01,-9.852287522638931982e-02,8.046062469016708463e-02,8.463880040668209093e-02,9.627305857005048484e-01,-8.840865044375789683e-02,1.045805969374506006e+01,3.473038464204666192e-02,3.683078041082751136e-02,3.475258693719181918e-02,3.507773845854506023e-02,1.899338676211978771e-01,1.955928954977578238e-01,1.899945679862296843e-01,1.908813105434147006e-01
3.275000000000000133e-01,3.444131188379735697e-02,4.611208647673027683e-02,6.857864810053321269e-02,6.372475414089724677e-02,1.032526283869677902e-01,-9.793201950031117653e-02,8.045817260399922011e-02,8.507418562193048983e-02,9.625099932611160813e-01,-8.806548257319654627e-02,1.045958972873330772e+01,3.482141881099572178e-02,3.693983826350271532e-02,3.484558715188243450e-02,3.517028716780924713e-02,1.902044212073706608e-01,1.959047071173690147e-01,1.902704169088938191e-01,1.911548553242594928e-01
3.300000000000000155e-01,3.438581492394320732e-02,4.615465132543438570e-02,6.858447749436759333e-02,6.369057524653250202e-02,1.035027784498802200e-01,-9.734231932922492170e-02,8.045558207511155357e-02,8.550549396648096656e-02,9.622902573830348638e-01,-8.772340022942864968e-02,1.046112718098552641e+01,3.491240763997233154e-02,3.704886830165789180e-02,3.493856888151432305e-02,3.526277809761225318e-02,1.904745058165299987e-01,1.962160048638265930e-01,1.905458574754648471e-01,1.914278923341841687e-01
3.325000000000000178e-01,3.433057161907616256e-02,4.619716397529691210e-02,6.859018678639001998e-02,6.365571656552664048e-02,1.037513137451579609e-01,-9.675376414734833397e-02,8.045285325621365224e-02,8.593275698196957413e-02,9.620713753611782604e-01,-8.738239643639758580e-02,1.046267201027986538e+01,3.500335116811408021e-02,3.715787030338325164e-02,3.503153214307800495e-02,3.535521141833504466e-02,1.907441230378177088e-01,1.965267900264386913e-01,1.908208910285345006e-01,1.917004236665482975e-01
3.350000000000000200e-01,3.427558081770793602e-02,4.623962382025022938e-02,6.859577600472105408e-02,6.362018658560508744e-02,1.039982451122178769e-01,-9.616634352291850152e-02,8.044998630468661038e-02,8.635600599781255438e-02,9.618533445078227828e-01,-8.704246428177213335e-02,1.046422417669835703e+01,3.509424943478524350e-02,3.726684404680267321e-02,3.512447695364308980e-02,3.544758730054169832e-02,1.910132744499698498e-01,1.968370638832142305e-01,1.910955189015993427e-01,1.919724514011922067e-01
3.375000000000000222e-01,3.422084136885767541e-02,4.628203024764727946e-02,6.860124518216841050e-02,6.358399375709733459e-02,1.042435833111719640e-01,-9.558004715698355247e-02,8.044698138249688213e-02,8.677527213197908096e-02,9.616361621524468495e-01,-8.670359691629563048e-02,1.046578364062440336e+01,3.518510247957262055e-02,3.737578931007552036e-02,3.521740333035766612e-02,3.553990591496491991e-02,1.912819616214119500e-01,1.971468277009888748e-01,1.913697424191485585e-01,1.922439776045397064e-01
3.400000000000000244e-01,3.416635212214869100e-02,4.632438263828279196e-02,6.860659435614763213e-02,6.354714649250189917e-02,1.044873390233708871e-01,-9.499486488220758307e-02,8.044383865611273721e-02,8.719058629178084996e-02,9.614198256415743549e-01,-8.636578755314242017e-02,1.046735036274029440e+01,3.527591034228145378e-02,3.748470587139856453e-02,3.531031129044772537e-02,3.563216743249176394e-02,1.915501861103534598e-01,1.974560827355494597e-01,1.916435628967508298e-01,1.925150043296996183e-01
3.425000000000000266e-01,3.411211192790313679e-02,4.636668036641506535e-02,6.861182356860377751e-02,6.350965316606603517e-02,1.047295228519467269e-01,-9.441078666168981059e-02,8.044055829642170197e-02,8.760197917467538176e-02,9.612043323386185723e-01,-8.602902946728220590e-02,1.046892430402471597e+01,3.536667306293137664e-02,3.759359350900795538e-02,3.540320085121652360e-02,3.572437202414959628e-02,1.918179494648810934e-01,1.977648302317572271e-01,1.919169816411403495e-01,1.927855336165665845e-01
3.450000000000000289e-01,3.405811963723454072e-02,4.640892279978835189e-02,6.861693286593452401e-02,6.347152211338133454e-02,1.049701453223552405e-01,-9.382780258779618854e-02,8.043714047864945760e-02,8.800948126908482438e-02,9.609896796237287209e-01,-8.569331599485169315e-02,1.047050542575033028e+01,3.545739068175243758e-02,3.770245200118126777e-02,3.549607203004401246e-02,3.581651986109232744e-02,1.920852532230512000e-01,1.980730714236695056e-01,1.921899999503014766e-01,1.930555674919210707e-01
3.475000000000000311e-01,3.400437410213871803e-02,4.645110929965612367e-02,6.862192229891506123e-02,6.343276163099423326e-02,1.052092168829177610e-01,-9.324590288100581548e-02,8.043358538228065346e-02,8.841312285522860692e-02,9.607758648936375323e-01,-8.535864053253379435e-02,1.047209368948129793e+01,3.554806323918117267e-02,3.781128112623961812e-02,3.558892484438622855e-02,3.590861111458682614e-02,1.923520989129809122e-01,1.983808075346601696e-01,1.924626191135525299e-01,1.933251079695280650e-01
3.500000000000000333e-01,3.395087417558256826e-02,4.649323922080477595e-02,6.862679192262394201e-02,6.339337997603014530e-02,1.054467479053611961e-01,-9.266507788876794660e-02,8.042989319098113599e-02,8.881293400596838861e-02,9.605628855615119255e-01,-8.502499653694370330e-02,1.047368905707089581e+01,3.563869077585671286e-02,3.792008066254985016e-02,3.568175931177471755e-02,3.600064595599958978e-02,1.926184880529381305e-01,1.986880397775383778e-01,1.927348404116287495e-01,1.935941570502352771e-01
3.524999999999999800e-01,3.389761871159103351e-02,4.653531191157843361e-02,6.863154179637043217e-02,6.335338536583316749e-02,1.056827486853587628e-01,-9.208531808437360466e-02,8.042606409252110733e-02,8.920894458766703838e-02,9.603507390568022384e-01,-8.469237752402265784e-02,1.047529149065909770e+01,3.572927333261697452e-02,3.802885038852677618e-02,3.577457544981591658e-02,3.609262455678362291e-02,1.928844221514310620e-01,1.989947693546664509e-01,1.930066651167638148e-01,1.938627167220703384e-01
3.549999999999999822e-01,3.384460656533228029e-02,4.657732671390416024e-02,6.863617198362313709e-02,6.331278597761906546e-02,1.059172294430678340e-01,-9.150661406583794621e-02,8.042209827870058780e-02,8.960118426105920242e-02,9.601394228250956786e-01,-8.436077706843818358e-02,1.047690095267020816e+01,3.581981095049487779e-02,3.813759008263550160e-02,3.586737327619059224e-02,3.618454708846555873e-02,1.931499027072960117e-01,1.993009974580761401e-01,1.932780944927710298e-01,1.941307889603370029e-01
3.574999999999999845e-01,3.379183659320087602e-02,4.661928296331791649e-02,6.864068255194002988e-02,6.327158994814201243e-02,1.061502003236679675e-01,-9.092895655479572847e-02,8.041799594527562767e-02,8.998968248213352894e-02,9.599289343279699960e-01,-8.403018880299170656e-02,1.047851740581049462e+01,3.591030367071463419e-02,3.824629952339379801e-02,3.596015280865323682e-02,3.627641372263298164e-02,1.934149312097846740e-01,1.996067252695836736e-01,1.935491297951228984e-01,1.943983757277107649e-01
3.599999999999999867e-01,3.373930765289932104e-02,4.666117998899173280e-02,6.864507357289935385e-02,6.322980537337533069e-02,1.063816713978969625e-01,-9.035233639540726780e-02,8.041375729188604549e-02,9.037446850302657819e-02,9.597192710428487095e-01,-8.370060641803249435e-02,1.048014081306584444e+01,3.600075153468807604e-02,3.835497848937456655e-02,3.605291406503149249e-02,3.636822463092195812e-02,1.936795091386503409e-01,1.999119539609035545e-01,1.938197722710301718e-01,1.946654789743332836e-01
3.624999999999999889e-01,3.368701860351765859e-02,4.670301711376111803e-02,6.864934512203264838e-02,6.318744030820497293e-02,1.066116526625857236e-01,-8.977674455327733227e-02,8.040938252198492897e-02,9.075557137292725174e-02,9.595104304628581104e-01,-8.337202366087884120e-02,1.048177113769944135e+01,3.609115458401101345e-02,3.846362675920832891e-02,3.614565706322556138e-02,3.645997998500480342e-02,1.939436379642329733e-01,2.002166846937610267e-01,1.940900231595198977e-01,1.949321006379063637e-01
3.649999999999999911e-01,3.363496830561141931e-02,4.674479365415363380e-02,6.865349727875776076e-02,6.314450276613596535e-02,1.068401540411920148e-01,-8.920217211438391525e-02,8.040487184276862154e-02,9.113301993899075581e-02,9.593024100966861534e-01,-8.304443433524555385e-02,1.048340834324945448e+01,3.618151286045969556e-02,3.857224411158581556e-02,3.623838182120764362e-02,3.655167995657803565e-02,1.942073191475435223e-01,2.005209186200034022e-01,1.943598836915123584e-01,1.951982426437846307e-01
3.674999999999999933e-01,3.358315562127758142e-02,4.678650892041823217e-02,6.865753012631414798e-02,6.310100071901202090e-02,1.070671853843315618e-01,-8.862861028401909647e-02,8.040022546510895707e-02,9.150684284726377793e-02,9.590952074684411244e-01,-8.271783230067790427e-02,1.048505239352675211e+01,3.627182640598725777e-02,3.868083032526060255e-02,3.633108835702133360e-02,3.664332471735054497e-02,1.944705541403471405e-01,2.008246568817100286e-01,1.946293550898973712e-01,1.954639069050678746e-01
3.699999999999999956e-01,3.353157941422910820e-02,4.682816221655535655e-02,6.866144375169880298e-02,6.305694209674717055e-02,1.072927564703091141e-01,-8.805605038573977028e-02,8.039544360348623020e-02,9.187706854361769870e-02,9.588888201175127524e-01,-8.239221147199220219e-02,1.048670325261264047e+01,3.636209526272025233e-02,3.878938517905179684e-02,3.642377668878105795e-02,3.673491443903198483e-02,1.947333443852456991e-01,2.011279006113013690e-01,1.948984385696096167e-01,1.957290953226923369e-01
3.724999999999999978e-01,3.348023854986767467e-02,4.686975284034796546e-02,6.866523824560336053e-02,6.301233478706967650e-02,1.075168770056463413e-01,-8.748448386032907365e-02,8.039052647592338785e-02,9.224372527469117122e-02,9.586832455984364287e-01,-8.206756581872265421e-02,1.048836088485658813e+01,3.645231947295523439e-02,3.889790845184681184e-02,3.651644683467151348e-02,3.682644929332131584e-02,1.949956913157590288e-01,2.014306509316463323e-01,1.951671353377028018e-01,1.959938097855211114e-01
3.750000000000000000e-01,3.342913189535438173e-02,4.691128008339337518e-02,6.866891370235264636e-02,6.296718663527821336e-02,1.077395566256085929e-01,-8.691390226476894409e-02,8.038547430392177506e-02,9.260684108884126298e-02,9.584784814807548736e-01,-8.174388936457421817e-02,1.049002525487400561e+01,3.654249907915534806e-02,3.900639992260417771e-02,3.660909881294707041e-02,3.691792945189562025e-02,1.952575963564056327e-01,2.017329089561691047e-01,1.954354465934234342e-01,1.962580521704340719e-01
3.775000000000000022e-01,3.337825831967941581e-02,4.695274323113616394e-02,6.867247021984382305e-02,6.292150544400934575e-02,1.079608048947298254e-01,-8.634429727122117093e-02,8.038028731239781066e-02,9.296644383710229997e-02,9.582745253488846870e-01,-8.142117618688195224e-02,1.049169632754402848e+01,3.663263412394702351e-02,3.911485937035642790e-02,3.670173264193122425e-02,3.700935508639903448e-02,1.955190609227823173e-01,2.020346757889543710e-01,1.957033735282834586e-01,1.965218243424166622e-01
3.800000000000000044e-01,3.332761669372948099e-02,4.699414156290177003e-02,6.867590789948713192e-02,6.287529897301666337e-02,1.081806313073350734e-01,-8.577566066601916006e-02,8.037496572962092578e-02,9.332256117415214935e-02,9.580713748019829001e-01,-8.109942041607605401e-02,1.049337406800730754e+01,3.672272465011663933e-02,3.922328657421304821e-02,3.679434834001601984e-02,3.710072636843193133e-02,1.957800864216428516e-01,2.023359525248515089e-01,1.959709173261320048e-01,1.967851281546481590e-01
3.825000000000000067e-01,3.327720589035393361e-02,4.703547435193096427e-02,6.867922684614746753e-02,6.282857493896130963e-02,1.083990452880612826e-01,-8.520798434866984350e-02,8.036950978715282079e-02,9.367522055928650948e-02,9.578690274538143035e-01,-8.077861623515329714e-02,1.049505844166382929e+01,3.681277070060731682e-02,3.933168131336345352e-02,3.688694592566148234e-02,3.719204346954026880e-02,1.960406742509760991e-01,2.026367402495778680e-01,1.962380791632265253e-01,1.970479654485890186e-01
3.850000000000000089e-01,3.322702478442918911e-02,4.707674086541561997e-02,6.868242716808717341e-02,6.278134101521321009e-02,1.086160561923760481e-01,-8.464126033086376288e-02,8.036391971978784632e-02,9.402444925739882053e-02,9.576674809326209958e-01,-8.045875787915392208e-02,1.049674941417074869e+01,3.690277231851567946e-02,3.944004336708005487e-02,3.697952541739506910e-02,3.728330656120513314e-02,1.963008258000828177e-01,2.029370400398206042e-01,1.965048602083029339e-01,1.973103380540677521e-01
3.875000000000000111e-01,3.317707225292164386e-02,4.711794036453505197e-02,6.868550897690933743e-02,6.273360483166350032e-02,1.088316733070937570e-01,-8.407548073549468703e-02,8.035819576549389776e-02,9.437027433996744707e-02,9.574667328809937095e-01,-8.013983963464450799e-02,1.049844695144024520e+01,3.699272954708870964e-02,3.954837251472137494e-02,3.707208683381108677e-02,3.737451581483246243e-02,1.965605424496520148e-01,2.032368529633375998e-01,1.967712616226448830e-01,1.975722477893665785e-01
3.900000000000000133e-01,3.312734717494891096e-02,4.715907210449351433e-02,6.868847238750304396e-02,6.268537397454707061e-02,1.090459058508896906e-01,-8.351063779568880519e-02,8.035233816535543305e-02,9.471272268604864764e-02,9.572667809557415808e-01,-7.982185583920672900e-02,1.050015101963738573e+01,3.708264242972061225e-02,3.965666853573520528e-02,3.716463019357014314e-02,3.746567140174296429e-02,1.968198255718364154e-01,2.035361800790576048e-01,1.970372845601527090e-01,1.978336964613068294e-01
3.925000000000000155e-01,3.307784843183959878e-02,4.720013533455844068e-02,6.869131751798855656e-02,6.263665598627585207e-02,1.092587629748122263e-01,-8.294672385384196933e-02,8.034634716351672645e-02,9.505182098327484563e-02,9.570676228277680275e-01,-7.950480088093134223e-02,1.050186158517800550e+01,3.717251100994974772e-02,3.976493120966184680e-02,3.725715551539859199e-02,3.755677349316219327e-02,1.970786765303267074e-01,2.038350224371787145e-01,1.973029301674107394e-01,1.980946858653333253e-01
3.950000000000000178e-01,3.302857490719152134e-02,4.724112929810008604e-02,6.869404448966444365e-02,6.258745836528185891e-02,1.094702537627916805e-01,-8.238373136066563795e-02,8.034022300712667652e-02,9.538759572885874283e-02,9.568692561819422959e-01,-7.918866919791808789e-02,1.050357861472662080e+01,3.726233533145557886e-02,3.987316031613737793e-02,3.734966281808797806e-02,3.764782226021082256e-02,1.973370966804257332e-01,2.041333810792663739e-01,1.975681995837548222e-01,1.983552177855981147e-01
3.975000000000000200e-01,3.297952548692853481e-02,4.728205323263175164e-02,6.869665342695495391e-02,6.253778856587047241e-02,1.096803872321478607e-01,-8.182165287424159050e-02,8.033396594628426646e-02,9.572007323060209572e-02,9.566716787169774472e-01,-7.887345527778105714e-02,1.050530207519433645e+01,3.735211543805568718e-02,3.998135563489697147e-02,3.744215212049447489e-02,3.773881787389509607e-02,1.975950873691210141e-01,2.044312570383499394e-01,1.978330939413382450e-01,1.986152939950436014e-01
4.000000000000000222e-01,3.293069905935567393e-02,4.732290636985124477e-02,6.869914445735861297e-02,6.248765399808327986e-02,1.098891723340939958e-01,-8.126048105908395547e-02,8.032757623398538438e-02,9.604927960790897445e-02,9.564748881453052354e-01,-7.855915365715915311e-02,1.050703193373678523e+01,3.744185137370279609e-02,4.008951694577830849e-02,3.753462344153834368e-02,3.782976050509742616e-02,1.978526499351572487e-01,2.047286513390186857e-01,1.980976143651975163e-01,1.988749162554847294e-01
4.025000000000000244e-01,3.288209451521308807e-02,4.736368793568324076e-02,6.870151771139793029e-02,6.243706202757032253e-02,1.100966179542393897e-01,-8.070020868521035617e-02,8.032105412607051798e-02,9.637524079280376799e-02,9.562788821929558702e-01,-7.824575892123220022e-02,1.050876815775208506e+01,3.753154318248186350e-02,4.019764402872499226e-02,3.762707680020337814e-02,3.792065032456719276e-02,1.981097857091073944e-01,2.050255649975161742e-01,1.983617619733169246e-01,1.991340863176907783e-01
4.050000000000000266e-01,3.283371074772829107e-02,4.740439715032258861e-02,6.870377332256955016e-02,6.238601997547175287e-02,1.103027329130878559e-01,-8.014082862721953748e-02,8.031439988117308748e-02,9.669798253095268636e-02,9.560836585994355596e-01,-7.793326570324218827e-02,1.051051071487879796e+01,3.762119090860720216e-02,4.030573666379004549e-02,3.771951221553634936e-02,3.801148750291168804e-02,1.983664960134435828e-01,2.053219990218344559e-01,1.986255378766928203e-01,1.993928059214661319e-01
4.075000000000000289e-01,3.278554665266717599e-02,4.744503322827916397e-02,6.870591142729569334e-02,6.233453511830861632e-02,1.105075259665353332e-01,-7.958233386337795756e-02,8.030761376066945789e-02,9.701753038268930152e-02,9.558892151176087149e-01,-7.762166868401973452e-02,1.051225957299392100e+01,3.771079459641962089e-02,4.041379463113944914e-02,3.781192970664647157e-02,3.810227221058725550e-02,1.986227821626067591e-01,2.056179544118064695e-01,1.988889431793967322e-01,1.996510767957307697e-01
4.100000000000000311e-01,3.273760112838363517e-02,4.748559537842306916e-02,6.870793216487633415e-02,6.228261468788249405e-02,1.107110058063631858e-01,-7.902471747471288832e-02,8.030069602862922873e-02,9.733390972404293295e-02,9.556955495135778245e-01,-7.731096259151556960e-02,1.051401470021088080e+01,3.780035429038363509e-02,4.052181771105572983e-02,3.790432929270485390e-02,3.819300461789055384e-02,1.988786454630759593e-01,2.059134321591981343e-01,1.991519789786381500e-01,1.999089006585997308e-01
4.125000000000000333e-01,3.268987307586773000e-02,4.752608280403124857e-02,6.870983567744218257e-02,6.223026587118356961e-02,1.109131810607300039e-01,-7.846797264411298212e-02,8.029364695176662015e-02,9.764714574777083600e-02,9.555026595665679912e-01,-7.700114220033718593e-02,1.051577606487756178e+01,3.788987003508469120e-02,4.062980568394158887e-02,3.799671099294395921e-02,3.828368489494999444e-02,1.991340872134364504e-01,2.062084332477990833e-01,1.994146463648263090e-01,2.001662792174619121e-01
4.150000000000000355e-01,3.264236139879240356e-02,4.756649470283525610e-02,6.871162210990860997e-02,6.217749581030780626e-02,1.111140602946595057e-01,-7.791209265543612428e-02,8.028646679939313580e-02,9.795726346439273535e-02,9.553105430688090260e-01,-7.669220233129046826e-02,1.051754363557432370e+01,3.797934187522643279e-02,4.073775833032360072e-02,3.808907482665705585e-02,3.837431321171737297e-02,1.993891087044476762e-01,2.065029586535127859e-01,1.996769464216316958e-01,2.004232141690587277e-01
4.174999999999999822e-01,3.259506500355925651e-02,4.760683026706993143e-02,6.871329160993017160e-02,6.212431160238179872e-02,1.113136520105269950e-01,-7.735707089262437719e-02,8.027915584337041999e-02,9.826428770322763462e-02,9.551191978254222059e-01,-7.638413785092616759e-02,1.051931738111206194e+01,3.806876985562801519e-02,4.084567543085593916e-02,3.818142081319769038e-02,3.846488973795959831e-02,1.996437112191099816e-01,2.067970093444454760e-01,1.999388802260461118e-01,2.006797071995612136e-01
4.199999999999999845e-01,3.254798279934245642e-02,4.764708868352314497e-02,6.871484432785640584e-02,6.207072029949620845e-02,1.115119646485415311e-01,-7.680290083882489183e-02,8.027171435806469690e-02,9.856824311343335976e-02,9.549286216543052541e-01,-7.607694367109114897e-02,1.052109727053027122e+01,3.815815402122142014e-02,4.095355676632415204e-02,3.827374897197913933e-02,3.855541464325062950e-02,1.998978960327309207e-01,2.070905862809943321e-01,2.002004488484430966e-01,2.009357599846474662e-01
4.224999999999999867e-01,3.250111369813182133e-02,4.768726913358681263e-02,6.871628041668784159e-02,6.201672890864674131e-02,1.117090065872261007e-01,-7.624957607551860472e-02,8.026414262030150126e-02,9.886915416504778176e-02,9.547388123860205411e-01,-7.577061474848464928e-02,1.052288327309511828e+01,3.824749441704885372e-02,4.106140211764899850e-02,3.836605932247388190e-02,3.864588809696353072e-02,2.001516644129906486e-01,2.073836904159346850e-01,2.004616533526367428e-01,2.011913741895787477e-01
4.249999999999999889e-01,3.245445661477448090e-02,4.772737079330868076e-02,6.871760003203315759e-02,6.196234439168364638e-02,1.119047861438949437e-01,-7.569709028165494402e-02,8.025644090932149144e-02,9.916704515003199605e-02,9.545497678636822858e-01,-7.546514608421917014e-02,1.052467535829755363e+01,3.833679108826015119e-02,4.116921126589030006e-02,3.845835188421306561e-02,3.873631026826267892e-02,2.004050176200070088e-01,2.076763226945065322e-01,2.007224947959404537e-01,2.014465514692751480e-01
4.274999999999999911e-01,3.240801046701508037e-02,4.776739283344572790e-02,6.871880333206709102e-02,6.190757366526782046e-02,1.120993115751271613e-01,-7.514543723279190623e-02,8.024860950673730342e-02,9.946194018331470932e-02,9.543614859428478647e-01,-7.516053272338582558e-02,1.052647349585139480e+01,3.842604408011020961e-02,4.127698399225086801e-02,3.855062667678595817e-02,3.882668132609614492e-02,2.006579569063994262e-01,2.079684840544997748e-01,2.009829742292247312e-01,2.017012934683908576e-01
4.299999999999999933e-01,3.236177417553513097e-02,4.780733441951812157e-02,6.871989047748891521e-02,6.185242360083498953e-02,1.122925910772382824e-01,-7.459461080024411272e-02,8.024064869649050191e-02,9.975386320383787531e-02,9.541739644914066787e-01,-7.485676975462465799e-02,1.052827765569149499e+01,3.851525343795646900e-02,4.138472007808046554e-02,3.864288371983944786e-02,3.891700143918818550e-02,2.009104835173525228e-01,2.082601754263391503e-01,2.012430926969745459e-01,2.019556018213883586e-01
4.324999999999999956e-01,3.231574666399088941e-02,4.784719471186467399e-02,6.872086163148176385e-02,6.179690102456714823e-02,1.124846327867481677e-01,-7.404460495023541811e-02,8.023255876481021065e-02,1.000428379756034686e-01,9.539872013894725722e-01,-7.455385230969917287e-02,1.053008780797184052e+01,3.860441920725642129e-02,4.149241930487978375e-02,3.873512303307749538e-02,3.900727077603190901e-02,2.011625986906788732e-01,2.085513977331677482e-01,2.015028512373460146e-01,2.022094781526125873e-01
4.349999999999999978e-01,3.226992685904998825e-02,4.788697286569928296e-02,6.872171695967271843e-02,6.174101271737061913e-02,1.126754447808459292e-01,-7.349541374305852692e-02,8.022434000017185374e-02,1.003288880887212020e-01,9.538011945292772520e-01,-7.425177556307557825e-02,1.053190392306375145e+01,3.869354143356515396e-02,4.160008145430450777e-02,3.882734463626059951e-02,3.909748950488206587e-02,2.014143036568811773e-01,2.088421518909300556e-01,2.017622508822221883e-01,2.024629240763638760e-01
4.375000000000000000e-01,3.222431369042722676e-02,4.792666803116846230e-02,6.872245663009347860e-02,6.168476541486155734e-02,1.128650350778524492e-01,-7.294703133223892633e-02,8.021599269325677128e-02,1.006120369604563553e-01,9.536159418150624845e-01,-7.395053473150621504e-02,1.053372597155401813e+01,3.878262016253292838e-02,4.170770630816938301e-02,3.891954854920528367e-02,3.918765779374797781e-02,2.016655996392138217e-01,2.091324388084541963e-01,2.020212926572687584e-01,2.027159411969707559e-01
4.400000000000000022e-01,3.217890609091875881e-02,4.796627935341010035e-02,6.872308081314190686e-02,6.162816580735804017e-02,1.130534116376789994e-01,-7.239945196370640990e-02,8.020751713691307017e-02,1.008923078362782277e-01,9.534314411629761787e-01,-7.365012507361765048e-02,1.053555392424310710e+01,3.887165543990277888e-02,4.181529364845233687e-02,3.901173479178357550e-02,3.927777581038661286e-02,2.019164878537436092e-01,2.094222593875330884e-01,2.022799775819887347e-01,2.029685311088620658e-01
4.425000000000000044e-01,3.213370299643556610e-02,4.800580597261330101e-02,6.872358968154390624e-02,6.157122053987852672e-02,1.132405823622831126e-01,-7.185266997497051500e-02,8.019891362611618335e-02,1.011697237909087860e-01,9.532476905009676926e-01,-7.335054188950293486e-02,1.053738775214336876e+01,3.896064731150815363e-02,4.192284325729864897e-02,3.910390338392247256e-02,3.936784372229578527e-02,2.021669695094102659e-01,2.097116145230049078e-01,2.025383066697765688e-01,2.032206953966382013e-01
4.450000000000000067e-01,3.208870334603554364e-02,4.804524702407947379e-02,6.872398341031633884e-02,6.151393621214695795e-02,1.134265550961219560e-01,-7.130667979430187209e-02,8.019018245793128885e-02,1.014443077293710471e-01,9.530646877686841378e-01,-7.305178052031796598e-02,1.053922742647723787e+01,3.904959582327057616e-02,4.203035491702513532e-02,3.919605434560343576e-02,3.945786169670750798e-02,2.024170458080857549e-01,2.100005051028329961e-01,2.027962809279720557e-01,2.034724356351421681e-01
4.475000000000000089e-01,3.204390608195460677e-02,4.808460163828433970e-02,6.872426217673066606e-02,6.145631937860449728e-02,1.136113376266010278e-01,-7.076147593991939655e-02,8.018132393147582582e-02,1.017160823880372822e-01,9.528824309173696827e-01,-7.275383634788239184e-02,1.054107291867549101e+01,3.913850102119734858e-02,4.213782841012440189e-02,3.928818769686185514e-02,3.954782990058144931e-02,2.026667179446334510e-01,2.102889320081845481e-01,2.030539013579130414e-01,2.037237533895298602e-01
4.500000000000000111e-01,3.199931014963659781e-02,4.812386894094120710e-02,6.872442616027651940e-02,6.139837654842651010e-02,1.137949376845216187e-01,-7.021705301918154674e-02,8.017233834788226043e-02,1.019850703356767196e-01,9.527009179097636338e-01,-7.245670479428438504e-02,1.054292420037546130e+01,3.922736295137928264e-02,4.224526351926909118e-02,3.938030345778655017e-02,3.963774850059854221e-02,2.029159871069664556e-01,2.105768961135087158e-01,2.033111689549879919e-01,2.039746502153396146e-01
4.525000000000000133e-01,3.195491449776229759e-02,4.816304805306560743e-02,6.872447554262679781e-02,6.134011418554639883e-02,1.139773629445237357e-01,-6.967340572778356333e-02,8.016322601026273920e-02,1.022512939745027355e-01,9.525201467199989613e-01,-7.216038132148963613e-02,1.054478124341933132e+01,3.931618165998846531e-02,4.235266002731621904e-02,3.947240164851923555e-02,3.972761766315471843e-02,2.031648544761056052e-01,2.108643982866142685e-01,2.035680847086881462e-01,2.042251276585617115e-01
4.550000000000000155e-01,3.191071807827731976e-02,4.820213809104070130e-02,6.872441050760284831e-02,6.128153870868505854e-02,1.141586210255264439e-01,-6.913052884895906636e-02,8.015398722367310380e-02,1.025147755412193773e-01,9.523401153335052660e-01,-7.186486143095445478e-02,1.054664401985238520e+01,3.940495719327602453e-02,4.246001771731149760e-02,3.956448228925401461e-02,3.981743755435474680e-02,2.034133212262363433e-01,2.111514393887459762e-01,2.038246496026585308e-01,2.044751872557066530e-01
4.575000000000000178e-01,3.186671984641891581e-02,4.824113816668414156e-02,6.872423124114034054e-02,6.122265649138559224e-02,1.143387194911650584e-01,-6.858841725268677303e-02,8.014462229507834934e-02,1.027755371080661256e-01,9.521608217469095248e-01,-7.157014066324271506e-02,1.054851250192132106e+01,3.949368959756996422e-02,4.256733637249372065e-02,3.965654540023687280e-02,3.990720834000622413e-02,2.036613885247656186e-01,2.114380202746603266e-01,2.040808646147489192e-01,2.047248305338733587e-01
4.600000000000000200e-01,3.182291876074194725e-02,4.828004738731590112e-02,6.872393793125568251e-02,6.116347386205425035e-02,1.145176658502249367e-01,-6.804706589490183699e-02,8.013513153331840166e-02,1.030336005838626140e-01,9.519822639679385023e-01,-7.127621459764690859e-02,1.055038666207253684e+01,3.958237891927300633e-02,4.267461577629916292e-02,3.974859100176516419e-02,3.999693018561367719e-02,2.039090575323777299e-01,2.117241417927009928e-01,2.043367307170640690e-01,2.049740590108166671e-01
4.625000000000000222e-01,3.177931378314354655e-02,4.831886485582746749e-02,6.872353076801336613e-02,6.110399710400633150e-02,1.146954675570719673e-01,-6.750646981671185043e-02,8.012551524907475520e-02,1.032889877150513502e-01,9.518044400153226059e-01,-7.098307885181305565e-02,1.055226647295045517e+01,3.967102520486045364e-02,4.278185571236602786e-02,3.984061911418709107e-02,4.008660325637276867e-02,2.041563294030900033e-01,2.120098047848729128e-01,2.045922488760134883e-01,2.052228741950143376e-01
4.650000000000000244e-01,3.173590387888729214e-02,4.835758967075191872e-02,6.872300994349335446e-02,6.104423245551750948e-02,1.148721320120808381e-01,-6.696662414361730098e-02,8.011577375483713848e-02,1.035417200867386478e-01,9.516273479187009610e-01,-7.069072908136939115e-02,1.055415190739586251e+01,3.975962850087811501e-02,4.288905596453891633e-02,3.993262975790119740e-02,4.017622771716464897e-02,2.044032052843075820e-01,2.122950100869160084e-01,2.048474200523604238e-01,2.054712775857333307e-01
4.675000000000000266e-01,3.169268801662588481e-02,4.839622092633541484e-02,6.872237565175953744e-02,6.098418610988030897e-02,1.150476665620583094e-01,-6.642752408473634462e-02,8.010590736487178953e-02,1.037918191237351823e-01,9.514509857185263764e-01,-7.039916097955896401e-02,1.055604293844425534e+01,3.984818885394020987e-02,4.299621631687334383e-02,4.002462295335588310e-02,4.026580373255041201e-02,2.046496863168777436e-01,2.125797585283782376e-01,2.051022452012707664e-01,2.057192706730958109e-01
4.700000000000000289e-01,3.164966516842336597e-02,4.843475771260970925e-02,6.872162808882809060e-02,6.092386421546556324e-02,1.152220785006656673e-01,-6.588916493203413050e-02,8.009591639518898187e-02,1.040393060915930507e-01,9.512753514659717524e-01,-7.010837027687594203e-02,1.055793953932418994e+01,3.993670631072732818e-02,4.310333655364025074e-02,4.011659872104887670e-02,4.035533146676565514e-02,2.048957736351438574e-01,2.128640509326876762e-01,2.053567252723611236e-01,2.059668549381444558e-01
4.725000000000000311e-01,3.160683430977608704e-02,4.847319911546590226e-02,6.872076745263726305e-02,6.086327287578900680e-02,1.153953750688352792e-01,-6.535154205955615025e-02,8.008580116351235456e-02,1.042842020976426920e-01,9.511004432228375993e-01,-6.981835274070567754e-02,1.055984168345566943e+01,4.002518091798442507e-02,4.321041645933058201e-02,4.020855708152672875e-02,4.044481108371518474e-02,2.051414683669985084e-01,2.131478881172241269e-01,2.056108612097463650e-01,2.062140318529074312e-01
4.750000000000000333e-01,3.156419441963295019e-02,4.851154421672917993e-02,6.871979394301674926e-02,6.080241814958221164e-02,1.155675634551864700e-01,-6.481465092266638917e-02,8.007556198924817292e-02,1.045265280920263107e-01,9.509262590614604438e-01,-6.952910417496847850e-02,1.056174934444852198e+01,4.011361272251882243e-02,4.331745581865986683e-02,4.030049805538433311e-02,4.053424274696779128e-02,2.053867716339362881e-01,2.134312708933899516e-01,2.058646539520868346e-01,2.064608028804624240e-01
4.775000000000000355e-01,3.152174448041464988e-02,4.854979209423501002e-02,6.871870776165824035e-02,6.074130605086838081e-02,1.157386507964367206e-01,-6.427848705728800294e-02,8.006519919345492231e-02,1.047663048687299675e-01,9.507527970646216797e-01,-6.924062041976682125e-02,1.056366249610081631e+01,4.020200177119823831e-02,4.342445441657283300e-02,4.039242166326440647e-02,4.062362661975115613e-02,2.056316845511060032e-01,2.137142000666800989e-01,2.061181044326349798e-01,2.067071694750007294e-01
4.799999999999999822e-01,3.147948347803222746e-02,4.858794182190614291e-02,6.871750911208626689e-02,6.067994254904274937e-02,1.159086441778097581e-01,-6.374304607914961507e-02,8.005471309881408148e-02,1.050035530666128536e-01,9.505800553254573071e-01,-6.895289735103643514e-02,1.056558111239726649e+01,4.029034811094886481e-02,4.353141203824804906e-02,4.048432792585698881e-02,4.071296286494688332e-02,2.058762082273624117e-01,2.139966764367517704e-01,2.063712135792815094e-01,2.069531330818904225e-01
4.824999999999999845e-01,3.143741040190453639e-02,4.862599246983110440e-02,6.871619819962937470e-02,6.061833356895728747e-02,1.160775506334410928e-01,-6.320832368303495874e-02,8.004410402960093762e-02,1.052382931704345798e-01,9.504080319473690031e-01,-6.866593088020069013e-02,1.056750516750765101e+01,4.037865178875343214e-02,4.363832846910259411e-02,4.057621686389895066e-02,4.080225164508560765e-02,2.061203437653172377e-01,2.142787007974930880e-01,2.066239823146010790e-01,2.071986951377391972e-01
4.849999999999999867e-01,3.139552424497499966e-02,4.866394310434347947e-02,6.871477523139209176e-02,6.055648499100958759e-02,1.162453771467798491e-01,-6.267431564203611305e-02,8.003337231165613685e-02,1.054705455118795931e-01,9.502367250439368584e-01,-6.837971695382867587e-02,1.056943463578529219e+01,4.046691285164932816e-02,4.374520349479674164e-02,4.066808849817350052e-02,4.089149312234221373e-02,2.063640922613899364e-01,2.145602739370911227e-01,2.068764115558973105e-01,2.074438570704565110e-01
4.874999999999999889e-01,3.135382400372763861e-02,4.870179278810266715e-02,6.871324041622707546e-02,6.049440265123607469e-02,1.164121306509878911e-01,-6.214101780681022258e-02,8.002251827235747073e-02,1.057003302705786796e-01,9.500661327388295607e-01,-6.809425155329648649e-02,1.057136949176546281e+01,4.055513134672675268e-02,4.385203690123869180e-02,4.075994284950967828e-02,4.098068745853118700e-02,2.066074548058579319e-01,2.148413966380997853e-01,2.071285022152477839e-01,2.076886202993157016e-01
4.899999999999999911e-01,3.131230867820208180e-02,4.873954058017562069e-02,6.871159396470792602e-02,6.043209234140914377e-02,1.165778180293349509e-01,-6.160842610484091458e-02,8.001154224059239817e-02,1.059276674751286063e-01,9.498962531657199060e-01,-6.780953069445229409e-02,1.057330971016388865e+01,4.064330732112684391e-02,4.395882847458928294e-02,4.085177993878186947e-02,4.106983481510201317e-02,2.068504324829060770e-01,2.151220696775061614e-01,2.073802551995480581e-01,2.079329862350149660e-01
4.924999999999999933e-01,3.127097727200788685e-02,4.877718553611967017e-02,6.870983608910243012e-02,6.036955980913841224e-02,1.167424461155915222e-01,-6.107653653970247093e-02,8.000044454673119199e-02,1.061525770041076566e-01,9.497270844681985347e-01,-6.752555042728450307e-02,1.057525526587521902e+01,4.073144082203989519e-02,4.406557800126676555e-02,4.094359978690931268e-02,4.115893535313474433e-02,2.070930263706759200e-01,2.154022938267970144e-01,2.076316714105556072e-01,2.081769562797383954e-01
4.949999999999999956e-01,3.122982879233820314e-02,4.881472670806673297e-02,6.870796700334598495e-02,6.030681075797542784e-02,1.169060216944178276e-01,-6.054534519032743478e-02,7.998922552259984942e-02,1.063750785870887783e-01,9.495586247996883333e-01,-6.724230683559320743e-02,1.057720613397152754e+01,4.081953189670355087e-02,4.417228526795157623e-02,4.103540241485560680e-02,4.124798923333560657e-02,2.073352375413144155e-01,2.156820698520242330e-01,2.078827517449329809e-01,2.084205318272162599e-01
4.974999999999999978e-01,3.118886224998252896e-02,4.885216314480827354e-02,6.870598692301604915e-02,6.024385084752264391e-02,1.170685515017504397e-01,-6.001484821027895655e-02,7.997788550145454312e-02,1.065951918056499137e-01,9.493908723233609459e-01,-6.695979603666551982e-02,1.057916228970079686e+01,4.090758059240103689e-02,4.427895006159113939e-02,4.112718784362821151e-02,4.133699661603273262e-02,2.075770670610221080e-01,2.159613985138698067e-01,2.081334970942908813e-01,2.086637142627848773e-01
5.000000000000000000e-01,3.114807665933872621e-02,4.888949389188164407e-02,6.870389606530630244e-02,6.018068569354528830e-02,1.172300422251845720e-01,-5.948504182702452070e-02,7.996642481795553092e-02,1.068129360943804035e-01,9.492238252120532849e-01,-6.667801418095320454e-02,1.058112370848547101e+01,4.099558695645941220e-02,4.438557216940467592e-02,4.121895609427796842e-02,4.142595766117198458e-02,2.078185159901008439e-01,2.162402805677100248e-01,2.083839083452304342e-01,2.089065049634460380e-01
5.025000000000000577e-01,3.110747103842445918e-02,4.892671799165759089e-02,6.870169464900176270e-02,6.011732086808756204e-02,1.173905005043551081e-01,-5.895592234121509873e-02,7.995484380814195380e-02,1.070283307418843505e-01,9.490574816481849307e-01,-6.639695745175441810e-02,1.058309036592097030e+01,4.108355103624786175e-02,4.449215137888803961e-02,4.131070718789862234e-02,4.151487252831288083e-02,2.080595853830010389e-01,2.165187167636792864e-01,2.086339863793853777e-01,2.091489052979259022e-01
5.050000000000000044e-01,3.106704440888762714e-02,4.896383448342860739e-02,6.869938289445419455e-02,6.005376189959178712e-02,1.175499329313119817e-01,-5.842748612596622426e-02,7.994314280940721662e-02,1.072413948917813886e-01,9.488918398236769747e-01,-6.611662206489818394e-02,1.058506223777423472e+01,4.117147287917598264e-02,4.459868747781858128e-02,4.140244114562631472e-02,4.160374137662458532e-02,2.083002762883684189e-01,2.167967078467331332e-01,2.088837320734633629e-01,2.093909166267333977e-01
5.075000000000000622e-01,3.102679579601649515e-02,4.900084240349870945e-02,6.869696102355753176e-02,5.999001427302051714e-02,1.177083460508948493e-01,-5.789972962614246127e-02,7.993132216047425798e-02,1.074521475437022200e-01,9.487268979398695290e-01,-6.583700426843211440e-02,1.058703929998228865e+01,4.125935253269211872e-02,4.470518025426000602e-02,4.149415798863911181e-02,4.169256436488202877e-02,2.085405897490905380e-01,2.170742545567107828e-01,2.091331462992874757e-01,2.096325403022184786e-01
5.100000000000000089e-01,3.098672422874881871e-02,4.903774078527408514e-02,6.869442925972435443e-02,5.992608342998252680e-02,1.178657463611032519e-01,-5.737264935764616741e-02,7.991938220137191629e-02,1.076606075542820701e-01,9.485626542074434564e-01,-6.555810034231339400e-02,1.058902152865080382e+01,4.134719004428170919e-02,4.481162949656725819e-02,4.158585773815651199e-02,4.178134165146209916e-02,2.087805268023424643e-01,2.173513576283967741e-01,2.093822299238365103e-01,2.098737776686294410e-01
5.124999999999999556e-01,3.094682873968046879e-02,4.907452865935488240e-02,6.869178782786231063e-02,5.986197476886173652e-02,1.180221403134640717e-01,-5.684624190670761051e-02,7.990732327341110164e-02,1.078667936381503545e-01,9.483991068463405449e-01,-6.527990659810253837e-02,1.059100890005269591e+01,4.143498546146565098e-02,4.491803499339142719e-02,4.167754041543898086e-02,4.187007339433991560e-02,2.090200884796323266e-01,2.176280177915825564e-01,2.096309838092856037e-01,2.101146300621700436e-01
5.150000000000000133e-01,3.090710836507328668e-02,4.911120505362812083e-02,6.868903695435084333e-02,5.979769364494889883e-02,1.181775343133958656e-01,-5.632050392917992143e-02,7.989514571916167540e-02,1.080707243689155300e-01,9.482362540856833499e-01,-6.500241937866055308e-02,1.059300139062669288e+01,4.152273883179868202e-02,4.502439653368463940e-02,4.176920604178744473e-02,4.195875975108519923e-02,2.092592758068463898e-01,2.179042357711270250e-01,2.098794088130460644e-01,2.103550988110563513e-01
5.174999999999999600e-01,3.086756214486234551e-02,4.914776899336167210e-02,6.868617686701879166e-02,5.973324537057622674e-02,1.183319347205704641e-01,-5.579543214983609389e-02,7.988284988242982942e-02,1.082724181801474617e-01,9.480740941636991437e-01,-6.472563505784884041e-02,1.059499897697598136e+01,4.161045020286780610e-02,4.513071390670499866e-02,4.186085463854283956e-02,4.204740087885872057e-02,2.094980898042934914e-01,2.181800122870166669e-01,2.101275057878047858e-01,2.105951852355727183e-01
5.200000000000000178e-01,3.082818912266274691e-02,4.918421950129932968e-02,6.868320779512177010e-02,5.966863521525524183e-02,1.184853478492709639e-01,-5.527102336166878765e-02,7.987043610823529871e-02,1.084718933663550433e-01,9.479126253276423109e-01,-6.444955004023214529e-02,1.059700163586677668e+01,4.169811962229071772e-02,4.523698690202152678e-02,4.195248622708560443e-02,4.213599693440885086e-02,2.097365314867492003e-01,2.184553480544250692e-01,2.103752755815632702e-01,2.108348906481276874e-01
5.224999999999999645e-01,3.078898834577545318e-02,4.922055559775685013e-02,6.868012996932007508e-02,5.960386840581707868e-02,1.186377799687471091e-01,-5.474727442519407988e-02,7.985790474278964268e-02,1.086691680839599189e-01,9.477518458337170770e-01,-6.417416076078474862e-02,1.059900934422699592e+01,4.178574713771426169e-02,4.534321530951909013e-02,4.204410082883522359e-02,4.222454807406817584e-02,2.099746018634997269e-01,2.187302437837720104e-01,2.106227190376765701e-01,2.110742163533094184e-01
5.250000000000000222e-01,3.074995886519287999e-02,4.925677630071906288e-02,6.867694362165749355e-02,5.953895012655510688e-02,1.187892373035676075e-01,-5.422418226775735373e-02,7.984525613347440154e-02,1.088642603522668034e-01,9.475917539470032347e-01,-6.389946368459895054e-02,1.060102207914488304e+01,4.187333279681289266e-02,4.544939891940336790e-02,4.213569846524974766e-02,4.231305445375019292e-02,2.102123019383848601e-01,2.190047001807816640e-01,2.108698369948913132e-01,2.113131636479403386e-01
5.274999999999999689e-01,3.071109973560365997e-02,4.929288062593819436e-02,6.867364898553930674e-02,5.947388551937102946e-02,1.189397260339691842e-01,-5.370174388284205957e-02,7.983249062881979385e-02,1.090571880544288219e-01,9.474323479413799820e-01,-6.362545530659706461e-02,1.060303981786765881e+01,4.196087664728719718e-02,4.555553752220582037e-02,4.222727915782530789e-02,4.240151622894611227e-02,2.104496327098412667e-01,2.192787179465406910e-01,2.111166302873837552e-01,2.115517338211319043e-01
5.300000000000000266e-01,3.067241001539685111e-02,4.932886758703296931e-02,6.867024629571200078e-02,5.940867968392257725e-02,1.190892522962029715e-01,-5.317995632938170986e-02,7.981960857848380275e-02,1.092479689384096009e-01,9.472736260994523150e-01,-6.335213215124593789e-02,1.060506253780019392e+01,4.204837873686238792e-02,4.566163090878866404e-02,4.231884292809565823e-02,4.248993355472169969e-02,2.106865951709446794e-01,2.195522977775554718e-01,2.113630997447972226e-01,2.117899281543384749e-01
5.324999999999999734e-01,3.063388876666595095e-02,4.936473619558887777e-02,6.866673578824200597e-02,5.934333767777394408e-02,1.192378221828779422e-01,-5.265881673107476041e-02,7.980661033323140086e-02,1.094366206179399614e-01,9.471155867124775307e-01,-6.307949077227430201e-02,1.060709021650368555e+01,4.213583911328683956e-02,4.576767887034983301e-02,4.241038979763168265e-02,4.257830658571424426e-02,2.109231903094520022e-01,2.198254403658086442e-01,2.116092461922794155e-01,2.120277479214110194e-01
5.350000000000000311e-01,3.059553505521163744e-02,4.940048546125937884e-02,6.866311770049571273e-02,5.927786451654878247e-02,1.193854417433009574e-01,-5.213832227570141392e-02,7.979349624491430260e-02,1.096231605734718922e-01,9.469582280802925078e-01,-6.280752775239303864e-02,1.060912283169434112e+01,4.222325782433065250e-02,4.587368119842799574e-02,4.250191978804095105e-02,4.266663547612955382e-02,2.111594191078430827e-01,2.200981463988155862e-01,2.118550704505189064e-01,2.122651943886503800e-01
5.374999999999999778e-01,3.055734795054466935e-02,4.943611439186822859e-02,6.865939227111934884e-02,5.921226517408507278e-02,1.195321169838145098e-01,-5.161847021444417732e-02,7.978026666645106346e-02,1.098076061531267772e-01,9.468015485112409868e-01,-6.253623970301805390e-02,1.061116036124209216e+01,4.231063491778422336e-02,4.597963768490751640e-02,4.259343292096721967e-02,4.275492037973905451e-02,2.113952825433619009e-01,2.203704165596799824e-01,2.121005733357818335e-01,2.125022688148599515e-01
5.400000000000000355e-01,3.051932652588796799e-02,4.947162199351268913e-02,6.865555974001920359e-02,5.914654458259228920e-02,1.196778538681311788e-01,-5.109925786121068125e-02,7.976692195180720701e-02,1.099899745736400564e-01,9.466455463221029598e-01,-6.226562326399598390e-02,1.061320278316929411e+01,4.239797044145683647e-02,4.608554812202347861e-02,4.268492921808999391e-02,4.284316144987697361e-02,2.116307815880574539e-01,2.206422515271488916e-01,2.123457556599478158e-01,2.127389724513982783e-01
5.424999999999999822e-01,3.048146985817815416e-02,4.950700727066752183e-02,6.865162034834230986e-02,5.908070763281066812e-02,1.198226583176649623e-01,-5.058068259195920569e-02,7.975346245597614292e-02,1.101702829213009049e-01,9.464902198380233944e-01,-6.199567510333255788e-02,1.061525007564944723e+01,4.248526444317528294e-02,4.619141230236666756e-02,4.277640870112402183e-02,4.293135883943757086e-02,2.118659172088242781e-01,2.209136519756674799e-01,2.125906182305454806e-01,2.129753065422308467e-01
5.450000000000000400e-01,3.044377702806664102e-02,4.954226922629052093e-02,6.864757433845723733e-02,5.901475917417255135e-02,1.199665362118605555e-01,-5.006274184402662725e-02,7.973988853495984908e-02,1.103485481528881373e-01,9.463355673924418454e-01,-6.172639191692372990e-02,1.061730221700594790e+01,4.257251697078248687e-02,4.629723001888859379e-02,4.286787139181887085e-02,4.301951270087244622e-02,2.121006903674426403e-01,2.211846185754330341e-01,2.128351618507881848e-01,2.132112723239818763e-01
5.474999999999999867e-01,3.040624711992028287e-02,4.957740686192835949e-02,6.864342195393521862e-02,5.894870401496540846e-02,1.201094933885189509e-01,-4.954543311545950290e-02,7.972620054575031701e-02,1.105247870966006296e-01,9.461815873270247312e-01,-6.145777042828912823e-02,1.061935918571080784e+01,4.265972807213615908e-02,4.640300106490646836e-02,4.295931731195842818e-02,4.310762318618794470e-02,2.123351020206179773e-01,2.214551519924484180e-01,2.130793873196084598e-01,2.134468710259852520e-01
5.500000000000000444e-01,3.036887922182148272e-02,4.961241917782365646e-02,6.863916343953171961e-02,5.888254692249732941e-02,1.202515356441205413e-01,-4.902875396434736716e-02,7.971239884631095562e-02,1.106990164529843973e-01,9.460282779915939466e-01,-6.118980738830864796e-02,1.062142096038344796e+01,4.274689779510747190e-02,4.650872523410824744e-02,4.305074648336045667e-02,4.319569044694259591e-02,2.125691531200206708e-01,2.217252528885754470e-01,2.133232954316932051e-01,2.136821038703356768e-01
5.524999999999999911e-01,3.033167242556789739e-02,4.964730517302314017e-02,6.863479904116805141e-02,5.881629262326346780e-02,1.203926687341454888e-01,-4.851270200815900602e-02,7.969848379555848072e-02,1.108712527958536503e-01,9.458756377440616925e-01,-6.092249957496104207e-02,1.062348751978942119e+01,4.283402618757974067e-02,4.661440232055760746e-02,4.314215892787611611e-02,4.328371463424464383e-02,2.128028446123247375e-01,2.219949219215869574e-01,2.135668869775173839e-01,2.139169720719387713e-01
5.550000000000000488e-01,3.029462582667159093e-02,4.968206384548610327e-02,6.863032900591337082e-02,5.874994580311481557e-02,1.205328983733911646e-01,-4.799727492308077798e-02,7.968445575334509590e-02,1.110415125732080732e-01,9.457236649503604209e-01,-6.065584379306550311e-02,1.062555884283922936e+01,4.292111329744712628e-02,4.672003211869896894e-02,4.323355466738951908e-02,4.337169589874963899e-02,2.130361774392465768e-01,2.222641597452192364e-01,2.138101627433784402e-01,2.141514768385612832e-01
5.574999999999999956e-01,3.025773852435788627e-02,4.971669419219483521e-02,6.862575358196681963e-02,5.868351110742853899e-02,1.206722302362869953e-01,-4.748247044335775907e-02,7.967031508044050692e-02,1.112098121081456364e-01,9.455723579843781090e-01,-6.038983687402561806e-02,1.062763490858708870e+01,4.300815917261335830e-02,4.682561442336249935e-02,4.332493372381725910e-02,4.345963439065810008e-02,2.132691525375831343e-01,2.225329670092233703e-01,2.140531235114296882e-01,2.143856193708806035e-01
5.600000000000000533e-01,3.022100962156365131e-02,4.975119520926463146e-02,6.862107301864041331e-02,5.861699314127986199e-02,1.208106699572061987e-01,-4.696828636063776763e-02,7.965606213851517126e-02,1.113761675997695655e-01,9.454217152278905356e-01,-6.012447567557570316e-02,1.062971569622974144e+01,4.309516386099049301e-02,4.693114902976910918e-02,4.341629611910794578e-02,4.354753025971323105e-02,2.135017708392500380e-01,2.228013443594163145e-01,2.142957700597135917e-01,2.146194008625341154e-01
5.625000000000000000e-01,3.018443822493526926e-02,4.978556589205565541e-02,6.861628756634136073e-02,5.855039646961521932e-02,1.209482231307752592e-01,-4.645472052331723473e-02,7.964169729012267329e-02,1.115405951240917154e-01,9.452717350704972210e-01,-5.985975708152994207e-02,1.063180118510525496e+01,4.318212741049765047e-02,4.703663573353546179e-02,4.350764187524176763e-02,4.363538365519871454e-02,2.137340332713188740e-01,2.230692924377314090e-01,2.145381031621947376e-01,2.148528225001680447e-01
5.650000000000000577e-01,3.014802344482611293e-02,4.981980523528538318e-02,6.861139747655524423e-02,5.848372561742752607e-02,1.210848953121804183e-01,-4.594177083589000982e-02,7.962722089868304320e-02,1.117031106349304637e-01,9.451224159095552579e-01,-5.959567800153346695e-02,1.063389135469186009e+01,4.326904986905980716e-02,4.714207433067895553e-02,4.359897101423001325e-02,4.372319472593656775e-02,2.139659407560545457e-01,2.233368118822683657e-01,2.147801235887924209e-01,2.150858854634859207e-01
5.675000000000000044e-01,3.011176439529371709e-02,4.985391223314150633e-02,6.860640300182935247e-02,5.841698506993198842e-02,1.212206920174713765e-01,-4.542943525829861579e-02,7.961263332846628404e-02,1.118637299648038014e-01,9.449737561501159178e-01,-5.933223537081643018e-02,1.063598618460676271e+01,4.335593128460658169e-02,4.724746461762273364e-02,4.369028355811462733e-02,4.381096362028504693e-02,2.141974942109521884e-01,2.236039033273430343e-01,2.150218321054130632e-01,2.153185909252967323e-01
5.700000000000000622e-01,3.007566019409645824e-02,4.988788587939622932e-02,6.860130439575601313e-02,5.835017927274398220e-02,1.213556187238627043e-01,-4.491771180528789792e-02,7.959793494457584329e-02,1.120224688258179557e-01,9.448257542048604796e-01,-5.906942614995001201e-02,1.063808565460500155e+01,4.344277170507104824e-02,4.735280639120064555e-02,4.378157952896774563e-02,4.389869048613664199e-02,2.144286945487735851e-01,2.238705674035361970e-01,2.152632294739820207e-01,2.155509400515627505e-01
5.725000000000000089e-01,3.003970996268996371e-02,4.992172516752109435e-02,6.859610191295645309e-02,5.828331263205802776e-02,1.214896808700324099e-01,-4.440659854576135823e-02,7.958312611293259786e-02,1.121793428105507667e-01,9.446784084940376136e-01,-5.880724732460503729e-02,1.064018974457829003e+01,4.352957117838855694e-02,4.745809944866224983e-02,4.387285894889125099e-02,4.398637547091609201e-02,2.146595426775833315e-01,2.241368047377424733e-01,2.155043164524753363e-01,2.157829340014468245e-01
5.750000000000000666e-01,3.000391282622305242e-02,4.995542909080244454e-02,6.859079580906463081e-02,5.821638951482761837e-02,1.216228838564176185e-01,-4.389609360213952982e-02,7.956820720025897797e-02,1.123343673929300263e-01,9.445317174453998765e-01,-5.854569590531292361e-02,1.064229843455388647e+01,4.361632975249558897e-02,4.756334358767776160e-02,4.396412184001632223e-02,4.407401872157848399e-02,2.148900395007849740e-01,2.244026159532182263e-01,2.157450937949512704e-01,2.160145739273595378e-01
5.775000000000000133e-01,2.996826791353341193e-02,4.998899664245794877e-02,6.858538634071141560e-02,5.814941424894674860e-02,1.217552330455082543e-01,-4.338619514972128638e-02,7.955317857406320192e-02,1.124875579291073902e-01,9.443856794941438704e-01,-5.828476892722879443e-02,1.064441170469345543e+01,4.370304747532861162e-02,4.766853860634304163e-02,4.405536822450296930e-02,4.416162038460742789e-02,2.151201859171560371e-01,2.246680016696292193e-01,2.159855622515809703e-01,2.162458609750056993e-01
5.799999999999999600e-01,2.993277435714286616e-02,5.002242681575370942e-02,6.857987376550915559e-02,5.808239112343216437e-02,1.218867337621376279e-01,-4.287690141604720562e-02,7.953804060262410769e-02,1.126389296583267668e-01,9.442402930828471819e-01,-5.802446344989712484e-02,1.064652953529196289e+01,4.378972439482294726e-02,4.777368430318451598e-02,4.414659812453959609e-02,4.424918060601325254e-02,2.153499828208836342e-01,2.249329625030979662e-01,2.162257225686795847e-01,2.164767962834308335e-01
5.825000000000000178e-01,2.989743129325226484e-02,5.005571860412225821e-02,6.857425834203595416e-02,5.801532438860680652e-02,1.220173912937706356e-01,-4.236821068026567355e-02,7.952279365497560981e-02,1.127884977037879460e-01,9.440955566614082084e-01,-5.776477655701946212e-02,1.064865190677656237e+01,4.387636055891167702e-02,4.787878047716415120e-02,4.423781156234254941e-02,4.433669953133126396e-02,2.155794311015992171e-01,2.251974990662503062e-01,2.164655754887365446e-01,2.167073809850670607e-01
5.849999999999999645e-01,2.986223786173613018e-02,5.008887100128091990e-02,6.856854032982070968e-02,5.794821825628441309e-02,1.221472108907894483e-01,-4.186012127250135495e-02,7.950743810089191954e-02,1.129362770735055366e-01,9.439514686869859839e-01,-5.750570535622449853e-02,1.065077879970549368e+01,4.396295601552455135e-02,4.798382692768437402e-02,4.432900856015565411e-02,4.442417730562010086e-02,2.158085316444131319e-01,2.254616119682618103e-01,2.167051217504457894e-01,2.169376162057788104e-01
5.875000000000000222e-01,2.982719320613708494e-02,5.012188300135141800e-02,6.856271998932804423e-02,5.788107689995473926e-02,1.222761977667769645e-01,-4.135263157322586342e-02,7.949197431087265397e-02,1.130822826611621590e-01,9.438080276239414479e-01,-5.724724697884030211e-02,1.065291019476700640e+01,4.404951081258690060e-02,4.808882345459299795e-02,4.442018914024978976e-02,4.451161407346007626e-02,2.160372853299488138e-01,2.257253018149034396e-01,2.169443620887355206e-01,2.171675030649078686e-01
5.899999999999999689e-01,2.979229647365961436e-02,5.015475359897968860e-02,6.855679758194356543e-02,5.781390445497008174e-02,1.224043570987970869e-01,-4.084574001263129722e-02,7.947640265612834765e-02,1.132265292469571832e-01,9.436652319437772718e-01,-5.698939857966880268e-02,1.065504607277826388e+01,4.413602499801858037e-02,4.819376985818811521e-02,4.451135332492243274e-02,4.459900997895165087e-02,2.162656930343767880e-01,2.259885692085870090e-01,2.171832972347979840e-01,2.173970426753186191e-01
5.925000000000000266e-01,2.975754681516390443e-02,5.018748178945669353e-02,6.855077336995911430e-02,5.774670501873200440e-02,1.225316940276733740e-01,-4.033944507000589846e-02,7.946072350856593636e-02,1.133690314984499431e-01,9.435230801250804600e-01,-5.673215733676242184e-02,1.065718641468429695e+01,4.422249861973293755e-02,4.829866593922302331e-02,4.460250113649721210e-02,4.468636516571388578e-02,2.164937556294482535e-01,2.262514147484100402e-01,2.174219279161185292e-01,2.176262361434423143e-01
5.949999999999999734e-01,2.972294338515920481e-02,5.022006656883953174e-02,6.854464761655858218e-02,5.767948265087986803e-02,1.226582136582647087e-01,-3.983374527311244612e-02,7.944493724077458796e-02,1.135098039713987456e-01,9.433815706534630641e-01,-5.647552045120296516e-02,1.065933120155692748e+01,4.430893172563576260e-02,4.840351149891108234e-02,4.469363259732346549e-02,4.477367977688299222e-02,2.167214739825285286e-01,2.265138390302003923e-01,2.176602548565048922e-01,2.178550845693215665e-01
5.975000000000000311e-01,2.968848534179688997e-02,5.025250693407352226e-02,6.853842058580354724e-02,5.761224137347906865e-02,1.227839210597382325e-01,-3.932863919756827975e-02,7.942904422601192171e-02,1.136488611105935520e-01,9.432407020215073379e-01,-5.621948514688237392e-02,1.066148041459373097e+01,4.439532436362429724e-02,4.850830633893059296e-02,4.478474772977580204e-02,4.486095395511092987e-02,2.169488489566298028e-01,2.267758426465599775e-01,2.178982787761155615e-01,2.180835890466540639e-01
5.999999999999999778e-01,2.965417184686337110e-02,5.028480188311476584e-02,6.853209254261916072e-02,5.754498517121063583e-02,1.229088212658411422e-01,-3.882412546622907717e-02,7.941304483818974191e-02,1.137862172506843433e-01,9.431004727287060074e-01,-5.596404867028601654e-02,1.066363403511698493e+01,4.448167658158620752e-02,4.861305026142963975e-02,4.487584655625364433e-02,4.494818784256403299e-02,2.171758814104441659e-01,2.270374261869086419e-01,2.181360003914886714e-01,2.183117506628363125e-01
6.025000000000000355e-01,2.962000206577259862e-02,5.031695041505327565e-02,6.852566375278050514e-02,5.747771799156117800e-02,1.230329192751689199e-01,-3.832020274857425579e-02,7.939693945186081236e-02,1.139218866170041838e-01,9.429608812814092023e-01,-5.570920829027764531e-02,1.066579204457264929e+01,4.456798842739863320e-02,4.871774306903094848e-02,4.496692909918081210e-02,4.503538158092171978e-02,2.174025721983758042e-01,2.272985902375271039e-01,2.183734204155696745e-01,2.185395704990066301e-01
6.049999999999999822e-01,2.958597516755839818e-02,5.034895153023657977e-02,6.851913448289875808e-02,5.741044374501375752e-02,1.231562200514313837e-01,-3.781686976009428214e-02,7.938072844220524227e-02,1.140558833263875943e-01,9.428219261927658357e-01,-5.545496129788662909e-02,1.066795442452934495e+01,4.465425994892718159e-02,4.882238456483667388e-02,4.505799538100506429e-02,4.512253531137520868e-02,2.176289221705732246e-01,2.275593353815998365e-01,2.186105395577397914e-01,2.187670496300884726e-01
6.075000000000000400e-01,2.955209032486653259e-02,5.038080423039411476e-02,6.851250500040753644e-02,5.734316630523883518e-02,1.232787285237170044e-01,-3.731412526168197130e-02,7.936441218501701089e-02,1.141882213879824581e-01,9.426836059826697589e-01,-5.520130500609728152e-02,1.067012115667732886e+01,4.474049119402499081e-02,4.892697455243322918e-02,4.514904542419766881e-02,4.520964917462631794e-02,2.178549321729611743e-01,2.278196621992573112e-01,2.188473585238433494e-01,2.189941891248326777e-01
6.099999999999999867e-01,2.951834671394647919e-02,5.041250751876204250e-02,6.850577557354985136e-02,5.727588950928629713e-02,1.234004495867544321e-01,-3.681196805902496594e-02,7.934799105669117225e-02,1.143189147040586245e-01,9.425459191777065815e-01,-5.494823674964015303e-02,1.067229222282751344e+01,4.482668221053179997e-02,4.903151283589605308e-02,4.524007925125295843e-02,4.529672331088629295e-02,2.180806030472719759e-01,2.280795712676176312e-01,2.190838780162150667e-01,2.192209900458596816e-01
6.125000000000000444e-01,2.948474351464313442e-02,5.044406040020838616e-02,6.849894647136474390e-02,5.720861715777753737e-02,1.235213881011718445e-01,-3.631039700200080350e-02,7.933146543421068508e-02,1.144479770708097116e-01,9.424088643110961616e-01,-5.469575388478522399e-02,1.067446760491044699e+01,4.491283304627299855e-02,4.913599921979438373e-02,4.533109688468790061e-02,4.538375785987469602e-02,2.183059356310771970e-01,2.283390631608284704e-01,2.193200987337075025e-01,2.194474534497019291e-01
6.149999999999999911e-01,2.945127991038795287e-02,5.047546188135910994e-02,6.849201796367432316e-02,5.714135301509837978e-02,1.236415488937539497e-01,-3.580941098407559864e-02,7.931483569513372855e-02,1.145754221791511623e-01,9.422724399226420910e-01,-5.444385378913727674e-02,1.067664728497535442e+01,4.499894374905872435e-02,4.924043350919597717e-02,4.542209834704166727e-02,4.547075296081832391e-02,2.185309307578182370e-01,2.285981384501075686e-01,2.195560213717177023e-01,2.196735803868450077e-01
6.175000000000000488e-01,2.941795508819024588e-02,5.050671097072394200e-02,6.848499032107080442e-02,5.707410080959175736e-02,1.237609367576969627e-01,-3.530900894170355825e-02,7.929810221758101796e-02,1.147012636155117921e-01,9.421366445586777383e-01,-5.419253386143309953e-02,1.067883124518914784e+01,4.508501436668296836e-02,4.934481550967186048e-02,4.551308366087518376e-02,4.555770875245018087e-02,2.187555892568372184e-01,2.288567977037836154e-01,2.197916466222137322e-01,2.198993719017691972e-01
6.199999999999999956e-01,2.938476823862814363e-02,5.053780667882358524e-02,6.847786381490378327e-02,5.700686423375164041e-02,1.238795564528616527e-01,-3.480918985373017416e-02,7.928126538022317593e-02,1.148255148626212419e-01,9.420014767720126247e-01,-5.394179152134064015e-02,1.068101946783546374e+01,4.517104494692267963e-02,4.944914502730102246e-02,4.560405284877071946e-02,4.564462537300850720e-02,2.189799119534076022e-01,2.291150414873363572e-01,2.200269751737613244e-01,2.201248290329905211e-01
6.225000000000000533e-01,2.935171855583910624e-02,5.056874801831660188e-02,6.847063871726784268e-02,5.693964694441626395e-02,1.239974127060228942e-01,-3.430995274079733093e-02,7.926432556226870041e-02,1.149481893002915756e-01,9.418669351218815766e-01,-5.369162420926031076e-02,1.068321193531369495e+01,4.525703553753689795e-02,4.955342186867507659e-02,4.569500593333142985e-02,4.573150296023580780e-02,2.192038996687640795e-01,2.293728703634365096e-01,2.202620077115496899e-01,2.203499528131013518e-01
6.250000000000000000e-01,2.931880523751063949e-02,5.059953400412688096e-02,6.846331530098986873e-02,5.687245256296292323e-02,1.241145102111187726e-01,-3.381129666475142515e-02,7.924728314345150237e-02,1.150693002061942138e-01,9.417330181738925443e-01,-5.344202938612772208e-02,1.068540863013806508e+01,4.534298618626590033e-02,4.965764584090293782e-02,4.578594293718095398e-02,4.581834165137798481e-02,2.194275532201327150e-01,2.296302848919848372e-01,2.204967449174175809e-01,2.205747442688107962e-01
6.275000000000000577e-01,2.928602748487054569e-02,5.063016365357173726e-02,6.845589383961700469e-02,5.680528467550160360e-02,1.242308536294965127e-01,-3.331322072805353168e-02,7.923013850401908198e-02,1.151888607566314698e-01,9.415997244999763094e-01,-5.319300453321882532e-02,1.068760953493666577e+01,4.542889694083034752e-02,4.976181675161544388e-02,4.587686388296295659e-02,4.590514158318346333e-02,2.196508734207604230e-01,2.298872856301513445e-01,2.207311874698786869e-01,2.207992044209848015e-01
6.300000000000000044e-01,2.925338450267704962e-02,5.066063598649013511e-02,6.844837460740434143e-02,5.673814683306980383e-02,1.243464475901564087e-01,-3.281572407319251206e-02,7.921289202472039936e-02,1.153068840273027834e-01,9.414670526783343041e-01,-5.294454715195655303e-02,1.068981463245053121e+01,4.551476784893045829e-02,4.986593440896995577e-02,4.596776879334072557e-02,4.599190289190237951e-02,2.198738610799445548e-01,2.301438731324138565e-01,2.209653360441473369e-01,2.210233342846860682e-01
6.325000000000000622e-01,2.922087549920881003e-02,5.069095002537127997e-02,6.844075787930303800e-02,5.667104255182737332e-02,1.244612966899937001e-01,-3.231880588210016281e-02,7.919554408679428670e-02,1.154233829940660983e-01,9.413350012933896505e-01,-5.269665476371961088e-02,1.069202390553272686e+01,4.560059895824518372e-02,4.996999862165496520e-02,4.605865769099672102e-02,4.607862571328581042e-02,2.200965170030618479e-01,2.304000479505960985e-01,2.211991913121633679e-01,2.212471348692133799e-01
6.350000000000000089e-01,2.918849968625468819e-02,5.072110479548371659e-02,6.843304393094826188e-02,5.660397531325103704e-02,1.245754054940386435e-01,-3.182246537556953497e-02,7.917809507195779084e-02,1.155383705336937017e-01,9.412035689357377555e-01,-5.244932490965281691e-02,1.069423733714741864e+01,4.568639031643140919e-02,5.007400919889461871e-02,4.614953059863215884e-02,4.616531018258504537e-02,2.203188419915974305e-01,2.306558106339053338e-01,2.214327539426170499e-01,2.214706071781408769e-01
6.375000000000000666e-01,2.915625627910336387e-02,5.075109932500432991e-02,6.842523303864767037e-02,5.653694856432966293e-02,1.246887785356940448e-01,-3.132670181267521031e-02,7.916054536239451600e-02,1.156518594246233878e-01,9.410727542020962400e-01,-5.220255515047936973e-02,1.069645491036896701e+01,4.577214197112316335e-02,5.017796595045327657e-02,4.624038753896660137e-02,4.625195643455087130e-02,2.205408368431733546e-01,2.309111617289699714e-01,2.216660246009738988e-01,2.216937522093568869e-01
6.400000000000000133e-01,2.912414449653283680e-02,5.078093264514808164e-02,6.841732547936962838e-02,5.646996571775914076e-02,1.248014203169712788e-01,-3.083151449019697413e-02,7.914289534074349375e-02,1.157638623477040135e-01,9.409425556952566438e-01,-5.195634306631495558e-02,1.069867660838105650e+01,4.585785396993081325e-02,5.028186868663998832e-02,4.633122853473749941e-02,4.633856460343292738e-02,2.207625023515769613e-01,2.311661017798764539e-01,2.218990039494989353e-01,2.219165709551026433e-01
6.424999999999999600e-01,2.909216356079984134e-02,5.081060379029760099e-02,6.840932153073178701e-02,5.640303015213746218e-02,1.249133353087237136e-01,-3.033690274204512566e-02,7.912514539008771997e-02,1.158743918869359624e-01,9.408129720240367977e-01,-5.171068625648372885e-02,1.070090241447576318e+01,4.594352636044032878e-02,5.038571721831299616e-02,4.642205360869979675e-02,4.642513482297910138e-02,2.209838393067890816e-01,2.314206313282057281e-01,2.221316926472810260e-01,2.221390644020104777e-01
6.450000000000000178e-01,2.906031269762878247e-02,5.084011179813343467e-02,6.840122147098978700e-02,5.633614521216003673e-02,1.250245279508787888e-01,-2.984286593868934814e-02,7.910729589394323302e-02,1.159834605302071525e-01,9.406840018032310846e-01,-5.146558233933565957e-02,1.070313231205270377e+01,4.602915919021251245e-02,5.048951135688416192e-02,4.651286278362549986e-02,4.651166722643491902e-02,2.212048484950119576e-01,2.316747509130697158e-01,2.223640913502568373e-01,2.223612335311420385e-01
6.474999999999999645e-01,2.902859113620107762e-02,5.086945570976389441e-02,6.839302557902578183e-02,5.626931420881456369e-02,1.251350026526672488e-01,-2.934940348658950787e-02,7.908934723624787277e-02,1.160910806700225922e-01,9.405556436535658094e-01,-5.122102895206613604e-02,1.070536628461815631e+01,4.611475250678224308e-02,5.059325091432338717e-02,4.660365608230325474e-02,4.659816194654302357e-02,2.214255306986966931e-01,2.319284610711467576e-01,2.225962007112345376e-01,2.225830793180258171e-01
6.500000000000000222e-01,2.899699810914370054e-02,5.089863456985572326e-02,6.838473413433754367e-02,5.620254041957605667e-02,1.252447637928514879e-01,-2.885651482762923228e-02,7.907129980135046976e-02,1.161972646042301882e-01,9.404278962016497934e-01,-5.097702375053697610e-02,1.070760431578419158e+01,4.620030635765776800e-02,5.069693570316300552e-02,4.669443352753793047e-02,4.668461911554266236e-02,2.216458866965707597e-01,2.321817623367174455e-01,2.228280213799174181e-01,2.228046027326948397e-01
6.524999999999999689e-01,2.896553285251840873e-02,5.092764742676450518e-02,6.837634741702729169e-02,5.613582708860206244e-02,1.253538157199512448e-01,-2.836419943855261402e-02,7.905315397400020094e-02,1.163020245367402256e-01,9.403007580799300769e-01,-5.073356440909904119e-02,1.070984638926782040e+01,4.628582079031996754e-02,5.080056553650213330e-02,4.678519514215019603e-02,4.677103886516920800e-02,2.218659172636651411e-01,2.324346552416993450e-01,2.230595540029270407e-01,2.230258047397236099e-01
6.550000000000000266e-01,2.893419460580994376e-02,5.095649333266538683e-02,6.836786570779092298e-02,5.606917742692726220e-02,1.254621627524672989e-01,-2.787245683040329505e-02,7.903491013933579279e-02,1.164053725782410731e-01,9.401742279266442903e-01,-5.049064862041702240e-02,1.071209248889013033e+01,4.637129585222164729e-02,5.090414022801101335e-02,4.687594094897609698e-02,4.685742132665372817e-02,2.220856231713413398e-01,2.326871403156819118e-01,2.232907992238265804e-01,2.232466862982652456e-01
6.574999999999999734e-01,2.890298261191488055e-02,5.098517134368374393e-02,6.835928928790704906e-02,5.600259461265863492e-02,1.255698091791037918e-01,-2.738128654796617018e-02,7.901656868287498803e-02,1.165073207469082689e-01,9.400483043857755794e-01,-5.024827409529539907e-02,1.071434259857546500e+01,4.645673159078685110e-02,5.100765959193528237e-02,4.696667097086666687e-02,4.694376663072257622e-02,2.223050051873179389e-01,2.329392180859607142e-01,2.235217576831435571e-01,2.234672483620880334e-01
6.600000000000000311e-01,2.887189611712993875e-02,5.101368052002624304e-02,6.835061843922649039e-02,5.593608179116948964e-02,1.256767592589885796e-01,-2.689068816921168226e-02,7.899812999050408180e-02,1.166078809691097201e-01,9.399229861070079739e-01,-5.000643856250623631e-02,1.071659670235058393e+01,4.654212805341017417e-02,5.111112344310025923e-02,4.705738523068746931e-02,4.703007490759703729e-02,2.225240640756970534e-01,2.331908890775713783e-01,2.237524300183925396e-01,2.236874918796117606e-01
6.624999999999999778e-01,2.884093437114027339e-02,5.104201992611166055e-02,6.834185344416142394e-02,5.586964207529431653e-02,1.257830172218910580e-01,-2.640066130474330239e-02,7.897959444846756882e-02,1.167070650801051573e-01,9.397982717456810908e-01,-4.976513976861873800e-02,1.071885478434382932e+01,4.662748528745607607e-02,5.121453159691515683e-02,4.714808375131822327e-02,4.711634628699296751e-02,2.227428005969906977e-01,2.334421538133231444e-01,2.239828168640976280e-01,2.239074177939438248e-01
6.650000000000000355e-01,2.881009662700779322e-02,5.107018863070181269e-02,6.833299458567522466e-02,5.580327854552286776e-02,1.258885872684391560e-01,-2.591120559724768846e-02,7.896096244335795711e-02,1.168048848247407873e-01,9.396741599627460584e-01,-4.952437547783036104e-02,1.072111682878431083e+01,4.671280334025824238e-02,5.131788386937728708e-02,4.723876655565235894e-02,4.720258089812050945e-02,2.229612155081467095e-01,2.336930128138320628e-01,2.242129188518146299e-01,2.241270270429150946e-01
6.674999999999999822e-01,2.877938214115915647e-02,5.109818570703267282e-02,6.832404214727184899e-02,5.573699425019414122e-02,1.259934735703337194e-01,-2.542232072094732787e-02,7.894223436210545675e-02,1.169013518581391020e-01,9.395506494247218843e-01,-4.928414347179938676e-02,1.072338282000110610e+01,4.679808225911891856e-02,5.142118007707621730e-02,4.732943366659662920e-02,4.728877886968382155e-02,2.231793095625744239e-01,2.339434665975538841e-01,2.244427366101532928e-01,2.243463205591154364e-01
6.700000000000000400e-01,2.874879017337392956e-02,5.112601023294512798e-02,6.831499641298559300e-02,5.567079220569010750e-02,1.260976802705617017e-01,-2.493400638105607373e-02,7.892341059196812669e-02,1.169964777463827904e-01,9.394277388036513798e-01,-4.904444154947923407e-02,1.072565274242243660e+01,4.688332209130827155e-02,5.152442003719789887e-02,4.742008510707068636e-02,4.737494032988082832e-02,2.233970835101704855e-01,2.341935156808165330e-01,2.246722707647989814e-01,2.245652992699290473e-01
6.724999999999999867e-01,2.871831998677246839e-02,5.115366129101626275e-02,6.830585766737098941e-02,5.560467539662919401e-02,1.262012114836068566e-01,-2.444626231323744972e-02,7.890449152052181336e-02,1.170902739671948467e-01,9.393054267770585275e-01,-4.880526752695448639e-02,1.072792658057490023e+01,4.696852288406377224e-02,5.162760356752876117e-02,4.751072090000666576e-02,4.746106540640302601e-02,2.236145380973439956e-01,2.344431605778521943e-01,2.249015219385344655e-01,2.247839640975694830e-01
6.750000000000000444e-01,2.868797084780370585e-02,5.118113796868994925e-02,6.829662619549255187e-02,5.553864677605945682e-02,1.263040712956595979e-01,-2.395908828306651805e-02,7.888547753565024190e-02,1.171827519106125176e-01,9.391837120279064033e-01,-4.856661923727811220e-02,1.073020431908266481e+01,4.705368468458955705e-02,5.173073048645976391e-02,4.760134106834879725e-02,4.754715422643528838e-02,2.238316740670415750e-01,2.346924018008290092e-01,2.251304907512612086e-01,2.250023159591143518e-01
6.774999999999999911e-01,2.865774202623311284e-02,5.120843935840781180e-02,6.828730228291500504e-02,5.547270926565119054e-02,1.264062637648243614e-01,-2.347248408549292703e-02,7.886636902553541273e-02,1.172739228796567806e-01,9.390625932445537671e-01,-4.832849453031056591e-02,1.073248594266668299e+01,4.713880754005583817e-02,5.183380061299042857e-02,4.769194563505297496e-02,4.763320691665573481e-02,2.240484921587725942e-01,2.349412398598827167e-01,2.253591778200207119e-01,2.252203557665399536e-01
6.800000000000000488e-01,2.862763279513032971e-02,5.123556455773988633e-02,6.827788621569302885e-02,5.540686575588977397e-02,1.265077929213256624e-01,-2.298644954430921483e-02,7.884716637864756794e-02,1.173637980909972567e-01,9.389420691207142067e-01,-4.809089127256026275e-02,1.073477143614394258e+01,4.722389149759830679e-02,5.193681376673280059e-02,4.778253462308636179e-02,4.771922360323560541e-02,2.242649931086334592e-01,2.351896752631474075e-01,2.255875837590156641e-01,2.254380844267555029e-01
6.824999999999999956e-01,2.859764243085672480e-02,5.126251266951525887e-02,6.826837828036186329e-02,5.534111910626760000e-02,1.266086627677120713e-01,-2.250098451161956781e-02,7.882786998373605969e-02,1.174523886756110996e-01,9.388221383554146149e-01,-4.785380734702573274e-02,1.073706078442667433e+01,4.730893660431753633e-02,5.203976976791542530e-02,4.787310805542699388e-02,4.780520441183917779e-02,2.244811776493323974e-01,2.354377085167864980e-01,2.258157091796306470e-01,2.256555028416371289e-01
6.850000000000000533e-01,2.856777021305314038e-02,5.128928280195230172e-02,6.825877876392710819e-02,5.527547214547574861e-02,1.267088772790589679e-01,-2.201608886731312026e-02,7.880848022981935819e-02,1.175397056794377088e-01,9.387027996529532237e-01,-4.761724065303894748e-02,1.073935397252161117e+01,4.739394290727842740e-02,5.214266843738721985e-02,4.796366595506335040e-02,4.789114946762369762e-02,2.246970465102136605e-01,2.356853401250229574e-01,2.260435546904529525e-01,2.258726119080616268e-01
6.875000000000000000e-01,2.853801542462729504e-02,5.131587406878915236e-02,6.824908795385541127e-02,5.520992767159559056e-02,1.268084404031695755e-01,-2.153176251853989448e-02,7.878899750617593400e-02,1.176257600640287504e-01,9.385840517228605240e-01,-4.738118910611049256e-02,1.074165098552924036e+01,4.747891045350961098e-02,5.224550959662137284e-02,4.805420834499397192e-02,4.797705889523935785e-02,2.249126004172815330e-01,2.359325705901693104e-01,2.262711208972928434e-01,2.260894125179399861e-01
6.900000000000000577e-01,2.850837735174127641e-02,5.134228558941366510e-02,6.823930613806471202e-02,5.514448845228927393e-02,1.269073560607736906e-01,-2.104800539918896124e-02,7.876942220233483505e-02,1.177105627071919763e-01,9.384658932798577435e-01,-4.714565063777610698e-02,1.074395180864303079e+01,4.756383929000292804e-02,5.234829306771915380e-02,4.814473524822705103e-02,4.806293281882928481e-02,2.251278400932242574e-01,2.361794004126573365e-01,2.264984084032042322e-01,2.263059055582506418e-01
6.925000000000000044e-01,2.847885528379902331e-02,5.136851648899309897e-02,6.822943360491479092e-02,5.507915722499056449e-02,1.270056281457260516e-01,-2.056481746937040972e-02,7.874975470806620803e-02,1.177941244036313923e-01,9.383483230438173228e-01,-4.691062319544452019e-02,1.074625642714873131e+01,4.764872946371286055e-02,5.245101867341372265e-02,4.823524668778002983e-02,4.814877136202957292e-02,2.253427662574376822e-01,2.364258300910675459e-01,2.267254178085044425e-01,2.265220919110725595e-01
6.950000000000000622e-01,2.844944851343362072e-02,5.139456589860397218e-02,6.821947064319783260e-02,5.501393669709471468e-02,1.271032605252014891e-01,-2.008219871489996117e-02,7.872999541337236118e-02,1.178764558655824440e-01,9.382313397397232801e-01,-4.667610474224696826e-02,1.074856482642362110e+01,4.773358102155600413e-02,5.255368623707387665e-02,4.832574268667919754e-02,4.823457464796932631e-02,2.255573796260488262e-01,2.366718601221579621e-01,2.269521497107943320e-01,2.267379724536179586e-01
6.975000000000000089e-01,2.842015633649471601e-02,5.142043295536099373e-02,6.820941754212922481e-02,5.494882954614788151e-02,1.272002570398902965e-01,-1.960014914678713527e-02,7.871014470847863265e-02,1.179575677234413478e-01,9.381149420976333531e-01,-4.644209325688802154e-02,1.075087699193579027e+01,4.781839401041055454e-02,5.265629558270774196e-02,4.841622326795930187e-02,4.832034279927073517e-02,2.257716809119388879e-01,2.369174910008927659e-01,2.271786047049779711e-01,2.269535480582647868e-01
7.000000000000000666e-01,2.839097805203566471e-02,5.144611680254636277e-02,6.819927459133807990e-02,5.488383842003639185e-02,1.272966215041899940e-01,-1.911866880072525185e-02,7.869020298382406464e-02,1.180374705263908114e-01,9.379991288526378090e-01,-4.620858673349779316e-02,1.075319290924341864e+01,4.790316847711576648e-02,5.275884653496646509e-02,4.850668845466313966e-02,4.840607593804917980e-02,2.259856708247666990e-01,2.371627232204709390e-01,2.274047833832822940e-01,2.271688195925891940e-01
7.025000000000000133e-01,2.836191296230089823e-02,5.147161658973822829e-02,6.818904208085803387e-02,5.481896593717507787e-02,1.273923577063975909e-01,-1.863775773658540857e-02,7.867017063005252164e-02,1.181161747430198167e-01,9.378838987448234743e-01,-4.597558318148577128e-02,1.075551256399407762e+01,4.798790446847146784e-02,5.286133891914783500e-02,4.859713826984117524e-02,4.849177418591336247e-02,2.261993500709912064e-01,2.374075572723538530e-01,2.276306863352764442e-01,2.273837879193973954e-01
7.049999999999999600e-01,2.833296037271311463e-02,5.149693147293911422e-02,6.817872030111843396e-02,5.475421468669536273e-02,1.274874694088988514e-01,-1.815741603791364359e-02,7.865004803800403066e-02,1.181936907619396127e-01,9.377692505192340988e-01,-4.574308062539563652e-02,1.075783594192401615e+01,4.807260203123756015e-02,5.296377256119987748e-02,4.868757273655112405e-02,4.857743766396546009e-02,2.264127193538945093e-01,2.376519936462932470e-01,2.278563141478909815e-01,2.275984538967576742e-01
7.075000000000000178e-01,2.830411959186052845e-02,5.152206061470374077e-02,6.816830954293498501e-02,5.468958722863258293e-02,1.275819603483566711e-01,-1.767764381143104718e-02,7.862983559870569128e-02,1.182700288923937276e-01,9.376551829258339410e-01,-4.551107710476195306e-02,1.076016302885747322e+01,4.815726121213353278e-02,5.306614728772438005e-02,4.877799187785756413e-02,4.866306649280129071e-02,2.266257793736040915e-01,2.378960328303583727e-01,2.280816674054369220e-01,2.278128183780318561e-01
7.099999999999999645e-01,2.827538993148384985e-02,5.154700318426671396e-02,6.815781009750088160e-02,5.462508609411291516e-02,1.276758342358976506e-01,-1.719844118653601761e-02,7.860953370336294654e-02,1.183451993648647477e-01,9.375416947194693540e-01,-4.527957067396785190e-02,1.076249381070597977e+01,4.824188205783797728e-02,5.316846292598042395e-02,4.886839571683156830e-02,4.874866079251053558e-02,2.268385308271152201e-01,2.381396753109631392e-01,2.283067466896247233e-01,2.280268822119067007e-01
7.125000000000000222e-01,2.824677070646365237e-02,5.157175835766954208e-02,6.814722225637780129e-02,5.456071378553980361e-02,1.277690947572975577e-01,-1.671980831481146082e-02,7.858914274335070116e-02,1.184192123316747947e-01,9.374287846598321483e-01,-4.504855940210419213e-02,1.076482827346768012e+01,4.832646461498812246e-02,5.327071930388781879e-02,4.895878427655027398e-02,4.883422068267694732e-02,2.270509744083132608e-01,2.383829215728927586e-01,2.285315525795829084e-01,2.282406462424251825e-01
7.149999999999999689e-01,2.821826123480733126e-02,5.159632531788734683e-02,6.813654631148731433e-02,5.449647277677959617e-02,1.278617455731648755e-01,-1.624174536953360351e-02,7.856866311020517524e-02,1.184920778675824238e-01,9.373164515114236206e-01,-4.481804137283016548e-02,1.076716640322666230e+01,4.841100893017938334e-02,5.337291625003052348e-02,4.904915758009650850e-02,4.891974628237860667e-02,2.272631108079952444e-01,2.386257720993300024e-01,2.287560856518766061e-01,2.284541113090171327e-01
7.175000000000000266e-01,2.818986083763628386e-02,5.162070325495498463e-02,6.812578255510172431e-02,5.443236551334647289e-02,1.279537903191233783e-01,-1.576425254518493482e-02,7.854809519561467557e-02,1.185638059703739977e-01,9.372046940435179163e-01,-4.458801468423503195e-02,1.076950818615227234e+01,4.849551504996489626e-02,5.347505359366002547e-02,4.913951565055841436e-02,4.900523771018820002e-02,2.274749407138918766e-01,2.388682273718813753e-01,2.289803464805258981e-01,2.286672782465301590e-01
7.199999999999999734e-01,2.816156883917301026e-02,5.164489136609284881e-02,6.811493127983569984e-02,5.436839441258727035e-02,1.280452326059926538e-01,-1.528733005696977787e-02,7.852743939141153262e-02,1.186344065614509252e-01,9.370935110301255033e-01,-4.435847744870129172e-02,1.077185360849846774e+01,4.857998302085509562e-02,5.357713116469867143e-02,4.922985851102903987e-02,4.909069508417330391e-02,2.276864648106890765e-01,2.391102878706029555e-01,2.292043356370241369e-01,2.288801478852599824e-01
7.225000000000000311e-01,2.813338456672819302e-02,5.166888885583205415e-02,6.810399277863739276e-02,5.430456186386510564e-02,1.281360760199680704e-01,-1.481097814033335673e-02,7.850669608956342693e-02,1.187038894864120703e-01,9.369829012499584220e-01,-4.412942779276918248e-02,1.077420265660314769e+01,4.866441288931726283e-02,5.367914879374294235e-02,4.932018618460596443e-02,4.917611852189670424e-02,2.278976837800494315e-01,2.393519540740256246e-01,2.294280536903559597e-01,2.290927210509807188e-01
7.249999999999999778e-01,2.810530735068772143e-02,5.169269493613899702e-02,6.809296734478002822e-02,5.424087022874281294e-02,1.282263241227980521e-01,-1.433519705048411606e-02,7.848586568216510406e-02,1.187722645156314982e-01,9.368728634863952021e-01,-4.390086385700237709e-02,1.077655531688750479e+01,4.874880470177510999e-02,5.378110631206669406e-02,4.941049869439089609e-02,4.926150814041674320e-02,2.281085983006331253e-01,2.395932264591801586e-01,2.296515012070150519e-01,2.293049985649748546e-01
7.275000000000000355e-01,2.807733652449979217e-02,5.171630882653945049e-02,6.808185527185314778e-02,5.417732184116514499e-02,1.283159804519614366e-01,-1.385998706191913371e-02,7.846494856142988139e-02,1.188395413448313648e-01,9.367633965274450025e-01,-4.367278379585500664e-02,1.077891157585539261e+01,4.883315850460836355e-02,5.388300355162435606e-02,4.950079606348929684e-02,4.934686405628768702e-02,2.283192090481193370e-01,2.398341055016222356e-01,2.298746787510219936e-01,2.295169812440631951e-01
7.299999999999999822e-01,2.804947142466204107e-02,5.173972975424202814e-02,6.807065685375435216e-02,5.411391900764114110e-02,1.284050485208422798e-01,-1.338534846795313288e-02,7.844394511968154349e-02,1.189057295956509053e-01,9.366544991657139718e-01,-4.344518577754001576e-02,1.078127142009266315e+01,4.891747434415236184e-02,5.398484034505406787e-02,4.959107831501000790e-02,4.943218638556007988e-02,2.285295166952269197e-01,2.400745916754566944e-01,2.300975868839418292e-01,2.297286699006342858e-01
7.325000000000000400e-01,2.802171139070856742e-02,5.176295695426121057e-02,6.805937238468069694e-02,5.405066400742497557e-02,1.284935318189042164e-01,-1.291128158025047282e-02,7.842285574934589054e-02,1.189708388162098868e-01,9.365461701983704979e-01,-4.321806798389862120e-02,1.078363483626655750e+01,4.900175226669765266e-02,5.408661652568079459e-02,4.968134547206486118e-02,4.951747524378118104e-02,2.287395219117351053e-01,2.403146854533619037e-01,2.303202261649014426e-01,2.299400653426738050e-01
7.349999999999999867e-01,2.799405576519690617e-02,5.178598966953931043e-02,6.804800215912061578e-02,5.398755909269664643e-02,1.285814338118623223e-01,-1.243778672836048059e-02,7.840168084294270312e-02,1.190348784816683964e-01,9.364384084271115682e-01,-4.299142861027113044e-02,1.078600181112507173e+01,4.908599231848960465e-02,5.418833192751937311e-02,4.977159755776827676e-02,4.960273074599537424e-02,2.289492253645040720e-01,2.405543873066135485e-01,2.305425971506068206e-01,2.301511683737938740e-01
7.375000000000000444e-01,2.796650389369535403e-02,5.180882715106821523e-02,6.803654647184516346e-02,5.392460648874187329e-02,1.286687579418549499e-01,-1.196486425925646219e-02,7.838042079307752652e-02,1.190978579947816612e-01,9.363312126581287975e-01,-4.276526586536898156e-02,1.078837233149632802e+01,4.917019454572801179e-02,5.428998638527753051e-02,4.986183459523691602e-02,4.968795300674459792e-02,2.291586277174953168e-01,2.407936977051082228e-01,2.307647003953601783e-01,2.303619797932618396e-01
7.399999999999999911e-01,2.793905512476980990e-02,5.183146865801017966e-02,6.802500561790024436e-02,5.386180839413090560e-02,1.287555076276130916e-01,-1.149251453687755858e-02,7.835907599243370492e-02,1.191597866864500394e-01,9.362245817020762306e-01,-4.253957797114795575e-02,1.079074638428797783e+01,4.925435899456674649e-02,5.439157973435883309e-02,4.995205660758927219e-02,4.977314214006884480e-02,2.293677296317916392e-01,2.410326171173866605e-01,2.309865364510768071e-01,2.305725003960290564e-01
7.425000000000000488e-01,2.791170880997100381e-02,5.185391345781802802e-02,6.801337989259810535e-02,5.379916698089742821e-02,1.288416862646294403e-01,-1.102073794167455871e-02,7.833764683376429061e-02,1.192206738162657764e-01,9.361185143740353709e-01,-4.231436316268259723e-02,1.079312395648657308e+01,4.933848571111336401e-02,5.449311181086560762e-02,5.004226361794532341e-02,4.985829825950661293e-02,2.295765317656175697e-01,2.412711460106569117e-01,2.312081058673021716e-01,2.307827309727595311e-01
7.449999999999999956e-01,2.788446430382160793e-02,5.187616082635459341e-02,6.800166959150930057e-02,5.373668439471587094e-02,1.289272972253253935e-01,-1.054953487015874644e-02,7.831613370988396716e-02,1.192805285730536152e-01,9.360130094934848710e-01,-4.208961968804188214e-02,1.079550503515698345e+01,4.942257474142875556e-02,5.459458245160182105e-02,5.013245564942612337e-02,4.994342147809542609e-02,2.297850347743587152e-01,2.415092848508167411e-01,2.314294091912281193e-01,2.309926723098581214e-01
7.475000000000000533e-01,2.785732096380335449e-02,5.189821004801138671e-02,6.798987501045460069e-02,5.367436275507826010e-02,1.290123438592169491e-01,-1.007890573445380245e-02,7.829453701366129170e-02,1.193393600754081713e-01,9.359080658842667821e-01,-4.186534580816608786e-02,1.079788960744178539e+01,4.950662613152680830e-02,5.469599149407588373e-02,5.022263272515344740e-02,5.002851190837234729e-02,2.299932393105818818e-01,2.417470341024762215e-01,2.316504469677097278e-01,2.312023251894986808e-01
7.500000000000000000e-01,2.783027815034415722e-02,5.192006041582630793e-02,6.797799644549691600e-02,5.361220415547079260e-02,1.290968294930798232e-01,-9.608850961852533762e-03,7.827285713801067357e-02,1.193971773722269092e-01,9.358036823745543575e-01,-4.164153979674471012e-02,1.080027766056068117e+01,4.959063992737405141e-02,5.479733877650342505e-02,5.031279486824941083e-02,5.011356966237453386e-02,2.302011460240544205e-01,2.419843942289798544e-01,2.318712197392816254e-01,2.314116903896520916e-01
7.525000000000000577e-01,2.780333522680527095e-02,5.194171123160113562e-02,6.796603419293333059e-02,5.355021066354895970e-02,1.291807574311122642e-01,-9.139370994374852383e-03,7.825109447588467215e-02,1.194539894432378735e-01,9.356998577968209663e-01,-4.141819994009565686e-02,1.080266918180990032e+01,4.967461617488932307e-02,5.489862413781002731e-02,5.040294210183609430e-02,5.019859485163977869e-02,2.304087555617636285e-01,2.422213656924282477e-01,2.320917280461741450e-01,2.316207686841139091e-01
7.550000000000000044e-01,2.777649155946854825e-02,5.196316180601742718e-02,6.795398854928716426e-02,5.348838432131212267e-02,1.292641309550980888e-01,-8.670466288331669241e-03,7.822924942026610040e-02,1.195098051995237692e-01,9.355965909878094511e-01,-4.119532453704559394e-02,1.080506415856164182e+01,4.975855491994343044e-02,5.499984741763388335e-02,5.049307444903517600e-02,5.028358758720710697e-02,2.306160685679357891e-01,2.424579489536996535e-01,2.323119724263292274e-01,2.318295608425318122e-01
7.575000000000000622e-01,2.774974651752362340e-02,5.198441145875208613e-02,6.794185981130007601e-02,5.342672714527776923e-02,1.293469533245670822e-01,-8.202137313890144749e-03,7.820732236416025329e-02,1.195646334840417269e-01,9.354938807884988217e-01,-4.097291189881135942e-02,1.080746257826348078e+01,4.984245620835885127e-02,5.510100845632844718e-02,5.058319193296755695e-02,5.036854797961735908e-02,2.308230856840555456e-01,2.426941444724713959e-01,2.325319534154167700e-01,2.320380676304331091e-01
7.600000000000000089e-01,2.772309947305501981e-02,5.200545951859186083e-02,6.792964827592416766e-02,5.336524112665443076e-02,1.294292277769549249e-01,-7.734384554643704626e-03,7.818531370058737218e-02,1.196184830721386400e-01,9.353917260440753889e-01,-4.075096034888260610e-02,1.080986442843780182e+01,4.992632008590940779e-02,5.520210709496498058e-02,5.067329457675299326e-02,5.045347613891380811e-02,2.310298075488845804e-01,2.429299527072405207e-01,2.327516715468500308e-01,2.322462898092517436e-01
7.625000000000000666e-01,2.769654980102967748e-02,5.202630532354710069e-02,6.791735424031430934e-02,5.330392823151369752e-02,1.295109575277618996e-01,-7.267208507185663087e-03,7.816322382257494261e-02,1.196713626720617707e-01,9.352901256039014566e-01,-4.052946822290540846e-02,1.081226969668124838e+01,5.001014659831996140e-02,5.530314317533510660e-02,5.076338240350972836e-02,5.053837217464278442e-02,2.312362347984804334e-01,2.431653741153447512e-01,2.329711273518014769e-01,2.324542281363552176e-01
7.650000000000000133e-01,2.767009687928400491e-02,5.204694822096439522e-02,6.790497800182020149e-02,5.324279040096229626e-02,1.295921457707100433e-01,-6.800609680685026567e-03,7.814105312314981178e-02,1.197232809254660107e-01,9.351890783214849012e-01,-4.030843386856725052e-02,1.081467837066416493e+01,5.009393579126611429e-02,5.540411653995328672e-02,5.085345543635411830e-02,5.062323619585434170e-02,2.314423680662150429e-01,2.434004091529827773e-01,2.331903213592182722e-01,2.326618833650715146e-01
7.675000000000000711e-01,2.764374008851135101e-02,5.206738756763837350e-02,6.789251985797876976e-02,5.318182955131248862e-02,1.296727956778996327e-01,-6.334588596467703725e-03,7.811880199533112468e-02,1.197742464079163266e-01,9.350885830544497512e-01,-4.008785564548277003e-02,1.081709043813002147e+01,5.017768771037391107e-02,5.550502703205923566e-02,5.094351369840028482e-02,5.070806831110289542e-02,2.316482079827932583e-01,2.436350582752342953e-01,2.334092540958376261e-01,2.328692562447154113e-01
7.700000000000000178e-01,2.761747881224926177e-02,5.208762272992258080e-02,6.787998010650654612e-02,5.312104757425197693e-02,1.297529103999640054e-01,-5.869145787599791032e-03,7.809647083212227503e-02,1.198242676293859443e-01,9.349886386645056557e-01,-3.986773192508087649e-02,1.081950588689489834e+01,5.026140240121956815e-02,5.560587449562031520e-02,5.103355721275972673e-02,5.079286862844793055e-02,2.318537551762711035e-01,2.438693219360799636e-01,2.336279260862021423e-01,2.330763475206151514e-01
7.724999999999999645e-01,2.759131243686693477e-02,5.210765308383939753e-02,6.786735904529192509e-02,5.306044633701303276e-02,1.298324930662234367e-01,-5.404281798475084157e-03,7.807406002650382759e-02,1.198733530347506487e-01,9.348892440174196850e-01,-3.964806109049277827e-02,1.082192470484692137e+01,5.034507990932918925e-02,5.570665877533385879e-02,5.112358600254097302e-02,5.087763725545467464e-02,2.320590102720738734e-01,2.441032005884209155e-01,2.338463378526747516e-01,2.332831579341382577e-01
7.750000000000000222e-01,2.756524035155263896e-02,5.212747801518874402e-02,6.785465697238762806e-02,5.300002768254092472e-02,1.299115467848378780e-01,-4.939997184406339815e-03,7.805156997142578823e-02,1.199215110042791826e-01,9.347903979829862431e-01,-3.942884153644118234e-02,1.082434687994574318e+01,5.042872028017848784e-02,5.580737971662945440e-02,5.121360009084920811e-02,5.096237429919482642e-02,2.322639738930141473e-01,2.443366946840980769e-01,2.340644899154538383e-01,2.334896882227178727e-01
7.774999999999999689e-01,2.753926194830116220e-02,5.214709691965611904e-02,6.784187418600320929e-02,5.293979342966111806e-02,1.299900746429586973e-01,-4.476292511219922936e-03,7.802900105980031809e-02,1.199687498541186365e-01,9.346920994349989797e-01,-3.921007166913048625e-02,1.082677240022200671e+01,5.051232355919252348e-02,5.590803716567117193e-02,5.130359950078592496e-02,5.104707986624728439e-02,2.324686466593097189e-01,2.445698046739111231e-01,2.342823827925880620e-01,2.336959391198783487e-01
7.800000000000000266e-01,2.751337662190133510e-02,5.216650920291927840e-02,6.782901098449753419e-02,5.287974537324619667e-02,1.300680797068791694e-01,-4.013168354853409794e-03,7.800635368449448936e-02,1.200150778367768678e-01,9.345943472512207029e-01,-3.899174990613805958e-02,1.082920125377680520e+01,5.059588979174545198e-02,5.600863096935974894e-02,5.139358425544855030e-02,5.113175406269888229e-02,2.326730291886012492e-01,2.448025310076374916e-01,2.345000169999911233e-01,2.339019113552610329e-01
7.824999999999999734e-01,2.748758376992347166e-02,5.218571428075389346e-02,6.781606766637125749e-02,5.281988528438125857e-02,1.301455650221832183e-01,-3.550625300958406162e-03,7.798362823832258317e-02,1.200605031415999530e-01,9.344971403133573995e-01,-3.877387467630656614e-02,1.083163342878118129e+01,5.067941902316026870e-02,5.610916097533470009e-02,5.148355437793010470e-02,5.121639699414515939e-02,2.328771220959697519e-01,2.450348741340504510e-01,2.347173930514562523e-01,2.341076056546496087e-01
7.850000000000000311e-01,2.746188279270716723e-02,5.220471157913845334e-02,6.780304453025953748e-02,5.276021491052925588e-02,1.302225336138946310e-01,-3.088663944505727274e-03,7.796082511403927551e-02,1.201050338952461688e-01,9.344004775070289259e-01,-3.855644441963720914e-02,1.083406891347561007e+01,5.076291129870856567e-02,5.620962703197641963e-02,5.157350989131882085e-02,5.130100876569112373e-02,2.330809259939540801e-01,2.452668345009376138e-01,2.349345114586706695e-01,2.343130227399952970e-01
7.874999999999999778e-01,2.743627309334870784e-02,5.222350053435748790e-02,6.778994187492448642e-02,5.270073597569498169e-02,1.302989884866235792e-01,-2.627284889394301392e-03,7.793794470433193511e-02,1.201486781621561445e-01,9.343043577217395868e-01,-3.833945758718422525e-02,1.083650769616947507e+01,5.084636666361028179e-02,5.631002898840820059e-02,5.166345081869781752e-02,5.138558948195205700e-02,2.332844414925683563e-01,2.454984125551191165e-01,2.351513727312302404e-01,2.345181633294423362e-01
7.900000000000000355e-01,2.741075407768882310e-02,5.224208059310431890e-02,6.777675999924799577e-02,5.264145018058805775e-02,1.303749326247126972e-01,-2.166488748064540702e-03,7.791498740181379556e-02,1.201914439450176980e-01,9.342087798508547092e-01,-3.812291264095017673e-02,1.083894976524057618e+01,5.092978516303348080e-02,5.641036669449821239e-02,5.175337718314471092e-02,5.147013924705430565e-02,2.334876691993187647e-01,2.457296087424646613e-01,2.353679773766532146e-01,2.347230281373523519e-01
7.924999999999999822e-01,2.738532515430043557e-02,5.226045121258194454e-02,6.776349920222436707e-02,5.258235920278563763e-02,1.304503689923824650e-01,-1.706276141114907146e-03,7.789195359901646132e-02,1.202333391852287714e-01,9.341137427915693348e-01,-3.790680805378225660e-02,1.084139510913461990e+01,5.101316684209412228e-02,5.651064000086142292e-02,5.184328900773128163e-02,5.155465816463609963e-02,2.336906097192208431e-01,2.459604235079117518e-01,2.355843259003946866e-01,2.349276178743295307e-01
7.950000000000000400e-01,2.735998573447638582e-02,5.227861186060352855e-02,6.775015978295290120e-02,5.252346469689393726e-02,1.305253005338748440e-01,-1.246647696921801985e-03,7.786884368838285775e-02,1.202743717633549536e-01,9.340192454448839054e-01,-3.769114230926986359e-02,1.084384371636473432e+01,5.109651174585584654e-02,5.661084875886147200e-02,5.193318631552312770e-02,5.163914633784839892e-02,2.338932636548163024e-01,2.461908572954822350e-01,2.358004188058604178e-01,2.351319332472448786e-01
7.974999999999999867e-01,2.733473523221718188e-02,5.229656201569111290e-02,6.773674204063102888e-02,5.246476829470867603e-02,1.305997301735962457e-01,-7.876040512637004411e-04,7.784565806226022289e-02,1.203145494995834369e-01,9.339252867155757309e-01,-3.747591390164260738e-02,1.084629557551096468e+01,5.117981991932974567e-02,5.671099282061251717e-02,5.202306912957929685e-02,5.172360386935572624e-02,2.340956316061896803e-01,2.464209105482997597e-01,2.360162565944207425e-01,2.353359749592609518e-01
8.000000000000000444e-01,2.730957306421897407e-02,5.231430116717342149e-02,6.772324627454680279e-02,5.240627160537512930e-02,1.306736608162593349e-01,-3.291458469492636861e-04,7.782239711289297424e-02,1.203538801541734898e-01,9.338318655121746747e-01,-3.726112133567001383e-02,1.084875067521980263e+01,5.126309140747416920e-02,5.681107203898096841e-02,5.211293747295194650e-02,5.180803086133703439e-02,2.342977141709848554e-01,2.466505837086060138e-01,2.362318397654241398e-01,2.355397437098557256e-01
8.024999999999999911e-01,2.728449864986134260e-02,5.233182881528225527e-02,6.770967278407187540e-02,5.234797621554687641e-02,1.307470953470241670e-01,1.287262665516492022e-04,7.779906123241560334e-02,1.203923714279026141e-01,9.337389807469337333e-01,-3.704676312656150772e-02,1.085120900420369061e+01,5.134632625519450905e-02,5.691108626758725059e-02,5.220279136868599679e-02,5.189242741548658056e-02,2.344995119444218679e-01,2.468798772177775991e-01,2.364471688162113061e-01,2.357432401948469647e-01
8.050000000000000488e-01,2.725951141119537305e-02,5.234914447124788123e-02,6.769602186865431026e-02,5.228988368954417404e-02,1.308200366316376040e-01,5.860116334725469847e-04,7.777565081284562587e-02,1.204300309625095378e-01,9.336466313358066094e-01,-3.683283779986788048e-02,1.085367055124055824e+01,5.142952450734301212e-02,5.701103536080745493e-02,5.229263083981878363e-02,5.197679363301480754e-02,2.347010255193127393e-01,2.471087915163418247e-01,2.366622442421280892e-01,2.359464651064158980e-01
8.074999999999999956e-01,2.723461077293148902e-02,5.236624765739297804e-02,6.768229382781164316e-02,5.223199556951079597e-02,1.308924875165721202e-01,1.042709592111553969e-03,7.775216624607679539e-02,1.204668663411323504e-01,9.335548161984196236e-01,-3.661934389138323670e-02,1.085613530517333913e+01,5.151268620871858606e-02,5.711091917377494886e-02,5.238245590937969792e-02,5.206112961464925276e-02,2.349022554860780987e-01,2.473373270439929994e-01,2.368770665365391992e-01,2.361494191331309778e-01
8.100000000000000533e-01,2.720979616242768379e-02,5.238313790722540220e-02,6.766848896112363787e-02,5.217431337557050519e-02,1.309644508291639142e-01,1.498819475188442824e-03,7.772860792387197015e-02,1.205028850887441549e-01,9.334635342580466233e-01,-3.640627994704837694e-02,1.085860325490951261e+01,5.159581140406660493e-02,5.721073756238196500e-02,5.247226660038985940e-02,5.214543546063546420e-02,2.351032024327630587e-01,2.475654842396078914e-01,2.370916361908414483e-01,2.363521029599716106e-01
8.125000000000000000e-01,2.718506700967751946e-02,5.239981476552952461e-02,6.765460756822551380e-02,5.211683860598271406e-02,1.310359293777493550e-01,1.954340610198456157e-03,7.770497623785641017e-02,1.205380946725841118e-01,9.333727844415843355e-01,-3.619364452285470796e-02,1.086107438942063652e+01,5.167890013807874966e-02,5.731049038328110690e-02,5.256206293586176970e-02,5.222971127073791631e-02,2.353038669450532305e-01,2.477932635412612994e-01,2.373059536944768788e-01,2.365545172683513608e-01
8.150000000000000577e-01,2.716042274729829967e-02,5.241627778845646402e-02,6.764064994880072956e-02,5.205957273729667351e-02,1.311069259518010954e-01,2.409272319761951355e-03,7.768127157951050521e-02,1.205725025025852493e-01,9.332825656795276092e-01,-3.598143618474917982e-02,1.086354869774189247e+01,5.176195245539280676e-02,5.741017749388682007e-02,5.265184493879896538e-02,5.231395714424095372e-02,2.355042496062903223e-01,2.480206653862411792e-01,2.375200195349456977e-01,2.367566627361411546e-01
8.175000000000000044e-01,2.713586281051932197e-02,5.243252654361275217e-02,6.762661640257418283e-02,5.200251722450542624e-02,1.311774433220625202e-01,2.863613921970014752e-03,7.765749434016346042e-02,1.206061159317981524e-01,9.331928769059427697e-01,-3.576965350854037495e-02,1.086602616897162044e+01,5.184496840059252265e-02,5.750979875237680061e-02,5.274161263219567103e-02,5.239817317994974188e-02,2.357043509974882933e-01,2.482476902110638539e-01,2.377338341978194325e-01,2.369585400376926221e-01
8.200000000000000622e-01,2.711138663717018935e-02,5.244856061014803450e-02,6.761250722930531309e-02,5.194567350119860816e-02,1.312474842406820552e-01,3.317364730727252308e-03,7.763364491098607989e-02,1.206389422568116265e-01,9.331037170584457474e-01,-3.555829507980510368e-02,1.086850679227089422e+01,5.192794801820741629e-02,5.760935401769336217e-02,5.283136603903648004e-02,5.248235947619122460e-02,2.359041716973483138e-01,2.484743384514884190e-01,2.379473981667536153e-01,2.371601498438606070e-01
8.225000000000000089e-01,2.708699366766895850e-02,5.246437957884091119e-02,6.759832272878121828e-02,5.188904297971419499e-02,1.313170514413456724e-01,3.770524056089779013e-03,7.760972368298416080e-02,1.206709887181691421e-01,9.330150850781752103e-01,-3.534735949379615855e-02,1.087099055686305249e+01,5.201089135271264041e-02,5.770884314954476124e-02,5.292110518229600075e-02,5.256651613081512325e-02,2.361037122822747525e-01,2.487006105425316749e-01,2.381607119235004677e-01,2.373614928220263709e-01
8.250000000000000666e-01,2.706268334501067685e-02,5.247998305218359860e-02,6.758406320080963259e-02,5.183262705128977021e-02,1.313861476394088956e-01,4.223091204599687017e-03,7.758573104699156842e-02,1.207022625007823785e-01,9.329269799097705818e-01,-3.513684535535101239e-02,1.087347745203326710e+01,5.209379844852881497e-02,5.780826600840643231e-02,5.301083008493851639e-02,5.265064324119489436e-02,2.363029733263901644e-01,2.489265069184819490e-01,2.383737759479215845e-01,2.375625696361198247e-01
8.275000000000000133e-01,2.703845511475581539e-02,5.249537064446556378e-02,6.756972894521241779e-02,5.177642708621235657e-02,1.314547755320282230e-01,4.675065479616171381e-03,7.756166739366382457e-02,1.207327707343402723e-01,9.328394005013471713e-01,-3.492675127880108532e-02,1.087596746712810969e+01,5.217666935002188144e-02,5.790762245552221604e-02,5.310054076991766597e-02,5.273474090422874960e-02,2.365019554015505565e-01,2.491520280129134735e-01,2.385865907180003687e-01,2.377633809466421499e-01
8.300000000000000711e-01,2.701430842501870502e-02,5.251054198185513971e-02,6.755532026181856886e-02,5.172044443396802554e-02,1.315229377982906900e-01,5.126446181642195857e-03,7.753753311347108546e-02,1.207625204937155944e-01,9.327523458044719717e-01,-3.471707588788226773e-02,1.087846059155511291e+01,5.225950410150295711e-02,5.800691235290551806e-02,5.319023726017610421e-02,5.281880921634065501e-02,2.367006590773605423e-01,2.493771742587001516e-01,2.387991567098545764e-01,2.379639274106880587e-01
8.325000000000000178e-01,2.699024272645608041e-02,5.252549670248012753e-02,6.754083745045753873e-02,5.166468042339000116e-02,1.315906370993429886e-01,5.577232608647880903e-03,7.751332859669170239e-02,1.207915187993671563e-01,9.326658147741422322e-01,-3.450781781564595668e-02,1.088095681478235299e+01,5.234230274722820320e-02,5.810613556334041224e-02,5.327991957864515460e-02,5.290284827348135793e-02,2.368990849211880800e-01,2.496019460880289365e-01,2.390114743977482525e-01,2.381642096819678867e-01
8.349999999999999645e-01,2.696625747225571412e-02,5.254023445650678886e-02,6.752628081095257695e-02,5.160913636280628491e-02,1.316578760785202806e-01,6.027424056389441703e-03,7.748905423340551879e-02,1.208197726177392545e-01,9.325798063687603667e-01,-3.429897570437120263e-02,1.088345612633801629e+01,5.242506533139867919e-02,5.820529195038269543e-02,5.336958774824450413e-02,5.298685817112942092e-02,2.370972334981796270e-01,2.498263439324134860e-01,2.392235442541043589e-01,2.383642284108295761e-01
8.375000000000000222e-01,2.694235211812513048e-02,5.255475490621747126e-02,6.751165064311390185e-02,5.155381354018623991e-02,1.317246573614730409e-01,6.477019818724978964e-03,7.746471041348713948e-02,1.208472888616570623e-01,9.324943195501106397e-01,-3.409054820547761933e-02,1.088595851580999074e+01,5.250779189816021791e-02,5.830438137836090745e-02,5.345924179188184244e-02,5.307083900429226259e-02,2.372951053712747116e-01,2.500503682227073199e-01,2.394353667495166260e-01,2.385639842442807690e-01
8.399999999999999689e-01,2.691852612228018762e-02,5.256905772608678334e-02,6.749694724673224733e-02,5.149871322328617579e-02,1.317909835562932619e-01,6.926019187926146271e-03,7.744029752659963017e-02,1.208740743907190940e-01,9.324093532833390707e-01,-3.388253397943905704e-02,1.088846397284543421e+01,5.259048249160330757e-02,5.840340371237726785e-02,5.354888173245255650e-02,5.315479086750721921e-02,2.374927011012203382e-01,2.502740193891163645e-01,2.396469423527614329e-01,2.387634778260099844e-01
8.425000000000000266e-01,2.689477894543404121e-02,5.258314260285604225e-02,6.748217092157214603e-02,5.144383665979424675e-02,1.318568572536406303e-01,7.374421454985643706e-03,7.741581596218773120e-02,1.209001360116858798e-01,9.323249065369282329e-01,-3.367493169569821948e-02,1.089097248715037836e+01,5.267313715576295990e-02,5.850235881830859186e-02,5.363850759283940450e-02,5.323871385484259949e-02,2.376900212465858087e-01,2.504972978612121093e-01,2.398582715308099078e-01,2.389627097964086011e-01
8.449999999999999734e-01,2.687111005078587911e-02,5.259700923560660379e-02,6.746732196736525411e-02,5.138918507747446129e-02,1.319222810268665114e-01,7.822225909921759826e-03,7.739126610947150153e-02,1.209254804788657267e-01,9.322409782826769353e-01,-3.346774003258209257e-02,1.089348404848931651e+01,5.275575593461859919e-02,5.860124656280715078e-02,5.372811939591216890e-02,5.332260805989877395e-02,2.378870663637767391e-01,2.507202040679438193e-01,2.400693547488394475e-01,2.391616807925919796e-01
8.475000000000000311e-01,2.684751890400982610e-02,5.261065733583139559e-02,6.745240068380389808e-02,5.133475968430946390e-02,1.319872574321380165e-01,8.269431842078001776e-03,7.736664835743971291e-02,1.209501144944967743e-01,9.321575674956760205e-01,-3.326095767721808788e-02,1.089599864668479867e+01,5.283833887209395119e-02,5.870006681330145609e-02,5.381771716452734416e-02,5.340647357580925736e-02,2.380838370070497423e-01,2.509427384376509140e-01,2.402801924702457070e-01,2.393603914484209172e-01
8.499999999999999778e-01,2.682400497324395269e-02,5.262408662750497207e-02,6.743740737053464940e-02,5.128056166864294885e-02,1.320517890085608492e-01,8.716038540419678363e-03,7.734196309484350773e-02,1.209740447091257470e-01,9.320746731542879360e-01,-3.305458332545115063e-02,1.089851627161703007e+01,5.292088601205693910e-02,5.879881943799702970e-02,5.390730092152782454e-02,5.349031049524180514e-02,2.382803337285261946e-01,2.511649013980750134e-01,2.404907851566540078e-01,2.395588423945226586e-01
8.525000000000000355e-01,2.680056772907925960e-02,5.263729684715229978e-02,6.742234232715160758e-02,5.122659219932073488e-02,1.321158782783012076e-01,9.162045293826295497e-03,7.731721071018987645e-02,1.209972777219839868e-01,9.319922942401255295e-01,-3.284861568176148522e-02,1.090103691322349277e+01,5.300339739831957941e-02,5.889750430587711166e-02,5.399687068974257098e-02,5.357411891039951662e-02,2.384765570782063637e-01,2.513866933763716505e-01,2.407011332679306337e-01,2.397570342583117409e-01
8.549999999999999822e-01,2.677720664454875943e-02,5.265028774391543320e-02,6.740720585319008584e-02,5.117285242583109739e-02,1.321795277467069096e-01,9.607451391380375516e-03,7.729239159173534324e-02,1.210198200813594194e-01,9.319104297380285118e-01,-3.264305345918323831e-02,1.090356056149852115e+01,5.308587307463787097e-02,5.899612128670329164e-02,5.408642649198627805e-02,5.365789891302195913e-02,2.386725076039835358e-01,2.516081147991223732e-01,2.409112372621946552e-01,2.399549676640109486e-01
8.575000000000000400e-01,2.675392119511670400e-02,5.266305907961935096e-02,6.739199824812014405e-02,5.111934347844462184e-02,1.322427399024277417e-01,1.005225612265215132e-02,7.726750612747954050e-02,1.210416782849660505e-01,9.318290786360442501e-01,-3.243789537922391747e-02,1.090608720649294305e+01,5.316831308471171857e-02,5.909467025101613341e-02,5.417596835105907560e-02,5.374165059438629904e-02,2.388681858516574774e-01,2.518291660923455688e-01,2.411210975958287817e-01,2.401526432326719918e-01
8.599999999999999867e-01,2.673071085866761398e-02,5.267561062883553691e-02,6.737671981134017718e-02,5.106606646835212121e-02,1.323055172175348626e-01,1.049645877798052740e-02,7.724255470515892230e-02,1.210628587803096734e-01,9.317482399254057857e-01,-3.223314017178460084e-02,1.090861683831369255e+01,5.325071747218484280e-02,5.919315107013571609e-02,5.426549628974620954e-02,5.382537404530841896e-02,2.390635923649484518e-01,2.520498476815080657e-01,2.413307147234908523e-01,2.403500615821959341e-01
8.625000000000000444e-01,2.670757511549575955e-02,5.268794217894436777e-02,6.736137084217055926e-02,5.101302248780305304e-02,1.323678621476395145e-01,1.094005864875019496e-02,7.721753771224035279e-02,1.210833679650507727e-01,9.316679126005101841e-01,-3.202878657508077820e-02,1.091114944712341384e+01,5.333308628064466900e-02,5.929156361616214760e-02,5.435501033081770877e-02,5.390906935614409728e-02,2.392587276855107081e-01,2.522701599915360693e-01,2.415400890981248549e-01,2.405472233273537874e-01
8.649999999999999911e-01,2.668451344829431138e-02,5.270005353019604349e-02,6.734595163984720412e-02,5.096021261024184096e-02,1.324297771320104844e-01,1.138305502766533313e-02,7.719245553591490283e-02,1.211032121873643619e-01,9.315880956588994399e-01,-3.182483333556420518e-02,1.091368502314009881e+01,5.341541955362227867e-02,5.938990776197600879e-02,5.444451049702808687e-02,5.399273661679013236e-02,2.394535923529458876e-01,2.524901034468260419e-01,2.417492211709718897e-01,2.407441290798065237e-01
8.675000000000000488e-01,2.666152534214480396e-02,5.271194449576924873e-02,6.733046250351544526e-02,5.090763789044398802e-02,1.324912645936913991e-01,1.182544720901838528e-02,7.716730856309157727e-02,1.211223977462964480e-01,9.315087881012391602e-01,-3.162127920784534030e-02,1.091622355663670518e+01,5.349771733459230544e-02,5.948818338123876975e-02,5.453399681111602282e-02,5.407637591668552207e-02,2.396481869048164293e-01,2.527096784712551947e-01,2.419581113915810489e-01,2.409407794481253640e-01
8.699999999999999956e-01,2.663861028450657809e-02,5.272361490182902316e-02,6.731490373222356882e-02,5.085529936465126716e-02,1.325523269396164661e-01,1.226723448895642929e-02,7.714209718039115316e-02,1.211409308921175959e-01,9.314299889312985803e-01,-3.141812295461657301e-02,1.091876503794079767e+01,5.357997966697287950e-02,5.958639034839313675e-02,5.462346929580404187e-02,5.415998734481264343e-02,2.398425118766588926e-01,2.529288854881918680e-01,2.421667602078202697e-01,2.411371750378116519e-01
8.725000000000000533e-01,2.661576776520631002e-02,5.273506458758258492e-02,6.729927562491667958e-02,5.080319805070563494e-02,1.326129665607260200e-01,1.270841616574277556e-02,7.711682177413990702e-02,1.211588178266731763e-01,9.313516971559288038e-01,-3.121536334657622896e-02,1.092130945743417492e+01,5.366220659412554439e-02,5.968452853866336449e-02,5.471292797379821021e-02,5.424357098969843222e-02,2.400365678019973081e-01,2.531477249205062452e-01,2.423751680658873808e-01,2.413333164513170315e-01
8.750000000000000000e-01,2.659299727642753727e-02,5.274629340533322497e-02,6.728357848043037270e-02,5.075133494818276358e-02,1.326731858320810975e-01,1.314899154001471573e-02,7.709148273036343924e-02,1.211760647037310457e-01,9.312739117850460380e-01,-3.101299916235327261e-02,1.092385680555250183e+01,5.374439815935519449e-02,5.978259782805551287e-02,5.480237286778783662e-02,5.432712693941557647e-02,2.402303552123557784e-01,2.533661971905796229e-01,2.425833354103201778e-01,2.415292042880626544e-01
8.775000000000000577e-01,2.657029831270030923e-02,5.275730122053339660e-02,6.726781259748458586e-02,5.069971103852434491e-02,1.327329871129767636e-01,1.358895991503859119e-02,7.706608043478045678e-02,1.211926776293259095e-01,9.311966318316088342e-01,-3.081102918843275917e-02,1.092640707278496670e+01,5.382655440591000567e-02,5.988059809335766204e-02,5.489180400044514629e-02,5.441065528158370301e-02,2.404238746372719115e-01,2.535843027203149025e-01,2.427912626840073862e-01,2.417248391444591915e-01
8.800000000000000044e-01,2.654767037089089676e-02,5.276808791183512648e-02,6.725197827467743750e-02,5.064832728516961702e-02,1.327923727470552706e-01,1.402832059695897741e-02,7.704061527279687516e-02,1.212086626621007857e-01,9.311198563116001026e-01,-3.060945221908199093e-02,1.092896024967391178e+01,5.390867537698138673e-02,5.997852921214007205e-02,5.498122139442498252e-02,5.449415610337061955e-02,2.406171266043094503e-01,2.538020419311458609e-01,2.429989503281991259e-01,2.419202216139261508e-01
8.825000000000000622e-01,2.652511295019151227e-02,5.277865337113966937e-02,6.723607581047913451e-02,5.059718463368620411e-02,1.328513450624180248e-01,1.446707289504666101e-02,7.701508762949957343e-02,1.212240258136455251e-01,9.310435842440082377e-01,-3.040826705627747151e-02,1.093151632681449037e+01,5.399076111570392383e-02,6.007639106275528690e-02,5.507062507236450827e-02,5.457762949149350812e-02,2.408101116390710117e-01,2.540194152440467534e-01,2.432063987825169860e-01,2.421153522869111119e-01
8.850000000000000089e-01,2.650262555211017543e-02,5.278899750364494242e-02,6.722010550322576883e-02,5.054628401189980441e-02,1.329099063717371632e-01,1.490521612193999867e-02,7.698949788965034347e-02,1.212387730488325155e-01,9.309678146508055807e-01,-3.020747250963243258e-02,1.093407529485430452e+01,5.407281166515531118e-02,6.017418352433821782e-02,5.516001505688288703e-02,5.466107553222016024e-02,2.410028302652109933e-01,2.542364230795416957e-01,2.434136084849647941e-01,2.423102317509092385e-01
8.875000000000000666e-01,2.648020768046053727e-02,5.279912022789141901e-02,6.720406765111332226e-02,5.049562633002312867e-02,1.329680589723656603e-01,1.534274959388561704e-02,7.696384643767996414e-02,1.212529102861490821e-01,9.308925465569324320e-01,-3.000706739632515857e-02,1.093663714449308699e+01,5.415482706835632321e-02,6.027190647680615021e-02,5.524939137058098443e-02,5.474449431137021205e-02,2.411952830044477858e-01,2.544530658577134896e-01,2.436205798719382754e-01,2.425048605904818744e-01
8.900000000000000133e-01,2.645785884135175639e-02,5.280902147580641970e-02,6.718796255219153246e-02,5.044521248078392972e-02,1.330258051464471847e-01,1.577967263097215453e-02,7.693813365768203960e-02,1.212664433980277651e-01,9.308177789902758459e-01,-2.980705054102806770e-02,1.093920186648232473e+01,5.423680736827075910e-02,6.036955980085870893e-02,5.533875403604108373e-02,5.482788591431639325e-02,2.413874703765765406e-01,2.546693439982127272e-01,2.438273133782357660e-01,2.426992393872760279e-01
8.925000000000000711e-01,2.643557854317874975e-02,5.281870119274669623e-02,6.717179050435798104e-02,5.039504333955250465e-02,1.330831471610255667e-01,1.621598455736245753e-02,7.691235993340711508e-02,1.212793782111731139e-01,9.307435109816525332e-01,-2.960742077583727178e-02,1.094176945162495329e+01,5.431875260780539422e-02,6.046714337797780975e-02,5.542810307582656665e-02,5.491125042598577616e-02,2.415793928994813544e-01,2.548852579202665058e-01,2.440338094370677335e-01,2.428933687200428015e-01
8.950000000000000178e-01,2.641336629661190580e-02,5.282815933753908649e-02,6.715555180535201507e-02,5.034511976446773979e-02,1.331400872681524350e-01,1.665168470152155605e-02,7.688652564825688984e-02,1.212917205068860388e-01,9.306697415647888771e-01,-2.940817694020309014e-02,1.094433989077499803e+01,5.440066282980995233e-02,6.056465709042750667e-02,5.551743851248162193e-02,5.499458793086103858e-02,2.417710510891477316e-01,2.551008080426868108e-01,2.442400684800671573e-01,2.430872491646563216e-01
8.974999999999999645e-01,2.639122161458747756e-02,5.283739588251985808e-02,6.713924675274876575e-02,5.029544259656276717e-02,1.331966277049948799e-01,1.708677239644023488e-02,7.686063118527790283e-02,1.213034760213851648e-01,9.305964697763048354e-01,-2.920931788086096256e-02,1.094691317483724724e+01,5.448253807707705704e-02,6.066210082125383235e-02,5.560676036853095389e-02,5.507789851298172668e-02,2.419624454596743524e-01,2.553159947838791743e-01,2.444460909372990765e-01,2.432808812941321397e-01
9.000000000000000222e-01,2.636914401229756635e-02,5.284641081357202563e-02,6.712287564395333361e-02,5.024601265988960785e-02,1.332527706939424794e-01,1.752124697985508670e-02,7.683467692715603703e-02,1.213146504461254244e-01,9.305236946556931787e-01,-2.901084245176337520e-02,1.094948929476694310e+01,5.456437839234221793e-02,6.075947445428458993e-02,5.569606866647947019e-02,5.516118225594553864e-02,2.421535765232857851e-01,2.555308185618505590e-01,2.446518772372706096e-01,2.434742656786458848e-01
9.024999999999999689e-01,2.634713300718051834e-02,5.285520413016108615e-02,6.710643877619472397e-02,5.019683076164287855e-02,1.333085184427125758e-01,1.795510779446543928e-02,7.680866325621039936e-02,1.213252494281142901e-01,9.304514152453033926e-01,-2.881274951401205375e-02,1.095206824156941572e+01,5.464618381828378196e-02,6.085677787412908241e-02,5.578536342881201815e-02,5.524443924290960151e-02,2.423444447903438936e-01,2.557452797942176281e-01,2.448574278069406696e-01,2.436674028855514984e-01
9.050000000000000266e-01,2.632518811891110602e-02,5.286377584536900570e-02,6.708993644652018473e-02,5.014789769228290145e-02,1.333638731444562742e-01,1.838835418814599096e-02,7.678259055438772795e-02,1.213352785702246639e-01,9.303796305903236918e-01,-2.861503793579114191e-02,1.095465000629980601e+01,5.472795439752292657e-02,6.095401096617781428e-02,5.587464467799305862e-02,5.532766955659176866e-02,2.425350507693600499e-01,2.559593788982144069e-01,2.450627430717293442e-01,2.438602934793993593e-01
9.074999999999999734e-01,2.630330886939092130e-02,5.287212598592634649e-02,6.707336895178905856e-02,5.009921422565771082e-02,1.334188369778625260e-01,1.882098551415549784e-02,7.675645920325631366e-02,1.213447434315057388e-01,9.303083397387623688e-01,-2.841770659230090021e-02,1.095723458006271400e+01,5.480969017262360410e-02,6.105117361660212377e-02,5.596391243646640229e-02,5.541087327927191747e-02,2.427253949670068744e-01,2.561731162907001647e-01,2.452678234555278891e-01,2.440529380219546574e-01
9.100000000000000311e-01,2.628149478273883108e-02,5.288025459224308944e-02,6.705673658866730114e-02,5.005078111912431710e-02,1.334734121072621571e-01,1.925300113134274446e-02,7.673026958400039343e-02,1.213536495274909477e-01,9.302375417414314729e-01,-2.822075436569199819e-02,1.095982195401188974e+01,5.489139118609255574e-02,6.114826571235380120e-02,5.605316672665490441e-02,5.549405049279325375e-02,2.429154778881297827e-01,2.563864923881665203e-01,2.454726693807077476e-01,2.442453370722150463e-01
9.124999999999999778e-01,2.625974538528133215e-02,5.288816171843702812e-02,6.704003965362138884e-02,5.000259911366920079e-02,1.335276006827301465e-01,1.968440040434756705e-02,7.670402207741439105e-02,1.213620023305028162e-01,9.301672356519290474e-01,-2.802418014500055940e-02,1.096241211934993132e+01,5.497305748037928375e-02,6.124528714116463796e-02,5.614240757096018025e-02,5.557720127856363018e-02,2.431053000357589200e-01,2.565995076067453806e-01,2.456772812681303486e-01,2.444374911864286848e-01
9.150000000000000355e-01,2.623806020554329821e-02,5.289584743236125375e-02,6.702327844291290637e-02,4.995466893402793207e-02,1.335814048401894605e-01,2.011518270379926421e-02,7.667771706389725495e-02,1.213698072699562758e-01,9.300974205266218098e-01,-2.782798282608383439e-02,1.096500506732795976e+01,5.505468909787601672e-02,6.134223779154593381e-02,5.623163499176231372e-02,5.566032571755686470e-02,2.432948619111203470e-01,2.568121623622155458e-01,2.458816595371560998e-01,2.446294009181120277e-01
9.174999999999999822e-01,2.621643877423830357e-02,5.290331181562898943e-02,6.700645325259239893e-02,4.990699128880381197e-02,1.336348267015109170e-01,2.054534740651052169e-02,7.665135492344651857e-02,1.213770697326583131e-01,9.300280954246286091e-01,-2.763216131155636981e-02,1.096760078924532422e+01,5.513628608091772354e-02,6.143911755278798348e-02,5.632084901141958672e-02,5.574342389031407274e-02,2.434841640136477525e-01,2.570244570700101483e-01,2.460858046056539072e-01,2.448210668180673399e-01
9.200000000000000400e-01,2.619488062425948116e-02,5.291055496363754329e-02,6.698956437849397372e-02,4.985956687058592379e-02,1.336878683746154928e-01,2.097489389566844706e-02,7.662493603565292966e-02,1.213837950631057871e-01,9.299592594078032182e-01,-2.743671451072699635e-02,1.097019927644927861e+01,5.521784847178209249e-02,6.153592631495947984e-02,5.641004965226818074e-02,5.582649587694499954e-02,2.436732068409936391e-01,2.572363921452232582e-01,2.462897168900102240e-01,2.450124894344002935e-01
9.224999999999999867e-01,2.617338529067010991e-02,5.291757698558988837e-02,6.697261211622954069e-02,4.981239635606615757e-02,1.337405319535734938e-01,2.140382156102111494e-02,7.659846077969473255e-02,1.213899885637803461e-01,9.298909115407170134e-01,-2.724164133953620517e-02,1.097280052033470632e+01,5.529937631268951742e-02,6.163266396890690335e-02,5.649923693662190632e-02,5.590954175712935931e-02,2.438619908890407029e-01,2.574479680026166561e-01,2.464933968051382929e-01,2.452036693125374811e-01
9.250000000000000444e-01,2.615195231069450052e-02,5.292437800451479935e-02,6.695559676118323367e-02,4.976548040615577650e-02,1.337928195187049474e-01,2.183212979906149626e-02,7.657192953433193672e-02,1.213956554954408323e-01,9.298230508906453196e-01,-2.704694072049436751e-02,1.097540451234379688e+01,5.538086964580311161e-02,6.172933040625386281e-02,5.658841088677190462e-02,5.599256161011818833e-02,2.440505166519127966e-01,2.576591850566263275e-01,2.466968447644867224e-01,2.453946069952432363e-01
9.274999999999999911e-01,2.613058122370863490e-02,5.293095815728510872e-02,6.693851860850560942e-02,4.971881966610047776e-02,1.338447331366778570e-01,2.225981801320643660e-02,7.654534267790087665e-02,1.214008010774139668e-01,9.297556765275473145e-01,-2.685261158262045034e-02,1.097801124396576000e+01,5.546232851322869389e-02,6.182592551940038067e-02,5.667757152498639067e-02,5.607555551473520500e-02,2.442387846219862824e-01,2.578700437213689023e-01,2.469000611800490907e-01,2.455853030226374523e-01
9.300000000000000488e-01,2.610927157123125661e-02,5.293731759463431857e-02,6.692137795310829085e-02,4.967241476559548091e-02,1.338962748606062902e-01,2.268688561397369172e-02,7.651870058830859134e-02,1.214054304878809942e-01,9.296887875240521515e-01,-2.665865286138131146e-02,1.098062070673653778e+01,5.554375295701478171e-02,6.192244920152215754e-02,5.676671887351035506e-02,5.615852354937816981e-02,2.444267952899008001e-01,2.580805444106478719e-01,2.471030464623723277e-01,2.457757579322122632e-01
9.324999999999999956e-01,2.608802289691458318e-02,5.294345648117138037e-02,6.690417508965829096e-02,4.962626631889906909e-02,1.339474467301479954e-01,2.311333201915359223e-02,7.649200364302745359e-02,1.214095488641638160e-01,9.296223829554419726e-01,-2.646506349863157054e-02,1.098323289223850097e+01,5.562514301915261888e-02,6.201890134656977416e-02,5.685585295456530713e-02,5.624146579202025931e-02,2.446145491445704534e-01,2.582906875379596401e-01,2.473058010205659019e-01,2.459659722588491693e-01
9.350000000000000533e-01,2.606683474653548327e-02,5.294937499539361520e-02,6.688691031257253117e-02,4.958037492494592885e-02,1.339982507716012960e-01,2.353915665397883494e-02,7.646525221908942460e-02,1.214131613030071388e-01,9.295564618996368100e-01,-2.627184244255421561e-02,1.098584779210017182e+01,5.570649874157615478e-02,6.211528184926785184e-02,5.694497379034897666e-02,5.632438232021142605e-02,2.448020466731943567e-01,2.585004735164994627e-01,2.475083252623101193e-01,2.461559465348356901e-01
9.375000000000000000e-01,2.604570666798641798e-02,5.295507332969806580e-02,6.686958391601222074e-02,4.953474116745915090e-02,1.340486889980009033e-01,2.396435895128935442e-02,7.643844669308086370e-02,1.214162728608590147e-01,9.294910234371783764e-01,-2.607898864760160862e-02,1.098846539799593280e+01,5.578782016616206513e-02,6.221159060511419203e-02,5.703408140303506402e-02,5.640727321107979336e-02,2.449892883612674321e-01,2.587099027591671097e-01,2.477106195938651445e-01,2.463456812898822956e-01
9.400000000000000577e-01,2.602463821126660415e-02,5.296055169039111388e-02,6.685219619387765266e-02,4.948936561506207810e-02,1.340987634092133396e-01,2.438893835169467575e-02,7.641158744113688006e-02,1.214188885541493540e-01,9.294260666512140778e-01,-2.588650107443720566e-02,1.099108570164574950e+01,5.586910733472976592e-02,6.230782751037885342e-02,5.712317581477295569e-02,5.649013854133305701e-02,2.451762746925913172e-01,2.589189756785727492e-01,2.479126844200795488e-01,2.465351770511390594e-01
9.425000000000000044e-01,2.600362892847312216e-02,5.296581029769605736e-02,6.683474743980259702e-02,4.944424882138843264e-02,1.341484759920318626e-01,2.481289430373179519e-02,7.638467483893619792e-02,1.214210133595648861e-01,9.293615906274824701e-01,-2.569437868987777332e-02,1.099370869481487567e+01,5.595036028904142728e-02,6.240399246210320133e-02,5.721225704768744674e-02,5.657297838725985212e-02,2.453630061492846348e-01,2.591276926870421105e-01,2.481145201443986648e-01,2.467244343432120068e-01
9.450000000000000622e-01,2.598267837379207232e-02,5.297084938575923052e-02,6.681723794714884701e-02,4.939939132519271386e-02,1.341978287202703624e-01,2.523622626402030264e-02,7.635770926169543893e-02,1.214226522143230513e-01,9.292975944542970490e-01,-2.550262046683618444e-02,1.099633436931360642e+01,5.603157907080197342e-02,6.250008535809889465e-02,5.730132512387849097e-02,5.665579282473117567e-02,2.455494832117937065e-01,2.593360541966221455e-01,2.483161271688732186e-01,2.469134536881797126e-01
9.475000000000000089e-01,2.596178610349001922e-02,5.297566920265410484e-02,6.679966800900098700e-02,4.935479365045916667e-02,1.342468235548568700e-01,2.565893369741391317e-02,7.633069108416408455e-02,1.214238100164430623e-01,9.292340772225315959e-01,-2.531122538426481411e-02,1.099896271699697081e+01,5.611276372165911741e-02,6.259610609694686578e-02,5.739038006542091647e-02,5.673858192920178817e-02,2.457357063589028501e-01,2.595440606190859145e-01,2.485175058941676285e-01,2.471022356056096492e-01
9.500000000000000666e-01,2.594095167590510648e-02,5.298027001038406458e-02,6.678203791816093859e-02,4.931045630651007677e-02,1.342954624439265388e-01,2.608101607714822384e-02,7.630362068061902203e-02,1.214244916250148132e-01,9.291710380256048563e-01,-2.512019242709947336e-02,1.100159372976447258e+01,5.619391428320336807e-02,6.269205457799623127e-02,5.747942189436416882e-02,5.682134577571162914e-02,2.459216760677447877e-01,2.597517123659378591e-01,2.487186567195684428e-01,2.472907806125742014e-01
9.525000000000000133e-01,2.592017465143853922e-02,5.298465208488269129e-02,6.676434796714264541e-02,4.926637978811325425e-02,1.343437473229131263e-01,2.650247288498517109e-02,7.627649842485927090e-02,1.214247018604652506e-01,9.291084759594658848e-01,-2.492952058620383562e-02,1.100422739955982010e+01,5.627503079696805077e-02,6.278793070136319543e-02,5.756845063273204055e-02,5.690408443888722578e-02,2.461073928138108602e-01,2.599590098484187428e-01,2.489195800429924721e-01,2.474790892236669593e-01
9.550000000000000711e-01,2.589945459254602497e-02,5.298881571601320867e-02,6.674659844816696608e-02,4.922256457558906589e-02,1.343916801146413098e-01,2.692330361135405331e-02,7.624932469020076486e-02,1.214244455048234250e-01,9.290463901225795018e-01,-2.473920885831452227e-02,1.100686371837066702e+01,5.635611330442934913e-02,6.288373436792987770e-02,5.765746630252240740e-02,5.698679799294312925e-02,2.462928570709612131e-01,2.601659534775101479e-01,2.491202762609949495e-01,2.476671619510186773e-01
9.575000000000000178e-01,2.587879106372917293e-02,5.299276120756534619e-02,6.672878965315613697e-02,4.917901113491631587e-02,1.344392627294168641e-01,2.734350775548920198e-02,7.622209984947114769e-02,1.214237273019818097e-01,9.289847796159115267e-01,-2.454925624598664619e-02,1.100950267822832984e+01,5.643716184700631189e-02,6.297946547934311912e-02,5.774646892570697854e-02,5.706948651168334413e-02,2.464780693114348442e-01,2.603725436639394153e-01,2.493207457687777462e-01,2.478549993043131505e-01
9.599999999999999645e-01,2.585818363152704580e-02,5.299648887725116886e-02,6.671092187372879012e-02,4.913571991783744625e-02,1.344864970651172831e-01,2.776308482556442622e-02,7.619482427500456900e-02,1.214225519579569673e-01,9.289236435429133465e-01,-2.435966175753986537e-02,1.101214427120754280e+01,5.651817646606088763e-02,6.307512393801326112e-02,5.783545852423101902e-02,5.715215006850276475e-02,2.466630300058598457e-01,2.605787808181841414e-01,2.495209889601975317e-01,2.480426017908031466e-01
9.625000000000000222e-01,2.583763186450775337e-02,5.299999905669831868e-02,6.669299540119467962e-02,4.909269136196334898e-02,1.345333850072811255e-01,2.818203433882311010e-02,7.616749833863653563e-02,1.214209241411475515e-01,9.288629810095091477e-01,-2.417042440700514078e-02,1.101478848942618427e+01,5.659915720289795255e-02,6.317070964711284098e-02,5.792443512001310690e-02,5.723478873638861847e-02,2.468477396232630905e-01,2.607846653504762857e-01,2.497210062277735731e-01,2.482299699153259487e-01
9.649999999999999689e-01,2.581713533326009113e-02,5.300329209144255538e-02,6.667501052654947746e-02,4.904992589087685262e-02,1.345799284291971099e-01,2.860035582170668972e-02,7.614012241169873518e-02,1.214188484825896308e-01,9.288027911240807066e-01,-2.398154321407171968e-02,1.101743532504502099e+01,5.668010409876533817e-02,6.326622251057535673e-02,5.801339873494486266e-02,5.731740258792190207e-02,2.470321986310801132e-01,2.609901976708068339e-01,2.499207979626957288e-01,2.484171041803191482e-01
9.675000000000000266e-01,2.579669361038518238e-02,5.300636834091765337e-02,6.665696754046965267e-02,4.900742391423591748e-02,1.346261291919922942e-01,2.901804880997823147e-02,7.611269686501397069e-02,1.214163295762109573e-01,9.287430729974530674e-01,-2.379301720403496218e-02,1.102008477026746647e+01,5.676101719485387304e-02,6.336166243309382384e-02,5.810234939089069933e-02,5.739999169527885969e-02,2.472164074951652135e-01,2.611953781889295723e-01,2.501203645548324417e-01,2.486040050858361050e-01
9.699999999999999734e-01,2.577630627048825909e-02,5.300922817844405666e-02,6.663886673330746135e-02,4.896518582787594970e-02,1.346719891447201722e-01,2.943511284884339427e-02,7.608522206889112294e-02,1.214133719790818772e-01,9.286838257428824406e-01,-2.360484540774446943e-02,1.102273681733930744e+01,5.684189653229741734e-02,6.345702932011949848e-02,5.819128710968757973e-02,5.748255613023241922e-02,2.474003666798006429e-01,2.614002073143651961e-01,2.503197063927383170e-01,2.487906731295611296e-01
9.725000000000000311e-01,2.575597289017039077e-02,5.301187199121564636e-02,6.662070839508578424e-02,4.892321201391132413e-02,1.347175101244471040e-01,2.985154749306792935e-02,7.605769839312012670e-02,1.214099802116656301e-01,9.286250484760394386e-01,-2.341702686155279142e-02,1.102539145854846581e+01,5.692274215217288380e-02,6.355232307786036483e-02,5.828021191314473187e-02,5.756509596415365637e-02,2.475840766477068189e-01,2.616046854564053059e-01,2.505188238636620324e-01,2.489771088068252758e-01
9.749999999999999778e-01,2.573569304802033123e-02,5.301430018028475272e-02,6.660249281549300571e-02,4.888150284083618569e-02,1.347626939563394965e-01,3.026735230709210259e-02,7.603012620696684987e-02,1.214061587580652912e-01,9.285667403149983068e-01,-2.322956060726465155e-02,1.102804868622474466e+01,5.700355409550030006e-02,6.364754361327974730e-02,5.836912382304343394e-02,5.764761126801328656e-02,2.477675378600514289e-01,2.618088130241159051e-01,2.507177173535539705e-01,2.491633126106211071e-01
9.775000000000000355e-01,2.571546632460640358e-02,5.301651316054565438e-02,6.658422028387835090e-02,4.884005866362465392e-02,1.348075424537494016e-01,3.068252686514169603e-02,7.600250587916836109e-02,1.214019120662695461e-01,9.285089003802209362e-01,-2.304244569208666743e-02,1.103070849273959020e+01,5.708433240324282953e-02,6.374269083409478398e-02,5.845802286113674362e-02,5.773010211238312206e-02,2.479507507764592278e-01,2.620125904263412853e-01,2.509163872470739354e-01,2.493492850316181564e-01
9.799999999999999822e-01,2.569529230246844070e-02,5.301851136071604464e-02,6.656589108924648723e-02,4.879887982383015327e-02,1.348520574182997811e-01,3.109707075133568560e-02,7.597483777792765625e-02,1.213972445483962881e-01,9.284515277945450951e-01,-2.285568116857750881e-02,1.103337087050582888e+01,5.716507711630681998e-02,6.383776464877492784e-02,5.854690904914925526e-02,5.781256856743754308e-02,2.481337158550213084e-01,2.622160180717074129e-01,2.511148339275985353e-01,2.495350265581778026e-01
9.825000000000000400e-01,2.567517056610967713e-02,5.302029522331700578e-02,6.654750552025287536e-02,4.875796664968419514e-02,1.348962406399693004e-01,3.151098355979091437e-02,7.594712227090912038e-02,1.213921605809339666e-01,9.283946216831701070e-01,-2.266926609459868000e-02,1.103603581197744887e+01,5.724578827554185206e-02,6.393276496654036467e-02,5.863578240877685699e-02,5.789501070295500346e-02,2.483164335523045108e-01,2.624190963686254263e-01,2.513130577772288432e-01,2.497205376763682871e-01
9.849999999999999867e-01,2.565510070198887688e-02,5.302186520465124869e-02,6.652906386519866211e-02,4.871731945619432735e-02,1.349400938971762332e-01,3.192426489472364320e-02,7.591935972523329579e-02,1.213866645049813259e-01,9.283381811736447498e-01,-2.248319953326562495e-02,1.103870330964933721e+01,5.732646592174078098e-02,6.402769169736044486e-02,5.872464296168647402e-02,5.797742858831951562e-02,2.484989043233606365e-01,2.626218257252945776e-01,2.515110591767976689e-01,2.499058188699794236e-01
9.875000000000000444e-01,2.563508229851231557e-02,5.302322177477969412e-02,6.651056641202593434e-02,4.867693854524127867e-02,1.349836189568625333e-01,3.233691437054762863e-02,7.589155050747230236e-02,1.213807606264847988e-01,9.282822053958532660e-01,-2.229748055289950542e-02,1.104137335605706127e+01,5.740711009563977119e-02,6.412254475195201808e-02,5.881349072951582574e-02,5.805982229252212856e-02,2.486811286217356087e-01,2.628242065497056745e-01,2.517088385058771083e-01,2.500908706205375309e-01
9.899999999999999911e-01,2.561511494602594641e-02,5.302436541749613180e-02,6.649201344831286165e-02,4.863682420567578407e-02,1.350268175745760191e-01,3.274893161196916480e-02,7.586369498364492481e-02,1.213744532164748313e-01,9.282266934820018189e-01,-2.211210822697918729e-02,1.104404594377662185e+01,5.748772083791837267e-02,6.421732404177782350e-02,5.890232573387320369e-02,5.814219188416244050e-02,2.488631068994789641e-01,2.630262392496444113e-01,2.519063961427858711e-01,2.502756934073201434e-01
9.925000000000000488e-01,2.559519823680752454e-02,5.302529663030048496e-02,6.647340526126882532e-02,4.859697671341424441e-02,1.350696914945533900e-01,3.316031625407941247e-02,7.583579351921186651e-02,1.213677465112990572e-01,9.281716445666076121e-01,-2.192708163409399710e-02,1.104672106542421872e+01,5.756829818919953490e-02,6.431202947904476885e-02,5.899114799633721484e-02,5.822453743145010463e-02,2.490448396071523185e-01,2.632279242326936441e-01,2.521037324645963862e-01,2.504602877073702771e-01
9.949999999999999956e-01,2.557533176505880773e-02,5.302601592437027056e-02,6.645474213772953331e-02,4.855739633153435125e-02,1.351122424498016339e-01,3.357106794244314046e-02,7.580784647907083673e-02,1.213606447128549870e-01,9.281170577864843452e-01,-2.174239985789677698e-02,1.104939871365602144e+01,5.764884219004969002e-02,6.440666097670218193e-02,5.907995753845653175e-02,5.830685900220633489e-02,2.492263271938389146e-01,2.634292619062366114e-01,2.523008478471421845e-01,2.506446539955112796e-01
9.975000000000000533e-01,2.555551512689783686e-02,5.302652382453039437e-02,6.643602436415260715e-02,4.851808331036894933e-02,1.351544721621794343e-01,3.398118633318430309e-02,7.577985422755219302e-02,1.213531519888196020e-01,9.280629322807303350e-01,-2.155806198705741833e-02,1.105207888116794379e+01,5.772935288097878065e-02,6.450121844844007579e-02,5.916875438174967750e-02,5.838915666386541858e-02,2.494075701071522266e-01,2.636302526774596533e-01,2.524977426650249490e-01,2.508287927443610954e-01
1.000000000000000000e+00,2.553574792035118862e-02,5.302682086922114180e-02,6.641725222661246097e-02,4.847903788760065530e-02,1.351963823424777444e-01,3.439067109306920278e-02,7.575181712841384807e-02,1.213452724728780185e-01,9.280092671907166357e-01,-2.137406711521690900e-02,1.105476156069540750e+01,5.780983030244033621e-02,6.459570180868738631e-02,5.925753854770477586e-02,5.847143048347623606e-02,2.495885687932448416e-01,2.638308969533545989e-01,2.526944172916215092e-01,2.510127044243464778e-01
1.002499999999999947e+00,2.551602974534631849e-02,5.302690761046491980e-02,6.639842601079577744e-02,4.844026028835436704e-02,1.352379746904999736e-01,3.479952189958607917e-02,7.572373554483684266e-02,1.213370102649497378e-01,9.279560616600732725e-01,-2.119041434094171700e-02,1.105744674501312907e+01,5.789027449483150067e-02,6.469011097261009868e-02,5.934631005777932233e-02,5.855368052770378029e-02,2.497693236968174246e-01,2.640311951407215973e-01,2.528908720990912795e-01,2.511963895037172545e-01
1.005000000000000115e+00,2.549636020370396952e-02,5.302678461383091707e-02,6.637954600199702515e-02,4.840175072529036976e-02,1.352792508951415063e-01,3.520773844102208922e-02,7.569560983942089094e-02,1.213283694314139655e-01,9.279033148346780280e-01,-2.100710276767880566e-02,1.106013442693487470e+01,5.797068549849311581e-02,6.478444585610941553e-02,5.943506893339994129e-02,5.863590686283067649e-02,2.499498352611272955e-01,2.642311476461712827e-01,2.530871074583828650e-01,2.513798484485605944e-01
1.007500000000000062e+00,2.547673889913054310e-02,5.302645245839822385e-02,6.636061248511347654e-02,4.836350939869575594e-02,1.353202126344685008e-01,3.561532041653676928e-02,7.566744037417925950e-02,1.213193540053316283e-01,9.278510258626440077e-01,-2.082413150371099572e-02,1.106282459931325945e+01,5.805106335370975590e-02,6.487870637581989730e-02,5.952381519596215698e-02,5.871810955475873645e-02,2.501301039279971161e-01,2.644307548761271054e-01,2.532831237392409451e-01,2.515630817228150518e-01
1.010000000000000009e+00,2.545716543721057365e-02,5.302591173671759861e-02,6.634162574464089190e-02,4.832553649657612277e-02,1.353608615757964651e-01,3.602226753623345712e-02,7.563922751053479832e-02,1.213099679866677383e-01,9.277991938943076500e-01,-2.064149966211268825e-02,1.106551725503951822e+01,5.813140810070981102e-02,6.497289244910751937e-02,5.961254886683017840e-02,5.880028866901047119e-02,2.503101301378233834e-01,2.646300172368276082e-01,2.534789213102136007e-01,2.517460897882842219e-01
1.012499999999999956e+00,2.543763942539927977e-02,5.302516305477126407e-02,6.632258606466889805e-02,4.828783219474571536e-02,1.354011993757684162e-01,3.642857952122659226e-02,7.561097160931520844e-02,1.213002153425098567e-01,9.277478180822166243e-01,-2.045920636070617388e-02,1.106821238704328003e+01,5.821171977966552169e-02,6.506700399406774304e-02,5.970126996733665647e-02,5.888244427073063836e-02,2.504899143295852837e-01,2.648289351343284248e-01,2.536745005386586427e-01,2.519288731046510077e-01
1.015000000000000124e+00,2.541816047301503900e-02,5.302420703193121837e-02,6.630349372887638093e-02,4.825039665691744500e-02,1.354412276804319304e-01,3.683425610370707343e-02,7.558267303074833743e-02,1.212901000072865304e-01,9.276968975811186180e-01,-2.027725072201830986e-02,1.107090998829236916e+01,5.829199843069306219e-02,6.516104092952353100e-02,5.978997851878244812e-02,5.896457642468778265e-02,2.506694569408526863e-01,2.650275089745042223e-01,2.538698617907506061e-01,2.521114321294912197e-01
1.017500000000000071e+00,2.539872819123200828e-02,5.302304430091615839e-02,6.628434902052707245e-02,4.821323003479260211e-02,1.354809481253157200e-01,3.723929702700461142e-02,7.555433213445804375e-02,1.212796258829831747e-01,9.276464315479483469e-01,-2.009563187323760297e-02,1.107361005179257951e+01,5.837224409385258217e-02,6.525500317502337666e-02,5.987867454243641502e-02,5.904668519527579706e-02,2.508487584077948029e-01,2.652257391630509775e-01,2.540650054314876338e-01,2.522937673182872875e-01
1.020000000000000018e+00,2.537934219307279304e-02,5.302167550774640470e-02,6.626515222246502634e-02,4.817633246814891773e-02,1.355203623355065723e-01,3.764370204564664729e-02,7.552594927945967263e-02,1.212687968393564020e-01,9.275964191418177851e-01,-1.991434894617178514e-02,1.107631257058745078e+01,5.845245680914828990e-02,6.534889065083923643e-02,5.996735805953518073e-02,5.912877064651544945e-02,2.510278191651885704e-01,2.654236261054872537e-01,2.542599318246976936e-01,2.524758791244419154e-01
1.022499999999999964e+00,2.536000209340100175e-02,5.302010131169744567e-02,6.624590361711032993e-02,4.813970408492918018e-02,1.355594719257245395e-01,3.804747092541524434e-02,7.549752482415558741e-02,1.212576167141469347e-01,9.275468595240028424e-01,-1.973340107720568393e-02,1.107901753775808373e+01,5.853263661652850086e-02,6.544270327796450348e-02,6.005602909128290867e-02,5.921083284205597153e-02,2.512066396464266993e-01,2.656211702071563097e-01,2.544546413330457391e-01,2.526577679992916270e-01
1.024999999999999911e+00,2.534070750891402948e-02,5.301832238525224644e-02,6.622660348645442729e-02,4.810334500132833896e-02,1.355982785003986280e-01,3.845060344340072572e-02,7.546905912633093683e-02,1.212460893132907558e-01,9.274977518579327063e-01,-1.955278740725971756e-02,1.108172494642290573e+01,5.861278355588570715e-02,6.553644097811191227e-02,6.014468765885108703e-02,5.929287184517658543e-02,2.513852202835262228e-01,2.658183718732275991e-01,2.546491343180398159e-01,2.528394343921204213e-01
1.027500000000000080e+00,2.532145805813578593e-02,5.301633941405115708e-02,6.620725211205608085e-02,4.806725532188051153e-02,1.356367836537409333e-01,3.885309938805244639e-02,7.544055254314921410e-02,1.212342184111285248e-01,9.274490953091794054e-01,-1.937250708174854258e-02,1.108443478973748064e+01,5.869289766705665379e-02,6.563010367371144294e-02,6.023333378337830668e-02,5.937488771878808580e-02,2.515635615071361020e-01,2.660152315086983243e-01,2.548434111400377788e-01,2.530208787501726508e-01
1.030000000000000027e+00,2.530225336140950673e-02,5.301415309684125166e-02,6.618784977503683331e-02,4.803143513954507421e-02,1.356749889698214140e-01,3.925495855922705307e-02,7.541200543114814914e-02,1.212220077506135640e-01,9.274008890454453757e-01,-1.919255925054035028e-02,1.108714706089429392e+01,5.877297898982239421e-02,6.572369128790815640e-02,6.032196748597003916e-02,5.945688052543440100e-02,2.517416637465457740e-01,2.662117495183947136e-01,2.550374721582537307e-01,2.532021015186668444e-01
1.032499999999999973e+00,2.528309304089046070e-02,5.301176414542348864e-02,6.616839675607670557e-02,4.799588453579252401e-02,1.357128960226410830e-01,3.965618076823429483e-02,7.538341814623523984e-02,1.212094610435182351e-01,9.273531322365530238e-01,-1.901294306791644420e-02,1.108986175312254119e+01,5.885302756390836665e-02,6.581720374456005718e-02,6.041058878769843543e-02,5.953885032729416826e-02,2.519195274296930354e-01,2.664079263069736858e-01,2.552313177307644620e-01,2.533831031408085854e-01
1.034999999999999920e+00,2.526397672053895885e-02,5.300917328459837236e-02,6.614889333541010275e-02,4.796060358068926499e-02,1.357505063762057818e-01,4.005676583787912831e-02,7.535479104368371372e-02,1.211965819706385117e-01,9.273058240544334030e-01,-1.883365769253114719e-02,1.109257885968794533e+01,5.893304342898444959e-02,6.591064096823588681e-02,6.049919770960208304e-02,5.962079718618230190e-02,2.520971529831718683e-01,2.666037622789239614e-01,2.554249482145157790e-01,2.535638840578038899e-01
1.037500000000000089e+00,2.524490402611308595e-02,5.300638125211046964e-02,6.612933979282140107e-02,4.792559233298221422e-02,1.357878215845981507e-01,4.045671360250293475e-02,7.532612447812829515e-02,1.211833741819973997e-01,9.272589636731154439e-01,-1.865470228737235725e-02,1.109529837389254325e+01,5.901302662466505200e-02,6.600400288421291728e-02,6.058779427268581874e-02,5.970272116355158226e-02,2.522745408322404903e-01,2.667992578385671720e-01,2.556183639653288320e-01,2.537444447088721411e-01
1.040000000000000036e+00,2.522587458516174774e-02,5.300338879859112229e-02,6.610973640764079839e-02,4.789085084018259580e-02,1.358248431920504040e-01,4.085602390801998385e-02,7.529741880356095873e-02,1.211698412970465960e-01,9.272125502687152965e-01,-1.847607601972223873e-02,1.109802028907447813e+01,5.909297719050916886e-02,6.609728941847471673e-02,6.067637849792049259e-02,5.978462232049421704e-02,2.524516914008290702e-01,2.669944133900591376e-01,2.558115653379062215e-01,2.539247855312591340e-01
1.042499999999999982e+00,2.520688802701761058e-02,5.300019668749964691e-02,6.609008345874022028e-02,4.785637913864958931e-02,1.358615727330154954e-01,4.125469661195284993e-02,7.526867437332698807e-02,1.211559869048670357e-01,9.271665830194260050e-01,-1.829777806111833674e-02,1.110074459860782525e+01,5.917289516602046440e-02,6.619050049770888733e-02,6.076495040624278754e-02,5.986650071774343718e-02,2.526286051115475551e-01,2.671892293373907545e-01,2.560045526858386600e-01,2.541049069602497879e-01
1.044999999999999929e+00,2.518794398279005156e-02,5.299680569506325101e-02,6.607038122452918438e-02,4.782217725367240990e-02,1.358980117322385051e-01,4.165273158346472632e-02,7.523989154012078462e-02,1.211418145643666094e-01,9.271210611055058504e-01,-1.811980758731531610e-02,1.110347129590236648e+01,5.925278059064732761e-02,6.628363604930476161e-02,6.085351001855497655e-02,5.994835641567509976e-02,2.528052823856934972e-01,2.673837060843890501e-01,2.561973263616104113e-01,2.542848094291813577e-01
1.047500000000000098e+00,2.516904208535823001e-02,5.299321661021536012e-02,6.605062998295054000e-02,4.778824519955307548e-02,1.359341617048277218e-01,4.205012870338886016e-02,7.521107065598181540e-02,1.211273278044784213e-01,9.270759837092690248e-01,-1.794216377824673150e-02,1.110620037440342500e+01,5.933263350378296247e-02,6.637669600135112646e-02,6.094205735572473526e-02,6.003018947430925623e-02,2.529817236432593819e-01,2.675778440347179599e-01,2.563898867166062856e-01,2.544644933694556466e-01
1.050000000000000044e+00,2.515018196936412084e-02,5.298943023453251550e-02,6.603083001147654063e-02,4.775458297968787624e-02,1.359700241563240874e-01,4.244688786425642596e-02,7.518221207229067171e-02,1.211125301243562019e-01,9.270313500150741959e-01,-1.776484581798749157e-02,1.110893182759164155e+01,5.941245394476546426e-02,6.646968028263386397e-02,6.103059243858493382e-02,6.011199995331174828e-02,2.531579293029406208e-01,2.677716435918792159e-01,2.565822341011169128e-01,2.546439592105522731e-01
1.052499999999999991e+00,2.513136327120570404e-02,5.298544738216973138e-02,6.601098158710493047e-02,4.772119058664821972e-02,1.360056005827714187e-01,4.284300897032040922e-02,7.515331613976507230e-02,1.210974249935682645e-01,9.269871592093149593e-01,-1.758785289471645474e-02,1.111166564898281628e+01,5.949224195287786815e-02,6.656258882263357823e-02,6.111911528793342180e-02,6.019378791199582468e-02,2.533338997821427685e-01,2.679651051592129574e-01,2.567743688643454036e-01,2.548232073800408837e-01
1.054999999999999938e+00,2.511258562902990779e-02,5.298126887979464489e-02,6.599108498635462838e-02,4.768806800226146891e-02,1.360408924707855738e-01,4.323849193757867831e-02,7.512438320845581108e-02,1.210820158522910583e-01,9.269434104804096242e-01,-1.741118420067950395e-02,1.111440183212768851e+01,5.957199756734825324e-02,6.665542155152327786e-02,6.120762592453284079e-02,6.027555340932373024e-02,2.535096354969892385e-01,2.681582291398983409e-01,2.569662913544127347e-01,2.550022383035937534e-01
1.057500000000000107e+00,2.509384868272604430e-02,5.297689556651997977e-02,6.597114048526209196e-02,4.765521519769080200e-02,1.360759012976232585e-01,4.363333669379319824e-02,7.509541362774303785e-02,1.210663061115000022e-01,9.269001030187904444e-01,-1.723483893215310009e-02,1.111714037061176619e+01,5.965172082734981202e-02,6.674817840016590564e-02,6.129612436911040241e-02,6.035729650390830175e-02,2.536851368623285197e-01,2.683510159369542625e-01,2.571580019183642984e-01,2.551810524049982210e-01
1.060000000000000053e+00,2.507515207391872863e-02,5.297232829383497626e-02,6.595114835937712638e-02,4.762263213351466962e-02,1.361106285312499720e-01,4.402754317850778726e-02,7.506640774633231705e-02,1.210502991531601652e-01,9.268572360168942925e-01,-1.705881628940787362e-02,1.111988125805512873e+01,5.973141177200090579e-02,6.684085930011197940e-02,6.138461064235770787e-02,6.043901725401458480e-02,2.538604042917417258e-01,2.685434659532398571e-01,2.573495009021752877e-01,2.553596501061691781e-01
1.062500000000000000e+00,2.505649544596133538e-02,5.296756792553488496e-02,6.593110888375917911e-02,4.759031875980573867e-02,1.361450756304083964e-01,4.442111134306308412e-02,7.503736591225058927e-02,1.210339983304145051e-01,9.268148086691517795e-01,-1.688311547667302112e-02,1.112262448811225468e+01,5.981107044036517578e-02,6.693346418359710781e-02,6.147308476493053286e-02,6.052071571756145046e-02,2.540354381975498677e-01,2.687355795914547762e-01,2.575407886507569133e-01,2.555380318271613382e-01
1.064999999999999947e+00,2.503787844392907011e-02,5.296261533764956564e-02,6.591102233297335689e-02,4.755827501620928099e-02,1.361792440446853991e-01,4.481404115060858007e-02,7.500828847284278511e-02,1.210174069677713848e-01,9.267728201719792613e-01,-1.670773570210065673e-02,1.112537005447181571e+01,5.989069687145159859e-02,6.702599298353954793e-02,6.156154675744864024e-02,6.060239195212318436e-02,2.542102389908207360e-01,2.689273572541394652e-01,2.577318655079618437e-01,2.557161979861812262e-01
1.067500000000000115e+00,2.501930071461247115e-02,5.295747141837058025e-02,6.589088898108663717e-02,4.752650083202132614e-02,1.362131352145788399e-01,4.520633257611381822e-02,7.497917577476756468e-02,1.210005283612908822e-01,9.267312697237664043e-01,-1.653267617773069437e-02,1.112811795085651312e+01,5.997029110421456949e-02,6.711844563353773496e-02,6.164999664049557876e-02,6.068404601493111727e-02,2.543848070813769513e-01,2.691187993436758852e-01,2.579227318165903116e-01,2.558941489995997798e-01
1.070000000000000062e+00,2.500076190651049149e-02,5.295213706797691211e-02,6.587070910166410720e-02,4.749499612626571776e-02,1.362467505715644900e-01,4.559798560637602638e-02,7.495002816399407020e-02,1.209833657787688643e-01,9.266901565248687467e-01,-1.635793611945612902e-02,1.113086817102288606e+01,6.004985317755397872e-02,6.721082206786777036e-02,6.173843443461849573e-02,6.076567796287525580e-02,2.545591428778022358e-01,2.693099062622872353e-01,2.581133879183956092e-01,2.560718852819640068e-01
1.072500000000000009e+00,2.498226166982403865e-02,5.294661319875934580e-02,6.585048296776516152e-02,4.746376080777120476e-02,1.362800915381615074e-01,4.598900024002550158e-02,7.492084598579781818e-02,1.209659224599208410e-01,9.266494797775977066e-01,-1.618351474698852960e-02,1.113362070876113741e+01,6.012938313031529480e-02,6.730312222148088219e-02,6.182686016032793580e-02,6.084728785250587135e-02,2.547332467874488526e-01,2.695006784120383414e-01,2.583038341540897509e-01,2.562494072460090866e-01
1.074999999999999956e+00,2.496379965644928908e-02,5.294090073494336218e-02,6.583021085193972721e-02,4.743279477524779686e-02,1.363131595279985231e-01,4.637937648752939873e-02,7.489162958475729936e-02,1.209482016165637219e-01,9.266092386862094799e-01,-1.600941128382401060e-02,1.113637555789494904e+01,6.020888100128964776e-02,6.739534603000091328e-02,6.191527383809764667e-02,6.092887574003515161e-02,2.549071192164448219e-01,2.696911161948358782e-01,2.584940708633493012e-01,2.564267153026706936e-01
1.077500000000000124e+00,2.494537551997107541e-02,5.293500061261125628e-02,6.580989302622468340e-02,4.740209791736291894e-02,1.363459559458781167e-01,4.676911437119282006e-02,7.486237930475016233e-02,1.209302064327970605e-01,9.265694324568982676e-01,-1.583562495720939808e-02,1.113913271228130597e+01,6.028834682921389854e-02,6.748749342972176768e-02,6.200367548836440562e-02,6.101044168133881729e-02,2.550807605697004155e-01,2.698812200124280358e-01,2.586840983848207043e-01,2.566038098610963769e-01
1.080000000000000071e+00,2.492698891565636038e-02,5.292891377962230526e-02,6.578952976214008652e-02,4.737167011281640666e-02,1.363784821878419873e-01,4.715821392515799626e-02,7.483309548894986896e-02,1.209119400651817583e-01,9.265300602977841748e-01,-1.566215499810895070e-02,1.114189216581032404e+01,6.036778065277072919e-02,6.757956435760482938e-02,6.209206513152781132e-02,6.109198573195773890e-02,2.552541712509157623e-01,2.700709902664049089e-01,2.588739170561260017e-01,2.567806913286574955e-01
1.082500000000000018e+00,2.490863950044767960e-02,5.292264119553210383e-02,6.576912133068563149e-02,4.734151123041595299e-02,1.364107396412352347e-01,4.754667519540067833e-02,7.480377847982180861e-02,1.208934056429191994e-01,9.264911214189061051e-01,-1.548900064117103917e-02,1.114465391240507053e+01,6.044718251058871922e-02,6.767155875127635334e-02,6.218044278795011037e-02,6.117350794709958128e-02,2.554273516625871765e-01,2.702604273581982186e-01,2.590635272138683276e-01,2.569573601109611527e-01
1.084999999999999964e+00,2.489032693295668494e-02,5.291618383151049793e-02,6.574866800233697406e-02,4.731162112915121565e-02,1.364427296847695592e-01,4.793449823972546764e-02,7.477442861912003691e-02,1.208746062680274708e-01,9.264526150322114351e-01,-1.531616112469562363e-02,1.114741794602138647e+01,6.052655244124242884e-02,6.776347654902489803e-02,6.226880847795600304e-02,6.125500838164042727e-02,2.556003022060140961e-01,2.704495316890810352e-01,2.592529291936371827e-01,2.571338166118616320e-01
1.087500000000000133e+00,2.487205087345757681e-02,5.290954267025825553e-02,6.572817004704227528e-02,4.728199965826813261e-02,1.364744536885872939e-01,4.832168312775773911e-02,7.474504624788369522e-02,1.208555450155178318e-01,9.264145403515472443e-01,-1.514363569060169466e-02,1.115018426064772683e+01,6.060589048325248918e-02,6.785531768979866096e-02,6.235716222183246976e-02,6.133648709012642919e-02,2.557730232813060223e-01,2.706383036601677783e-01,2.594421233300140961e-01,2.573100612334721093e-01
1.090000000000000080e+00,2.485381098388074472e-02,5.290271870592253012e-02,6.570762773421856551e-02,4.725264665734242586e-02,1.365059130143239374e-01,4.870822994093471081e-02,7.471563170643351348e-02,1.208362249335688532e-01,9.263768965926517662e-01,-1.497142358439513751e-02,1.115295285030497396e+01,6.068519667508565779e-02,6.794708211320285574e-02,6.244550403982856990e-02,6.141794412677541865e-02,2.559455152873890138e-01,2.708267436724138832e-01,2.596311099565777325e-01,2.574860943761760890e-01
1.092500000000000027e+00,2.483560692780626203e-02,5.289571294401124862e-02,6.568704133274830270e-02,4.722356195635266096e-02,1.365371090151707989e-01,4.909413877249323849e-02,7.468618533436838236e-02,1.208166490436998614e-01,9.263396829731446180e-01,-1.479952405513708727e-02,1.115572370904627952e+01,6.076447105515493663e-02,6.803876975949706141e-02,6.253383395215528218e-02,6.149937954547857188e-02,2.561177786220125707e-01,2.710148521266153576e-01,2.598198894059095543e-01,2.576619164386388938e-01
1.094999999999999973e+00,2.481743837045759238e-02,5.288852640130582705e-02,6.566641111097593075e-02,4.719474537575304995e-02,1.365680430359373920e-01,4.947940972745681898e-02,7.465670747056213363e-02,1.207968203409432867e-01,9.263028987125185854e-01,-1.462793635541221812e-02,1.115849683095689215e+01,6.084371366181962060e-02,6.813038056959255795e-02,6.262215197898531038e-02,6.158079339980204042e-02,2.562898136817561290e-01,2.712026294234086143e-01,2.600084620095988175e-01,2.578375278178191010e-01
1.097499999999999920e+00,2.479930497869507408e-02,5.288116010577344206e-02,6.564573733670441003e-02,4.716619672654557421e-02,1.365987164131123310e-01,4.986404292261945037e-02,7.462719845315995970e-02,1.207767417940155130e-01,9.262665430321297411e-01,-1.445665974129788610e-02,1.116127221015398163e+01,6.092292453338540859e-02,6.822191448504960620e-02,6.271045814045290989e-02,6.166218574298858862e-02,2.564616208620357218e-01,2.713900759632702497e-01,2.601968280982481785e-01,2.580129289089799771e-01
1.100000000000000089e+00,2.478120642100968204e-02,5.287361509647756780e-02,6.562502027719177566e-02,4.713791581035196160e-02,1.366291304749255586e-01,5.024803848652827087e-02,7.459765861957516619e-02,1.207564163454868389e-01,9.262306151551911171e-01,-1.428569347233295608e-02,1.116404984078649143e+01,6.100210370810446592e-02,6.831337144807481110e-02,6.279875245665371419e-02,6.174355662795925209e-02,2.566332005571103081e-01,2.715771921465157668e-01,2.603849880014783014e-01,2.581881201057003583e-01
1.102500000000000036e+00,2.476314236751670297e-02,5.286589242348737477e-02,6.560426019914790408e-02,4.710990241948501828e-02,1.366592865414084368e-01,5.063139655946388706e-02,7.456808830648599395e-02,1.207358469119504119e-01,9.261951143067612691e-01,-1.411503681148749446e-02,1.116682971703495042e+01,6.108125122417552150e-02,6.840475140151833222e-02,6.288703494764455448e-02,6.182490610731497527e-02,2.568045531600883780e-01,2.717639783733000192e-01,2.605729420479337977e-01,2.583631017998860857e-01
1.104999999999999982e+00,2.474511248994932036e-02,5.285799314778647645e-02,6.558345736873123777e-02,4.708215633701940545e-02,1.366891859244545315e-01,5.101411729341900209e-02,7.453848784983235776e-02,1.207150363841891089e-01,9.261600397137383922e-01,-1.394468902513244270e-02,1.116961183311132366e+01,6.116036711974394413e-02,6.849605428887123315e-02,6.297530563344327925e-02,6.190623423333826286e-02,2.569756790629343923e-01,2.719504350436158790e-01,2.607606905652877782e-01,2.585378743817812741e-01
1.107499999999999929e+00,2.472711646165255336e-02,5.284991834117987175e-02,6.556261205154514937e-02,4.705467733686259646e-02,1.367188299278799812e-01,5.139620085207460831e-02,7.450885758481241850e-02,1.206939876273431522e-01,9.261253906048489970e-01,-1.377464938300962047e-02,1.117239618325884898e+01,6.123945143290182580e-02,6.858728005426267815e-02,6.306356453402860163e-02,6.198754105799482439e-02,2.571465786564751665e-01,2.721365625572942926e-01,2.609482338802471268e-01,2.587124382399791367e-01
1.110000000000000098e+00,2.470915395757673771e-02,5.284166908620046427e-02,6.554172451263506893e-02,4.702746518382482782e-02,1.367482198474823385e-01,5.177764741077507671e-02,7.447919784587966885e-02,1.206727034810743948e-01,9.260911662106423581e-01,-1.360491715820218508e-02,1.117518276175186465e+01,6.131850420168806493e-02,6.867842864245721213e-02,6.315181166933990509e-02,6.206882663293525337e-02,2.573172523304060322e-01,2.723223613140028920e-01,2.611355723185578293e-01,2.588867937614329762e-01
1.112500000000000044e+00,2.469122465427148541e-02,5.283324647601393698e-02,6.552079501648505611e-02,4.700051963368857139e-02,1.367773569711005222e-01,5.215845715650091474e-02,7.444950896673961649e-02,1.206511867597313270e-01,9.260573657634800782e-01,-1.343549162710527302e-02,1.117797156289566018e+01,6.139752546408845657e-02,6.876949999885201281e-02,6.324004705927707692e-02,6.215009100949664411e-02,2.574877004732972208e-01,2.725078317132459405e-01,2.613227062050094696e-01,2.590609413314673426e-01
1.114999999999999991e+00,2.467332822987948482e-02,5.282465161432293305e-02,6.549982382701459438e-02,4.697384043327855474e-02,1.368062425786734093e-01,5.253863028783998385e-02,7.441979128034675872e-02,1.206294402525120435e-01,9.260239884975292046e-01,-1.326637206939682359e-02,1.118076258102631293e+01,6.147651525803577571e-02,6.886049406947408746e-02,6.332827072370036947e-02,6.223133423870427089e-02,2.576579234726001921e-01,2.726929741543631658e-01,2.615096358634407259e-01,2.592348813337885804e-01
1.117499999999999938e+00,2.465546436413020015e-02,5.281588561526993214e-02,6.547881120757549633e-02,4.694742732053003298e-02,1.368348779422985106e-01,5.291816701495617725e-02,7.439004511890136284e-02,1.206074667236263498e-01,9.259910336487529037e-01,-1.309755776800894042e-02,1.118355581051052816e+01,6.155547362140984663e-02,6.895141080097749731e-02,6.341648268243020581e-02,6.231255637127324637e-02,2.578279217146536850e-01,2.728777890365290948e-01,2.616963616167440887e-01,2.594086141504959864e-01
1.120000000000000107e+00,2.463763273833376177e-02,5.280694960333935650e-02,6.545775742094878114e-02,4.692128002455800417e-02,1.368632643262896742e-01,5.329706755955724434e-02,7.436027081384674609e-02,1.205852689124571747e-01,9.259585004549035769e-01,-1.292904800909941941e-02,1.118635124574547035e+01,6.163440059203764004e-02,6.904225014064055421e-02,6.350468295524702711e-02,6.239375745761015918e-02,2.579976955846896569e-01,2.730622767587522759e-01,2.618828837868706905e-01,2.595821401620922453e-01
1.122500000000000053e+00,2.461983303537487386e-02,5.279784471325828232e-02,6.543666272934157979e-02,4.689539826572477338e-02,1.368914029872349836e-01,5.367533215486068598e-02,7.433046869586593108e-02,1.205628495337201650e-01,9.259263881555142017e-01,-1.276084208202341377e-02,1.118914888115863349e+01,6.171329620769335639e-02,6.913301203636300352e-02,6.359287156189109835e-02,6.247493754781476699e-02,2.581672454668398342e-01,2.732464377198742245e-01,2.620692026948354125e-01,2.597554597474941440e-01
1.125000000000000000e+00,2.460206493970664571e-02,5.278857208989656130e-02,6.541552739438395714e-02,4.686978175570850891e-02,1.369192951740544062e-01,5.405296104555737391e-02,7.430063909487870377e-02,1.205402112776232798e-01,9.258946959918901154e-01,-1.259293927930566458e-02,1.119194871120766344e+01,6.179216050609851602e-02,6.922369643666324845e-02,6.368104852206239730e-02,6.255609669168162024e-02,2.583365717441413745e-01,2.734302723185685902e-01,2.622553186607214371e-01,2.599285732840434515e-01
1.127499999999999947e+00,2.458432813734454103e-02,5.277913288816565851e-02,6.539435167712595587e-02,4.684443019756998061e-02,1.369469421280561927e-01,5.442995448777412926e-02,7.427078234003893498e-02,1.205173568100243731e-01,9.258634232071010217e-01,-1.242533889661279548e-02,1.119475073038021051e+01,6.187099352492202164e-02,6.931430329067549134e-02,6.376921385542040632e-02,6.263723493870176906e-02,2.585056747985430281e-01,2.736137809533404908e-01,2.624412320036854651e-01,2.601014811475172439e-01
1.130000000000000115e+00,2.456662231586019887e-02,5.276952827291662984e-02,6.537313583803468220e-02,4.681934328582031124e-02,1.369743450829937759e-01,5.480631274903420558e-02,7.424089875973138852e-02,1.204942887725885259e-01,9.258325690459748847e-01,-1.225804023272595265e-02,1.119755493319376782e+01,6.194979530178025551e-02,6.940483254814687475e-02,6.385736758158397364e-02,6.271835233806437315e-02,2.586745550109109115e-01,2.737969640225247914e-01,2.626269430419618800e-01,2.602741837121382851e-01
1.132500000000000062e+00,2.454894716437553553e-02,5.275975941883711412e-02,6.535188013699126663e-02,4.679452070648736778e-02,1.370015052651219201e-01,5.518203610821626609e-02,7.421098868156901507e-02,1.204710097829439497e-01,9.258021327550871593e-01,-1.209104258951372059e-02,1.120036131419554337e+01,6.202856587423717649e-02,6.949528415943469206e-02,6.394550972013117451e-02,6.279944893865840871e-02,2.588432127610346134e-01,2.739798219242859934e-01,2.628124520928682428e-01,2.604466813505857958e-01
1.135000000000000009e+00,2.453130237355655163e-02,5.274982751034753420e-02,6.533058483328781085e-02,4.676996213718235401e-02,1.370284238932524823e-01,5.555712485551202173e-02,7.418105243238995450e-02,1.204475224348372925e-01,9.257721135827559067e-01,-1.192434527190528240e-02,1.120316986796227177e+01,6.210730527980437565e-02,6.958565807550348703e-02,6.403364029059911700e-02,6.288052478907434073e-02,2.590116484276330233e-01,2.741623550566162915e-01,2.629977594728092893e-01,2.606189744340055570e-01
1.137499999999999956e+00,2.451368763560741668e-02,5.273973374149598659e-02,6.530925018562465378e-02,4.674566724716586186e-02,1.370551021788098955e-01,5.593157929238144060e-02,7.415109033825491303e-02,1.204238292982876130e-01,9.257425107790332452e-01,-1.175794758786395146e-02,1.120598058910009343e+01,6.218601355594118030e-02,6.967595424792220882e-02,6.412175931248381699e-02,6.296157993760573279e-02,2.591798623883599384e-01,2.743445638173350742e-01,2.631828654972819259e-01,2.607910633320201788e-01
1.140000000000000124e+00,2.449610264426448081e-02,5.272947931585278414e-02,6.528787645210745727e-02,4.672163569741331901e-02,1.370815413258865134e-01,5.630539973150746474e-02,7.412110272444427661e-02,1.203999329197391194e-01,9.257133235956963579e-01,-1.159184884836071336e-02,1.120879347224439648e+01,6.226469074005472337e-02,6.976617262886135318e-02,6.420986680524001788e-02,6.304261443225098183e-02,2.593478550198101140e-01,2.745264486040876473e-01,2.633677704808800590e-01,2.609629484127397037e-01
1.142500000000000071e+00,2.447854709479019286e-02,5.271906544640367343e-02,6.526646389024433337e-02,4.669786714068103334e-02,1.371077425312970388e-01,5.667858649674867993e-02,7.409108991545537704e-02,1.203758358222144637e-01,9.256845512862426073e-01,-1.142604836734838203e-02,1.121160851205966225e+01,6.234333686950004755e-02,6.985631317109006200e-02,6.429796278828105172e-02,6.312362832071495566e-02,2.595156266975246484e-01,2.747080098143437343e-01,2.635524747372986476e-01,2.611346300427714318e-01
1.145000000000000018e+00,2.446102068396728210e-02,5.270849335544226105e-02,6.524501275694301328e-02,4.667436122157073847e-02,1.371337069846329804e-01,5.705113992309013282e-02,7.406105223499973023e-02,1.203515405054650517e-01,9.256561931058800985e-01,-1.126054546173571071e-02,1.121442570323932131e+01,6.242195198158017461e-02,6.994637582797327835e-02,6.438604728097870045e-02,6.320462165041065838e-02,2.596831777959970888e-01,2.748892478453967558e-01,2.637369785793388099e-01,2.613061085872301348e-01
1.147499999999999964e+00,2.444352311009269016e-02,5.269776427446188488e-02,6.522352330850809954e-02,4.665111757659439612e-02,1.371594358683167481e-01,5.742306035659334312e-02,7.403099000600056601e-02,1.203270494461215756e-01,9.256282483115214621e-01,-1.109533945136193835e-02,1.121724504050560256e+01,6.250053611354618177e-02,7.003636055346883216e-02,6.447412030266302940e-02,6.328559446846090952e-02,2.598505086886786497e-01,2.750701630943623854e-01,2.639212823189119872e-01,2.614773844097482147e-01
1.150000000000000133e+00,2.442605407297172501e-02,5.268687944404618073e-02,6.520199580063841538e-02,4.662813583423906089e-02,1.371849303576554158e-01,5.779434815434428274e-02,7.400090355058991376e-02,1.203023650978441994e-01,9.256007161617750834e-01,-1.093042965897149561e-02,1.122006651860940529e+01,6.257908930259728497e-02,7.012626730212451198e-02,6.456218187262224850e-02,6.336654682170000941e-02,2.600176197479842077e-01,2.752507559581771623e-01,2.641053862670446617e-01,2.616484578724856958e-01
1.152500000000000080e+00,2.440861327391218374e-02,5.267584011375922581e-02,6.518043048842406262e-02,4.660541561503058622e-02,1.372101916208940398e-01,5.816500368440031404e-02,7.397079319010614606e-02,1.202774898914702462e-01,9.255735959169403282e-01,-1.076581541018901099e-02,1.122289013233012511e+01,6.265761158588094293e-02,7.021609602907524783e-02,6.465023201010255960e-02,6.344747875667541837e-02,2.601845113452972980e-01,2.754310268335973810e-01,2.642892907338825759e-01,2.618193293361399943e-01
1.155000000000000027e+00,2.439120041571833306e-02,5.266464754203464826e-02,6.515882762634392367e-02,4.658295653159778144e-02,1.372352208192684497e-01,5.853502732573519912e-02,7.394065924509138354e-02,1.202524262351625517e-01,9.255468868389975512e-01,-1.060149603349456668e-02,1.122571587647553848e+01,6.273610300049291266e-02,7.030584669004011356e-02,6.473827073430800383e-02,6.352839031964943595e-02,2.603511838509762200e-01,2.756109761171977590e-01,2.644729960286956172e-01,2.619899991599562994e-01
1.157499999999999973e+00,2.437381520268520549e-02,5.265330299606409137e-02,6.513718746826301087e-02,4.656075818873578465e-02,1.372600191070581788e-01,5.890441946818356783e-02,7.391050203528894136e-02,1.202271765145559029e-01,9.255205881916033217e-01,-1.043747086019920431e-02,1.122854374588162507e+01,6.281456358347733970e-02,7.039551924131949578e-02,6.482629806440033671e-02,6.360928155660083849e-02,2.605176376343591449e-01,2.757906042053699380e-01,2.646565024598815929e-01,2.621604677017366769e-01
1.159999999999999920e+00,2.435645734059265627e-02,5.264180775168484511e-02,6.511551026742973258e-02,4.653882018346944954e-02,1.372845876316386160e-01,5.927318051238282537e-02,7.388032187964076181e-02,1.202017430929032543e-01,9.254946992400820971e-01,-1.027373922442058850e-02,1.123137373541247008e+01,6.289299337182685523e-02,7.048511363979211020e-02,6.491431401949887547e-02,6.369015251322659998e-02,2.606838730637696666e-01,2.759699114943213183e-01,2.648398103349711152e-01,2.623307353178505608e-01
1.162500000000000089e+00,2.433912653669948259e-02,5.263016309326663811e-02,6.509379627647335353e-02,4.651714210511615627e-02,1.373089275335330761e-01,5.964131086971484474e-02,7.385011909628508286e-02,1.201761283112206674e-01,9.254692192514193394e-01,-1.011030046305905032e-02,1.123420583996008837e+01,6.297139240248264547e-02,7.057462984291214270e-02,6.500231861868036032e-02,6.377100323494354350e-02,2.608498905065221307e-01,2.761488983800735597e-01,2.650229199606317088e-01,2.625008023632440235e-01
1.165000000000000036e+00,2.432182249973773372e-02,5.261837031359796468e-02,6.507204574740142744e-02,4.649572353534885127e-02,1.373330399464642304e-01,6.000881096224603556e-02,7.381989400255370426e-02,1.201503344884318064e-01,9.254441474942550760e-01,-9.947153915773786909e-03,1.123704005444428589e+01,6.304976071233452106e-02,7.066406780870626569e-02,6.509031188097880172e-02,6.385183376688999268e-02,2.610156903289270192e-01,2.763275652584611386e-01,2.652058316426721407e-01,2.626706691914496017e-01
1.167499999999999982e+00,2.430454493990684417e-02,5.260643071377137797e-02,6.505025893159727124e-02,4.647456404825808102e-02,1.373569259974057322e-01,6.037568122266540743e-02,7.378964691496987804e-02,1.201243639215111569e-01,9.254194832388769054e-01,-9.784298924959303895e-03,1.123987637381254068e+01,6.312809833822101424e-02,7.075342749577076540e-02,6.517829382538535554e-02,6.393264415392747868e-02,2.611812728962961128e-01,2.765059125251299599e-01,2.653885456860466951e-01,2.628403361545958439e-01
1.169999999999999929e+00,2.428729356886775992e-02,5.259434560306839451e-02,6.502843607981748097e-02,4.645366321041449059e-02,1.373805868066329539e-01,6.074192209422234895e-02,7.375937814924568570e-02,1.200982188856269117e-01,9.253952257572123363e-01,-9.621734835722064311e-03,1.124271479303984478e+01,6.320640531692944819e-02,7.084270886326858585e-02,6.526626447084819815e-02,6.401343444064239163e-02,2.613466385729479868e-01,2.766839405755359138e-01,2.655710623948594473e-01,2.630098036034171360e-01
1.172500000000000098e+00,2.427006809973736648e-02,5.258211629884331634e-02,6.500657744218946155e-02,4.643302058093046192e-02,1.374040234877737798e-01,6.110753403066221390e-02,7.372908802027991482e-02,1.200719016342824408e-01,9.253713743228239030e-01,-9.459460995857534721e-03,1.124555530712856921e+01,6.328468168519602033e-02,7.093191187092641459e-02,6.535422383627235987e-02,6.409420467134768762e-02,2.615117877222130072e-01,2.768616498049432662e-01,2.657533820723683715e-01,2.631790718872625834e-01
1.175000000000000044e+00,2.425286824708250757e-02,5.256974412640687960e-02,6.498468326820885932e-02,4.641263571152199480e-02,1.374272371478588717e-01,6.147251749616187977e-02,7.369877684215540847e-02,1.200454143994577616e-01,9.253479282108999504e-01,-9.297476755827177586e-03,1.124839791110833787e+01,6.336292747970588557e-02,7.102103647903169892e-02,6.544217194051962783e-02,6.417495489008452625e-02,2.616767207064387146e-01,2.770390406084233259e-01,2.659355050209897819e-01,2.633481413541062244e-01
1.177499999999999991e+00,2.423569372691444096e-02,5.255723041890891789e-02,6.496275380673734168e-02,4.639250814656984551e-02,1.374502288873716838e-01,6.183687296526269028e-02,7.366844492813703904e-02,1.200187593917493717e-01,9.253248866982506371e-01,-9.135781468735924143e-03,1.125124260003586762e+01,6.344114273709323959e-02,7.111008264842978710e-02,6.553010880240836555e-02,6.425568514062396375e-02,2.618414378869947101e-01,2.772161133808528355e-01,2.661174315423019965e-01,2.635170123505558570e-01
1.179999999999999938e+00,2.421854425668294383e-02,5.254457651722034550e-02,6.494078930600009902e-02,4.637263742318097764e-02,1.374729998002981179e-01,6.220060092280301628e-02,7.363809259066941837e-02,1.199919388005100951e-01,9.253022490632993868e-01,-8.974374490309796476e-03,1.125408936899486356e+01,6.351932749394138822e-02,7.119905034052091686e-02,6.561803444071342972e-02,6.433639546646861829e-02,2.620059396242780392e-01,2.773928685169123054e-01,2.662991619370500551e-01,2.636856852218625313e-01
1.182500000000000107e+00,2.420141955527076866e-02,5.253178376981496034e-02,6.491879001358345780e-02,4.635302307124931909e-02,1.374955509741757620e-01,6.256370186385036558e-02,7.360772014137439978e-02,1.199649547939873190e-01,9.252800145860767822e-01,-8.813255178873628456e-03,1.125693821309585552e+01,6.359748178678283070e-02,7.128793951725734268e-02,6.570594887416600360e-02,6.441708591085434921e-02,2.621702262777181325e-01,2.775693064110848485e-01,2.664806965051493837e-01,2.638541603119299306e-01
1.185000000000000053e+00,2.418431934298784225e-02,5.251885353265003248e-02,6.489675617643259065e-02,4.633366461351628302e-02,1.375178834901436553e-01,6.292617629363032872e-02,7.357732789104921844e-02,1.199378095194614524e-01,9.252581825482151245e-01,-8.652422895329265479e-03,1.125978912747607552e+01,6.367560565209931522e-02,7.137675014114033822e-02,6.579385212145349993e-02,6.449775651675192234e-02,2.623342982057815798e-01,2.777454274576540705e-01,2.666620355456899572e-01,2.640224379633234753e-01
1.187500000000000000e+00,2.416724334156555160e-02,5.250578716904694826e-02,6.487468804084936536e-02,4.631456156563144855e-02,1.375399984229898620e-01,6.328802472745619079e-02,7.354691614966418767e-02,1.199105051033826780e-01,9.252367522329407734e-01,-8.491877003133639287e-03,1.126264210729932813e+01,6.375369912632194991e-02,7.146548217521729585e-02,6.588174420121939434e-02,6.457840732686870311e-02,2.624981557659776255e-01,2.779212320507028489e-01,2.668431793569404631e-01,2.641905185172795378e-01
1.189999999999999947e+00,2.415019127415117886e-02,5.249258604957075108e-02,6.485258585248972196e-02,4.629571343621281115e-02,1.375618968412007093e-01,6.364924769065677390e-02,7.351648522636045069e-02,1.198830436515076481e-01,9.252157229250684845e-01,-8.331616868277510676e-03,1.126549714775584832e+01,6.383176224583127223e-02,7.155413558307877064e-02,6.596962513206315604e-02,6.465903838365032186e-02,2.626617993148626096e-01,2.780967205841115564e-01,2.670241282363521318e-01,2.643584023137144912e-01
1.192500000000000115e+00,2.413316286530220803e-02,5.247925155190950874e-02,6.483044985636185475e-02,4.627711972690639469e-02,1.375835798070089711e-01,6.400984571850389104e-02,7.348603542944787126e-02,1.198554272490350708e-01,9.251950939109946370e-01,-8.171641859263889529e-03,1.126835424406218067e+01,6.390979504695729063e-02,7.164271032885555224e-02,6.605749493254006732e-02,6.473964972928232531e-02,2.628252292080452412e-01,2.782718934515566733e-01,2.672048824805627887e-01,2.645260896912339788e-01
1.195000000000000062e+00,2.411615784098063847e-02,5.246578506075293830e-02,6.480828029682361713e-02,4.625877993244652264e-02,1.376050483764410526e-01,6.436981935613685091e-02,7.345556706640317401e-02,1.198276579607407410e-01,9.251748644786914610e-01,-8.011951347087160891e-03,1.127121339146103018e+01,6.398779756597960944e-02,7.173120637721569492e-02,6.614535362116112649e-02,6.482024140569186965e-02,2.629884458001912617e-01,2.784467510465087892e-01,2.673854423854007401e-01,2.646935809871416856e-01
1.197500000000000009e+00,2.409917592854744772e-02,5.245218796767067010e-02,6.478607741758062033e-02,4.624069354071507626e-02,1.376263035993651462e-01,6.472916915848819785e-02,7.342508044386765464e-02,1.197997378311119188e-01,9.251550339177004867e-01,-7.852544705212084405e-03,1.127407458522115213e+01,6.406576983912748435e-02,7.181962369336163110e-02,6.623320121639293678e-02,6.490081345454938588e-02,2.631514494450282737e-01,2.786212937622312702e-01,2.675658082458889364e-01,2.648608765374482754e-01
1.199999999999999956e+00,2.408221685675689464e-02,5.243846167098986655e-02,6.476384146168386036e-02,4.622286003280105110e-02,1.376473465195379997e-01,6.508789569020727306e-02,7.339457586764511210e-02,1.197716688844807642e-01,9.251356015191269933e-01,-7.693421309553233507e-03,1.127693782063720640e+01,6.414371190257986410e-02,7.190796224302718753e-02,6.632103773665753987e-02,6.498136591727025901e-02,2.633142404953507376e-01,2.787955219917784278e-01,2.677459803562484142e-01,2.650279766768806056e-01
1.202500000000000124e+00,2.406528035575091276e-02,5.242460757567249385e-02,6.474157267152774731e-02,4.620527888305941272e-02,1.376681781746520172e-01,6.544599952558270706e-02,7.336405364270014162e-02,1.197434531251573286e-01,9.251165665756324596e-01,-7.534580538454432874e-03,1.127980309302963668e+01,6.422162379246552921e-02,7.199622199247468490e-02,6.640886320033236034e-02,6.506189883501647953e-02,2.634768193030244676e-01,2.789694361279938528e-01,2.679259590099026256e-01,2.651948817388903312e-01
1.205000000000000071e+00,2.404836615705367026e-02,5.241062709319204566e-02,6.471927128884789882e-02,4.618794955917050055e-02,1.376887995963818612e-01,6.580348124846450986e-02,7.333351407315585879e-02,1.197150925375617680e-01,9.250979283814304566e-01,-7.376021772668578391e-03,1.128267039774453195e+01,6.429950554486310588e-02,7.208440290849196797e-02,6.649667762575005303e-02,6.514241224869832259e-02,2.636391862189915725e-01,2.791430365635089172e-01,2.681057444994809358e-01,2.653615920556626206e-01
1.207500000000000018e+00,2.403147399356573774e-02,5.239652164140991275e-02,6.469693755471912777e-02,4.617087152219842561e-02,1.377092118104307206e-01,6.616034145218481488e-02,7.330295746229208154e-02,1.196865890863558213e-01,9.250796862322786529e-01,-7.217744395337536908e-03,1.128553973015351275e+01,6.437735719580116311e-02,7.217250495838951896e-02,6.658448103119836425e-02,6.522290619897602726e-02,2.638013415932751182e-01,2.793163236907408309e-01,2.682853371168226198e-01,2.655281079581253145e-01
1.209999999999999964e+00,2.401460359955884596e-02,5.238229264445126709e-02,6.467457170955326351e-02,4.615404422664983602e-02,1.377294158365763577e-01,6.651658073947731842e-02,7.327238411254337336e-02,1.196579447165734555e-01,9.250618394254754850e-01,-7.059747791972331363e-03,1.128841108565359441e+01,6.445517878125828215e-02,7.226052810999748777e-02,6.667227343492007630e-02,6.530338072626144796e-02,2.639632857749832917e-01,2.794892979018910317e-01,2.684647371529805260e-01,2.656944297759569751e-01
1.212500000000000133e+00,2.399775471067000163e-02,5.236794153258040457e-02,6.465217399309734769e-02,4.613746712053243965e-02,1.377494126887167103e-01,6.687219972239712151e-02,7.324179432549732249e-02,1.196291613537516924e-01,9.250443872598509421e-01,-6.902031350433453401e-03,1.129128445966705740e+01,6.453297033716315356e-02,7.234847233166280533e-02,6.676005485511282700e-02,6.538383587071971981e-02,2.641250191123150626e-01,2.796619595889436316e-01,2.686439448982250178e-01,2.658605578375961009e-01
1.215000000000000080e+00,2.398092706389627973e-02,5.235346974207606002e-02,6.462974464443139999e-02,4.612113964541293687e-02,1.377692033749154388e-01,6.722719902223792121e-02,7.321118840189227983e-02,1.196002409040594766e-01,9.250273290357633460e-01,-6.744594460911470905e-03,1.129415984764133007e+01,6.461073189939459116e-02,7.243633759224624158e-02,6.684782530992905425e-02,6.546427167227095167e-02,2.642865419525636805e-01,2.798343091436634733e-01,2.688229606420473594e-01,2.660264924702496758e-01
1.217500000000000027e+00,2.396412039758900533e-02,5.233887871510585488e-02,6.460728390196657234e-02,4.610506123647527266e-02,1.377887888974471398e-01,6.758157926944985405e-02,7.318056664161601277e-02,1.195711852544269482e-01,9.250106640550924686e-01,-6.587436515907693635e-03,1.129703724504885898e+01,6.468846350378164300e-02,7.252412386111946330e-02,6.693558481747585720e-02,6.554468817059183605e-02,2.644478546421217824e-01,2.800063469575945763e-01,2.690017846731637685e-01,2.661922339999013287e-01
1.219999999999999973e+00,2.394733445144838282e-02,5.232416989960083503e-02,6.458479200344317828e-02,4.608923132257862487e-02,1.378081702528418384e-01,6.793534110355547995e-02,7.314992934370352640e-02,1.195419962726737562e-01,9.249943916212345352e-01,-6.430556910215147644e-03,1.129991664738698098e+01,6.476616518610364692e-02,7.261183110816218922e-02,6.702333339581487137e-02,6.562508540511738375e-02,2.646089575264856109e-01,2.801780734220582492e-01,2.691804172795189132e-01,2.663577827513199936e-01
1.222499999999999920e+00,2.393056896651804197e-02,5.230934474912938420e-02,6.456226918592879171e-02,4.607364932631483057e-02,1.378273484319301190e-01,6.828848517306547461e-02,7.311927680633550919e-02,1.195126758076363593e-01,9.249785110390946752e-01,-6.273955040899714501e-03,1.130279805017780248e+01,6.484383698209032765e-02,7.269945930375920629e-02,6.711107106296219926e-02,6.570546341504251986e-02,2.647698509502601771e-01,2.803494889281515356e-01,2.693588587482896313e-01,2.665231390480686802e-01
1.225000000000000089e+00,2.391382368517946597e-02,5.229440472277087359e-02,6.453971568581633178e-02,4.605831466406633962e-02,1.378463244198868953e-01,6.864101213539292035e-02,7.308860932683647338e-02,1.194832256892955774e-01,9.249630216150837025e-01,-6.117630307281427503e-03,1.130568144896807858e+01,6.492147892742181070e-02,7.278700841879751082e-02,6.719879783688828545e-02,6.578582223932377682e-02,2.649305352571625916e-01,2.805205938667454379e-01,2.695371093658884831e-01,2.666883032125124675e-01
1.227500000000000036e+00,2.389709835114648545e-02,5.227935128498908263e-02,6.451713173882202279e-02,4.604322674606321081e-02,1.378650991962755978e-01,6.899292265676822133e-02,7.305792720167290921e-02,1.194536477289026150e-01,9.249479226571107882e-01,-5.961582110915965640e-03,1.130856683932907991e+01,6.499909105772871953e-02,7.287447842466338033e-02,6.728651373551779169e-02,6.586616191668094589e-02,2.650910107900273927e-01,2.806913886284829740e-01,2.697151694179673598e-01,2.668532755658269418e-01
1.229999999999999982e+00,2.388039270945990430e-02,5.226418590550513388e-02,6.449451757998389545e-02,4.602838497644071158e-02,1.378836737350917774e-01,6.934421741215068824e-02,7.302723072645191105e-02,1.194239437191051412e-01,9.249332134745781309e-01,-5.805809855576396505e-03,1.131145421685648955e+01,6.507667340859225880e-02,7.296186929323950077e-02,6.737421877672951365e-02,6.594648248559875636e-02,2.652512778908104885e-01,2.808618736037777897e-01,2.698930391894212022e-01,2.670180564280065783e-01
1.232499999999999929e+00,2.386370650648201100e-02,5.224891005917040032e-02,6.447187344365976069e-02,4.601378875329632107e-02,1.379020490048068204e-01,6.969489708514223225e-02,7.299652019591920671e-02,1.193941154340722177e-01,9.249188933783770716e-01,-5.650312947234972100e-03,1.131434357717025208e+01,6.515422601554425597e-02,7.304918099690208000e-02,6.746191297835628375e-02,6.602678398432848539e-02,2.654113369005935974e-01,2.810320491828119938e-01,2.700707189643911654e-01,2.671826461178729017e-01
1.235000000000000098e+00,2.384703948989104136e-02,5.223352522583887825e-02,6.444919956352526680e-02,4.599943746874648326e-02,1.379202259684106646e-01,7.004496236789803376e-02,7.296579590395757542e-02,1.193641646296191711e-01,9.249049616808795449e-01,-5.495090794045282001e-03,1.131723491591448116e+01,6.523174891406723075e-02,7.313641350851793344e-02,6.754959635818484631e-02,6.610706645088965105e-02,2.655711881595886337e-01,2.812019157555348814e-01,2.702482090262687264e-01,2.673470449530827020e-01
1.237500000000000044e+00,2.383039140867592234e-02,5.221803289023965733e-02,6.442649617257240058e-02,4.598533050898396396e-02,1.379382055834552923e-01,7.039441396103808535e-02,7.293505814358529349e-02,1.193340930433319097e-01,9.248914176959356359e-01,-5.340142806324376171e-03,1.132012822875732994e+01,6.530924213959443669e-02,7.322356680144165297e-02,6.763726893395577422e-02,6.618732992307164997e-02,2.657308320071416485e-01,2.813714737116608244e-01,2.704255096576986261e-01,2.675112532501362494e-01
1.239999999999999991e+00,2.381376201313069665e-02,5.220243454184856496e-02,6.440376350310757225e-02,4.597146725433388231e-02,1.379559888020966130e-01,7.074325257355693064e-02,7.290430720695449673e-02,1.193039023946898397e-01,9.248782607388663646e-01,-5.185468396535291083e-03,1.132302351139085239e+01,6.538670572750998611e-02,7.331064084951267878e-02,6.772493072336337183e-02,6.626757443843540873e-02,2.658902687817375488e-01,2.815407234406674952e-01,2.706026211405826998e-01,2.676752713243853443e-01
1.242499999999999938e+00,2.379715105484915896e-02,5.218673167476044900e-02,6.438100178674989460e-02,4.595784707931084567e-02,1.379735765711371520e-01,7.109147892273311176e-02,7.287354338534952902e-02,1.192735943851891550e-01,9.248654901264593553e-01,-5.031066979269601877e-03,1.132592075953091104e+01,6.546413971314883617e-02,7.339763562705248212e-02,6.781258174405555006e-02,6.634780003431503537e-02,2.660494988210038714e-01,2.817096653317944788e-01,2.707795437560830965e-01,2.678390994900411992e-01
1.245000000000000107e+00,2.378055828671947827e-02,5.217092578756039878e-02,6.435821125442953150e-02,4.594446935267505749e-02,1.379909698320681555e-01,7.143909373403810326e-02,7.284276696918554062e-02,1.192431706984652812e-01,9.248531051769625089e-01,-4.876937971230180073e-03,1.132881996891704723e+01,6.554154413179691385e-02,7.348455110886167874e-02,6.790022201363377086e-02,6.642800674781947079e-02,2.662085224617153356e-01,2.818782997740412744e-01,2.709562777846259429e-01,2.680027380601827103e-01
1.247500000000000053e+00,2.376398346291880986e-02,5.215501838319517441e-02,6.433539213638599097e-02,4.593133343748875136e-02,1.380081695211111681e-01,7.178609774104444119e-02,7.281197824800678120e-02,1.192126330004144169e-01,9.248411052100798946e-01,-4.723080791214175934e-03,1.133172113531236214e+01,6.561891901869112975e-02,7.357138727021722557e-02,6.798785154965293620e-02,6.650819461583414027e-02,2.663673400397976176e-01,2.820466271561654636e-01,2.711328235059045078e-01,2.681661873467644508e-01
1.250000000000000000e+00,2.374742633890786561e-02,5.213901096884483027e-02,6.431254466216645982e-02,4.591843869117244459e-02,1.380251765692596944e-01,7.213249168533286682e-02,7.278117751048532313e-02,1.191819829393152286e-01,9.248294895469655330e-01,-4.569494860096145680e-03,1.133462425450338884e+01,6.569626440901947528e-02,7.365814408686950643e-02,6.807547036962126319e-02,6.658836367502254938e-02,2.665259518903317915e-01,2.822146478666812675e-01,2.713091811988828095e-01,2.683294476606241097e-01
1.252499999999999947e+00,2.373088667142556063e-02,5.212290505579329075e-02,6.428966906062417996e-02,4.590578446556085185e-02,1.380419919023203323e-01,7.247827631639960910e-02,7.275036504441935448e-02,1.191512221459492260e-01,9.248182575102195102e-01,-4.416179600811284515e-03,1.133752932229999821e+01,6.577358033792105041e-02,7.374482153503955639e-02,6.816307849100022853e-02,6.666851396182799094e-02,2.666843583475579926e-01,2.823823622938573252e-01,2.714853511417987253e-01,2.684925193114907072e-01
1.255000000000000115e+00,2.371436421848365644e-02,5.210670215929959215e-02,6.426676555991678308e-02,4.589337010695890284e-02,1.380586164409536298e-01,7.282345239156219618e-02,7.271954113673179121e-02,1.191203522337211662e-01,9.248074084238810944e-01,-4.263134438338938084e-03,1.134043633453526212e+01,6.585086684048613304e-02,7.383141959141621691e-02,6.825067593120447140e-02,6.674864551247514100e-02,2.668425597448799147e-01,2.825497708257155294e-01,2.716613336121673772e-01,2.686554026079926438e-01
1.257500000000000062e+00,2.369785873936150131e-02,5.209040379846865271e-02,6.424383438750477793e-02,4.588119495619774613e-02,1.380750511007151626e-01,7.316802067586533620e-02,7.268870607346900048e-02,1.190893747987787910e-01,9.247969416134246279e-01,-4.110358799686204996e-03,1.134334528706534684e+01,6.592812395175626228e-02,7.391793823315331857e-02,6.833826270760169630e-02,6.682875836297171024e-02,2.670005564148686394e-01,2.827168738500289713e-01,2.718371288867848512e-01,2.688180978576648061e-01
1.260000000000000009e+00,2.368136999460046174e-02,5.207401149612192470e-02,6.422087577014996829e-02,4.586925834869035046e-02,1.380912967920952805e-01,7.351198194198578506e-02,7.265786013979917690e-02,1.190582914201318843e-01,9.247868564057553087e-01,-3.957852113871805633e-03,1.134625617576939227e+01,6.600535170672423846e-02,7.400437743786685008e-02,6.842583883751257590e-02,6.690885254911008162e-02,2.671583486892663561e-01,2.828836717543201096e-01,2.720127372417306955e-01,2.689806053669568930e-01
1.262499999999999956e+00,2.366489774599889878e-02,5.205752677866794936e-02,6.419788993391374599e-02,4.585755961448723800e-02,1.381073544205601022e-01,7.385533697013700605e-02,7.262700362001103804e-02,1.190271036597711635e-01,9.247771521292023067e-01,-3.805613811909887203e-03,1.134916899654940181e+01,6.608255014033422026e-02,7.409073718363221039e-02,6.851340433821068165e-02,6.698892810646892015e-02,2.673159368989908580e-01,2.830501649258593821e-01,2.721881589523719169e-01,2.691429254412406880e-01
1.265000000000000124e+00,2.364844175660656828e-02,5.204095117597298814e-02,6.417487710415588353e-02,4.584609807833195383e-02,1.381232248865907342e-01,7.419808654797262204e-02,7.259613679751256154e-02,1.189958130627861849e-01,9.247678281135149891e-01,-3.653643326794335337e-03,1.135208374533012510e+01,6.615971928748178021e-02,7.417701744898136385e-02,6.860095922692238668e-02,6.706898507041483826e-02,2.674733213741389837e-01,2.832163537516632079e-01,2.723633942933659791e-01,2.693050583848179969e-01
1.267500000000000071e+00,2.363200179071945489e-02,5.202428622123139723e-02,6.415183750553268838e-02,4.583487305971645914e-02,1.381389090857230995e-01,7.454023147049058939e-02,7.256525995482945857e-02,1.189644211574833188e-01,9.247588836898584796e-01,-3.501940093482941267e-03,1.135500041805894256e+01,6.623685918301391862e-02,7.426321821290009229e-02,6.868850352082676858e-02,6.714902347610397781e-02,2.676305024439906144e-01,2.833822386184922659e-01,2.725384435386636328e-01,2.694670045009276982e-01
1.270000000000000018e+00,2.361557761387453672e-02,5.200753345083609230e-02,6.412877136199571226e-02,4.582388387293685750e-02,1.381544079085874344e-01,7.488177253993522076e-02,7.253437337360393866e-02,1.189329294555027533e-01,9.247503181908071079e-01,-3.350503548881873014e-03,1.135791901070575882e+01,6.631396986172917452e-02,7.434933945482521955e-02,6.877603723705556782e-02,6.722904335848367552e-02,2.677874804370127815e-01,2.835478199128501631e-01,2.727133069615129135e-01,2.696287640917541251e-01
1.272499999999999964e+00,2.359916899284421679e-02,5.199069440424881200e-02,6.410567889679021081e-02,4.581312982714814963e-02,1.381697222409471182e-01,7.522271056569988790e-02,7.250347733459344690e-02,1.189013394519353312e-01,9.247421309503410791e-01,-3.199333131830290559e-03,1.136083951926287661e+01,6.639105135837763960e-02,7.443538115464182203e-02,6.886356039269306284e-02,6.730904475229407269e-02,2.679442556808632192e-01,2.837130980209811026e-01,2.728879848344615278e-01,2.697903374584336156e-01
1.275000000000000133e+00,2.358277569563142773e-02,5.197377062387045776e-02,6.408256033245379735e-02,4.580261022641988339e-02,1.381848529637378642e-01,7.556304636422904453e-02,7.247257211766942875e-02,1.188696526254387764e-01,9.247343213038412557e-01,-3.048428283085160510e-03,1.136376193974490079e+01,6.646810370766099985e-02,7.452134329268053636e-02,6.895107300477600065e-02,6.738902769206971122e-02,2.681008285023941395e-01,2.838780733288688296e-01,2.730624774293604062e-01,2.699517249010626174e-01
1.277500000000000080e+00,2.356639749146407711e-02,5.195676365491150306e-02,6.405941589081493026e-02,4.579232436979085302e-02,1.381998009531059668e-01,7.590278075891918053e-02,7.244165800181595616e-02,1.188378704383533241e-01,9.247268885880831624e-01,-2.897788445306085509e-03,1.136668626818860695e+01,6.654512694423260488e-02,7.460722584971475613e-02,6.903857509029352746e-02,6.746899221214115727e-02,2.682571992276563400e-01,2.840427462222346322e-01,2.732367850173669788e-01,2.701129267187047933e-01
1.280000000000000027e+00,2.355003415078982254e-02,5.193967504526220830e-02,6.403624579299145581e-02,4.578227155132443688e-02,1.382145670804466597e-01,7.624191458001967903e-02,7.241073526512856184e-02,1.188059943368171695e-01,9.247198321412349875e-01,-2.747413063040451964e-03,1.136961250065285256e+01,6.662212110269752352e-02,7.469302880695793956e-02,6.912606666618709150e-02,6.754893834663665275e-02,2.684133681819025896e-01,2.842071170865355656e-01,2.734109078689477834e-01,2.702739432093982930e-01
1.282499999999999973e+00,2.353368544527092987e-02,5.192250634536308557e-02,6.401305025938935911e-02,4.577245106016335913e-02,1.382291522124422245e-01,7.658044866453413146e-02,7.237980418481297640e-02,1.187740257508813485e-01,9.247131513028499228e-01,-2.597301582708620715e-03,1.137254063321844377e+01,6.669908621761255763e-02,7.477875214606087562e-02,6.921354774935037368e-02,6.762886612948368348e-02,2.685693356895914596e-01,2.843711863069630641e-01,2.735848462538819637e-01,2.704347746701634136e-01
1.284999999999999920e+00,2.351735114777897540e-02,5.190525910807518295e-02,6.398982950970136252e-02,4.576286218058470134e-02,1.382435572111000710e-01,7.691838385611923790e-02,7.234886503718410133e-02,1.187419660946242850e-01,9.247068454138631655e-01,-2.447453452589325000e-03,1.137547066198803414e+01,6.677602232348633926e-02,7.486439584910900558e-02,6.930101835662923204e-02,6.770877559441057514e-02,2.687251020743910979e-01,2.845349542684411093e-01,2.737586004412642660e-01,2.705954213970093725e-01
1.287500000000000089e+00,2.350103103238957922e-02,5.188793488855047986e-02,6.396658376290552395e-02,4.575350419205458791e-02,1.382577829337894859e-01,7.725572100498470651e-02,7.231791809766459356e-02,1.187098167662650056e-01,9.247009138165868114e-01,-2.297868122805242323e-03,1.137840258308602337e+01,6.685292945477933069e-02,7.494995989861967522e-02,6.938847850482159074e-02,6.778866677494815862e-02,2.688806676591827260e-01,2.846984213556246757e-01,2.739321706995079264e-01,2.707558836849419670e-01
1.290000000000000036e+00,2.348472487437723924e-02,5.187053524410240035e-02,6.394331323726393235e-02,4.574437636928278123e-02,1.382718302332799076e-01,7.759246096779276458e-02,7.228696364078389391e-02,1.186775791482776593e-01,9.246953558547055252e-01,-2.148545045308589314e-03,1.138133639265843122e+01,6.692980764590387988e-02,7.503544427753951196e-02,6.947592821067738456e-02,6.786853970443129658e-02,2.690360327660644701e-01,2.848615879528979544e-01,2.741055572963480569e-01,2.709161618279703476e-01
1.292499999999999982e+00,2.346843245020998822e-02,5.185306173407636110e-02,6.392001815032140322e-02,4.573547798227765165e-02,1.382856999577770085e-01,7.792860460755658691e-02,7.225600194017708922e-02,1.186452546075040526e-01,9.246901708732717662e-01,-1.999483673867028834e-03,1.138427208687279801e+01,6.700665693122428990e-02,7.512084896924171862e-02,6.956336749089848948e-02,6.794839441600052099e-02,2.691911977163546354e-01,2.850244544443729655e-01,2.742787604988440320e-01,2.710762561191144004e-01
1.294999999999999929e+00,2.345215353754443247e-02,5.183551591972045125e-02,6.389669871890424346e-02,4.572680829640059924e-02,1.382993929509600262e-01,7.826415279353858556e-02,7.222503326858370487e-02,1.186128444952661287e-01,9.246853582187014586e-01,-1.850683464049616977e-03,1.138720966191807449e+01,6.708347734505681892e-02,7.520617395752342282e-02,6.965079636213866721e-02,6.802823094260364301e-02,2.693461628305956479e-01,2.851870212138877814e-01,2.744517805733831528e-01,2.712361668504117418e-01
1.297500000000000098e+00,2.343588791522029785e-02,5.181789936405601510e-02,6.387335515911896078e-02,4.571836657242048241e-02,1.383129100520181232e-01,7.859910640114893543e-02,7.219405789784671956e-02,1.185803501474785859e-01,9.246809172387692177e-01,-1.702143873212951745e-03,1.139014911400451169e+01,6.716026892166976348e-02,7.529141922660301245e-02,6.973821484100344026e-02,6.810804931699729337e-02,2.695009284285572737e-01,2.853492886450048616e-01,2.746246177856832005e-01,2.713958943129247681e-01
1.300000000000000044e+00,2.341963536325537137e-02,5.180021363174864418e-02,6.384998768635091748e-02,4.571015206656830338e-02,1.383262520956866359e-01,7.893346631184239293e-02,7.216307609891139951e-02,1.185477728847605522e-01,9.246768472826036867e-01,-1.553864360487425354e-03,1.139309043936355970e+01,6.723703169528345847e-02,7.537658476111754047e-02,6.982562294405009196e-02,6.818784957174854611e-02,2.696554948292404497e-01,2.855112571210097205e-01,2.747972724007955447e-01,2.715554387967475947e-01
1.302499999999999991e+00,2.340339566284038372e-02,5.178246028897913467e-02,6.382659651526327582e-02,4.570216403059135929e-02,1.383394199122828516e-01,7.926723341301609993e-02,7.213208814182445194e-02,1.185151140125467600e-01,9.246731477006843170e-01,-1.405844386763587580e-03,1.139603363424774152e+01,6.731376570007036042e-02,7.546167054612007430e-02,6.991302068778754153e-02,6.826763173923650063e-02,2.698098623508803362e-01,2.856729270249091512e-01,2.749697446831079195e-01,2.717148005910129394e-01
1.304999999999999938e+00,2.338716859633366285e-02,5.176464090331445167e-02,6.380318185979559631e-02,4.569440171180793459e-02,1.383524143277420626e-01,7.960040859790649959e-02,7.210109429573270667e-02,1.184823748211989158e-01,9.246698178448354843e-01,-1.258083414678810071e-03,1.139897869493056959e+01,6.739047097015504750e-02,7.554667656707711454e-02,7.000040808867630249e-02,6.834739585165383602e-02,2.699640313109503698e-01,2.858342987394296708e-01,2.751420348963474760e-01,2.718739799838992832e-01
1.307500000000000107e+00,2.337095394725615879e-02,5.174675704357906136e-02,6.377974393316268586e-02,4.568686435316124395e-02,1.383652361636527328e-01,7.993299276548557208e-02,7.207009482888215857e-02,1.184495565861157784e-01,9.246668570682228250e-01,-1.110580908603893413e-03,1.140192561770642854e+01,6.746714753961428890e-02,7.563160280986597206e-02,7.008778516312844098e-02,6.842714194100840697e-02,2.701180020261651493e-01,2.859953726470161883e-01,2.753141433035837249e-01,2.720329772626374765e-01
1.310000000000000053e+00,2.335475150028614236e-02,5.172881027972647816e-02,6.375628294785368189e-02,4.567955119327386793e-02,1.383778862372920249e-01,8.026498682035757004e-02,7.203909000861741241e-02,1.184166605678438483e-01,9.246642647253489056e-01,-9.633363346299237805e-04,1.140487439889046328e+01,6.754379544247704481e-02,7.571644926077221449e-02,7.017515192750745090e-02,6.850687003912481199e-02,2.702717748124841002e-01,2.861561491298303395e-01,2.754860701672311452e-01,2.721917927135175108e-01
1.312500000000000000e+00,2.333856104125416747e-02,5.171080218271068701e-02,6.373279911563049793e-02,4.567246146650194571e-02,1.383903653616603835e-01,8.059639167265471305e-02,7.200808010138008697e-02,1.183836880121866830e-01,9.246620401720496707e-01,-8.163491605552575248e-04,1.140782503481847776e+01,6.762041471272453586e-02,7.580121590648708496e-02,7.026250839812826776e-02,6.858658017764597548e-02,2.704253499851146936e-01,2.863166285697486546e-01,2.756578157490522929e-01,2.723504266218955139e-01
1.314999999999999947e+00,2.332238235713794336e-02,5.169273432435794735e-02,6.370929264752682453e-02,4.566559440298915279e-02,1.384026743455166741e-01,8.092720823793292384e-02,7.197706537270809335e-02,1.183506401503145317e-01,9.246601827654885586e-01,-6.696188558725626799e-04,1.141077752184684257e+01,6.769700538429025694e-02,7.588590273410497633e-02,7.034985459125714380e-02,6.866627238803467426e-02,2.705787278585161659e-01,2.864768113483617817e-01,2.758293803101604103e-01,2.725088792722002995e-01
1.317500000000000115e+00,2.330621523605713383e-02,5.167460827723890232e-02,6.368576375384724098e-02,4.565894922872116429e-02,1.384148139934122113e-01,8.125743743706718980e-02,7.194604608723505212e-02,1.183175181988734420e-01,9.246586918641532815e-01,-5.231448917562435191e-04,1.141373185635235998e+01,6.777356749106001887e-02,7.597050973112084993e-02,7.043719052311162021e-02,6.874594670157514742e-02,2.707319087464023499e-01,2.866366978469723215e-01,2.760007641110225340e-01,2.726671509479402511e-01
1.320000000000000062e+00,2.329005946726829882e-02,5.165642561454055620e-02,6.366221264416564718e-02,4.565252516557921636e-02,1.384267851057252863e-01,8.158708019614691054e-02,7.191502250868872514e-02,1.182843233600933269e-01,9.246575668278517179e-01,-3.769267410495838683e-04,1.141668803473219462e+01,6.785010106687197617e-02,7.605503688542775143e-02,7.052451620986044389e-02,6.882560314937459511e-02,2.708848929617453938e-01,2.867962884465938833e-01,2.761719674114620493e-01,2.728252419317095945e-01
1.322500000000000009e+00,2.327391484115979084e-02,5.163818790993894570e-02,6.363863952732463913e-02,4.564632143139447235e-02,1.384385884786948906e-01,8.191613744637042671e-02,7.188399489989069635e-02,1.182510568218969049e-01,9.246568070177080267e-01,-2.309638782524117587e-04,1.141964605340373851e+01,6.792660614551666864e-02,7.613948418531428508e-02,7.061183166762355357e-02,6.890524176236477449e-02,2.710376808167787033e-01,2.869555835279490319e-01,2.763429904706613538e-01,2.729831525051952812e-01
1.324999999999999956e+00,2.325778114924661327e-02,5.161989673747168633e-02,6.361504461143412115e-02,4.564033724000187559e-02,1.384502249044545497e-01,8.224461012394003456e-02,7.185296352275517828e-02,1.182177197580070172e-01,9.246564117961572071e-01,-8.525577950874441418e-05,1.142260590880453108e+01,6.800308276073703528e-02,7.622385161946215737e-02,7.069913691247196874e-02,6.898486257130354016e-02,2.711902726230004390e-01,2.871145834714686207e-01,2.765138335471650222e-01,2.731408829491835388e-01
1.327500000000000124e+00,2.324165818416541740e-02,5.160155367141074784e-02,6.359142810387040379e-02,4.563457180129403684e-02,1.384616951710656296e-01,8.257249916995576533e-02,7.182192863828827656e-02,1.181843133280544994e-01,9.246563805269424341e-01,6.019807740554189164e-05,1.142556759739213668e+01,6.807953094622844203e-02,7.630813917694365123e-02,7.078643196042777586e-02,6.906446560677637070e-02,2.713426686911766250e-01,2.872732886572897937e-01,2.766844968988821929e-01,2.732984335435661993e-01
1.330000000000000071e+00,2.322554573966939540e-02,5.158316028613585402e-02,6.356779021127503815e-02,4.562902432127523278e-02,1.384730000625506718e-01,8.289980553031013610e-02,7.179089050658696292e-02,1.181508386776851660e-01,9.246567125751099514e-01,2.053982130946770232e-04,1.142853111564405744e+01,6.815595073563873729e-02,7.639234684721918356e-02,7.087371682746405888e-02,6.914405089919790914e-02,2.714948693313443684e-01,2.874316994652548196e-01,2.768549807830893994e-01,2.734558045673474713e-01
1.332500000000000018e+00,2.320944361062315942e-02,5.156471815600782022e-02,6.354413113955395542e-02,4.562369400211498810e-02,1.384841403589263387e-01,8.322653015558190148e-02,7.175984938683857561e-02,1.181172969386662525e-01,9.246574073070060740e-01,3.503451465550963539e-04,1.143149646005762321e+01,6.823234216256823803e-02,7.647647462013489050e-02,7.096099152950482991e-02,6.922361847881353114e-02,2.716468748528149679e-01,2.875898162749096487e-01,2.770252854564332901e-01,2.736129962986499353e-01
1.334999999999999964e+00,2.319335159299773519e-02,5.154622885524229314e-02,6.352045109387637056e-02,4.561858004220230300e-02,1.384951168362355822e-01,8.355267400092948604e-02,7.172880553731968145e-02,1.180836892289933160e-01,9.246584640902721919e-01,4.950393951870829968e-04,1.143446362714988496e+01,6.830870526056981307e-02,7.656052248592014331e-02,7.104825608242501533e-02,6.930316837570081601e-02,2.717986855641773003e-01,2.877476394655025804e-01,2.771954111749334038e-01,2.737700090147212606e-01
1.337500000000000133e+00,2.317726948386555214e-02,5.152769395778369205e-02,6.349675027867365817e-02,4.561368163619889532e-02,1.385059302665809788e-01,8.387823802598490253e-02,7.169775921539546515e-02,1.180500166529960121e-01,9.246598822938411066e-01,6.394814748067280180e-04,1.143743261345752060e+01,6.838504006314882755e-02,7.664449043518518911e-02,7.113551050205037252e-02,6.938270061977112879e-02,2.719503017733005401e-01,2.879051694159830976e-01,2.773653581939845014e-01,2.739268429919405889e-01
1.340000000000000080e+00,2.316119708139529124e-02,5.150911503717964246e-02,6.347302889763867251e-02,4.560899797509349041e-02,1.385165814181560928e-01,8.420322319474674022e-02,7.166671067751889668e-02,1.180162803014439821e-01,9.246616612879338115e-01,7.836718996572941904e-04,1.144040341553673201e+01,6.846134660376324010e-02,7.672837845891872233e-02,7.122275480415746207e-02,6.946221524077109133e-02,2.721017237873376571e-01,2.880624065050001459e-01,2.775351267683596745e-01,2.740834985058244189e-01
1.342500000000000027e+00,2.314513418484700352e-02,5.149049366645561815e-02,6.344928715372448458e-02,4.560452824625505636e-02,1.385270710552777840e-01,8.452763047547347253e-02,7.163566017922992635e-02,1.179824812516518245e-01,9.246638004440544956e-01,9.276111824207761364e-04,1.144337602996314196e+01,6.853762491582358896e-02,7.681218654848551153e-02,7.130998900447356459e-02,6.954171226828415042e-02,2.722529519127282471e-01,2.882193511109012451e-01,2.777047171522125657e-01,2.742399758310332669e-01
1.344999999999999973e+00,2.312908059456694754e-02,5.147183141798993000e-02,6.342552524914366052e-02,4.560027163348671225e-02,1.385373999384176547e-01,8.485146084057644533e-02,7.160460797515497133e-02,1.179486205675846222e-01,9.246662991349868799e-01,1.071299834229257671e-03,1.144635045333169288e+01,6.861387503269301968e-02,7.689591469562404025e-02,7.139721311867669451e-02,6.962119173173203501e-02,2.724039864552016965e-01,2.883760036117311021e-01,2.778741295990803661e-01,2.743962752413778294e-01
1.347499999999999920e+00,2.311303611198269048e-02,5.145312986338889533e-02,6.340174338536723464e-02,4.559622731707924093e-02,1.385475688242339132e-01,8.517471526651264335e-02,7.157355431900581932e-02,1.179146992999620530e-01,9.246691567347913310e-01,1.214738364676057943e-03,1.144932668225654560e+01,6.869009698768731298e-02,7.697956289244416161e-02,7.148442716239548911e-02,6.970065366037631049e-02,2.725548277197801239e-01,2.885323643852300002e-01,2.780433643618859807e-01,2.745523970098249777e-01
1.350000000000000089e+00,2.309700053959803240e-02,5.143439057336270798e-02,6.337794176312371019e-02,4.559239447386485844e-02,1.385575784656018494e-01,8.549739473367744258e-02,7.154249946357925383e-02,1.178807184863630841e-01,9.246723726187990877e-01,1.357927281826856649e-03,1.145230471337099054e+01,6.876629081407488464e-02,7.706313113142476690e-02,7.157163115120919461e-02,6.978009808331983588e-02,2.727054760107815445e-01,2.886884338088333002e-01,2.782124216929410809e-01,2.747083414085040864e-01
1.352500000000000036e+00,2.308097368098811081e-02,5.141561511760141256e-02,6.335412058239842104e-02,4.558877227727059500e-02,1.385674296116453930e-01,8.581950022629715458e-02,7.151144366075606884e-02,1.178466791513300416e-01,9.246759461636113731e-01,1.500867092230712780e-03,1.145528454332732693e+01,6.884245654507682721e-02,7.714661940541148177e-02,7.165882510064763844e-02,6.985952502950827647e-02,2.728559316318224792e-01,2.888442122596694417e-01,2.783813018439481590e-01,2.748641087087127510e-01
1.354999999999999982e+00,2.306495534079427631e-02,5.139680506465116316e-02,6.333028004243233811e-02,4.558535989737189792e-02,1.385771230077672556e-01,8.614103273232082136e-02,7.148038716150074967e-02,1.178125823064718192e-01,9.246798767470923996e-01,1.643558300930822403e-03,1.145826616879678639e+01,6.891859421386690998e-02,7.723002770761437652e-02,7.174600902619115983e-02,6.993893452773161656e-02,2.730061948858214516e-01,2.889997001145593325e-01,2.785500050660036919e-01,2.750196991809234492e-01
1.357499999999999929e+00,2.304894532471921803e-02,5.137796198179123142e-02,6.330642034172147270e-02,4.558215650094617211e-02,1.385866593956796566e-01,8.646199324331352298e-02,7.144933021586048760e-02,1.177784289505678511e-01,9.246841637483675935e-01,1.786001411475329672e-03,1.146124958646941572e+01,6.899470385357162061e-02,7.731335603160564840e-02,7.183318294327056819e-02,7.001832660662560270e-02,2.731562660750015414e-01,2.891548977500147943e-01,2.787185316095999732e-01,2.751751130947890367e-01
1.360000000000000098e+00,2.303294343952206127e-02,5.135908743491109790e-02,6.328254167801580787e-02,4.557916125152622344e-02,1.385960395134342993e-01,8.678238275434763116e-02,7.141827307296470806e-02,1.177442200696703078e-01,9.246888065478197083e-01,1.928196925927870477e-03,1.146423479305398807e+01,6.907078549727013739e-02,7.739660437131741511e-02,7.192034686726712922e-02,7.009770129467327027e-02,2.733061455008933271e-01,2.893098055422376746e-01,2.788868817246282217e-01,2.753303507191489086e-01
1.362500000000000044e+00,2.301694949301325704e-02,5.134018298838788352e-02,6.325864424831859067e-02,4.557637330945362580e-02,1.386052640954525128e-01,8.710220226389527032e-02,7.138721598102432120e-02,1.177099566372075967e-01,9.246938045270844952e-01,2.070145344878178330e-03,1.146722178527790525e+01,6.914683917799437085e-02,7.747977272103945268e-02,7.200750081351250942e-02,7.017705862020637286e-02,2.734558334643379385e-01,2.894644238671185699e-01,2.790550556603808574e-01,2.754854123220349393e-01
1.364999999999999991e+00,2.300096329404976644e-02,5.132125020496478701e-02,6.323472824888544397e-02,4.557379183193229627e-02,1.386143338725545904e-01,8.742145277372033452e-02,7.135615918733130558e-02,1.176756396140860444e-01,9.246991570690472617e-01,2.211847167452359129e-03,1.147021055988708937e+01,6.922286492872899155e-02,7.756286107541697505e-02,7.209464479728872055e-02,7.025639861140688114e-02,2.736053302654897212e-01,2.896187531002358817e-01,2.792230536655537776e-01,2.756402981706772559e-01
1.367499999999999938e+00,2.298498465253008202e-02,5.130229064562893265e-02,6.321079387522363091e-02,4.557141597308182052e-02,1.386232495719892654e-01,8.774013528876993540e-02,7.132510293825793102e-02,1.176412699487926622e-01,9.247048635578394293e-01,2.353302891323231193e-03,1.147320111364590112e+01,6.929886278241141617e-02,7.764586942944844139e-02,7.218177883382813353e-02,7.033572129630843994e-02,2.737546362038193459e-01,2.897727936168544849e-01,2.793908759882491877e-01,2.757950085315103439e-01
1.370000000000000107e+00,2.296901337938928728e-02,5.128330586949072373e-02,6.318684132209116677e-02,4.556924488399064638e-02,1.386320119174629661e-01,8.805825081706654400e-02,7.129404747925621733e-02,1.176068485774959399e-01,9.247109233788350924e-01,2.494513012720442173e-03,1.147619344333703317e+01,6.937483277193182141e-02,7.772879777848334948e-02,7.226890293831338130e-02,7.041502670279782550e-02,2.739037515781162502e-01,2.899265457919249500e-01,2.795585228759778773e-01,2.759495436701783766e-01
1.372500000000000053e+00,2.295304928659420984e-02,5.126429743366281433e-02,6.316287078349620832e-02,4.556727771276961048e-02,1.386406216291687088e-01,8.837580036959952201e-02,7.126299305485747637e-02,1.175723764241482366e-01,9.247173359186465769e-01,2.635478026440547794e-03,1.147918754576140721e+01,6.945077493013315784e-02,7.781164611822008470e-02,7.235601712587735879e-02,7.049431485861638869e-02,2.740526766864918584e-01,2.900800100000822668e-01,2.797259945756615518e-01,2.761039038515415434e-01
1.375000000000000000e+00,2.293709218713842549e-02,5.124526689314021916e-02,6.313888245269605459e-02,4.556551360460522893e-02,1.386490794238144919e-01,8.869278496021680558e-02,7.123193990867157654e-02,1.175378544005861309e-01,9.247241005651222201e-01,2.776198425856915390e-03,1.148218341773809748e+01,6.952668928981116381e-02,7.789441444470378284e-02,7.244312141160319518e-02,7.057358579136151222e-02,2.742014118263820244e-01,2.902331866156451223e-01,2.798932913336354411e-01,2.762580893396813231e-01
1.377499999999999947e+00,2.292114189503748414e-02,5.122621580068009717e-02,6.311487652219653632e-02,4.556395170181273824e-02,1.386573860146519399e-01,8.900920560551639493e-02,7.120088828338665132e-02,1.175032834066315340e-01,9.247312167073407085e-01,2.916674702929582773e-03,1.148518105610420648e+01,6.960257588371437931e-02,7.797710275432417903e-02,7.253021581052421229e-02,7.065283952848804006e-02,2.743499572945499732e-01,2.903860760126146801e-01,2.800604133956507424e-01,2.764121003979065350e-01
1.380000000000000115e+00,2.290519822532391045e-02,5.120714570668284671e-02,6.309085318375130813e-02,4.556259114388964276e-02,1.386655421115044196e-01,8.932506332473830191e-02,7.116983842076829436e-02,1.174686643301924016e-01,9.247386837356103007e-01,3.056907348214925411e-03,1.148818045771479213e+01,6.967843474454413211e-02,7.805971104381351222e-02,7.261730033762389680e-02,7.073207609730973455e-02,2.744983133870889658e-01,2.905386785646736358e-01,2.802273610068766740e-01,2.765659372887585565e-01
1.382500000000000062e+00,2.288926099404236039e-02,5.118805815907308959e-02,6.306681262836105750e-02,4.556143106756861683e-02,1.386735484207946012e-01,8.964035913965515134e-02,7.113879056165933745e-02,1.174339980473622369e-01,9.247465010414630537e-01,3.196896850875288916e-03,1.149118161944276473e+01,6.975426590495456547e-02,7.814223931024444347e-02,7.270437500783585860e-02,7.081129552500067814e-02,2.746464803994251302e-01,2.906909946451855520e-01,2.803941344119032508e-01,2.767196002740173189e-01
1.385000000000000009e+00,2.287333001824486470e-02,5.116895470318141154e-02,6.304275504627286641e-02,4.556047060687101052e-02,1.386814056455725197e-01,8.995509407446475314e-02,7.110774494597915663e-02,1.173992854225207605e-01,9.247546680176522704e-01,3.336643698688447623e-03,1.149418453817879104e+01,6.983006939755262432e-02,7.822468755102797433e-02,7.279143983604381696e-02,7.089049783859671661e-02,2.747944586263198485e-01,2.908430246271935804e-01,2.805607338547433938e-01,2.768730896147067466e-01
1.387499999999999956e+00,2.285740511598587099e-02,5.114983688162649117e-02,6.301868062697942030e-02,4.555970889315960615e-02,1.386891144855427471e-01,9.026926915568046772e-02,7.107670181272335297e-02,1.173645273084329838e-01,9.247631840581493901e-01,3.476148378057119983e-03,1.149718921083119660e+01,6.990584525489805523e-02,7.830705576391140676e-02,7.287849483708157272e-02,7.096968306499686074e-02,2.749422483618728652e-01,2.909947688834197965e-01,2.807271595788353169e-01,2.770264055711001427e-01
1.390000000000000124e+00,2.284148610631736229e-02,5.113070623419783273e-02,6.299458955921846681e-02,4.555914505519193664e-02,1.386966756370913711e-01,9.058288541202356992e-02,7.104566139996322527e-02,1.173297245463485183e-01,9.247720485581396588e-01,3.615411374018044632e-03,1.150019563432587155e+01,6.998159350950346191e-02,7.838934394697631702e-02,7.296554002573296671e-02,7.104885123096471577e-02,2.750898498995244523e-01,2.911462277862643666e-01,2.808934118270450253e-01,2.771795484027258505e-01
1.392500000000000071e+00,2.282557280928416976e-02,5.111156429773905385e-02,6.297048203097196928e-02,4.555877821917349302e-02,1.387040897933130290e-01,9.089594387431408629e-02,7.101462394484525653e-02,1.172948779661007468e-01,9.247812609140199092e-01,3.754433170251321450e-03,1.150320380560618538e+01,7.005731419383422198e-02,7.847155209863651559e-02,7.305257541673186583e-02,7.112800236312986912e-02,2.752372635320585181e-01,2.912974017078046041e-01,2.810594908416684246e-01,2.773325183683725270e-01
1.395000000000000018e+00,2.280966504591903227e-02,5.109241260603148566e-02,6.294635822946566261e-02,4.555860750881052940e-02,1.387113576440374696e-01,9.120844557536240960e-02,7.098358968359078092e-02,1.172599883862054104e-01,9.247908205233933421e-01,3.893214249089424310e-03,1.150621372163288214e+01,7.013300734030857020e-02,7.855368021763610431e-02,7.313960102476214920e-02,7.120713648798929207e-02,2.753844895516049385e-01,2.914482910197943588e-01,2.812253968644336521e-01,2.774853157260949166e-01
1.397499999999999964e+00,2.279376263823787094e-02,5.107325268967852910e-02,6.292221834116830392e-02,4.555863204536313854e-02,1.387184798758560877e-01,9.152039154986064962e-02,7.095255885149569230e-02,1.172250566139588501e-01,9.248007267850685276e-01,4.031755091526215140e-03,1.150922537938398449e+01,7.020867298129754297e-02,7.863572830304747796e-02,7.322661686445766649e-02,7.128625363190874142e-02,2.755315282496421103e-01,2.915988960936629071e-01,2.813911301365034645e-01,2.776379407332186799e-01
1.400000000000000133e+00,2.277786540923490075e-02,5.105408607599049020e-02,6.289806255179108962e-02,4.555885094769827198e-02,1.387254571721478202e-01,9.183178283427408106e-02,7.092153168292972265e-02,1.171900834455365387e-01,9.248109790990536316e-01,4.170056177225763688e-03,1.151223877585471733e+01,7.028431114912499222e-02,7.871769635426938139e-02,7.331362295040222410e-02,7.136535382112411952e-02,2.756783799169997828e-01,2.917492173005147293e-01,2.815566908984775130e-01,2.777903936463461676e-01
1.402500000000000080e+00,2.276197318287793633e-02,5.103491428886995640e-02,6.287389104628698933e-02,4.555926333234266296e-02,1.387322902131048474e-01,9.214262046673274420e-02,7.089050841133644199e-02,1.171550696660902807e-01,9.248215768665557501e-01,4.308117984531134766e-03,1.151525390805739235e+01,7.035992187606761317e-02,7.879958437102499436e-02,7.340061929712957123e-02,7.144443708174287588e-02,2.758250448438612779e-01,2.918992550111281226e-01,2.817220793903944531e-01,2.779426747213613602e-01
1.405000000000000027e+00,2.274608578410356602e-02,5.101573884869777670e-02,6.284970400885030173e-02,4.555986831353573546e-02,1.387389796757588223e-01,9.245290548692274013e-02,7.085948926923255065e-02,1.171200160498460513e-01,9.248325194899752466e-01,4.445940990473027168e-03,1.151827077302133340e+01,7.043550519435488877e-02,7.888139235336001642e-02,7.348760591912337214e-02,7.152350343974536728e-02,2.759715233197662099e-01,2.920490095959550891e-01,2.818872958517343319e-01,2.780947842134354753e-01
1.407499999999999973e+00,2.273020303881234661e-02,5.099656127221956214e-02,6.282550162291580809e-02,4.556066500328251334e-02,1.387455262340053230e-01,9.276263893597812282e-02,7.082847448820778213e-02,1.170849233602013900e-01,9.248438063729036429e-01,4.583525670778393520e-03,1.152128936779277524e+01,7.051106113616913140e-02,7.896312030164076567e-02,7.357458283081717842e-02,7.160255292098624547e-02,2.761178156336130951e-01,2.921984814251203377e-01,2.820523405214206969e-01,2.782467223770318521e-01
1.409999999999999920e+00,2.271432477386417514e-02,5.097738307243270678e-02,6.280128407115856404e-02,4.556165251140621014e-02,1.387519305586299156e-01,9.307182185637169480e-02,7.079746429892447290e-02,1.170497923498217546e-01,9.248554369201199554e-01,4.720872499878901382e-03,1.152430968943477296e+01,7.058658973364545508e-02,7.904476821655234686e-02,7.366155004659444283e-02,7.168158555119578945e-02,2.762639220736615719e-01,2.923476708684208947e-01,2.822172136378230944e-01,2.783984894659114473e-01
1.412500000000000089e+00,2.269845081707339354e-02,5.095820575847441469e-02,6.277705153549301142e-02,4.556282994560140881e-02,1.387581933173322180e-01,9.338045529180788451e-02,7.076645893111724317e-02,1.170146237607378042e-01,9.248674105375880306e-01,4.857981950919264269e-03,1.152733173502710073e+01,7.066209101887177546e-02,7.912633609909679178e-02,7.374850758078846380e-02,7.176060135598126555e-02,2.764098429275351210e-01,2.924965782953253268e-01,2.823819154387589014e-01,2.785500857331376645e-01
1.415000000000000036e+00,2.268258099720416726e-02,5.093903083550944261e-02,6.275280419707270074e-02,4.556419641148650584e-02,1.387643151747509074e-01,9.368854028711320892e-02,7.073545861359264997e-02,1.169794183244412533e-01,9.248797266324526589e-01,4.994854495765534488e-03,1.153035550166618073e+01,7.073756502388880985e-02,7.920782395059122738e-02,7.383545544768239932e-02,7.183960036082827350e-02,2.765555784822233409e-01,2.926452040749730199e-01,2.825464461614957123e-01,2.787015114310815722e-01
1.417499999999999982e+00,2.266671514396566972e-02,5.091985980461959105e-02,6.272854223628968051e-02,4.556575101265642608e-02,1.387702967924879793e-01,9.399607788812899822e-02,7.070446357422900674e-02,1.169441767619811834e-01,9.248923846130372439e-01,5.131490605013287569e-03,1.153338098646497123e+01,7.081301178069006330e-02,7.928923177266608557e-02,7.392239366150925306e-02,7.191858259110209262e-02,2.767011290240845023e-01,2.927935485761740120e-01,2.827108060427535041e-01,2.788527668114268998e-01
1.419999999999999929e+00,2.265085308800753039e-02,5.090069416269291103e-02,6.270426583277385890e-02,4.556749285073555256e-02,1.387761388291327558e-01,9.430306914160263565e-02,7.067347403997598088e-02,1.169088997840597582e-01,9.249053838888390278e-01,5.267890747995701735e-03,1.153640818655289202e+01,7.088843132122182866e-02,7.937055956726334072e-02,7.400932223645184660e-02,7.199754807204898632e-02,2.768464948388480451e-01,2.929416121674081608e-01,2.828749953187068567e-01,2.790038521251754777e-01
1.422500000000000098e+00,2.263499466091490470e-02,5.088153540231378502e-02,6.267997516539271230e-02,4.556942102542996947e-02,1.387818419402860604e-01,9.460951509507971313e-02,7.064249023685451045e-02,1.168735880911276337e-01,9.249187238705285363e-01,5.404055392791554981e-03,1.153943709907570714e+01,7.096382367738315877e-02,7.945180733663473327e-02,7.409624118664280557e-02,7.207649682879754827e-02,2.769916762116166331e-01,2.930893952168248107e-01,2.830390142249868957e-01,2.791547676226512342e-01
1.425000000000000044e+00,2.261913969520402273e-02,5.086238501165398634e-02,6.265567041225082734e-02,4.557153463458028103e-02,1.387874067785831445e-01,9.491541679679595112e-02,7.061151238995637403e-02,1.168382423734791592e-01,9.249324039699438060e-01,5.539985006233126737e-03,1.154246772119547515e+01,7.103918888102586648e-02,7.953297508334004895e-02,7.418315052616455962e-02,7.215542888636003460e-02,2.771366734268688181e-01,2.932368980922421819e-01,2.832028629966837352e-01,2.793055135535063571e-01
1.427499999999999991e+00,2.260328802431731121e-02,5.084324447436387034e-02,6.263135175068922089e-02,4.557383277421411805e-02,1.387928339937176403e-01,9.522077529556979836e-02,7.058054072344410734e-02,1.168028633113476489e-01,9.249464236000883854e-01,5.675680053913933001e-03,1.154550005009041946e+01,7.111452696395455242e-02,7.961406281024538401e-02,7.427005026904932861e-02,7.223434426963364074e-02,2.772814867684615936e-01,2.933841211611472044e-01,2.833665418683483650e-01,2.794560901667252906e-01
1.429999999999999938e+00,2.258743948261894216e-02,5.082411526946452318e-02,6.260701935728497924e-02,4.557631453859842946e-02,1.387981242324644870e-01,9.552559164069408804e-02,7.054957546055065642e-02,1.167674515749991815e-01,9.249607821751286707e-01,5.811141000196489229e-03,1.154853408295486084e+01,7.118983795792652169e-02,7.969507052052147988e-02,7.435694042927912251e-02,7.231324300340180589e-02,2.774261165196321710e-01,2.935310647906947956e-01,2.835300510739948154e-01,2.796064977106300087e-01
1.432500000000000107e+00,2.257159390538991325e-02,5.080499887124052816e-02,6.258267340785091115e-02,4.557897902029212078e-02,1.388032781387024406e-01,9.582986688182852653e-02,7.051861682357922489e-02,1.167320078248278298e-01,9.249754791103909080e-01,5.946368308219992550e-03,1.155156981699911611e+01,7.126512189465182556e-02,7.977599821764204402e-02,7.444382102078572760e-02,7.239212511233554526e-02,2.775705629630006999e-01,2.936777293477076389e-01,2.836933908471023225e-01,2.797567364328846229e-01
1.435000000000000053e+00,2.255575112882368671e-02,5.078589674913319002e-02,6.255831407743508987e-02,4.558182531019833866e-02,1.388082963534373326e-01,9.613360206889245974e-02,7.048766503390321847e-02,1.166965327114491552e-01,9.249905138223564194e-01,6.081362439907725577e-03,1.155460724944942363e+01,7.134037880579323365e-02,7.985684590538209837e-02,7.453069205745069259e-02,7.247099062099468525e-02,2.777148263805727102e-01,2.938241151986757949e-01,2.838565614206173815e-01,2.799068065805005445e-01
1.437500000000000000e+00,2.253991099002136331e-02,5.076681036763482785e-02,6.253394154032043684e-02,4.558485249761681096e-02,1.388131795148236647e-01,9.643679825195708433e-02,7.045672031196600904e-02,1.166610268757942714e-01,9.250058857286607150e-01,6.216123855974537392e-03,1.155764637754782775e+01,7.141560872296622009e-02,7.993761358781636961e-02,7.461755355310534243e-02,7.254983955382918182e-02,2.778589070537409444e-01,2.939702227097566456e-01,2.840195630269558014e-01,2.800567083998407036e-01
1.439999999999999947e+00,2.252407332698711309e-02,5.074774118618330387e-02,6.250955597002424979e-02,4.558805967029589540e-02,1.388179282581871177e-01,9.673945648113874141e-02,7.042578287728053221e-02,1.166254909492030895e-01,9.250215942480896070e-01,6.350653015934268168e-03,1.156068719855211491e+01,7.149081167773896350e-02,8.001830126931769316e-02,7.470440552153075064e-02,7.262867193518038333e-02,2.780028052632880220e-01,2.941160522467741179e-01,2.841823958980047582e-01,2.802064421366247671e-01
1.442500000000000115e+00,2.250823797862366513e-02,5.072869065905750291e-02,6.248515753929791833e-02,4.559144591448505840e-02,1.388225432160463679e-01,9.704157780649103060e-02,7.039485294842955099e-02,1.165899255535175066e-01,9.250376388005754347e-01,6.484950378106896229e-03,1.156372970973571235e+01,7.156598770163229151e-02,8.009890895455541726e-02,7.479124797645773925e-02,7.270748778928227962e-02,2.781465212893886041e-01,2.942616041752188494e-01,2.843450602651250159e-01,2.803560080359335238e-01
1.445000000000000062e+00,2.249240478472759944e-02,5.070966023527365835e-02,6.246074642012659772e-02,4.559501031498692375e-02,1.388270250181344589e-01,9.734316327789868661e-02,7.036393074306535045e-02,1.165543313011745824e-01,9.250540188071962877e-01,6.619016399625823888e-03,1.156677390838760644e+01,7.164113682611969458e-02,8.017943664849384866e-02,7.487808093156690659e-02,7.278628714026279256e-02,2.782900554116113367e-01,2.944068788602476894e-01,2.845075563591524803e-01,2.805054063422134925e-01
1.447500000000000009e+00,2.247657358598481245e-02,5.069065135848168507e-02,6.243632278372875793e-02,4.559875195520925184e-02,1.388313742914204507e-01,9.764421394497004025e-02,7.033301647790958511e-02,1.165187087952988115e-01,9.250707336901697886e-01,6.752851536444871849e-03,1.156981979181224496e+01,7.171625908262733995e-02,8.025988435639075380e-02,7.496490440048859949e-02,7.286507001214498347e-02,2.784334079089217928e-01,2.945518766666838095e-01,2.846698844104010306e-01,2.806546372992818617e-01
1.449999999999999956e+00,2.246074422396589915e-02,5.067166546686319856e-02,6.241188680055583665e-02,4.560266991721713403e-02,1.388355916601300422e-01,9.794473085693115866e-02,7.030211036875314012e-02,1.164830586297948278e-01,9.250877828728535368e-01,6.886456243345312651e-03,1.157286735732945360e+01,7.179135450253398831e-02,8.034025208379580452e-02,7.505171839680291335e-02,7.294383642884834373e-02,2.785765790596836933e-01,2.946965979590162599e-01,2.848320446486636848e-01,2.808037011503305425e-01
1.452500000000000124e+00,2.244491654112176077e-02,5.065270399302956167e-02,6.238743864029212133e-02,4.560676328178466660e-02,1.388396777457669984e-01,9.824471506251873654e-02,7.027121263045633948e-02,1.164473813894389975e-01,9.251051657797397798e-01,7.019830973942847718e-03,1.157591660227435071e+01,7.186642311717102161e-02,8.042053983654912086e-02,7.513852293403969207e-02,7.302258641418997442e-02,2.787195691416620158e-01,2.948410431013999133e-01,2.849940373032152086e-01,2.809525981379312753e-01
1.455000000000000071e+00,2.242909038077883083e-02,5.063376836392071562e-02,6.236297847185415938e-02,4.561103112844710344e-02,1.388436331671333845e-01,9.854416760987411150e-02,7.024032347694857126e-02,1.164116776499714428e-01,9.251228818364534146e-01,7.152976180694369315e-03,1.157896752399725848e+01,7.194146495782242912e-02,8.050074762077980006e-02,7.522531802567855586e-02,7.310131999188586305e-02,2.788623784320246601e-01,2.949852124576555767e-01,2.851558626028137811e-01,2.811013285040396825e-01
1.457500000000000018e+00,2.241326558713475567e-02,5.061486000070503088e-02,6.233850646339070267e-02,4.561547253555241904e-02,1.388474585403496886e-01,9.884308954643733491e-02,7.020944312122837094e-02,1.163759479781874689e-01,9.251409304697493230e-01,7.285892314904745919e-03,1.158202011986360347e+01,7.201648005572475197e-02,8.058087544290448712e-02,7.531210368514887343e-02,7.318003718555206316e-02,2.790050072073446685e-01,2.951291063912694912e-01,2.853175207757031595e-01,2.812498924899998198e-01
1.459999999999999964e+00,2.239744200525374193e-02,5.059598031867982432e-02,6.231402278228218017e-02,4.562008658031335706e-02,1.388511544788755270e-01,9.914148191884104844e-02,7.017857177536335200e-02,1.163401929320287964e-01,9.251593111075091524e-01,7.418579826733520850e-03,1.158507438725385796e+01,7.209146844206709703e-02,8.066092330962595924e-02,7.539887992582978982e-02,7.325873801870591562e-02,2.791474557436025017e-01,2.952727252653937762e-01,2.854790120496145112e-01,2.813982903365486732e-01
1.462500000000000133e+00,2.238161948106206015e-02,5.057713072717221620e-02,6.228952759514088527e-02,4.562487233885866023e-02,1.388547215935289625e-01,9.943934577280499898e-02,7.014770965049040019e-02,1.163044130606741555e-01,9.251780231787385400e-01,7.551039165201394940e-03,1.158813032356341566e+01,7.216643014799109523e-02,8.074089122793171036e-02,7.548564676105019855e-02,7.333742251476728369e-02,2.792897243161880927e-01,2.954160694428460410e-01,2.856403366517683562e-01,2.815465222838205994e-01
1.465000000000000080e+00,2.236579786134365588e-02,5.055831262944134041e-02,6.226502106781014317e-02,4.562982888628514672e-02,1.388581604925062107e-01,9.973668215303038709e-02,7.011685695681525721e-02,1.162686089046303661e-01,9.251970661135640039e-01,7.683270778196876587e-03,1.159118792620253480e+01,7.224136520459090161e-02,8.082077920509260494e-02,7.557240420408878334e-02,7.341609069705969104e-02,2.794318131999028454e-01,2.955591392861096622e-01,2.858014948088767326e-01,2.816945885713514897e-01
1.467500000000000027e+00,2.234997699373555968e-02,5.053952742258092240e-02,6.224050336536453287e-02,4.563495529670858614e-02,1.388614717814012078e-01,1.000334921030949231e-01,7.008601390361299255e-02,1.162327809958218633e-01,9.252164393432307232e-01,7.815275112482658604e-03,1.159424719259624226e+01,7.231627364291316751e-02,8.090058724866153184e-02,7.565915226817401806e-02,7.349474258881154298e-02,2.795737226689620769e-01,2.957019351573337285e-01,2.859624867471449172e-01,2.818424894380832657e-01
1.469999999999999973e+00,2.233415672672351901e-02,5.052077649742264809e-02,6.221597465210948474e-02,4.564025064331581061e-02,1.388646560632246785e-01,1.003297766653479528e-01,7.005518069922773983e-02,1.161969298576816245e-01,9.252361423000989848e-01,7.947052613701908325e-03,1.159730812018423940e+01,7.239115549395701288e-02,8.098031536647209983e-02,7.574589096648415287e-02,7.357337821315729220e-02,2.797154529969966830e-01,2.958444574183332065e-01,2.861233126922733683e-01,2.819902251223679324e-01
1.472499999999999920e+00,2.231833690963739431e-02,5.050206123844047656e-02,6.219143509158110011e-02,4.564571399841541727e-02,1.388677139384226211e-01,1.006255368808049722e-01,7.002435755107275228e-02,1.161610560052400154e-01,9.252561744176421854e-01,8.078603726384601946e-03,1.160037070642081680e+01,7.246601078867399848e-02,8.105996356663729141e-02,7.583262031214726973e-02,7.365199759313861838e-02,2.798570044570554693e-01,2.959867064305888862e-01,2.862839728694597241e-01,2.821377958619721293e-01
1.475000000000000089e+00,2.230251739264696442e-02,5.048338302365565355e-02,6.216688484654597086e-02,4.565134443348951160e-02,1.388706460048953761e-01,1.009207737890439466e-01,6.999354466563068033e-02,1.161251599452147176e-01,9.252765351304435004e-01,8.209928893953733972e-03,1.160343494877479031e+01,7.254083955796811201e-02,8.113953185754824160e-02,7.591934031824122686e-02,7.373060075170558003e-02,2.799983773216070393e-01,2.961286825552478796e-01,2.864444675034006904e-01,2.822852018940809060e-01
1.477500000000000036e+00,2.228669802675724634e-02,5.046474322454234246e-02,6.214232407900096428e-02,4.565714101924456259e-02,1.388734528580158334e-01,1.012154884281006723e-01,6.996274224845341894e-02,1.160892421760996440e-01,9.252972238741931088e-01,8.341028558731361855e-03,1.160650084472938204e+01,7.261564183269576811e-02,8.121902024787294727e-02,7.600605099779372820e-02,7.380918771171778026e-02,2.801395718625421249e-01,2.962703861531233995e-01,2.866047968182938721e-01,2.824324434553023289e-01
1.479999999999999982e+00,2.227087866380423817e-02,5.044614320593436563e-02,6.211775295017321619e-02,4.566310282566243828e-02,1.388761350906475567e-01,1.015096818343648594e-01,6.993195050416235736e-02,1.160533031882537841e-01,9.253182400856857504e-01,8.471903161944720900e-03,1.160956839178215994e+01,7.269041764366573899e-02,8.129842874655510143e-02,7.609275236378230944e-02,7.388775849594547696e-02,2.802805883511752527e-01,2.964118175846953140e-01,2.867649610378397163e-01,2.825795207816713672e-01
1.482499999999999929e+00,2.225505915645055108e-02,5.042758432593238277e-02,6.209317162051977701e-02,4.566922892205165646e-02,1.388786932931627693e-01,1.018033550424765205e-01,6.990116963644839310e-02,1.160173434639895085e-01,9.253395832028182832e-01,8.602553143732219465e-03,1.161263758744494190e+01,7.276516702163915440e-02,8.137775736281281647e-02,7.617944442913435199e-02,7.396631312707074857e-02,2.804214270582467972e-01,2.965529772101100914e-01,2.869249603852431774e-01,2.827264341086538901e-01
1.485000000000000098e+00,2.223923935818081232e-02,5.040906793581225592e-02,6.206858024972770893e-02,4.567551837709798307e-02,1.388811280534597292e-01,1.020965090852223173e-01,6.987039984807218163e-02,1.159813634776613034e-01,9.253612526645857983e-01,8.732978943149199980e-03,1.161570842924370872e+01,7.283988999732948777e-02,8.145700610613751391e-02,7.626612720672711065e-02,7.404485162768861817e-02,2.805620882539253680e-01,2.966938653891814659e-01,2.870847950832159934e-01,2.828731836711509962e-01
1.487500000000000044e+00,2.222341912329757474e-02,5.039059537993385851e-02,6.204397899671371119e-02,4.568197025891520408e-02,1.388834399569804645e-01,1.023891449934328512e-01,6.983964134086402542e-02,1.159453636957527567e-01,9.253832479110803977e-01,8.863180998173889047e-03,1.161878091471853303e+01,7.291458660140252845e-02,8.153617498629273097e-02,7.635280070938771368e-02,7.412337402030816369e-02,2.807025722078092533e-01,2.968344824813904381e-01,2.872444653539780735e-01,2.830197697035028992e-01
1.489999999999999991e+00,2.220759830691673015e-02,5.037216799565095299e-02,6.201936801962437684e-02,4.568858363509594595e-02,1.388856295867277324e-01,1.026812637958791075e-01,6.980889431572447068e-02,1.159093445769651676e-01,9.254055683834870871e-01,8.993159745713113357e-03,1.162185504142346559e+01,7.298925686447634009e-02,8.161526401331302416e-02,7.643946494989319052e-02,7.420188032735364203e-02,2.808428791889288068e-01,2.969748288458857188e-01,2.874039714192597739e-01,2.831661924394928698e-01
1.492499999999999938e+00,2.219177676496334600e-02,5.035378711322174849e-02,6.199474747583567924e-02,4.569535757276205201e-02,1.388876975232822553e-01,1.029728665191707582e-01,6.977815897262390488e-02,1.158733065723038802e-01,9.254282135240824436e-01,9.122915621607876821e-03,1.162493080692649094e+01,7.306390081712123286e-02,8.169427319750283134e-02,7.652611994097048564e-02,7.428037057116555764e-02,2.809830094657481681e-01,2.971149048414841731e-01,2.875633135003032859e-01,2.833124521123512318e-01
1.495000000000000107e+00,2.217595435416717942e-02,5.033545405572040221e-02,6.197011752195327738e-02,4.570229113861522252e-02,1.388896443448187912e-01,1.032639541876532868e-01,6.974743551060330615e-02,1.158372501251660192e-01,9.254511827762310627e-01,9.252449060639171899e-03,1.162800820880940655e+01,7.313851848985976345e-02,8.177320254943543087e-02,7.661276569529647251e-02,7.435884477400178660e-02,2.811229633061672062e-01,2.972547108266711535e-01,2.877224918178647450e-01,2.834585489547592485e-01
1.497500000000000053e+00,2.216013093205850687e-02,5.031717013894929785e-02,6.194547831381241182e-02,4.570938339898718283e-02,1.388914706271233146e-01,1.035545278233066246e-01,6.971672412777413230e-02,1.158011756714265178e-01,9.254744755843832271e-01,9.381760496533303462e-03,1.163108724466775890e+01,7.321310991316669348e-02,8.185205207995184529e-02,7.669940222549798126e-02,7.443730295803865915e-02,2.812627409775235732e-01,2.973942471596009995e-01,2.878815065922160077e-01,2.836044831988530635e-01
1.500000000000000000e+00,2.214430635696374924e-02,5.029893667135215685e-02,6.192083000647752994e-02,4.571663341989004592e-02,1.388931769436088925e-01,1.038445884456430934e-01,6.968602502131857057e-02,1.157650836395250488e-01,9.254980913940717979e-01,9.510850361967497155e-03,1.163416791211075108e+01,7.328767511746897556e-02,8.193082180015985594e-02,7.678602954415181259e-02,7.451574514537201432e-02,2.814023427465946470e-01,2.975335141980975928e-01,2.880403580431462607e-01,2.837502550762275311e-01
1.502499999999999947e+00,2.212848048800113848e-02,5.028075495392794747e-02,6.189617275424282028e-02,4.572404026706613361e-02,1.388947638653313665e-01,1.041341370716063197e-01,6.965533838748989848e-02,1.157289744505513723e-01,9.255220296519107714e-01,9.639719088575223263e-03,1.163725020876117178e+01,7.336221413314569784e-02,8.200951172143297607e-02,7.687264766378475167e-02,7.459417135801826859e-02,2.815417688795990858e-01,2.976725122996545791e-01,2.881990463899641308e-01,2.838958648179399913e-01
1.505000000000000115e+00,2.211265318507656813e-02,5.026262628014575851e-02,6.187150671063165741e-02,4.573160300603833911e-02,1.388962319610057838e-01,1.044231747154708151e-01,6.962466442161266422e-02,1.156928485183317534e-01,9.255462898055913934e-01,9.768367106951548334e-03,1.164033413225529046e+01,7.343672699052809782e-02,8.208812185540945161e-02,7.695925659687360976e-02,7.467258161791548443e-02,2.816810196421992152e-01,2.978112418214364232e-01,2.883575718514991282e-01,2.840413126545140443e-01
1.507500000000000062e+00,2.209682430887927040e-02,5.024455193586047086e-02,6.184683202839709459e-02,4.573932070215959433e-02,1.388975817970212745e-01,1.047117023887408210e-01,6.959400331808288098e-02,1.156567062495136439e-01,9.255708713038799385e-01,9.896794846658403533e-03,1.164341968024278984e+01,7.351121371989949305e-02,8.216665221399135910e-02,7.704585635584523806e-02,7.475097594692442504e-02,2.818200952995025821e-01,2.979497031202784640e-01,2.885159346461036445e-01,2.841865988159434364e-01
1.510000000000000009e+00,2.208099372087754184e-02,5.022653319922932430e-02,6.182214885952155153e-02,4.574719242066296876e-02,1.388988139374568442e-01,1.049997211000503472e-01,6.956335527036855426e-02,1.156205480436513916e-01,9.255957735966159339e-01,1.002500273622977493e-02,1.164650685038667355e+01,7.358567435149528102e-02,8.224510280934362039e-02,7.713244695307655552e-02,7.482935436682958130e-02,2.819589961160636760e-01,2.980878965526878588e-01,2.886741349916545629e-01,2.843317235316954461e-01
1.512499999999999956e+00,2.206516128331460422e-02,5.020857134062926830e-02,6.179745735521701561e-02,4.575521722671090780e-02,1.388999289440960294e-01,1.052872318550636538e-01,6.953272047100969577e-02,1.155843742932902429e-01,9.256209961347089399e-01,1.015299120317684003e-02,1.164959564036320216e+01,7.366010891550292539e-02,8.232347365389311444e-02,7.721902840089457654e-02,7.490771689934018485e-02,2.820977223558862046e-01,2.982258224748439712e-01,2.888321731055550901e-01,2.844766870307148254e-01
1.515000000000000124e+00,2.204932685920437188e-02,5.019066762257537451e-02,6.177275766592506961e-02,4.576339418544499160e-02,1.389009273764418295e-01,1.055742356563757339e-01,6.950209911161886467e-02,1.155481853840516770e-01,9.256465383701352190e-01,1.028076067399303142e-02,1.165268604786177953e+01,7.373451744206188652e-02,8.240176476032783082e-02,7.730560071157641100e-02,7.498606356609124890e-02,2.822362742824246484e-01,2.983634812425994265e-01,2.889900492047365321e-01,2.846214895414273527e-01
1.517500000000000071e+00,2.203349031232713570e-02,5.017282329963991538e-02,6.174804994131697505e-02,4.577172236203511102e-02,1.389018097917315286e-01,1.058607335034132124e-01,6.947149138288134795e-02,1.155119816947166728e-01,9.256723997559367367e-01,1.040831157415901022e-02,1.165577807058490123e+01,7.380889996126362151e-02,8.247997614159595370e-02,7.739216389734933366e-02,7.506439438864458136e-02,2.823746521585862035e-01,2.985008732114805552e-01,2.891477635056598494e-01,2.847661312917435517e-01
1.520000000000000018e+00,2.201765150722554548e-02,5.015503961837244895e-02,6.172333433029377620e-02,4.578020082172853944e-02,1.389025767449507398e-01,1.061467263923360077e-01,6.944089747455577111e-02,1.154757635973097385e-01,9.256985797462174981e-01,1.053564432814766728e-02,1.165887170624803915e+01,7.388325650315157034e-02,8.255810781090507089e-02,7.747871797039077024e-02,7.514270938848978398e-02,2.825128562467323912e-01,2.986379987366880595e-01,2.893053162243176546e-01,2.849106125090620778e-01
1.522499999999999964e+00,2.200181030920038763e-02,5.013731781722083336e-02,6.169861098098640417e-02,4.578882862989920588e-02,1.389032287888477268e-01,1.064322153159385220e-01,6.941031757547413972e-02,1.154395314571823178e-01,9.257250777961418819e-01,1.066275935942891454e-02,1.166196695257959348e+01,7.395758709772108641e-02,8.263615978172135501e-02,7.756526294282836687e-02,7.522100858704523774e-02,2.826508868086811122e-01,2.987748581730980679e-01,2.894627075762356005e-01,2.850549334202732155e-01
1.525000000000000133e+00,2.198596658430639061e-02,5.011965912645294230e-02,6.167388004075579494e-02,4.579760485209655174e-02,1.389037664739472822e-01,1.067172012635530520e-01,6.937975187354242235e-02,1.154032856330960699e-01,9.257518933619313106e-01,1.078965709047462196e-02,1.166506380732078441e+01,7.403189177491945050e-02,8.271413206776878635e-02,7.765179882674000389e-02,7.529929200565910197e-02,2.827887441057082007e-01,2.989114518752626903e-01,2.896199377764742677e-01,2.851990942517627081e-01
1.527500000000000080e+00,2.197012019934816568e-02,5.010206476807970571e-02,6.164914165619295172e-02,4.580652855409413082e-02,1.389041903485644103e-01,1.070016852209510760e-01,6.934920055574098074e-02,1.153670264773052068e-01,9.257790259008622513e-01,1.091633794276320943e-02,1.166816226822558988e+01,7.410617056464581520e-02,8.279202468302840345e-02,7.773832563415379593e-02,7.537755966561027199e-02,2.829264283985495343e-01,2.990477801974110728e-01,2.897770070396308850e-01,2.853430952294149225e-01
1.530000000000000027e+00,2.195427102187600538e-02,5.008453595577849055e-02,6.162439597311937522e-02,4.581559880193829259e-02,1.389045009588176782e-01,1.072856681702477333e-01,6.931866380812491679e-02,1.153307543356393017e-01,9.258064748712632186e-01,1.104280233678447617e-02,1.167126233306064442e+01,7.418042349675119107e-02,8.286983764173753986e-02,7.782484337704817512e-02,7.545581158810933664e-02,2.830639399474023654e-01,2.991838434934502300e-01,2.899339155798409950e-01,2.854869365786162905e-01
1.532499999999999973e+00,2.193841892018185552e-02,5.006707389481788312e-02,6.159964313658689017e-02,4.582481466199663650e-02,1.389046988486428991e-01,1.075691510898041797e-01,6.928814181582450271e-02,1.152944695475847520e-01,9.258342397325136641e-01,1.116905069204416658e-02,1.167436399960516624e+01,7.425465060103841886e-02,8.294757095838917182e-02,7.791135206735190499e-02,7.553404779429957749e-02,2.832012790119274315e-01,2.993196421169658228e-01,2.900906636107800085e-01,2.856306185242589168e-01
1.535000000000000142e+00,2.192256376329518308e-02,5.004967978198319317e-02,6.157488329087805468e-02,4.583417520100612624e-02,1.389047845598053721e-01,1.078521349541325947e-01,6.925763476304573618e-02,1.152581724463672408e-01,9.258623199450399799e-01,1.129508342706858973e-02,1.167746726565088444e+01,7.432885190726212787e-02,8.302522464773116895e-02,7.799785171694409436e-02,7.561226830525787090e-02,2.833384458512504533e-01,2.994551764212230460e-01,2.902472513456649805e-01,2.857741412907436884e-01
1.537500000000000089e+00,2.190670542097890999e-02,5.003235480550282527e-02,6.155011657950631293e-02,4.584367948612168980e-02,1.389047586319135108e-01,1.081346207338001325e-01,6.922714283307061789e-02,1.152218633590326585e-01,9.258907149703133888e-01,1.142090095940909156e-02,1.168057212900194131e+01,7.440302744512873601e-02,8.310279872476569740e-02,7.808434233765425281e-02,7.569047314199563170e-02,2.834754407239640783e-01,2.995904467591680720e-01,2.904036789972561095e-01,2.859175051019838820e-01
1.540000000000000036e+00,2.189084376372541288e-02,5.001510014497573958e-02,6.152534314521620334e-02,4.585332658496343167e-02,1.389046216024308611e-01,1.084166093953340820e-01,6.919666620825795644e-02,1.151855426065278160e-01,9.259194242708485012e-01,1.154650370564653389e-02,1.168367858747482657e+01,7.447717724429639419e-02,8.318029320474856769e-02,7.817082394126231848e-02,7.576866232545977076e-02,2.836122638881293234e-01,2.997254534834284945e-01,2.905599467778587353e-01,2.860607101814082176e-01
1.542499999999999982e+00,2.187497866275233196e-02,4.999791697129980783e-02,6.150056312998368468e-02,4.586311556566496223e-02,1.389043740066889521e-01,1.086981019011275390e-01,6.916620507004365981e-02,1.151492105037816571e-01,9.259484473101997626e-01,1.167189208139567808e-02,1.168678663889828684e+01,7.455130133437497253e-02,8.325770810318859627e-02,7.825729653949869968e-02,7.584683587653358317e-02,2.837489156012776848e-01,2.998601969463147165e-01,2.907160548993245608e-01,2.862037567519641890e-01
1.544999999999999929e+00,2.185910998999877203e-02,4.998080644660093247e-02,6.147577667501624710e-02,4.587304549692101940e-02,1.389040163778987591e-01,1.089790992093449401e-01,6.913575959894113776e-02,1.151128673597854174e-01,9.259777835529592327e-01,1.179706650130960856e-02,1.168989628111323498e+01,7.462539974492601869e-02,8.333504343584709206e-02,7.834376014404431654e-02,7.592499381603765030e-02,2.838853961204123588e-01,2.999946774998209498e-01,2.908720035730535947e-01,2.863466450361215609e-01
1.547500000000000098e+00,2.184323761812109743e-02,4.996376972416347040e-02,6.145098392075332150e-02,4.588311544803447273e-02,1.389035492471634159e-01,1.092596022738290401e-01,6.910532997454219006e-02,1.150765134776722126e-01,9.260074324647545874e-01,1.192202737908391874e-02,1.169300751197270039e+01,7.469947250546277173e-02,8.341229921873721809e-02,7.843021476653062873e-02,7.600313616473078349e-02,2.840217057020104630e-01,3.001288954956262134e-01,2.910277930099955945e-01,2.864893752558751450e-01
1.550000000000000044e+00,2.182736142048902553e-02,4.994680794836120485e-02,6.142618500686649469e-02,4.589332448896395189e-02,1.389029731434896220e-01,1.095396120440076254e-01,6.907491637551733954e-02,1.150401491547968780e-01,9.260373935122467870e-01,1.204677512746104955e-02,1.169612032934171175e+01,7.477351964545007890e-02,8.348947546812353349e-02,7.851666041853969102e-02,7.608126294331085671e-02,2.841578446020241455e-01,3.002628512850956111e-01,2.911834234206516769e-01,2.866319476327481852e-01
1.552499999999999991e+00,2.181148127118168190e-02,4.992992225458962180e-02,6.140138007225985628e-02,4.590367169037082307e-02,1.389022885937988838e-01,1.098191294648012267e-01,6.904451897961638718e-02,1.150037746828149743e-01,9.260676661631273010e-01,1.217131015823437121e-02,1.169923473109725087e+01,7.484754119430440944e-02,8.356657220052145230e-02,7.860309711160415325e-02,7.615937417241573637e-02,2.842938130758826398e-01,3.003965452192814967e-01,2.913388950150761492e-01,2.867743623877955783e-01
1.554999999999999938e+00,2.179559704498350639e-02,4.991311376919906756e-02,6.137656925507025546e-02,4.591415612366595012e-02,1.389014961229393108e-01,1.100981554765311232e-01,6.901413796366914766e-02,1.149673903477620301e-01,9.260982498861156653e-01,1.229563288225240733e-02,1.170235071512813718e+01,7.492153718139381302e-02,8.364358943269674385e-02,7.868952485720735746e-02,7.623746987262411401e-02,2.844296113784938740e-01,3.005299776489246399e-01,2.914942080028777860e-01,2.869166197416067599e-01
1.557500000000000107e+00,2.177970861738057554e-02,4.989638360942861423e-02,6.135175269266780751e-02,4.592477686105661538e-02,1.389005962536965788e-01,1.103766910148278879e-01,6.898377350358601834e-02,1.149309964301314380e-01,9.261291441509577060e-01,1.241974370942289761e-02,1.170546827933497802e+01,7.499550763603790582e-02,8.372052718166510255e-02,7.877594366678333793e-02,7.631555006445638056e-02,2.845652397642459697e-01,3.006631489244554478e-01,2.916493625932216061e-01,2.870587199143090351e-01
1.560000000000000053e+00,2.176381586455633857e-02,4.987973288334133365e-02,6.132693052165610198e-02,4.593553297559284376e-02,1.388995895068044217e-01,1.106547370105411959e-01,6.895342577435850662e-02,1.148945932049528079e-01,9.261603484284229859e-01,1.254364304871677382e-02,1.170858742163007271e+01,7.506945258750781502e-02,8.379738546469171767e-02,7.886235355171687667e-02,7.639361476837550069e-02,2.847006984870089075e-01,3.007960593959952411e-01,2.918043589948303151e-01,2.872006631255702991e-01
1.562500000000000000e+00,2.174791866338797799e-02,4.986316268976022370e-02,6.130210287787248025e-02,4.594642354121374062e-02,1.388984764009562889e-01,1.109322943896486335e-01,6.892309495005990994e-02,1.148581809418697391e-01,9.261918621903015847e-01,1.266733130817220866e-02,1.171170813993733439e+01,7.514337206502617883e-02,8.387416429929085704e-02,7.894875452334357280e-02,7.647166400478780379e-02,2.848359878001364143e-01,3.009287094133575868e-01,2.919591974159861936e-01,2.873424495946023671e-01
1.564999999999999947e+00,2.173201689144238849e-02,4.984667411820524474e-02,6.127726989638878491e-02,4.595744763279364931e-02,1.388972574528147541e-01,1.112093640731668803e-01,6.889278120384623172e-02,1.148217599052169108e-01,9.262236849094032110e-01,1.279080889489845815e-02,1.171483043219221543e+01,7.521726609776711869e-02,8.395086370322546454e-02,7.903514659294982869e-02,7.654969779404387220e-02,2.849711079564671845e-01,3.010610993260497414e-01,2.921138780645323174e-01,2.874840795401637505e-01
1.567500000000000115e+00,2.171611042697236052e-02,4.983026824883134837e-02,6.125243171151151939e-02,4.596860432618809361e-02,1.388959331770224515e-01,1.114859469770625860e-01,6.886248470795650056e-02,1.147853303540973396e-01,9.262558160595538714e-01,1.291407621507993132e-02,1.171795429634162033e+01,7.529113471485621156e-02,8.402748369450685484e-02,7.912152977177294710e-02,7.662771615643931833e-02,2.851060592083267675e-01,3.011932294832737056e-01,2.922684011478741684e-01,2.876255531805627097e-01
1.570000000000000062e+00,2.170019914891266680e-02,4.981394615236752615e-02,6.122758845678214629e-02,4.597989269827934544e-02,1.388945040862122060e-01,1.117620440121634695e-01,6.883220563371360290e-02,1.147488925424585415e-01,9.262882551155942057e-01,1.303713367397971688e-02,1.172107973034383299e+01,7.536497794537046213e-02,8.410402429139431091e-02,7.920790407100117281e-02,7.670571911221561734e-02,2.852408418075290664e-01,3.013251002339279450e-01,2.924227668729813545e-01,2.877668707336599740e-01
1.572500000000000009e+00,2.168428293687623201e-02,4.979770889005679518e-02,6.120274026497788539e-02,4.599131182702188847e-02,1.388929706910164985e-01,1.120376560840710689e-01,6.880194415152512954e-02,1.147124467191687480e-01,9.263210015533763775e-01,1.315998167594368239e-02,1.172420673216842957e+01,7.543879581833828896e-02,8.418048551239484811e-02,7.929426950177370648e-02,7.678370668156089818e-02,2.853754560053778921e-01,3.014567119266088335e-01,2.925769754463889982e-01,2.879080324168719618e-01
1.574999999999999956e+00,2.166836167115044828e-02,4.978155751359723824e-02,6.117788726811184546e-02,4.600286079148805524e-02,1.388913335000778182e-01,1.123127840930732702e-01,6.877170043088387530e-02,1.146759931280930123e-01,9.263540548497626315e-01,1.328262062440398530e-02,1.172733529979621814e+01,7.551258836273948283e-02,8.425686737626286726e-02,7.938062607518077407e-02,7.686167888461076236e-02,2.855099020526686848e-01,3.015880649096116528e-01,2.927310270741992904e-01,2.880490384471731669e-01
1.577500000000000124e+00,2.165243523269306733e-02,4.976549306508400855e-02,6.115302959743376676e-02,4.601453867191254710e-02,1.388895930200575168e-01,1.125874289340578899e-01,6.874147464036894917e-02,1.146395320081682184e-01,9.263874144826228507e-01,1.340505092188291371e-02,1.173046543121912677e+01,7.558635560750517901e-02,8.433316990199994645e-02,7.946697380226369622e-02,7.693963574144903339e-02,2.856441801996898455e-01,3.017191595309327568e-01,2.928849219620829891e-01,2.881898890410993785e-01
1.580000000000000071e+00,2.163650350312874143e-02,4.974951657695251411e-02,6.112816738343033324e-02,4.602634454973764805e-02,1.388877497556456897e-01,1.128615914964269246e-01,6.871126694764603804e-02,1.146030635934781050e-01,9.264210799308308930e-01,1.352727296999642857e-02,1.173359712444015557e+01,7.566009758151788500e-02,8.440939310885456348e-02,7.955331269401490213e-02,7.701757727210856164e-02,2.857782906962246794e-01,3.018499961382707375e-01,2.930386603152813074e-01,2.883305844147505126e-01
1.582500000000000018e+00,2.162056636474506133e-02,4.973362907192230981e-02,6.110330075582567216e-02,4.603827750765783489e-02,1.388858042095701406e-01,1.131352726640109385e-01,6.868107751946864181e-02,1.145665881133278441e-01,9.264550506742654790e-01,1.364928716945785180e-02,1.173673037747328074e+01,7.573381431361138338e-02,8.448553701632190160e-02,7.963964276137799891e-02,7.709550349657195989e-02,2.859122337915523393e-01,3.019805750790276466e-01,2.931922423386065790e-01,2.884711247837927761e-01
1.584999999999999964e+00,2.160462370048880573e-02,4.971783156294241196e-02,6.107842984358215904e-02,4.605033662966398489e-02,1.388837568826050139e-01,1.134084733149851865e-01,6.865090652167873952e-02,1.145301057923184124e-01,9.264893261938043079e-01,1.377109392008134606e-02,1.173986518834338355e+01,7.580750583257077346e-02,8.456160164414368297e-02,7.972596401524781329e-02,7.717341443477236662e-02,2.860460097344501573e-01,3.021108967003114931e-01,2.933456682364446455e-01,2.886115103634621093e-01
1.587500000000000133e+00,2.158867539396230190e-02,4.970212505313729295e-02,6.105355477490059107e-02,4.606252100108766678e-02,1.388816082735802315e-01,1.136811943217852505e-01,6.862075411920745549e-02,1.144936168504198520e-01,9.265239059713243908e-01,1.389269362078551437e-02,1.174300155508616861e+01,7.588117216713241575e-02,8.463758701230798820e-02,7.981227646647044704e-02,7.725131010659420927e-02,2.861796187731944774e-01,3.022409613489369096e-01,2.934989382127558000e-01,2.887517413685664058e-01
1.590000000000000080e+00,2.157272132941965084e-02,4.968651053575412480e-02,6.102867567722098513e-02,4.607482970864500149e-02,1.388793588793895140e-01,1.139534365510238151e-01,6.859062047607611401e-02,1.144571215030450173e-01,9.265587894896982757e-01,1.401408666959678105e-02,1.174613947574808392e+01,7.595481334598390422e-02,8.471349314104911765e-02,7.989858012584334646e-02,7.732919053187389813e-02,2.863130611555625982e-01,3.023707693714274836e-01,2.936520524710767299e-01,2.888918180134883995e-01
1.592500000000000027e+00,2.155676139176295261e-02,4.967098899411103580e-02,6.100379267722305654e-02,4.608726184048040492e-02,1.388770091949989571e-01,1.142252008634087740e-01,6.856050575539698877e-02,1.144206199611221692e-01,9.265939762327933815e-01,1.413527346365290108e-02,1.174927894838624809e+01,7.602842939776409403e-02,8.478932005084749424e-02,7.998487500411534390e-02,7.740705573040058962e-02,2.864463371288340499e-01,3.025003211140170345e-01,2.938050112145212389e-01,2.890317405121882177e-01
1.594999999999999973e+00,2.154079546653880559e-02,4.965556140154631093e-02,6.097890590082697543e-02,4.609981648620998379e-02,1.388745597134555532e-01,1.144964881136612406e-01,6.853041011937426041e-02,1.143841124311679031e-01,9.266294656854677791e-01,1.425625439920628901e-02,1.175241997106835790e+01,7.610202035106301832e-02,8.486506776242955241e-02,8.007116111198669950e-02,7.748490572191688019e-02,2.865794469397924260e-01,3.026296169226516120e-01,2.939578146457827446e-01,2.891715090782060460e-01
1.597500000000000142e+00,2.152482343993441724e-02,4.964022872136875097e-02,6.095401547319377611e-02,4.611249273696486212e-02,1.388720109258948232e-01,1.147672991504344736e-01,6.850033372930471043e-02,1.143475991153586474e-01,9.266652573335700804e-01,1.437702987162744681e-02,1.175556254187263328e+01,7.617558623442191590e-02,8.494073629676766879e-02,8.015743846010915663e-02,7.756274052611952796e-02,2.867123908347264383e-01,3.027586571429908280e-01,2.941104629671346671e-01,2.893111239246644040e-01
1.600000000000000089e+00,2.150884519877420409e-02,4.962499190680910027e-02,6.092912151872611343e-02,4.612528968543393865e-02,1.388693633215489220e-01,1.150376348162339135e-01,6.847027674557890076e-02,1.143110802116028141e-01,9.267013506639354414e-01,1.449760027540819562e-02,1.175870665888772670e+01,7.624912707633318965e-02,8.501632567508017602e-02,8.024370705908603907e-02,7.764056016266010496e-02,2.868451690594318038e-01,3.028874421204102441e-01,2.942629563804328718e-01,2.894505852642713650e-01
1.602500000000000036e+00,2.149286063051592324e-02,4.960985190097245284e-02,6.090422416106892195e-02,4.613820642590689414e-02,1.388666173877544929e-01,1.153074959473375100e-01,6.844023932768200646e-02,1.142745559136117278e-01,9.267377451643845632e-01,1.461796600416500821e-02,1.176185232021263438e+01,7.632264290524039263e-02,8.509183591883126563e-02,8.032996691947226486e-02,7.771836465114574655e-02,2.869777818592125773e-01,3.030159722000025924e-01,2.944152950871163910e-01,2.895898933093222216e-01
1.604999999999999982e+00,2.147686962324721685e-02,4.959480963679169935e-02,6.087932352310995027e-02,4.615124205431631044e-02,1.388637736099599673e-01,1.155768833737168544e-01,6.841022163419446800e-02,1.142380264109703197e-01,9.267744403237212492e-01,1.473812745064217652e-02,1.176499952395663406e+01,7.639613374953822811e-02,8.516726704973107132e-02,8.041621805177441573e-02,7.779615401113977591e-02,2.871102294788825393e-01,3.031442477265800517e-01,2.945674792882091442e-01,2.897290482717026494e-01
1.607499999999999929e+00,2.146087206568198652e-02,4.957986603698224387e-02,6.085441972698064222e-02,4.616439566828010876e-02,1.388608324717330866e-01,1.158457979189599224e-01,6.838022382279358713e-02,1.142014918892078901e-01,9.268114356317292968e-01,1.485808500671509727e-02,1.176814826823920868e+01,7.646959963757249401e-02,8.524261908973564117e-02,8.050246046645080644e-02,7.787392826216238406e-02,2.872425121627669165e-01,3.032722690446757463e-01,2.947195091843215486e-01,2.898680503628907612e-01
1.610000000000000098e+00,2.144486784715678163e-02,4.956502201399753949e-02,6.082951289405665041e-02,4.617766636714350920e-02,1.388577944547679799e-01,1.161142404001934136e-01,6.835024605025379063e-02,1.141649525298674139e-01,9.268487305791719422e-01,1.497783906339336321e-02,1.177129855118995039e+01,7.654304059764011070e-02,8.531789206104702095e-02,8.058869417391151257e-02,7.795168742369128212e-02,2.873746301547034920e-01,3.034000364985459663e-01,2.948713849756515737e-01,2.900068997939598270e-01
1.612500000000000044e+00,2.142885685762728823e-02,4.955027846998594221e-02,6.080460314495877983e-02,4.619105325202044893e-02,1.388546600388924912e-01,1.163822116280064656e-01,6.832028847244821235e-02,1.141284085105756796e-01,9.268863246577886406e-01,1.509739001082385269e-02,1.177445037094851088e+01,7.661645665798909322e-02,8.539308598611332346e-02,8.067491918451848154e-02,7.802943151516236742e-02,2.875065836980444933e-01,3.035275504321718332e-01,2.950231068619863506e-01,2.901455967755802168e-01
1.614999999999999991e+00,2.141283898766473820e-02,4.953563629674836294e-02,6.077969059955345976e-02,4.620455542583538910e-02,1.388514297020747024e-01,1.166497124063754776e-01,6.829035124434935933e-02,1.140918600051118864e-01,9.269242173602926238e-01,1.521673823829395623e-02,1.177760372566449654e+01,7.668984784681850964e-02,8.546820088762882572e-02,8.076113550858556034e-02,7.810716055597033414e-02,2.876383730356576462e-01,3.036548111892614088e-01,2.951746750427037824e-01,2.902841415180223983e-01
1.617499999999999938e+00,2.139681412845246405e-02,4.952109637569737655e-02,6.075477537695372215e-02,4.621817199336413634e-02,1.388481039204301215e-01,1.169167435325893512e-01,6.826043452003029144e-02,1.140553071834760901e-01,9.269624081803705673e-01,1.533588413423446831e-02,1.178075861349741338e+01,7.676321419227849496e-02,8.554323678853410773e-02,8.084734315637855107e-02,7.818487456546931169e-02,2.877699984099277297e-01,3.037818191132514167e-01,2.953260897167734322e-01,2.904225342311586022e-01
1.620000000000000107e+00,2.138078217178232196e-02,4.950665957781705262e-02,6.072985759551979140e-02,4.623190206127483076e-02,1.388446831682278171e-01,1.171833057971754660e-01,6.823053845266556505e-02,1.140187502119577867e-01,9.270008966126772609e-01,1.545482808622275148e-02,1.178391503261656759e+01,7.683655572247023724e-02,8.561819371201617734e-02,8.093354213811529418e-02,7.826257356297347534e-02,2.879014600627583520e-01,3.039085745473098510e-01,2.954773510827586880e-01,2.905607751244658199e-01
1.622500000000000053e+00,2.136474301005126739e-02,4.949232676362415317e-02,6.070493737286001418e-02,4.624574473816862874e-02,1.388411679178971625e-01,1.174493999838269465e-01,6.820066319453246817e-02,1.139821892532031644e-01,9.270396821528372744e-01,1.557357048098560390e-02,1.178707298120101399e+01,7.690987246544594980e-02,8.569307168150866461e-02,8.101973246396572403e-02,7.834025756775765681e-02,2.880327582355726723e-01,3.040350778343373084e-01,2.956284593388172621e-01,2.906988644070273020e-01
1.625000000000000000e+00,2.134869653625790301e-02,4.947809878313037812e-02,6.068001482583161577e-02,4.625969913461978195e-02,1.388375586400340811e-01,1.177150268693307744e-01,6.817080889701189472e-02,1.139456244662825773e-01,9.270787642974396281e-01,1.569211170440228814e-02,1.179023245743946013e+01,7.698316444920888513e-02,8.576787072069200213e-02,8.110591414405192434e-02,7.841792659905794105e-02,2.881638931693156214e-01,3.041613293169694310e-01,2.957794146827033566e-01,2.908368022875356118e-01
1.627499999999999947e+00,2.133264264399893986e-02,4.946397647580547119e-02,6.065509007054156743e-02,4.627376436321602171e-02,1.388338558034068471e-01,1.179801872234960552e-01,6.814097571058973235e-02,1.139090560067572422e-01,9.271181425440371271e-01,1.581045214150739175e-02,1.179339345953019524e+01,7.705643170171330714e-02,8.584259085349363327e-02,8.119208718844821149e-02,7.849558067607226297e-02,2.882948651044548449e-01,3.042873293375790156e-01,2.959302173117686618e-01,2.909745889742943459e-01
1.630000000000000115e+00,2.131658122746585976e-02,4.944996067054183153e-02,6.063016322234727334e-02,4.628793953859799276e-02,1.388300598749626080e-01,1.182448818090841430e-01,6.811116378485759792e-02,1.138724840267451854e-01,9.271578163911453618e-01,1.592859217649377629e-02,1.179655598568101205e+01,7.712967425086447726e-02,8.591723210408826195e-02,8.127825160718117614e-02,7.857321981796094867e-02,2.884256742809818697e-01,3.044130782382779565e-01,2.960808674229634674e-01,2.911122246752201881e-01
1.632500000000000062e+00,2.130051218144151867e-02,4.943605218562003439e-02,6.060523439585752820e-02,4.630222377749893675e-02,1.388261713198328529e-01,1.185091113817394320e-01,6.808137326851428084e-02,1.138359086749877180e-01,9.271977853382373791e-01,1.604653219271543960e-02,1.179972003410914283e+01,7.720289212451864058e-02,8.599179449689811627e-02,8.136440741022978040e-02,7.865084404384733996e-02,2.885563209384143235e-01,3.045385763609196328e-01,2.962313652128389374e-01,2.912497095978457962e-01
1.635000000000000009e+00,2.128443540129667383e-02,4.942225182867537869e-02,6.058030370493353717e-02,4.631661619878370967e-02,1.388221906013391016e-01,1.187728766899201621e-01,6.805160430936682547e-02,1.137993300969143140e-01,9.272380488857454583e-01,1.616427257269025322e-02,1.180288560304115819e+01,7.727608535048306748e-02,8.606627805659321229e-02,8.145055460752538556e-02,7.872845337281829392e-02,2.886868053157965464e-01,3.046638240471006842e-01,2.963817108775472775e-01,2.913870439493211340e-01
1.637499999999999956e+00,2.126835078298669468e-02,4.940856039666567667e-02,6.055537126268951964e-02,4.633111592348777841e-02,1.388181181809986786e-01,1.190361784748318330e-01,6.802185705433166918e-02,1.137627484347074058e-01,9.272786065350555607e-01,1.628181369810284551e-02,1.180605269071291552e+01,7.734925395651597035e-02,8.614068280809168698e-02,8.153669320895184924e-02,7.880604782392476582e-02,2.888171276517013109e-01,3.047888216381637871e-01,2.965319046128441216e-01,2.915242279364160249e-01
1.640000000000000124e+00,2.125225822304820100e-02,4.939497867584023705e-02,6.053043718149384717e-02,4.634572207485582879e-02,1.388139545185301527e-01,1.192990174703598416e-01,6.799213164943573862e-02,1.137261638273672493e-01,9.273194577885078838e-01,1.639915594980739799e-02,1.180922129536946663e+01,7.742239797032655912e-02,8.621500877656008976e-02,8.162282322434558091e-02,7.888362741618235030e-02,2.889472881842312102e-01,3.049135694751992642e-01,2.966819466140893091e-01,2.916612617655222617e-01
1.642500000000000071e+00,2.123615761859568019e-02,4.938150744170982653e-02,6.050550157296980675e-02,4.636043377837981844e-02,1.388097000718583052e-01,1.195613944030042425e-01,6.796242823981793468e-02,1.136895764107754281e-01,9.273606021493930873e-01,1.651629970783026480e-02,1.181239141526499026e+01,7.749551741957501350e-02,8.628925598741377101e-02,8.170894466349562513e-02,7.896119216857178102e-02,2.890772871510200459e-01,3.050380678990479155e-01,2.968318370762483283e-01,2.917981456426553266e-01
1.645000000000000018e+00,2.122004886731822595e-02,4.936814745901783874e-02,6.048056454799667636e-02,4.637525016183728643e-02,1.388053552971194315e-01,1.198233099918150912e-01,6.793274696972995130e-02,1.136529863177586086e-01,9.274020391219515158e-01,1.663324535137281762e-02,1.181556304866271567e+01,7.756861233187248295e-02,8.636342446631722902e-02,8.179505753614373098e-02,7.903874210003948575e-02,2.892071247892339381e-01,3.051623172503027392e-01,2.969815761938937038e-01,2.919348797734568346e-01
1.647499999999999964e+00,2.120393186747625974e-02,4.935489948171258717e-02,6.045562621671055070e-02,4.639017035532878169e-02,1.388009206486667257e-01,1.200847649483285928e-01,6.790308798253791300e-02,1.136163936781510869e-01,9.274437682113699788e-01,1.674999325881404433e-02,1.181873619383483387e+01,7.764168273478107285e-02,8.643751423918451249e-02,8.188116185198437980e-02,7.911627722949805819e-02,2.893368013355731017e-01,3.052863178693117630e-01,2.971311641612063847e-01,2.920714643631961427e-01
1.650000000000000133e+00,2.118780651789820696e-02,4.934176425292075702e-02,6.043068668850547914e-02,4.640519349131537463e-02,1.387963965790747767e-01,1.203457599765047487e-01,6.787345142072330473e-02,1.135797986188577663e-01,9.274857889237801967e-01,1.686654380771327941e-02,1.182191084906244427e+01,7.771472865581384448e-02,8.651152533217962293e-02,8.196725762066492393e-02,7.919379757582679924e-02,2.894663170262729568e-01,3.054100700961800419e-01,2.972806011719769659e-01,2.922078996167726817e-01
1.652500000000000080e+00,2.117167271797728081e-02,4.932874250492193940e-02,6.040574607203430535e-02,4.642031870465555127e-02,1.387917835391443699e-01,1.206062957726651286e-01,6.784383742588455390e-02,1.135432012639158300e-01,9.275281007662570243e-01,1.698289737481275749e-02,1.182508701263546413e+01,7.778775012243484277e-02,8.658545777171695879e-02,8.205334485178560067e-02,7.927130315787217496e-02,2.895956720971053500e-01,3.055335742707721014e-01,2.974298874196069642e-01,2.923441857387177878e-01
1.655000000000000027e+00,2.115553036766822104e-02,4.931583495912446324e-02,6.038080447520973587e-02,4.643554513264221834e-02,1.387870819779074005e-01,1.208663730254329882e-01,6.781424613873800189e-02,1.135066017345562062e-01,9.275707032468160085e-01,1.709905433604031605e-02,1.182826468285254862e+01,7.786074716205905466e-02,8.665931158446177340e-02,8.213942355489962932e-02,7.934879399444830228e-02,2.897248667833802749e-01,3.056568307327143241e-01,2.975790230971103734e-01,2.924803229331962573e-01
1.657499999999999973e+00,2.113937936748412627e-02,4.930304232604223319e-02,6.035586200520533934e-02,4.645087191503885493e-02,1.387822923426311472e-01,1.211259924156732198e-01,6.778467769911937502e-02,1.134700001492648241e-01,9.276135958744117227e-01,1.721501506651192115e-02,1.183144385802103393e+01,7.793371980205245075e-02,8.673308679733063298e-02,8.222549373951330842e-02,7.942627010433743473e-02,2.898539013199468717e-01,3.057798398213972813e-01,2.977280083971145519e-01,2.926163114040090107e-01
1.660000000000000142e+00,2.112321961849321361e-02,4.929036530527280968e-02,6.033091876845666363e-02,4.646629819411576129e-02,1.387774150788229355e-01,1.213851546164339962e-01,6.775513224598524176e-02,1.134333966238428165e-01,9.276567781589349915e-01,1.733077994053424178e-02,1.183462453645683610e+01,7.800666806973194367e-02,8.680678343749194392e-02,8.231155541508604345e-02,7.950373150629042041e-02,2.899827759411949812e-01,3.059026018759783971e-01,2.978768435118619995e-01,2.927521513545941478e-01
1.662500000000000089e+00,2.110705102231567529e-02,4.927780458547646042e-02,6.030597487066230444e-02,4.648182311468585654e-02,1.387724506302343286e-01,1.216438602928889695e-01,6.772560991741410907e-02,1.133967912714666654e-01,9.277002496112117802e-01,1.744634933160719992e-02,1.183780671648440830e+01,7.807959199236542969e-02,8.688040153236643859e-02,8.239760859103044399e-02,7.958117821902714606e-02,2.901114908810563664e-01,3.060251172353841143e-01,2.980255286332113562e-01,2.928878429880294454e-01
1.665000000000000036e+00,2.109087348112048330e-02,4.926536084435653717e-02,6.028103041678465474e-02,4.649744582414015726e-02,1.387673994388651522e-01,1.219021101022809972e-01,6.769611085060776856e-02,1.133601842027477796e-01,9.277440097430010857e-01,1.756172361242645460e-02,1.184099039643663254e+01,7.815249159717177485e-02,8.695394110962774425e-02,8.248365327671240699e-02,7.965861026123696731e-02,2.902400463730059332e-01,3.061473862383123912e-01,2.981740639526385683e-01,2.930233865070336341e-01
1.667499999999999982e+00,2.107468689762229813e-02,4.925303474864141384e-02,6.025608551105154920e-02,4.651316547248269401e-02,1.387622619449680461e-01,1.221599046938674354e-01,6.766663518189289239e-02,1.133235755257912952e-01,9.277880580669920496e-01,1.767690315488591041e-02,1.184417557465476989e+01,7.822536691132082887e-02,8.702740219720291048e-02,8.256968948145117226e-02,7.973602765157919436e-02,2.903684426500632854e-01,3.062694092232355336e-01,2.983224496612385535e-01,2.931587821139686745e-01
1.669999999999999929e+00,2.105849117507832546e-02,4.924082695406645921e-02,6.023114025695691653e-02,4.652898121236562212e-02,1.387570385870519618e-01,1.224172447088648780e-01,6.763718304672226844e-02,1.132869653462548060e-01,9.278323940968029593e-01,1.779188833008026049e-02,1.184736224948836814e+01,7.829821796193342509e-02,8.710078482327301974e-02,8.265571721451941967e-02,7.981343040868345284e-02,2.904966799447939452e-01,3.063911865284023039e-01,2.984706859497261999e-01,2.932940300108411447e-01
1.672500000000000098e+00,2.104228621728525955e-02,4.922873810535855627e-02,6.020619475726209785e-02,4.654489219912343045e-02,1.387517298018864087e-01,1.226741307803969894e-01,6.760775457967627133e-02,1.132503537674059008e-01,9.278770173469783611e-01,1.790667950830730770e-02,1.185055041929519959e+01,7.837104477608139441e-02,8.717408901627375639e-02,8.274173648514333845e-02,7.989081855115012787e-02,2.906247584893105751e-01,3.065127184918407521e-01,2.986187730084377545e-01,2.934291303993042388e-01
1.675000000000000044e+00,2.102607192857613647e-02,4.921676883622080195e-02,6.018124911399692217e-02,4.656089759080733748e-02,1.387463360245049238e-01,1.229305635334417973e-01,6.757834991446413919e-02,1.132137408901802700e-01,9.279219273329882833e-01,1.802127705907051111e-02,1.185374008244117938e+01,7.844384738078756525e-02,8.724731480489604507e-02,8.282774730250269668e-02,7.996819209755078040e-02,2.907526785152744209e-01,3.066340054513604918e-01,2.987667110273319326e-01,2.935640834806592658e-01
1.677499999999999991e+00,2.100984821381732259e-02,4.920491976931885142e-02,6.015630342846092771e-02,4.657699654821880614e-02,1.387408576882091515e-01,1.231865435847814827e-01,6.754896918392561123e-02,1.131771268132380076e-01,9.279671235712247945e-01,1.813568135108133139e-02,1.185693123730029264e+01,7.851662580302576355e-02,8.732046221808667519e-02,8.291374967573092447e-02,8.004555106642852191e-02,2.908804402538963108e-01,3.067550477445556423e-01,2.989145001959913062e-01,2.936988894558577035e-01
1.679999999999999938e+00,2.099361497840550317e-02,4.919319151626811576e-02,6.013135780122445123e-02,4.659318823494321832e-02,1.387352952245720639e-01,1.234420715429521143e-01,6.751961252003220448e-02,1.131405116330203853e-01,9.280126055790013373e-01,1.824989275226161431e-02,1.186012388225451986e+01,7.858938006972086832e-02,8.739353128504895318e-02,8.299974361391521116e-02,8.012289547629843078e-02,2.910080439359383764e-01,3.068758457088071046e-01,2.990621407036236357e-01,2.938335485255023083e-01
1.682500000000000107e+00,2.097737212826460487e-02,4.918158467762268754e-02,6.010641233212984935e-02,4.660947181738292477e-02,1.387296490634415680e-01,1.236971480081957009e-01,6.749028005388883755e-02,1.131038954438057520e-01,9.280583728745497307e-01,1.836391162974606098e-02,1.186331801569376410e+01,7.866211020774878382e-02,8.746652203524339642e-02,8.308572912609654693e-02,8.020022534564788530e-02,2.911354897917151074e-01,3.069963996812854479e-01,2.992096327390628696e-01,2.939680608898493364e-01
1.685000000000000053e+00,2.096111956984284680e-02,4.917009984286473123e-02,6.008146712029280301e-02,4.662584646478991346e-02,1.387239196329440871e-01,1.239517735724123410e-01,6.746097191573519058e-02,1.130672783377648510e-01,9.281044249770189491e-01,1.847773834988440320e-02,1.186651363601577458e+01,7.873481624393646738e-02,8.753943449838838542e-02,8.317170622126983381e-02,8.027754069293696615e-02,2.912627780510946285e-01,3.071167099989534077e-01,2.993569764907705877e-01,2.941024267488097643e-01
1.687500000000000000e+00,2.094485721010974980e-02,4.915873759039579571e-02,6.005652226410330280e-02,4.664231134929834599e-02,1.387181073594875580e-01,1.242059488191146338e-01,6.743168823494724573e-02,1.130306604050155261e-01,9.281507614064725686e-01,1.859137327824391533e-02,1.186971074162607742e+01,7.880749820506194325e-02,8.761226870446091330e-02,8.325767490838396900e-02,8.035484153659881723e-02,2.913899089434999201e-01,3.072367769985685504e-01,2.995041721468371110e-01,2.942366463019510658e-01
1.689999999999999947e+00,2.092858495655317702e-02,4.914749848752862638e-02,6.003157786122708534e-02,4.665886564595677494e-02,1.387122126677649836e-01,1.244596743233821884e-01,6.740242914003874430e-02,1.129940417336775665e-01,9.281973816838877678e-01,1.870481677961167641e-02,1.187290933093789036e+01,7.888015611785430259e-02,8.768502468369730740e-02,8.334363519634190032e-02,8.043212789503997873e-02,2.915168826979101513e-01,3.073566010166858820e-01,2.996512198949828343e-01,2.943707197484986549e-01
1.692500000000000115e+00,2.091230271717638145e-02,4.913638309048073971e-02,6.000663400860681285e-02,4.667550853275956313e-02,1.387062359807574308e-01,1.247129506518180886e-01,6.737319475866292151e-02,1.129574224099257895e-01,9.282442853311516640e-01,1.881806921799687032e-02,1.187610940237205881e+01,7.895279000899375899e-02,8.775770246659396479e-02,8.342958709400073725e-02,8.050939978664073404e-02,2.916436995428622891e-01,3.074761823896609014e-01,2.997981199225594473e-01,2.945046472873377175e-01
1.695000000000000062e+00,2.089601040049513664e-02,4.912539194436873341e-02,5.998169080246326668e-02,4.669223919067826134e-02,1.387001777197370000e-01,1.249657783625064966e-01,6.734398521761374157e-02,1.129208025180437752e-01,9.282914718710614244e-01,1.893113095663293693e-02,1.187931095435698303e+01,7.902539990511163459e-02,8.783030208390811555e-02,8.351553061017180646e-02,8.058665722975547063e-02,2.917703597064515431e-01,3.075955214536518212e-01,2.999448724165509894e-01,2.946384291170143221e-01
1.697500000000000009e+00,2.087970791553477728e-02,4.911452558320435896e-02,5.995674833829684608e-02,4.670905680369303453e-02,1.386940383042700731e-01,1.252181580049713805e-01,6.731480064282771569e-02,1.128841821404767271e-01,9.283389408273204912e-01,1.904400235798013943e-02,1.188251398532853820e+01,7.909798583279037398e-02,8.790282356665862773e-02,8.360146575362074894e-02,8.066390024271294368e-02,2.918968634163335851e-01,3.077146185446228976e-01,3.000914775635752929e-01,2.947720654357373071e-01
1.699999999999999956e+00,2.086339517182739592e-02,4.910378452989103831e-02,5.993180671088859518e-02,4.672596055882297095e-02,1.386878181522201159e-01,1.254700901201362129e-01,6.728564115938542867e-02,1.128475613578832915e-01,9.283866917245383599e-01,1.915668378372752459e-02,1.188571849373000688e+01,7.917054781856361356e-02,8.797526694612677056e-02,8.368739253306763104e-02,8.074112884381665078e-02,2.920232108997250497e-01,3.078334739983464852e-01,3.002379355498849822e-01,2.949055564413794461e-01
1.702500000000000124e+00,2.084707207940889387e-02,4.909316929622226100e-02,5.990686601430171565e-02,4.674294964615625936e-02,1.386815176797502047e-01,1.257215752402858489e-01,6.725650689151296824e-02,1.128109402491872665e-01,9.284347240882269148e-01,1.926917559479536177e-02,1.188892447801199559e+01,7.924308588891613991e-02,8.804763225385706105e-02,8.377331095718695830e-02,8.081834305134510954e-02,2.921494023834051434e-01,3.079520881504064223e-01,3.003842465613688617e-01,2.950389023314792247e-01
1.705000000000000071e+00,2.083073854881625081e-02,4.908268038288091106e-02,5.988192634188275326e-02,4.676002325888042876e-02,1.386751373013264677e-01,1.259726138890283620e-01,6.722739796258370149e-02,1.127743188916290606e-01,9.284830374447998746e-01,1.938147815133725582e-02,1.189213193663237433e+01,7.931560007028397308e-02,8.811991952165808273e-02,8.385922103460784205e-02,8.089554288355216283e-02,2.922754380937168661e-01,3.080704613362005850e-01,3.005304107835530258e-01,2.951721033032418950e-01
1.707500000000000018e+00,2.081439449108463471e-02,4.907231827943955155e-02,5.985698778626300648e-02,4.677718059331200523e-02,1.386686774297201941e-01,1.262232065812592119e-01,6.719831449511985688e-02,1.127376973608162358e-01,9.285316313215707940e-01,1.949359181274238836e-02,1.189534086805619140e+01,7.938809038905433879e-02,8.819212878160331837e-02,8.394512277391402710e-02,8.097272835866725638e-02,2.924013182565681213e-01,3.081885938909434963e-01,3.006764284016018030e-01,2.953051595535410856e-01
1.709999999999999964e+00,2.079803981774462976e-02,4.906208346436254780e-02,5.983205043935983791e-02,4.679442084892520420e-02,1.386621384760107212e-01,1.264733538231264665e-01,6.716925661079407861e-02,1.127010757307730510e-01,9.285805052467498433e-01,1.960551693763775902e-02,1.189855127075561292e+01,7.946055687156573788e-02,8.826426006603203811e-02,8.403101618364400283e-02,8.104989949489573020e-02,2.925270430974330482e-01,3.083064861496694897e-01,3.008222996003194760e-01,2.954380712789204666e-01
1.712500000000000133e+00,2.078167444081945384e-02,4.905197640500860712e-02,5.980711439237830496e-02,4.681174322838121266e-02,1.386555208495880709e-01,1.267230561119968846e-01,6.714022443043132782e-02,1.126644540739905886e-01,9.286296587494436983e-01,1.971725388389031219e-02,1.190176314320984119e+01,7.953299954410794625e-02,8.833631340755017380e-02,8.411690127229108638e-02,8.112705631041908227e-02,2.926526128413533545e-01,3.084241384472352632e-01,3.009680245641509488e-01,2.955708386755944161e-01
1.715000000000000080e+00,2.076529827282221768e-02,4.904199755763533758e-02,5.978217973581199940e-02,4.682914693755658303e-02,1.386488249581554477e-01,1.269723139364241637e-01,6.711121807401011774e-02,1.126278324614753551e-01,9.286790913596515429e-01,1.982880300860914366e-02,1.190497648390504004e+01,7.960541843292205655e-02,8.840828883903120716e-02,8.420277804830350599e-02,8.120419882339524609e-02,2.927780277129393705e-01,3.085415511183232096e-01,3.011136034771834113e-01,2.957034619394501851e-01
1.717500000000000027e+00,2.074891122675321872e-02,4.903214736740420937e-02,5.975724655944503194e-02,4.684663118557128025e-02,1.386420512077313483e-01,1.272211277761174375e-01,6.708223766066466476e-02,1.125912109627979635e-01,9.287288026082656245e-01,1.994016466814765506e-02,1.190819129133427090e+01,7.967781356420051975e-02,8.848018639361708571e-02,8.428864652008448421e-02,8.128132705195884045e-02,2.929032879363712150e-01,3.086587244974436373e-01,3.012590365231468947e-01,2.958359412660485632e-01
1.719999999999999973e+00,2.073251321609713774e-02,4.902242626838747980e-02,5.973231495235298977e-02,4.686419518481629160e-02,1.386352000026526143e-01,1.274694981019121598e-01,6.705328330868610964e-02,1.125545896461405543e-01,9.287787920270677011e-01,2.005133921810569805e-02,1.191140756399741107e+01,7.975018496408713131e-02,8.855200610471913869e-02,8.437450669599234898e-02,8.135844101422139152e-02,2.930283937354003498e-01,3.087756589189378786e-01,3.014043238854159923e-01,2.959682768506255446e-01
1.722500000000000142e+00,2.071610415482046802e-02,4.901283468357578443e-02,5.970738500290474760e-02,4.688183815098122265e-02,1.386282717455764868e-01,1.277174253757419331e-01,6.702435513552472413e-02,1.125179685783446321e-01,9.288290591487273762e-01,2.016232701333172880e-02,1.191462530040108980e+01,7.982253265867711445e-02,8.862374800601903468e-02,8.446035858434060295e-02,8.143554072827159651e-02,2.931533453333503569e-01,3.088923547169815098e-01,3.015494657470107476e-01,2.961004688880934377e-01
1.725000000000000089e+00,2.069968395736867736e-02,4.900337302488716462e-02,5.968245679876358484e-02,4.689955930308101900e-02,1.386212668374823820e-01,1.279649100506114467e-01,6.699545325779120153e-02,1.124813478249574866e-01,9.288796035068005441e-01,2.027312840792490703e-02,1.191784449905861010e+01,7.989485667401713398e-02,8.869541213146972525e-02,8.454620219339800680e-02,8.151262621217555959e-02,2.932781429531184925e-01,3.090088122255868486e-01,3.016944622905978757e-01,2.962325175730422533e-01
1.727500000000000036e+00,2.068325253866375169e-02,4.899404169317735785e-02,5.965753042688891339e-02,4.691735786348289611e-02,1.386141856776751669e-01,1.282119525705709140e-01,6.696657779125872456e-02,1.124447274502787114e-01,9.289304246357275030e-01,2.038374375523723317e-02,1.192106515848987947e+01,7.996715703610532411e-02,8.876699851529640251e-02,8.463203753138869023e-02,8.158969748397697230e-02,2.934027868171768527e-01,3.091250317786061741e-01,3.018393136984918734e-01,2.963644230997407591e-01
1.729999999999999982e+00,2.066680981410140561e-02,4.898484107825117062e-02,5.963260597353754744e-02,4.693523305793214501e-02,1.386070286637866578e-01,1.284585533706924243e-01,6.693772885086449187e-02,1.124081075174054173e-01,9.289815220708310672e-01,2.049417340787565434e-02,1.192428727722132997e+01,8.003943377089134392e-02,8.883850719199748447e-02,8.471786460649222139e-02,8.166675456169737723e-02,2.935272771475732623e-01,3.092410137097342804e-01,3.019840201526561296e-01,2.964961856621378677e-01
1.732499999999999929e+00,2.065035569954858097e-02,4.897577155887499617e-02,5.960768352426527861e-02,4.695318411557830585e-02,1.385997961917780075e-01,1.287047128770469617e-01,6.690890655071154991e-02,1.123714880882777517e-01,9.290328953483145691e-01,2.060441771770420150e-02,1.192751085378586673e+01,8.011168690427640515e-02,8.890993819634562811e-02,8.480368342684371785e-02,8.174379746333634844e-02,2.936516141659329393e-01,3.093567583525118070e-01,3.021285818347042018e-01,2.966278054538638576e-01
1.735000000000000098e+00,2.063389011134071638e-02,4.896683350279101149e-02,5.958276316392841637e-02,4.697121026900036300e-02,1.385924886559417313e-01,1.289504315066831996e-01,6.688011100407059706e-02,1.123348692237232521e-01,9.290845440052599713e-01,2.071447703584592889e-02,1.193073588672276664e+01,8.018391646211331381e-02,8.898129156338871470e-02,8.488949400053392991e-02,8.182082620687167185e-02,2.937757980934593283e-01,3.094722660403279590e-01,3.022729989259009264e-01,2.967592826682312057e-01
1.737500000000000044e+00,2.061741296627939493e-02,4.895802726673181837e-02,5.955784497668519667e-02,4.698931075423217613e-02,1.385851064489039830e-01,1.291957096676078220e-01,6.685134232338175997e-02,1.122982509835010329e-01,9.291364675796260908e-01,2.082435171268521776e-02,1.193396237457763398e+01,8.025612247020649792e-02,8.905256732845089063e-02,8.497529633560932383e-02,8.189784081025955342e-02,2.938998291509355432e-01,3.095875371064236159e-01,3.024172716071633626e-01,2.968906174982363644e-01
1.739999999999999991e+00,2.060092418162950620e-02,4.894935319643707594e-02,5.953292904599744029e-02,4.700748481078666913e-02,1.385776499616264423e-01,1.294405477587670661e-01,6.682260062025641156e-02,1.122616334263448340e-01,9.291886656102471553e-01,2.093404209786964981e-02,1.193719031590231516e+01,8.032830495431207696e-02,8.912376552713358047e-02,8.506109044007219289e-02,8.197484129143481346e-02,2.940237075587252558e-01,3.097025718838940511e-01,3.025614000590620134e-01,2.970218101365601493e-01
1.742499999999999938e+00,2.058442367511701884e-02,4.894081162667091034e-02,5.950801545463199616e-02,4.702573168168062978e-02,1.385701195834085353e-01,1.296849461700297079e-01,6.679388600547905841e-02,1.122250166100064867e-01,9.292411376368298059e-01,2.104354854031221383e-02,1.194041970925483120e+01,8.040046394013788955e-02,8.919488619531654172e-02,8.514687632188071287e-02,8.205182766831102537e-02,2.941474335367743609e-01,3.098173707056923742e-01,3.027053844618221579e-01,2.971528607755696272e-01
1.745000000000000107e+00,2.056791136492623281e-02,4.893240288124042769e-02,5.948310428466233035e-02,4.704405061345828809e-02,1.385625157018892661e-01,1.299289052821716306e-01,6.676519858900888116e-02,1.121884005912976018e-01,9.292938831999532079e-01,2.115287138819322427e-02,1.194365055319929780e+01,8.047259945334352127e-02,8.926592936915890564e-02,8.523265398894909473e-02,8.212879995878070993e-02,2.942710073046115316e-01,3.099319339046318067e-01,3.028492249953246285e-01,2.972837696073183933e-01
1.747500000000000053e+00,2.055138716969740625e-02,4.892412727301587161e-02,5.945819561747009430e-02,4.706244085621508894e-02,1.385548387030491602e-01,1.301724254668618352e-01,6.673653847998206601e-02,1.121517854261320085e-01,9.293469018410650540e-01,2.126201098896252084e-02,1.194688284630586850e+01,8.054471151954037400e-02,8.933689508510028743e-02,8.531842344914762621e-02,8.220575818071547414e-02,2.943944290813499398e-01,3.100462618133894566e-01,3.029929218391070322e-01,2.974145368235484033e-01
1.750000000000000000e+00,2.053485100852425749e-02,4.891598510395177291e-02,5.943328953374678314e-02,4.708090166362051410e-02,1.385470889712124842e-01,1.304155070866496180e-01,6.670790578671324800e-02,1.121151711695662773e-01,9.294001931024812313e-01,2.137096768934134902e-02,1.195011658715066005e+01,8.061680016429172146e-02,8.940778337986179936e-02,8.540418471030279679e-02,8.228270235196617766e-02,2.945176990856881449e-01,3.101603547645087611e-01,3.031364751723651385e-01,2.975451626156905838e-01
1.752499999999999947e+00,2.051830280095154335e-02,4.890797666510907776e-02,5.940838611349519988e-02,4.709943229294112632e-02,1.385392668890485512e-01,1.306581504949541617e-01,6.667930061669753716e-02,1.120785578758407980e-01,9.294537565273831570e-01,2.147974183532452147e-02,1.195335177431567075e+01,8.068886541311273697e-02,8.947859429044720259e-02,8.548993778019738088e-02,8.235963249036304390e-02,2.946408175359113146e-01,3.102742130904028728e-01,3.032798851739534340e-01,2.976756471748659982e-01
1.755000000000000115e+00,2.050174246697258201e-02,4.890010223667891343e-02,5.938348543603110680e-02,4.711803200506281541e-02,1.385313728375745235e-01,1.309003560360540996e-01,6.665072307661244755e-02,1.120419455984198454e-01,9.295075916598166677e-01,2.158833377218240951e-02,1.195658840638872711e+01,8.076090729147054892e-02,8.954932785414397578e-02,8.557568266657052114e-02,8.243654861371584042e-02,2.947637846498925573e-01,3.103878371233573241e-01,3.034231520223867329e-01,2.978059906918869570e-01
1.757500000000000062e+00,2.048516992702690068e-02,4.889236208800722128e-02,5.935858757998502266e-02,4.713670006451277372e-02,1.385234071961564395e-01,1.311421240450797998e-01,6.662217327231977071e-02,1.120053343900308807e-01,9.295616980446901323e-01,2.169674384446288254e-02,1.195982648196339859e+01,8.083292582478431021e-02,8.961998410852442531e-02,8.566141937711783949e-02,8.251345073981396216e-02,2.948866006450936994e-01,3.105012271955331360e-01,3.035662758958408980e-01,2.979361933572576837e-01
1.760000000000000009e+00,2.046858510199780004e-02,4.888475647762097198e-02,5.933369262330358274e-02,4.715543573948105527e-02,1.385153703425117677e-01,1.313834548480071751e-01,6.659365130886740758e-02,1.119687243027038953e-01,9.296160752277715655e-01,2.180497239599348686e-02,1.196306599963893369e+01,8.090492103842521210e-02,8.969056309144679551e-02,8.574714791949154813e-02,8.259033888642658416e-02,2.950092657385669503e-01,3.106143836389702040e-01,3.037092569721541180e-01,2.980662553611757581e-01
1.762499999999999956e+00,2.045198791320997425e-02,4.887728565325506064e-02,5.930880064325137757e-02,4.717423830184167000e-02,1.385072626527103778e-01,1.316243487616521324e-01,6.656515729049140850e-02,1.119321153878093111e-01,9.296707227556886277e-01,2.191301976988326711e-02,1.196630695802018884e+01,8.097689295771659523e-02,8.976106484105642047e-02,8.583286830130051892e-02,8.266721307130275864e-02,2.951317801469556246e-01,3.107273067855897408e-01,3.038520954288280174e-01,2.981961768935327273e-01
1.765000000000000124e+00,2.043537828242729046e-02,4.886994985188074930e-02,5.928391171641263224e-02,4.719310702717346984e-02,1.384990845011775940e-01,1.318648060936669086e-01,6.653669132061787450e-02,1.118955076960961859e-01,9.297256401759252942e-01,2.202088630852492082e-02,1.196954935571756273e+01,8.104884160793393577e-02,8.983148939578686210e-02,8.591858053011038054e-02,8.274407331217151218e-02,2.952541440864954181e-01,3.108399969671978291e-01,3.039947914430285447e-01,2.983259581439153263e-01
1.767500000000000071e+00,2.041875613185030469e-02,4.886274929973546260e-02,5.925902591869269126e-02,4.721204119478059069e-02,1.384908362606948606e-01,1.321048271425386833e-01,6.650825350186484464e-02,1.118589012777294056e-01,9.297808270368200789e-01,2.212857235359669966e-02,1.197279319134692521e+01,8.112076701430498415e-02,8.990183679436102027e-02,8.600428461344364339e-02,8.282091962674194285e-02,2.953763577730159628e-01,3.109524545154882524e-01,3.041373451915873605e-01,2.984555993016062003e-01
1.770000000000000018e+00,2.040212138411402407e-02,4.885568421235333275e-02,5.923414332531998228e-02,4.723104008771226991e-02,1.384825183024022688e-01,1.323444121975884957e-01,6.647984393604436382e-02,1.118222961823264194e-01,9.298362828875660346e-01,2.223607824606445987e-02,1.197603846352953560e+01,8.119266920200973736e-02,8.997210707579231248e-02,8.608998055877978284e-02,8.289775203270334514e-02,2.954984214219411043e-01,3.110646797620452708e-01,3.042797568510023920e-01,2.985851005555847371e-01
1.772499999999999964e+00,2.038547396228561001e-02,4.884875479459735437e-02,5.920926401084745244e-02,4.725010299278257359e-02,1.384741309957999988e-01,1.325835615389728550e-01,6.645146272416435629e-02,1.117856924589931827e-01,9.298920072782067558e-01,2.234340432618362599e-02,1.197928517089199474e+01,8.126454819618056380e-02,9.004230027938583958e-02,8.617566837355532250e-02,8.297457054772525153e-02,2.956203352482910107e-01,3.111766730383472290e-01,3.044220265974395545e-01,2.987144620945284545e-01
1.775000000000000133e+00,2.036881378986217170e-02,4.884196124069257322e-02,5.918438804915452517e-02,4.726922920058943683e-02,1.384656747087503192e-01,1.328222754376859327e-01,6.642310996643073506e-02,1.117490901563601979e-01,9.299479997596360459e-01,2.245055093350115452e-02,1.198253331206615968e+01,8.133640402190224494e-02,9.011241644473955148e-02,8.626134806516394526e-02,8.305137518945754360e-02,2.957420994666826730e-01,3.112884346757690546e-01,3.045641546067331396e-01,2.988436841068131677e-01
1.777500000000000080e+00,2.035214079076844498e-02,4.883530373426024640e-02,5.915951551344868914e-02,4.728841800553371805e-02,1.384571498074796403e-01,1.330605541555639482e-01,6.639478576224928930e-02,1.117124893226170423e-01,9.300042598835961405e-01,2.255751840685761567e-02,1.198578288568908157e+01,8.140823670421201697e-02,9.018245561174539904e-02,8.634701964095660431e-02,8.312816597553047970e-02,2.958637142913310702e-01,3.113999650055855883e-01,3.047061410543872584e-01,2.989727667805143763e-01
1.780000000000000027e+00,2.033545488935459625e-02,4.882878244835368170e-02,5.913464647626725385e-02,4.730766870583734407e-02,1.384485566565795134e-01,1.332983979452910250e-01,6.636649021022780759e-02,1.116758900055471876e-01,9.300607872026741552e-01,2.266430708438899738e-02,1.198903389040292744e+01,8.148004626809968176e-02,9.025241782059055529e-02,8.643268310824160638e-02,8.320494292355479216e-02,2.959851799360507796e-01,3.115112643589745822e-01,3.048479861155770076e-01,2.991017103034080415e-01
1.782499999999999973e+00,2.031875601039401930e-02,4.882239754549481253e-02,5.910978100947909819e-02,4.732698060356141379e-02,1.384398956190092955e-01,1.335358070504064909e-01,6.633822340817786822e-02,1.116392922525617643e-01,9.301175812703027512e-01,2.277091730352882176e-02,1.199228632485493051e+01,8.155183273850760695e-02,9.032230311175858117e-02,8.651833847428472279e-02,8.328170605112174274e-02,2.961064966142566424e-01,3.116223330670198632e-01,3.049896899651491911e-01,2.992305148629711420e-01
1.785000000000000142e+00,2.030204407908114267e-02,4.881614917771227857e-02,5.908491918428654399e-02,4.734635300462369106e-02,1.384311670560976482e-01,1.337727817053136203e-01,6.630998545311729553e-02,1.116026961107328547e-01,9.301746416407569162e-01,2.287734940101007752e-02,1.199554018769730490e+01,8.162359614033086463e-02,9.039211152603060517e-02,8.660398574630927271e-02,8.335845537580316433e-02,2.962276645389650409e-01,3.117331714607139426e-01,3.051312527776234296e-01,2.993591806463828942e-01
1.787500000000000089e+00,2.028531902102930634e-02,4.881003748658038766e-02,5.906006107122695886e-02,4.736578521881600057e-02,1.384223713275440915e-01,1.340093221352903763e-01,6.628177644127175583e-02,1.115661016268264388e-01,9.302319678691530758e-01,2.298360371286713860e-02,1.199879547758718523e+01,8.169533649841723144e-02,9.046184310448655841e-02,8.668962493149624804e-02,8.343519091515150254e-02,2.963486839227949532e-01,3.118437798709615127e-01,3.052726747271932717e-01,2.994877078405250859e-01
1.790000000000000036e+00,2.026858076226853780e-02,4.880406260325953482e-02,5.903520674017474767e-02,4.738527655982088110e-02,1.384135087914213635e-01,1.342454285565015393e-01,6.625359646807715830e-02,1.115295088473344937e-01,9.302895595114464289e-01,2.308968057443776950e-02,1.200205219318655026e+01,8.176705383756731338e-02,9.053149788850634039e-02,8.677525603698439671e-02,8.351191268669984347e-02,2.964695549779692296e-01,3.119541586285822787e-01,3.054139559877271926e-01,2.996160966319831864e-01
1.792499999999999982e+00,2.025182922924352244e-02,4.879822464853757202e-02,5.901035626034301096e-02,4.740482634522796140e-02,1.384045798041766695e-01,1.344811011760121411e-01,6.622544562818148683e-02,1.114929178185068148e-01,9.303474161244288387e-01,2.319558032036509593e-02,1.200531033316217133e+01,8.183874818253457362e-02,9.060107591977106800e-02,8.686087906987033369e-02,8.358862070796196919e-02,2.965902779163158143e-01,3.120643080643141776e-01,3.055550967327698708e-01,2.997443472070472348e-01
1.794999999999999929e+00,2.023506434881144900e-02,4.879252373287249617e-02,5.898550970028544616e-02,4.742443389655003755e-02,1.383955847206341794e-01,1.347163401918027859e-01,6.619732401544713152e-02,1.114563285863818531e-01,9.304055372657298317e-01,2.330130328459954075e-02,1.200856989618552895e+01,8.191041955802542962e-02,9.067057724026426901e-02,8.694649403720863812e-02,8.366531499643235781e-02,2.967108529492681890e-01,3.121742285088159319e-01,3.056960971355425216e-01,2.998724597517118950e-01
1.797500000000000098e+00,2.021828604823991404e-02,4.878695995643629602e-02,5.896066712789807540e-02,4.744409853923855364e-02,1.383865238939961106e-01,1.349511457927870528e-01,6.616923172295272049e-02,1.114197411968175511e-01,9.304639224938116016e-01,2.340684980040072180e-02,1.201183088093274876e+01,8.198206798869933642e-02,9.074000189227308943e-02,8.703210094601196434e-02,8.374199556958621116e-02,2.968312802878674272e-01,3.122839202926707136e-01,3.058369573689446730e-01,3.000004344516781218e-01
1.800000000000000044e+00,2.020149425520489581e-02,4.878153340915976355e-02,5.893582861042122312e-02,4.746381960269904082e-02,1.383773976758455315e-01,1.351855181588292876e-01,6.614116884299540977e-02,1.113831556955213464e-01,9.305225713679685651e-01,2.351222020033954391e-02,1.201509328608454474e+01,8.205369349916881438e-02,9.080934991838954251e-02,8.711769980325112517e-02,8.381866244487945483e-02,2.969515601427625828e-01,3.123933837463887531e-01,3.059776776055548875e-01,3.001282714923532713e-01
1.802499999999999991e+00,2.018468889778869679e-02,4.877624417077867230e-02,5.891099421444127154e-02,4.748359642030554328e-02,1.383682064161474712e-01,1.354194574607652524e-01,6.611313546709299271e-02,1.113465721280791632e-01,9.305814834483268072e-01,2.361741481629999612e-02,1.201835711032613929e+01,8.212529611399957408e-02,9.087862136151168835e-02,8.720329061585521679e-02,8.389531563974877981e-02,2.970716927242120775e-01,3.125026192004102810e-01,3.061182580176315393e-01,3.002559710588518782e-01
1.804999999999999938e+00,2.016786990447793151e-02,4.877109231088116309e-02,5.888616400589261057e-02,4.750342832941518295e-02,1.383589504632511125e-01,1.356529638604237198e-01,6.608513168598599552e-02,1.113099905399848599e-01,9.306406582958397511e-01,2.372243397948117088e-02,1.202162235234720278e+01,8.219687585771057181e-02,9.094781626484489678e-02,8.728887339071171592e-02,8.397195517161160083e-02,2.971916782420849779e-01,3.126116269851089702e-01,3.062586987771141467e-01,3.003835333359965998e-01
1.807500000000000107e+00,2.015103720416147950e-02,4.876607788895585133e-02,5.886133805005940717e-02,4.752331467138228016e-02,1.383496301638919845e-01,1.358860375106496765e-01,6.605715758963974504e-02,1.112734109766682633e-01,9.307000954722888242e-01,2.382727802039926596e-02,1.202488901084178963e+01,8.226843275477407902e-02,9.101693467190308251e-02,8.737444813466656302e-02,8.404858105786607025e-02,2.973115169058617169e-01,3.127204074307946002e-01,3.063990000556242599e-01,3.005109585083186041e-01
1.810000000000000053e+00,2.013419072612858060e-02,4.876120095444169689e-02,5.883651641157758294e-02,4.754325479157175266e-02,1.383402458631935728e-01,1.361186785553297196e-01,6.602921326724660311e-02,1.112368334835231176e-01,9.307597945402811268e-01,2.393194726888937460e-02,1.202815708450826193e+01,8.233996682961577940e-02,9.108597662650989857e-02,8.746001485452430113e-02,8.412519331589105032e-02,2.974312089246353707e-01,3.128289608677158884e-01,3.065391620244663495e-01,3.006382467600584585e-01
1.812500000000000000e+00,2.011733040006678797e-02,4.875646154677840821e-02,5.881169915443668073e-02,4.756324803937237583e-02,1.383307979046693448e-01,1.363508871294182023e-01,6.600129880722822862e-02,1.112002581059340772e-01,9.308197550632471007e-01,2.403644205410757420e-02,1.203142657204923793e+01,8.241147810661483830e-02,9.115494217279999922e-02,8.754557355704815913e-02,8.420179196304612701e-02,2.975507545071127691e-01,3.129372876260639869e-01,3.066791848546289168e-01,3.007653982751665733e-01
1.814999999999999947e+00,2.010045615606009459e-02,4.875185969545840076e-02,5.878688634198180746e-02,4.758329376820951556e-02,1.383212866302250543e-01,1.365826633589659334e-01,6.597341429723750650e-02,1.111636848893036156e-01,9.308799766054395297e-01,2.414076270453275469e-02,1.203469747217151387e+01,8.248296661010399988e-02,9.122383135522024733e-02,8.763112424896016273e-02,8.427837701667155457e-02,2.976701538616154941e-01,3.130453880359750363e-01,3.068190687167855479e-01,3.008924132373039240e-01
1.817500000000000115e+00,2.008356792458696263e-02,4.874739542007960197e-02,5.876207803691550768e-02,4.760339133555758356e-02,1.383117123801603510e-01,1.368140073611495422e-01,6.594555982416100415e-02,1.111271138790779905e-01,9.309404587319306534e-01,2.424490954796864467e-02,1.203796978358600356e+01,8.255443236436964261e-02,9.129264421853096334e-02,8.771666693694124550e-02,8.435494849408822771e-02,2.977894071960813238e-01,3.131532624275333299e-01,3.069588137812957473e-01,3.010192918298429388e-01
1.820000000000000062e+00,2.006666563651845689e-02,4.874306873039953303e-02,5.873727430129978277e-02,4.762354010295188900e-02,1.383020754931713892e-01,1.370449192443033981e-01,6.591773547412099754e-02,1.110905451207730155e-01,9.310012010086128331e-01,2.434888291154572310e-02,1.204124350500767626e+01,8.262587539365189027e-02,9.136138080780717430e-02,8.780220162763131830e-02,8.443150641259766775e-02,2.979085147180646764e-01,3.132609111307740890e-01,3.070984202182057698e-01,3.011460342358674436e-01
1.822500000000000009e+00,2.004974922311633309e-02,4.873887962639043836e-02,5.871247519655803382e-02,4.764373943600048317e-02,1.382923763063522160e-01,1.372753991079524172e-01,6.588994133247785823e-02,1.110539786599988449e-01,9.310622030021938889e-01,2.445268312172304420e-02,1.204451863515548737e+01,8.269729572214468138e-02,9.143004116843979345e-02,8.788772832762943577e-02,8.450805078948196714e-02,2.980274766347383308e-01,3.133683344756867939e-01,3.072378881972501197e-01,3.012726406381741051e-01
1.824999999999999956e+00,2.003281861603121647e-02,4.873482809829547679e-02,5.868768078347681716e-02,4.766398870439493562e-02,1.382826151551977134e-01,1.375054470428473952e-01,6.586217748383187132e-02,1.110174145424846354e-01,9.311234642801984318e-01,2.455631050429036427e-02,1.204779517275231093e+01,8.276869337399586635e-02,9.149862534613692477e-02,8.797324704349385183e-02,8.458458164200376161e-02,2.981462931528939819e-01,3.134755327922175705e-01,3.073772178878519945e-01,3.013991112192722643e-01
1.827500000000000124e+00,2.001587374730066579e-02,4.873091412668612704e-02,5.866289112220814811e-02,4.768428728192163762e-02,1.382727923736050968e-01,1.377350631310005347e-01,6.583444401202596941e-02,1.109808528141027206e-01,9.311849844109634233e-01,2.465976538436989024e-02,1.205107311652488100e+01,8.284006837330729067e-02,9.156713338692501480e-02,8.805875778174215851e-02,8.466109898740614703e-02,2.982649644789437393e-01,3.135825064102725213e-01,3.075164094591244512e-01,3.015254461613849912e-01
1.830000000000000071e+00,1.999891454934748375e-02,4.872713768252050909e-02,5.863810627227128425e-02,4.770463454647162066e-02,1.382629082938764964e-01,1.379642474457243306e-01,6.580674100014781425e-02,1.109442935208913711e-01,9.312467629636385080e-01,2.476304808641831973e-02,1.205435246520372772e+01,8.291142074413487828e-02,9.163556533715015717e-02,8.814426054885135531e-02,8.473760284291266542e-02,2.983834908189209045e-01,3.136892556597205006e-01,3.076554630798714052e-01,3.016516456464494178e-01
1.832500000000000018e+00,1.998194095497776365e-02,4.872349872720291991e-02,5.861332629255474463e-02,4.772502988005096480e-02,1.382529632467210112e-01,1.381930000516707613e-01,6.577906853053176739e-02,1.109077367090783584e-01,9.313087995081836823e-01,2.486615893422877699e-02,1.205763321752310979e+01,8.298275051048872863e-02,9.170392124347924445e-02,8.822975535125800184e-02,8.481409322572719400e-02,2.985018723784812478e-01,3.137957808703958906e-01,3.077943789185884627e-01,3.017777098561173488e-01
1.834999999999999964e+00,1.996495289737925533e-02,4.871999721264426431e-02,5.858855124131832209e-02,4.774547266879024948e-02,1.382429575612572348e-01,1.384213210048725051e-01,6.575142668476158248e-02,1.108711824251028821e-01,9.313710936153671849e-01,2.496909825093258581e-02,1.206091537222095411e+01,8.305405769633320001e-02,9.177220115290125879e-02,8.831524219535828724e-02,8.489057015303394516e-02,2.986201093629038406e-01,3.139020823721018760e-01,3.079331571434640313e-01,3.019036389717558166e-01
1.837500000000000133e+00,1.994795031011947425e-02,4.871663308132381104e-02,5.856378117619510937e-02,4.776596230295366424e-02,1.382328915650152257e-01,1.386492103527859898e-01,6.572381554367238976e-02,1.108346307156375943e-01,9.314336448567643867e-01,2.507186635900138238e-02,1.206419892803878469e+01,8.312534232558702052e-02,9.184040511272846541e-02,8.840072108750816893e-02,8.496703364199732766e-02,2.987382019770924435e-01,3.140081604946127758e-01,3.080717979223801528e-01,3.020294331744475813e-01
1.840000000000000080e+00,1.993093312714401197e-02,4.871340626635186494e-02,5.853901615419360854e-02,4.778649817694794605e-02,1.382227655839390335e-01,1.388766681343363840e-01,6.569623518735315248e-02,1.107980816276097485e-01,9.314964528047564585e-01,2.517446358024897496e-02,1.206748388372166936e+01,8.319660442212335749e-02,9.190853317059760608e-02,8.848619203402345590e-02,8.504348370976191895e-02,2.988561504255761170e-01,3.141140155676771517e-01,3.082103014229133908e-01,3.021550926449915742e-01
1.842500000000000027e+00,1.991390128277484989e-02,4.871031669153320226e-02,5.851425623169961843e-02,4.780707968933071289e-02,1.382125799423893353e-01,1.391036943799629499e-01,6.566868569514876242e-02,1.107615352082219479e-01,9.315595170325277063e-01,2.527689023583318262e-02,1.207077023801815763e+01,8.326784400976992850e-02,9.197658537447114813e-02,8.857165504117993360e-02,8.511992037345236795e-02,2.989739549125107199e-01,3.142196479210208060e-01,3.083486678123361080e-01,3.022806175639035087e-01
1.844999999999999973e+00,1.989685471170852746e-02,4.870736427143215058e-02,5.848950146447844806e-02,4.782770624281843658e-02,1.382023349631454345e-01,1.393302891116672271e-01,6.564116714566263500e-02,1.107249915049723227e-01,9.316228371140645725e-01,2.537914664625785452e-02,1.207405798968020072e+01,8.333906111230909852e-02,9.204456177263847794e-02,8.865711011521344720e-02,8.519634365017329791e-02,2.990916156416799088e-01,3.143250578843493348e-01,3.084868972576168544e-01,3.024060081114163245e-01
1.847500000000000142e+00,1.987979334901458436e-02,4.870454891143814746e-02,5.846475190767677632e-02,4.784837724429402001e-02,1.381920309674080916e-01,1.395564523430626869e-01,6.561367961675869387e-02,1.106884505656742790e-01,9.316864126241547472e-01,2.548123313137478502e-02,1.207734713746311783e+01,8.341025575347797705e-02,9.211246241371712218e-02,8.874255726232004038e-02,8.527275355700925097e-02,2.992091328164956932e-01,3.144302457873509593e-01,3.086249899254217555e-01,3.025312644674806317e-01
1.850000000000000089e+00,1.986271713013382234e-02,4.870187050783251342e-02,5.844000761582503201e-02,4.786909210481413157e-02,1.381816682748018277e-01,1.397821840794253589e-01,6.558622318556407704e-02,1.106519124384756775e-01,9.317502431383832828e-01,2.558315001038555248e-02,1.208063768012550732e+01,8.348142795696847362e-02,9.218028734665391355e-02,8.882799648865605247e-02,8.534915011102456317e-02,2.993265066400002117e-01,3.145352119596995233e-01,3.087629459821152889e-01,3.026563868117653211e-01
1.852500000000000036e+00,1.984562599087667106e-02,4.869932894785620331e-02,5.841526864283916320e-02,4.788985023961608162e-02,1.381712472033777839e-01,1.400074843177464834e-01,6.555879792847112142e-02,1.106153771718775131e-01,9.318143282331338151e-01,2.568489760184352461e-02,1.208392961642920049e+01,8.355257774642747826e-02,9.224803662072621202e-02,8.891342780033821558e-02,8.542553332926329512e-02,2.994437373148661763e-01,3.146399567310569356e-01,3.089007655937611174e-01,3.027813753236577310e-01
1.854999999999999982e+00,1.982851986742157138e-02,4.869692410977873032e-02,5.839053504202298267e-02,4.791065106812399804e-02,1.381607680696161078e-01,1.402323530467871615e-01,6.553140392113999957e-02,1.105788448147518727e-01,9.318786674855843444e-01,2.578647622365570768e-02,1.208722294513919948e+01,8.362370514545688915e-02,9.231571028554308445e-02,8.899885120344377953e-02,8.550190322874909321e-02,2.995608250433984265e-01,3.147444804310761679e-01,3.090384489261231993e-01,3.029062301822644798e-01
1.857499999999999929e+00,1.981139869631331693e-02,4.869465586296767984e-02,5.836580686607009683e-02,4.793149401395493947e-02,1.381502311884287848e-01,1.404567902471332286e-01,6.550404123850087079e-02,1.105423154163594629e-01,9.319432604737082348e-01,2.588788619308470679e-02,1.209051766502360259e+01,8.369481017761373765e-02,9.238330839104649805e-02,8.908426670401063674e-02,8.557825982648510632e-02,2.996777700275343181e-01,3.148487833894038079e-01,3.091759961446663985e-01,3.030309515664114661e-01
1.860000000000000098e+00,1.979426241446149287e-02,4.869252406795958332e-02,5.834108416706617478e-02,4.795237850492488352e-02,1.381396368731620805e-01,1.406807958912541789e-01,6.547670995475636524e-02,1.105057890263672626e-01,9.320081067762699956e-01,2.598912782675059235e-02,1.209381377485356879e+01,8.376589286641031307e-02,9.245083098751247230e-02,8.916967430803737771e-02,8.565460313945388870e-02,2.997945724688454439e-01,3.149528659356828908e-01,3.093134074145578727e-01,3.031555396546447012e-01
1.862500000000000044e+00,1.977711095913899098e-02,4.869052857653157623e-02,5.831636699649093286e-02,4.797330397305355626e-02,1.381289854355999824e-01,1.409043699435606756e-01,6.544941014338390151e-02,1.104692656948642326e-01,9.320732059728256136e-01,2.609020144063284308e-02,1.209711127340323067e+01,8.383695323531423216e-02,9.251827812555225850e-02,8.925507402148347147e-02,8.573093318461726120e-02,2.999112325685382441e-01,3.150567283995554524e-01,3.094506829006674065e-01,3.032799946252304202e-01
1.864999999999999991e+00,1.975994426798019510e-02,4.868866923177398581e-02,5.829165540522050076e-02,4.799426985456951844e-02,1.381182771859661151e-01,1.411275123604660009e-01,6.542214187713821238e-02,1.104327454723782048e-01,9.321385576437195564e-01,2.619110735007227492e-02,1.210041015944965359e+01,8.390799130774856396e-02,9.258564985611349163e-02,8.934046585026930720e-02,8.580724997891620021e-02,3.000277505274552281e-01,3.151603711106653050e-01,3.095878227675688543e-01,3.034043166561556926e-01
1.867499999999999938e+00,1.974276227897978075e-02,4.868694586816380704e-02,5.826694944352923955e-02,4.801527558991460637e-02,1.381075124329274595e-01,1.413502230904479240e-01,6.539490522805362083e-02,1.103962284098908980e-01,9.322041613700843277e-01,2.629184586977283480e-02,1.210371043177276817e+01,8.397900710709191308e-02,9.265294623048135614e-02,8.942584980027636077e-02,8.588355353927072666e-02,3.001441265460758068e-01,3.152637943986606461e-01,3.097248271795406405e-01,3.035285059251288109e-01
1.870000000000000107e+00,1.972556493049091447e-02,4.868535831163953165e-02,5.824224916109231598e-02,4.803632062374800504e-02,1.380966914835968229e-01,1.415725020741130102e-01,6.536770026744639916e-02,1.103597145588531281e-01,9.322700167338388022e-01,2.639241731380370659e-02,1.210701208915530636e+01,8.405000065667854459e-02,9.272016730027969611e-02,8.951122587734726410e-02,8.595984388257978115e-02,3.002603608245175137e-01,3.153669985931963904e-01,3.098616963005667579e-01,3.036525626095794572e-01
1.872500000000000053e+00,1.970835216122393541e-02,4.868390637967594942e-02,5.821755460698752049e-02,4.805740440495019639e-02,1.380858146435360867e-01,1.417943492442604314e-01,6.534052706591740589e-02,1.103232039711995738e-01,9.323361233176850060e-01,2.649282199560097986e-02,1.211031513038275875e+01,8.412097197979849506e-02,9.278731311747218102e-02,8.959659408728595786e-02,8.603612102572105735e-02,3.003764535625370602e-01,3.154699840239373332e-01,3.099984302943379899e-01,3.037764868866593693e-01
1.875000000000000000e+00,1.969112391024479408e-02,4.868258988136110049e-02,5.819286582969764726e-02,4.807852638662599848e-02,1.380748822167590650e-01,1.420157645259508550e-01,6.531338569335440325e-02,1.102866966993624742e-01,9.324024807051088937e-01,2.659306022796973853e-02,1.211361955424329473e+01,8.419192109969765581e-02,9.285438373436342985e-02,8.968195443585774695e-02,8.611238498555093268e-02,3.004924049595310565e-01,3.155727510205602049e-01,3.101350293242521872e-01,3.039002789332424515e-01
1.877499999999999947e+00,1.967388011697359523e-02,4.868140861747294323e-02,5.816818287711266605e-02,4.809968602610761174e-02,1.380638945057345579e-01,1.422367478365729188e-01,6.528627621893437483e-02,1.102501927962853956e-01,9.324690884803772395e-01,2.669313232308583722e-02,1.211692535952771799e+01,8.426284803957791170e-02,9.292137920360009351e-02,8.976730692878948092e-02,8.618863577890428784e-02,3.006082152145372333e-01,3.156752999127562798e-01,3.102714935534156560e-01,3.040239389259254965e-01
1.880000000000000115e+00,1.965662072118315798e-02,4.868036238055777759e-02,5.814350579653193574e-02,4.812088278495735977e-02,1.380528518113900149e-01,1.424572990859145905e-01,6.525919871112628723e-02,1.102136923154364151e-01,9.325359462285363055e-01,2.679303859249786840e-02,1.212023254502940439e+01,8.433375282259722439e-02,9.298829957817196512e-02,8.985265157176959561e-02,8.626487342259436808e-02,3.007238845262356075e-01,3.157776310302341516e-01,3.104078231446438796e-01,3.041474670410280745e-01
1.882500000000000062e+00,1.963934566299756906e-02,4.867945095500893909e-02,5.811883463466640393e-02,4.814211612896958370e-02,1.380417544331139501e-01,1.426774181762337224e-01,6.523215323769321339e-02,1.101771953108204721e-01,9.326030535354107309e-01,2.689277934712904286e-02,1.212354110954425934e+01,8.440463547186975724e-02,9.305514491141310407e-02,8.993798837044827965e-02,8.634109793341267214e-02,3.008394130929490928e-01,3.158797447027218985e-01,3.105440182604621846e-01,3.042708634545932544e-01
1.885000000000000009e+00,1.962205488289087141e-02,4.867867411714668635e-02,5.809416943764084129e-02,4.816338552817280710e-02,1.380306026687601884e-01,1.428971050023312983e-01,6.520513986569513587e-02,1.101407018369914836e-01,9.326704099876014231e-01,2.699235489727903545e-02,1.212685105187062007e+01,8.447549601046598633e-02,9.312191525700287686e-02,9.002331733043755779e-02,8.641730932812875798e-02,3.009548011126449985e-01,3.159816412599698032e-01,3.106800790631071285e-01,3.043941283423877153e-01
1.887499999999999956e+00,1.960474832168550632e-02,4.867803163529877547e-02,5.806951025099608282e-02,4.818469045683097807e-02,1.380193968146502248e-01,1.431163594516259574e-01,6.517815866149111181e-02,1.101042119490642374e-01,9.327380151724848911e-01,2.709176555262596264e-02,1.213016237080924675e+01,8.454633446141279762e-02,9.318861066896705347e-02,9.010863845731141575e-02,8.649350762349015953e-02,3.010700487829353622e-01,3.160833210317525177e-01,3.108160057145266664e-01,3.045172618799022457e-01
1.890000000000000124e+00,1.958742592055115472e-02,4.867752326988174227e-02,5.804485711969131767e-02,4.820603039344461410e-02,1.380081371655775546e-01,1.433351814042296835e-01,6.515120969074207624e-02,1.100677257027252581e-01,9.328058686782098041e-01,2.719101162222813811e-02,1.213347506516324081e+01,8.461715084769362571e-02,9.325523120167882041e-02,9.019395175660589736e-02,8.656969283622216460e-02,3.011851563010788935e-01,3.161847843478716724e-01,3.109517983763817606e-01,3.046402642423520768e-01
1.892500000000000071e+00,1.957008762100313076e-02,4.867714877348337799e-02,5.802021008810635122e-02,4.822740482075131563e-02,1.379968240148103376e-01,1.435535707330256594e-01,6.512429301841309026e-02,1.100312431542432856e-01,9.328739700936982127e-01,2.729009341452609538e-02,1.213678913373798629e+01,8.468794519224853712e-02,9.332177690985989094e-02,9.027925723381921563e-02,8.664586498302773165e-02,3.013001238639809176e-01,3.162860315381580967e-01,3.110874572100466029e-01,3.047631356046768825e-01
1.895000000000000018e+00,1.955273336490130978e-02,4.867690789094553105e-02,5.799556920004382554e-02,4.824881322572653619e-02,1.379854576540956168e-01,1.437715273037465380e-01,6.509740870877608887e-02,1.099947643604801545e-01,9.329423190086412188e-01,2.738901123734440238e-02,1.214010457534110898e+01,8.475871751797435516e-02,9.338824784858146266e-02,9.036455489441189148e-02,8.672202408058725387e-02,3.014149516681952079e-01,3.163870629324743722e-01,3.112229823766098358e-01,3.048858761415415564e-01
1.897499999999999964e+00,1.953536309444857400e-02,4.867680035944801226e-02,5.797093449873159249e-02,4.827025509958308286e-02,1.379740383736623444e-01,1.439890509750553493e-01,6.507055682541224018e-02,1.099582893788997179e-01,9.330109150134997531e-01,2.748776539789349327e-02,1.214342138878240540e+01,8.482946784772479876e-02,9.345464407326528611e-02,9.044984474380685091e-02,8.679817014555847587e-02,3.015296399099244851e-01,3.164878788607166649e-01,3.113583740368753849e-01,3.050084860273359899e-01
1.900000000000000133e+00,1.951797675218969186e-02,4.867682590859311043e-02,5.794630602682494802e-02,4.829172993777085254e-02,1.379625664622254611e-01,1.442061415986268802e-01,6.504373743121452667e-02,1.099218182675775896e-01,9.330797576995010223e-01,2.758635620277163913e-02,1.214673957287380546e+01,8.490019620431056568e-02,9.352096563968465004e-02,9.053512678738953601e-02,8.687430319457627170e-02,3.016441887850216386e-01,3.165884796528177780e-01,3.114936323513631256e-01,3.051309654361760715e-01
1.902500000000000080e+00,1.950057428100991294e-02,4.867698426049087146e-02,5.792168382640899837e-02,4.831323723997632547e-02,1.379510422069892828e-01,1.444227990192311073e-01,6.501695058839038199e-02,1.098853510852099008e-01,9.331488466586389530e-01,2.768478395796674166e-02,1.215005912642930319e+01,8.497090261049947135e-02,9.358721260396536679e-02,9.062040103050801598e-02,8.695042324425253377e-02,3.017585984889906148e-01,3.166888656387484846e-01,3.116287574803098814e-01,3.052533145419032423e-01
1.905000000000000027e+00,1.948315562413378485e-02,4.867727512984504346e-02,5.789706793900090825e-02,4.833477651012101778e-02,1.379394658936516083e-01,1.446390230748174632e-01,6.499019635846406406e-02,1.098488878911214189e-01,9.332181814836705280e-01,2.778304896885824826e-02,1.215338004826489815e+01,8.504158708901653208e-02,9.365338502258674369e-02,9.070566747847309819e-02,8.702653031117595084e-02,3.018728692169875272e-01,3.167890371485204692e-01,3.117637495836703132e-01,3.053755335180851627e-01
1.907499999999999973e+00,1.946572072512384177e-02,4.867769822403993779e-02,5.787245840555232251e-02,4.835634725636019093e-02,1.379278378064072719e-01,1.448548135966012673e-01,6.496347480227952775e-02,1.098124287452734299e-01,9.332877617681170079e-01,2.788115154021897357e-02,1.215670233719857052e+01,8.511224966254413160e-02,9.371948295238255455e-02,9.079092613655846689e-02,8.710262441191188310e-02,3.019870011638212670e-01,3.168889945121881602e-01,3.118986088211174734e-01,3.054976225380159893e-01
1.910000000000000142e+00,1.944826952787943181e-02,4.867825324322778979e-02,5.784785526645171150e-02,4.837794899108103369e-02,1.379161582279523346e-01,1.450701704091509892e-01,6.493678598000264535e-02,1.097759737082714404e-01,9.333575871062589346e-01,2.797909197621699720e-02,1.216002599205019585e+01,8.518289035372210438e-02,9.378550645054195556e-02,9.087617701000075265e-02,8.717870556300216789e-02,3.021009945239550576e-01,3.169887380598509496e-01,3.120333353520440278e-01,3.056195817747165422e-01
1.912500000000000089e+00,1.943080197663544714e-02,4.867893988041677861e-02,5.782325856152655680e-02,4.839958123090048331e-02,1.379044274394876368e-01,1.452850933304766501e-01,6.491012995112409312e-02,1.097395228413720336e-01,9.334276570931379080e-01,2.807687058041748868e-02,1.216335101164150245e+01,8.525350918514786047e-02,9.385145557461042898e-02,9.096142010399967115e-02,8.725477378096493930e-02,3.022148494915068984e-01,3.170882681216551924e-01,3.121679293355628104e-01,3.057414114009346928e-01
1.915000000000000036e+00,1.941331801596113057e-02,4.867975782155996300e-02,5.779866833004598109e-02,4.842124349666232508e-02,1.378926457207232392e-01,1.454995821721202509e-01,6.488350677446171055e-02,1.097030762064891279e-01,9.334979713245538102e-01,2.817448765578456360e-02,1.216667739479603938e+01,8.532410617937651043e-02,9.391733038249071297e-02,9.104665542371814801e-02,8.733082908229448937e-02,3.023285662602506751e-01,3.171875850277964259e-01,3.123023909305076562e-01,3.058631115891453089e-01
1.917499999999999982e+00,1.939581759075902079e-02,4.868070674564449474e-02,5.777408461072296164e-02,4.844293531343477760e-02,1.378808133498826416e-01,1.457136367392470322e-01,6.485691650816344245e-02,1.096666338662005691e-01,9.335685293970616971e-01,2.827194350468314327e-02,1.217000514033908587e+01,8.539468135892100409e-02,9.398313093244363425e-02,9.113188297428241602e-02,8.740687148346104607e-02,3.024421450236176034e-01,3.172866891085214802e-01,3.124367202954344558e-01,3.059846825115510871e-01
1.919999999999999929e+00,1.937830064626356805e-02,4.868178632478174089e-02,5.774950744171675199e-02,4.846465621050660699e-02,1.378689306037062801e-01,1.459272568307384277e-01,6.483035920970958710e-02,1.096301958837531121e-01,9.336393309079731306e-01,2.836923842888080388e-02,1.217333424709763356e+01,8.546523474625219996e-02,9.404885728308905180e-02,9.121710276078213997e-02,8.748290100091060673e-02,3.025555859746963394e-01,3.173855806941302538e-01,3.125709175886217661e-01,3.061061243400822196e-01
1.922500000000000098e+00,1.936076712804016969e-02,4.868299622429796830e-02,5.772493686063524115e-02,4.848640572138413624e-02,1.378569977574565508e-01,1.461404422392856839e-01,6.480383493591554411e-02,1.095937623230685415e-01,9.337103754553531809e-01,2.846637272954955986e-02,1.217666471390032257e+01,8.553576636379903175e-02,9.411450949340667560e-02,9.130231478827049996e-02,8.755891765106478541e-02,3.026688893062344787e-01,3.174842601149777122e-01,3.127049829680715876e-01,3.062274372463968941e-01
1.925000000000000044e+00,1.934321698198397319e-02,4.868433610282536100e-02,5.770037290453750717e-02,4.850818338378678346e-02,1.378450150849215572e-01,1.463531927514853670e-01,6.477734374293475650e-02,1.095573332487476959e-01,9.337816626380185392e-01,2.856334670726777894e-02,1.217999653957738815e+01,8.560627623394863328e-02,9.418008762273689938e-02,9.138751906176434403e-02,8.763492145032059089e-02,3.027820552106396668e-01,3.175827277014761085e-01,3.128389165915104186e-01,3.063486214018815712e-01
1.927499999999999991e+00,1.932565015431874852e-02,4.868580561239410631e-02,5.767581560993607914e-02,4.852998873964287779e-02,1.378329828584197447e-01,1.465655081479362853e-01,6.475088568626094498e-02,1.095209087260751446e-01,9.338531920555370736e-01,2.866016066202194817e-02,1.218332972296061101e+01,8.567676437904640785e-02,9.424559173078164709e-02,9.147271558624428534e-02,8.771091241505026004e-02,3.028950838799799317e-01,3.176809837840964268e-01,3.129727186163898667e-01,3.064696769776512619e-01
1.929999999999999938e+00,1.930806659159582661e-02,4.868740439852452251e-02,5.765126501279948384e-02,4.855182133508514214e-02,1.378209013488041756e-01,1.467773882033365507e-01,6.472446082073091134e-02,1.094844888210230183e-01,9.339249633082257196e-01,2.875681489320847800e-02,1.218666426288327287e+01,8.574723082139622254e-02,9.431102187760516398e-02,9.155790436665481313e-02,8.778689056160106363e-02,3.030079755059852387e-01,3.177790286933706576e-01,3.131063891998874249e-01,3.065906041445494168e-01
1.932500000000000107e+00,1.929046624069303065e-02,4.868913210031996369e-02,5.762672114855463268e-02,4.857368072044540575e-02,1.378087708254674137e-01,1.469888326865827766e-01,6.469806920052743882e-02,1.094480736002548804e-01,9.339969759971491481e-01,2.885330969963557576e-02,1.219000015818011029e+01,8.581767558326047762e-02,9.437637812363479373e-02,9.164308540790441771e-02,8.786285590629513975e-02,3.031207302800481007e-01,3.178768627598932972e-01,3.132399284989074717e-01,3.067114030731486474e-01
1.935000000000000053e+00,1.927284904881351041e-02,4.869098835056030750e-02,5.760218405208929193e-02,4.859556645024949023e-02,1.377965915563455768e-01,1.471998413608708867e-01,6.467171087918160977e-02,1.094116631311284477e-01,9.340692297241183217e-01,2.894964537952506717e-02,1.219333740768725427e+01,8.588809868686024529e-02,9.444166052966172786e-02,9.172825871486568750e-02,8.793880846542928564e-02,3.032333483932247442e-01,3.179744863143232902e-01,3.133733366700818812e-01,3.068320739337505043e-01
1.937500000000000000e+00,1.925521496348484712e-02,4.869297277579581057e-02,5.757765375775457384e-02,4.861747808321138092e-02,1.377843638079231658e-01,1.474104139837968674e-01,6.464538590957577546e-02,1.093752574816983930e-01,9.341417240916893849e-01,2.904582223051407203e-02,1.219667601024218406e+01,8.595850015437539460e-02,9.450686915684179679e-02,9.181342429237544789e-02,8.801474825527476342e-02,3.033458300362356641e-01,3.180718996873856952e-01,3.135066138697708560e-01,3.069526168963860324e-01
1.939999999999999947e+00,1.923756393255793284e-02,4.869508499644142202e-02,5.755313029936735131e-02,4.863941518222716920e-02,1.377720878452379782e-01,1.476205503074594361e-01,6.461909434394610963e-02,1.093388567207188022e-01,9.342144587031612213e-01,2.914184054965696102e-02,1.220001596468369165e+01,8.602888000794474410e-02,9.457200406669613590e-02,9.189858214523484448e-02,8.809067529207713354e-02,3.034581753994670117e-01,3.181691032098735161e-01,3.136397602540638707e-01,3.070730321308157151e-01
1.942500000000000115e+00,1.921989590420591573e-02,4.869732462687163116e-02,5.752861371021290859e-02,4.866137731436879360e-02,1.377597639318855482e-01,1.478302500785634854e-01,6.459283623388545337e-02,1.093024609176449502e-01,9.342874331625748985e-01,2.923770063342704881e-02,1.220335726985181957e+01,8.609923826966613125e-02,9.463706532111192116e-02,9.198373227820948184e-02,8.816658959205601886e-02,3.035703846729713717e-01,3.182660972126490906e-01,3.137727759787801718e-01,3.071933198065299742e-01
1.945000000000000062e+00,1.920221082692336045e-02,4.869969127551568300e-02,5.750410402304727275e-02,4.868336405087734381e-02,1.377473923300243930e-01,1.480395130385256108e-01,6.456661163034588258e-02,1.092660701426349801e-01,9.343606470747118919e-01,2.933340277771840851e-02,1.220669992458782360e+01,8.616957496159657892e-02,9.470205298234302127e-02,9.206887469602953455e-02,8.824249117140496590e-02,3.036824580464684842e-01,3.183628820266459769e-01,3.139056611994699431e-01,3.073134800927490584e-01
1.947500000000000009e+00,1.918450864952503040e-02,4.870218454495341825e-02,5.747960127009980186e-02,4.870537496715602460e-02,1.377349733003803700e-01,1.482483389235788040e-01,6.454042058364162227e-02,1.092296844665507916e-01,9.344341000450935297e-01,2.942894727784767239e-02,1.221004392773412306e+01,8.623989010575240644e-02,9.476696711301069165e-02,9.215400940338984437e-02,8.831838004629122274e-02,3.037943957093462988e-01,3.184594579828702865e-01,3.140384160714145279e-01,3.074335131584233771e-01
1.949999999999999956e+00,1.916678932114516259e-02,4.870480403201102315e-02,5.745510548307566218e-02,4.872740964276258552e-02,1.377225071022521452e-01,1.484567274648804502e-01,6.451426314345172497e-02,1.091933039609587763e-01,9.345077916799766626e-01,2.952433442855570411e-02,1.221338927813425457e+01,8.631018372410936834e-02,9.483180777610419887e-02,9.223913640495007282e-02,8.839425623285551703e-02,3.039061978506623074e-01,3.185558254124025712e-01,3.141710407496280943e-01,3.075534191722340549e-01
1.952500000000000124e+00,1.914905279123629497e-02,4.870754932785770902e-02,5.743061669315843720e-02,4.874946766140193788e-02,1.377099939935158557e-01,1.486646783886194645e-01,6.448813935882263815e-02,1.091569286981304843e-01,9.345817215863567728e-01,2.961956452400946183e-02,1.221673597463282412e+01,8.638045583860275156e-02,9.489657503498140356e-02,9.232425570533475678e-02,8.847011974721191718e-02,3.040178646591435441e-01,3.186519846463988226e-01,3.143035353888571914e-01,3.076731983025922657e-01
1.955000000000000071e+00,1.913129900956854479e-02,4.871042001810252375e-02,5.740613493101271586e-02,4.877154861091809179e-02,1.376974342306306609e-01,1.488721914161259818e-01,6.446204927817138219e-02,1.091205587510422348e-01,9.346558893719620897e-01,2.971463785780377106e-02,1.222008401607546979e+01,8.645070647112752804e-02,9.496126895336938489e-02,9.240936730913348884e-02,8.854597060544759646e-02,3.041293963231884723e-01,3.187479360160922481e-01,3.144359001435828027e-01,3.077928507176404538e-01
1.957500000000000018e+00,1.911352792622843938e-02,4.871341568289121876e-02,5.738166022678648642e-02,4.879365208328575315e-02,1.376848280686432391e-01,1.490792662639805477e-01,6.443599294928792354e-02,1.090841941933748255e-01,9.347302946452552552e-01,2.980955472296294498e-02,1.222343340130881018e+01,8.652093564353849353e-02,9.502588959536499569e-02,9.249447122090097284e-02,8.862180882362265255e-02,3.042407930308672626e-01,3.188436798527946592e-01,3.145681351680200688e-01,3.079123765852517791e-01
1.959999999999999964e+00,1.909573949161829515e-02,4.871653589700392778e-02,5.735719261011386350e-02,4.881577767460160144e-02,1.376721757611937269e-01,1.492859026441255565e-01,6.440997041933821388e-02,1.090478350995128520e-01,9.348049370154301041e-01,2.990431541194264395e-02,1.222678412918040358e+01,8.659114337765035085e-02,9.509043702543543142e-02,9.257956744515717651e-02,8.869763441776988555e-02,3.043520549699229583e-01,3.189392164878976921e-01,3.147002406161197308e-01,3.080317760730306720e-01
1.962500000000000133e+00,1.907793365645506917e-02,4.871978022995275548e-02,5.733273211011752357e-02,4.883792498507565777e-02,1.376594775605205767e-01,1.494921002639769680e-01,6.438398173486686860e-02,1.090114815445435703e-01,9.348798160924115530e-01,2.999892021663156522e-02,1.223013619853869827e+01,8.666132969523786256e-02,9.515491130841871592e-02,9.266465598638742862e-02,8.877344740389463140e-02,3.044631823277723082e-01,3.190345462528741960e-01,3.148322166415684076e-01,3.081510493483127777e-01
1.965000000000000080e+00,1.906011037176966183e-02,4.872314824607977546e-02,5.730827875541150140e-02,4.886009361902154263e-02,1.376467337174661909e-01,1.496978588265368004e-01,6.435802694180005334e-02,1.089751336042548424e-01,9.349549314868526029e-01,3.009336942835309087e-02,1.223348960823300757e+01,8.673149461803598970e-02,9.521931250952420100e-02,9.274973684904255777e-02,8.884924779797455374e-02,3.045741752915067657e-01,3.191296694792795097e-01,3.149640633977899840e-01,3.082701965781654008e-01
1.967500000000000027e+00,1.904226958890591764e-02,4.872663950465527111e-02,5.728383257410365331e-02,4.888228318484764273e-02,1.376339444814818069e-01,1.499031780305071226e-01,6.433210608544830122e-02,1.089387913551346371e-01,9.350302828101346719e-01,3.018766333786716133e-02,1.223684435711344243e+01,8.680163816773998897e-02,9.528364069433307992e-02,9.283481003753896177e-02,8.892503561595944961e-02,3.046850340478932107e-01,3.192245864987526827e-01,3.150957810379455548e-01,3.083892179293876157e-01
1.969999999999999973e+00,1.902441125951991052e-02,4.873025355997612912e-02,5.725939359379821070e-02,4.890449329504621689e-02,1.376211101006338533e-01,1.501080575704046016e-01,6.430621921050920509e-02,1.089024548743669218e-01,9.351058696743649312e-01,3.028180223537180193e-02,1.224020044403088825e+01,8.687176036600557927e-02,9.534789592879878983e-02,9.291987555625877415e-02,8.900081087377102740e-02,3.047957587833750037e-01,3.193192976430175856e-01,3.152273697149348131e-01,3.085081135685103226e-01
1.972500000000000142e+00,1.900653533557897928e-02,4.873398996146457302e-02,5.723496184159863887e-02,4.892672356618402163e-02,1.376082308216086958e-01,1.503124971366752993e-01,6.428036636107052615e-02,1.088661242398307194e-01,9.351816916923763046e-01,3.037578641050498948e-02,1.224355786783695876e+01,8.694186123444902492e-02,9.541207827924746976e-02,9.300493340954993360e-02,8.907657358730272645e-02,3.049063496840726528e-01,3.194138032438840202e-01,3.153588295813963271e-01,3.086268836617962474e-01
1.975000000000000089e+00,1.898864176936104764e-02,4.873784825376682034e-02,5.721053734411005870e-02,4.894897361889158360e-02,1.375953068897188269e-01,1.505164964158112184e-01,6.425454758061278915e-02,1.088297995300965132e-01,9.352577484777235828e-01,3.046961615234615797e-02,1.224691662738395515e+01,8.701194079464731612e-02,9.547618781237832142e-02,9.308998360172630882e-02,8.915232377241952277e-02,3.050168069357850897e-01,3.195081036332489965e-01,3.154901607897088733e-01,3.087455283752409407e-01
1.977500000000000036e+00,1.897073051345370825e-02,4.874182797685219781e-02,5.718612012744193895e-02,4.897124307785218761e-02,1.375823385489081951e-01,1.507200550904671810e-01,6.422876291201225218e-02,1.087934808244227225e-01,9.353340396446840899e-01,3.056329174941802007e-02,1.225027672152481450e+01,8.708199906813823832e-02,9.554022459526402555e-02,9.317502613706785120e-02,8.922806144495772085e-02,3.051271307239903918e-01,3.196021991430977316e-01,3.156213634919916577e-01,3.088640478745719453e-01
1.979999999999999982e+00,1.895280152075350458e-02,4.874592866611231201e-02,5.716171021721092038e-02,4.899353157179116985e-02,1.375693260417581443e-01,1.509231728395783734e-01,6.420301239754383493e-02,1.087571682027528852e-01,9.354105648082564617e-01,3.065681348968819081e-02,1.225363814911309213e+01,8.715203607642053873e-02,9.560418869535106112e-02,9.326006101982066421e-02,8.930378662072477325e-02,3.052373212338462261e-01,3.196960901055042603e-01,3.157524378401052045e-01,3.089824423252495733e-01
1.982500000000000151e+00,1.893485474446507388e-02,4.875014985245987309e-02,5.713730763854325823e-02,4.901583873346411491e-02,1.375562696094930204e-01,1.511258493384784740e-01,6.417729607888390808e-02,1.087208617457110921e-01,9.354873235841580925e-01,3.075018166057075231e-02,1.225700090900290284e+01,8.722205184095405128e-02,9.566808018046001061e-02,9.334508825419711442e-02,8.937949931549905858e-02,3.053473786501914033e-01,3.197897768526328788e-01,3.158833839856519665e-01,3.091007118924669061e-01
1.985000000000000098e+00,1.891689013810048114e-02,4.875449106242850383e-02,5.711291241607768798e-02,4.903816419964552448e-02,1.375431694919864167e-01,1.513280842590194464e-01,6.415161399711326318e-02,1.086845615345978927e-01,9.355643155888238027e-01,3.084339654892804747e-02,1.226036500004889085e+01,8.729204638315980758e-02,9.573189911878590697e-02,9.343010784437599803e-02,8.945519954502968718e-02,3.054573031575464337e-01,3.198832597167388658e-01,3.160142020799774909e-01,3.092188567411500721e-01
1.987500000000000044e+00,1.889890765547842452e-02,4.875895181827166053e-02,5.708852457396797891e-02,4.906050761111668129e-02,1.375300259277665860e-01,1.515298772696899443e-01,6.412596619271988818e-02,1.086482676513860074e-01,9.356415404394059498e-01,3.093645844107219614e-02,1.226373042110619771e+01,8.736201972442017571e-02,9.579564557889844179e-02,9.351511979450259637e-02,8.953088732503630687e-02,3.055670949401140812e-01,3.199765390301690382e-01,3.161448922741705858e-01,3.093368770359580799e-01
1.989999999999999991e+00,1.888090725072348250e-02,4.876353163806222690e-02,5.706414413588578594e-02,4.908286861265342971e-02,1.375168391540229629e-01,1.517312280357369092e-01,6.410035270560208998e-02,1.086119801787152062e-01,9.357189977537705428e-01,3.102936762276677779e-02,1.226709717103040376e+01,8.743197188607899906e-02,9.585931962974225673e-02,9.360012410868882859e-02,8.960656267120893637e-02,3.056767541817810852e-01,3.200696151253630828e-01,3.162754547190644860e-01,3.094547729412836512e-01
1.992499999999999938e+00,1.886288887826546162e-02,4.876823003579191379e-02,5.703977112502318925e-02,4.910524685301363018e-02,1.375036094066117986e-01,1.519321362192858071e-01,6.407477357507121440e-02,1.085756991998870213e-01,9.357966871504986850e-01,3.112212437922842051e-02,1.227046524867751742e+01,8.750190288944170725e-02,9.592292134063712394e-02,9.368512079101333490e-02,8.968222559920771553e-02,3.057862810661180486e-01,3.201624883348539452e-01,3.164058895652372416e-01,3.095725446212525545e-01
1.995000000000000107e+00,1.884485249283860200e-02,4.877304652147052000e-02,5.701540556409571969e-02,4.912764198492430151e-02,1.374903369200625725e-01,1.521326014794620041e-01,6.404922883985481041e-02,1.085394247988596128e-01,9.358746082488830220e-01,3.121472899512841431e-02,1.227383465290392550e+01,8.757181275577545498e-02,9.598645078127815422e-02,9.377010984552162920e-02,8.975787612466275267e-02,3.058956757763810486e-01,3.202551589912685515e-01,3.165361969630127170e-01,3.096901922397246043e-01
1.997500000000000053e+00,1.882679804948096322e-02,4.877798060122540830e-02,5.699104747534472493e-02,4.915005366506861040e-02,1.374770219275838479e-01,1.523326234725131123e-01,6.402371853809921132e-02,1.085031570602416201e-01,9.359527606689272972e-01,3.130718175459425850e-02,1.227720538256634342e+01,8.764170150630923306e-02,9.604990802173592190e-02,9.385509127622616854e-02,8.983351426317391641e-02,3.060049384955119134e-01,3.203476274273286406e-01,3.166663770624610352e-01,3.098077159602932173e-01
2.000000000000000000e+00,1.880872550353370268e-02,4.878303177740071772e-02,5.696669688054038783e-02,4.917248155407235449e-02,1.374636646610700175e-01,1.525322018519310874e-01,6.399824270737294873e-02,1.084668960692861672e-01,9.360311440313452414e-01,3.139948294121128886e-02,1.228057743652180989e+01,8.771156916223402100e-02,9.611329313245663142e-02,9.394006508710649184e-02,8.990914003031061363e-02,3.061140694061395551e-01,3.204398939758510423e-01,3.167964300133994660e-01,3.099251159462858007e-01
