s,rho,cyc0,cyc1,cyc2,cyc3,alpha_max,alpha_p95,sigma_local,sigma_near2,sigma_near4,dist_active_to_alphamax,reach,curv_radius,half_nonlocal_sep,L,spacing,reach_controller,active_i,active_j,alpha_max_i,dlnreach_ds,gamma_hat,A_local,A_near2,A_near4,A_p95,A_max,y_core_over_reach_sq,Re_required_local,gate_Re100,gate_Re1000,gate_Re4000,gate_Re10000
0.000000000000000000e+00,-1.842229342292338659e-02,1.224585168503388860e-01,2.882957017101355976e-02,9.289051093347776289e-02,3.031681579093722934e-02,1.030342078624463031e+00,5.991222788396053378e-01,3.095599942816787409e-01,5.985273208633513642e-01,5.985273208633513642e-01,1.492167540827971539e+00,1.025752272854489749e-01,1.504090634930841663e-01,1.025752272854489749e-01,1.047661266143281011e+01,3.273941456697752883e-02,1.000000000000000000e+00,1.110000000000000000e+02,1.250000000000000000e+02,7.000000000000000000e+00,8.622989998878514939e+01,-8.621147769536221972e+01,1.817435777921424078e+00,1.820476198868280937e+00,1.820476198868280937e+00,1.820482458824085992e+00,1.825019614382379585e+00,1.520670100002612657e-01,1.447324491528252288e+01,2.763720246160098171e+01,2.763720246160098100e+02,1.105488098464039240e+03,2.763720246160098213e+03
7.499999999999999722e-03,-1.770363061869547130e-02,1.536785618113920560e-01,2.652474325959480045e-02,1.106716481484666253e-01,3.168454888037297579e-02,9.912358174196075344e-01,6.054784780480749751e-01,1.864526192054881751e-02,5.758487999889533304e-01,5.758487999889533304e-01,1.582595902509754460e+00,1.576977747353829340e-01,1.576977747353829340e-01,1.676565254540914596e-01,1.071766860007996236e+01,3.349271437524987960e-02,0.000000000000000000e+00,1.340000000000000000e+02,1.340000000000000000e+02,9.000000000000000000e+00,2.845914774457838803e+01,-2.844144411395969385e+01,1.415060801831642401e+00,1.428917667139205649e+00,1.428917667139205649e+00,1.429654515400067494e+00,1.439247755801241979e+00,6.433819201683725619e-02,4.393554701731171974e+01,9.104245358374390307e+00,9.104245358374390662e+01,3.641698143349756265e+02,9.104245358374389525e+02
1.499999999999999944e-02,-1.749483411242327979e-02,1.547032719146742286e-01,2.646180910078319709e-02,1.106913397269323335e-01,3.134790984692876342e-02,9.854709637514369458e-01,6.053468809469257916e-01,1.661619995546496226e-02,5.872878197361449670e-01,5.872878197361449670e-01,1.576776067563647521e+00,1.571944651321394715e-01,1.571944651321394715e-01,1.677908621121854404e-01,1.071983107643627875e+01,3.349947211386337248e-02,0.000000000000000000e+00,1.340000000000000000e+02,1.340000000000000000e+02,9.000000000000000000e+00,-4.075355845205876903e-01,4.250304186330109424e-01,-2.059450022254243062e-02,-6.493147505826118299e-03,-6.493147505826118299e-03,-6.046906299782158628e-03,3.345997748617412278e-03,6.475085121207503625e-02,inf,-1.333511419696891132e-01,-1.333511419696891132e+00,-5.334045678787564526e+00,-1.333511419696891132e+01
2.249999999999999917e-02,-1.729514757487394389e-02,1.557233246574625252e-01,2.639464114683301790e-02,1.106746949522299100e-01,3.099351212485764936e-02,9.798694746165161895e-01,6.050280996511953058e-01,1.437714285602614134e-02,5.978764551152360163e-01,5.978764551152360163e-01,1.571107694992452286e+00,1.567367034368366829e-01,1.567367034368366829e-01,1.679231150910391879e-01,1.072193306074963992e+01,3.350604081484262475e-02,0.000000000000000000e+00,1.340000000000000000e+02,1.340000000000000000e+02,9.000000000000000000e+00,-3.559692671972243261e-01,3.732644147720982630e-01,-1.798632695248585794e-02,-3.651852829619154327e-03,-3.651852829619154327e-03,-3.476162710740130033e-03,5.732338270719864945e-03,6.512962328526836209e-02,inf,-1.171442698701072871e-01,-1.171442698701072871e+00,-4.685770794804291484e+00,-1.171442698701072871e+01
2.999999999999999889e-02,-1.709840209940737682e-02,1.567434496367283714e-01,2.632007036889838850e-02,1.106507528313907390e-01,3.061897596045399725e-02,9.744181238612562579e-01,6.121705046379760651e-01,1.247039247134971648e-02,6.076456385214872302e-01,6.076456385214872302e-01,1.565462585006372587e+00,1.563573560309590438e-01,1.563573560309590438e-01,1.680550265945700283e-01,1.072410141771795367e+01,3.351281693036860243e-02,0.000000000000000000e+00,1.340000000000000000e+02,1.340000000000000000e+02,9.000000000000000000e+00,-2.921307506841941404e-01,3.092291527836015241e-01,-1.481496391163198562e-02,-2.643440052333750553e-04,-2.643440052333750553e-04,-1.537217852648639855e-04,8.702371364267337192e-03,6.544603596314521599e-02,inf,-9.695806609533655362e-02,-9.695806609533654807e-01,-3.878322643813461923e+00,-9.695806609533654807e+00
3.749999999999999861e-02,-1.690430813303813243e-02,1.577629146954549477e-01,2.623801713228852625e-02,1.106199468741248526e-01,3.022509543373085028e-02,9.691228372262113977e-01,6.230181058676248496e-01,1.103016354631420476e-02,6.166371215688425389e-01,6.166371215688425389e-01,1.559841927629223912e+00,1.560513918752607920e-01,1.560513918752607920e-01,1.681864145896751483e-01,1.072633486370429878e+01,3.351979644907593370e-02,0.000000000000000000e+00,1.340000000000000000e+02,1.340000000000000000e+02,9.000000000000000000e+00,-2.326523962705095983e-01,2.495567044035477411e-01,-1.188582120189144407e-02,2.861941790528442411e-03,2.861941790528442411e-03,3.017331755670311314e-03,1.144568694712719790e-02,6.570292276422404210e-02,inf,-7.809331924172500938e-02,-7.809331924172501216e-01,-3.123732769669000486e+00,-7.809331924172501438e+00
4.499999999999999833e-02,-1.671259733188107388e-02,1.587809667245450862e-01,2.614841367045000337e-02,1.105826580327081421e-01,2.981267340467955856e-02,9.639889696594302615e-01,6.336173329224707995e-01,1.017481126211470903e-02,6.248935112618615451e-01,6.248935112618615451e-01,1.554247202128439032e+00,1.558126533283596404e-01,1.558126533283596404e-01,1.683170861279602026e-01,1.072863192021253376e+01,3.352697475066417077e-02,0.000000000000000000e+00,1.340000000000000000e+02,1.340000000000000000e+02,9.000000000000000000e+00,-1.782575253354252709e-01,1.949701226673063448e-01,-9.219786822385783384e-03,5.704097399920332080e-03,5.704097399920332080e-03,5.915890703815320298e-03,1.393651551480315498e-02,6.590441907405872324e-02,inf,-6.076246945159968771e-02,-6.076246945159968771e-01,-2.430498778063987508e+00,-6.076246945159969215e+00
5.249999999999999806e-02,-1.652300648702214464e-02,1.597968418979140437e-01,2.605119719065951411e-02,1.105392739651976236e-01,2.938251366910259871e-02,9.590212897798198188e-01,6.432094441679271357e-01,1.000285145132679028e-02,6.324580724479498262e-01,6.324580724479498262e-01,1.548679973954025346e+00,1.556346892023223183e-01,1.556346892023223183e-01,1.684468422890406936e-01,1.073099113567983842e+01,3.353434729899949784e-02,0.000000000000000000e+00,1.340000000000000000e+02,1.340000000000000000e+02,9.000000000000000000e+00,-1.290459451186620754e-01,1.455689516056842270e-01,-6.809697216617120914e-03,8.267510550087829937e-03,8.267510550087829937e-03,8.527931958297133366e-03,1.617757590192610978e-02,6.605522514546154078e-02,inf,-4.498160828160667479e-02,-4.498160828160666647e-01,-1.799264331264266659e+00,-4.498160828160667535e+00
5.999999999999999778e-02,-1.633527759751450883e-02,1.608097660420218789e-01,2.594630966618755377e-02,1.104901884203469964e-01,2.893541927133827865e-02,9.542239998652192190e-01,6.457140131356874369e-01,1.058886565113500468e-02,6.393737560609514814e-01,6.393737560609514814e-01,1.543141877008988638e+00,1.555113401800888584e-01,1.555113401800888584e-01,1.685754799501582857e-01,1.073341108524457610e+01,3.354190964138929754e-02,0.000000000000000000e+00,1.340000000000000000e+02,1.340000000000000000e+02,9.000000000000000000e+00,-8.463674924540498523e-02,1.009720268429194906e-01,-4.627691180797568506e-03,1.057870234243709143e-02,1.057870234243709143e-02,1.073203370517717033e-02,1.819297040325773204e-02,6.616005452696589739e-02,inf,-3.061683008555263208e-02,-3.061683008555263208e-01,-1.224673203422105283e+00,-3.061683008555263541e+00
6.750000000000000444e-02,-1.614915799636263555e-02,1.618189552657961772e-01,2.583369758187172710e-02,1.104358003076994083e-01,2.847219090040391948e-02,9.496007510148503084e-01,6.482279009445580664e-01,1.198114041962715717e-02,6.456817303685233878e-01,6.456817303685233878e-01,1.537634594357868645e+00,1.554372283597140192e-01,1.554372283597140192e-01,1.687027933977946204e-01,1.073589036968267330e+01,3.354965740525835127e-02,0.000000000000000000e+00,1.340000000000000000e+02,1.340000000000000000e+02,9.000000000000000000e+00,-4.427534069121463745e-02,6.042449868757727299e-02,-2.630327110978436522e-03,1.268034298576569720e-02,1.268034298576569720e-02,1.274186033057809163e-02,2.002324898119286004e-02,6.622315924198822479e-02,inf,-1.741885711288438526e-02,-1.741885711288438388e-01,-6.967542845153753550e-01,-1.741885711288438277e+00
7.499999999999999722e-02,-1.596440047941614232e-02,1.628236169133824851e-01,2.571331165195423624e-02,1.103765126026435006e-01,2.799362535486191877e-02,9.451546476964380883e-01,6.522690905643083736e-01,1.420157768044695221e-02,6.514197888871587905e-01,6.514197888871587905e-01,1.532159840354909930e+00,1.554080947045809458e-01,1.554080947045809458e-01,1.688285758033545580e-01,1.073842761405356505e+01,3.355758629391739079e-02,0.000000000000000000e+00,1.340000000000000000e+02,1.340000000000000000e+02,9.000000000000000000e+00,-6.979406189103087854e-03,2.294380666851923017e-02,-7.652708637245894327e-04,1.462461685073159455e-02,1.462461685073159455e-02,1.464512890957918832e-02,2.171880596113979697e-02,6.624799068371667321e-02,inf,-5.069765705054641788e-03,-5.069765705054641441e-02,-2.027906282021856577e-01,-5.069765705054640748e-01
8.250000000000000389e-02,-1.578076343620896799e-02,1.638229508776394006e-01,2.558510654850474492e-02,1.103127310999545418e-01,2.750051407615955804e-02,9.408882394276788519e-01,6.571187081136428132e-01,1.724807437566028973e-02,6.566209964015233824e-01,6.566209964015233824e-01,1.526719346644543229e+00,1.554209563181933595e-01,1.554209563181933595e-01,1.688831788338561735e-01,1.074102146609068420e+01,3.356569208153338535e-02,0.000000000000000000e+00,1.340000000000000000e+02,1.340000000000000000e+02,9.000000000000000000e+00,2.830386211599034141e-02,-1.252309867978137342e-02,1.021646625844445898e-03,1.646613027917155636e-02,1.646613027917155636e-02,1.647815284086769777e-02,2.333279703475278632e-02,6.623702664355522740e-02,5.910965947471269465e+04,6.767083477635686337e-03,6.767083477635686684e-02,2.706833391054274673e-01,6.767083477635685851e-01
8.999999999999999667e-02,-1.559801098159822527e-02,1.648161513029519909e-01,2.544904066861460035e-02,1.102448630391390794e-01,2.699364175070201322e-02,9.377732782959496971e-01,6.614830920132468428e-01,2.109911199102956422e-02,6.613128372062463400e-01,6.613128372062463400e-01,1.510800526811505673e+00,1.554740884519374700e-01,1.554740884519374700e-01,1.689285167288576139e-01,1.074367059437161664e+01,3.357397060741130340e-02,0.000000000000000000e+00,1.340000000000000000e+02,1.340000000000000000e+02,8.000000000000000000e+00,6.255732038016503793e-02,-4.695930939856680919e-02,2.780230692714483285e-03,1.825559989486536666e-02,1.825559989486536666e-02,1.825971532677974490e-02,2.493825480704242592e-02,6.619176233947143828e-02,2.173577919568277503e+04,1.840283692610611074e-02,1.840283692610611144e-01,7.361134770442444575e-01,1.840283692610611199e+00
9.750000000000000333e-02,-1.541591308690747411e-02,1.658024086829093524e-01,2.530507595171111943e-02,1.101733156304831457e-01,2.647378498182843126e-02,9.355003553697965879e-01,6.629720529342605362e-01,2.571983790230915681e-02,6.655169867985982757e-01,6.655169867985982757e-01,1.505850232269376532e+00,1.555668655435360481e-01,1.555668655435360481e-01,1.689730652912895814e-01,1.074637368630364875e+01,3.358241776969890513e-02,0.000000000000000000e+00,1.340000000000000000e+02,1.340000000000000000e+02,8.000000000000000000e+00,-1.099594256928355662e-01,1.253753387797430507e-01,-5.445982524458823845e-03,1.003778004513368807e-02,1.003778004513368807e-02,9.976189974314056408e-03,1.657166095396039179e-02,6.611283488965323529e-02,inf,-3.600493434514830809e-02,-3.600493434514831503e-01,-1.440197373805932601e+00,-3.600493434514831392e+00
1.049999999999999961e-01,-1.523424570931869969e-02,1.667809123245694858e-01,2.515317774092586459e-02,1.100984945157481992e-01,2.594171103387435395e-02,9.333558256762161109e-01,6.636328124321209110e-01,-3.594355719864766180e-02,6.692496855281768742e-01,6.692496855281768742e-01,1.527306997860711446e+00,1.552178621965707161e-01,1.552178621965707161e-01,1.690167577880075656e-01,1.074912944595979347e+01,3.359102951862435321e-02,0.000000000000000000e+00,1.350000000000000000e+02,1.350000000000000000e+02,8.000000000000000000e+00,-3.032163920193511331e-01,3.184506377286698275e-01,-1.621057115091468007e-02,7.793568109935688874e-04,7.793568109935688874e-04,6.440318199256399572e-04,7.142356374151673064e-03,6.641047512930074725e-02,inf,-1.076551732249579618e-01,-1.076551732249579674e+00,-4.306206928998318695e+00,-1.076551732249579629e+01
1.125000000000000028e-01,-1.505279091829342906e-02,1.677508531135442349e-01,2.499331466994587220e-02,1.100208022083317694e-01,2.539817665122918317e-02,9.313396609131291415e-01,6.671259025820949207e-01,-3.609988215092849173e-02,6.725225869690047986e-01,6.725225869690047986e-01,1.522630764850848140e+00,1.548609158216461557e-01,1.548609158216461557e-01,1.690595302934634614e-01,1.075193659179884698e+01,3.359980184937139819e-02,0.000000000000000000e+00,1.350000000000000000e+02,1.350000000000000000e+02,8.000000000000000000e+00,-2.900988373733639492e-01,3.051516282916573730e-01,-1.550197753305145379e-02,1.492137961534587345e-03,1.492137961534587345e-03,1.362715198701683816e-03,7.699063988082649468e-03,6.671697335192858236e-02,inf,-1.034245021974789513e-01,-1.034245021974789402e+00,-4.136980087899157610e+00,-1.034245021974789402e+01
1.199999999999999956e-01,-1.487133701781441150e-02,1.687114264824861321e-01,2.482545855236729243e-02,1.099406365793618445e-01,2.484392695540385554e-02,9.294513162757078728e-01,6.700911782298160091e-01,-3.570896309150859566e-02,6.753439029062893173e-01,6.753439029062893173e-01,1.518002283778880690e+00,1.545439018030535794e-01,1.545439018030535794e-01,1.691013227098080163e-01,1.075479385430177182e+01,3.360873079469303693e-02,0.000000000000000000e+00,1.350000000000000000e+02,1.350000000000000000e+02,8.000000000000000000e+00,-2.563898797865675760e-01,2.712612168043819771e-01,-1.381037320042682696e-02,3.172283744008939227e-03,3.172283744008939227e-03,3.046828626014386719e-03,9.241338851796284531e-03,6.699096550785769988e-02,inf,-9.251702347204358856e-02,-9.251702347204359134e-01,-3.700680938881743653e+00,-9.251702347204359356e+00
1.275000000000000022e-01,-1.468967866322637428e-02,1.696618354691219743e-01,2.464958425441932804e-02,1.098583894883107676e-01,2.427969442250447335e-02,9.276897584909661321e-01,6.725612480282343597e-01,-3.476593252657465827e-02,6.777196677808869918e-01,6.777196677808869918e-01,1.513422832072484736e+00,1.542664880199827449e-01,1.542664880199827449e-01,1.691420798009168613e-01,1.075769997355460994e+01,3.361781241735815884e-02,0.000000000000000000e+00,1.350000000000000000e+02,1.350000000000000000e+02,8.000000000000000000e+00,-2.225677372884433680e-01,2.372574159516697423e-01,-1.211993968077244507e-02,4.835899027983155997e-03,4.835899027983155997e-03,4.713138184423240097e-03,1.078472457374025396e-02,6.723211868624824616e-02,inf,-8.148492230878626175e-02,-8.148492230878626730e-01,-3.259396892351450692e+00,-8.148492230878627396e+00
1.350000000000000089e-01,-1.450761697139965611e-02,1.706012937545166586e-01,2.446566954152661066e-02,1.097744456913210404e-01,2.370619794223219334e-02,9.260534827769827393e-01,6.757678633593664497e-01,-3.327325631299470066e-02,6.796549798975156653e-01,6.796549798975156653e-01,1.508893682414475634e+00,1.540288147965512278e-01,1.540288147965512278e-01,1.691817522490141612e-01,1.076065369680657469e+01,3.362704280252054589e-02,0.000000000000000000e+00,1.350000000000000000e+02,1.350000000000000000e+02,8.000000000000000000e+00,-1.883149334958034160e-01,2.028225504672030721e-01,-1.041328350660531733e-02,6.500850342983380270e-03,6.500850342983380270e-03,6.408628985943747199e-03,1.234662421805680053e-02,6.743976298641829459e-02,inf,-7.022693715958414074e-02,-7.022693715958413518e-01,-2.809077486383365407e+00,-7.022693715958413740e+00
1.425000000000000155e-01,-1.432495962292913358e-02,1.715290285981922735e-01,2.427369490056760851e-02,1.096891821828049479e-01,2.312414195790319857e-02,9.245405211609168949e-01,6.786347498309979187e-01,-3.123704362113885816e-02,6.811551212372138897e-01,6.811551212372138897e-01,1.504416104181864888e+00,1.538313426406375806e-01,1.538313426406375806e-01,1.692202977146727294e-01,1.076365377602994755e+01,3.363641805009358332e-02,0.000000000000000000e+00,1.350000000000000000e+02,1.350000000000000000e+02,8.000000000000000000e+00,-1.534402837964989885e-01,1.677652434194281117e-01,-8.679216907901788486e-03,8.178889682233731265e-03,8.178889682233731265e-03,8.119247406660463559e-03,1.393838173842775613e-02,6.761301796729246583e-02,inf,-5.868280487359921888e-02,-5.868280487359921471e-01,-2.347312194943968588e+00,-5.868280487359921693e+00
1.499999999999999944e-01,-1.414152095505218434e-02,1.724442836279328484e-01,2.407364334893137559e-02,1.096029681186093396e-01,2.253421568537924621e-02,9.231484485210229574e-01,6.810000620712330921e-01,-2.866396709488527525e-02,6.822264939007494089e-01,6.822264939007494089e-01,1.499991365134598631e+00,1.536747090826515172e-01,1.536747090826515172e-01,1.692576818574047792e-01,1.076669896550646399e+01,3.364593426720770275e-02,0.000000000000000000e+00,1.350000000000000000e+02,1.350000000000000000e+02,8.000000000000000000e+00,-1.178604139353751634e-01,1.320019348904273582e-01,-6.911619113498689536e-03,9.876710449026628730e-03,9.876710449026628730e-03,9.847747137701486075e-03,1.556630314288295902e-02,6.775091788357309741e-02,inf,-4.682685390011839810e-02,-4.682685390011839810e-01,-1.873074156004735924e+00,-4.682685390011839921e+00
1.575000000000000011e-01,-1.395712204398715829e-02,1.733463214877517811e-01,2.386550024588336705e-02,1.095161654190979078e-01,2.193709240757357043e-02,9.218743939921324460e-01,6.828773867748125781e-01,-2.555937638326834238e-02,6.828784309090645266e-01,6.828784309090645266e-01,1.495620731902008727e+00,1.535596235125778475e-01,1.535596235125778475e-01,1.692938792630578337e-01,1.076978801946258990e+01,3.365558756082059205e-02,0.000000000000000000e+00,1.350000000000000000e+02,1.350000000000000000e+02,8.000000000000000000e+00,-8.156309689013596653e-02,9.552021893412313003e-02,-5.107544476969191026e-03,1.159781430838266111e-02,1.159781430838266111e-02,1.159778968711440254e-02,1.723347247125350118e-02,6.785250806236177434e-02,inf,-3.465597028024233750e-02,-3.465597028024233750e-01,-1.386238811209693500e+00,-3.465597028024233861e+00
1.650000000000000078e-01,-1.377159077541055196e-02,1.742344263846505037e-01,2.364925312052996650e-02,1.094291300556589630e-01,2.133342884056185773e-02,9.207150636429064505e-01,6.831796394513225401e-01,-2.192682125298480236e-02,6.843478306011135937e-01,6.843478306011135937e-01,1.491305468580220506e+00,1.534868112697482800e-01,1.534868112697482800e-01,1.693288742299959293e-01,1.077291968977373671e+01,3.366537403054292721e-02,0.000000000000000000e+00,1.350000000000000000e+02,1.350000000000000000e+02,8.000000000000000000e+00,-4.456723079846369728e-02,5.833882157387425271e-02,-3.265271864249352351e-03,1.337328851042998354e-02,1.337328851042998354e-02,1.334576802824371383e-02,1.894167535149448092e-02,6.791690011151796380e-02,inf,-2.217671430411732869e-02,-2.217671430411733147e-01,-8.870685721646932587e-01,-2.217671430411733091e+00
1.725000000000000144e-01,-1.358476190181498976e-02,1.751079065926887668e-01,2.342489152479793058e-02,1.093422138971958946e-01,2.072386456727941251e-02,9.196667764082140373e-01,6.830819347593048985e-01,-1.776879275377381620e-02,6.853616794773333964e-01,6.853616794773333964e-01,1.487046833559893200e+00,1.534570019103682625e-01,1.534570019103682625e-01,1.693626613870431452e-01,1.077609272375497262e+01,3.367528976173429084e-02,0.000000000000000000e+00,1.350000000000000000e+02,1.350000000000000000e+02,8.000000000000000000e+00,-6.891534882470295997e-03,2.047629678428528749e-02,-1.382832946858111953e-03,1.517522270945220568e-02,1.517522270945220568e-02,1.512153688382795666e-02,2.069288548863486288e-02,6.794328868806694122e-02,inf,-9.395421811575103282e-03,-9.395421811575103976e-02,-3.758168724630041591e-01,-9.395421811575103144e-01
1.799999999999999933e-01,-1.339647708554707675e-02,1.759660969661666907e-01,2.319240691153656025e-02,1.092557668607671562e-01,2.010902153514703555e-02,9.187255107427506617e-01,6.825997470700210235e-01,-1.308817440581417323e-02,6.859380831916743748e-01,6.859380831916743748e-01,1.482846075282455267e+00,1.534709456940906713e-01,1.534709456940906713e-01,1.693952461457572667e-01,1.077930586205286545e+01,3.368533081891520592e-02,0.000000000000000000e+00,1.350000000000000000e+02,1.350000000000000000e+02,8.000000000000000000e+00,3.146148491548217407e-02,-1.806500782993509732e-02,5.427121178749294257e-04,1.700710906115909457e-02,1.700710906115909457e-02,1.692848012492154802e-02,2.249002843500308088e-02,6.793094311372241401e-02,1.084982737462410005e+05,3.686694600648964502e-03,3.686694600648964676e-02,1.474677840259585870e-01,3.686694600648964260e-01
1.875000000000000000e-01,-1.320658492639045258e-02,1.768083614844020157e-01,2.295179252965146022e-02,1.091701390069761968e-01,1.948950361443079621e-02,9.178869560933266003e-01,6.844708112496488139e-01,-7.889766303537704834e-03,6.860947844651201777e-01,6.860947844651201777e-01,1.478704427828441581e+00,1.535294387785714199e-01,1.535294387785714199e-01,1.694266450182851103e-01,1.078255783665080436e+01,3.369549323953376085e-02,0.000000000000000000e+00,1.350000000000000000e+02,1.350000000000000000e+02,8.000000000000000000e+00,7.050597850984274828e-02,-5.729939358345229744e-02,2.515269123970040061e-03,1.887337923441406370e-02,1.887337923441406370e-02,1.883510009311953684e-02,2.433701940051498022e-02,6.787919103936834730e-02,2.342819735175967799e+04,1.707344333813870171e-02,1.707344333813870241e-01,6.829377335255480963e-01,1.707344333813870074e+00
1.950000000000000067e-01,-1.301494097268043881e-02,1.776340958076440824e-01,2.270304332231912539e-02,1.090856821779630642e-01,1.886589621442749318e-02,9.171465622726726608e-01,6.858997858088635713e-01,-2.181331055245640856e-03,6.858490279451684435e-01,6.858490279451684435e-01,1.474623107078625983e+00,1.536333408406543866e-01,1.536333408406543866e-01,1.694568858506782794e-01,1.078584736899710350e+01,3.370577302811594844e-02,0.000000000000000000e+00,1.350000000000000000e+02,1.350000000000000000e+02,8.000000000000000000e+00,1.102622554369645513e-01,-9.724731446428411252e-02,4.539209889663667168e-03,2.077893041081415107e-02,2.077893041081415107e-02,2.078012845899600627e-02,2.623829316359585148e-02,6.778740883914388671e-02,1.299962107480865961e+04,3.077012765973162131e-02,3.077012765973162201e-01,1.230805106389264880e+00,3.077012765973162534e+00
2.025000000000000133e-01,-1.282140771506554144e-02,1.784427297799977552e-01,2.244615581224537054e-02,1.090027508127370814e-01,1.823876595447743512e-02,9.164995813917993228e-01,6.854244964613676050e-01,4.026135977461163355e-03,6.852177078273654631e-01,6.852177078273654631e-01,1.470603307786839009e+00,1.537835764169931396e-01,1.537835764169931396e-01,1.694860080245402245e-01,1.078917316826317752e+01,3.371616615082242974e-02,0.000000000000000000e+00,1.350000000000000000e+02,1.350000000000000000e+02,8.000000000000000000e+00,1.507424514340556243e-01,-1.379210437189900829e-01,6.618712309541288988e-03,2.272847635040590661e-02,2.272847635040590661e-02,2.273336677512307821e-02,2.819815120256788377e-02,6.765502661585548472e-02,8.932775466577193583e+03,4.477891574647062389e-02,4.477891574647062112e-01,1.791156629858824845e+00,4.477891574647062001e+00
2.099999999999999922e-01,-1.262585456217449852e-02,1.792337297837336418e-01,2.218112796019358970e-02,1.089217016900733137e-01,1.760866038637822970e-02,9.159411004048391147e-01,6.845993251038712257e-01,1.071889050713309248e-02,6.842176496741168013e-01,6.842176496741168013e-01,1.466646201452965093e+00,1.539811198767673805e-01,1.539811198767673805e-01,1.695140626668883710e-01,1.079253392973653902e+01,3.372666853042668306e-02,0.000000000000000000e+00,1.350000000000000000e+02,1.350000000000000000e+02,8.000000000000000000e+00,1.919390896314041584e-01,-1.793132350692296650e-01,8.757246932662656955e-03,2.472602729735398630e-02,2.472602729735398630e-02,2.473507689250971364e-02,3.022023324755356358e-02,6.748154774862191729e-02,6.768732645321866585e+03,5.909525770329478872e-02,5.909525770329479011e-01,2.363810308131791604e+00,5.909525770329479677e+00
2.174999999999999989e-01,-1.242815779756543601e-02,1.800066008382379401e-01,2.190795898958449936e-02,1.088428925206203490e-01,1.697610776412540948e-02,9.154660661232737473e-01,6.852872330810798607e-01,1.788138732877029430e-02,6.845551933768845299e-01,6.845551933768845299e-01,1.462752934557587370e+00,1.542269705906349486e-01,1.542269705906349486e-01,1.695411128841216031e-01,1.079592833335173374e+01,3.373727604172416933e-02,0.000000000000000000e+00,1.350000000000000000e+02,1.350000000000000000e+02,8.000000000000000000e+00,2.338207217082413081e-01,-2.213925639106758825e-01,1.095739459215184543e-02,2.681487004755875314e-02,2.681487004755875314e-02,2.683228231355203400e-02,3.230730647410434697e-02,6.726657674335408121e-02,5.426919295806208538e+03,7.370664242401951671e-02,7.370664242401950839e-01,2.948265696960780335e+00,7.370664242401951505e+00
2.250000000000000056e-01,-1.222820051747591785e-02,1.807608883471851502e-01,2.162664918045160284e-02,1.087666794990523322e-01,1.634161685635971903e-02,9.150693072877091883e-01,6.905143767132345678e-01,2.549727358571508493e-02,6.851951431712628438e-01,6.851951431712628438e-01,1.458924626615753173e+00,1.545221277121834325e-01,1.545221277121834325e-01,1.695672340093036523e-01,1.079935504236045851e+01,3.374798450737643424e-02,0.000000000000000000e+00,1.350000000000000000e+02,1.350000000000000000e+02,8.000000000000000000e+00,2.763353487330419966e-01,-2.641071482155660788e-01,1.322101985772004655e-02,2.897268391202319909e-02,2.897268391202319909e-02,2.909969171914581279e-02,3.446140954668505674e-02,6.700984655957811786e-02,4.514986024084587370e+03,8.859385120269556990e-02,8.859385120269556158e-01,3.543754048107822463e+00,8.859385120269555713e+00
2.325000000000000122e-01,-1.202587254900575574e-02,1.814961794226340186e-01,2.133719964987301071e-02,1.086934140909177199e-01,1.570567679664678848e-02,9.147455589781258167e-01,6.890797374736864489e-01,3.355004880075074941e-02,6.854447395587081049e-01,6.854447395587081049e-01,1.455162367626906539e+00,1.548675727867057650e-01,1.548675727867057650e-01,1.695925138314099134e-01,1.080281270214075207e+01,3.375878969418984882e-02,0.000000000000000000e+00,1.350000000000000000e+02,1.350000000000000000e+02,8.000000000000000000e+00,3.194192416108592170e-01,-3.073933690618534387e-01,1.554968687119056767e-02,3.118470638375596057e-02,3.118470638375596057e-02,3.127188804689044060e-02,3.668424923430656931e-02,6.671123783212927483e-02,3.856020590562745838e+03,1.037338859079132009e-01,1.037338859079132147e+00,4.149355436316528589e+00,1.037338859079132014e+01
2.399999999999999911e-01,-1.182107034855955398e-02,1.822121037430837198e-01,2.103961215242534585e-02,1.086234394316983876e-01,1.506875696693582567e-02,9.144894931840720220e-01,6.872996155398575224e-01,4.202318891919627764e-02,6.853121216594760812e-01,6.853121216594760812e-01,1.451467214760324920e+00,1.552642643004342737e-01,1.552642643004342737e-01,1.696170527669711159e-01,1.080629993914382503e+01,3.376968730982445044e-02,0.000000000000000000e+00,1.350000000000000000e+02,1.350000000000000000e+02,8.000000000000000000e+00,1.496741664901009017e-01,-1.378530961415413425e-01,7.659499577334993349e-03,2.316726058383617934e-02,2.316726058383617934e-02,2.321517308245098568e-02,2.869203759276454241e-02,6.637078634065607385e-02,7.868331189706381338e+03,5.083670099236464041e-02,5.083670099236463624e-01,2.033468039694585450e+00,5.083670099236464068e+00
2.474999999999999978e-01,-1.161369688051604523e-02,1.829083339219146898e-01,2.073388895186278891e-02,1.085570867393622491e-01,1.443130691014015386e-02,9.145647964949107367e-01,6.855922815994878183e-01,-3.812470075773436579e-02,6.848057204349459193e-01,6.848057204349459193e-01,1.477337612226554242e+00,1.552156585093954766e-01,1.552156585093954766e-01,1.696409639404593550e-01,1.080981535997613285e+01,3.378067299992541794e-02,0.000000000000000000e+00,1.360000000000000000e+02,1.360000000000000000e+02,7.000000000000000000e+00,-7.516792582310927173e-02,8.678162270362531350e-02,-5.099964967069574827e-03,1.231680291464068780e-02,1.231680291464068780e-02,1.233575266806923032e-02,1.785213574771020786e-02,6.641236087913608699e-02,inf,-3.387007138639759607e-02,-3.387007138639759884e-01,-1.354802855455903954e+00,-3.387007138639759773e+00
2.550000000000000044e-01,-1.140366147633600259e-02,1.835845853656208893e-01,2.042003283174627024e-02,1.084946720897585204e-01,1.379375626862175408e-02,9.150004012561626654e-01,6.839444484464762830e-01,-3.573345597377106803e-02,6.839345885966673366e-01,6.839345885966673366e-01,1.474499367280707185e+00,1.550892995664626683e-01,1.550892995664626683e-01,1.696643731566938873e-01,1.081335755061309278e+01,3.379174234566591217e-02,0.000000000000000000e+00,1.360000000000000000e+02,1.360000000000000000e+02,7.000000000000000000e+00,-8.703272735071720945e-02,9.843638882705321724e-02,-5.594805824911870153e-03,1.171514715857973829e-02,1.171514715857973829e-02,1.171538431449892226e-02,1.727290171417563552e-02,6.652062385211848783e-02,inf,-3.721699738046040096e-02,-3.721699738046040373e-01,-1.488679895218416149e+00,-3.721699738046039929e+00
2.625000000000000111e-01,-1.119087967447817203e-02,1.842406155885055741e-01,2.009804732425264640e-02,1.084364937985392574e-01,1.315651474614071802e-02,9.154023354437469395e-01,6.827114318540028481e-01,-3.291350103544858630e-02,6.827085728718217394e-01,6.827085728718217394e-01,1.471726526520811040e+00,1.550131580880712290e-01,1.550131580880712290e-01,1.696058754512131672e-01,1.081692507574045159e+01,3.380289086168890983e-02,0.000000000000000000e+00,1.360000000000000000e+02,1.360000000000000000e+02,7.000000000000000000e+00,-4.365736698520095160e-02,5.484824665967912016e-02,-3.426786846273378005e-03,1.376895263091321674e-02,1.376895263091321674e-02,1.376902132962242245e-02,1.936036947654790064e-02,6.658598891723649382e-02,inf,-2.281759909676909365e-02,-2.281759909676909504e-01,-9.127039638707638014e-01,-2.281759909676909448e+00
2.700000000000000178e-01,-1.097527304169991849e-02,1.848762229321546935e-01,1.976793723760654486e-02,1.083828305260453456e-01,1.251997209142677488e-02,9.157681528589973752e-01,6.811558880869751365e-01,-2.966445242584069691e-02,6.811382920676081199e-01,6.811382920676081199e-01,1.469019418205669947e+00,1.549877709566295503e-01,1.549877709566295503e-01,1.695112304491685484e-01,1.082051647821827522e+01,3.381411399443211285e-02,0.000000000000000000e+00,1.360000000000000000e+02,1.360000000000000000e+02,7.000000000000000000e+00,1.920222102569368872e-04,1.078325083144298160e-02,-1.230629462919788884e-03,1.584371192418253943e-02,1.584371192418253943e-02,1.584413460184389347e-02,2.147980488217392236e-02,6.660780438937478898e-02,inf,-8.196952654196265273e-03,-8.196952654196265620e-02,-3.278781061678506248e-01,-8.196952654196265620e-01
2.775000000000000244e-01,-1.075676897646343777e-02,1.854912446306096196e-01,1.942970954743825432e-02,1.083339401039969258e-01,1.188449810190727804e-02,9.160955951644473849e-01,6.792884603020189482e-01,-2.598672978258974656e-02,6.792349511081996472e-01,6.792349511081996472e-01,1.466378337915848595e+00,1.550136045782527505e-01,1.550136045782527505e-01,1.694162453891149278e-01,1.082413027866249777e+01,3.382540712082030693e-02,0.000000000000000000e+00,1.360000000000000000e+02,1.360000000000000000e+02,7.000000000000000000e+00,4.441930717813136198e-02,-3.366253820166792421e-02,9.933281263536611772e-04,1.793925335577890856e-02,1.793925335577890856e-02,1.794053913984102605e-02,2.363082931371129555e-02,6.658560533867841080e-02,6.047653581639251934e+04,6.614135459319376090e-03,6.614135459319377131e-02,2.645654183727750852e-01,6.614135459319376853e-01
2.850000000000000311e-01,-1.053530049532888646e-02,1.860855541837002913e-01,1.908337468062406422e-02,1.082900589959471388e-01,1.125044264653162623e-02,9.163826113342528057e-01,6.790346183869341301e-01,-2.188230505047671776e-02,6.790253759561081237e-01,6.790253759561081237e-01,1.463803546120713062e+00,1.550910721081543986e-01,1.550910721081543986e-01,1.693212226224264094e-01,1.082776497513831337e+01,3.383676554730723207e-02,0.000000000000000000e+00,1.360000000000000000e+02,1.360000000000000000e+02,7.000000000000000000e+00,8.894178893999082902e-02,-7.840648844466194256e-02,3.245519920489792123e-03,2.010462104353220869e-02,2.010462104353220869e-02,2.010484335394503719e-02,2.581383174554522514e-02,6.651910332738765474e-02,1.852803344065347119e+04,2.158890749421554442e-02,2.158890749421554511e-01,8.635562997686218045e-01,2.158890749421554567e+00
2.924999999999999822e-01,-1.031080600333899103e-02,1.866590580637354502e-01,1.872894815944267308e-02,1.082514022531565340e-01,1.061813570740868275e-02,9.166273787995964373e-01,6.782934112314837893e-01,-1.735547121276614577e-02,6.799747401978258887e-01,6.799747401978258887e-01,1.461295265808257193e+00,1.552205504030650107e-01,1.552205504030650107e-01,1.692264709294001856e-01,1.083141904295984226e+01,3.384818450924950706e-02,0.000000000000000000e+00,1.360000000000000000e+02,1.360000000000000000e+02,7.000000000000000000e+00,1.336879222600089179e-01,-1.233771162566699303e-01,5.527000535443920767e-03,2.232806968680522627e-02,2.232806968680522627e-02,2.228756072309267047e-02,2.802984092938137772e-02,6.640817487299882638e-02,1.089805361557437027e+04,3.670380180809180298e-02,3.670380180809180160e-01,1.468152072323672064e+00,3.670380180809180271e+00
2.999999999999999889e-01,-1.008322904950747535e-02,1.872116918855591394e-01,1.836645249200719726e-02,1.082181638058593298e-01,9.987887441524824494e-03,9.168283249619788577e-01,6.774491283690639021e-01,-1.241337688032095009e-02,6.805030094585716727e-01,6.805030094585716727e-01,1.458853680512320672e+00,1.554023911987147955e-01,1.554023911987147955e-01,1.691323048103951510e-01,1.083509093459027639e+01,3.385965917059461511e-02,0.000000000000000000e+00,1.360000000000000000e+02,1.360000000000000000e+02,7.000000000000000000e+00,1.785916887135812203e-01,-1.685084596640737398e-01,7.839144125336433219e-03,2.457300777437822908e-02,2.457300777437822908e-02,2.449925684171199575e-02,3.028024126519751266e-02,6.625285357848079149e-02,7.701702763770126694e+03,5.193656679165226109e-02,5.193656679165226109e-01,2.077462671666090444e+00,5.193656679165226109e+00
3.074999999999999956e-01,-9.852518068608656296e-03,1.877434163030443914e-01,1.799591910159414193e-02,1.081905169207031253e-01,9.359988266303334928e-03,9.169841467246947486e-01,6.766673286604675264e-01,-7.066178878919678573e-03,6.806145967476415759e-01,6.806145967476415759e-01,1.456478932875779897e+00,1.556369243643200562e-01,1.556369243643200562e-01,1.690390436664664930e-01,1.083877907963699982e+01,3.387118462386562445e-02,0.000000000000000000e+00,1.360000000000000000e+02,1.360000000000000000e+02,7.000000000000000000e+00,2.235866094836609363e-01,-2.137340914150522853e-01,1.018333561704938724e-02,2.684092542342731216e-02,2.684092542342731216e-02,2.674531133185692466e-02,3.256647010314952378e-02,6.605332786987075377e-02,5.946689065474312883e+03,6.726432063218958091e-02,6.726432063218957813e-01,2.690572825287583125e+00,6.726432063218958035e+00
3.150000000000000022e-01,-9.618626110524858275e-03,1.882542130292863269e-01,1.761738999944793480e-02,1.081686146427089795e-01,8.734708976071862974e-03,9.170938258585044078e-01,6.790121372014268353e-01,-1.326813745284076895e-03,6.803146869928744511e-01,6.803146869928744511e-01,1.454171123682763689e+00,1.559244545635079804e-01,1.559244545635079804e-01,1.689470108870127496e-01,1.084248188493640619e+01,3.388275589042626795e-02,0.000000000000000000e+00,1.360000000000000000e+02,1.360000000000000000e+02,7.000000000000000000e+00,2.686019331034401603e-01,-2.589833069929152742e-01,1.256077183605952899e-02,2.913313687796065601e-02,2.913313687796065601e-02,2.910146872013026284e-02,3.488981442669980559e-02,6.580994314471973194e-02,4.838961301154120520e+03,8.266236803848744930e-02,8.266236803848744374e-01,3.306494721539497750e+00,8.266236803848745041e+00
3.225000000000000089e-01,-9.381510558464589700e-03,1.887440814781767007e-01,1.723091884493643117e-02,1.081525900161955378e-01,8.112300900090784264e-03,9.171566392698102810e-01,6.797288276820526720e-01,4.789479260635508100e-03,6.796089577397175230e-01,6.796089577397175230e-01,1.451930311154798758e+00,1.562652549766683774e-01,1.562652549766683774e-01,1.688565328612591787e-01,1.084619773472347681e+01,3.389436792101086643e-02,0.000000000000000000e+00,1.360000000000000000e+02,1.360000000000000000e+02,7.000000000000000000e+00,3.135622197899152752e-01,-3.041807092314506855e-01,1.497242748246720503e-02,3.145072954937543075e-02,3.145072954937543075e-02,3.145365663310899229e-02,3.725136598086801337e-02,6.552320507188723331e-02,4.077299746737422538e+03,9.810414363576590302e-02,9.810414363576589469e-01,3.924165745430635788e+00,9.810414363576589025e+00
3.300000000000000155e-01,-9.141132837406557021e-03,1.892130365575171724e-01,1.683657102680879633e-02,1.081425558470286430e-01,7.492996115773780351e-03,9.171721650108550783e-01,6.788304112048024752e-01,1.126568368791116929e-02,6.785033399061973780e-01,6.785033399061973780e-01,1.449756510273761956e+00,1.566595622446792235e-01,1.566595622446792235e-01,1.687352825993204686e-01,1.084992499088168572e+01,3.390601559650526647e-02,0.000000000000000000e+00,1.360000000000000000e+02,1.360000000000000000e+02,7.000000000000000000e+00,3.583899824977549997e-01,-3.492488496603484149e-01,1.741916798842311695e-02,3.379466030052380443e-02,3.379466030052380443e-02,3.380268735578051409e-02,3.965212274170357154e-02,6.519378041296310100e-02,3.522300614329775726e+03,1.135621412813772879e-01,1.135621412813772713e+00,4.542485651255090850e+00,1.135621412813772935e+01
3.375000000000000222e-01,-8.897458114151490793e-03,1.896611080847559194e-01,1.643442245843082170e-02,1.081386037423343188e-01,6.877007732097068816e-03,9.171402863831951136e-01,6.775565071691357355e-01,1.808339493325492736e-02,6.770038864976483106e-01,6.770038864976483106e-01,1.447649691961095053e+00,1.571075755725158674e-01,1.571075755725158674e-01,1.685361847949428393e-01,1.085366199326941583e+01,3.391769372896692725e-02,0.000000000000000000e+00,1.360000000000000000e+02,1.360000000000000000e+02,7.000000000000000000e+00,4.030098544884168632e-01,-3.941123963742653724e-01,1.990193591555593222e-02,3.616593223471101237e-02,3.616593223471101237e-02,3.617957245486204398e-02,4.209316863702892986e-02,6.482249293559844139e-02,3.100551424620581201e+03,1.290093100290857220e-01,1.290093100290857331e+00,5.160372401163429323e+00,1.290093100290857286e+01
3.450000000000000289e-01,-8.650454990398060567e-03,1.900883421402938811e-01,1.602455691598028004e-02,1.081408021639042455e-01,6.264530257114971599e-03,9.170611970720806694e-01,6.759128612795164415e-01,2.522296968821320998e-02,6.751167764373552371e-01,6.751167764373552371e-01,1.445609782065188309e+00,1.576094607009950466e-01,1.576094607009950466e-01,1.683372233595346323e-01,1.085740706011951140e+01,3.392939706287347035e-02,0.000000000000000000e+00,1.360000000000000000e+02,1.360000000000000000e+02,7.000000000000000000e+00,4.473523284297726832e-01,-4.387018734393746122e-01,2.242191748102882048e-02,3.856576192846926376e-02,3.856576192846926376e-02,3.858553726672506873e-02,4.457584088458522303e-02,6.441031404780966918e-02,2.769694220340014454e+03,1.444202746507139701e-01,1.444202746507139867e+00,5.776810986028559469e+00,1.444202746507139778e+01
3.524999999999999800e-01,-8.400095190281986132e-03,1.904948044363840298e-01,1.560706195332726282e-02,1.081491932778781279e-01,5.655740059485114130e-03,9.169354096143820243e-01,6.740586779043165055e-01,3.266344291908802877e-02,6.728484323789750698e-01,6.728484323789750698e-01,1.443636660230298796e+00,1.581653572076519298e-01,1.581653572076519298e-01,1.681387832316566799e-01,1.086115848850944055e+01,3.394112027659200448e-02,0.000000000000000000e+00,1.360000000000000000e+02,1.360000000000000000e+02,7.000000000000000000e+00,4.811702464177471938e-01,-4.727701512274651852e-01,2.447101900714050357e-02,4.048606609650633875e-02,4.048606609650633875e-02,4.051634193770404374e-02,4.659221431723238604e-02,6.395834975820724466e-02,2.555704792404080308e+03,1.565125992598429827e-01,1.565125992598429772e+00,6.260503970393719086e+00,1.565125992598429683e+01
3.599999999999999867e-01,-8.146353243866134158e-03,1.908805854984495787e-01,1.518202367398043678e-02,1.081637884891243767e-01,5.050795927212939525e-03,9.167637678148996550e-01,6.735266349305385480e-01,-3.635925237018820810e-02,6.702056937954314897e-01,6.702056937954314897e-01,1.470563704250333226e+00,1.587511305221756819e-01,1.587511305221756819e-01,1.679412463163492131e-01,1.086491455489998970e+01,3.395285798406246641e-02,0.000000000000000000e+00,1.370000000000000000e+02,1.370000000000000000e+02,7.000000000000000000e+00,2.391560297515837874e-01,-2.310096765077176428e-01,1.072745241748464078e-02,2.853424668447020196e-02,2.853424668447020196e-02,2.861794078207090600e-02,3.474798389681663796e-02,6.348722273727767929e-02,5.873230768423714835e+03,6.810561610323952186e-02,6.810561610323953019e-01,2.724224644129581208e+00,6.810561610323953019e+00
3.674999999999999933e-01,-7.889206168103624073e-03,1.912458071796463432e-01,1.474952088622878861e-02,1.081845627156330231e-01,4.449839718271222586e-03,9.165474615170797756e-01,6.730543733054907829e-01,-3.406631262273052130e-02,6.690144008655547481e-01,6.690144008655547481e-01,1.468930346586577951e+00,1.587337691247175941e-01,1.587337691247175941e-01,1.677449906927119261e-01,1.086867351574115936e+01,3.396460473669112023e-02,0.000000000000000000e+00,1.370000000000000000e+02,1.370000000000000000e+02,7.000000000000000000e+00,7.526430721370047650e-03,3.627754467335764232e-04,-8.766300390493098884e-04,1.683847950180953484e-02,1.683847950180953484e-02,1.694027230161545758e-02,2.307542385300583032e-02,6.350111123990932749e-02,inf,-5.566698162591628661e-03,-5.566698162591628835e-02,-2.226679265036651534e-01,-5.566698162591627863e-01
3.750000000000000000e-01,-7.628633146821456150e-03,1.915906298108102923e-01,1.430961936044717470e-02,1.082114476740641124e-01,3.852997088771575960e-03,9.162880400823134597e-01,6.721784670402424222e-01,-3.148986503125592723e-02,6.696888844936720320e-01,6.696888844936720320e-01,1.467356578696231928e+00,1.587690539746910434e-01,1.587690539746910434e-01,1.675503900316689110e-01,1.087243360814439974e+01,3.397635502545125197e-02,0.000000000000000000e+00,1.370000000000000000e+02,1.370000000000000000e+02,7.000000000000000000e+00,5.165749442680578341e-02,-4.402886127998432986e-02,1.425940632540036515e-03,1.910098284381185271e-02,1.910098284381185271e-02,1.916373927593260917e-02,2.531715880072205743e-02,6.347288939001401176e-02,4.419470896049137809e+04,9.050857204594035116e-03,9.050857204594035810e-02,3.620342881837614324e-01,9.050857204594034977e-01
3.825000000000000067e-01,-7.364615211274771686e-03,1.919152591693275844e-01,1.386236699741188495e-02,1.082443246872023673e-01,3.260378276628555106e-03,9.160765853548296089e-01,6.699805694304977743e-01,-2.863916297414565923e-02,6.698421707896518029e-01,6.698421707896518029e-01,1.454810987847179549e+00,1.588568136217478888e-01,1.588568136217478888e-01,1.673578132844373012e-01,1.087619305062100317e+01,3.398810328319063628e-02,0.000000000000000000e+00,1.370000000000000000e+02,1.370000000000000000e+02,8.000000000000000000e+00,9.557939320410469008e-02,-8.821477799282992360e-02,3.729562576158000284e-03,2.135607935757984424e-02,2.135607935757984424e-02,2.135957191471412123e-02,2.756992478292433213e-02,6.340277820516319884e-02,1.691584919058458036e+04,2.364646288184227632e-02,2.364646288184227840e-01,9.458585152736911361e-01,2.364646288184228062e+00
3.900000000000000133e-01,-7.097134922809394605e-03,1.922199524556079397e-01,1.340779066807903756e-02,1.082830177517098424e-01,2.672078913655644237e-03,9.162373702700596922e-01,6.696356580883947585e-01,-2.552443695370786372e-02,6.694786266646940431e-01,6.694786266646940431e-01,1.452884782480171388e+00,1.589968429727572075e-01,1.589968429727572075e-01,1.671676246768466212e-01,1.087995004388683995e+01,3.399984388714637207e-02,0.000000000000000000e+00,1.370000000000000000e+02,1.370000000000000000e+02,8.000000000000000000e+00,1.392237751656608680e-01,-1.321266402428514786e-01,6.035064227550605669e-03,2.360473894814779303e-02,2.360473894814779303e-02,2.360870870192264756e-02,2.984279901803828933e-02,6.329114906639811411e-02,1.047213216054030272e+04,3.819661496511921744e-02,3.819661496511921328e-01,1.527864598604768531e+00,3.819661496511921772e+00
3.975000000000000200e-01,-6.826176059176919213e-03,1.925050225938069182e-01,1.294589528949883009e-02,1.083272877784683952e-01,2.088180837846895406e-03,9.163896195653893351e-01,6.688082737486830132e-01,-2.215714020805741383e-02,6.686040015337662012e-01,6.686040015337662012e-01,1.451020227931095308e+00,1.591889099483825565e-01,1.591889099483825565e-01,1.669801840048328045e-01,1.088370277173412681e+01,3.401157116166914768e-02,0.000000000000000000e+00,1.370000000000000000e+02,1.370000000000000000e+02,8.000000000000000000e+00,1.825269053259717111e-01,-1.757007292667947806e-01,8.343416174962706849e-03,2.584806959572762478e-02,2.584806959572762478e-02,2.585324608020182768e-02,3.212723196342597010e-02,6.313851524051608544e-02,7.593145457192636059e+03,5.267909093208512916e-02,5.267909093208512639e-01,2.107163637283405055e+00,5.267909093208512417e+00
4.050000000000000266e-01,-6.551723305999718368e-03,1.927708403986971575e-01,1.247666538199999897e-02,1.083768289954850916e-01,1.508752880412169524e-03,9.165327766529234310e-01,6.675050360028546015e-01,-1.855014395819393896e-02,6.672254130995383115e-01,6.672254130995383115e-01,1.449216901566291016e+00,1.594327574719519858e-01,1.594327574719519858e-01,1.667958471788629216e-01,1.088744940197125821e+01,3.402327938116018330e-02,0.000000000000000000e+00,1.370000000000000000e+02,1.370000000000000000e+02,8.000000000000000000e+00,2.254260503403742177e-01,-2.188743270343745106e-01,1.065552483061420891e-02,2.808711940982634714e-02,2.808711940982634714e-02,2.809422708964302851e-02,3.442421445841671590e-02,6.294552608519674020e-02,5.963761653973137982e+03,6.707176161768882428e-02,6.707176161768881872e-01,2.682870464707552749e+00,6.707176161768882316e+00
4.125000000000000333e-01,-6.273761954820855288e-03,1.930178344293486392e-01,1.200006896481047372e-02,1.084312684487587081e-01,9.338516084349960441e-04,9.166667061382188786e-01,6.689142038457062123e-01,-1.471781973613239466e-02,6.653512552780024292e-01,6.653512552780024292e-01,1.447474347199793954e+00,1.597281009507824923e-01,1.597281009507824923e-01,1.666149669193305594e-01,1.089118808743205769e+01,3.403496277322518027e-02,0.000000000000000000e+00,1.370000000000000000e+02,1.370000000000000000e+02,8.000000000000000000e+00,2.678567159938580744e-01,-2.615829540390371966e-01,1.297206975408478347e-02,3.032271710816895893e-02,3.032271710816895893e-02,3.041361885096278625e-02,3.673454485142821357e-02,6.271296383454447176e-02,4.916922803569865209e+03,8.135169413471071698e-02,8.135169413471071698e-01,3.254067765388428679e+00,8.135169413471071920e+00
4.199999999999999845e-01,-5.992277609082968803e-03,1.932464886302377172e-01,1.151606326829320535e-02,1.084901693279693574e-01,3.635220125187522771e-04,9.167917121631493638e-01,6.720233976437256507e-01,-1.067598622132095477e-02,6.629910230586548714e-01,6.629910230586548714e-01,1.445792074947191530e+00,1.600746230911765933e-01,1.600746230911765933e-01,1.664316257065796834e-01,1.089491696705601598e+01,3.404661552205005132e-02,0.000000000000000000e+00,1.370000000000000000e+02,1.370000000000000000e+02,8.000000000000000000e+00,3.097517615967007032e-01,-3.037594839876177621e-01,1.529343590232203585e-02,3.255540184796536229e-02,3.255540184796536229e-02,3.278684637522880779e-02,3.905876150778478384e-02,6.244174147035665839e-02,4.188706370733165386e+03,9.549487708062633085e-02,9.549487708062632807e-01,3.819795083225053123e+00,9.549487708062633473e+00
4.274999999999999911e-01,-5.707255899261409748e-03,1.934573380927719910e-01,1.102460145343807200e-02,1.085530384814198113e-01,-2.022018621887484264e-04,9.169085409447621515e-01,6.736071105454127794e-01,-6.441736322306438473e-03,6.601550811717719069e-01,6.601550811717719069e-01,1.444169561172148120e+00,1.604719686296917081e-01,1.604719686296917081e-01,1.661771308880360121e-01,1.089863416704126742e+01,3.405823177200396207e-02,0.000000000000000000e+00,1.370000000000000000e+02,1.370000000000000000e+02,8.000000000000000000e+00,3.510425427619736638e-01,-3.453352868627122541e-01,1.761974970746645053e-02,3.478545281436364045e-02,3.478545281436364045e-02,3.513185942230583059e-02,4.139717604265669149e-02,6.213289961667710359e-02,3.653748370922736285e+03,1.094766139844988717e-01,1.094766139844988828e+00,4.379064559379955313e+00,1.094766139844988828e+01
4.349999999999999978e-01,-5.418682208279035697e-03,1.936509634200895003e-01,1.052563940016330683e-02,1.086193379965656042e-01,-7.632963352643646693e-04,9.170183620738880936e-01,6.740827648622355062e-01,-2.033187222633721022e-03,6.568544250820630426e-01,6.568544250820630426e-01,1.442606248376969713e+00,1.609197412224223078e-01,1.609197412224223078e-01,1.659298652625941783e-01,1.090233780207216974e+01,3.406980563147553320e-02,0.000000000000000000e+00,1.370000000000000000e+02,1.370000000000000000e+02,8.000000000000000000e+00,3.916614299005232169e-01,-3.862427476922442038e-01,1.995098819224986469e-02,3.701299038739306463e-02,3.701299038739306463e-02,3.745912105620284593e-02,4.374997797246072545e-02,6.178760075342182995e-02,3.244847180696362557e+03,1.232723693058967868e-01,1.232723693058967784e+00,4.930894772235871137e+00,1.232723693058967740e+01
4.425000000000000044e-01,-5.126541408222639803e-03,1.938279842308513468e-01,1.001914168793025146e-02,1.086885001663622230e-01,-1.319747548686266581e-03,9.171227244488621144e-01,6.745986042026649310e-01,2.530791601628405198e-03,6.531004857982110057e-01,6.531004857982110057e-01,1.441101544904097365e+00,1.614175035923248180e-01,1.614175035923248180e-01,1.656901938662611873e-01,1.090602597662322637e+01,3.408133117694758102e-02,0.000000000000000000e+00,1.370000000000000000e+02,1.370000000000000000e+02,8.000000000000000000e+00,4.315446077141160686e-01,-4.264180663058934062e-01,2.228710738278663964e-02,3.923809791574335570e-02,3.923809791574335570e-02,3.979824451464127749e-02,4.611735852038025690e-02,6.140712005535933077e-02,2.922722318610774892e+03,1.368587078741464458e-01,1.368587078741464458e+00,5.474348314965857831e+00,1.368587078741464325e+01
4.500000000000000111e-01,-4.830817609251125515e-03,1.939890523008084011e-01,9.505086131975612126e-03,1.087599446203765946e-01,-1.871550948441652292e-03,9.172234844283644328e-01,6.751522031367922505e-01,7.230818645004898418e-03,6.489050137647388583e-01,6.489050137647388583e-01,1.439654824367541774e+00,1.619647806307291382e-01,1.619647806307291382e-01,1.654584664285533302e-01,1.090969678634112761e+01,3.409280245731602377e-02,0.000000000000000000e+00,1.370000000000000000e+02,1.370000000000000000e+02,8.000000000000000000e+00,4.182131643118793818e-01,-4.133823467026282450e-01,2.187786246686384412e-02,3.871063864674220006e-02,3.871063864674220006e-02,3.939917040851612789e-02,4.574932712129633344e-02,6.099283334016229741e-02,2.997618049351487571e+03,1.334392819280418307e-01,1.334392819280418641e+00,5.337571277121674562e+00,1.334392819280418330e+01
4.575000000000000178e-01,-4.531493921454454558e-03,1.941348447389093235e-01,8.983466597565551576e-03,1.088330959692858091e-01,-2.418710775883850354e-03,9.173227058950834678e-01,6.757412563752985823e-01,-2.624820394653321065e-02,6.442800486381422553e-01,6.442800486381422553e-01,1.467096332533046610e+00,1.624332902505733756e-01,1.624332902505733756e-01,1.652335839346263380e-01,1.091334831950633344e+01,3.410421349845729061e-02,0.000000000000000000e+00,1.380000000000000000e+02,1.380000000000000000e+02,8.000000000000000000e+00,1.879261603637587541e-01,-1.833946664423042883e-01,8.985032542145207635e-03,2.667663469513100946e-02,2.667663469513100946e-02,2.750672525193111062e-02,3.388074883105827301e-02,6.064149503579115141e-02,7.341257156795897572e+03,5.448658063009206159e-02,5.448658063009205188e-01,2.179463225203682075e+00,5.448658063009204966e+00
4.650000000000000244e-01,-4.228552230298021977e-03,1.942660574619927139e-01,8.454294202731924349e-03,1.089074000839925782e-01,-2.961239557108755020e-03,9.174225344905518886e-01,6.759371320447586928e-01,-2.514283440412315787e-02,6.392379522929891866e-01,6.392379522929891866e-01,1.465964563505324447e+00,1.624219860244545399e-01,1.624219860244545399e-01,1.649709352291294784e-01,1.091697865857541316e+01,3.411555830804816752e-02,0.000000000000000000e+00,1.380000000000000000e+02,1.380000000000000000e+02,8.000000000000000000e+00,1.176885720065001806e-02,-7.540304970351996081e-03,-2.654505528843782822e-04,1.726151356878252024e-02,1.726151356878252024e-02,1.822967101656421118e-02,2.460027364283083259e-02,6.064993636868828281e-02,inf,-1.609955914147066574e-03,-1.609955914147066791e-02,-6.439823656588267164e-02,-1.609955914147066791e-01
4.725000000000000311e-01,-3.921972986202826132e-03,1.943833991030893271e-01,7.917597338818960911e-03,1.089823371731642315e-01,-3.499157582156057437e-03,9.175250513006942832e-01,6.761487552611108454e-01,-2.392953016403056785e-02,6.337914629419848511e-01,6.337914629419848511e-01,1.464881595277207404e+00,1.624619675947095720e-01,1.624619675947095720e-01,1.647131474935883411e-01,1.092058588180488066e+01,3.412683088064025205e-02,0.000000000000000000e+00,1.380000000000000000e+02,1.380000000000000000e+02,8.000000000000000000e+00,5.349786362947384077e-02,-4.957589064327101724e-02,1.985407890489082009e-03,1.934522403486664890e-02,1.934522403486664890e-02,2.046319778778160278e-02,2.683405741485543616e-02,6.062008838212593065e-02,3.323484690624786163e+04,1.203556017960183584e-02,1.203556017960183550e-01,4.814224071840734198e-01,1.203556017960183411e+00
4.799999999999999822e-01,-3.611735008720840055e-03,1.944875853892797934e-01,7.373421109890023958e-03,1.090574301594320616e-01,-4.032492369372637012e-03,9.176321145284884739e-01,6.704804929387365720e-01,-2.261576309428341147e-02,6.301898905437428589e-01,6.301898905437428589e-01,1.463846561932463208e+00,1.625523767735376768e-01,1.625523767735376768e-01,1.644605617926691299e-01,1.092416806495671366e+01,3.413802520298973159e-02,0.000000000000000000e+00,1.380000000000000000e+02,1.380000000000000000e+02,8.000000000000000000e+00,9.446693653714532957e-02,-9.085520152842449515e-02,4.203801453736746158e-03,2.145306488848739909e-02,2.145306488848739909e-02,2.251767456333160847e-02,2.904822987542044627e-02,6.055267517780481279e-02,1.571391720417634497e+04,2.545514239401048748e-02,2.545514239401048817e-01,1.018205695760419527e+00,2.545514239401048595e+00
4.874999999999999889e-01,-3.297815305681894675e-03,1.945793339688496604e-01,6.821826782104227320e-03,1.091322474536841336e-01,-4.561278112949888365e-03,9.177452007185759042e-01,6.645678755011990013e-01,-2.120966999895474922e-02,6.277712242020753175e-01,6.277712242020753175e-01,1.462858579961720862e+00,1.626923400412442211e-01,1.626923400412442211e-01,1.642135095969277647e-01,1.092772328308516627e+01,3.414913525964114599e-02,0.000000000000000000e+00,1.380000000000000000e+02,1.380000000000000000e+02,8.000000000000000000e+00,1.346303532817074711e-01,-1.313325379760255651e-01,6.391034247407586903e-03,2.356877812263762084e-02,2.356877812263762084e-02,2.454274123485013573e-02,3.124404058967021267e-02,6.044853376926619115e-02,1.035387876337560374e+04,3.863286495249542568e-02,3.863286495249542707e-01,1.545314598099817083e+00,3.863286495249542707e+00
4.949999999999999956e-01,-2.980188907575509472e-03,1.946593596530896142e-01,6.262891662187993272e-03,1.092064000029532855e-01,-5.085555113056282502e-03,9.178652592263941701e-01,6.582371564731843705e-01,-1.971979133391239120e-02,6.248323351109721369e-01,6.248323351109721369e-01,1.461916747191409183e+00,1.628809757159782046e-01,1.628809757159782046e-01,1.639723114252320257e-01,1.093124961240371995e+01,3.416015503876162346e-02,0.000000000000000000e+00,1.380000000000000000e+02,1.380000000000000000e+02,8.000000000000000000e+00,1.739496124676520594e-01,-1.709694235600765500e-01,8.548539941064482381e-03,2.564864466195797971e-02,2.564864466195797971e-02,2.653488166287711753e-02,3.342287033503367477e-02,6.030860156381134818e-02,7.758696933363535209e+03,5.155504892579852033e-02,5.155504892579853005e-01,2.062201957031941202e+00,5.155504892579851450e+00
5.025000000000000577e-01,-2.658828717388606218e-03,1.947283700536012185e-01,5.696709557516024119e-03,1.092795333121664714e-01,-5.605369188168315801e-03,9.179925941527364852e-01,6.582569003032358035e-01,-1.815488696355683357e-02,6.213849756396143675e-01,6.213849756396143675e-01,1.461020141886882673e+00,1.631173983831172292e-01,1.631173983831172292e-01,1.637372757124302969e-01,1.093474513223032574e+01,3.417107853821976793e-02,0.000000000000000000e+00,1.380000000000000000e+02,1.380000000000000000e+02,8.000000000000000000e+00,2.123909841338900151e-01,-2.097321554165014201e-01,1.067775447704881649e-02,2.769417428926772978e-02,2.769417428926772978e-02,2.867523612145253878e-02,3.558609792257766413e-02,6.013390545467755394e-02,6.229607009710543025e+03,6.420950781911136107e-02,6.420950781911135552e-01,2.568380312764454221e+00,6.420950781911134442e+00
5.100000000000000089e-01,-2.333705376040196098e-03,1.947870616243520259e-01,5.123391702116820989e-03,1.093513158666403889e-01,-6.120771068492190763e-03,9.181267863923270323e-01,6.612538060787813698e-01,-1.652390856698082722e-02,6.174415655715956852e-01,6.174415655715956852e-01,1.460167822255791670e+00,1.634007199547355682e-01,1.634007199547355682e-01,1.634991582638727625e-01,1.093820792700816114e+01,3.418189977190050355e-02,0.000000000000000000e+00,1.380000000000000000e+02,1.380000000000000000e+02,8.000000000000000000e+00,5.046736284339203849e-02,-4.813365746735184109e-02,2.129132625085679124e-03,1.905588100026797682e-02,1.905588100026797682e-02,2.022565885264357433e-02,2.708411484042206122e-02,5.992555310321365236e-02,3.135055440786771942e+04,1.275894501883565423e-02,1.275894501883565457e-01,5.103578007534261829e-01,1.275894501883565457e+00
5.174999999999999600e-01,-2.004787143526809423e-03,1.948361161429202071e-01,4.543067850763572030e-03,1.094214258757610220e-01,-6.631815768261251597e-03,9.182666646834154456e-01,6.594521597589210193e-01,3.667515910929738387e-01,9.182666646834154456e-01,9.182666646834154456e-01,2.385441986017669824e-01,1.632409267072878478e-01,1.637300478577229934e-01,1.632409267072878478e-01,1.094163608839835611e+01,3.419261277624486423e-02,1.000000000000000000e+00,1.000000000000000000e+00,2.710000000000000000e+02,8.000000000000000000e+00,-1.669935428625990426e-01,1.689983300061258520e-01,7.662499058447079341e-04,1.546280306482380323e-02,1.546280306482380323e-02,8.566017623992269736e-03,1.546280306482380323e-02,6.004293035238506687e-02,8.694160987490764819e+04,4.600788972915541286e-03,4.600788972915541980e-02,1.840315589166216792e-01,4.600788972915541564e-01
5.250000000000000222e-01,-1.672039795820756680e-03,1.948761976770668758e-01,3.955887199964319353e-03,1.094895384248040643e-01,-7.138561933552747124e-03,9.184103290278315956e-01,6.550791517371734596e-01,3.542351277991300229e-01,9.184103290278315956e-01,9.184103290278315956e-01,2.386129461353806158e-01,1.629919291821557981e-01,1.641044816202527068e-01,1.629919291821557981e-01,1.094502771744011227e+01,3.420321161700035084e-02,1.000000000000000000e+00,1.000000000000000000e+00,2.710000000000000000e+02,8.000000000000000000e+00,-1.998506502108625682e-01,2.015226900066833249e-01,-1.296711170258076388e-03,1.369137539411488177e-02,1.369137539411488177e-02,6.695622174662956873e-03,1.369137539411488177e-02,6.022652178374891807e-02,inf,-7.809640354277858423e-03,-7.809640354277859464e-02,-3.123856141711143786e-01,-7.809640354277859187e-01
5.324999999999999734e-01,-1.335426537496908761e-03,1.949079500781412677e-01,3.362018890814834696e-03,1.095553149303981066e-01,-7.641071161334344469e-03,9.185552234919726056e-01,6.506584849949268445e-01,3.415535288477503095e-01,9.185552234919726056e-01,9.185552234919726056e-01,2.386812307856943649e-01,1.627523023822248227e-01,1.641092754305378543e-01,1.627523023822248227e-01,1.094838092677280983e+01,3.421369039616502933e-02,1.000000000000000000e+00,1.000000000000000000e+00,2.710000000000000000e+02,8.000000000000000000e+00,-1.924205165414321073e-01,1.937559430789290160e-01,-1.217359304253396021e-03,1.406644156803401463e-02,1.406644156803401463e-02,6.970309193503041768e-03,1.406644156803401463e-02,6.040400023169020111e-02,inf,-7.353337169617235776e-03,-7.353337169617235602e-02,-2.941334867846894241e-01,-7.353337169617235602e-01
5.400000000000000355e-01,-9.949079300171526519e-04,1.949319950258262824e-01,2.761652034450904659e-03,1.096183962857392169e-01,-8.139407284666798359e-03,9.186982493985667020e-01,6.462012916017256803e-01,3.287093788388336657e-01,9.186982493985667020e-01,9.186982493985667020e-01,2.387490123003747633e-01,1.625221625856861640e-01,1.639744346878596049e-01,1.625221625856861640e-01,1.095169384291374648e+01,3.422404325910545497e-02,1.000000000000000000e+00,1.000000000000000000e+00,2.710000000000000000e+02,8.000000000000000000e+00,-1.848706660949801517e-01,1.858655740249973154e-01,-1.136353493298777363e-03,1.444729000535176743e-02,1.444729000535176743e-02,7.249704327601495454e-03,1.444729000535176743e-02,6.057519173724144890e-02,inf,-6.883483073785755420e-03,-6.883483073785755246e-02,-2.753393229514302099e-01,-6.883483073785755524e-01
5.474999999999999867e-01,-6.504418355659403062e-04,1.949489306268157029e-01,2.154995395899533470e-03,1.096784003576506822e-01,-8.633635618322178795e-03,9.188359054681231042e-01,6.417184993267349702e-01,3.157051193255126509e-01,9.188359054681231042e-01,9.188359054681231042e-01,2.388162487703215930e-01,1.623016056772930427e-01,1.638889986158466594e-01,1.623016056772930427e-01,1.095496460858419674e+01,3.423426440182561481e-02,1.000000000000000000e+00,1.000000000000000000e+00,2.710000000000000000e+02,8.000000000000000000e+00,-1.772185267168282508e-01,1.778689685523942021e-01,-1.054536927962964081e-03,1.483302037278676211e-02,1.483302037278676211e-02,7.533245978472534812e-03,1.483302037278676211e-02,6.073993878106349886e-02,inf,-6.405250844684120745e-03,-6.405250844684121092e-02,-2.562100337873648437e-01,-6.405250844684120537e-01
5.550000000000000488e-01,-3.019833762799240201e-04,1.949593305506495400e-01,1.542276997079715427e-03,1.097349237040742692e-01,-9.123822158441098965e-03,9.189644394364123725e-01,6.372207116053725251e-01,3.025430205880649814e-01,9.189644394364123725e-01,9.189644394364123725e-01,2.388828962072578332e-01,1.620907072306909669e-01,1.638517802120097733e-01,1.620907072306909669e-01,1.095819138507558499e+01,3.424434807836120032e-02,1.000000000000000000e+00,1.000000000000000000e+00,2.710000000000000000e+02,8.000000000000000000e+00,-1.694815933443578615e-01,1.697835767206377910e-01,-9.727497547522733412e-04,1.522273513036587027e-02,1.522273513036587027e-02,7.820370212402118562e-03,1.522273513036587027e-02,6.089810074557463343e-02,inf,-5.923861256513695585e-03,-5.923861256513696105e-02,-2.369544502605478442e-01,-5.923861256513694995e-01
5.625000000000000000e-01,5.051509134165188677e-05,1.949637436735011942e-01,9.237439067717796064e-04,1.097875466725816845e-01,-9.610032729491809964e-03,9.190799963775854176e-01,6.365863592912299751e-01,2.892251536490140773e-01,9.190799963775854176e-01,9.190799963775854176e-01,2.389489082599136061e-01,1.618895226818625743e-01,1.638616045089103523e-01,1.618895226818625743e-01,1.096137235464669679e+01,3.425428860827092747e-02,1.000000000000000000e+00,1.000000000000000000e+00,2.710000000000000000e+02,8.000000000000000000e+00,-1.616773346777620191e-01,1.616268195864203616e-01,-8.918259516470770660e-04,1.561554679412536714e-02,1.561554679412536714e-02,8.211892095699876992e-03,1.561554679412536714e-02,6.104955427409274049e-02,inf,-5.444557683812263800e-03,-5.444557683812264320e-02,-2.177823073524905728e-01,-5.444557683812264459e-01
5.700000000000000622e-01,4.071039871542447624e-04,1.949626941955284742e-01,2.996623764431430607e-04,1.098358405505620861e-01,-1.009233207210673798e-02,9.191787520829997060e-01,6.397116027277617301e-01,2.757533638397163811e-01,9.191787520829997060e-01,9.191787520829997060e-01,2.390142361012946581e-01,1.616980876030160996e-01,1.634006544441362063e-01,1.616980876030160996e-01,1.096450572294206438e+01,3.426408038419394980e-02,1.000000000000000000e+00,1.000000000000000000e+00,2.710000000000000000e+02,8.000000000000000000e+00,-1.538231009240433877e-01,1.534159969368891485e-01,-8.125902997900004117e-04,1.601058461339238681e-02,1.601058461339238681e-02,8.703560641385303318e-03,1.601058461339238681e-02,6.119419351590810185e-02,inf,-4.972580805449906306e-03,-4.972580805449906133e-02,-1.989032322179962453e-01,-4.972580805449906549e-01
5.775000000000000133e-01,7.678365035504675301e-04,1.949566821964134333e-01,-3.296816945483827996e-04,1.098793752475256541e-01,-1.057078286691838682e-02,9.192570245222279057e-01,6.427834581787458257e-01,2.621292470453742696e-01,9.192570245222279057e-01,9.192570245222279057e-01,2.390788284966717525e-01,1.615164180624228674e-01,1.629196947199798018e-01,1.615164180624228674e-01,1.096758972142091615e+01,3.427371787944036297e-02,1.000000000000000000e+00,1.000000000000000000e+00,2.710000000000000000e+02,8.000000000000000000e+00,-1.785066767144058986e-01,1.777388402108554255e-01,-2.435232231523502475e-03,1.470762369075592248e-02,1.470762369075592248e-02,7.495104791702049234e-03,1.470762369075592248e-02,6.133193026469560549e-02,inf,-1.493574934021385178e-02,-1.493574934021385248e-01,-5.974299736085540991e-01,-1.493574934021385081e+00
5.849999999999999645e-01,1.132768587531285485e-03,1.949461845925589965e-01,-9.639821467863393233e-04,1.099177261140820983e-01,-1.104544469288406237e-02,9.193113614750921814e-01,6.458012085875471930e-01,3.260441248759144983e-01,9.193113614750921814e-01,9.193113614750921814e-01,2.050902214322477546e-01,1.612657039129293812e-01,1.620266411762067982e-01,1.612657039129293812e-01,1.097062260978549197e+01,3.428319565557966242e-02,1.000000000000000000e+00,2.000000000000000000e+00,2.710000000000000000e+02,8.000000000000000000e+00,-2.086807743372531831e-01,2.075480057497219033e-01,-2.315939222087232650e-03,1.311294066484725365e-02,1.311294066484725365e-02,5.999864067276606747e-03,1.311294066484725365e-02,6.152277971666050838e-02,inf,-1.424830185976469141e-02,-1.424830185976469210e-01,-5.699320743905876840e-01,-1.424830185976469155e+00
5.925000000000000266e-01,1.501958909125444917e-03,1.949316564549763986e-01,-1.602912070316361631e-03,1.099504788881363881e-01,-1.151637292388690836e-02,9.193386067068328726e-01,6.487641629588073444e-01,3.195193585143528692e-01,9.193386067068328726e-01,9.193386067068328726e-01,2.051474155253358855e-01,1.610116279566777553e-01,1.610827334012269185e-01,1.610116279566777553e-01,1.097360267839709813e+01,3.429250836999093305e-02,1.000000000000000000e+00,2.000000000000000000e+00,2.710000000000000000e+02,8.000000000000000000e+00,-4.698252332262029540e-01,4.683232743170774870e-01,-1.599886462742727486e-02,-4.487039694699618861e-04,-4.487039694699618861e-04,-7.463277247833756053e-03,-4.487039694699618861e-04,6.171709850578718792e-02,inf,-9.874035041916832955e-02,-9.874035041916834343e-01,-3.949614016766733737e+00,-9.874035041916833677e+00
5.999999999999999778e-01,1.875468816729286559e-03,1.949135326386199907e-01,-2.246123675850492801e-03,1.099772323006979885e-01,-1.198361757437155055e-02,9.193359496946699183e-01,6.477437837191311054e-01,-2.048548023564277787e-01,5.366452009123072742e-01,5.366452009123072742e-01,1.552995469701986542e+00,1.601331987421433789e-01,1.601331987421433789e-01,1.607649547507775389e-01,1.097652825066792559e+01,3.430165078333726608e-02,0.000000000000000000e+00,1.420000000000000000e+02,1.420000000000000000e+02,8.000000000000000000e+00,-8.990621895829207233e-01,8.971867207661914367e-01,-5.126549281362086791e-02,-3.225147417664359778e-02,-3.225147417664359778e-02,-2.940261306441360745e-02,-2.243827256171456938e-02,6.239606828420478368e-02,inf,-3.198765190222097599e-01,-3.198765190222097043e+00,-1.279506076088838817e+01,-3.198765190222097488e+01
6.075000000000000400e-01,2.253362280016357830e-03,1.948922296641386331e-01,-2.893248638287917486e-03,1.099975984394998829e-01,-1.244722211250112558e-02,9.193009645354495163e-01,6.410666531224162856e-01,-1.919801262983989176e-01,5.275867294606698676e-01,5.275867294606698676e-01,1.553498325496781574e+00,1.588548119810077319e-01,1.588548119810077319e-01,1.605257689037517810e-01,1.097939768541658978e+01,3.431061776692684306e-02,0.000000000000000000e+00,1.420000000000000000e+02,1.420000000000000000e+02,8.000000000000000000e+00,-1.048143792208037439e+00,1.045890429928021170e+00,-5.763036886641788314e-02,-3.947220626846933977e-02,-3.947220626846933977e-02,-3.660855727051894049e-02,-2.958735579836868287e-02,6.340437602120500837e-02,inf,-3.654017577847105680e-01,-3.654017577847105791e+00,-1.461607031138842316e+01,-3.654017577847105969e+01
6.149999999999999911e-01,2.635705821132172579e-03,1.948681477855938038e-01,-3.543898850003767212e-03,1.100112014319880038e-01,-1.290722226639471823e-02,9.192316424525818208e-01,6.341811722013154240e-01,-1.792183146208139732e-01,5.184038215934819727e-01,5.184038215934819727e-01,1.554014069888761007e+00,1.576352475145807452e-01,1.576352475145807452e-01,1.602941387356854597e-01,1.098220937917542095e+01,3.431940430992318908e-02,0.000000000000000000e+00,1.420000000000000000e+02,1.420000000000000000e+02,8.000000000000000000e+00,-1.006941019609698174e+00,1.004305313788566023e+00,-5.436507972135401490e-02,-3.702995707114817986e-02,-3.702995707114817986e-02,-3.415302059118797279e-02,-2.706983815360165455e-02,6.438924260680786715e-02,inf,-3.500526307516714231e-01,-3.500526307516714120e+00,-1.400210523006685648e+01,-3.500526307516714297e+01
6.225000000000000533e-01,3.022568434960726073e-03,1.948416731760979070e-01,-4.197667378986816300e-03,1.100176752784310097e-01,-1.336364485401266705e-02,9.191264199167944460e-01,6.325764460926265320e-01,-1.665853187468676333e-01,5.120915583651083347e-01,5.120915583651083347e-01,1.554541299150282718e+00,1.564734798153981643e-01,1.564734798153981643e-01,1.600701163857812803e-01,1.098496176843767103e+01,3.432800552636772196e-02,0.000000000000000000e+00,1.420000000000000000e+02,1.420000000000000000e+02,8.000000000000000000e+00,-9.656302464347845671e-01,9.626076779998238298e-01,-5.121554289103204954e-02,-3.459885224334777187e-02,-3.459885224334777187e-02,-3.164890629026231861e-02,-2.463303109144864694e-02,6.534893297363582321e-02,inf,-3.346881079594424269e-01,-3.346881079594424158e+00,-1.338752431837769663e+01,-3.346881079594424335e+01
6.300000000000000044e-01,3.414021499315011803e-03,1.948131801689052534e-01,-4.854129375343258640e-03,1.100166617038463995e-01,-1.381650666882555667e-02,9.189842016847274975e-01,6.336699394908115179e-01,-1.540966520465028577e-01,5.053937261818872706e-01,5.053937261818872706e-01,1.555078664758741791e+00,1.553684434115900626e-01,1.553684434115900626e-01,1.598537379253011370e-01,1.098765333183301429e+01,3.433641666197816827e-02,0.000000000000000000e+00,1.420000000000000000e+02,1.420000000000000000e+02,8.000000000000000000e+00,-9.242950618722431955e-01,9.208810403729281724e-01,-4.817873890442639362e-02,-3.225906772700113528e-02,-3.225906772700113528e-02,-2.916256290573424406e-02,-2.227526115531531029e-02,6.628180905279745794e-02,inf,-3.193373972467774546e-01,-3.193373972467774546e+00,-1.277349588987109819e+01,-3.193373972467774280e+01
6.375000000000000666e-01,3.810138676011009997e-03,1.947830335025453885e-01,-5.512842728706286721e-03,1.100078087254365289e-01,-1.426581345105997975e-02,9.188043759173453173e-01,6.347599675076359693e-01,-1.417660438880684326e-01,4.983269244615282090e-01,4.983269244615282090e-01,1.555624874947326042e+00,1.543190344299472383e-01,1.543190344299472383e-01,1.596450234493538567e-01,1.099028259222001758e+01,3.434463310068755493e-02,0.000000000000000000e+00,1.420000000000000000e+02,1.420000000000000000e+02,8.000000000000000000e+00,-8.830182967970614527e-01,8.792081581210504648e-01,-4.525163512663294557e-02,-3.000822793654876058e-02,-3.000822793654876058e-02,-2.675916173496811420e-02,-1.999482469089831904e-02,6.718634073001489293e-02,inf,-3.040291776208272068e-01,-3.040291776208271735e+00,-1.216116710483308694e+01,-3.040291776208271912e+01
6.450000000000000178e-01,4.210995803861039728e-03,1.947515905312526829e-01,-6.173348420528429296e-03,1.099907703204748288e-01,-1.471155896823600484e-02,9.185868175992041307e-01,6.358434332903257769e-01,-1.296042527438334424e-01,4.909082016513711677e-01,4.909082016513711677e-01,1.556178694831911180e+00,1.533241144738961836e-01,1.533241144738961836e-01,1.594439771391268912e-01,1.099284811868437117e+01,3.435265037088865853e-02,0.000000000000000000e+00,1.420000000000000000e+02,1.420000000000000000e+02,8.000000000000000000e+00,-8.418790807797336129e-01,8.376680849758725289e-01,-4.243105220276696676e-02,-2.784386915016012071e-02,-2.784386915016012071e-02,-2.443669055170627838e-02,-1.778987875185749495e-02,6.806111388688594610e-02,inf,-2.887904676312925134e-01,-2.887904676312925023e+00,-1.155161870525170009e+01,-2.887904676312925289e+01
6.524999999999999689e-01,4.616670784680487923e-03,1.947192033716043935e-01,-6.835170676393121855e-03,1.099652072245326379e-01,-1.515372422010754366e-02,9.183318769787922609e-01,6.369176116240407026e-01,-1.176185465126697999e-01,4.831549803209697069e-01,4.859669488946600224e-01,1.556738945233936855e+00,1.523825180069490748e-01,1.523825180069490748e-01,1.592505873067671107e-01,1.099534852843200383e+01,3.436046415135000920e-02,0.000000000000000000e+00,1.420000000000000000e+02,1.420000000000000000e+02,8.000000000000000000e+00,-8.009495957053189841e-01,7.963329249206384519e-01,-3.971354217411557364e-02,-2.576332147055121133e-02,-2.569802634607857780e-02,-2.219288677789104172e-02,-1.565832602332353773e-02,6.890483407823232154e-02,inf,-2.736455034166315192e-01,-2.736455034166315414e+00,-1.094582013666526166e+01,-2.736455034166315059e+01
6.600000000000000311e-01,5.027243463443187288e-03,1.946862209597322035e-01,-7.497817135356302058e-03,1.099307885870609292e-01,-1.559227677378003350e-02,9.180403515030856054e-01,6.378396992247492570e-01,-1.058130802098579265e-01,4.750849149739922450e-01,4.831118243506436483e-01,1.557304500800772429e+00,1.514930625384694474e-01,1.514930625384694474e-01,1.590648264513122856e-01,1.099778248856640239e+01,3.436807027677001025e-02,0.000000000000000000e+00,1.420000000000000000e+02,1.420000000000000000e+02,8.000000000000000000e+00,-8.179783809068084111e-01,8.129511374433652238e-01,-3.974312368863698597e-02,-2.641142872784170079e-02,-2.622720996968675930e-02,-2.267618234202069608e-02,-1.624553590329719244e-02,6.971632602061245132e-02,inf,-2.770744568154541732e-01,-2.770744568154541732e+00,-1.108297827261816693e+01,-2.770744568154541554e+01
6.674999999999999822e-01,5.442795503760033959e-03,1.946529909904160804e-01,-8.160779270923849277e-03,1.098871940307350331e-01,-1.602717022663754931e-02,9.177134421976309575e-01,6.384291894306728388e-01,-3.438197299574260457e-01,4.667157186786443090e-01,4.802020771494213691e-01,1.574227184003638813e+00,1.505242573668906791e-01,1.505242573668906791e-01,1.588866513605894926e-01,1.100014871773974612e+01,3.437546474293670662e-02,0.000000000000000000e+00,1.430000000000000000e+02,1.430000000000000000e+02,8.000000000000000000e+00,-9.078973443292142065e-01,9.024545488254541725e-01,-4.868493526544985517e-02,-3.032018614486315516e-02,-3.001461827576762040e-02,-2.642957924260771682e-02,-2.010168174716009393e-02,7.061663131373516200e-02,inf,-3.437966124173335580e-01,-3.437966124173335469e+00,-1.375186449669334188e+01,-3.437966124173335203e+01
6.750000000000000444e-01,5.863410259894364165e-03,1.946198617024996746e-01,-8.823533219284028159e-03,1.098341156309107502e-01,-1.645834378947320584e-02,9.173526979384549751e-01,6.389973457157380743e-01,-3.308620863577907412e-01,4.580650075665290144e-01,4.772312071403115863e-01,1.575065836147413467e+00,1.494439448840349516e-01,1.494439448840349516e-01,1.587160032889011196e-01,1.100244598766799342e+01,3.438264371146247667e-02,0.000000000000000000e+00,1.430000000000000000e+02,1.430000000000000000e+02,8.000000000000000000e+00,-9.423580935516326917e-01,9.364946832917383501e-01,-4.921970025350921873e-02,-3.160020279010102018e-02,-3.117215461255189168e-02,-2.755935174363624215e-02,-2.134270452720190420e-02,7.164127994571896363e-02,inf,-3.526162324706028639e-01,-3.526162324706028528e+00,-1.410464929882411411e+01,-3.526162324706028528e+01
6.824999999999999956e-01,6.289172646518498451e-03,1.945871834691789704e-01,-9.485541034327754292e-03,1.097712594360499144e-01,-1.688572198067662955e-02,9.169599528902858676e-01,6.395436406724982481e-01,-3.179994124606514982e-01,4.491502075001494454e-01,4.741927510584294514e-01,1.575906796420704747e+00,1.484115085074003970e-01,1.484115085074003970e-01,1.585528082256774385e-01,1.100467312450069635e+01,3.438960351406467747e-02,0.000000000000000000e+00,1.430000000000000000e+02,1.430000000000000000e+02,8.000000000000000000e+00,-9.062156867758801582e-01,8.999265141293616432e-01,-4.664776672890994652e-02,-2.975054772060739885e-02,-2.919896126078377896e-02,-2.555694655813771712e-02,-1.944658156276807964e-02,7.264150339379350785e-02,inf,-3.388563905150999700e-01,-3.388563905150999922e+00,-1.355425562060399969e+01,-3.388563905150999744e+01
6.900000000000000577e-01,6.720169007372040273e-03,1.945553101514418681e-01,-1.014625225751885143e-02,1.096983463379205825e-01,-1.730921442444689415e-02,9.165372630671710930e-01,6.413375229757223295e-01,-3.052415495140339274e-01,4.399885459925721443e-01,4.710802158086417335e-01,1.576748937758229774e+00,1.474262626596243020e-01,1.474262626596243020e-01,1.583718504558501716e-01,1.100682901003708203e+01,3.439634065636588273e-02,0.000000000000000000e+00,1.430000000000000000e+02,1.430000000000000000e+02,8.000000000000000000e+00,-8.699236510389027899e-01,8.632034820315307444e-01,-4.415687055438057701e-02,-2.795966486619048952e-02,-2.728390287772996387e-02,-2.358344493765188524e-02,-1.760211538255994704e-02,7.361567024366207079e-02,inf,-3.250637621723352355e-01,-3.250637621723352133e+00,-1.300255048689340853e+01,-3.250637621723352311e+01
6.975000000000000089e-01,7.156486983905141486e-03,1.945246001810273517e-01,-1.080510561913915202e-02,1.096151123048346443e-01,-1.772871575060779720e-02,9.160868473492844721e-01,6.418441053942300911e-01,-2.925951925112130203e-01,4.305971221884075106e-01,4.678870062530701701e-01,1.577591186835700876e+00,1.464874887153411187e-01,1.464874887153411187e-01,1.581058327039867872e-01,1.100891258278096707e+01,3.440285182119052348e-02,0.000000000000000000e+00,1.430000000000000000e+02,1.430000000000000000e+02,8.000000000000000000e+00,-8.335428685474397525e-01,8.263863815635346111e-01,-4.174484236809856974e-02,-2.622615908175303379e-02,-2.542597095914500560e-02,-2.169309787392098912e-02,-1.580823686326829000e-02,7.456223457678916311e-02,inf,-3.112588729021252276e-01,-3.112588729021252387e+00,-1.245035491608500955e+01,-3.112588729021252121e+01
7.049999999999999600e-01,7.598215384902601288e-03,1.944954173550662857e-01,-1.146153070042734909e-02,1.095213081504005093e-01,-1.814410559903232439e-02,9.156110365586844768e-01,6.416945558212049372e-01,-2.800652943030280673e-01,4.209930193775919816e-01,4.646063807192719053e-01,1.578432522117679815e+00,1.455944466042527474e-01,1.455944466042527474e-01,1.578452438060134189e-01,1.101092283882785594e+01,3.440913387133705259e-02,0.000000000000000000e+00,1.430000000000000000e+02,1.430000000000000000e+02,8.000000000000000000e+00,-7.971263681248785815e-01,7.895281527399760080e-01,-3.940918165856952676e-02,-2.454832777988021769e-02,-2.362382295993958534e-02,-1.986995335668646431e-02,-1.406354222687144877e-02,7.547973427674417590e-02,inf,-2.974594559652767867e-01,-2.974594559652768311e+00,-1.189837823861107324e+01,-2.974594559652767956e+01
7.125000000000000222e-01,8.045444057985861458e-03,1.944681313443013260e-01,-1.211494946857580302e-02,1.094166990857510652e-01,-1.855524873603404609e-02,9.151122318368614117e-01,6.426837217675731573e-01,-2.676565932808701032e-01,4.111934087040179375e-01,4.612314556455379133e-01,1.579271973158452802e+00,1.447463829706413796e-01,1.447463829706413796e-01,1.575899593343566274e-01,1.101285883257901155e+01,3.441518385180940970e-02,0.000000000000000000e+00,1.430000000000000000e+02,1.430000000000000000e+02,8.000000000000000000e+00,-7.607225357803883981e-01,7.526770917224024915e-01,-3.714726256294094420e-02,-2.292432630354824738e-02,-2.187595339331353111e-02,-1.807425344836233530e-02,-1.236646332885510402e-02,7.636679117214846546e-02,inf,-2.836817242761079938e-01,-2.836817242761079605e+00,-1.134726897104431842e+01,-2.836817242761079783e+01
7.199999999999999734e-01,8.498263763776358823e-03,1.944431179350554761e-01,-1.276477770354688540e-02,1.093010642881155903e-01,-1.896199529185621860e-02,9.145928712106750069e-01,6.436632804182925716e-01,-2.553746604853638358e-01,4.012155956233640075e-01,4.577552605756035065e-01,1.580108621395254209e+00,1.439425347286391044e-01,1.439425347286391044e-01,1.573398433726158896e-01,1.101471967727814949e+01,3.442099899149421438e-02,0.000000000000000000e+00,1.430000000000000000e+02,1.430000000000000000e+02,8.000000000000000000e+00,-7.243787387471343209e-01,7.158804749833579395e-01,-3.495652749845534757e-02,-2.135233634707990949e-02,-2.018086539927221520e-02,-1.632895286328290424e-02,-1.071543985815973273e-02,7.722211472070869553e-02,inf,-2.699416976723327255e-01,-2.699416976723326922e+00,-1.079766790689330769e+01,-2.699416976723327011e+01
7.275000000000000355e-01,8.956766053358789295e-03,1.944207590368949856e-01,-1.341042641546899561e-02,1.091741966355181254e-01,-1.936418112685928117e-02,9.140554014901638435e-01,6.446354954821016392e-01,-2.432260679733370956e-01,3.910769815849804432e-01,4.541708244106426040e-01,1.580941602021945114e+00,1.431821286698247431e-01,1.431821286698247431e-01,1.570947489388805351e-01,1.101650454536799018e+01,3.442657670427497207e-02,0.000000000000000000e+00,1.430000000000000000e+02,1.430000000000000000e+02,8.000000000000000000e+00,-6.881438363687095716e-01,6.791870703153507494e-01,-3.283460122444511325e-02,-1.983067703923925909e-02,-1.853718247188770527e-02,-1.463244301919537117e-02,-9.109032664864388784e-03,7.804450909117954804e-02,inf,-2.562560333766461529e-01,-2.562560333766461973e+00,-1.025024133506584789e+01,-2.562560333766461795e+01
7.349999999999999867e-01,9.421043149567386726e-03,1.944014424907922201e-01,-1.405130337014448214e-02,1.090359026469787662e-01,-1.976162832943086436e-02,9.135022519385422868e-01,6.456028857801442422e-01,-2.312176450299782415e-01,3.807949449074793380e-01,4.504712616214003318e-01,1.581770106073779658e+00,1.424643792091302152e-01,1.424643792091302152e-01,1.568545184400081671e-01,1.101821266866507365e+01,3.443191458957835238e-02,0.000000000000000000e+00,1.430000000000000000e+02,1.430000000000000000e+02,8.000000000000000000e+00,-6.520685950957556543e-01,6.426475519461882779e-01,-3.077929340772572048e-02,-1.835782508291732701e-02,-1.694366763700639808e-02,-1.298325680803318061e-02,-7.545944658436960946e-03,7.883288177326146229e-02,inf,-2.426420398275767609e-01,-2.426420398275767720e+00,-9.705681593103070881e+00,-2.426420398275767454e+01
7.425000000000000488e-01,9.891187832515940803e-03,1.943855617073350084e-01,-1.468681479642600617e-02,1.088860025726217928e-01,-2.015414584217486982e-02,9.129358066237678315e-01,6.465681718291733659e-01,-2.193551614053112775e-01,3.703866753064071760e-01,4.466498278107882691e-01,1.582593381764037854e+00,1.417884868635868878e-01,1.417884868635868878e-01,1.566189841796124249e-01,1.101984333835293661e+01,3.443701043235292830e-02,0.000000000000000000e+00,1.430000000000000000e+02,1.430000000000000000e+02,8.000000000000000000e+00,-6.162039275694439766e-01,6.063127397369280080e-01,-2.878850301483649315e-02,-1.693234786896317262e-02,-1.539915535705506551e-02,-1.138000196545551658e-02,-6.024953692853825087e-03,7.958625094975892156e-02,inf,-2.291169025406668558e-01,-2.291169025406668336e+00,-9.164676101626673344e+00,-2.291169025406668425e+01
7.500000000000000000e-01,1.036729332972322580e-02,1.943735151552463403e-01,-1.531636727173340054e-02,1.087243305289157663e-01,-2.054153020621501957e-02,9.123583738091886053e-01,6.475342287501527627e-01,-2.076420055220812577e-01,3.598690145739923407e-01,4.426999271093412514e-01,1.583410734411250465e+00,1.411536395129481536e-01,1.411536395129481536e-01,1.563879689358808889e-01,1.102139590479537290e+01,3.444186220248553892e-02,0.000000000000000000e+00,1.430000000000000000e+02,1.430000000000000000e+02,8.000000000000000000e+00,-5.805977559136863420e-01,5.702304625839631491e-01,-2.686007455665685370e-02,-1.555278639305735129e-02,-1.390243430521147759e-02,-9.821243998016697396e-03,-4.544795057246408046e-03,8.030374914091377436e-02,inf,-2.156964689104012567e-01,-2.156964689104012844e+00,-8.627858756416051378e+00,-2.156964689104012933e+01
7.575000000000000622e-01,1.084945321108693461e-02,1.943657057122671894e-01,-1.593936971329758256e-02,1.085507345795739265e-01,-2.092356640828651679e-02,9.117721527074661436e-01,6.485040447558469978e-01,-1.960784199038790032e-01,3.492583545261443989e-01,4.386150739033415347e-01,1.584221524846948892e+00,1.405590171801825716e-01,1.405590171801825716e-01,1.561612866124563181e-01,1.102286977717320227e+01,3.444646805366625986e-02,0.000000000000000000e+00,1.430000000000000000e+02,1.430000000000000000e+02,8.000000000000000000e+00,-5.452918094085816847e-01,5.344423561974946946e-01,-2.499167080881018257e-02,-1.421754087687674036e-02,-1.245213470952725998e-02,-8.305392459092689195e-03,-3.104047281207576291e-03,8.098462192310489083e-02,inf,-2.023941011678189739e-01,-2.023941011678189739e+00,-8.095764046712758955e+00,-2.023941011678189383e+01
7.650000000000000133e-01,1.133776128885877199e-02,1.943625398878505994e-01,-1.655523537703636194e-02,1.083650767096162315e-01,-2.130002881290216782e-02,9.111791998103593304e-01,6.494806838579151309e-01,-1.846616220787329898e-01,3.385706227187755823e-01,4.343888301572731980e-01,1.585025166768729177e+00,1.400037995584113015e-01,1.400037995584113015e-01,1.559387429514414170e-01,1.102426442294950704e+01,3.445082632171721226e-02,0.000000000000000000e+00,1.430000000000000000e+02,1.430000000000000000e+02,8.000000000000000000e+00,-5.103196283780846443e-01,4.989818670892258723e-01,-2.318071516686750350e-02,-1.292480650686911835e-02,-1.104666770096598451e-02,-6.830638534190855600e-03,-1.701069202881597088e-03,8.162822226969262962e-02,inf,-1.892200570011495775e-01,-1.892200570011495664e+00,-7.568802280045982656e+00,-1.892200570011495486e+01
7.724999999999999645e-01,1.183231152264825961e-02,1.943644269317270079e-01,-1.716338379274642487e-02,1.081672327012477147e-01,-2.167068216287162952e-02,9.105813982541698381e-01,6.503810580582838341e-01,-1.733867756722757558e-01,3.278213540301082030e-01,4.300147495502613104e-01,1.585821123872314331e+00,1.394871744008523706e-01,1.394871744008523706e-01,1.557201362876577955e-01,1.102557936716969955e+01,3.445493552240531249e-02,0.000000000000000000e+00,1.430000000000000000e+02,1.430000000000000000e+02,8.000000000000000000e+00,-4.757065087747776033e-01,4.638741972521293611e-01,-2.142442563815451576e-02,-1.167258354384951603e-02,-9.684240184803939722e-03,-5.396645239464179650e-03,-3.340126122132144361e-04,8.223400253703216922e-02,inf,-1.761816272282455409e-01,-1.761816272282455520e+00,-7.047265089129822080e+00,-1.761816272282455742e+01
7.800000000000000266e-01,1.233319792935357907e-02,1.943717778527014883e-01,-1.776324262542618160e-02,1.079570919659713635e-01,-2.203528263533574214e-02,9.099804339167407718e-01,6.509913875540713768e-01,-1.622484328676080945e-01,3.170258140058788143e-01,4.254863569098144005e-01,1.586608907620829845e+00,1.390083445847149768e-01,1.390083445847149768e-01,1.555052583215714157e-01,1.102681419160401077e+01,3.445879434876253367e-02,0.000000000000000000e+00,1.430000000000000000e+02,1.430000000000000000e+02,8.000000000000000000e+00,-4.414713280733053580e-01,4.291381301439518015e-01,-1.971992507514101420e-02,-1.045875550013928776e-02,-8.362937736963610771e-03,-4.005431898842276052e-03,9.990962853432688601e-04,8.280150674138109235e-02,inf,-1.632839509048818749e-01,-1.632839509048818583e+00,-6.531358036195274330e+00,-1.632839509048818627e+01
7.874999999999999778e-01,1.284051449776566454e-02,1.943850043837495045e-01,-1.835424951342933333e-02,1.077345573975244247e-01,-2.239357894606315916e-02,9.093777810976252374e-01,6.516154953625852286e-01,-1.512418846569698605e-01,2.977312189149962651e-01,4.207971772573090297e-01,1.587388076193180897e+00,1.385665322216312889e-01,1.385665322216312889e-01,1.552938948956788523e-01,1.102796853374080399e+01,3.446240166794001247e-02,0.000000000000000000e+00,1.430000000000000000e+02,1.430000000000000000e+02,8.000000000000000000e+00,-4.076294706690930525e-01,3.947889561713273654e-01,-1.806438348382522971e-02,-9.443792864120810829e-03,-7.080842305055475190e-03,-2.648972751882230393e-03,2.300239405466701810e-03,8.333036533171746252e-02,inf,-1.505311675199399457e-01,-1.505311675199399346e+00,-6.021246700797597384e+00,-1.505311675199399524e+01
7.950000000000000400e-01,1.335435510739204669e-02,1.944045179376622523e-01,-1.893585396252975631e-02,1.074995452818158920e-01,-2.274531350036998120e-02,9.087746989589858826e-01,6.522565006637438545e-01,-1.403639013195296381e-01,2.889436784623893306e-01,4.159408090040944694e-01,1.588158234634670318e+00,1.381609793387334473e-01,1.381609793387334473e-01,1.550858267730569340e-01,1.102904208563986721e+01,3.446575651762458226e-02,0.000000000000000000e+00,1.430000000000000000e+02,1.430000000000000000e+02,8.000000000000000000e+00,-3.741956988853303301e-01,3.608413437779383059e-01,-1.645513856431244856e-02,-8.260319626235168231e-03,-5.836140460860763692e-03,-1.325238728445352499e-03,3.571297667252933648e-03,8.382029338798710483e-02,inf,-1.379274542200650266e-01,-1.379274542200650489e+00,-5.517098168802601954e+00,-1.379274542200650444e+01
8.024999999999999911e-01,1.387481345081326145e-02,1.944307285984463174e-01,-1.950751935725878600e-02,1.072519852471610774e-01,-2.309022359298119192e-02,9.081722378935654927e-01,6.498104410180051138e-01,-1.296125996814849468e-01,2.800631924650074933e-01,4.109110184357276929e-01,1.588919035724804862e+00,1.377909459103320577e-01,1.377909459103320577e-01,1.548200307465081582e-01,1.103003459265545949e+01,3.446885810204831230e-02,0.000000000000000000e+00,1.430000000000000000e+02,1.430000000000000000e+02,8.000000000000000000e+00,-3.411859167101169987e-01,3.273111032593037373e-01,-1.488975241496364940e-02,-7.111506579354799455e-03,-4.627184642433295261e-03,-9.135783877023275314e-05,4.813988313362551133e-03,8.427109161728874032e-02,inf,-1.254775689920147874e-01,-1.254775689920147874e+00,-5.019102759680591497e+00,-1.254775689920147919e+01
8.100000000000000533e-01,1.440198295863466191e-02,1.944640441866311853e-01,-2.006872509814836350e-02,1.069918201857761597e-01,-2.342804266024900092e-02,9.075712532287929513e-01,6.444200962138586508e-01,-1.189865296349174040e-01,2.711061772377540979e-01,4.057018245167188231e-01,1.589670180780611286e+00,1.374557068899568968e-01,1.374557068899568968e-01,1.544920900102653982e-01,1.103094585203900380e+01,3.447170578762188964e-02,0.000000000000000000e+00,1.430000000000000000e+02,1.430000000000000000e+02,8.000000000000000000e+00,-3.086172772056556823e-01,2.942152942470210308e-01,-1.336598950882144331e-02,-5.995550069473019883e-03,-3.452490305494107341e-03,1.057869754080114667e-03,6.029866492296803195e-03,8.468264831865324194e-02,inf,-1.131867389006335073e-01,-1.131867389006335101e+00,-4.527469556025340403e+00,-1.131867389006334967e+01
8.175000000000000044e-01,1.493595672583597489e-02,1.945048694238905862e-01,-2.061896881454801031e-02,1.067190060508112909e-01,-2.375850158601168841e-02,9.069724226765040198e-01,6.389167812558304016e-01,-1.084833847111746630e-01,2.620887628085113996e-01,4.003075473571202081e-01,1.590411419637535406e+00,1.371545500692119557e-01,1.371545500692119557e-01,1.541655844020413391e-01,1.103177571143168301e+01,3.447429909822401217e-02,0.000000000000000000e+00,1.430000000000000000e+02,1.430000000000000000e+02,8.000000000000000000e+00,-2.765067665386595763e-01,2.615708098128236014e-01,-1.188173203976760316e-02,-4.910762036999686241e-03,-2.310677256326286715e-03,2.177889472243026928e-03,7.220383485684665585e-03,8.505494010102938873e-02,inf,-1.010600006938915246e-01,-1.010600006938915385e+00,-4.042400027755661540e+00,-1.010600006938915207e+01
8.250000000000000666e-01,1.547682743806790343e-02,1.945536052083366718e-01,-2.115776856835138720e-02,1.064335114468988736e-01,-2.408133005744015481e-02,9.063762639653215603e-01,6.383069505027825219e-01,-9.809888517033824029e-02,2.530269862221911636e-01,3.947228085574067680e-01,1.591142549373622650e+00,1.368867760589145000e-01,1.368867760589145000e-01,1.538403289249360706e-01,1.103252406725715851e+01,3.447663771017862172e-02,0.000000000000000000e+00,1.430000000000000000e+02,1.430000000000000000e+02,8.000000000000000000e+00,-2.448689780881920797e-01,2.293921506501241658e-01,-1.043487127842758662e-02,-3.855478401210083676e-03,-1.200383575794637626e-03,3.363893508553070059e-03,8.386973478710861574e-03,8.538802967267687671e-02,inf,-8.910130983529385151e-02,-8.910130983529384041e-01,-3.564052393411753616e+00,-8.910130983529384707e+00
8.325000000000000178e-01,1.602468729616755155e-02,1.946106480011312589e-01,-2.168466497119509936e-02,1.061353169845917210e-01,-2.439625796071885275e-02,9.057831500944234504e-01,6.404385105820090685e-01,-8.782630237200597656e-02,2.439369234317151913e-01,3.889424910884462516e-01,1.591863411826569541e+00,1.366517007083823954e-01,1.366517007083823954e-01,1.535161387278242140e-01,1.103319086302461471e+01,3.447872144695192376e-02,0.000000000000000000e+00,1.430000000000000000e+02,1.430000000000000000e+02,8.000000000000000000e+00,-2.137140483206110275e-01,1.976893610244434829e-01,-9.023219530962222831e-03,-2.827976792509998005e-03,-1.201881643876410679e-04,4.576169862462899432e-03,9.531132689171915168e-03,8.568206020262743305e-02,inf,-7.731280390734288077e-02,-7.731280390734288632e-01,-3.092512156293715453e+00,-7.731280390734288410e+00
8.399999999999999689e-01,1.657962793693462666e-02,1.946763893205059048e-01,-2.219922318123314017e-02,1.058244144419074606e-01,-2.470301680005099546e-02,9.051933212695099096e-01,6.424980401510033134e-01,-7.765682641554091936e-02,2.348346977101095912e-01,3.829616826611700331e-01,1.592573890401623338e+00,1.364486592658641362e-01,1.364486592658641362e-01,1.531928299890744083e-01,1.103377608755230277e+01,3.448055027360094615e-02,0.000000000000000000e+00,1.430000000000000000e+02,1.430000000000000000e+02,8.000000000000000000e+00,-1.830465827965497283e-01,1.664669548596151016e-01,-7.644475477469742097e-03,-1.826434340975187148e-03,9.314289139771374498e-04,5.763538228035362636e-03,1.065446112966236987e-02,8.593724706839889205e-02,inf,-6.569451778156337740e-02,-6.569451778156337740e-01,-2.627780711262535096e+00,-6.569451778156337518e+00
8.475000000000000311e-01,1.714174034799315072e-02,1.947512153409678703e-01,-2.270103480119015082e-02,1.055008058419290573e-01,-2.500134111873976092e-02,9.046068942850348238e-01,6.444875880923734979e-01,-6.758063596881477841e-02,2.257363501936821004e-01,3.767756333446934391e-01,1.593273906904779880e+00,1.362770109336783331e-01,1.362770109336783331e-01,1.528702208528555095e-01,1.103427977312171926e+01,3.448212429100537546e-02,0.000000000000000000e+00,1.430000000000000000e+02,1.430000000000000000e+02,8.000000000000000000e+00,-1.528659410579393807e-01,1.357242007099462300e-01,-6.296251903006148259e-03,-8.489378719302830955e-04,1.956076652173474248e-03,6.927868795762062368e-03,1.175865464596173408e-02,8.615386871083420550e-02,inf,-5.424464598219316813e-02,-5.424464598219317368e-01,-2.169785839287726947e+00,-5.424464598219317146e+00
8.549999999999999822e-01,1.771111477444625021e-02,1.948355066005863223e-01,-2.318971973649030724e-02,1.051645025871035810e-01,-2.529096989934054296e-02,9.040238713447802388e-01,6.464096109701936710e-01,-5.758824912139439561e-02,2.166576115678719439e-01,3.703797529649270337e-01,1.593963419075784316e+00,1.361361424110950902e-01,1.361361424110950902e-01,1.525481324012682161e-01,1.103470199357253634e+01,3.448344372991417328e-02,0.000000000000000000e+00,1.430000000000000000e+02,1.430000000000000000e+02,8.000000000000000000e+00,-1.231676782041120077e-01,1.054565634296657506e-01,-4.976149230267696427e-03,1.064628181374387351e-04,2.955402838627197836e-03,8.071077797188339065e-03,1.284545557751302219e-02,8.633225847731468283e-02,inf,-4.296022015691612628e-02,-4.296022015691612905e-01,-1.718408806276645162e+00,-4.296022015691612239e+00
8.625000000000000444e-01,1.828784061492368454e-02,1.949296378238256633e-01,-2.366492806932229617e-02,1.048155247735251538e-01,-2.557164792133335279e-02,9.034441506778529973e-01,6.482669541090975152e-01,-4.767162817108320377e-02,2.076136525272460898e-01,3.637696587439183671e-01,1.594642419172324965e+00,1.360254695230743716e-01,1.360254695230743716e-01,1.522263896433050934e-01,1.103504286234864828e+01,3.448450894483952311e-02,0.000000000000000000e+00,1.430000000000000000e+02,1.430000000000000000e+02,8.000000000000000000e+00,-9.394549442833977082e-02,7.565765381341608975e-02,-3.681841017440355517e-03,1.041684242421102259e-03,3.931027638271506093e-03,9.195060712734950611e-03,1.391658609969016226e-02,8.647279873534687022e-02,inf,-3.183790972766645938e-02,-3.183790972766645799e-01,-1.273516389106658320e+00,-3.183790972766646021e+00
8.699999999999999956e-01,1.887200630458634246e-02,1.950339778676464242e-01,-2.412634195967602174e-02,1.044539007446796258e-01,-2.584312705915719696e-02,9.028675407091740768e-01,6.500628204936543808e-01,-3.782461856475106271e-02,1.986188995542398916e-01,3.569412646751894402e-01,1.595310933507842366e+00,1.359444368587401641e-01,1.359444368587401641e-01,1.519048225061480351e-01,1.103530253050586651e+01,3.448532040783083147e-02,0.000000000000000000e+00,1.430000000000000000e+02,1.430000000000000000e+02,8.000000000000000000e+00,-6.519289242618242497e-02,4.632088612159608598e-02,-2.411135005847158275e-03,1.958551623114501185e-03,4.884489823655227027e-03,1.030163702781666107e-02,1.497369323156599527e-02,8.657591747724042996e-02,inf,-2.087462252927092116e-02,-2.087462252927091699e-01,-8.349849011708366797e-01,-2.087462252927092088e+00
8.775000000000000577e-01,1.946369918267496640e-02,1.951488897930496180e-01,-2.457367751604883077e-02,1.040796668545290182e-01,-2.610516750962024388e-02,9.022937782047244504e-01,6.518007289549605510e-01,-2.804257555583847955e-02,1.916839054202338632e-01,3.498908885934645108e-01,1.595969022451282582e+00,1.358925161337618537e-01,1.358925161337618537e-01,1.515832668234786962e-01,1.103548118469218053e+01,3.448587870216306139e-02,0.000000000000000000e+00,1.430000000000000000e+02,1.430000000000000000e+02,8.000000000000000000e+00,-3.690392739170533787e-02,1.744022820903037146e-02,-1.161985533000741127e-03,2.895654159524981008e-03,5.817227070112649528e-03,1.139252844650120826e-02,1.601832746181574077e-02,8.664208658282372688e-02,inf,-1.006768511582387983e-02,-1.006768511582387948e-01,-4.027074046329551793e-01,-1.006768511582387893e+00
8.850000000000000089e-01,2.006300534228220786e-02,1.952747310540825787e-01,-2.500668651629783454e-02,1.036928673258435685e-01,-2.635753894407631692e-02,9.017225491970868312e-01,6.534844642379465940e-01,-1.832135876476612829e-02,1.944438713221785520e-01,3.426153466227936373e-01,1.596616780211220332e+00,1.358692044290450152e-01,1.358692044290450152e-01,1.512615653254570924e-01,1.103557904511179721e+01,3.448618451597436352e-02,0.000000000000000000e+00,1.430000000000000000e+02,1.430000000000000000e+02,8.000000000000000000e+00,-9.072858186584653595e-03,-1.099014715569755427e-02,6.754556272823815724e-05,3.995285478361962350e-03,6.730596213385450950e-03,1.246937712836819825e-02,1.705196157826191147e-02,8.667182029647843566e-02,6.832588243603467708e+05,5.854296874606369685e-04,5.854296874606369251e-03,2.341718749842547700e-02,5.854296874606369772e-02
8.925000000000000711e-01,2.067000946023174815e-02,1.954118537848078818e-01,-2.542515782970251187e-02,1.032935540422458554e-01,-2.660002158596461511e-02,9.011535101622814015e-01,6.551180221270859194e-01,-8.656122986229466618e-03,1.970810628089909311e-01,3.351120098295785610e-01,1.597254333815692151e+00,1.358740233892432592e-01,1.358740233892432592e-01,1.509395686416342142e-01,1.103559636348457040e+01,3.448623863588928112e-02,0.000000000000000000e+00,1.430000000000000000e+02,1.430000000000000000e+02,8.000000000000000000e+00,1.514660678961377016e-02,-3.581661624984551484e-02,1.162667666169618207e-03,4.960936203751569427e-03,7.509229071929407820e-03,1.341710014369810848e-02,1.795934587200734636e-02,8.666567253349455324e-02,3.969696321908228128e+04,1.007633752215384912e-02,1.007633752215384981e-01,4.030535008861539925e-01,1.007633752215384870e+00
9.000000000000000222e-01,2.128479460521565808e-02,1.955606051558964609e-01,-2.582891840632298847e-02,1.028817861206341028e-01,-2.683240721712124369e-02,9.005863063213591646e-01,6.567055527115073232e-01,-2.175107310277457351e-01,1.995958887931596759e-01,3.273788122312356053e-01,1.616135372439087448e+00,1.359000772972706883e-01,1.359000772972706883e-01,1.506171363284194153e-01,1.103553342101272960e+01,3.448604194066477724e-02,0.000000000000000000e+00,1.440000000000000000e+02,1.440000000000000000e+02,8.000000000000000000e+00,3.598195042786755948e-02,-5.726674503308321756e-02,-1.901869261134098979e-03,5.801602413241986091e-03,8.161603632107439221e-03,1.424388354891547442e-02,1.874807597378195731e-02,8.663244572357048368e-02,inf,-1.647635855385269285e-02,-1.647635855385269354e-01,-6.590543421541077418e-01,-1.647635855385269243e+00
