s,rho,L,cyc0,cyc1,cyc2,cyc3,cov1,cov2,cov3,krms,kmax,dq10,dq25,dq50,dq75,dq90
0.000000000000000000e+00,-1.757071242153540047e-01,1.034215694928354168e+01,5.385436863760407339e-02,4.700373773804996519e-02,8.015611356205651350e-02,6.190744690960989227e-02,5.530818688244221182e-01,4.048648380462410157e-01,4.205329312933660246e-02,3.040855414670656565e+00,2.476073242093856308e+01,3.993672142290370930e-01,8.237705908500928542e-01,1.284000245788940564e+00,1.755226256235231874e+00,2.131386643490372101e+00
1.499999999999999944e-02,-9.332690158418829873e-02,1.041233373922008099e+01,6.188851550720286809e-02,5.365119400184366338e-02,5.289748675506784903e-02,3.460425176637482725e-02,5.238890363199757427e-01,4.440027762579459303e-01,3.210818742207827148e-02,2.326660614341110378e+00,1.046418740577563788e+01,4.398035792558874224e-01,8.417684657207403776e-01,1.290909484849857014e+00,1.748413535241787109e+00,2.108418836988437572e+00
2.999999999999999889e-02,-9.182751621359057370e-02,1.042028558172064123e+01,6.019054341852221601e-02,5.352351487453872736e-02,5.202107809127167609e-02,3.431262202992038657e-02,5.233268182456701778e-01,4.444735502811445471e-01,3.219963147318526814e-02,2.320450544171250851e+00,1.038993371829103651e+01,4.401352841069470778e-01,8.427478654950311121e-01,1.290767572793824147e+00,1.749702486911842936e+00,2.107099994454439074e+00
4.499999999999999833e-02,-9.032870291741049162e-02,1.043323700564454981e+01,5.850684316634993665e-02,5.342280022189439120e-02,5.112365524085048935e-02,3.434597454620472862e-02,5.230995391638697534e-01,4.445822161073885170e-01,3.231824472874179899e-02,2.317833419648596571e+00,1.034732235544088752e+01,4.412548353676525870e-01,8.416682264148549475e-01,1.289042273810378392e+00,1.751627653036187393e+00,2.106291494198311742e+00
5.999999999999999778e-02,-8.882563415491599723e-02,1.044733790284588970e+01,5.682229647675185458e-02,5.330894245157299233e-02,5.023244331386984840e-02,3.429886572185540661e-02,5.229332027425659390e-01,4.446239309682996077e-01,3.244286628913468223e-02,2.316420111152253103e+00,1.029491447602750220e+01,4.433366115213204783e-01,8.403370074938329992e-01,1.285692731051669035e+00,1.753295279377958149e+00,2.108148867275417171e+00
7.499999999999999722e-02,-8.732836987636471981e-02,1.046234105434410289e+01,5.515373293488131518e-02,5.317810652261634186e-02,4.934601463368025465e-02,3.413456413362224440e-02,5.228074647417246812e-01,4.446221578623351656e-01,3.257037739594027814e-02,2.316086013724386827e+00,1.023053635705993969e+01,4.440535648557760728e-01,8.409061141235026904e-01,1.284834754852534733e+00,1.753723696183895342e+00,2.106942243563397543e+00
8.999999999999999667e-02,-8.584088341399112587e-02,1.047816447724119016e+01,5.351787483190371952e-02,5.303013483703190867e-02,4.846757875716917879e-02,3.385292508028348718e-02,5.227177074126634349e-01,4.445831898159905426e-01,3.269910277134589760e-02,2.316805558981460678e+00,1.015349547538274422e+01,4.459857912406537950e-01,8.418615410427687795e-01,1.285916483658445131e+00,1.753988956640479824e+00,2.105631437214005253e+00
1.049999999999999961e-01,-8.436667388708798954e-02,1.049475541907365184e+01,5.193089022481044842e-02,5.286516899681703574e-02,4.760026370797590389e-02,3.346340578237146091e-02,5.226607064606501041e-01,4.445112157917175399e-01,3.282807774763130820e-02,2.318562472848160638e+00,1.006330721324000343e+01,4.465664108644819552e-01,8.427088082978329009e-01,1.284933497969921401e+00,1.755891377910165252e+00,2.107175206183609983e+00
1.199999999999999956e-01,-8.290887278701004892e-02,1.051206965423802409e+01,5.040800569158054162e-02,5.268344067988375845e-02,4.674684049298817590e-02,3.297794525653564846e-02,5.226339047661837656e-01,4.444093861970585535e-01,3.295670903675721602e-02,2.321337890374340240e+00,9.959339739599986530e+00,4.470945492495517204e-01,8.417536784765573543e-01,1.283877553001396166e+00,1.756599492562505693e+00,2.107848166741581153e+00
1.350000000000000089e-01,-8.146970366771591476e-02,1.053006831521273945e+01,4.896268968511897218e-02,5.248525976807558169e-02,4.590968823203019078e-02,3.240866435526009587e-02,5.226356641014380244e-01,4.442796946952321524e-01,3.308464120332992725e-02,2.325108237830245450e+00,9.840687115743570246e+00,4.491474467832340944e-01,8.409512993167259642e-01,1.283379423443514744e+00,1.756660880534551827e+00,2.107135813802203383e+00
1.499999999999999944e-01,-8.005007494012672531e-02,1.054871758963736994e+01,4.760533562163933585e-02,5.227098108055244080e-02,4.509078067022997266e-02,3.176699414665928867e-02,5.226654004561919198e-01,4.441229214006769399e-01,3.321167814313096683e-02,2.329845839281937891e+00,9.706125467844310961e+00,4.508375335281014640e-01,8.414334131715975884e-01,1.281454031404022587e+00,1.756088432582278536e+00,2.107179411671736613e+00
1.650000000000000078e-01,-7.864945085578882444e-02,1.056798860879163193e+01,4.634167755807131611e-02,5.204095111493897696e-02,4.429170507791980321e-02,3.106342773901763984e-02,5.227235439109365611e-01,4.439387308149670419e-01,3.333772527409645248e-02,2.335520630238613560e+00,9.554133217295117220e+00,4.522401710532097940e-01,8.413114320738732665e-01,1.281322944540441044e+00,1.757839688013512314e+00,2.105858975918782683e+00
1.799999999999999933e-01,-7.726599753585926267e-02,1.058785731805944508e+01,4.517136770591524686e-02,5.179544590099377510e-02,4.351369693972098607e-02,3.030766364828139936e-02,5.228113772425161399e-01,4.437258702372236518e-01,3.346275252026054137e-02,2.342102175902084138e+00,9.382978741346647666e+00,4.547107354480379171e-01,8.396357550411936987e-01,1.280936433023578402e+00,1.757814298327072144e+00,2.105842847132560980e+00
1.950000000000000067e-01,-7.589693000190289585e-02,1.060830470665621839e+01,4.408718616201080104e-02,5.153460673795469404e-02,4.275766226847532714e-02,2.950900727409833113e-02,5.229308191728891941e-01,4.434824005827394111e-01,3.358678024437142945e-02,2.349561572924133035e+00,9.190874604397619052e+00,4.533035805866795220e-01,8.391093816599948241e-01,1.282269462061931264e+00,1.759507798265890210e+00,2.105713987057046932e+00
2.099999999999999922e-01,-7.453894806156301234e-02,1.062931781310393831e+01,4.307523940873213275e-02,5.125837905326796617e-02,4.202416884412268211e-02,2.867690106348095083e-02,5.230842089668873429e-01,4.432059070112398524e-01,3.370988402187271443e-02,2.357873120682695944e+00,8.976186953152950565e+00,4.540050409255620423e-01,8.409036475770775843e-01,1.282423303838836404e+00,1.761729366766919602e+00,2.106068942901772711e+00
2.250000000000000056e-01,-7.318863844177012079e-02,1.065089171074978935e+01,4.211626755295994062e-02,5.096646085563946021e-02,4.131340656911610537e-02,2.782144899203001231e-02,5.232741324555261198e-01,4.428936593286010304e-01,3.383220821587259314e-02,2.367015816490114499e+00,8.957391218029343349e+00,4.563277890919300583e-01,8.395277111230996514e-01,1.282730271983599568e+00,1.758517634240593930e+00,2.104605896067881954e+00
2.399999999999999911e-01,-7.184273490611839397e-02,1.067303233549188235e+01,4.118789312767379140e-02,5.065826920228686664e-02,4.062513524908470397e-02,2.695380042308553881e-02,5.235033114196283588e-01,4.425427128169183710e-01,3.395397576345324936e-02,2.376974711042325161e+00,9.029992790222076238e+00,4.573457956110736911e-01,8.418518992853151195e-01,1.282694516005580265e+00,1.758025924179616561e+00,2.104995010827737101e+00
2.550000000000000044e-01,-7.049816215580310963e-02,1.069575967202830569e+01,4.026740522756862284e-02,5.033293347370042942e-02,3.995864746559745634e-02,2.608626330243594624e-02,5.237745622309181170e-01,4.421499547236597549e-01,3.407548304542204476e-02,2.387742010959376771e+00,9.110400049001111000e+00,4.570358292069279238e-01,8.425298777014370577e-01,1.282031995365568333e+00,1.757815443178370796e+00,2.103444321464996491e+00
2.700000000000000178e-01,-6.915183388656806485e-02,1.071911061590698644e+01,3.933456370874205410e-02,4.998932124148657702e-02,3.931276998319136601e-02,2.523203196728686371e-02,5.240908176170362420e-01,4.417121089765557729e-01,3.419707340640814469e-02,2.399317677089624734e+00,9.198973483802689088e+00,4.573407710704077700e-01,8.434242593856625669e-01,1.279870267611824541e+00,1.758020813950213590e+00,2.104218399377514537e+00
2.850000000000000311e-01,-6.780021942066100094e-02,1.074314090430041446e+01,3.837394548368340541e-02,4.962609572277622283e-02,3.868590962475598749e-02,2.440445230039166996e-02,5.244551979844950251e-01,4.412257127523794842e-01,3.431908926312531721e-02,2.411709295416395449e+00,9.296027513442673751e+00,4.575559674641159202e-01,8.421946059738690815e-01,1.279988097266592018e+00,1.757331496665113235e+00,2.105990719282512469e+00
2.999999999999999889e-01,-6.643873093472893454e-02,1.076792589103292208e+01,3.737648038577845444e-02,4.924179510659248277e-02,3.807612557486093896e-02,2.361582143965828412e-02,5.248711154467761153e-01,4.406870754616389885e-01,3.444180909158502807e-02,2.424931248201545486e+00,9.401817019430204425e+00,4.588524826896642761e-01,8.411822002978444068e-01,1.279329299443515922e+00,1.758118279896274894e+00,2.106816945011128261e+00
3.150000000000000022e-01,-6.506101777224741756e-02,1.079356050722349813e+01,3.633995756894620871e-02,4.883491755918199784e-02,3.748119181705700936e-02,2.287583742071973986e-02,5.253423933514802524e-01,4.400922262134653873e-01,3.456538043505467950e-02,2.439003543059600876e+00,9.516510331337133977e+00,4.624447187024303685e-01,8.411578458454506135e-01,1.278351771459468100e+00,1.754858491015643285e+00,2.106275331562298625e+00
3.300000000000000155e-01,-6.365829064910973056e-02,1.082015920547898880e+01,3.526839603453393174e-02,4.840399621138685021e-02,3.689861358319381640e-02,2.218995413914269521e-02,5.258733852712241807e-01,4.394368527947564718e-01,3.468976193401913932e-02,2.453950716581941194e+00,9.640145612471533454e+00,4.642859612859301932e-01,8.388374709673038776e-01,1.276706222433059645e+00,1.751985560333373382e+00,2.104077661970539470e+00
3.450000000000000289e-01,-6.221882850969501222e-02,1.084785663904112241e+01,3.417030289686474182e-02,4.794765804576222451e-02,3.632558604067165353e-02,2.155799250387971724e-02,5.264690791646248202e-01,4.387162363098048301e-01,3.481468452557045373e-02,2.469800640559628668e+00,9.775770261493198277e+00,4.659030075332984966e-01,8.377792478541752352e-01,1.275127100844676731e+00,1.755429601640274839e+00,2.103925650380685131e+00
3.599999999999999867e-01,-6.072782048866913474e-02,1.087680896323930035e+01,3.305602821015416609e-02,4.746467613087276827e-02,3.575892499427258536e-02,2.097331756018574675e-02,5.271351741505395649e-01,4.379251925500396991e-01,3.493963329942093021e-02,2.486581773912579507e+00,1.012254937431067070e+01,4.654909764309041464e-01,8.361566568512521780e-01,1.273880422970621984e+00,1.756298304767544893e+00,2.102885856979353818e+00
3.750000000000000000e-01,-5.916764584568660890e-02,1.090719401078910344e+01,3.193463386022895451e-02,4.695403818269856810e-02,3.519504000882478501e-02,2.042266293374426361e-02,5.278781175167785999e-01,4.370580440223693630e-01,3.506383846085180805e-02,2.504315965283441248e+00,1.048662942432220824e+01,4.661339415130756336e-01,8.390097031082291990e-01,1.271186228985889510e+00,1.756203978080330463e+00,2.101584973443872961e+00
3.900000000000000133e-01,-5.751860345636559263e-02,1.093920681742973677e+01,3.081087201365972569e-02,4.641505808851843773e-02,3.463004080931228468e-02,1.988632387730790083e-02,5.287050842132797746e-01,4.361086646612067907e-01,3.518625112551398981e-02,2.523003275070977214e+00,1.086272884822904849e+01,4.658955874317683432e-01,8.406708609045250302e-01,1.269293739757614947e+00,1.755776016059750644e+00,2.100688450974851573e+00
4.050000000000000266e-01,-5.576000688382205805e-02,1.097304613772212356e+01,2.968307458649955752e-02,4.584754888316855403e-02,3.406006077032405766e-02,1.933810091175479709e-02,5.296238643577582117e-01,4.350706625285401530e-01,3.530547311370162145e-02,2.542596155158878268e+00,1.124080197881644061e+01,4.702253476912643948e-01,8.413824718208120501e-01,1.268616193700529582e+00,1.758187541170845414e+00,2.100878269189172087e+00
4.199999999999999845e-01,-5.387154603895977223e-02,1.100888830377025407e+01,2.854311917108431906e-02,4.525206477667748084e-02,3.348186619475618936e-02,1.874425404473539433e-02,5.306425915795323078e-01,4.339377938027008663e-01,3.541961461776645115e-02,2.562962402313869070e+00,1.160283038543129130e+01,4.716127181261396406e-01,8.439054237890697419e-01,1.268267670609715569e+00,1.762937596661491524e+00,2.104076638449169590e+00
4.349999999999999978e-01,-5.183502023537846920e-02,1.104684541967814049e+01,2.737981873905750291e-02,4.463022938344055751e-02,3.289385835617233966e-02,1.806113925018329111e-02,5.317691961356307839e-01,4.327047242662601101e-01,3.552607959810891169e-02,2.583838638171456203e+00,1.191831896013745506e+01,4.709384252597326737e-01,8.443513810764196048e-01,1.266010278072138728e+00,1.764297394308953937e+00,2.104599633247140389e+00
4.500000000000000111e-01,-4.963683807272012416e-02,1.108690159173810130e+01,2.618541203904423825e-02,4.398521474271588350e-02,3.229771146044072699e-02,1.723293899813123364e-02,5.330104138638397382e-01,4.313682262640708975e-01,3.562135987208949611e-02,2.604782024322559231e+00,1.213954815799552911e+01,4.704371155604452626e-01,8.433222548383538797e-01,1.264848731636752266e+00,1.760676077314028642e+00,2.105574549132027684e+00
4.650000000000000244e-01,-4.727108918735308668e-02,1.112881764340952273e+01,2.495909320357997743e-02,4.332244154063001618e-02,3.170084629613657140e-02,1.619540117103757462e-02,5.343701894002189645e-01,4.299286853012246334e-01,3.570112529855649225e-02,2.625153786489582863e+00,1.220133062421428960e+01,4.677938516967899973e-01,8.446740221049042763e-01,1.261946938575379651e+00,1.761120137330982605e+00,2.106924106620333248e+00
4.799999999999999822e-01,-4.474170462937632209e-02,1.117202389463608903e+01,2.369585992716104900e-02,4.265026233371185110e-02,3.111881284272643641e-02,1.489748190598306522e-02,5.358475681298511262e-01,4.283912054012803394e-01,3.576122646886919360e-02,2.644218965879096217e+00,1.203493038679295957e+01,4.672051874919511127e-01,8.463123650973550793e-01,1.259918851526168337e+00,1.761002680882334026e+00,2.105191350210433576e+00
4.949999999999999956e-01,-4.206577140013292165e-02,1.121562297084072490e+01,2.236199393677218775e-02,4.197961321226817422e-02,3.057411822216291042e-02,1.334594525905383189e-02,5.374348684706728996e-01,4.267649299684638242e-01,3.580020156086343580e-02,2.661423882715887146e+00,1.159955035491493014e+01,4.665600718316925688e-01,8.493367722341609305e-01,1.257299498920958492e+00,1.758785120588840067e+00,2.102314571171242985e+00
5.100000000000000089e-01,-3.928448950981681953e-02,1.125870711927504608e+01,2.089202936202081556e-02,4.132130382761371040e-02,3.008759818723481458e-02,1.164206069806246469e-02,5.391177091387664433e-01,4.250598302383736815e-01,3.582246062285928540e-02,2.676701237556740942e+00,1.126523078898468100e+01,4.677973314227503177e-01,8.518792895339042381e-01,1.256131520047821581e+00,1.759550198754141759e+00,2.103756322693898007e+00
5.250000000000000222e-01,-3.646882000868203327e-02,1.130096760941389000e+01,1.923068381817015851e-02,4.068153267397120465e-02,2.966550486201704334e-02,9.963074990884120130e-03,5.408784271217879080e-01,4.232825437916539757e-01,3.583902908655801217e-02,2.690556400992520913e+00,1.124558779342004300e+01,4.675113456241692389e-01,8.524263799489855131e-01,1.253172704877850041e+00,1.759756537254023590e+00,2.106083305987255017e+00
5.400000000000000355e-01,-3.369396166426282674e-02,1.134310643002965335e+01,1.737560336762464935e-02,4.005931257129793227e-02,2.929455081288652799e-02,8.504539536593049703e-03,5.427028950435830446e-01,4.214335887956969784e-01,3.586351616071976889e-02,2.703951127459300885e+00,1.114681622466634892e+01,4.687910181779575414e-01,8.518605559365985957e-01,1.256061868428200334e+00,1.758935754212295421e+00,2.107031873566358016e+00
5.550000000000000488e-01,-3.097166176721561845e-02,1.138662367635789252e+01,1.537665235043622278e-02,3.944871777729098972e-02,2.895216756939260339e-02,7.429871469231560076e-03,5.445878175680149980e-01,4.195064580039395419e-01,3.590572442804569608e-02,2.718048724708700181e+00,1.096180325828252577e+01,4.621551528875939008e-01,8.461082213463380075e-01,1.258736654778519259e+00,1.755643790562784190e+00,2.106359051349505851e+00
5.700000000000000622e-01,-2.812500956814291062e-02,1.143329209353795051e+01,1.330389623299822743e-02,3.884265219171215144e-02,2.861954850219450286e-02,6.809788958983252830e-03,5.465458025540873566e-01,4.174867642258442424e-01,3.596743322006826921e-02,2.733825668216788074e+00,1.068865226313282157e+01,4.672801700546557746e-01,8.495784971031941080e-01,1.257737101944995217e+00,1.759546649156331410e+00,2.104961619336370937e+00
5.849999999999999645e-01,-2.477006761953957220e-02,1.148490888252856656e+01,1.121599432717210014e-02,3.823180343163289779e-02,2.827791437865479970e-02,6.558083204131401160e-03,5.486101067479556281e-01,4.153477165284782946e-01,3.604217672356612584e-02,2.751869642752593492e+00,1.119602002932131413e+01,4.710193976249235637e-01,8.511509446085411268e-01,1.257317406793428072e+00,1.756665142185716899e+00,2.105235428099392347e+00
5.999999999999999778e-01,-2.069979652787098598e-02,1.154316489091615061e+01,9.167262851841094864e-03,3.760256192014069243e-02,2.790121453978841592e-02,6.454630160197504830e-03,5.508351521996828204e-01,4.130462625977046054e-01,3.611858520261208155e-02,2.772207778227428143e+00,1.189468695449281554e+01,4.750510163547833620e-01,8.552111304602865172e-01,1.254783868711268013e+00,1.756711469637513900e+00,2.105926202305656858e+00
6.149999999999999911e-01,-1.644232901663474425e-02,1.160822610058999160e+01,7.193731336893063009e-03,3.694776271718129557e-02,2.749381712331519859e-02,6.293092890505651120e-03,5.532778166242343643e-01,4.105358294360074156e-01,3.618635393975855319e-02,2.793263924950649013e+00,1.238091929195526042e+01,4.708717215966306546e-01,8.534863999395805312e-01,1.251092884936452432e+00,1.755960637862944873e+00,2.108943662744630743e+00
6.300000000000000044e-01,-1.253039060334200025e-02,1.167622315463580840e+01,5.139058151522480494e-03,3.627492410814693591e-02,2.713450007358638588e-02,6.104217331802270878e-03,5.559557385402833507e-01,4.078011252447161228e-01,3.624313621500066529e-02,2.812209241990237807e+00,1.251621279903126549e+01,4.640068196290034197e-01,8.503087068063205356e-01,1.249488940810891791e+00,1.757007768699476724e+00,2.109990099008122399e+00
6.450000000000000178e-01,-8.413273151669961938e-03,1.174427922725106654e+01,2.667448355732795866e-03,3.556170595852977540e-02,2.682757928928690763e-02,5.940132338753141734e-03,5.588221888618978284e-01,4.048859531762276642e-01,3.629185796187472945e-02,2.827917009806803161e+00,1.225477990385352989e+01,4.571597426928550867e-01,8.527697099434899952e-01,1.250958269855496408e+00,1.754517610424238150e+00,2.108291288505767636e+00
6.600000000000000311e-01,-3.600123495181849296e-03,1.181556375563065231e+01,-3.491844504510126408e-04,3.475861379399646650e-02,2.643520846244348452e-02,5.729473066066688262e-03,5.617972826964712230e-01,4.018728637331994702e-01,3.632985357032937623e-02,2.840453713102563782e+00,1.141957448092030525e+01,4.595105898698543800e-01,8.544746931383735422e-01,1.249498747584816050e+00,1.756530830536941146e+00,2.106461971086802443e+00
6.750000000000000444e-01,8.855977846397939052e-04,1.188962472444111462e+01,-3.270539203980894934e-03,3.386338685055884090e-02,2.594857654087818349e-02,6.137198442183977760e-03,5.648293208511687702e-01,3.988126634982691043e-01,3.635801565056262508e-02,2.851280986179851595e+00,1.062155659937772789e+01,4.625358638372114584e-01,8.509979870611450448e-01,1.248785971942274697e+00,1.754014911788669639e+00,2.106007149786950805e+00
6.900000000000000577e-01,4.687779672511822697e-03,1.195601025389854222e+01,-5.470059290970702599e-03,3.290188320844401187e-02,2.565209019931550746e-02,7.959434338935696823e-03,5.679244278366670784e-01,3.956706629816767462e-01,3.640490918165591866e-02,2.862796364189154286e+00,1.118423712224438837e+01,4.656569303803794746e-01,8.502546864050398723e-01,1.248706844047668518e+00,1.756319466645843264e+00,2.109365104818235803e+00
7.049999999999999600e-01,1.234465331664749005e-02,1.202203399991473098e+01,-7.581610071749029373e-03,3.175528898626608226e-02,2.552415862570610663e-02,1.048771775407703923e-02,5.712748323374776671e-01,3.922399882686687378e-01,3.648517939385326203e-02,2.878504445329674422e+00,1.177330487154609528e+01,4.684392912766561223e-01,8.500025789060547954e-01,1.247451243926662290e+00,1.755042506648080147e+00,2.109916617049882426e+00
7.199999999999999734e-01,2.678501915455315865e-02,1.210850376411595875e+01,-1.059423020703736257e-02,3.013264948083767963e-02,2.529332454922348511e-02,1.343460338459404914e-02,5.752800108988616046e-01,3.881553341662303258e-01,3.656465493490845819e-02,2.903985674621691437e+00,1.229728198455519461e+01,4.722318437190290430e-01,8.459655424423901948e-01,1.247246679177184792e+00,1.750686659326033956e+00,2.109592166108007039e+00
7.349999999999999867e-01,3.085233207441574060e-02,1.221869329352353262e+01,-1.363091580022015616e-02,2.755510838112029681e-02,2.510847478948329339e-02,1.653552431112807058e-02,5.800977983793480508e-01,3.832792319541307169e-01,3.662296966652153762e-02,2.928787175864366876e+00,1.256962286500526282e+01,4.766760904849715597e-01,8.443634017065260178e-01,1.242211768482562428e+00,1.752753114613841312e+00,2.114244843732014267e+00
7.500000000000000000e-01,2.585866727012568408e-02,1.232034012079153129e+01,-1.497242477541911761e-02,2.388886798774396761e-02,2.524709034732939422e-02,2.069025659628263500e-02,5.848008976122367475e-01,3.784886024445728858e-01,3.671049994318988097e-02,2.940743290099991913e+00,1.250021462932785177e+01,4.794245684438809829e-01,8.451631167877535766e-01,1.240242703942976643e+00,1.748157695144259449e+00,2.114261600112319339e+00
7.650000000000000133e-01,3.444319755671328837e-02,1.243783538460699489e+01,-1.743277094161723231e-02,2.033226215365792344e-02,2.437733460103899685e-02,2.546620390549213242e-02,5.885961623610194149e-01,3.746110971025288228e-01,3.679274053645179704e-02,2.944495939600423551e+00,1.244016610508042042e+01,4.786641875774209631e-01,8.454093959668144143e-01,1.244831475995717085e+00,1.749091924358106898e+00,2.113642048911592131e+00
7.800000000000000266e-01,3.540397722368509442e-02,1.254155776764402397e+01,-1.993973629487398244e-02,1.603311475083746621e-02,2.382219307793575352e-02,3.381670329713012957e-02,5.923624421717277322e-01,3.707618620744032589e-01,3.687569575386966808e-02,2.950638842062419442e+00,1.204293273791989449e+01,4.805289518863660181e-01,8.437088334724449634e-01,1.251879893863477422e+00,1.751829609837629809e+00,2.116776686863858448e+00
7.950000000000000400e-01,6.478571768612301218e-02,1.263579196960861672e+01,-2.009114625914411312e-02,9.929040779293189095e-03,2.383455923875634277e-02,4.065884285401046710e-02,5.971865871950088334e-01,3.658243483461689483e-01,3.698906445882235716e-02,2.960905653607695864e+00,1.087258876426648690e+01,4.832808609644345665e-01,8.355139424935627002e-01,1.246658036638410127e+00,1.751792752321010616e+00,2.121998839515340851e+00
8.100000000000000533e-01,7.598380329395534871e-02,1.281796296701021731e+01,-2.367233450954016674e-02,2.256421892345956883e-03,2.252881287218596457e-02,4.515915188292147359e-02,6.039418725885098427e-01,3.589373359901532612e-01,3.712079142133729165e-02,2.983960989945024345e+00,1.074288175576087312e+01,4.837063298078078111e-01,8.317859175028242680e-01,1.246382532214233674e+00,1.751319693960860846e+00,2.120944433466602330e+00
8.250000000000000666e-01,4.720875973410506438e-02,1.290930393456327074e+01,-2.517820386118076181e-02,-5.326267107552716713e-03,2.343381268977549545e-02,5.628205506453552026e-02,6.095392426942712882e-01,3.531325474847193391e-01,3.732820982100934493e-02,2.995767401789787066e+00,1.032085033935182139e+01,4.848038292838084962e-01,8.346014513362955967e-01,1.249648556137752609e+00,1.747664996477354959e+00,2.116358415341350163e+00
8.399999999999999689e-01,5.285677228432970887e-02,1.309268005718049643e+01,-2.795406403929946021e-02,-8.500510395192478752e-03,2.124682006806198620e-02,6.168051368489300967e-02,6.131287066743651426e-01,3.492778786999568008e-01,3.759341462567759168e-02,3.001618682987369446e+00,9.444680189328995112e+00,4.846366890846267594e-01,8.330309519894671944e-01,1.241310003806200823e+00,1.747498283754420845e+00,2.121892339179492382e+00
8.549999999999999822e-01,4.158404775388603591e-02,1.319845747027574667e+01,-2.986455465469079265e-02,-1.155288821794711249e-02,2.133022294991296017e-02,6.358933302974656421e-02,6.174124094319708433e-01,3.447171328510593713e-01,3.787045771697004209e-02,3.013922387890171528e+00,1.004743446145673857e+01,4.837341337912990924e-01,8.343114795758937996e-01,1.245340806148430346e+00,1.744374940360246207e+00,2.122840637136501396e+00
8.699999999999999956e-01,7.575948784685164472e-02,1.338250353906893686e+01,-3.062449298242465867e-02,-1.062202034084094686e-02,2.023927824344875712e-02,5.587000323707602689e-02,6.221576668131445498e-01,3.396260332775546953e-01,3.821629990930111576e-02,3.035090677591734121e+00,1.074913630715078483e+01,4.779095562878564740e-01,8.294893965344748432e-01,1.242085976449274654e+00,1.748206192816592841e+00,2.123330744576346074e+00
8.850000000000000089e-01,4.428167218498536839e-02,1.356173216090409639e+01,-3.338620551722934482e-02,3.814942562388463215e-02,2.226552204299761181e-02,4.982897931939851005e-02,6.324351473528011525e-01,3.290790212713280427e-01,3.848583137587028441e-02,3.065148984762592121e+00,1.015049849435449225e+01,4.660809679857009225e-01,8.257746522172531023e-01,1.240684619195795424e+00,1.748577185737833606e+00,2.119939538660511769e+00
9.000000000000000222e-01,8.128487728334872486e-02,1.374430649657697323e+01,-3.307232506159074603e-02,3.562744447817129539e-02,1.992818079238044965e-02,4.490066295927950396e-02,6.336801999343544267e-01,3.273914602247404715e-01,3.892833984090508792e-02,3.053343132843919339e+00,9.554157401257162618e+00,4.721558991541034978e-01,8.154795202390441311e-01,1.237789932187921327e+00,1.748593339272137559e+00,2.125121375043883543e+00
9.150000000000000355e-01,4.559853311220209843e-02,1.397688658216195812e+01,-3.641283128696490290e-02,6.325113059946207983e-02,1.894985857804933754e-02,2.877873644626547517e-02,6.366308020728927985e-01,3.237154629290196484e-01,3.965373499808794167e-02,3.045726732791889990e+00,9.566009297246422349e+00,4.672057736762806890e-01,8.067051769501321079e-01,1.245056797132441551e+00,1.747404756542656479e+00,2.120098809824992880e+00
9.300000000000000488e-01,6.676559992825506495e-02,1.424741153568846563e+01,-4.057090505409766124e-02,7.736347634140808283e-02,1.814924281976056097e-02,1.320289337001070810e-02,6.390448542152329381e-01,3.205244464826658146e-01,4.043069930210146240e-02,3.029126262670465586e+00,1.002955581962898357e+01,4.681762183130812049e-01,7.983787650538445302e-01,1.247908398333562596e+00,1.739472655948266500e+00,2.115556373119921840e+00
9.450000000000000622e-01,5.191347077473101868e-02,1.442366556835075819e+01,-3.967813551888949020e-02,1.052756661976026187e-01,1.831524324300980860e-02,5.621293357156144366e-03,6.423931416850542364e-01,3.162014020045001428e-01,4.140545631044572489e-02,3.014525439181474198e+00,9.381802551964833370e+00,4.669525070994114402e-01,7.966972976630753989e-01,1.248466500325813300e+00,1.743290058965372591e+00,2.118942081245989595e+00
9.599999999999999645e-01,7.782809693275997975e-02,1.468480701278236822e+01,-4.389897028980033200e-02,1.171168561528513063e-01,1.733226484178241808e-02,-4.715199140498233486e-03,6.452554619578125816e-01,3.124322334565461379e-01,4.231230458564109315e-02,2.993486829669474325e+00,8.566166070468224092e+00,4.637147335362657996e-01,7.881240613093061231e-01,1.251671302792294327e+00,1.742679025453582220e+00,2.116635133882301734e+00
9.749999999999999778e-01,-8.525991914349720369e-02,1.487626283799335170e+01,-4.213138427557060195e-02,1.507037024065509268e-01,1.635521287236643695e-02,-3.204592786464357385e-02,6.501789431394162655e-01,3.065785707125180393e-01,4.324248614806613933e-02,2.991245525180819431e+00,8.962137509464815466e+00,4.649170138211596859e-01,7.900063711715691328e-01,1.253360776429808920e+00,1.743898866818553106e+00,2.111143883358328033e+00
9.899999999999999911e-01,1.243067379559292113e-01,1.507242766518243116e+01,-4.174944131684683868e-02,2.742901061169978338e-01,1.683796435470475902e-02,-4.544112222421087255e-02,6.593450438918931900e-01,2.971909598138011144e-01,4.346399629430570261e-02,3.022729487213871025e+00,1.017724150947205963e+01,4.596189134360665340e-01,7.894404594388920726e-01,1.250773918315211120e+00,1.743644355571132065e+00,2.109227608418487776e+00
1.005000000000000115e+00,1.790522384997577376e-01,1.541358258608817344e+01,-2.765752002647818217e-02,2.649258114046385559e-01,1.700718777100182835e-02,-8.097400760392726993e-02,6.645284268487744450e-01,2.910647103518980705e-01,4.440686279932734570e-02,2.983639688999420780e+00,9.992195974225161592e+00,4.555581140688562680e-01,7.779167277974354811e-01,1.248583782576395684e+00,1.737641673154751931e+00,2.109459343598433900e+00
1.020000000000000018e+00,-8.547073348939396298e-02,1.561491953376238584e+01,-1.471988682174399203e-02,-3.728204552290320661e-01,1.884191962086768923e-02,-9.163167768659921664e-02,6.681175024218799496e-01,2.863499738514933557e-01,4.553252372662655589e-02,2.954264423359851399e+00,9.014933437044618358e+00,4.649407624359967461e-01,7.781158356995243608e-01,1.246867687722080564e+00,1.737132019620566403e+00,2.112421240688823421e+00
1.034999999999999920e+00,2.056471168097645241e-01,1.580985786817327821e+01,-9.256579408232042810e-03,3.413740842120823182e-01,2.116258734381996215e-02,-8.724534321209821697e-02,6.709796111660055740e-01,2.825776971249393532e-01,4.644269170905536426e-02,2.940651659496910320e+00,7.875110525929078342e+00,4.643696258515273012e-01,7.803562919081121763e-01,1.246085964521211453e+00,1.734153804489223072e+00,2.113560985359011379e+00
1.050000000000000044e+00,1.114022492807380110e-01,1.605787814615601050e+01,-9.137474491914513927e-03,3.192074032539238826e-01,2.023761471206143511e-02,-2.343596519714443577e-02,6.707913260366195063e-01,2.807358395831489606e-01,4.847283438023156782e-02,2.909103134964198922e+00,9.004048852167221284e+00,4.672402976038646516e-01,7.813683440729579655e-01,1.253689268874096374e+00,1.726485870291965430e+00,2.114533546529894892e+00
1.064999999999999947e+00,1.866123542324274465e-01,1.626776334524552325e+01,-1.125500740235903414e-02,3.724224645333493733e-01,1.777548064713753082e-02,3.160067324126301230e-02,6.729742621455812035e-01,2.770370942751166354e-01,4.998864357930237617e-02,2.886896514524617263e+00,1.002924878575078615e+01,4.654259608059457820e-01,7.850519043179795542e-01,1.250879099844824038e+00,1.730295636523041525e+00,2.115126829820046073e+00
1.080000000000000071e+00,1.316355622901879685e-01,1.659166567896164679e+01,-1.340857588622969450e-02,4.623831267990610172e-01,1.454732816800339244e-02,8.296160786823490729e-02,6.743058365785942199e-01,2.735167871677252616e-01,5.217737625368130960e-02,2.837953143313601601e+00,9.288973949186111412e+00,4.665869569613925738e-01,7.872798424269101814e-01,1.247640064455998177e+00,1.730948547546454996e+00,2.108069917457121800e+00
1.094999999999999973e+00,1.007164244080114984e-01,1.677870586777019213e+01,-1.486664546405755405e-02,3.823658515513643219e-01,1.399241899960609881e-02,1.043202777711336460e-01,6.782865747864768036e-01,2.684884483016047318e-01,5.322497691191875602e-02,2.814239178281221498e+00,8.720495454441483218e+00,4.705878256784578606e-01,7.921470441021647435e-01,1.244225632369785561e+00,1.726564640566466524e+00,2.117918249561488331e+00
1.110000000000000098e+00,2.272304299668705119e-01,1.696609868788092257e+01,-1.663721947006428087e-02,3.030876544972114783e-01,1.269423537694680700e-02,2.033236039868655531e-01,6.798718051796515116e-01,2.653650330313575556e-01,5.476316178899055115e-02,2.781574322200257576e+00,7.330942589121956843e+00,4.675918003913570042e-01,7.929737167426448297e-01,1.242679796536033887e+00,1.726674717083126698e+00,2.117085767204711200e+00
1.125000000000000000e+00,1.126367590636269816e-01,1.725660116458475812e+01,-1.738541234071534075e-02,3.937551430312565270e-01,1.064857633827021380e-02,2.390790706354935236e-01,6.762408220987861096e-01,2.659748975563979712e-01,5.778428034481621761e-02,2.746907281640722509e+00,1.060243822310006401e+01,4.750965620756394947e-01,8.027733851041386481e-01,1.236285726300704546e+00,1.729368445777720309e+00,2.120118783350456670e+00
1.140000000000000124e+00,4.693177176656928573e-01,1.761091340454691334e+01,-1.916229152371928465e-02,3.901479909021763892e-01,8.861398568062497580e-03,3.547821390718166046e-01,6.716330546271046531e-01,2.668716757023147368e-01,6.149526967058065868e-02,2.693963278262544225e+00,9.346552800893080715e+00,4.818502773781138671e-01,8.051310443480642620e-01,1.239625416600140362e+00,1.727359813360435092e+00,2.112929169570512578e+00
1.155000000000000027e+00,1.444114453482592542e-01,1.773652535426963794e+01,-1.969449081813608865e-02,3.878070247188681319e-01,7.864949601600034965e-03,5.147885906974773995e-01,6.751724296308058149e-01,2.628830825302578278e-01,6.194448783893646143e-02,2.654099216156046381e+00,8.302526847399457566e+00,4.864342954147664044e-01,8.121943963075107797e-01,1.229459321284627649e+00,1.729709166527766184e+00,2.125043229050049387e+00
1.169999999999999929e+00,1.213615618438446953e-01,1.807630308986592027e+01,-2.132655690538464918e-02,4.904545758290708712e-01,7.265576547179084313e-03,5.186495130212227522e-01,6.718687619071255224e-01,2.621292363607786169e-01,6.600200173209565258e-02,2.640462410308739738e+00,1.021890378820089929e+01,4.930090670655421503e-01,8.210730124148368780e-01,1.229673523553712400e+00,1.726204567406002033e+00,2.125088300858539725e+00
1.185000000000000053e+00,1.682831985094668248e-01,1.826192515213724121e+01,-2.088466577019056081e-02,3.666927963445989480e-01,5.839426709260117643e-03,8.949205664693670181e-01,6.719595253913418498e-01,2.610130295475451279e-01,6.702744506111295297e-02,2.621068706053768516e+00,1.117604564788742394e+01,4.957671237234001493e-01,8.311650426193325503e-01,1.226593690006618331e+00,1.732842060482004953e+00,2.131746070065952292e+00
1.199999999999999956e+00,1.208030550680639637e-01,1.858086508087374611e+01,-2.169853289307330929e-02,3.811874211549633462e-01,5.492556289553422039e-03,4.953916642268061388e-01,6.699553349247494571e-01,2.605652162520156745e-01,6.947944882323497939e-02,2.579524669933174863e+00,8.989848734777027062e+00,5.033616261155651195e-01,8.320876282493598897e-01,1.217174769275931823e+00,1.731246025210211537e+00,2.122860119028309178e+00
1.215000000000000080e+00,1.282666048797376501e-01,1.875063323138052240e+01,-2.107596808249332862e-02,3.784791689840485418e-01,4.804846567166952929e-03,5.549327700379468320e-01,6.698603413399601969e-01,2.594050386189357127e-01,7.073462004110397938e-02,2.560546298532426768e+00,8.052223064918038631e+00,5.070764980829495228e-01,8.304658035313419173e-01,1.222597845292727303e+00,1.732220172985805995e+00,2.120802313348142398e+00
1.229999999999999982e+00,1.710597410921517181e-01,1.904980779048129591e+01,-2.035795639435351162e-02,3.696122889138883649e-01,4.120056398212599592e-03,9.782074589891229799e-01,6.690466306388163087e-01,2.575542992537017128e-01,7.339907010748188132e-02,2.550681067047681161e+00,8.162102853051852236e+00,5.134233882394135806e-01,8.364484018996867221e-01,1.215991803161357687e+00,1.733317917715532674e+00,2.121911165755404394e+00
1.245000000000000107e+00,1.399942855440077516e-01,1.918727263158581309e+01,-1.935063493446701616e-02,4.079384954146644815e-01,3.685449828732727338e-03,6.103226559917441785e-01,6.682992262809621664e-01,2.583227616026877449e-01,7.337801211635031073e-02,2.536722883705694986e+00,9.342884581360126006e+00,5.135184687761722433e-01,8.360453371101099762e-01,1.212719217244513814e+00,1.735736058522015623e+00,2.125437668240621747e+00
1.260000000000000009e+00,1.306952397361377249e-01,1.939249396728343555e+01,-1.835433621710034699e-02,5.912520312254804233e-01,3.380706573545106623e-03,6.990077777911551937e-01,6.699253631718156132e-01,2.561206349186643250e-01,7.395400190952054753e-02,2.525421874251323917e+00,9.996978636061736978e+00,5.156711486209958339e-01,8.445319442364179752e-01,1.209932048847611963e+00,1.729618029167844462e+00,2.121301453751561539e+00
1.275000000000000133e+00,3.283414210250379384e-01,1.977545478254694089e+01,-1.741989845163289044e-02,9.508491345917372550e-01,3.876670872056041123e-03,1.082749395053727248e+00,6.719009475650606911e-01,2.522519060615818209e-01,7.584714637335776555e-02,2.492811108550443411e+00,7.624777243824518713e+00,5.233019566055754357e-01,8.379912217058449464e-01,1.206416676243936781e+00,1.736260073228422796e+00,2.126530937043594971e+00
1.290000000000000036e+00,1.969262385043056562e-01,1.998195718422760336e+01,-1.652029382903741350e-02,7.511852002932988270e-01,4.153784408726950497e-03,5.811482468263813317e-01,6.722493356249987784e-01,2.514864607041126243e-01,7.626420367088836139e-02,2.475933507577694925e+00,7.427397395287080428e+00,5.304074658330316661e-01,8.332870901018871734e-01,1.207109629112171900e+00,1.733513120454131418e+00,2.125721087797249442e+00
1.304999999999999938e+00,3.181627986310616163e-01,2.025824192694127746e+01,-1.443893358296253170e-02,5.232491338926098523e-01,5.060990792304041405e-03,2.044807163704780884e+00,6.712874406897867408e-01,2.512361807106319733e-01,7.747637859958082795e-02,2.475232373645645634e+00,7.969155402353896633e+00,5.373048271085703043e-01,8.341581996376837838e-01,1.209893807683647626e+00,1.730492330911425070e+00,2.127762147671667936e+00
1.320000000000000062e+00,2.028939820922276149e-01,2.038367162506488484e+01,-1.509255864459212171e-02,5.265581862165450433e-01,4.877490461742121919e-03,8.735285630512096278e-01,6.701700184756114176e-01,2.522239533436964054e-01,7.760602818069242681e-02,2.478081940536018823e+00,9.125613331451914334e+00,5.355183436529525887e-01,8.343409410473365817e-01,1.208301674081822208e+00,1.733131029420810432e+00,2.117195853226110813e+00
1.334999999999999964e+00,3.469085294678780906e-01,2.051958395047612882e+01,-1.504493732228415377e-02,1.323962255042423264e+00,5.988764550167626453e-03,6.901877226038832802e-01,6.764686703003349733e-01,2.463743062995601696e-01,7.715702340010473226e-02,2.480333143289710218e+00,9.284116918490395776e+00,5.398880800246532718e-01,8.442395763464232150e-01,1.205386488840817005e+00,1.726856658556046309e+00,2.124359827603874873e+00
1.350000000000000089e+00,2.598868913759676547e-01,2.069212008596037222e+01,-1.428929328845745909e-02,6.094981820530740446e-01,6.778704637560895550e-03,5.813269153907899556e-01,6.770119611722648090e-01,2.452070363071992554e-01,7.778100252053596342e-02,2.461259383633386033e+00,9.701505707565724279e+00,5.418081218400004895e-01,8.383064334387553274e-01,1.206637528770763579e+00,1.722219811331738626e+00,2.125208452969940875e+00
1.364999999999999991e+00,4.473140108135447157e-01,2.099776674865425363e+01,-9.779893719431156582e-03,8.742431760316751177e-01,9.004528589987067372e-03,9.831662504345863862e-01,6.742750223063591619e-01,2.409999942648747284e-01,8.472498342876594313e-02,2.455653674742619863e+00,7.332965276054236980e+00,5.478688850681801004e-01,8.434330529554665556e-01,1.206703148777870549e+00,1.717248272909561058e+00,2.120322391294050757e+00
1.380000000000000115e+00,2.890216744734474541e-01,2.096696132693502079e+01,-8.207780343212045179e-03,9.096405505277059822e-01,9.433780117255411227e-03,6.390549210672723524e-01,6.731892062430437917e-01,2.391383482337618438e-01,8.767244552319417017e-02,2.439705202454128585e+00,6.814735172437842436e+00,5.479034887039474500e-01,8.471975138689837870e-01,1.204880210124544382e+00,1.719380106260292473e+00,2.121676750108514309e+00
1.395000000000000018e+00,2.007213934243126663e-01,2.112147727617935544e+01,-8.530817952992460554e-03,3.733465788084137649e-01,1.037665069769757448e-02,8.927705387155095984e-01,6.741360296781209183e-01,2.367862059184844270e-01,8.907776440339468249e-02,2.436613249971684603e+00,6.896430957140141871e+00,5.527877573867480132e-01,8.455194851611123052e-01,1.203612302773093834e+00,1.710412637346204745e+00,2.117547300651603681e+00
1.409999999999999920e+00,2.805014093160231314e-01,2.129148518235691512e+01,-4.885221298062197674e-03,6.046554134844697170e-01,1.161022716862127394e-02,1.142066813588902052e+00,6.692245414313361396e-01,2.329427655213588966e-01,9.783269304730526916e-02,2.470147348552795386e+00,9.615183647526063027e+00,5.565247053387926135e-01,8.511502538083687286e-01,1.214334661934953541e+00,1.706065233886146171e+00,2.116451039188987249e+00
1.425000000000000044e+00,2.559139766880390576e-01,2.115818588448552617e+01,-5.318072223386921017e-03,1.268653710325568840e+00,1.239229923237635152e-02,6.254316054501761757e-01,6.656584653893727888e-01,2.331128161744608629e-01,1.012287184361660985e-01,2.493919283108039675e+00,1.505798299420511377e+01,5.584124494147280071e-01,8.561750197182316224e-01,1.223294978838382674e+00,1.710804910145545810e+00,2.105265864693605771e+00
1.439999999999999947e+00,2.183937637591627234e-01,2.132124908372349026e+01,-3.939288700005681883e-03,7.569607251996277597e-01,1.273647518170276279e-02,6.499885040540072101e-01,6.644672450469655267e-01,2.319832112050241590e-01,1.035495437480097730e-01,2.525412182035874142e+00,2.054527933809691120e+01,5.624318202027082103e-01,8.578394828594783084e-01,1.220692063028352203e+00,1.707539546807652409e+00,2.108490546626369699e+00
1.455000000000000071e+00,1.809138483766158101e-01,2.141172906813953958e+01,-3.837084752705167447e-03,4.798441314143852554e-01,1.292783487023002609e-02,6.043230590459672813e-01,6.618026614109066008e-01,2.318052268232976554e-01,1.063921117657957716e-01,2.453254064772757648e+00,1.573208484384072570e+01,5.678293359989827760e-01,8.597170818929624758e-01,1.231154609245778575e+00,1.713025830149571327e+00,2.103109287714594711e+00
1.469999999999999973e+00,2.526902065293993305e-01,2.155714465237097599e+01,-3.167994985429939837e-03,5.087802943516871457e-01,1.268698938080495449e-02,6.658160566757326260e-01,6.563567202937494738e-01,2.313143264825612000e-01,1.123289532236890625e-01,2.392859860000112970e+00,9.067253195329490367e+00,5.736385714616402121e-01,8.634917972851591239e-01,1.235890176256999151e+00,1.698818805290052580e+00,2.104151859710083450e+00
1.485000000000000098e+00,6.115144002971699688e-01,2.174972697001871680e+01,-1.710871161265439030e-03,5.796136603470805060e-01,1.360990090558071054e-02,3.762640809645347861e+00,6.497783850178272536e-01,2.304027194493832309e-01,1.198188955327889327e-01,2.379912422820102957e+00,1.177513972180610047e+01,5.786167724985289418e-01,8.699924192927031008e-01,1.244692165106633830e+00,1.700540486574964483e+00,2.093111269763386240e+00
1.500000000000000000e+00,3.582280778843537350e-01,2.186679763560952949e+01,-3.008583436975628862e-03,1.031685059519257930e+00,1.326620822007910754e-02,6.411654878224511966e-01,6.528542001167139119e-01,2.230603912884957796e-01,1.240854085947900726e-01,2.320035060855826892e+00,7.045239043367617526e+00,5.774513123651581203e-01,8.721320768138201007e-01,1.248505770797018410e+00,1.702590718701074923e+00,2.088817732050632259e+00
1.515000000000000124e+00,5.387738923521364631e-01,2.191469588898938881e+01,-4.853926077851957246e-03,8.645606979455370267e-01,1.390193112495802762e-02,1.924348683084771583e+00,6.477961001149831199e-01,2.253098142872739240e-01,1.268940855977429838e-01,2.285773952092871042e+00,6.537492483059555326e+00,5.831315323964942898e-01,8.784921142994807086e-01,1.249355622469817906e+00,1.699340915384548012e+00,2.086099090430698411e+00
1.530000000000000027e+00,2.837850528464422317e-01,2.207610857616060684e+01,-3.235101077739775330e-03,7.047102287617184047e-01,1.507697480066843253e-02,7.639063177550710071e-01,6.454909053936433994e-01,2.205604703771960884e-01,1.339486242291601514e-01,2.270823310040599896e+00,6.168615260646248544e+00,5.847732934176068653e-01,8.811007316365762065e-01,1.247423204798155272e+00,1.705507032243401389e+00,2.082486787231429659e+00
1.544999999999999929e+00,2.075988491850122020e-01,2.222022601999616498e+01,-5.079904548124583585e-04,6.611534879571107082e-01,1.636391861019547561e-02,1.236034626235204437e+00,6.415340127419322247e-01,2.188780502493252456e-01,1.395879370087425575e-01,2.282160280794025553e+00,7.657108252129134485e+00,5.886532160226675137e-01,8.849230907340567276e-01,1.253016163607307387e+00,1.708272941836884495e+00,2.082366278043159546e+00
1.560000000000000053e+00,4.306135797419837208e-01,2.235410911920026322e+01,1.816404540306940226e-03,6.636523102125251317e-01,1.561160569320152632e-02,2.190265103801824154e+00,6.385032232768230731e-01,2.176211369002194473e-01,1.438756398229580347e-01,2.272030864948614948e+00,8.632687109232664469e+00,5.946506849905799363e-01,8.823227796113755073e-01,1.256907967715921171e+00,1.709212725622417217e+00,2.078117151065629997e+00
1.574999999999999956e+00,5.432569233437813949e-01,2.259148447505943125e+01,8.850143398172333198e-03,7.262397344810331834e-01,1.425841293380280921e-02,3.586625856223324860e+00,6.332793893548605002e-01,2.151314062119890624e-01,1.515892044331499933e-01,2.253399625770450498e+00,8.685703829282468647e+00,5.956499833396849963e-01,8.849402637256615911e-01,1.260031561910374576e+00,1.705808492755986006e+00,2.067883690320067469e+00
1.590000000000000080e+00,4.746823522841535636e-01,2.270579273646421115e+01,1.286480878208559608e-02,8.269449739975377467e-01,1.462769488631223379e-02,3.252294683159356659e+00,6.292781558967123212e-01,2.161972835099517931e-01,1.545245605933361355e-01,2.249444667785280849e+00,7.396733258984747650e+00,6.026636527579133373e-01,8.849871157683357747e-01,1.264396372191421758e+00,1.710810222057354890e+00,2.063093928457740756e+00
1.604999999999999982e+00,3.875269617591705629e-01,2.273349754421817792e+01,1.329082844463687178e-02,1.145972082858821128e+00,1.394228369282855644e-02,1.704694428212412349e+00,6.272431480406305271e-01,2.176354413164244272e-01,1.551214106429451289e-01,2.244248445850241858e+00,7.517642424115283717e+00,5.915020254197457250e-01,8.861676852510491642e-01,1.264699668495282037e+00,1.708103049144021224e+00,2.067358597475325244e+00
1.620000000000000107e+00,-6.085954622721686524e-01,2.323568996021528221e+01,1.516116891234437457e-02,6.102480990612143552e-01,1.238589334877767539e-02,3.798062146028228780e-01,6.104829427806790498e-01,2.341011148971711142e-01,1.554159423221499470e-01,2.233168333081606338e+00,7.645988126124228401e+00,6.007258114201288191e-01,8.963909840065373835e-01,1.269060019369365744e+00,1.704890407065202007e+00,2.058275336313804438e+00
1.635000000000000009e+00,6.013181426346608793e-01,2.321156146162730138e+01,1.835546993237028093e-02,1.499309066861892914e+00,-2.600174475454327186e-03,1.277149696856102912e+00,5.919948498810954085e-01,2.580297052835728300e-01,1.499754448353323166e-01,2.285400548922427610e+00,8.450608748652628677e+00,6.021465472686522435e-01,8.940951707510237378e-01,1.280047023382355986e+00,1.719508287084876796e+00,2.045101106546318714e+00
1.650000000000000133e+00,5.824067549029874336e-01,2.311608619303930823e+01,1.790831471080647080e-02,6.831157735077618698e-01,1.068995809460806861e-03,2.535909244273167662e+00,5.955772920648813029e-01,2.554225879834802204e-01,1.490001199516383379e-01,2.254736886303679189e+00,8.109987011799750789e+00,6.063076855791326158e-01,8.993638298427060196e-01,1.279516074103198564e+00,1.709869938414818158e+00,2.059097539164501001e+00
1.665000000000000036e+00,1.043529124438657696e-01,2.304083225901313270e+01,1.612436654164562874e-03,7.128522613418887266e-01,5.284108785921134629e-03,-2.096704392543378148e-01,6.010078138608933029e-01,2.476434703057108222e-01,1.513487158333960136e-01,2.240230673030898068e+00,1.076406953000065769e+01,6.005334622744574746e-01,8.977171527462906031e-01,1.273092379608652625e+00,1.711613728169111948e+00,2.061281585871954203e+00
1.679999999999999938e+00,2.128711792493564181e-01,2.297635505162294933e+01,3.850518964080168818e-03,9.076338942787437469e-01,7.514468007405974981e-03,-8.011692011332277596e-01,6.023400151928413049e-01,2.449255119683679260e-01,1.527344728387910744e-01,2.208685860043361870e+00,1.054448472936852710e+01,5.975061967960861864e-01,8.963113294581064316e-01,1.279135711839542555e+00,1.705129826439461427e+00,2.069374827453417165e+00
1.695000000000000062e+00,4.759273863686848682e-01,2.299832099366370741e+01,8.352144890879154016e-03,7.601703363070578812e-01,9.213106695036698754e-03,3.155295893646211880e+00,6.038202594100400278e-01,2.443603173423121444e-01,1.518194232476478278e-01,2.192500742563807226e+00,8.211485048521625529e+00,6.102054424110527897e-01,8.981543737768890034e-01,1.274717341410616545e+00,1.707247989475457972e+00,2.068756471027380250e+00
1.709999999999999964e+00,4.936812787130827607e-01,2.295255871896529243e+01,8.167107778371892821e-03,1.385504202360892112e+00,7.075733182407939297e-03,1.227070463641122045e+00,6.003727387912137781e-01,2.450872297282076229e-01,1.545400314805784325e-01,2.219400494919411049e+00,1.176183766220830229e+01,6.013400384701566015e-01,9.038912332773559877e-01,1.270495896280387615e+00,1.705769064712557626e+00,2.067165927324342789e+00
1.725000000000000089e+00,4.384846037743949099e-01,2.313004617656583051e+01,5.727604914442386251e-03,7.416843799712019569e-01,7.354299318024514615e-03,2.015021138248934029e+00,5.950748073187562825e-01,2.505847360626795584e-01,1.543404566185640481e-01,2.196694085795158902e+00,1.094521479311915790e+01,6.040143331923623071e-01,9.080266138093937567e-01,1.279812958898940867e+00,1.705443994979162214e+00,2.076143133237332350e+00
1.739999999999999991e+00,2.989343826556082329e-01,2.319808765910688564e+01,7.157091363502473755e-03,7.401665429945163410e-01,6.906660020619245256e-03,1.063151319063436517e+00,5.887806224375188302e-01,2.547567933519101491e-01,1.564625842105710485e-01,2.246694636643692622e+00,1.620963745347736662e+01,6.060850075968345907e-01,9.179608020123501966e-01,1.280808343675528427e+00,1.704932352554743291e+00,2.076430436564897786e+00
1.755000000000000115e+00,3.480093720515892719e-01,2.338010151857889696e+01,8.118673591484906055e-03,7.146012157375807305e-01,6.737967552087932750e-03,1.308342264924314158e+00,5.824004066057495432e-01,2.582734678979951015e-01,1.593261254962556606e-01,2.188525541459465096e+00,9.339889950160543464e+00,6.062967954850668750e-01,9.166517136792036169e-01,1.278335129854124341e+00,1.707413732777011139e+00,2.079887776902883623e+00
1.770000000000000018e+00,3.052395173314733645e-01,2.340178508905646027e+01,5.508787985497624710e-03,7.302658361835288048e-01,5.277084641854954197e-03,8.239727158558233233e-01,5.766195124852148135e-01,2.608002736212566286e-01,1.625802138935289187e-01,2.167692212192155576e+00,8.671471207700076178e+00,6.038831134161228853e-01,9.218459236998859385e-01,1.278014968005108276e+00,1.704223399268637529e+00,2.073936417064902393e+00
1.785000000000000142e+00,4.021912303034208547e-01,2.344249765345799119e+01,4.710424224287939297e-03,1.128570022013809737e+00,5.871106966326058302e-03,8.025368959446004258e-01,5.737242870700033359e-01,2.630830931008252271e-01,1.631926198291716035e-01,2.165912809704813036e+00,8.975217494522873096e+00,6.102059626942092363e-01,9.270552628385676508e-01,1.283745438265099459e+00,1.706903328000997977e+00,2.070606039341572391e+00
1.800000000000000044e+00,5.944998157401837346e-01,2.358214092385623317e+01,2.882671438785753236e-03,1.002174872397678440e+00,6.880875477959541575e-03,1.621645166499505519e+00,5.690971101278712307e-01,2.670748115216062257e-01,1.638280783505224880e-01,2.167295754648792538e+00,1.112876120943702318e+01,6.161927292556401703e-01,9.252406620530726489e-01,1.286350489391202334e+00,1.708593275518911270e+00,2.071886678611325472e+00
1.814999999999999947e+00,3.642394207996350053e-01,2.355631333666035587e+01,1.815709378180976104e-03,8.335682414327378886e-01,7.780688860228339096e-03,8.903101194716047662e-01,5.646792026061129288e-01,2.708392549435158503e-01,1.644815424503710544e-01,2.156685809595776604e+00,8.785492670156951789e+00,6.105640749684226876e-01,9.284447628863937707e-01,1.288878908004311930e+00,1.703478520124963591e+00,2.073428296008019256e+00
1.830000000000000071e+00,4.052747784780878493e-01,2.357629754738010774e+01,5.312750327462587192e-04,1.282232235841737733e+00,7.841021038121193804e-03,7.467658338381002459e-01,5.597982606736731093e-01,2.738203804897085258e-01,1.663813588366180873e-01,2.146755424183236727e+00,7.384136129386770442e+00,6.091929212675013527e-01,9.332377574415582355e-01,1.283058298694810917e+00,1.706015803174621315e+00,2.071624249355598746e+00
1.844999999999999973e+00,4.891488996004633161e-01,2.371685144510894006e+01,-6.250462788411975060e-04,7.034582608360111511e-01,1.105828799392550091e-02,2.241942593682627827e+00,5.548054319295462333e-01,2.798017670120079292e-01,1.653928010584461705e-01,2.157969863358045082e+00,9.940488963657271526e+00,6.156227695592938476e-01,9.375996524490575190e-01,1.289053677007123699e+00,1.706800437832804995e+00,2.068285206359905093e+00
1.860000000000000098e+00,6.249163433996713923e-01,2.368220991914357043e+01,-1.311824376695190728e-03,2.021343655051587529e+00,1.115897892257902355e-02,7.872786216023652806e-01,5.486994025329381408e-01,2.834042745141369668e-01,1.678963229529242263e-01,2.135434943662040563e+00,7.949033090433895055e+00,6.171906224351271231e-01,9.401022337821410835e-01,1.294979129960911912e+00,1.703961325760058099e+00,2.065641036341800074e+00
1.875000000000000000e+00,5.427321789774894878e-01,2.374191878253807175e+01,-2.579680394028558473e-03,1.137898145275078265e+00,1.351751856762187232e-02,1.272709907922243699e+00,5.464348007347931135e-01,2.860573035971925027e-01,1.675078956680139675e-01,2.151750571035819792e+00,9.279843963529822659e+00,6.104849726530285903e-01,9.393769487682924746e-01,1.295173827694535262e+00,1.706712568685151643e+00,2.061506524955493358e+00
1.890000000000000124e+00,3.416858474884623686e-01,2.383623773756393049e+01,-2.720542509500952985e-03,8.717839210097534375e-01,1.368574469417912706e-02,7.740732260442816370e-01,5.408790768465012722e-01,2.914283224664748206e-01,1.676926006870239905e-01,2.152430639181105221e+00,8.364880544028414633e+00,6.131440342891352202e-01,9.440048783673959942e-01,1.296613396353155867e+00,1.705241822261159168e+00,2.064979591751842314e+00
1.905000000000000027e+00,3.921248873224397746e-01,2.396780213361930123e+01,-2.799320297206799209e-03,1.303081460323998630e+00,1.471566898674987398e-02,7.756441798809694532e-01,5.372998145261123071e-01,2.948387504386272284e-01,1.678614350352603812e-01,2.154488712873750433e+00,8.351641769741462440e+00,6.168258951838094806e-01,9.401077840412215281e-01,1.296101070477717609e+00,1.703215265582730620e+00,2.070680991425743578e+00
1.919999999999999929e+00,8.105990991588274408e-01,2.418413258862327098e+01,-1.879505004530045674e-03,1.655819268498801122e+00,1.803553085868069700e-02,1.768962889102886571e+00,5.320590688326144457e-01,3.015445687509816786e-01,1.663963624164037647e-01,2.160862002147792005e+00,9.610886519141553563e+00,6.196245481942609379e-01,9.469050780246964782e-01,1.296095308400945667e+00,1.709354751526791505e+00,2.069533054347870493e+00
1.935000000000000053e+00,4.370382169179336529e-01,2.428384241706653768e+01,-9.437518542025599743e-04,9.304281484274001812e-01,1.807490477378489308e-02,1.100360272149535801e+00,5.286371644710459172e-01,3.070517859380892389e-01,1.643110495908645108e-01,2.156995693139530434e+00,9.210053808465639591e+00,6.154676435556931668e-01,9.485606911597159741e-01,1.299482984076076431e+00,1.700867860375529617e+00,2.069086005724563027e+00
1.949999999999999956e+00,3.329264542207497346e-01,2.437521093267067229e+01,7.866799471085400130e-04,7.873026487657691641e-01,1.762469575110004252e-02,7.898005256461756440e-01,5.218598293827252377e-01,3.135446864002725542e-01,1.645954842170023191e-01,2.150082329380947677e+00,8.339723775548334217e+00,6.188950931005143818e-01,9.487303400985559465e-01,1.307098237261500095e+00,1.705977924091635289e+00,2.065903327836762671e+00
1.965000000000000080e+00,3.083760433895658126e-01,2.446132506117862704e+01,3.281074292224404106e-03,7.740666424082089936e-01,1.728764986514616520e-02,7.338309615103038031e-01,5.168171437930975110e-01,3.178046082811831208e-01,1.653782479257189242e-01,2.147095850015868557e+00,7.717706319541278503e+00,6.189333592743729850e-01,9.523468822866536510e-01,1.310197039185832413e+00,1.707337442451848597e+00,2.061447701670230170e+00
1.979999999999999982e+00,3.172249537722340862e-01,2.455121759638271328e+01,6.635389979664763592e-03,8.397678384288107534e-01,1.715053417619032822e-02,7.377120424311872648e-01,5.131650181813074418e-01,3.207640410219105287e-01,1.660709407967818352e-01,2.146345456582987588e+00,7.558757196855906635e+00,6.216954422689836557e-01,9.515729547829046009e-01,1.307283837861373144e+00,1.710081035609865019e+00,2.060966158193777709e+00
1.995000000000000107e+00,4.193422480342228198e-01,2.465422349115730682e+01,1.109819128684313809e-02,1.258019031969561441e+00,1.709647462072719226e-02,7.859879618344358665e-01,5.102147300540450514e-01,3.234021875329476936e-01,1.663830824130080877e-01,2.146550521779783338e+00,7.815137893133144331e+00,6.221738011537762958e-01,9.542520781836335564e-01,1.305788893612454871e+00,1.703142761494252699e+00,2.055267015253547935e+00
2.010000000000000231e+00,7.629466085992392399e-01,2.478741043183677917e+01,1.624178760533236468e-02,1.952755045345544449e+00,1.779031164376241453e-02,1.843874499629710728e+00,5.079551395226945543e-01,3.275944489626616551e-01,1.644504115146438183e-01,2.151242451264374633e+00,9.146367585490786212e+00,6.321791940319947400e-01,9.551382293050255656e-01,1.306417077086967193e+00,1.710376697152730774e+00,2.056357038861260644e+00
2.024999999999999911e+00,4.056119873723077474e-01,2.488482481396900425e+01,2.064048021260152591e-02,1.097573486801019849e+00,1.750814335759916587e-02,8.076291393786541040e-01,5.021542348047209892e-01,3.341325643603293427e-01,1.637132008349497236e-01,2.151062893109684016e+00,8.265017888326022799e+00,6.213948538186505610e-01,9.579089347880473948e-01,1.308227030446737604e+00,1.704739356102920933e+00,2.056846974518583782e+00
2.040000000000000036e+00,3.382036845858483742e-01,2.494726002223207217e+01,2.307573174311215378e-02,7.311437512010688922e-01,1.646270617444869216e-02,8.116676074980846423e-01,4.993993655506560048e-01,3.370883103900875200e-01,1.635123240592560590e-01,2.158542383053972280e+00,8.126224405537268325e+00,6.211321276091962273e-01,9.603340329911977946e-01,1.309867380881813537e+00,1.706367597205950437e+00,2.054885877932877580e+00
2.055000000000000160e+00,3.242178364604414442e-01,2.504707522852136847e+01,2.377526106954374469e-02,7.616775197375357243e-01,1.590975933744912668e-02,7.920271968619477798e-01,4.966183712513563275e-01,3.393232989053469040e-01,1.640583298432967407e-01,2.159289492221766249e+00,7.786931764423738578e+00,6.195817720351876057e-01,9.628066363957999974e-01,1.311509668184286603e+00,1.705102640741391617e+00,2.048571246545839220e+00
2.069999999999999840e+00,3.244617911268609101e-01,2.514824135889328716e+01,2.340698821576069413e-02,8.260242720208050837e-01,1.524964660875978428e-02,7.823934833940995315e-01,4.944480104860919933e-01,3.409961890045395960e-01,1.645558005093685772e-01,2.158360137428763981e+00,7.567315231098622696e+00,6.263253263542866156e-01,9.631675499055973866e-01,1.315696385738296614e+00,1.707063464405924380e+00,2.050429928091482612e+00
2.084999999999999964e+00,3.232780437729654288e-01,2.525145012638313347e+01,2.250467016406537332e-02,8.533738262139501929e-01,1.438531477999481847e-02,7.801384619011497712e-01,4.927271069820154947e-01,3.425155748042040815e-01,1.647573182137803960e-01,2.156188252201178379e+00,7.591957747714484839e+00,6.244036520981521843e-01,9.622641807531435720e-01,1.313306262479090325e+00,1.705954685345806299e+00,2.050629380449836336e+00
2.100000000000000089e+00,2.789894963574480746e-01,2.535680836126649496e+01,2.145573126057762417e-02,7.308411475640803623e-01,1.359883157601680936e-02,7.701184109768718367e-01,4.912116007286336239e-01,3.440408117245157826e-01,1.647475875468506212e-01,2.147070072889777137e+00,7.377882908922755334e+00,6.188007727506071864e-01,9.627150102931884001e-01,1.313475741694317467e+00,1.708385102592541838e+00,2.050267132638007972e+00
2.115000000000000213e+00,4.170136229176891751e-01,2.544834467993808857e+01,2.076095821742509825e-02,1.503785166603761603e+00,1.293911960547308032e-02,8.652924861056366934e-01,4.888924861183006065e-01,3.458673507986595452e-01,1.652401630830395152e-01,2.120366694488413195e+00,6.639487398449481326e+00,6.258648666874513378e-01,9.676671999146410075e-01,1.309898865028680692e+00,1.710278103636505120e+00,2.047528677574797396e+00
2.129999999999999893e+00,6.037986180478519538e-01,2.558258607681498731e+01,2.053102150896917583e-02,2.175442986726144223e+00,9.046643829530420094e-03,7.367147950931220990e-01,4.914656678662008282e-01,3.449624998277507903e-01,1.635718323060484092e-01,2.107138017403134445e+00,7.165596393522545959e+00,6.294721661664054446e-01,9.598389265485809396e-01,1.313139818675711279e+00,1.711249468928398576e+00,2.045950579206159414e+00
2.145000000000000018e+00,4.128950528734730563e-01,2.568170591782231682e+01,1.916917105759561452e-02,1.157235659124563831e+00,6.611314564782793529e-03,7.006057973892114710e-01,4.953072080470645733e-01,3.422404732768193347e-01,1.624523186761164806e-01,2.109319451761292985e+00,7.393750542191326325e+00,6.300177875205641431e-01,9.623495959412947665e-01,1.311886218131679716e+00,1.712252950050123346e+00,2.048363638339574244e+00
2.160000000000000142e+00,1.783005247897959666e-01,2.582264354187265099e+01,1.846912828518688585e-02,2.147231203091724439e+00,6.355419019130537604e-03,8.223602805704132157e-01,4.934696034210492854e-01,3.437067668639751106e-01,1.628236297149756873e-01,2.102109541866572506e+00,7.580017681169159971e+00,6.250205061070560619e-01,9.684998477467424705e-01,1.315017928924103963e+00,1.715238749516923455e+00,2.041973620795240585e+00
2.175000000000000266e+00,3.380314648453491833e-01,2.602445188907827855e+01,1.935731030119507839e-02,1.034038049016389182e+00,3.259051146630477513e-03,5.869345513642179046e-01,4.897185475753190742e-01,3.471896057465545526e-01,1.630918466781265952e-01,2.104500556984492565e+00,7.788592392188619762e+00,6.238859685601817473e-01,9.659902845825489859e-01,1.317461163393346624e+00,1.711610704048651233e+00,2.035607649602723335e+00
2.189999999999999947e+00,3.745474323979366416e-01,2.619287759822551109e+01,1.869894433685883803e-02,1.105411447667723035e+00,2.385163808120793413e-03,6.075775605586388739e-01,4.851138662009812919e-01,3.501682239691205067e-01,1.647179098298985345e-01,2.098861156333152511e+00,7.090882457895641977e+00,6.277046313456383642e-01,9.652974029605740913e-01,1.317605272664431171e+00,1.709060702633133921e+00,2.027016410301230476e+00
2.205000000000000071e+00,4.741222626809312723e-01,2.633648219091656983e+01,1.802899101279981098e-02,1.315688629140064014e+00,2.025059365233454218e-03,7.636106136696326763e-01,4.818618347238296518e-01,3.525117488074009930e-01,1.656264164687693830e-01,2.098041438848398776e+00,7.681002022727551726e+00,6.313596226632544051e-01,9.641799949556834060e-01,1.315661317183555834e+00,1.708616869383280834e+00,2.028198388976286015e+00
2.220000000000000195e+00,6.939624374026933662e-01,2.645599781267901207e+01,1.775728883832020447e-02,1.604232379969308564e+00,1.912141243038567801e-03,1.418802079228270507e+00,4.814555787328853032e-01,3.534902301120188550e-01,1.650541911550956198e-01,2.099865324465693739e+00,8.578057880226955589e+00,6.363047917828036359e-01,9.593407820067570979e-01,1.316205282950597688e+00,1.706035297213260193e+00,2.030033239376614063e+00
2.234999999999999876e+00,6.321927100048461146e-01,2.657230100272316164e+01,1.703302227749289507e-02,1.660109795416762957e+00,1.344576121036789636e-03,1.088368600591416158e+00,4.783494367608853159e-01,3.563818992154977328e-01,1.652686640236174231e-01,2.097311171358825721e+00,8.563454242363709668e+00,6.407547472827183066e-01,9.573607460417814519e-01,1.315707497622087940e+00,1.709354725997095814e+00,2.026074056435949622e+00
2.250000000000000000e+00,6.485567907508608121e-01,2.678304552896857160e+01,1.747684073052029399e-02,1.545860774427271433e+00,-1.346509544449672920e-03,1.544523673316992696e+00,4.751630927292490592e-01,3.595654403338629512e-01,1.652714669368876843e-01,2.097448376459551955e+00,8.897601051829980179e+00,6.442347112448537638e-01,9.633345180015394638e-01,1.320820837247838053e+00,1.705383859802588109e+00,2.024837981738190962e+00
2.265000000000000124e+00,5.639718294065898530e-01,2.705576133758758317e+01,1.793082135939861460e-02,1.515112427779237825e+00,-6.383196728921905309e-03,1.383725620946323120e+00,4.696110341310721914e-01,3.639793666136920125e-01,1.664095992552358794e-01,2.091608352153006223e+00,8.645889916679958986e+00,6.429724072960387726e-01,9.654050511641184551e-01,1.319252714611556021e+00,1.707079538026171628e+00,2.022479063077254224e+00
2.280000000000000249e+00,5.261529696374560583e-01,2.732824313933646820e+01,1.840688190668944221e-02,1.460142799896937627e+00,-1.291420396614766791e-02,1.215024036441885169e+00,4.666288859187847082e-01,3.662865813624726630e-01,1.670845327187427398e-01,2.086281203472360346e+00,8.399193456015202841e+00,6.501072221222488068e-01,9.720474299005881225e-01,1.320824002909096517e+00,1.705006928875553385e+00,2.024899661518913874e+00
2.294999999999999929e+00,5.429807416418145349e-01,2.761134327704387204e+01,1.919086500952766824e-02,1.603655616975443676e+00,-1.965714493637938168e-02,1.190383238726416160e+00,4.653480426846779983e-01,3.669480632704992251e-01,1.677038940448228876e-01,2.083853362699273237e+00,8.202661254776350219e+00,6.428601651399621364e-01,9.718421122983011973e-01,1.317639395794786727e+00,1.707666149591071436e+00,2.022249772485683827e+00
2.310000000000000053e+00,6.538078708169512421e-01,2.792043531854568883e+01,1.999249468491068674e-02,1.859822954990807409e+00,-3.288816299414583366e-02,1.126725945723019873e+00,4.673093725041065349e-01,3.637916542932819186e-01,1.688989732026112967e-01,2.083587956304788769e+00,8.827251994283972891e+00,6.360905884593932580e-01,9.745202611051736463e-01,1.320419700160126997e+00,1.704881763022701335e+00,2.015984148264288844e+00
2.325000000000000178e+00,5.939139582012119556e-01,2.822368307620328665e+01,2.063612204713788714e-02,1.660116252477106702e+00,-3.976731405357665505e-02,1.475234145810813802e+00,4.711448126328625641e-01,3.595926321503285505e-01,1.692625552168090797e-01,2.074478520090589306e+00,8.866659373250675102e+00,6.372163911752226628e-01,9.740225545602397839e-01,1.315875633682090040e+00,1.704308267436751345e+00,2.012015737810945559e+00
2.339999999999999858e+00,4.518561631879724483e-01,2.856987299908159628e+01,2.307929735879575561e-02,1.269335399552050214e+00,-2.670421629708402342e-02,1.123434162359090216e+00,4.706979882140715499e-01,3.597287061610819348e-01,1.695733056248464043e-01,2.049692262747848659e+00,8.155945091339374287e+00,6.360168694682025725e-01,9.620656005348320328e-01,1.316792792506139786e+00,1.704874669212890437e+00,2.009649923271066729e+00
2.354999999999999982e+00,5.838639170098419706e-01,2.902983512266079913e+01,2.440555668347484455e-02,1.482519984031258176e+00,-1.350223322881883084e-02,1.843465428559397878e+00,4.650190764636409346e-01,3.631481409708495200e-01,1.718327825655096008e-01,2.014910593707415654e+00,8.485710215862466654e+00,6.435365598223560246e-01,9.671786015744272547e-01,1.316536254208988233e+00,1.705309033789257356e+00,2.013420521562294230e+00
2.370000000000000107e+00,6.846249263047016198e-01,2.963184723173093715e+01,2.313670440915860035e-02,1.379890935594303647e+00,-2.446549310276063816e-02,2.377790052628723227e+00,4.600351547913099637e-01,3.645437052840384551e-01,1.754211399246514702e-01,1.979521827506096177e+00,9.001803174805020902e+00,6.273155288859159073e-01,9.640974765977731176e-01,1.313329733008310463e+00,1.702238990219836046e+00,2.018559666337431668e+00
2.385000000000000231e+00,8.367083512902022679e-01,3.010354131052612914e+01,3.872719835818302231e-02,1.629878837617933840e+00,-3.746919197248228806e-02,1.246661437842026432e+00,4.615640347149496669e-01,3.612083033425909639e-01,1.772276619424593969e-01,1.955994082988025795e+00,9.421195051670395060e+00,6.331335004533477084e-01,9.715511337076834231e-01,1.316216032803414482e+00,1.694424404765750847e+00,2.013931698552120952e+00
2.399999999999999911e+00,6.365467385558190028e-01,3.016640808122393835e+01,2.611167337122301604e-02,9.091707781408784328e-01,-2.389478719869538720e-02,1.447627761408061042e+00,4.661881491703422364e-01,3.511849063412089689e-01,1.826269444884488780e-01,1.967438740984549739e+00,9.008608117130505022e+00,6.355686649780161179e-01,9.703620751693262658e-01,1.314096858705592785e+00,1.692983530363641131e+00,2.007151613732083728e+00
2.415000000000000036e+00,3.440188082889472088e-01,3.033180474972354190e+01,3.733425546295427583e-02,8.895838237896712686e-01,-2.033541712441629679e-01,5.982870412444332153e-01,4.657032695144108225e-01,3.521588974807351446e-01,1.821378330048537553e-01,1.953567815507984085e+00,9.790206649805172745e+00,6.319882854902296732e-01,9.679456180849459468e-01,1.306836453456976299e+00,1.699241492786097263e+00,2.005519970889909853e+00
2.430000000000000160e+00,8.053466256275461088e-01,3.058837031370663695e+01,5.038973224532365680e-02,1.990285771141643512e+00,-1.514397161616358803e-02,9.440750160343099884e-01,4.623960574001872437e-01,3.516227712284829554e-01,1.859811713713296066e-01,1.912942486636691974e+00,7.584438273443140588e+00,6.441673904805930162e-01,9.737583284638183789e-01,1.318837631394757626e+00,1.697381998299631878e+00,2.009433694768791412e+00
2.444999999999999840e+00,7.075950610496331006e-01,3.094341543470693523e+01,3.906640027087524003e-02,1.876896161712417355e+00,-7.439436031299696828e-02,5.198055061407741428e-01,4.711356266132336046e-01,3.407187336484981954e-01,1.881456397382681445e-01,1.876586553996571149e+00,6.221326017086225235e+00,6.328751425696581556e-01,9.640110295229635806e-01,1.316655106650098883e+00,1.699925006088931490e+00,2.012447561357773029e+00
2.459999999999999964e+00,4.678700674622729982e-01,3.081478867372499053e+01,1.350321919238888294e-02,6.622859058658575604e-01,-3.986167559148873218e-02,1.119741219325925741e+00,4.806123035523482967e-01,3.315962578845287889e-01,1.877914385631225258e-01,1.923319601872707452e+00,1.103992518197964223e+01,6.281495825945195843e-01,9.614552380653653696e-01,1.312528775239154566e+00,1.689685810720378045e+00,2.015675095426127772e+00
2.475000000000000089e+00,4.371411111703447649e-01,3.069035285704015692e+01,3.021978552467542017e-02,6.247627829743552796e-01,-1.268748599902271845e-01,8.195879484561173767e-01,4.811839971292335982e-01,3.302422229350115424e-01,1.885737799357546929e-01,1.924093724840640895e+00,1.055926622106251500e+01,6.309735647312401108e-01,9.623169171626168028e-01,1.314513673311691111e+00,1.690951961067389098e+00,2.015541848965458183e+00
2.490000000000000213e+00,4.220464474168124092e-01,3.073796774174201119e+01,3.974319197269027271e-02,5.336161729276820420e-01,-1.757974871277025730e-01,7.363909116294985457e-01,4.809176094657433009e-01,3.297681797784420832e-01,1.893142107558147824e-01,1.921574230773457570e+00,1.048071111617524664e+01,6.235244270028899027e-01,9.673578585085447212e-01,1.317912877434446628e+00,1.690766306470620872e+00,2.013682298307152063e+00
2.504999999999999893e+00,4.075757398758369510e-01,3.080768676095144087e+01,4.969531073456225079e-02,4.987816413314846709e-01,-2.037265856187264468e-01,7.165992664223161945e-01,4.805383764461740315e-01,3.287031958379669772e-01,1.907584277158590191e-01,1.922292520408632077e+00,1.077737127751886170e+01,6.304758264048029304e-01,9.736297545403698184e-01,1.315121382493804614e+00,1.686408373459722609e+00,2.010399179088852684e+00
2.520000000000000018e+00,6.878478035438326810e-01,3.083474423138296672e+01,7.168423776880984699e-02,5.440702313465960449e-01,-6.191018055615780252e-02,-8.613426142640542293e-01,4.789535879672531804e-01,3.287517265341660111e-01,1.922946854985810583e-01,1.921595310506558629e+00,1.189702300510431598e+01,6.293007273598792972e-01,9.673440680101629274e-01,1.315117938426667354e+00,1.689206402210966518e+00,2.012416155575649235e+00
2.535000000000000142e+00,8.459405497606832247e-01,3.082374480983279241e+01,7.315146814757735039e-02,1.476076910103281570e+00,-3.268410285451960051e-02,4.521334200527238334e-01,4.749133160572015511e-01,3.388442413036182876e-01,1.862424426391802723e-01,1.895486515982139908e+00,1.102649790474923108e+01,6.266624112953970149e-01,9.706946459227681068e-01,1.314187992856359122e+00,1.697922343340013906e+00,2.001468635030720034e+00
2.550000000000000266e+00,4.261437647334039847e-01,3.074561732906038003e+01,2.974448657273331964e-02,5.484265142208964994e-01,-6.757815705836307807e-02,5.244269464459641039e-01,4.803940425204197839e-01,3.335699013077461084e-01,1.860360561718342465e-01,1.869542589207305205e+00,8.583904316745471164e+00,6.222728403644465223e-01,9.714558146566755203e-01,1.312260745755639224e+00,1.688361152236431684e+00,2.004135698445598024e+00
2.564999999999999947e+00,5.303822912950433288e-01,3.083019452329047994e+01,2.699807756503845232e-02,8.401192094662627285e-01,-3.391704921147908891e-02,8.549598009930302611e-01,4.815468095627896128e-01,3.300560446444963936e-01,1.883971457927136051e-01,1.848817897846209535e+00,6.937448781435503697e+00,6.103979769040571712e-01,9.738171099077624904e-01,1.312795541757084017e+00,1.688405028418880516e+00,2.001755054180893278e+00
2.580000000000000071e+00,6.541045812794171743e-01,3.097361529022837345e+01,2.874217278111077314e-02,8.776985185053859384e-01,-4.296024865143001359e-02,1.377514613305670821e+00,4.830607377178427475e-01,3.256673843864682505e-01,1.912718778956886689e-01,1.835050924571167252e+00,5.924779994947897421e+00,6.007095595254483555e-01,9.681482076576621854e-01,1.312992098907461269e+00,1.683251766986978648e+00,1.997927551287432602e+00
2.595000000000000195e+00,5.588028724974178907e-01,3.126287268396496088e+01,2.130587522510040549e-02,5.758654117889054902e-01,-2.776826568551640437e-02,1.537828115845146559e+00,4.837105612702750079e-01,3.202361751860539618e-01,1.960532635436711135e-01,1.829805688689531307e+00,6.047319982732913601e+00,6.159975992323061256e-01,9.685511231967172119e-01,1.324193543375646875e+00,1.684112770618052979e+00,1.991605779924757069e+00
2.609999999999999876e+00,3.300854688083705302e-01,3.145611368817087339e+01,4.402881271008017572e-02,6.409338382798545064e-01,-1.232437436622136305e-02,4.206346603998405431e-01,4.840110092850881118e-01,3.159715056605553740e-01,2.000174850543561811e-01,1.833202670493010666e+00,6.921247172950482529e+00,6.187451152314582536e-01,9.658636033959481226e-01,1.323717490338380598e+00,1.678354189976561495e+00,1.987337978630728808e+00
2.625000000000000000e+00,3.678967061716164055e-01,3.144357847670243800e+01,6.353180788122353428e-02,5.972385250168430471e-01,-1.425979454832340503e-02,5.823375125697739518e-01,4.818853656332816593e-01,3.146131494849238042e-01,2.035014848817942590e-01,1.842399655751268295e+00,8.422484729712978790e+00,6.102760640509998780e-01,9.683393049822314191e-01,1.322118007017768271e+00,1.680056582015145628e+00,1.989143911756292793e+00
2.640000000000000124e+00,4.975980707818150606e-01,3.148644904448847726e+01,8.613794020732207235e-02,8.379473734994347112e-01,-3.756683056798618137e-02,1.145276115179563847e+00,4.789868883085123263e-01,3.125543797607245322e-01,2.084587319307632247e-01,1.839590982487213422e+00,8.644456277258704802e+00,5.945843226938094528e-01,9.678013393176390089e-01,1.325696243824029175e+00,1.681092676157094346e+00,1.980971377047900717e+00
2.655000000000000249e+00,4.053897137295353614e-01,3.105051544397321805e+01,6.915465556661468116e-02,9.398101342037150641e-01,-1.151948952694738237e-02,4.686887102073141187e-01,4.878879248169835092e-01,2.979714645164006082e-01,2.141406106666156606e-01,1.827025906280567602e+00,5.878102028315157490e+00,6.141139192315642203e-01,9.731756599394010276e-01,1.326663994358776133e+00,1.684904673968576239e+00,1.968476470424977531e+00
2.669999999999999929e+00,3.682690777786591374e-01,3.089341169964631817e+01,5.142504204248760091e-02,6.461494856953085009e-01,-2.856206868666194987e-03,1.012799226405925568e+00,4.931747374198891531e-01,2.920064329129127834e-01,2.148188296671982300e-01,1.833861428534730997e+00,6.390096528740486725e+00,6.214167644476289443e-01,9.751094344794720703e-01,1.324885947077021342e+00,1.674181956344078737e+00,1.981123523686568966e+00
2.685000000000000053e+00,4.283499272690597381e-01,3.110528312580551358e+01,5.842570002866072365e-02,7.568298809204863087e-01,-9.600021500358430285e-03,1.058763871340205442e+00,4.917156163367536470e-01,2.890536537476112722e-01,2.192307299156351086e-01,1.828170159230871228e+00,6.723284837991776008e+00,6.135796792883282391e-01,9.767228786077206681e-01,1.325058628582389986e+00,1.679710662504386498e+00,1.970989950945814195e+00
2.700000000000000178e+00,5.961530399433708771e-01,3.132118370969495658e+01,7.513739309409822598e-02,1.112822012691928375e+00,-1.117426393218253974e-02,9.635059881896737011e-01,4.900596379642313538e-01,2.876506241530689678e-01,2.222897378826997061e-01,1.828776223294598102e+00,7.789102759778219642e+00,6.059909180141015428e-01,9.713367132725259090e-01,1.325691527236898981e+00,1.679055308043963635e+00,1.967511703753787922e+00
2.714999999999999858e+00,7.329718746823783437e-01,3.151473223634894438e+01,7.258854061711682293e-02,5.307237597122094197e-01,7.798250573649834726e-04,2.016150631696787876e+00,4.943827796352393000e-01,2.824222175619676145e-01,2.231950028027931965e-01,1.816900266991160029e+00,7.399381455451044864e+00,6.097230614622475287e-01,9.763147821194774201e-01,1.327012708119043705e+00,1.675182523246705912e+00,1.971716659188476051e+00
2.729999999999999982e+00,3.329433382726920132e-01,3.149644040479565987e+01,8.291314333879372389e-02,5.095570576430009657e-01,2.393657349277437257e-02,5.606944829693257804e-01,4.954983045203453784e-01,2.781444574586782181e-01,2.263572380209765145e-01,1.807491732489697522e+00,6.605983358464524891e+00,6.254189977545029366e-01,9.791152179963884539e-01,1.327274353898207249e+00,1.677902826690086391e+00,1.966007330467407055e+00
2.745000000000000107e+00,3.364557970026136324e-01,3.149828111995683244e+01,8.366172914868087729e-02,5.427316079425684725e-01,2.825146620248564916e-02,5.523075173878529975e-01,4.961104355536167243e-01,2.757423087074611923e-01,2.281472557389223887e-01,1.806850707719452220e+00,6.519541077262596573e+00,6.273483903559473607e-01,9.750348942147695208e-01,1.327482887728968386e+00,1.672372644879335013e+00,1.967172498415738824e+00
2.760000000000000231e+00,3.945146121027309216e-01,3.159996839469431862e+01,8.347012484836481561e-02,5.886334172641044526e-01,3.418799863581845067e-02,6.788127708082737355e-01,4.951845506521420082e-01,2.749459144986171055e-01,2.298695348492407753e-01,1.806020762366839838e+00,6.661779721260421283e+00,6.244032213528470932e-01,9.738939072244920947e-01,1.331223124689552062e+00,1.676483306709034338e+00,1.966110764793895349e+00
2.774999999999999911e+00,5.283748766961008370e-01,3.172500729519283880e+01,8.042990585354720112e-02,6.544131588201144156e-01,4.035696675937298916e-02,1.033102467460081275e+00,4.947944444996811297e-01,2.742844063173550118e-01,2.309211491829635809e-01,1.804923953249237156e+00,7.125116463381350407e+00,6.168180887486995889e-01,9.737394293955715652e-01,1.330860315262726301e+00,1.679152913929252477e+00,1.967436035208710132e+00
2.790000000000000036e+00,5.675865566444042720e-01,3.189435280657131599e+01,7.809274412837539925e-02,5.822293125873145847e-01,2.730979946424259841e-02,1.267652527766730319e+00,4.958651233938674019e-01,2.725913608768620877e-01,2.315435157292703994e-01,1.803983183670897494e+00,7.355212956319419959e+00,6.231540113246433199e-01,9.753639053393194924e-01,1.330308242819831399e+00,1.672395797897257452e+00,1.965462208930174981e+00
2.805000000000000160e+00,4.889042779666087912e-01,3.204485877736824051e+01,7.553208857687024325e-02,5.261851016520932012e-01,3.851298965882996028e-02,9.586152340928856264e-01,4.977318842842305968e-01,2.723726110428278946e-01,2.298955046729413976e-01,1.800380952360953968e+00,7.375013098819001023e+00,6.203062146561840740e-01,9.751174369751984816e-01,1.329134862162801856e+00,1.667047487341156042e+00,1.965446948496580859e+00
2.819999999999999840e+00,5.433630925742024553e-01,3.220358735549948648e+01,6.955425390329120217e-02,4.984981406262857795e-01,5.206250985539315201e-02,1.157566126937708662e+00,4.987343452028731861e-01,2.723056997317940264e-01,2.289599550653331483e-01,1.797373850514016880e+00,7.555546138298276482e+00,6.190157167379504166e-01,9.727598787753138909e-01,1.329559883694596767e+00,1.666457851483695407e+00,1.966556522113543037e+00
2.834999999999999964e+00,5.233435762035328898e-01,3.234246817726657497e+01,6.445628469360008272e-02,4.873505719886663257e-01,4.453499846852555788e-02,1.110809210039316319e+00,5.004069513917224210e-01,2.723055509875003666e-01,2.272874976207774067e-01,1.796295181251266637e+00,7.682078093404227204e+00,6.231137166923792492e-01,9.746736211300843777e-01,1.332120393083438659e+00,1.665657806971172050e+00,1.965672952538730200e+00
2.850000000000000089e+00,4.963635965583227394e-01,3.244638707044038028e+01,6.391728090859744027e-02,5.481294331559319888e-01,-3.380609006330887595e-02,8.795016051881932029e-01,5.020186348082681382e-01,2.736505395720605915e-01,2.243308256196711037e-01,1.795878411331481850e+00,7.735456130326617163e+00,6.146881281672438302e-01,9.726477774032384893e-01,1.333454881841643402e+00,1.661855274990511999e+00,1.969992560143552174e+00
2.865000000000000213e+00,5.578944359760015237e-01,3.253745823510669055e+01,7.065315412330834544e-02,5.153960442059828395e-01,-1.573444889335313956e-02,1.002461918641013527e+00,5.020003368814570655e-01,2.759738829802488858e-01,2.220257801382937712e-01,1.802138912600802279e+00,7.930705678021890748e+00,6.141562960306402585e-01,9.757011455129769306e-01,1.330157775566659595e+00,1.661655489284436182e+00,1.971967816936869511e+00
2.879999999999999893e+00,5.427207011267440873e-01,3.261579892043229023e+01,1.021104844136904582e-01,5.173129382515531116e-01,-6.364670435005342734e-05,7.783275316820024159e-01,5.025231981513099688e-01,2.781843256240228435e-01,2.192924762246670489e-01,1.803915436911470938e+00,8.052890744127202183e+00,6.128600931653790385e-01,9.685444678614459901e-01,1.330218914534185615e+00,1.657115451062352918e+00,1.970036149294232652e+00
2.895000000000000018e+00,6.789080793560099414e-01,3.265660492548713023e+01,1.988036436492511549e-01,5.285553002497429542e-01,6.810231484338119014e-03,8.835681572136244721e-01,5.042557690497881939e-01,2.802262233768615940e-01,2.155180075733497125e-01,1.796887858099792457e+00,8.101450451940733544e+00,6.149103385244083508e-01,9.671409653814168061e-01,1.322925145929053414e+00,1.650065546137849726e+00,1.965108781656911274e+00
2.910000000000000142e+00,4.345520571617111361e-01,3.282357661297607621e+01,2.943827221939325778e-01,5.017455332101078413e-01,1.156995767459516149e-02,9.585761851377291309e-01,5.037443870206201879e-01,2.781099310445505624e-01,2.181456819348297216e-01,1.796720299321149517e+00,8.316657099899584793e+00,6.093797237575701020e-01,9.593892713162897046e-01,1.319126868579878709e+00,1.651499853024443798e+00,1.966523052181616826e+00
2.925000000000000266e+00,5.534558070518325046e-01,3.308680232095309037e+01,8.972871219512922047e-02,4.902467087445881444e-01,1.281780070277409034e-01,6.724346124937750080e-01,4.984711497015236192e-01,2.769626767479118623e-01,2.245661735505642687e-01,1.799799606944403108e+00,8.884223055328630991e+00,6.078512372395565855e-01,9.631982844342072969e-01,1.325748320197500441e+00,1.650044396051936202e+00,1.966961004557025383e+00
2.939999999999999947e+00,2.754036196064352238e-01,3.303297980487535312e+01,-4.722822250330370175e-01,7.607375962262290514e-01,2.054663840143635886e-02,3.309660054402506213e-01,5.015566949302239230e-01,2.766880183223922596e-01,2.217552867473843170e-01,1.786352146378690886e+00,6.591726332229170815e+00,6.251755319799111588e-01,9.589004745990584722e-01,1.330421339572365191e+00,1.653274094730475818e+00,1.969625621550069594e+00
2.955000000000000071e+00,2.886416382167650840e-01,3.301044831771162080e+01,1.658351617808425937e-01,1.168116288914051060e+00,-8.310153865597490197e-03,4.071212313774800196e-01,5.082709230976492076e-01,2.726575154298396808e-01,2.190715614725108618e-01,1.793023142497263134e+00,6.471800339127658397e+00,6.158433493201643794e-01,9.594943727578201242e-01,1.327633934720422459e+00,1.654382283794520792e+00,1.960822146933781429e+00
2.970000000000000195e+00,3.391734505298198421e-01,3.304879299149252603e+01,3.361515790809498777e-02,4.412490281547877813e-01,-1.327025006796733568e-02,5.247164285693044494e-01,5.136566128400488207e-01,2.668966943678714454e-01,2.194466927920792620e-01,1.773491626431836332e+00,6.719224830724332520e+00,6.252281160674878491e-01,9.686705747035291303e-01,1.327278601084715071e+00,1.653271519322991878e+00,1.955521426579820865e+00
2.984999999999999876e+00,6.294265888086184590e-01,3.297450224592638790e+01,3.118391812874249554e-03,1.255556753016143556e+00,-1.650504004795811872e-02,3.536535393974473696e-01,5.171165963569610557e-01,2.650393462402153011e-01,2.178440574028241428e-01,1.760047037514987256e+00,5.681026519342518455e+00,6.065025178777792014e-01,9.594771301495050864e-01,1.324539327686949708e+00,1.648303314877867409e+00,1.956736403430336502e+00
3.000000000000000000e+00,7.079453849883297067e-01,3.282218113950226979e+01,-1.479757092996817625e-01,4.417027792146364651e-01,1.280070501407900851e-01,1.941021710031240355e+00,5.162966654724924220e-01,2.627758614170769280e-01,2.209274731104309553e-01,1.812686798024163215e+00,1.055017408985626481e+01,6.174163611268066454e-01,9.631003265825931470e-01,1.326611477960119245e+00,1.646593214005552808e+00,1.960854869199609940e+00
3.015000000000000124e+00,8.642613682132747055e-01,3.257762340043753113e+01,3.933171446096573459e-02,9.066469863969841558e-01,1.136578542352717144e-02,1.829646639826298271e+00,5.219740784593565053e-01,2.565297136907030429e-01,2.214962078499405906e-01,1.858975346589540667e+00,1.608960056204532307e+01,6.054366758760258982e-01,9.620454532527176195e-01,1.329814144552694533e+00,1.651920446618788896e+00,1.956661450589285645e+00
3.030000000000000249e+00,7.770232574824336158e-01,3.271667337585160595e+01,8.274412152990380520e-02,6.626979835273336672e-01,5.034946408958031194e-02,2.045252299855851774e+00,5.256874520003066431e-01,2.528632353410215083e-01,2.214493126586713767e-01,1.858317439041652142e+00,1.658003610923887550e+01,6.054658812671898094e-01,9.651835314439007885e-01,1.324972514600313955e+00,1.650237928620184924e+00,1.950180587367162488e+00
3.044999999999999929e+00,1.162952093438939905e+00,3.281272666188704079e+01,9.965207793060322505e-02,1.601483143917036278e+00,-1.648618728272068235e-01,1.881948962840118922e+00,5.274763707649853250e-01,2.508807318879419657e-01,2.216428973470722652e-01,1.864107025732711254e+00,1.772800578934217697e+01,5.746747343781918316e-01,9.606476889756997428e-01,1.322689407473435441e+00,1.645114755204400092e+00,1.956679442876762876e+00
3.060000000000000053e+00,1.034823763437455302e+00,3.295645226482250933e+01,9.391735257894294475e-02,1.648616694284282147e+00,2.802307132435457801e-02,1.853240471807722667e+00,5.289934528369357736e-01,2.492711371587306157e-01,2.217354100043339715e-01,1.862427674734324468e+00,1.757751643021122590e+01,5.727552616419189224e-01,9.665450144235410157e-01,1.322432519351251834e+00,1.645204532083899274e+00,1.960724122725676422e+00
3.075000000000000178e+00,6.523279243504473968e-01,3.320127105135245671e+01,1.779661727170815666e-01,1.319841713581593856e+00,3.738812773931050187e-02,6.508730265665801928e-01,5.289945517859866442e-01,2.467169794448866305e-01,2.242884687691264478e-01,1.792345094311823761e+00,8.919981789505719405e+00,5.940174526725509052e-01,9.659731783073320921e-01,1.327213290117658318e+00,1.640591951172498897e+00,1.961352973794629584e+00
3.089999999999999858e+00,8.912317432820430207e-01,3.304399769665698017e+01,7.223836505683527143e-02,1.622907348389593940e+00,8.413985941140915414e-02,5.662153284651023633e-01,5.316521267533392825e-01,2.470093561739067634e-01,2.213385170727536488e-01,1.802891498825275329e+00,7.992395435216963051e+00,5.700939014089311252e-01,9.625642838863562867e-01,1.317264938218277726e+00,1.642935942781605485e+00,1.966583491269811690e+00
3.104999999999999982e+00,4.127769704780995252e-01,3.255458910434420972e+01,1.401639269757812556e-01,4.176503672921825783e-01,3.041124582357522810e-01,3.918823929211288082e-01,5.371314982367850765e-01,2.477525580592670473e-01,2.151159437039479039e-01,1.966381874256573070e+00,2.486943099626098430e+01,5.894727424500874058e-01,9.666008937300625270e-01,1.321814218915625005e+00,1.641510475762888221e+00,1.964193862944860980e+00
3.120000000000000107e+00,9.322132332943287025e-01,3.224290505778689209e+01,6.131000044126716508e-02,1.498820666449191430e+00,1.025692405981987326e-01,5.564140809283300015e-01,5.395807079451073740e-01,2.476996683003722943e-01,2.127196237545200264e-01,1.887806352132338272e+00,1.792655119178747114e+01,5.783697771569075163e-01,9.681167626412943150e-01,1.325300648048467922e+00,1.638192832626476081e+00,1.952055641785469087e+00
3.135000000000000231e+00,7.800411094814555524e-01,3.210683832253993586e+01,-1.232965896126502342e-01,6.893877233688749939e-01,1.034739192648547190e-01,1.377126155975618271e+00,5.424397707523400669e-01,2.480451288079717209e-01,2.095151004396883232e-01,1.818557696075968400e+00,9.685863674283245572e+00,5.697482779707871980e-01,9.610952894365345500e-01,1.321419699248292279e+00,1.642470159891705750e+00,1.950662561109965054e+00
3.149999999999999911e+00,1.461303520197582584e+00,3.224996616257565307e+01,3.281217353519728652e-01,1.766224062630519231e+00,3.485131627362454410e+00,9.378201504801174648e-01,5.449945820605663904e-01,2.499374345478704018e-01,2.050679833915633743e-01,1.793947776432832653e+00,7.742234051112919957e+00,5.605086236324616777e-01,9.545453678809352471e-01,1.316691507300939978e+00,1.639065619627920078e+00,1.958225955318411593e+00
3.165000000000000036e+00,6.692079903623013859e-01,3.236790162024562534e+01,-3.255230199383148393e-01,6.191515857291053360e-01,1.071126155505965072e-01,7.760020303769700201e-01,5.441792785541492705e-01,2.523272380398191017e-01,2.034934834060313502e-01,1.796756081766855750e+00,7.943704220935038585e+00,5.803198431344016583e-01,9.558114855856919556e-01,1.315848507581291127e+00,1.643189418161670190e+00,1.967932644333405978e+00
3.180000000000000160e+00,4.858469565043271876e-01,3.257412691196202559e+01,-1.279326503261270058e-02,3.656414425087560205e-01,1.326154571398777127e-01,7.124983280433497823e-01,5.410129851235987442e-01,2.563643597892897308e-01,2.026226550871117194e-01,1.792147452404923902e+00,7.742636278916354087e+00,5.898020489446821335e-01,9.594240858484950341e-01,1.310503302925600355e+00,1.642450458109354638e+00,1.969545106111536770e+00
3.195000000000000284e+00,4.366661256242576061e-01,3.286859492195461740e+01,1.233933357452871998e-01,3.369310546169249077e-01,1.443662660900066619e-01,6.440575933314489632e-01,5.385248818360678369e-01,2.604512500832249500e-01,2.010238680807072131e-01,1.789088379419365049e+00,7.951112507965958365e+00,5.943142582821334674e-01,9.619116456741121368e-01,1.312262027659401697e+00,1.640675677537306365e+00,1.963714267208304998e+00
3.209999999999999964e+00,6.290528085531208458e-01,3.311990990405323032e+01,1.927673007324158805e-01,4.045030163354730868e-01,1.681137594721575923e-01,1.001130150679139685e+00,5.373127319970875115e-01,2.630145024007459198e-01,1.996727656021667074e-01,1.772111711327364114e+00,7.407858174551892105e+00,5.856587864392439613e-01,9.619485092289193906e-01,1.312100345295136750e+00,1.644075614350023473e+00,1.962739780910483844e+00
3.225000000000000089e+00,6.408974694693903018e-01,3.341804679817639112e+01,1.925073262740446822e-01,3.796749204955111034e-01,2.441670613038285365e-01,1.098919257554967999e+00,5.352425037151975484e-01,2.670267184438844255e-01,1.977307778409179706e-01,1.766242671373783324e+00,7.343505048213579300e+00,5.826596145075777500e-01,9.534949213461301198e-01,1.313148995815786257e+00,1.646660937795082491e+00,1.961178140341351073e+00
3.240000000000000213e+00,7.070143419497322279e-01,3.369688219436991972e+01,1.495574745853227583e-01,5.495773030831564432e-01,2.789352370586328234e-01,1.337775307297257132e+00,5.348811195155980247e-01,2.696179770234834461e-01,1.955009034609182794e-01,1.751037835559820177e+00,7.053319848736431474e+00,5.820806328687238018e-01,9.539526275255661991e-01,1.313768691896131990e+00,1.648925620375438772e+00,1.959852167228764097e+00
3.254999999999999893e+00,1.131219759653256274e+00,3.396674988871166079e+01,2.192746719854373472e-01,8.315529494986835246e-01,1.864689038872932303e-01,1.375629549993373280e+00,5.331648660356722580e-01,2.716092854695027481e-01,1.952258484948249107e-01,1.738578900179287956e+00,7.255305381816566701e+00,5.800938002376262448e-01,9.513486002367126382e-01,1.312651008057273749e+00,1.651125117747070270e+00,1.954106060842030868e+00
3.270000000000000018e+00,1.184441501227161186e+00,3.420090091124450993e+01,2.589978609657536679e-01,9.766652649073180870e-01,1.501000085756557245e-01,1.702632311269737686e+00,5.307114333651024030e-01,2.726649167553450437e-01,1.966236498795527754e-01,1.727539198230204409e+00,6.993122060918948613e+00,5.775330320605752688e-01,9.496056706700696237e-01,1.313606283954039888e+00,1.655534320703917928e+00,1.952718579603519800e+00
3.285000000000000142e+00,1.250739913210957344e+00,3.442223231666916661e+01,2.272206818156196628e-01,1.231600928905095316e+00,1.122803079588126224e-01,1.746996334657200389e+00,5.291066574311087400e-01,2.738548830622982155e-01,1.970384595065928224e-01,1.719223150094800756e+00,6.821192332872813680e+00,5.741168913790892780e-01,9.512444391003731514e-01,1.316661138097793060e+00,1.655412360023617024e+00,1.957830814349492243e+00
3.300000000000000266e+00,1.347619423280666640e+00,3.467090934564952676e+01,1.762609529003924258e-01,1.378086609418869068e+00,1.120500788277863646e-01,2.088597052706311352e+00,5.273382150091678877e-01,2.749146469716754471e-01,1.977471380191569150e-01,1.706620765123946226e+00,6.038379046803453498e+00,5.729515038514179093e-01,9.528120649087250538e-01,1.316104894543693948e+00,1.660954832932080460e+00,1.950657330062286032e+00
3.314999999999999947e+00,8.734821927404787800e-01,3.483900568813140808e+01,1.179606838499576149e-01,1.490195428180011827e+00,1.554913466172801462e-01,1.221448025969401607e+00,5.259692966157127891e-01,2.763972412834874159e-01,1.976334621007999892e-01,1.688934824259870737e+00,4.668619399894295974e+00,5.746136202259829462e-01,9.493351856557458168e-01,1.315466154138896337e+00,1.659121874611082514e+00,1.956909085287918737e+00
3.330000000000000071e+00,1.234293888815355178e+00,3.445616037630041006e+01,7.224090025061022380e-02,1.514436875051155429e+00,-2.130953608629332016e-02,8.189385634938777248e-01,5.284799426235669007e-01,2.785867060467097089e-01,1.929333513297235014e-01,1.753321695511569356e+00,1.367638349374281859e+01,5.630224088861910392e-01,9.446698545532612457e-01,1.312209374778703364e+00,1.662510036528758395e+00,1.958462406984947002e+00
3.345000000000000195e+00,6.830678209929186284e-01,3.457443408757607273e+01,-3.758359767800127371e-01,5.818846082402868714e-01,-4.006412698848734605e-02,7.698181072170178219e-01,5.294835835343830732e-01,2.795745745707504115e-01,1.909418418948669871e-01,1.757184353380274677e+00,1.362931077403103508e+01,5.812812003545938522e-01,9.485051559036816737e-01,1.314191052103281354e+00,1.661637010046899787e+00,1.955000895375549552e+00
3.359999999999999876e+00,5.488715172323314073e-01,3.490444593425934272e+01,7.173038775319713622e-02,2.284517610923459396e-01,7.842418658856102620e-02,1.020724668021915305e+00,5.267735871534007241e-01,2.814171120894579103e-01,1.918093007571410880e-01,1.676071606824660387e+00,7.634996253648561826e+00,6.017154165593634474e-01,9.435863951409880768e-01,1.313026352714958822e+00,1.659442829781118789e+00,1.970699474509443938e+00
3.375000000000000000e+00,8.401925921258609486e-01,3.448195312632051213e+01,3.719842976772681775e-02,2.676152572529516549e-01,1.398633736586153142e-01,1.492278063949005862e+00,5.321274747882629441e-01,2.835123988924744265e-01,1.843601263192622686e-01,1.673535706887882890e+00,6.266908861739683978e+00,5.877632588296723970e-01,9.385936367922420587e-01,1.305809099991113609e+00,1.655405346922882215e+00,1.977111808233307233e+00
3.390000000000000124e+00,5.522889506183398245e-01,3.422492049565273220e+01,-5.047822454205989212e-03,3.828095980889905658e-01,-5.864156648543104172e-02,5.888682208801518936e-01,5.321171919963779695e-01,2.872249468049126730e-01,1.806578611987096072e-01,1.686508593603983863e+00,6.514042353254644979e+00,5.894399844386609688e-01,9.342853958143706450e-01,1.305639716056956612e+00,1.660570265369537779e+00,1.981588474011075629e+00
3.405000000000000249e+00,4.791273845633330919e-01,3.439424067396365103e+01,-1.693390152801063989e-02,3.146255704926114727e-01,2.044379047182435377e-02,5.098383228772674913e-01,5.274101706637422948e-01,2.897743317769148064e-01,1.828154975593430098e-01,1.683576366518935830e+00,6.367021428111679704e+00,5.952679076337902275e-01,9.356955059174216771e-01,1.310939116606911092e+00,1.662872402267781879e+00,1.979996932697524858e+00
3.419999999999999929e+00,4.664656775931598220e-01,3.465960012072198992e+01,-1.136498934266391529e-02,3.285995739350363598e-01,9.169359909326750546e-02,5.865018919730456970e-01,5.227421790347586139e-01,2.919640176140372856e-01,1.852938033512039062e-01,1.681455105039888265e+00,6.308502392990788188e+00,5.860409519281083446e-01,9.404613566873050168e-01,1.310589078251566786e+00,1.667896760109535581e+00,1.979941298969784436e+00
3.435000000000000053e+00,5.615689941050430178e-01,3.492165064072242586e+01,-1.247928476809418048e-02,5.385780239329849284e-01,7.955178942886814708e-02,6.033923928886295585e-01,5.178196621804876942e-01,2.944377682442059774e-01,1.877425695753057178e-01,1.678301323756997476e+00,6.798285669700740108e+00,5.808422988092101225e-01,9.405392289196012889e-01,1.314412645759676979e+00,1.668051606044785418e+00,1.977015349317570392e+00
3.450000000000000178e+00,5.599280685746139685e-01,3.525614481710184123e+01,-3.794979989417504498e-03,4.951312818836841601e-01,3.928243375778321944e-01,7.119608183528653989e-01,5.099458263833486216e-01,2.988943050221847253e-01,1.911598685944664866e-01,1.668106904425120662e+00,7.011964113505552376e+00,5.841684289502180327e-01,9.477656583486525621e-01,1.316011177690000977e+00,1.670866510531933358e+00,1.968823254372167764e+00
3.464999999999999858e+00,5.936385778976512873e-01,3.553454752190862820e+01,1.706112039957608795e-01,2.041535709062887727e-01,1.311242039947664584e-01,1.121825433689026319e+00,5.016567740660271557e-01,3.063446052661786823e-01,1.919986206677940788e-01,1.657211985045592417e+00,7.330963536095405964e+00,5.878000490578487724e-01,9.490834657728989265e-01,1.328082252871320312e+00,1.676351537039145967e+00,1.971816462552059113e+00
3.479999999999999982e+00,3.812371526424577217e-01,3.553033922231755071e+01,1.434245249299116454e-01,2.236491790502414811e-01,2.863036143615670936e-01,5.318274854136106899e-01,5.009100185819727047e-01,3.091814607035732743e-01,1.899085207144541876e-01,1.661721100126330564e+00,7.516860288328807371e+00,5.842406047877860553e-01,9.514330269976276622e-01,1.321618656717163498e+00,1.678494842555522837e+00,1.967282506464254732e+00
3.495000000000000107e+00,4.412810795548842147e-01,3.561823917260270633e+01,1.367270805289957925e-01,3.080868556376566425e-01,1.726389198055533758e-01,5.155874923280499011e-01,4.980202496087810515e-01,3.116432334708485463e-01,1.903365169203701801e-01,1.660521382901689602e+00,7.335135377321490679e+00,5.843447663854388630e-01,9.551676859216557958e-01,1.324244823426220297e+00,1.677788201588895411e+00,1.970456333579195363e+00
3.510000000000000231e+00,4.656917939532626005e-01,3.573265556800287612e+01,1.237448870280601354e-01,3.282230825488627879e-01,1.182331321069759050e-01,5.432574165224199891e-01,4.943688394933972163e-01,3.143277858424523563e-01,1.913033746641503163e-01,1.656654161379585544e+00,7.278444859889049212e+00,5.927588826976113445e-01,9.555472140538076031e-01,1.322622086054096702e+00,1.679387452222480093e+00,1.971791769673137740e+00
3.524999999999999911e+00,4.705919180420264913e-01,3.583752483175123160e+01,1.147525856426167556e-01,3.385126495009277425e-01,8.291722640957335799e-02,5.617609442835386213e-01,4.906872591108797921e-01,3.175383459324585544e-01,1.917743949566612927e-01,1.653814755949695847e+00,7.322862660571749949e+00,5.932831009863784866e-01,9.578226100066983273e-01,1.322913424386660264e+00,1.681181565676393541e+00,1.968446491472563897e+00
3.540000000000000036e+00,4.724814846886907782e-01,3.591705000211727850e+01,1.091185586730669260e-01,3.244968026544999828e-01,3.904218575279957970e-02,6.040946776849991373e-01,4.870622000868418677e-01,3.209984399949207812e-01,1.919393599182375454e-01,1.653132059211992688e+00,7.399507323240854362e+00,5.917184581045731306e-01,9.552429486028191086e-01,1.321680865912163494e+00,1.681641465414306591e+00,1.973080691076151583e+00
3.555000000000000160e+00,4.977235208482594930e-01,3.595199241844902360e+01,1.048804066923922501e-01,2.977062898863092610e-01,-3.150293321852464662e-02,6.741242600809990160e-01,4.837271683548883816e-01,3.246407797425630015e-01,1.916320519025481728e-01,1.653905053330422037e+00,7.518902614945419671e+00,5.934755464407702741e-01,9.518210117917934587e-01,1.322276010009665548e+00,1.682443240690026043e+00,1.977058530558919003e+00
3.570000000000000284e+00,4.163614399089052287e-01,3.600751584919967740e+01,8.855945854204230749e-02,3.506261084319500232e-01,1.056824533617000024e-02,3.961447933961113055e-01,4.799647047276995870e-01,3.284999727263462344e-01,1.915353225459536790e-01,1.654331646524930477e+00,7.612292658288670744e+00,5.955756606365629757e-01,9.548754685115363738e-01,1.322717230440992875e+00,1.684926293623014715e+00,1.976444635449199350e+00
3.584999999999999964e+00,3.286626196179358583e-01,3.610591925773648114e+01,8.374249089583872541e-02,2.716345995009722958e-01,-1.832239666243174261e-02,3.893692012529956226e-01,4.760825822472580793e-01,3.322403324551246873e-01,1.916770852976166506e-01,1.650285204509916115e+00,7.838272369609442514e+00,5.941673748267738420e-01,9.537677671305806459e-01,1.323524866690220403e+00,1.687583877192004422e+00,1.973539768396461280e+00
3.600000000000000089e+00,2.756205284917916387e-01,3.620414825391189595e+01,8.065679574327576373e-02,2.396644152439101061e-01,5.773202079219266758e-02,3.753793342865398563e-01,4.730678568284391594e-01,3.352521288964159796e-01,1.916800142751448610e-01,1.646549162138235545e+00,7.528817910768793809e+00,5.919546536554947114e-01,9.530032852574589208e-01,1.321449777496463085e+00,1.687806946611595471e+00,1.974552573888933793e+00
3.615000000000000213e+00,2.669736335569972141e-01,3.629737152335652439e+01,7.620367940935592055e-02,2.492198348737044156e-01,9.780021467609671670e-02,3.830679666850825837e-01,4.706503038579529785e-01,3.377656449206193345e-01,1.915840512214279090e-01,1.642789750152028105e+00,7.327996540317386120e+00,5.891276178025850463e-01,9.508738536384798712e-01,1.320985285845786894e+00,1.686237318179740985e+00,1.977788533540757010e+00
3.629999999999999893e+00,2.823736787778051704e-01,3.637969702082039447e+01,7.176497300732107010e-02,2.882474809009710204e-01,8.533386802223397183e-02,3.958751412872643094e-01,4.684878675982482310e-01,3.398757735467938801e-01,1.916363588549577501e-01,1.639196084555210042e+00,7.270262782694509873e+00,5.933670810934964512e-01,9.515527710721056742e-01,1.321656626635817844e+00,1.684949569770936684e+00,1.974757121829348483e+00
3.645000000000000018e+00,3.069974106897995769e-01,3.645923787608375477e+01,6.835176189352781817e-02,3.299996327264539953e-01,6.318615728594742520e-02,4.190610803545381513e-01,4.663391760903162764e-01,3.417943481104140369e-01,1.918664757992695757e-01,1.635161954618156832e+00,7.192514731927425409e+00,5.912526894943009870e-01,9.541891112895105609e-01,1.321281008640355026e+00,1.687807963563893177e+00,1.978383830493560591e+00
3.660000000000000142e+00,3.384411106625302423e-01,3.653733750892440924e+01,6.614933122304507418e-02,3.618272621753566010e-01,4.026464287266889180e-02,4.610237720587358479e-01,4.641732594957513891e-01,3.437281793571859700e-01,1.920985611470621968e-01,1.630488618949641699e+00,7.085328437507114607e+00,5.977089030579553208e-01,9.512971041711870690e-01,1.323524812954320673e+00,1.685521813509050171e+00,1.982051235715875492e+00
3.675000000000000266e+00,3.756969072048719771e-01,3.660628482151560803e+01,6.541983851100265090e-02,3.860870271602642179e-01,1.275078354907852388e-02,5.085606290028861221e-01,4.620546757057173992e-01,3.458689452574866818e-01,1.920763790367960855e-01,1.625497256390476153e+00,7.171741379089379365e+00,5.955025244324034794e-01,9.536095664715639186e-01,1.323446708545718220e+00,1.682438224589920761e+00,1.981556655611921292e+00
3.689999999999999947e+00,3.885128361987890133e-01,3.666709227029021889e+01,6.491386285155570368e-02,5.013638120876099391e-01,4.437993851346558674e-03,3.906087732937818524e-01,4.597312831191789906e-01,3.483437558455900196e-01,1.919249610352310731e-01,1.622257940282432642e+00,7.166422939985864993e+00,5.937072041639986919e-01,9.533038464779870491e-01,1.320589695264088093e+00,1.682794192199705607e+00,1.986248089001946271e+00
3.705000000000000071e+00,3.535420067442988090e-01,3.678257303034482817e+01,6.824964949461129193e-02,3.746839231653164015e-01,9.002952514919828828e-03,4.398626023635046622e-01,4.562924282469753567e-01,3.507464632145086969e-01,1.929611085385156410e-01,1.619295938920318534e+00,7.048355564017196428e+00,5.890432689463119820e-01,9.517568532843092566e-01,1.319754604964546552e+00,1.680289589183520338e+00,1.988149217108224898e+00
3.720000000000000195e+00,3.311794478589397128e-01,3.685873255705597273e+01,6.918201211681476726e-02,2.951437868507438278e-01,-3.635229998942535266e-03,4.552758632010944218e-01,4.539061394234695790e-01,3.535855674435854357e-01,1.925082931329444857e-01,1.614115227489461679e+00,7.177438464447678967e+00,5.913346907094380045e-01,9.534987303497278743e-01,1.318282736564127422e+00,1.680337143311101400e+00,1.985529864595817928e+00
3.734999999999999876e+00,3.214656504814976112e-01,3.690712836047474354e+01,7.020364419792328448e-02,2.639457229909071834e-01,1.345545607093967880e-02,4.544327810497301723e-01,4.518631664207420906e-01,3.564989840283783185e-01,1.916378495508797020e-01,1.610835809732356960e+00,7.577766628695745688e+00,5.930939197043587630e-01,9.537005191366554335e-01,1.317997976965854523e+00,1.678073407952894947e+00,1.990330900484288623e+00
3.750000000000000000e+00,3.123624902097036360e-01,3.694220058854202193e+01,7.206131439934151950e-02,2.560396639488621839e-01,3.836620789106234136e-02,4.416051406148023828e-01,4.498886999703723966e-01,3.595916608768782163e-01,1.905196391527495536e-01,1.611658500587016762e+00,8.461509244633466764e+00,5.939043722879676634e-01,9.535291593110758468e-01,1.318793405893447623e+00,1.680263233140239620e+00,1.996317707923564999e+00
3.765000000000000124e+00,3.077173292752719003e-01,3.696649145462371422e+01,7.526710795688615341e-02,2.640015234368606745e-01,5.192847541787071891e-02,4.386604716008480342e-01,4.479132333404256539e-01,3.628448847258814447e-01,1.892418819336929570e-01,1.618852176692097800e+00,1.022948783169381670e+01,5.916477872938897820e-01,9.535633739799349584e-01,1.317206811831489688e+00,1.680257413841908187e+00,2.004991586181927410e+00
3.780000000000000249e+00,4.161142202411672875e-01,3.691715382867591444e+01,7.709371910120103866e-02,1.829228161137034236e-01,4.791676599222025046e-02,8.644212579552951192e-01,4.461407121987597257e-01,3.670001847361962222e-01,1.868591030650440798e-01,1.680755536431410846e+00,1.842324525051962780e+01,5.896669146808904971e-01,9.571058660951017316e-01,1.320021658233820006e+00,1.676035090102647729e+00,2.007161924801319053e+00
3.794999999999999929e+00,4.366787224851387816e-01,3.696421160720928611e+01,5.851607628359623003e-02,3.308624182342748132e-01,8.630857887850146293e-03,6.755892439450185138e-01,4.478257389229339247e-01,3.700373484793247347e-01,1.821369125977411463e-01,1.589126511184579815e+00,6.747308358192135813e+00,5.881008153395118621e-01,9.627360538743161555e-01,1.323532827410057511e+00,1.676933576527308567e+00,2.014881553990370389e+00
3.810000000000000053e+00,5.129133228894661167e-01,3.695445030286128230e+01,4.096109496046754228e-02,6.802909521567851447e-02,2.734957935161691500e-02,8.820041369543325516e-01,4.491164390519437055e-01,3.703915967434565082e-01,1.804919642045998418e-01,1.599572724246240751e+00,7.063211560636664998e+00,5.881214267005574481e-01,9.618746262671967751e-01,1.322378864465721282e+00,1.680538092320289500e+00,2.003802316076472856e+00
3.825000000000000178e+00,2.486350294396235117e-01,3.696928797769577812e+01,5.872654166707930862e-02,-1.998242386231701695e-01,6.412974145623454025e-02,4.583285947763104939e-01,4.498365019555822242e-01,3.708630794884690829e-01,1.793004185559485542e-01,1.595851052271370030e+00,5.917884612154380441e+00,5.879580973136996347e-01,9.566592142105119212e-01,1.320377627973772228e+00,1.680744022708412500e+00,1.998706489455787105e+00
3.839999999999999858e+00,2.800486846384220851e-01,3.678964551377454484e+01,7.706929199298921673e-02,6.306857503667355758e-01,5.811415535814797723e-02,3.007657996913879472e-01,4.504246717245439791e-01,3.710987538808217523e-01,1.784765743946347405e-01,1.595450204953636986e+00,5.892935296890489560e+00,5.940336778465779011e-01,9.519494474222337521e-01,1.319539298445302045e+00,1.676368980515687612e+00,1.993339057388030966e+00
3.854999999999999982e+00,3.362615503647284343e-01,3.668872672635845333e+01,5.568175127120261747e-02,2.993438186293384540e-01,6.721156231525751701e-02,3.834031420988172623e-01,4.515639744081424989e-01,3.721880412450090936e-01,1.762479843468486018e-01,1.601241859708588455e+00,6.678068381184189661e+00,5.906713079822633050e-01,9.572286780442751386e-01,1.316886267836390623e+00,1.689826751638788371e+00,1.997115872515497159e+00
3.870000000000000107e+00,8.202087222679583789e-01,3.652458872579268956e+01,2.456418118374894405e-02,1.591322677430593080e+00,-2.976687513302748722e-01,1.151730194517793349e+00,4.534609079321760827e-01,3.717117420329713595e-01,1.748273500348522247e-01,1.619575051566513268e+00,7.326482385104216455e+00,5.878851852359251451e-01,9.639050192710856280e-01,1.315172967781976343e+00,1.687148296558355520e+00,1.991280617995922153e+00
3.885000000000000231e+00,5.547268744954072517e-01,3.637704704689939916e+01,7.562469384227360480e-02,1.845350774778334313e-01,-1.597956673396430660e-01,1.149357590976509469e+00,4.611517957540396395e-01,3.628025089498806977e-01,1.760456952960798016e-01,1.644851911201685057e+00,9.051302105291075151e+00,5.924695360688104762e-01,9.558790984658158685e-01,1.316636303861335788e+00,1.680069381007047280e+00,1.990810277943690698e+00
3.899999999999999911e+00,6.639878731058971306e-01,3.618291914753778826e+01,6.884601238798500333e-02,1.131493526582937115e+00,1.054457746946524110e-01,3.943647230475577081e-01,4.562158419331060477e-01,3.700026860542435792e-01,1.737814720126500956e-01,1.665058238900064325e+00,1.103598639876918419e+01,6.049830716174591227e-01,9.494893009988845112e-01,1.309068045798360336e+00,1.684061809070974247e+00,1.992129497310869413e+00
3.915000000000000036e+00,3.101826784169968154e-01,3.617393560585915679e+01,6.014740972157311266e-02,2.516509140411407608e-01,-8.064426507034155867e-02,2.763997802754167843e-01,4.524683370845782315e-01,3.741805426480783736e-01,1.733511202673432838e-01,1.637176240088549672e+00,9.769926106468428628e+00,6.073932960078575194e-01,9.484391196896780896e-01,1.311828113569065035e+00,1.690157649936242734e+00,2.004209123640682044e+00
3.930000000000000160e+00,6.014996076753962306e-01,3.614024373791387745e+01,5.358390243528991098e-02,6.491165460108292429e-01,-1.088696485315818335e-01,2.843443146705327829e-01,4.539017758747167508e-01,3.728280118845341828e-01,1.732702122407494827e-01,1.627472800635503036e+00,9.322864357751582176e+00,6.079562911056441976e-01,9.546031573741784459e-01,1.311679313637236000e+00,1.687945240538530678e+00,2.003832653503512251e+00
3.945000000000000284e+00,3.820750918466842561e-01,3.616239666453326151e+01,5.346587300202160220e-02,5.981745069928198211e-01,-1.928899614994432632e-01,3.134161501357212165e-01,4.543722014792987984e-01,3.721308685714085351e-01,1.734969299492926664e-01,1.627028911777409048e+00,9.436209196473591021e+00,6.201926690732553205e-01,9.555226369654692409e-01,1.312271442749159078e+00,1.681540221956538073e+00,2.008335271170488490e+00
3.959999999999999964e+00,3.572749196805903305e-01,3.618689755435128319e+01,5.149293982618825122e-02,5.564896998022581531e-01,-1.579309595405866407e-01,2.755466009592540955e-01,4.566325525049642065e-01,3.683716658335592919e-01,1.749957816614761130e-01,1.624917827621932709e+00,9.109917327963342970e+00,6.214037215415979531e-01,9.573100115985579972e-01,1.310215383242637532e+00,1.676420264461379928e+00,2.007337689236230904e+00
3.975000000000000089e+00,3.680307374283418587e-01,3.626124387522055770e+01,4.385026300106475983e-02,4.369342685684721728e-01,-1.656712316574302790e-01,3.056668134463000341e-01,4.583687231324841127e-01,3.649979271698437500e-01,1.766333496976722484e-01,1.621685540663423630e+00,8.673774201122393279e+00,6.209650113953574246e-01,9.555677257982170270e-01,1.313530546458129944e+00,1.677145504742900917e+00,2.006168742883129852e+00
3.990000000000000213e+00,4.125550196477124620e-01,3.635994102854962762e+01,3.548148683803807601e-02,3.333417914934358461e-01,-1.776826015758267152e-01,3.769176384486445652e-01,4.588507572967714943e-01,3.625224419865654135e-01,1.786268007166628147e-01,1.618914616963289532e+00,8.319243166281168556e+00,6.178853551506867658e-01,9.566265782204068646e-01,1.313994783180468140e+00,1.674009773956850022e+00,2.004719357472354080e+00
4.004999999999999893e+00,4.793012428328979335e-01,3.649645245184163400e+01,2.580628490686717735e-02,3.108002268522417899e-01,-1.699491172507048287e-01,5.089129386845856473e-01,4.583233729436501092e-01,3.603050646563883963e-01,1.813715623999613835e-01,1.614975776814082664e+00,8.106976338131385518e+00,6.158873180832051819e-01,9.563200469109458535e-01,1.312924932926387456e+00,1.672515935924345110e+00,1.999984335337958274e+00
4.020000000000000462e+00,5.524463125210962167e-01,3.667227196240705211e+01,1.549091656558178667e-02,4.836928127099856534e-01,-1.119060283452971982e-01,6.438911935475403192e-01,4.575411241531767148e-01,3.585961505688159967e-01,1.838627252780070664e-01,1.609877160078303060e+00,8.064015333141002273e+00,6.138477440828945531e-01,9.579653987792156045e-01,1.311649297012087434e+00,1.669229838989762404e+00,2.000613526956227517e+00
4.035000000000000142e+00,8.174946654728486584e-01,3.689959272296839998e+01,9.963229904395898978e-03,6.526984908015301956e-01,-1.921233592574838334e-01,9.690503864841060189e-01,4.578273064097211353e-01,3.577720405139295790e-01,1.844006530763493967e-01,1.606964957363961499e+00,8.241635859974234535e+00,6.123391550724374133e-01,9.541566846466105201e-01,1.313987326400869460e+00,1.662727826527986119e+00,1.997379031070753541e+00
4.049999999999999822e+00,8.222714517777852672e-01,3.696737735866136632e+01,2.264130065667401687e-02,8.407964867967266942e-01,-1.840346403648575879e-01,9.213622561137286837e-01,4.625496153503688701e-01,3.542619127161089065e-01,1.831884719335222234e-01,1.618612930243783943e+00,8.818715043144543131e+00,6.119120209837388691e-01,9.534992597360603117e-01,1.320517910113544469e+00,1.664062191051662198e+00,1.994646155564117951e+00
4.065000000000000391e+00,3.748354944686180801e-01,3.684950043837620370e+01,4.367275026080071759e-02,2.254000782049547791e-01,6.704789781076966326e-01,2.306606469582821173e-01,4.637059154922676951e-01,3.507210660800674229e-01,1.855730184276647710e-01,1.640320342313885904e+00,1.128718405657039803e+01,6.301164658332548685e-01,9.605616151277318604e-01,1.313687291774103816e+00,1.675230930839501919e+00,1.991391579909528087e+00
4.080000000000000071e+00,6.265582030857347329e-01,3.706224001693816916e+01,-1.076979509182496297e-02,1.942240132664272423e-01,7.275832878327384012e-01,6.527919021193260285e-01,4.598402683262381996e-01,3.499424966508893342e-01,1.902172350228723274e-01,1.620930087882303194e+00,1.095120806488286291e+01,6.255102746903389299e-01,9.580532670388034466e-01,1.315546218581234772e+00,1.674981945465980004e+00,1.989915135666188606e+00
4.094999999999999751e+00,7.491339502647496040e-01,3.723905562890727339e+01,-1.806119554470282662e-02,2.046168389897001505e-01,1.614130318573169243e-01,1.100949436920372282e+00,4.582798286683753552e-01,3.483581158881861040e-01,1.933620554434385408e-01,1.602225612768730434e+00,1.016029180827532485e+01,6.093308137263059310e-01,9.562920989325967014e-01,1.315326539091457692e+00,1.677129967882018402e+00,1.985513582136259281e+00
4.110000000000000320e+00,3.960396137983622777e-01,3.731614767327400273e+01,-1.003466054728417989e-01,1.782182356174679683e-01,-1.965472843880371190e-03,2.887442201709904399e-01,4.589924293049645332e-01,3.465676132914183305e-01,1.944399574036174139e-01,1.581537949263128517e+00,8.916883366827908830e+00,6.255886062296113215e-01,9.537764385075603313e-01,1.314370688941124854e+00,1.680960873122358201e+00,1.984871231444877981e+00
4.125000000000000000e+00,3.843645247528936215e-01,3.744358819957049178e+01,-1.859548843079706845e-02,1.785326492411604404e-01,5.256502207270793287e-02,3.104892084966487942e-01,4.594258617625553431e-01,3.454963454484991092e-01,1.950777927889456587e-01,1.572109985891195993e+00,8.378125663548555480e+00,6.197300998154123830e-01,9.560806426145209702e-01,1.319937622149770728e+00,1.675232835784701724e+00,1.988949621786431754e+00
4.139999999999999680e+00,5.420315298606035448e-01,3.760334305489281803e+01,1.323433079651885856e-02,1.648545707880824940e-01,1.076431527659306997e-01,6.237760462888424229e-01,4.593922643899980285e-01,3.440054918954768004e-01,1.966022437145249213e-01,1.573712732019139082e+00,8.906247917498365751e+00,6.143008560642115867e-01,9.513881824095630213e-01,1.317705670983637445e+00,1.674110008543569172e+00,1.983422176315088103e+00
4.155000000000000249e+00,6.748252818165694222e-01,3.782947019694294966e+01,1.704024987178743081e-02,1.518052400061732921e-01,3.925968754264800437e-02,8.902702135458486765e-01,4.592567383882715792e-01,3.405917508633345969e-01,2.001515107483937683e-01,1.576786591224350609e+00,1.013295666186838773e+01,6.116640264858547171e-01,9.610390501818937281e-01,1.325686193506118382e+00,1.672650530750078079e+00,1.983012064717379008e+00
4.169999999999999929e+00,4.319662994103773412e-01,3.795812206264513122e+01,1.117020630450758223e-01,2.135056271618122614e-01,8.359676921927640392e-02,2.173832957567255753e-01,4.672691393415355776e-01,3.340086819949485419e-01,1.987221786635157972e-01,1.507513789362739054e+00,4.392208356349959431e+00,6.071932576874786713e-01,9.608836181254225561e-01,1.327141008652682475e+00,1.672290254510266028e+00,1.976525983067684011e+00
4.185000000000000497e+00,5.056583810446166893e-01,3.772605493091888462e+01,1.609967063836412471e-01,2.380037643355367438e-01,-4.245427043622847924e-03,2.329185804612710631e-01,4.774274077536384553e-01,3.259984011558834105e-01,1.965741910904780787e-01,1.499437055470398183e+00,5.177106516922303392e+00,6.223280192693922963e-01,9.625599333161158899e-01,1.321134912363914005e+00,1.664829131122471884e+00,1.978366590656600366e+00
4.200000000000000178e+00,4.324550452370935494e-01,3.735894802551035099e+01,8.797246300162181454e-02,7.401690354487375223e-02,-9.845544138555477331e-02,1.875962434813372437e-01,4.867750817292401111e-01,3.177022124628551825e-01,1.955227058079046509e-01,1.522182842406211378e+00,7.608549969468819008e+00,6.187232723681129754e-01,9.656989268345460564e-01,1.316093499745814466e+00,1.661482204352390024e+00,1.986472610028414465e+00
4.214999999999999858e+00,5.392313480527005654e-01,3.724095616377555729e+01,5.697013991327421617e-02,1.021893370773330062e-01,-7.314008013849412904e-02,1.710993995078972096e-01,4.917843620019110573e-01,3.137530224447072080e-01,1.944626155533819567e-01,1.533560378930751478e+00,7.449175110760144491e+00,6.222791744062714514e-01,9.620088239721185097e-01,1.315584270057953198e+00,1.657435793753113895e+00,1.977846957191477628e+00
4.230000000000000426e+00,6.612667765396569308e-01,3.732205987512962508e+01,3.470982084213516256e-02,1.845104391350582962e-01,1.889567099477451866e-03,1.897613299254948538e-01,4.957222663579380351e-01,3.101103077246117889e-01,1.941674259174497874e-01,1.525435079172040354e+00,6.399867149934592270e+00,6.088452944614466400e-01,9.560081938823381531e-01,1.316365075396513706e+00,1.658214984133253411e+00,1.975263639778435998e+00
4.245000000000000107e+00,6.390247215313012985e-01,3.737796984212887708e+01,4.907030757078024302e-02,6.509727197250038400e-02,7.253018344634003245e-02,4.590601822279902766e-01,4.940665820487347704e-01,3.085580001690786389e-01,1.973754177821863409e-01,1.520626136675203854e+00,6.939221588677363606e+00,6.086540538412622547e-01,9.565456418571610664e-01,1.321075714350951280e+00,1.657634642737183972e+00,1.981961207591710350e+00
4.259999999999999787e+00,7.091057506542030042e-01,3.752190151974846088e+01,7.026957019275514860e-02,1.210443867014242836e-01,5.402338277111858877e-01,3.458830360992246056e-01,4.918804216704202870e-01,3.060416176211356309e-01,2.020779607084442486e-01,1.525963451369877877e+00,7.626061444490171759e+00,5.996852792287891143e-01,9.663713535330047399e-01,1.322126733695835554e+00,1.663296235894073050e+00,1.966963738974487175e+00
4.275000000000000355e+00,9.858583748525686641e-01,3.783480377763363123e+01,7.160384299626620930e-02,3.095752875454815256e-01,7.179903550238866394e-01,4.147043575764834955e-01,4.866315109215423873e-01,3.033316075514372878e-01,2.100368815270201306e-01,1.524581467673024937e+00,8.102371220532594620e+00,5.890132379617990521e-01,9.759798791353966330e-01,1.324080654515774835e+00,1.666475743947140487e+00,1.960399349805325819e+00
4.290000000000000036e+00,8.802000062831181193e-01,3.827349652151479376e+01,6.568096813283474944e-02,3.054382034889965847e-01,9.804463953859895997e-02,5.805777920635919465e-01,4.813965830906696275e-01,2.994599656347064487e-01,2.191434512746240626e-01,1.526359497470278992e+00,8.589710501220213956e+00,6.103219408071751673e-01,9.772087888871603401e-01,1.327249271535200226e+00,1.667304268556562219e+00,1.961332788664432503e+00
4.304999999999999716e+00,3.397999491957012230e-01,3.862309589387839992e+01,6.787268314325034524e-02,-1.724828409256820572e-01,-9.136962792729248772e-02,1.149285121485131705e-01,4.772806889224144311e-01,3.014103030776111303e-01,2.213090079999745219e-01,1.492753305014284049e+00,6.579757316184710270e+00,6.170975924498823817e-01,9.763320871549132640e-01,1.327046445841690403e+00,1.663552835147981357e+00,1.952470509456556869e+00
4.320000000000000284e+00,5.021495701522431521e-01,3.846940770496292572e+01,7.140434375473306283e-02,1.345480437190690326e-01,-1.115886525917591937e-01,1.433775520103520718e-01,4.815937558696625209e-01,3.008637885766975995e-01,2.175424555536403237e-01,1.487212855612139339e+00,5.303333388822252914e+00,6.135933314673266414e-01,9.702788430943900533e-01,1.326292809018646768e+00,1.659022539524844131e+00,1.963727317961699192e+00
4.334999999999999964e+00,6.900268859408388300e-01,3.842107117402917282e+01,6.836854485628714173e-02,9.264379029064351290e-02,-1.958549582378161236e-01,1.314024784279776425e-01,4.824490721001072346e-01,3.022203560160411362e-01,2.153305718838516292e-01,1.491795471195177747e+00,6.131477715446739474e+00,6.182859898518532349e-01,9.722134489798579526e-01,1.329451815265295878e+00,1.663669627968265230e+00,1.961992737079112370e+00
4.350000000000000533e+00,3.452683749886388820e-01,3.844825083130251642e+01,5.722772553620288777e-02,-4.556005505609514450e-02,4.089836564580355549e-02,1.255841254449455990e-01,4.780053241199206382e-01,3.078781744021513167e-01,2.141165014779282671e-01,1.500512220513084083e+00,7.194749272760834202e+00,6.185175011305549253e-01,9.715422715392096897e-01,1.331163816140266798e+00,1.665197364998045382e+00,1.951138043655844090e+00
4.365000000000000213e+00,3.188396023931313605e-01,3.855454991777222773e+01,5.242846270638332196e-02,-8.962055913514598016e-02,1.639215325545590254e-02,1.222760844273628328e-01,4.746547690872092717e-01,3.089297469369665095e-01,2.164154839758247462e-01,1.496721772489776114e+00,6.453558103971796633e+00,6.133370050298220244e-01,9.700468826515546983e-01,1.334005874738201092e+00,1.664757812151867578e+00,1.944273235327833804e+00
4.379999999999999893e+00,1.439800376387834202e-01,3.873232390470585784e+01,5.101237802153908013e-02,-1.181986090503111264e-01,-4.139665430912531190e-03,1.851018963881860824e-01,4.719910799949134650e-01,3.082987510266849696e-01,2.197101689784015377e-01,1.485975363411898842e+00,4.839217085509949889e+00,6.117510184300350984e-01,9.758863217127806688e-01,1.335812354270397906e+00,1.665612161486927256e+00,1.955333725116161103e+00
4.395000000000000462e+00,1.390786083616125213e+00,3.873371365445250802e+01,5.626584502697944135e-02,-1.138960728486811680e-01,-4.258415121217721394e-03,1.689953236389623858e-01,4.776695901318265269e-01,3.063650639173431944e-01,2.159653459508305284e-01,1.505854422815712690e+00,7.820398890965510219e+00,6.184059851231362703e-01,9.694933550793201071e-01,1.329589828208456392e+00,1.670075387512778953e+00,1.941502012980475866e+00
4.410000000000000142e+00,9.883603577683686137e-01,3.878984920915191026e+01,5.192316566196592681e-02,-1.487495624437263630e-01,-2.237623046851112268e-02,1.908529644653193247e-01,4.771836928266979250e-01,3.023256979946218892e-01,2.204906091786800471e-01,1.498923342666507841e+00,7.844311128960539392e+00,6.104159755892911710e-01,9.699657934836147799e-01,1.330010517686245342e+00,1.674050412757084327e+00,1.951341153082529756e+00
4.424999999999999822e+00,2.851733179783191852e-01,3.875698509579914486e+01,5.279040052532121136e-02,-1.441466193890516556e-01,-4.834416194458589916e-02,1.744698258222492360e-01,4.826591689606770652e-01,2.931449411653941906e-01,2.241958898739287998e-01,1.485042969675364644e+00,5.615551180856443558e+00,6.206761291406585057e-01,9.676276581811341648e-01,1.328566595609603773e+00,1.675539885269840212e+00,1.950689008844922467e+00
4.440000000000000391e+00,1.678719672787371553e-01,3.875236587792285547e+01,5.521640866308074463e-02,-8.904248705418943421e-02,-5.713229350518551214e-02,1.990634956757580398e-01,4.797135502803747120e-01,2.964245220737139475e-01,2.238619276459112573e-01,1.488521309210081744e+00,6.097220247578825081e+00,6.253362568446944048e-01,9.745713185068681783e-01,1.330808138249329087e+00,1.671607573871284336e+00,1.958695595333951767e+00
4.455000000000000071e+00,2.035303420557471321e-01,3.886473585801826403e+01,5.725906817639951629e-02,-9.391586777189388224e-02,-5.458149201345591922e-02,2.198215650671655752e-01,4.762765392828541278e-01,2.970610904087049864e-01,2.266623703084408858e-01,1.482253369666210130e+00,5.623752439493753918e+00,6.242938552422645504e-01,9.742752787069595133e-01,1.333560393475691885e+00,1.674857650396681885e+00,1.953538465884059994e+00
4.469999999999999751e+00,2.223692346341676895e-01,3.890444137972915684e+01,5.828729278132639691e-02,-1.068141738262904789e-01,-3.712954028010769653e-02,2.176137208829487524e-01,4.748280078954127958e-01,2.978859382197058259e-01,2.272860538848815448e-01,1.478093753219159590e+00,5.433831432364844893e+00,6.247622406070293399e-01,9.749431182537583451e-01,1.328017450838208990e+00,1.675104480442392907e+00,1.952887715475952968e+00
4.485000000000000320e+00,2.502033588728557190e-01,3.897666290607331518e+01,5.864584649177060488e-02,-1.218483715456345484e-01,-2.460177818460063462e-02,2.193545437598393433e-01,4.733474306418878341e-01,2.980879814499624580e-01,2.285645879081496523e-01,1.477821970418883080e+00,5.458308139927603442e+00,6.214438045827380686e-01,9.758323238158875812e-01,1.326253095288130179e+00,1.676802916893171735e+00,1.955244027492210268e+00
4.500000000000000000e+00,2.776481649802449714e-01,3.907296220947583976e+01,5.901260146889654445e-02,-1.372807929665299520e-01,-1.943122232032318264e-02,2.195215908811772032e-01,4.716705454902838657e-01,2.984143449793246194e-01,2.299151095303917924e-01,1.477131520122565433e+00,5.523999054967774214e+00,6.221693606410891864e-01,9.725353552445399341e-01,1.327131489627637828e+00,1.681990912214678335e+00,1.955288148639622525e+00
4.514999999999999680e+00,3.171614009488225028e-01,3.918873889280605027e+01,5.938373553762296003e-02,-1.481413034728076006e-01,-2.839019071377876617e-03,2.186818911368141882e-01,4.695843657506132418e-01,2.990066566286401217e-01,2.314089776207465809e-01,1.475730749001227693e+00,5.551023870766692347e+00,6.261665071235102964e-01,9.731898344630067754e-01,1.325790261732362474e+00,1.682127105814440693e+00,1.952136655632158879e+00
4.530000000000000249e+00,3.748883575837977933e-01,3.932347646732228696e+01,5.928588010684961163e-02,-1.503550798150491141e-01,3.741026760739549900e-02,2.173502418562309746e-01,4.669449763592471436e-01,2.999954471613708318e-01,2.330595764793825242e-01,1.474142898252188694e+00,5.618392403117025147e+00,6.230252465729712030e-01,9.722048454396676753e-01,1.324705473435058067e+00,1.680462377960326048e+00,1.957530234356099630e+00
4.544999999999999929e+00,4.789894159908884008e-01,3.949137609487320333e+01,5.841024711342282516e-02,-1.297898584867091532e-01,1.406938605469423009e-01,2.091825293257765506e-01,4.635287691950527034e-01,3.016729830732990392e-01,2.347982477316479799e-01,1.473076069701989343e+00,5.842866088471641461e+00,6.281518736173411499e-01,9.769536740231228311e-01,1.325403121695195807e+00,1.684183326971956163e+00,1.962223020618271807e+00
4.560000000000000497e+00,5.588678729224533237e-01,3.972897584348531552e+01,5.823088715848063340e-02,-1.044147735495820628e-01,3.562948199803338267e-02,1.836908356643432161e-01,4.588319477917197631e-01,3.046744439424563522e-01,2.364936082658237182e-01,1.472726346250835538e+00,6.276152040638272922e+00,6.174057235315073555e-01,9.758471101338237474e-01,1.326706083470394315e+00,1.682359118425277522e+00,1.962677735454342542e+00
4.575000000000000178e+00,4.865424110511415989e-01,3.996088895202204583e+01,5.928912819725819239e-02,-1.148630592957759627e-01,2.039311264959201356e-02,1.616384817604597512e-01,4.542972841439346654e-01,3.074436617898689272e-01,2.382590540661963519e-01,1.470022703617214654e+00,6.595440976715577719e+00,6.139120618747124780e-01,9.753842597185783392e-01,1.321464806327103947e+00,1.684545227506445864e+00,1.969042371534088121e+00
4.589999999999999858e+00,4.460774587832614380e-01,4.011404661210347911e+01,6.143035704117970341e-02,-1.457437096174539481e-01,2.350281742720775405e-02,1.288785613240981953e-01,4.514039266429715758e-01,3.083535050245512221e-01,2.402425683324773131e-01,1.469086499798111234e+00,6.928190534843780668e+00,6.153313745555202274e-01,9.722692987550838328e-01,1.324601148720688348e+00,1.680446457517373426e+00,1.975957164921734455e+00
4.605000000000000426e+00,2.571556622281687132e-01,4.015885566109125193e+01,1.157679024650950794e-01,-2.056192582987743656e-01,-3.401675567296413849e-02,1.193970806617413311e-01,4.502859046919136521e-01,3.083893255802377942e-01,2.413247697278487480e-01,1.453574252738013328e+00,5.059847786763734589e+00,6.280242997540909089e-01,9.752432210506969401e-01,1.319239285923982097e+00,1.681406802875534456e+00,1.973720930920564554e+00
4.620000000000000107e+00,3.714685018113767501e-01,3.974438819725283167e+01,4.777750491179042630e-02,-1.655729934353969146e-01,5.994570908252688096e-02,1.250093978513923121e-01,4.431660865255316328e-01,3.099005990122776777e-01,2.469333144621908560e-01,1.467510511563708153e+00,7.239517044461810436e+00,6.248725338102375515e-01,9.702538448816593331e-01,1.328605925960232526e+00,1.675983910341283911e+00,1.970141432976796558e+00
4.634999999999999787e+00,7.667955415656702023e-01,3.947326494817931319e+01,4.172322293464948706e-02,-1.322296244509093555e-01,3.537160682643464282e-01,1.083888981554095438e-01,4.400887144708651721e-01,3.111435659298247280e-01,2.487677195993100998e-01,1.472917424634067274e+00,8.368940489235667357e+00,6.189334298169910653e-01,9.709363355274356344e-01,1.326072921320465170e+00,1.682999303181601292e+00,1.964464637397932201e+00
4.650000000000000355e+00,5.805283892183494832e-01,3.944801584292687124e+01,4.478718113585423988e-02,-1.351742106617442318e-01,6.101227253463211569e-02,1.045338040561852866e-01,4.416576156420130017e-01,3.101722018181890528e-01,2.481701825397977512e-01,1.472040454150548960e+00,8.100695985626950701e+00,6.256076892477437923e-01,9.715054442202627483e-01,1.333296963773705546e+00,1.691819714008061526e+00,1.975821203638542745e+00
4.665000000000000036e+00,3.691650746653225013e-01,3.949647098129941014e+01,3.631636036048185856e-02,-1.659447476902800034e-01,1.122875440922433410e-01,1.292947498773377168e-01,4.340711673262824255e-01,3.151629204655637118e-01,2.507659122081536407e-01,1.444702830375442115e+00,4.957039162736987414e+00,6.167063318037968589e-01,9.668006289109755125e-01,1.328029965270066448e+00,1.688514969635092067e+00,1.970780657444818340e+00
4.679999999999999716e+00,6.270397034188450736e-01,3.958880004397601482e+01,4.064554078770635237e-02,-1.006581745355632218e-01,9.329612235428262623e-02,1.148747239924296365e-01,4.272148873155324211e-01,3.199332275205680753e-01,2.528518851638991705e-01,1.449155720426992033e+00,6.140057393694413612e+00,6.206941261173568591e-01,9.646497153134447888e-01,1.326222984052549014e+00,1.687180873686993765e+00,1.976388673632866633e+00
4.695000000000000284e+00,6.194756632175707489e-01,3.970644183411152284e+01,5.658138792101922304e-02,-5.057304392595159820e-02,7.746200457519961113e-02,1.111504060371752423e-01,4.166188229225195605e-01,3.279867287671189291e-01,2.553944483103618990e-01,1.449409176726350390e+00,6.542979423730304056e+00,6.259063980623029710e-01,9.695283611162482940e-01,1.320839903791187986e+00,1.680313482861118590e+00,1.981002530266574579e+00
4.709999999999999964e+00,3.561835772204986483e-01,3.975099355257025024e+01,6.956762637966117102e-02,-1.469544874127557965e-01,7.582975202522591884e-02,1.091578860721012373e-01,4.065939655770490768e-01,3.355789987593162382e-01,2.578270356636344629e-01,1.429759393754715280e+00,4.493625557704103990e+00,6.361190473659158462e-01,9.713800204440919961e-01,1.323410546249323083e+00,1.683249429824548171e+00,1.988545488126638450e+00
4.725000000000000533e+00,3.058941739946604566e-01,3.957881046914916823e+01,1.157873590758821541e-01,-1.691233711805607276e-01,1.284074244148256105e-01,1.096960913000887550e-01,4.084492117481353657e-01,3.336360700759504749e-01,2.579147181759139373e-01,1.428559594782679243e+00,4.591683857444307293e+00,6.249047217628400652e-01,9.714999457098081326e-01,1.326243918198100502e+00,1.688341659266721084e+00,1.993655545374973137e+00
4.740000000000000213e+00,6.155665864097643603e-01,3.971164984422073019e+01,9.458955747358815946e-02,-5.673003931212929063e-02,1.150249654591987414e-01,1.053534384501264715e-01,4.059637030599501095e-01,3.284947492255890777e-01,2.655415477144609238e-01,1.424932197469060524e+00,4.193586063082825888e+00,6.277900805067061496e-01,9.710539705485767836e-01,1.327813961627007711e+00,1.691938030275635274e+00,1.990061302711792157e+00
4.754999999999999893e+00,5.632702967528364635e-01,3.956559964960533193e+01,6.923755937239427227e-02,2.165666170068695703e-02,5.690485105055145126e-02,9.588468592684393221e-02,3.995747476468795023e-01,3.339216399763443865e-01,2.665036123767761667e-01,1.433984578708131119e+00,4.976929744978874304e+00,6.237623511474391647e-01,9.619586493020623186e-01,1.323484769858080945e+00,1.683530574487652753e+00,1.997838939972609085e+00
4.770000000000000462e+00,5.785724607753626181e-01,3.967963896404561552e+01,1.318209383986636563e-01,2.432446911361522968e-02,8.341639853272779515e-02,1.035893603189783768e-01,3.989327030093303139e-01,3.366790180453527181e-01,2.643882789453170234e-01,1.435942358754735748e+00,5.204760169133879621e+00,6.217248870143827766e-01,9.620565347749538976e-01,1.325253699094364634e+00,1.690482409113400974e+00,1.997175808090811744e+00
4.785000000000000142e+00,8.484101986023121489e-01,4.000833995613425031e+01,8.602475048884576647e-02,1.846352346254273927e-02,4.596677936619666949e-01,7.995499232773049803e-02,3.955911887241096436e-01,3.355166955366429282e-01,2.688921157392472616e-01,1.426829026873506656e+00,4.114928178802188974e+00,6.264448548153538354e-01,9.701304310968479339e-01,1.329088421892724803e+00,1.685147285316916488e+00,1.998358463679774211e+00
4.799999999999999822e+00,6.226302413530301338e-01,4.003364379927106143e+01,5.455386144744772681e-02,-4.493475764272164032e-03,1.980204586349627038e-01,9.622361892298376962e-02,3.869946722041657794e-01,3.393730158219637194e-01,2.736323119738708898e-01,1.427623723843252534e+00,3.960465583461092454e+00,6.261038671114509402e-01,9.769843239757106668e-01,1.329924738594529643e+00,1.692261657893106008e+00,2.001307592508676070e+00
4.815000000000000391e+00,4.105028316173829350e-01,3.993273589770780063e+01,1.706131243737604589e-03,-1.462387400981621406e-02,1.013807291765466689e-01,1.126692349466074106e-01,3.846672908981570993e-01,3.381564621064763188e-01,2.771762469953668040e-01,1.436189921222839505e+00,4.486004936039458713e+00,6.248344202714876117e-01,9.692391422838609882e-01,1.323629162080777633e+00,1.689669868063182978e+00,1.999421869098743310e+00
4.830000000000000071e+00,3.355814725875122528e-01,3.997472732787128535e+01,-5.604926103812392368e-02,-1.860121442670321923e-02,-1.827481751241754465e-02,1.168352750477614221e-01,3.844374019996055214e-01,3.362672929438732528e-01,2.792953050565217255e-01,1.441009565913776269e+00,4.671123609696157253e+00,6.290602876713657921e-01,9.635195601933449483e-01,1.326846130059709417e+00,1.694684973043494303e+00,1.998950758974748165e+00
4.844999999999999751e+00,2.922410570104874705e-01,4.000882332288232845e+01,-5.718933961423614681e-02,-3.174742669194643985e-02,-1.541540435553816896e-02,1.050047927764384409e-01,3.851721288479985073e-01,3.348644024397116059e-01,2.799634687122898868e-01,1.444203494507409591e+00,4.768631401985917506e+00,6.287051803642932368e-01,9.647731376601285103e-01,1.330062994857628800e+00,1.691864283234430166e+00,1.998233138921491792e+00
4.860000000000000320e+00,2.843703913362837232e-01,4.001920278262794284e+01,-3.974757899275962320e-02,-2.009708701820268548e-02,4.170744111735420062e-03,1.019168941695279412e-01,3.861652342873320709e-01,3.333373017907622637e-01,2.804974639219052768e-01,1.446898515868113577e+00,4.778918179604130678e+00,6.317090652460577438e-01,9.679149977005576666e-01,1.331354749604826138e+00,1.693997206717196669e+00,2.006084078512552882e+00
4.875000000000000000e+00,2.975087139930020497e-01,4.001256353541428723e+01,-1.736397001302395285e-02,4.273615095264236829e-02,2.418808102879085181e-02,1.008416787613937993e-01,3.870060828769952277e-01,3.317039334701867848e-01,2.812899836528178210e-01,1.449313368733319951e+00,4.727659780938006762e+00,6.331423744839944634e-01,9.692601266453994002e-01,1.331671061994705418e+00,1.694843809546399793e+00,2.003847446841627189e+00
4.889999999999999680e+00,3.409201903288669455e-01,4.000163979458255881e+01,-3.957340465621460822e-03,1.301369258750881830e-01,4.031513862016672389e-02,1.000166369267752181e-01,3.875937651375092052e-01,3.299921506191589859e-01,2.824140842433316978e-01,1.450476151079265419e+00,4.598339861768415915e+00,6.303064313288812004e-01,9.667837593833474852e-01,1.332610372154774403e+00,1.697163751220742478e+00,2.003777228574643576e+00
4.905000000000000249e+00,4.683101511014746698e-01,3.999156180744702738e+01,-5.185956202697582056e-03,2.351027527638871739e-01,1.153762701036504558e-02,1.022610598062741599e-01,3.881501131446600805e-01,3.280497575520454068e-01,2.838001293032949568e-01,1.448787305950445470e+00,4.331633220484451208e+00,6.298501063174065662e-01,9.643363823376287502e-01,1.330549818352184221e+00,1.700048641732311072e+00,2.001307243792796786e+00
4.919999999999999929e+00,5.581428607713325718e-01,3.995164762342896125e+01,-4.413236352323585132e-02,1.801788976572563650e-01,-9.841748938380927292e-02,1.303331280823211147e-01,3.891352919327231152e-01,3.262658428148625944e-01,2.845988652524145124e-01,1.444874682024610557e+00,3.835009898987775223e+00,6.322834994608318437e-01,9.614925228738917529e-01,1.328018011005361654e+00,1.704631612755206138e+00,2.005298955179431797e+00
4.935000000000000497e+00,7.879082087310955718e-01,3.988900325554300963e+01,-2.481956093563150723e-02,-1.783351588036289487e-02,3.599451746596766394e-02,1.019820635729644931e-01,3.837782517657012393e-01,3.299937922707243398e-01,2.862279559635743098e-01,1.454790394032801082e+00,5.108665388150448017e+00,6.282368964030973224e-01,9.652920290518037794e-01,1.330550113883793628e+00,1.701289209533829894e+00,2.004644768826719492e+00
4.950000000000000178e+00,9.046576326710310534e-01,3.976523446421398233e+01,9.344193577674471396e-02,-1.051141198667079057e-01,2.108978480881908979e-01,6.296811525932526077e-02,3.783822151449476867e-01,3.349841880603071642e-01,2.866335967947449270e-01,1.475096832520770729e+00,6.944038777797013395e+00,6.316294941076707747e-01,9.647878574963848486e-01,1.323331372854978927e+00,1.701624496695025357e+00,2.009561154387555781e+00
4.964999999999999858e+00,6.611472657670184327e-01,3.973337349511416505e+01,6.727044860251667202e-02,-6.054946133124868013e-02,2.268095768375670840e-01,3.347593811777380829e-02,3.793411458515992818e-01,3.350890731805919454e-01,2.855697809678086618e-01,1.483014481790913441e+00,7.702017785457718979e+00,6.296653164403176461e-01,9.710436194396172560e-01,1.319516360991873416e+00,1.699931205976338511e+00,2.014523270108199426e+00
4.980000000000000426e+00,3.587838793990619779e-01,3.984802592943632504e+01,7.955401989328333978e-02,4.406590306306977338e-03,1.087097022898972087e-01,1.271377947161070679e-02,3.824103184525935450e-01,3.331968761025955739e-01,2.843928054448106590e-01,1.477035574269502050e+00,6.036882708095308914e+00,6.269703582157680755e-01,9.643309838526231692e-01,1.327208770879452882e+00,1.696921578170087708e+00,2.005790577161864707e+00
4.995000000000000107e+00,5.446011003637016845e-01,4.003418343656009171e+01,9.938706701153091072e-02,2.913482135431899947e-02,1.646402375440181864e-01,1.144487585871475270e-03,3.830718872612558501e-01,3.318235680084162809e-01,2.851045447303277025e-01,1.482917663762868266e+00,7.407318264095417604e+00,6.237768877405243106e-01,9.664494463921047274e-01,1.330692697288677007e+00,1.702696593447247775e+00,2.011745575542854603e+00
